fit_scenario,minute,error_c,error_rate_c_per_min,nearest_error_rule,nearest_delta_rule,label_kp,label_ki
1.0,0.0,-1.952512892160101,0.0,0.0,2.0,0.306480200799441,0.003144117892617831
1.0,5.0,-1.5686157265109557,0.07677943312982904,1.0,3.0,0.306480200799441,0.003144117892617831
1.0,10.0,-1.012506920593168,0.11122176118355753,1.0,3.0,0.306480200799441,0.003144117892617831
1.0,15.0,-0.4418606336164892,0.11412925739533578,1.0,3.0,0.306480200799441,0.003144117892617831
1.0,20.0,0.1484994482543911,0.11807201637417605,2.0,3.0,0.306480200799441,0.003144117892617831
1.0,25.0,0.6509516814622849,0.10049044664157876,2.0,3.0,0.306480200799441,0.003144117892617831
1.0,30.0,1.131376307887347,0.09608492528501245,3.0,3.0,0.306480200799441,0.003144117892617831
1.0,35.0,1.5913252991387168,0.09198979825027394,3.0,3.0,0.306480200799441,0.003144117892617831
1.0,40.0,1.9831660616898574,0.07836815251022813,3.0,3.0,0.306480200799441,0.003144117892617831
1.0,45.0,2.1906889637229696,0.041504580406622436,3.0,3.0,0.306480200799441,0.003144117892617831
1.0,50.0,2.1994929335235582,0.0017607939601177237,3.0,2.0,0.306480200799441,0.003144117892617831
1.0,55.0,2.0715408490173672,-0.0255904169012382,3.0,1.0,0.306480200799441,0.003144117892617831
1.0,60.0,1.7921136578560102,-0.05588543823227141,3.0,1.0,0.306480200799441,0.003144117892617831
1.0,65.0,1.4341052137596542,-0.0716016888192712,3.0,1.0,0.306480200799441,0.003144117892617831
1.0,70.0,0.9919831468809193,-0.08842441337574698,3.0,1.0,0.306480200799441,0.003144117892617831
1.0,75.0,0.5648764974875178,-0.0854213298786803,2.0,1.0,0.306480200799441,0.003144117892617831
1.0,80.0,0.27506458775254927,-0.0579623819469937,2.0,1.0,0.306480200799441,0.003144117892617831
1.0,85.0,-0.013661745593562813,-0.05774526666922242,2.0,1.0,0.306480200799441,0.003144117892617831
1.0,90.0,-0.08493130099319046,-0.014253911079925529,2.0,2.0,0.306480200799441,0.003144117892617831
1.0,95.0,-0.13121065926812037,-0.009255871654985981,2.0,2.0,0.306480200799441,0.003144117892617831
1.0,100.0,-0.03494738698430311,0.01925265445676345,2.0,2.0,0.306480200799441,0.003144117892617831
1.0,105.0,0.1654241640500409,0.0400743102068688,2.0,3.0,0.306480200799441,0.003144117892617831
1.0,110.0,0.3545951162929768,0.03783419044858718,2.0,3.0,0.306480200799441,0.003144117892617831
1.0,115.0,0.5243354110889662,0.03394805895919788,2.0,3.0,0.306480200799441,0.003144117892617831
1.0,120.0,0.6614916071339287,0.027431239208992507,2.0,3.0,0.306480200799441,0.003144117892617831
1.0,125.0,0.8408492391255997,0.0358715263983342,3.0,3.0,0.306480200799441,0.003144117892617831
1.0,130.0,0.961239317619718,0.024078015698823663,3.0,2.0,0.306480200799441,0.003144117892617831
1.0,135.0,0.9004400087387978,-0.012159861776184045,3.0,2.0,0.306480200799441,0.003144117892617831
1.0,140.0,0.8588710565784652,-0.008313790432066526,3.0,2.0,0.306480200799441,0.003144117892617831
1.0,145.0,0.7438687322742652,-0.023000464860839998,2.0,2.0,0.306480200799441,0.003144117892617831
1.0,150.0,0.5885746302353461,-0.03105882040778383,2.0,1.0,0.306480200799441,0.003144117892617831
1.0,155.0,0.40417387294003504,-0.036880151459062205,2.0,1.0,0.306480200799441,0.003144117892617831
1.0,160.0,0.2668467735882061,-0.02746541987036579,2.0,1.0,0.306480200799441,0.003144117892617831
1.0,165.0,0.11587949287399724,-0.030193456142841767,2.0,1.0,0.306480200799441,0.003144117892617831
1.0,170.0,0.029783523768003306,-0.017219193821198787,2.0,2.0,0.306480200799441,0.003144117892617831
1.0,175.0,0.02274059594086353,-0.0014085855654279555,2.0,2.0,0.306480200799441,0.003144117892617831
1.0,180.0,-0.010156849581736793,-0.0065794891045200645,2.0,2.0,0.306480200799441,0.003144117892617831
1.0,185.0,-0.010222907875871101,-1.3211658826861594e-05,2.0,2.0,0.306480200799441,0.003144117892617831
1.0,190.0,0.11106179730914789,0.0242569410370038,2.0,2.0,0.306480200799441,0.003144117892617831
1.0,195.0,0.15926466477142043,0.009640573492454507,2.0,2.0,0.306480200799441,0.003144117892617831
1.0,200.0,0.2863509654429315,0.025417260134302212,2.0,3.0,0.306480200799441,0.003144117892617831
1.0,205.0,0.3600509597498096,0.014739998861375624,2.0,2.0,0.306480200799441,0.003144117892617831
1.0,210.0,0.40815855051782535,0.009621518153603148,2.0,2.0,0.306480200799441,0.003144117892617831
1.0,215.0,0.4362507786148875,0.005618445619412426,2.0,2.0,0.306480200799441,0.003144117892617831
1.0,220.0,0.38937845432604234,-0.009374464857769027,2.0,2.0,0.306480200799441,0.003144117892617831
1.0,225.0,0.38557932368522074,-0.0007598261281643204,2.0,2.0,0.306480200799441,0.003144117892617831
1.0,230.0,0.3306107995148828,-0.010993704834067586,2.0,2.0,0.306480200799441,0.003144117892617831
1.0,235.0,0.2179811052693168,-0.022525938849113202,2.0,2.0,0.306480200799441,0.003144117892617831
1.0,240.0,0.18423095967036218,-0.006750029119790923,2.0,2.0,0.306480200799441,0.003144117892617831
1.0,245.0,0.05085882205983694,-0.026674427522105047,2.0,1.0,0.306480200799441,0.003144117892617831
1.0,250.0,0.04887049259630061,-0.00039766589270726624,2.0,2.0,0.306480200799441,0.003144117892617831
1.0,255.0,0.015145426424719943,-0.006745013234316133,2.0,2.0,0.306480200799441,0.003144117892617831
1.0,260.0,-0.031656277880887984,-0.009360340861121585,2.0,2.0,0.306480200799441,0.003144117892617831
1.0,265.0,-0.008786556966477121,0.004573944182882173,2.0,2.0,0.306480200799441,0.003144117892617831
1.0,270.0,0.019573023129506595,0.005671916019196743,2.0,2.0,0.306480200799441,0.003144117892617831
1.0,275.0,0.038186464562706135,0.003722688286639908,2.0,2.0,0.306480200799441,0.003144117892617831
1.0,280.0,0.07452093569242635,0.007266894225944042,2.0,2.0,0.306480200799441,0.003144117892617831
1.0,285.0,0.12613536472073505,0.01032288580566174,2.0,2.0,0.306480200799441,0.003144117892617831
1.0,290.0,0.13687781091516626,0.002148489238886242,2.0,2.0,0.306480200799441,0.003144117892617831
1.0,295.0,0.16232648704159303,0.005089735225285353,2.0,2.0,0.306480200799441,0.003144117892617831
1.0,300.0,0.14746561679133663,-0.0029721740500512793,2.0,2.0,0.306480200799441,0.003144117892617831
2.0,0.0,0.8284573074533697,0.0,3.0,2.0,0.458551190657499,1.1612022034638792e-05
2.0,5.0,1.126900133563666,0.05968856522205925,3.0,3.0,0.458551190657499,1.1612022034638792e-05
2.0,10.0,1.5002280527477225,0.07466558383681132,3.0,3.0,0.458551190657499,1.1612022034638792e-05
2.0,15.0,1.6422918004664098,0.02841274954373745,3.0,3.0,0.458551190657499,1.1612022034638792e-05
2.0,20.0,1.3382053950657422,-0.06081728108013351,3.0,1.0,0.458551190657499,1.1612022034638792e-05
2.0,25.0,0.7396705355756872,-0.11970697189801101,2.0,1.0,0.458551190657499,1.1612022034638792e-05
2.0,30.0,-0.10137919275182483,-0.1682099456655024,2.0,1.0,0.458551190657499,1.1612022034638792e-05
2.0,35.0,-0.8213780577210166,-0.14399977299383834,1.0,1.0,0.458551190657499,1.1612022034638792e-05
2.0,40.0,-1.2646952052041307,-0.08866342949662283,1.0,1.0,0.458551190657499,1.1612022034638792e-05
2.0,45.0,-1.160117521260915,0.020915536788643153,1.0,2.0,0.458551190657499,1.1612022034638792e-05
2.0,50.0,-0.8336830856545525,0.06528688712127248,1.0,3.0,0.458551190657499,1.1612022034638792e-05
2.0,55.0,-0.4400158832951462,0.07873344047188127,1.0,3.0,0.458551190657499,1.1612022034638792e-05
2.0,60.0,0.002633621541665576,0.08852990096736235,2.0,3.0,0.458551190657499,1.1612022034638792e-05
2.0,65.0,0.47751255418859984,0.09497578652938685,2.0,3.0,0.458551190657499,1.1612022034638792e-05
2.0,70.0,0.8989685655265127,0.08429120226758258,3.0,3.0,0.458551190657499,1.1612022034638792e-05
2.0,75.0,1.2752349371594285,0.07525327432658316,3.0,3.0,0.458551190657499,1.1612022034638792e-05
2.0,80.0,1.4067637584689834,0.02630576426191098,3.0,3.0,0.458551190657499,1.1612022034638792e-05
2.0,85.0,1.2716206445274736,-0.02702862278830196,3.0,1.0,0.458551190657499,1.1612022034638792e-05
2.0,90.0,0.799234591712171,-0.0944772105630605,3.0,1.0,0.458551190657499,1.1612022034638792e-05
2.0,95.0,0.11849591231270296,-0.13614773587989362,2.0,1.0,0.458551190657499,1.1612022034638792e-05
2.0,100.0,-0.5685250550352272,-0.13740419346958604,1.0,1.0,0.458551190657499,1.1612022034638792e-05
2.0,105.0,-0.8860997465495934,-0.06351493830287325,1.0,1.0,0.458551190657499,1.1612022034638792e-05
2.0,110.0,-0.8458183349362649,0.008056282322665708,1.0,2.0,0.458551190657499,1.1612022034638792e-05
2.0,115.0,-0.5584962914533342,0.05746440869658613,1.0,3.0,0.458551190657499,1.1612022034638792e-05
2.0,120.0,-0.13454357840682363,0.08479054260930212,2.0,3.0,0.458551190657499,1.1612022034638792e-05
2.0,125.0,0.29841915376350414,0.08659254643406555,2.0,3.0,0.458551190657499,1.1612022034638792e-05
2.0,130.0,0.7715461342166385,0.09462539609062688,3.0,3.0,0.458551190657499,1.1612022034638792e-05
2.0,135.0,1.1820975220565408,0.08211027756798046,3.0,3.0,0.458551190657499,1.1612022034638792e-05
2.0,140.0,1.4083593265986103,0.04525236090841389,3.0,3.0,0.458551190657499,1.1612022034638792e-05
2.0,145.0,1.3211324832215574,-0.017445368675410577,3.0,2.0,0.458551190657499,1.1612022034638792e-05
2.0,150.0,0.9664169038179047,-0.07094311588073055,3.0,1.0,0.458551190657499,1.1612022034638792e-05
2.0,155.0,0.3283293317078382,-0.1276175144220133,2.0,1.0,0.458551190657499,1.1612022034638792e-05
2.0,160.0,-0.2819192015052714,-0.12204970664262191,2.0,1.0,0.458551190657499,1.1612022034638792e-05
2.0,165.0,-0.7674909834430146,-0.09711435638754864,1.0,1.0,0.458551190657499,1.1612022034638792e-05
2.0,170.0,-0.8613688224895917,-0.01877556780931542,1.0,2.0,0.458551190657499,1.1612022034638792e-05
2.0,175.0,-0.6231447012843958,0.04764482424103918,1.0,3.0,0.458551190657499,1.1612022034638792e-05
2.0,180.0,-0.25722892173022416,0.07318315591083432,2.0,3.0,0.458551190657499,1.1612022034638792e-05
2.0,185.0,0.17784691016954923,0.08701516637995468,2.0,3.0,0.458551190657499,1.1612022034638792e-05
2.0,190.0,0.5905272241534156,0.08253606279677328,2.0,3.0,0.458551190657499,1.1612022034638792e-05
2.0,195.0,1.0309874722808843,0.08809204962549373,3.0,3.0,0.458551190657499,1.1612022034638792e-05
2.0,200.0,1.3299650036700683,0.05979550627783681,3.0,3.0,0.458551190657499,1.1612022034638792e-05
2.0,205.0,1.3702940349734227,0.008065806260670882,3.0,2.0,0.458551190657499,1.1612022034638792e-05
2.0,210.0,1.1169903676345037,-0.05066073346778381,3.0,1.0,0.458551190657499,1.1612022034638792e-05
2.0,215.0,0.8989390193210767,-0.0436102696626854,3.0,1.0,0.458551190657499,1.1612022034638792e-05
2.0,220.0,0.7765132108364838,-0.024485161696918566,3.0,2.0,0.458551190657499,1.1612022034638792e-05
2.0,225.0,0.7186811785592297,-0.011566406455450817,2.0,2.0,0.458551190657499,1.1612022034638792e-05
2.0,230.0,0.8190936682830205,0.02008249794475816,3.0,2.0,0.458551190657499,1.1612022034638792e-05
2.0,235.0,1.037510361295137,0.04368333860242331,3.0,3.0,0.458551190657499,1.1612022034638792e-05
2.0,240.0,1.2826765108216591,0.04903322990530441,3.0,3.0,0.458551190657499,1.1612022034638792e-05
2.0,245.0,1.1290285933959652,-0.030729583485138788,3.0,1.0,0.458551190657499,1.1612022034638792e-05
2.0,250.0,0.7742659958011053,-0.07095251951897197,3.0,1.0,0.458551190657499,1.1612022034638792e-05
2.0,255.0,0.22842864627093462,-0.10916746990603414,2.0,1.0,0.458551190657499,1.1612022034638792e-05
2.0,260.0,-0.29489665252932085,-0.1046650597600511,2.0,1.0,0.458551190657499,1.1612022034638792e-05
2.0,265.0,-0.6563481141746941,-0.07229029232907465,1.0,1.0,0.458551190657499,1.1612022034638792e-05
2.0,270.0,-0.573041201597178,0.01666138251550322,1.0,2.0,0.458551190657499,1.1612022034638792e-05
2.0,275.0,-0.32137441046574367,0.05033335822628686,2.0,3.0,0.458551190657499,1.1612022034638792e-05
2.0,280.0,0.08520917025997221,0.08131671614514317,2.0,3.0,0.458551190657499,1.1612022034638792e-05
2.0,285.0,0.5054096317739081,0.08404009230278717,2.0,3.0,0.458551190657499,1.1612022034638792e-05
2.0,290.0,0.9093235847038521,0.0807827905859888,3.0,3.0,0.458551190657499,1.1612022034638792e-05
2.0,295.0,1.2877080227247113,0.07567688760417184,3.0,3.0,0.458551190657499,1.1612022034638792e-05
2.0,300.0,1.40538955109243,0.02353630567354372,3.0,2.0,0.458551190657499,1.1612022034638792e-05
3.0,0.0,-1.494129725759759,0.0,1.0,2.0,0.1978982209034326,0.0018695250991908091
3.0,5.0,-1.2202854805990242,0.05476884903214696,1.0,3.0,0.1978982209034326,0.0018695250991908091
3.0,10.0,-0.8252806281817904,0.07900097048344676,1.0,3.0,0.1978982209034326,0.0018695250991908091
3.0,15.0,-0.42672439419396824,0.07971124679756443,1.0,3.0,0.1978982209034326,0.0018695250991908091
3.0,20.0,-0.05183840725106492,0.07497719738858066,2.0,3.0,0.1978982209034326,0.0018695250991908091
3.0,25.0,0.273823584006184,0.06513239825144979,2.0,3.0,0.1978982209034326,0.0018695250991908091
3.0,30.0,0.6300711007233559,0.07124950334343438,2.0,3.0,0.1978982209034326,0.0018695250991908091
3.0,35.0,0.9624016799117285,0.06646611583767452,3.0,3.0,0.1978982209034326,0.0018695250991908091
3.0,40.0,1.2707398322219383,0.061667630462041954,3.0,3.0,0.1978982209034326,0.0018695250991908091
3.0,45.0,1.499590592903104,0.04577015213623312,3.0,3.0,0.1978982209034326,0.0018695250991908091
3.0,50.0,1.5785641301800446,0.015794707455388135,3.0,2.0,0.1978982209034326,0.0018695250991908091
3.0,55.0,1.6119642506172127,0.0066800240874336225,3.0,2.0,0.1978982209034326,0.0018695250991908091
3.0,60.0,1.500388228089193,-0.02231520450560396,3.0,2.0,0.1978982209034326,0.0018695250991908091
3.0,65.0,1.3240682605976417,-0.03526399349831024,3.0,1.0,0.1978982209034326,0.0018695250991908091
3.0,70.0,1.0967722566178253,-0.04545920079596329,3.0,1.0,0.1978982209034326,0.0018695250991908091
3.0,75.0,0.8813061026848423,-0.04309323078659659,3.0,1.0,0.1978982209034326,0.0018695250991908091
3.0,80.0,0.687371538799745,-0.03878691277701947,2.0,1.0,0.1978982209034326,0.0018695250991908091
3.0,85.0,0.5012710064208328,-0.037220106475782444,2.0,1.0,0.1978982209034326,0.0018695250991908091
3.0,90.0,0.3675972957799516,-0.026734742128176236,2.0,1.0,0.1978982209034326,0.0018695250991908091
3.0,95.0,0.26878151081060153,-0.01976315699387001,2.0,2.0,0.1978982209034326,0.0018695250991908091
3.0,100.0,0.20286594953758197,-0.013183112254603913,2.0,2.0,0.1978982209034326,0.0018695250991908091
3.0,105.0,0.19799617390125945,-0.0009739551272645031,2.0,2.0,0.1978982209034326,0.0018695250991908091
3.0,110.0,0.15292733538762704,-0.009013767702726484,2.0,2.0,0.1978982209034326,0.0018695250991908091
3.0,115.0,0.1372931861610205,-0.0031268298453213106,2.0,2.0,0.1978982209034326,0.0018695250991908091
3.0,120.0,0.12596663950267128,-0.00226530933166984,2.0,2.0,0.1978982209034326,0.0018695250991908091
3.0,125.0,0.11685781538848516,-0.0018217648228372242,2.0,2.0,0.1978982209034326,0.0018695250991908091
3.0,130.0,0.1099683432894949,-0.0013778944197980537,2.0,2.0,0.1978982209034326,0.0018695250991908091
3.0,135.0,0.14185707290425498,0.006377745922952016,2.0,2.0,0.1978982209034326,0.0018695250991908091
3.0,140.0,0.09940132692407033,-0.00849114919603693,2.0,2.0,0.1978982209034326,0.0018695250991908091
3.0,145.0,0.08960064173336946,-0.001960137038140175,2.0,2.0,0.1978982209034326,0.0018695250991908091
3.0,150.0,0.07166881568160122,-0.003586365210353648,2.0,2.0,0.1978982209034326,0.0018695250991908091
3.0,155.0,0.09625331507811907,0.0049168998793035715,2.0,2.0,0.1978982209034326,0.0018695250991908091
3.0,160.0,0.10901390468464456,0.002552117921305097,2.0,2.0,0.1978982209034326,0.0018695250991908091
3.0,165.0,0.11101508131087812,0.0004002353252467117,2.0,2.0,0.1978982209034326,0.0018695250991908091
3.0,170.0,0.0641660710910621,-0.009369802043963205,2.0,2.0,0.1978982209034326,0.0018695250991908091
3.0,175.0,0.05841629893505029,-0.0011499544312023602,2.0,2.0,0.1978982209034326,0.0018695250991908091
3.0,180.0,0.09462246014611608,0.007241232242213158,2.0,2.0,0.1978982209034326,0.0018695250991908091
3.0,185.0,0.10529689447611901,0.002134886866000585,2.0,2.0,0.1978982209034326,0.0018695250991908091
3.0,190.0,0.07873866128555562,-0.005311646638112677,2.0,2.0,0.1978982209034326,0.0018695250991908091
3.0,195.0,0.06027176807620549,-0.0036933786418700265,2.0,2.0,0.1978982209034326,0.0018695250991908091
3.0,200.0,0.06639920650206932,0.001225487685172766,2.0,2.0,0.1978982209034326,0.0018695250991908091
3.0,205.0,0.06771554215686493,0.00026326713095912167,2.0,2.0,0.1978982209034326,0.0018695250991908091
3.0,210.0,0.07589331270365918,0.0016355541093588499,2.0,2.0,0.1978982209034326,0.0018695250991908091
3.0,215.0,0.05677038980539706,-0.0038245845796524235,2.0,2.0,0.1978982209034326,0.0018695250991908091
3.0,220.0,0.045814633762756074,-0.002191151208528197,2.0,2.0,0.1978982209034326,0.0018695250991908091
3.0,225.0,0.07460243320850068,0.005757559889148922,2.0,2.0,0.1978982209034326,0.0018695250991908091
3.0,230.0,0.025181714278364353,-0.009884143786027266,2.0,2.0,0.1978982209034326,0.0018695250991908091
3.0,235.0,0.022885580966281793,-0.000459226662416512,2.0,2.0,0.1978982209034326,0.0018695250991908091
3.0,240.0,0.04773403627271122,0.004969691061285886,2.0,2.0,0.1978982209034326,0.0018695250991908091
3.0,245.0,0.04860780796424535,0.00017475433830682618,2.0,2.0,0.1978982209034326,0.0018695250991908091
3.0,250.0,0.029343913055480897,-0.003852778981752891,2.0,2.0,0.1978982209034326,0.0018695250991908091
3.0,255.0,0.01725060211565932,-0.0024186621879643154,2.0,2.0,0.1978982209034326,0.0018695250991908091
3.0,260.0,0.024137366627240198,0.0013773529023161756,2.0,2.0,0.1978982209034326,0.0018695250991908091
3.0,265.0,0.019599757739843682,-0.0009075217774793032,2.0,2.0,0.1978982209034326,0.0018695250991908091
3.0,270.0,0.046974384503272404,0.005474925352685745,2.0,2.0,0.1978982209034326,0.0018695250991908091
3.0,275.0,0.014475069703308918,-0.006499862959992697,2.0,2.0,0.1978982209034326,0.0018695250991908091
3.0,280.0,0.004932279853317567,-0.0019085579699982703,2.0,2.0,0.1978982209034326,0.0018695250991908091
3.0,285.0,-0.012667172925116432,-0.0035198905556868,2.0,2.0,0.1978982209034326,0.0018695250991908091
3.0,290.0,0.02471834538411244,0.007477103661845774,2.0,2.0,0.1978982209034326,0.0018695250991908091
3.0,295.0,0.011620052196935404,-0.002619658637435407,2.0,2.0,0.1978982209034326,0.0018695250991908091
3.0,300.0,0.03759469743159727,0.005194929046932373,2.0,2.0,0.1978982209034326,0.0018695250991908091
4.0,0.0,0.5661291915625597,0.0,2.0,2.0,0.7664494449146888,0.01521871724141333
4.0,5.0,0.8522352969369358,0.05722122107487522,3.0,3.0,0.7664494449146888,0.01521871724141333
4.0,10.0,1.131224186977235,0.05579777800805985,3.0,3.0,0.7664494449146888,0.01521871724141333
4.0,15.0,1.154628624148664,0.004680887434285808,3.0,2.0,0.7664494449146888,0.01521871724141333
4.0,20.0,0.9473677060050463,-0.04145218362872356,3.0,1.0,0.7664494449146888,0.01521871724141333
4.0,25.0,0.6490941902610139,-0.05965470314880648,2.0,1.0,0.7664494449146888,0.01521871724141333
4.0,30.0,0.27596014635509647,-0.07462680878118348,2.0,1.0,0.7664494449146888,0.01521871724141333
4.0,35.0,-0.06347229364356366,-0.06788648799973203,2.0,1.0,0.7664494449146888,0.01521871724141333
4.0,40.0,-0.1753701637690135,-0.022379574025089964,2.0,2.0,0.7664494449146888,0.01521871724141333
4.0,45.0,-0.13383426136552856,0.008307180480696985,2.0,2.0,0.7664494449146888,0.01521871724141333
4.0,50.0,0.03154135138486325,0.03307512255007836,2.0,3.0,0.7664494449146888,0.01521871724141333
4.0,55.0,0.26772665892461234,0.04723706150794982,2.0,3.0,0.7664494449146888,0.01521871724141333
4.0,60.0,0.4437597225506522,0.035206612725207975,2.0,3.0,0.7664494449146888,0.01521871724141333
4.0,65.0,0.5294984272626699,0.017147740942403546,2.0,2.0,0.7664494449146888,0.01521871724141333
4.0,70.0,0.48916573077846337,-0.008066539296841313,2.0,2.0,0.7664494449146888,0.01521871724141333
4.0,75.0,0.3244306721861463,-0.03294701171846341,2.0,1.0,0.7664494449146888,0.01521871724141333
4.0,80.0,0.09612394814188363,-0.04566134480885253,2.0,1.0,0.7664494449146888,0.01521871724141333
4.0,85.0,-0.08502930788197105,-0.03623065120477094,2.0,1.0,0.7664494449146888,0.01521871724141333
4.0,90.0,-0.19773723671851684,-0.022541585767309157,2.0,2.0,0.7664494449146888,0.01521871724141333
4.0,95.0,-0.12938937130936168,0.013669573081831032,2.0,2.0,0.7664494449146888,0.01521871724141333
4.0,100.0,-0.057683026299631734,0.014341269001945989,2.0,2.0,0.7664494449146888,0.01521871724141333
4.0,105.0,0.10128127484022542,0.03179286022797143,2.0,3.0,0.7664494449146888,0.01521871724141333
4.0,110.0,0.2224445137258968,0.024232647777134277,2.0,2.0,0.7664494449146888,0.01521871724141333
4.0,115.0,0.24387308672537955,0.00428571459989655,2.0,2.0,0.7664494449146888,0.01521871724141333
4.0,120.0,0.23789073643844105,-0.0011964700573876997,2.0,2.0,0.7664494449146888,0.01521871724141333
4.0,125.0,0.14715003028737073,-0.018148141230214066,2.0,2.0,0.7664494449146888,0.01521871724141333
4.0,130.0,1.0278247634870965,0.17613494663994517,3.0,4.0,0.7664494449146888,0.01521871724141333
4.0,135.0,0.9169740537556592,-0.02217014194628746,3.0,2.0,0.7664494449146888,0.01521871724141333
4.0,140.0,0.8180706917257723,-0.019780672405977383,3.0,2.0,0.7664494449146888,0.01521871724141333
4.0,145.0,0.5258952711366511,-0.058435084117824235,2.0,1.0,0.7664494449146888,0.01521871724141333
4.0,150.0,0.12904727787580228,-0.07936959865216978,2.0,1.0,0.7664494449146888,0.01521871724141333
4.0,155.0,-0.19854291095758825,-0.06551803776667811,2.0,1.0,0.7664494449146888,0.01521871724141333
4.0,160.0,-0.4698012127014266,-0.054251660348767675,1.0,1.0,0.7664494449146888,0.01521871724141333
4.0,165.0,-0.4759599434823727,-0.0012317461561892173,1.0,2.0,0.7664494449146888,0.01521871724141333
4.0,170.0,-0.29429915765652837,0.03633215716516887,2.0,3.0,0.7664494449146888,0.01521871724141333
4.0,175.0,0.07244678944235972,0.07334918941977761,2.0,3.0,0.7664494449146888,0.01521871724141333
4.0,180.0,0.35067416656361416,0.05564547542425089,2.0,3.0,0.7664494449146888,0.01521871724141333
4.0,185.0,0.4763776081967386,0.02514068832662488,2.0,3.0,0.7664494449146888,0.01521871724141333
4.0,190.0,0.46223277752686087,-0.002828966133975541,2.0,2.0,0.7664494449146888,0.01521871724141333
4.0,195.0,0.29627980937557297,-0.03319059363025758,2.0,1.0,0.7664494449146888,0.01521871724141333
4.0,200.0,0.05113026803060805,-0.049029908268992985,2.0,1.0,0.7664494449146888,0.01521871724141333
4.0,205.0,-0.14545670629031804,-0.039317394864185215,2.0,1.0,0.7664494449146888,0.01521871724141333
4.0,210.0,-0.29820025779463677,-0.030548710300863747,2.0,1.0,0.7664494449146888,0.01521871724141333
4.0,215.0,-0.30772983597918113,-0.0019059156369088726,2.0,2.0,0.7664494449146888,0.01521871724141333
4.0,220.0,-0.21637495268743834,0.018270976658348557,2.0,2.0,0.7664494449146888,0.01521871724141333
4.0,225.0,-0.04257366309342814,0.03476025791880204,2.0,3.0,0.7664494449146888,0.01521871724141333
4.0,230.0,0.17950311209876446,0.04441535503843852,2.0,3.0,0.7664494449146888,0.01521871724141333
4.0,235.0,0.19864123975226633,0.0038276255307003737,2.0,2.0,0.7664494449146888,0.01521871724141333
4.0,240.0,0.2523484410761192,0.010741440264770575,2.0,2.0,0.7664494449146888,0.01521871724141333
4.0,245.0,0.161578404327134,-0.018154007349797042,2.0,2.0,0.7664494449146888,0.01521871724141333
4.0,250.0,0.072860467675536,-0.0177435873303196,2.0,2.0,0.7664494449146888,0.01521871724141333
4.0,255.0,-0.020954674403512286,-0.01876302841580966,2.0,2.0,0.7664494449146888,0.01521871724141333
4.0,260.0,-0.08652451093461266,-0.013113967306220076,2.0,2.0,0.7664494449146888,0.01521871724141333
4.0,265.0,-0.10992894843126066,-0.0046808874993296,2.0,2.0,0.7664494449146888,0.01521871724141333
4.0,270.0,-0.16729773572839335,-0.011473757459426536,2.0,2.0,0.7664494449146888,0.01521871724141333
4.0,275.0,-0.0848403728304099,0.01649147257959669,2.0,2.0,0.7664494449146888,0.01521871724141333
4.0,280.0,0.019293274937535188,0.020826729553589017,2.0,2.0,0.7664494449146888,0.01521871724141333
4.0,285.0,0.11110672359348683,0.01836268973119033,2.0,2.0,0.7664494449146888,0.01521871724141333
4.0,290.0,0.14563079578683968,0.00690481443867057,2.0,2.0,0.7664494449146888,0.01521871724141333
4.0,295.0,0.11869070940941029,-0.005388017275485879,2.0,2.0,0.7664494449146888,0.01521871724141333
4.0,300.0,0.059635223178538865,-0.011811097246174285,2.0,2.0,0.7664494449146888,0.01521871724141333
5.0,0.0,0.06283628952585829,0.0,2.0,2.0,0.20822066804145928,0.002932158676127822
5.0,5.0,0.5310370950794869,0.09364016111072573,2.0,3.0,0.20822066804145928,0.002932158676127822
5.0,10.0,1.1664143867598682,0.12707545833607625,3.0,3.0,0.20822066804145928,0.002932158676127822
5.0,15.0,1.7497726026116247,0.11667164317035131,3.0,3.0,0.20822066804145928,0.002932158676127822
5.0,20.0,2.140764984267186,0.07819847633111224,3.0,3.0,0.20822066804145928,0.002932158676127822
5.0,25.0,2.3315796148656993,0.03816292611970269,3.0,3.0,0.20822066804145928,0.002932158676127822
5.0,30.0,2.3409266416271173,0.001869405352283593,3.0,2.0,0.20822066804145928,0.002932158676127822
5.0,35.0,2.051974369508226,-0.05779045442377821,3.0,1.0,0.20822066804145928,0.002932158676127822
5.0,40.0,1.691133394103204,-0.07216819508100443,3.0,1.0,0.20822066804145928,0.002932158676127822
5.0,45.0,1.3888507699647654,-0.06045652482768773,3.0,1.0,0.20822066804145928,0.002932158676127822
5.0,50.0,1.1090092562144171,-0.05596830275006966,3.0,1.0,0.20822066804145928,0.002932158676127822
5.0,55.0,0.8871662265192839,-0.044368605939026654,3.0,1.0,0.20822066804145928,0.002932158676127822
5.0,60.0,2.2390303187231986,0.2703728184407829,3.0,4.0,0.20822066804145928,0.002932158676127822
5.0,65.0,2.106414013224917,-0.026523261099656283,3.0,1.0,0.20822066804145928,0.002932158676127822
5.0,70.0,1.9393816536781259,-0.03340647190935826,3.0,1.0,0.20822066804145928,0.002932158676127822
5.0,75.0,1.5586436939338277,-0.07614759194885963,3.0,1.0,0.20822066804145928,0.002932158676127822
5.0,80.0,1.1485349906595381,-0.08202174065485793,3.0,1.0,0.20822066804145928,0.002932158676127822
5.0,85.0,0.795999505554299,-0.07050709702104782,3.0,1.0,0.20822066804145928,0.002932158676127822
5.0,90.0,0.38912271546068666,-0.08137535801872246,2.0,1.0,0.20822066804145928,0.002932158676127822
5.0,95.0,0.11003216799990057,-0.05581810949215722,2.0,1.0,0.20822066804145928,0.002932158676127822
5.0,100.0,-0.05965101326607325,-0.03393663625319476,2.0,1.0,0.20822066804145928,0.002932158676127822
5.0,105.0,-0.06405344105707655,-0.000880485558200661,2.0,2.0,0.20822066804145928,0.002932158676127822
5.0,110.0,-0.15398307280874235,-0.017985926350333158,2.0,2.0,0.20822066804145928,0.002932158676127822
5.0,115.0,-0.010304072604782277,0.028735800040792014,2.0,3.0,0.20822066804145928,0.002932158676127822
5.0,120.0,0.07731234209067495,0.017523282939091445,2.0,2.0,0.20822066804145928,0.002932158676127822
5.0,125.0,0.17341489599471416,0.01922051078080784,2.0,2.0,0.20822066804145928,0.002932158676127822
5.0,130.0,0.2937481753326452,0.024066655867586207,2.0,2.0,0.20822066804145928,0.002932158676127822
5.0,135.0,0.3709924290887372,0.015448850751218402,2.0,2.0,0.20822066804145928,0.002932158676127822
5.0,140.0,0.3188455782162549,-0.010429370174496456,2.0,2.0,0.20822066804145928,0.002932158676127822
5.0,145.0,0.34845204835592725,0.005921294027934465,2.0,2.0,0.20822066804145928,0.002932158676127822
5.0,150.0,0.28522878025176013,-0.012644653620833423,2.0,2.0,0.20822066804145928,0.002932158676127822
5.0,155.0,0.25800415705708346,-0.005444924638935334,2.0,2.0,0.20822066804145928,0.002932158676127822
5.0,160.0,0.26035429410768884,0.0004700274101210766,2.0,2.0,0.20822066804145928,0.002932158676127822
5.0,165.0,0.16202209430953474,-0.01966643995963082,2.0,2.0,0.20822066804145928,0.002932158676127822
5.0,170.0,0.09004513175430162,-0.014395392511046623,2.0,2.0,0.20822066804145928,0.002932158676127822
5.0,175.0,-0.016890224346365557,-0.021387071220133436,2.0,2.0,0.20822066804145928,0.002932158676127822
5.0,180.0,0.05082857887943604,0.01354376064516032,2.0,2.0,0.20822066804145928,0.002932158676127822
5.0,185.0,0.021951900611050235,-0.0057753356536771605,2.0,2.0,0.20822066804145928,0.002932158676127822
5.0,190.0,0.059618257670493335,0.00753327141188862,2.0,2.0,0.20822066804145928,0.002932158676127822
5.0,195.0,0.05916621218582918,-9.040909693283083e-05,2.0,2.0,0.20822066804145928,0.002932158676127822
5.0,200.0,0.041496461229833415,-0.0035339501911991534,2.0,2.0,0.20822066804145928,0.002932158676127822
5.0,205.0,0.05994547806515271,0.0036898033670638595,2.0,2.0,0.20822066804145928,0.002932158676127822
5.0,210.0,0.06928359845463561,0.0018676240778965792,2.0,2.0,0.20822066804145928,0.002932158676127822
5.0,215.0,0.09802393356267203,0.005748067021607284,2.0,2.0,0.20822066804145928,0.002932158676127822
5.0,220.0,0.09473678784812378,-0.000657429142909649,2.0,2.0,0.20822066804145928,0.002932158676127822
5.0,225.0,0.03594821704334805,-0.011757714160955146,2.0,2.0,0.20822066804145928,0.002932158676127822
5.0,230.0,0.05538909385170854,0.003888175361672097,2.0,2.0,0.20822066804145928,0.002932158676127822
5.0,235.0,0.07677542354937472,0.0042772659395332365,2.0,2.0,0.20822066804145928,0.002932158676127822
5.0,240.0,0.04231365492736572,-0.006892353724401801,2.0,2.0,0.20822066804145928,0.002932158676127822
5.0,245.0,0.027972577934260556,-0.0028682153986210324,2.0,2.0,0.20822066804145928,0.002932158676127822
5.0,250.0,0.07345847455115262,0.009097179323378413,2.0,2.0,0.20822066804145928,0.002932158676127822
5.0,255.0,0.05021909951840797,-0.004647875006548929,2.0,2.0,0.20822066804145928,0.002932158676127822
5.0,260.0,0.039098863292817754,-0.0022240472451180437,2.0,2.0,0.20822066804145928,0.002932158676127822
5.0,265.0,-0.02880074148182743,-0.013579920954929037,2.0,2.0,0.20822066804145928,0.002932158676127822
5.0,270.0,0.046846237912934185,0.015129395878952323,2.0,2.0,0.20822066804145928,0.002932158676127822
5.0,275.0,-0.002110098619859002,-0.009791267306558637,2.0,2.0,0.20822066804145928,0.002932158676127822
5.0,280.0,0.04511344625818481,0.009444708975608762,2.0,2.0,0.20822066804145928,0.002932158676127822
5.0,285.0,-0.006539765367140404,-0.010330642325065042,2.0,2.0,0.20822066804145928,0.002932158676127822
5.0,290.0,0.006974657347210922,0.0027028845428702652,2.0,2.0,0.20822066804145928,0.002932158676127822
5.0,295.0,-0.0038470825610694703,-0.0021643479816560785,2.0,2.0,0.20822066804145928,0.002932158676127822
5.0,300.0,0.011812530420684197,0.0031319225963507336,2.0,2.0,0.20822066804145928,0.002932158676127822
6.0,0.0,-0.24827279115948642,0.0,2.0,2.0,0.4087821703693474,0.007750536003057887
6.0,5.0,0.055390871699536604,0.0607327325718046,2.0,3.0,0.4087821703693474,0.007750536003057887
6.0,10.0,0.4048126940956287,0.06988436447921842,2.0,3.0,0.4087821703693474,0.007750536003057887
6.0,15.0,0.6808182464334465,0.055201110467563555,2.0,3.0,0.4087821703693474,0.007750536003057887
6.0,20.0,0.8702200807111247,0.03788036685553564,3.0,3.0,0.4087821703693474,0.007750536003057887
6.0,25.0,0.8605981710833994,-0.001924381925545049,3.0,2.0,0.4087821703693474,0.007750536003057887
6.0,30.0,0.7119809660571441,-0.02972344100525106,2.0,1.0,0.4087821703693474,0.007750536003057887
6.0,35.0,0.5713945353332726,-0.028117286144774312,2.0,1.0,0.4087821703693474,0.007750536003057887
6.0,40.0,0.41778960655938135,-0.03072098575477824,2.0,1.0,0.4087821703693474,0.007750536003057887
6.0,45.0,0.28791184204096965,-0.025975552903682343,2.0,1.0,0.4087821703693474,0.007750536003057887
6.0,50.0,0.20570690616096599,-0.016440987176000732,2.0,2.0,0.4087821703693474,0.007750536003057887
6.0,55.0,0.12688308310124796,-0.015764764611943604,2.0,2.0,0.4087821703693474,0.007750536003057887
6.0,60.0,0.16286232137610668,0.0071958476549717435,2.0,2.0,0.4087821703693474,0.007750536003057887
6.0,65.0,0.15920414526742377,-0.0007316352217365818,2.0,2.0,0.4087821703693474,0.007750536003057887
6.0,70.0,0.18976747934127403,0.006112666814770051,2.0,2.0,0.4087821703693474,0.007750536003057887
6.0,75.0,0.18409673546643646,-0.001134148774967514,2.0,2.0,0.4087821703693474,0.007750536003057887
6.0,80.0,0.21854920338630635,0.006890493583973978,2.0,2.0,0.4087821703693474,0.007750536003057887
6.0,85.0,0.14962129489702392,-0.013785581697856486,2.0,2.0,0.4087821703693474,0.007750536003057887
6.0,90.0,0.20137716511361248,0.010351174043317712,2.0,2.0,0.4087821703693474,0.007750536003057887
6.0,95.0,0.10600170871939696,-0.019075091278843104,2.0,2.0,0.4087821703693474,0.007750536003057887
6.0,100.0,0.1893143949282532,0.016662537241771247,2.0,2.0,0.4087821703693474,0.007750536003057887
6.0,105.0,0.09891792235547214,-0.01807929451455621,2.0,2.0,0.4087821703693474,0.007750536003057887
6.0,110.0,0.05621698402370612,-0.008540187666353205,2.0,2.0,0.4087821703693474,0.007750536003057887
6.0,115.0,0.014788109300329921,-0.00828577494467524,2.0,2.0,0.4087821703693474,0.007750536003057887
6.0,120.0,-0.0032697535170598258,-0.0036115725634779496,2.0,2.0,0.4087821703693474,0.007750536003057887
6.0,125.0,0.052724331934726365,0.011198817090357239,2.0,2.0,0.4087821703693474,0.007750536003057887
6.0,130.0,0.05562986181988805,0.0005811059770323368,2.0,2.0,0.4087821703693474,0.007750536003057887
6.0,135.0,0.04653339365378528,-0.0018192936332205533,2.0,2.0,0.4087821703693474,0.007750536003057887
6.0,140.0,0.04116638642637582,-0.001073401445481892,2.0,2.0,0.4087821703693474,0.007750536003057887
6.0,145.0,0.10591186795956986,0.012949096306638808,2.0,2.0,0.4087821703693474,0.007750536003057887
6.0,150.0,0.11441171842547249,0.001699970093180525,2.0,2.0,0.4087821703693474,0.007750536003057887
6.0,155.0,0.07201523262741816,-0.008479297159610866,2.0,2.0,0.4087821703693474,0.007750536003057887
6.0,160.0,0.07558275408140602,0.0007135042907975731,2.0,2.0,0.4087821703693474,0.007750536003057887
6.0,165.0,0.011042637089225593,-0.012908023398436086,2.0,2.0,0.4087821703693474,0.007750536003057887
6.0,170.0,0.18785237225942453,0.03536194703403979,2.0,3.0,0.4087821703693474,0.007750536003057887
6.0,175.0,0.6164081691317307,0.08571115937446123,2.0,3.0,0.4087821703693474,0.007750536003057887
6.0,180.0,0.9154266263308948,0.059803691439832815,3.0,3.0,0.4087821703693474,0.007750536003057887
6.0,185.0,1.1446890168268489,0.04585247809919082,3.0,3.0,0.4087821703693474,0.007750536003057887
6.0,190.0,1.009974119397512,-0.02694297948586737,3.0,1.0,0.4087821703693474,0.007750536003057887
6.0,195.0,0.8545240225386621,-0.031090019371769983,3.0,1.0,0.4087821703693474,0.007750536003057887
6.0,200.0,0.611197161073548,-0.04866537229302281,2.0,1.0,0.4087821703693474,0.007750536003057887
6.0,205.0,0.3907684118719281,-0.044085749840323984,2.0,1.0,0.4087821703693474,0.007750536003057887
6.0,210.0,0.2800025598817868,-0.022153170398028266,2.0,2.0,0.4087821703693474,0.007750536003057887
6.0,215.0,0.20999476779397952,-0.014001558417561455,2.0,2.0,0.4087821703693474,0.007750536003057887
6.0,220.0,-0.13462586058107462,-0.06892412567501083,2.0,1.0,0.4087821703693474,0.007750536003057887
6.0,225.0,-0.5558239345481155,-0.08423961479340818,1.0,1.0,0.4087821703693474,0.007750536003057887
6.0,230.0,-0.7050052070142456,-0.029836254493226022,1.0,1.0,0.4087821703693474,0.007750536003057887
6.0,235.0,-0.7648546638954805,-0.011969891376246978,1.0,2.0,0.4087821703693474,0.007750536003057887
6.0,240.0,-0.71419556589316,0.010131819600464099,1.0,2.0,0.4087821703693474,0.007750536003057887
6.0,245.0,-0.6200548589984294,0.018828141378946128,1.0,2.0,0.4087821703693474,0.007750536003057887
6.0,250.0,-0.46020411208572654,0.03197014938254057,1.0,3.0,0.4087821703693474,0.007750536003057887
6.0,255.0,-0.3964270249897446,0.012755417419196391,1.0,2.0,0.4087821703693474,0.007750536003057887
6.0,260.0,-0.2743060847383205,0.02442418805028481,2.0,2.0,0.4087821703693474,0.007750536003057887
6.0,265.0,-0.20152283679790628,0.014556649588082848,2.0,2.0,0.4087821703693474,0.007750536003057887
6.0,270.0,-0.14915868206596272,0.010472830946388711,2.0,2.0,0.4087821703693474,0.007750536003057887
6.0,275.0,0.02462555191226201,0.03475684679564495,2.0,3.0,0.4087821703693474,0.007750536003057887
6.0,280.0,0.04965804125568951,0.0050064978686855,2.0,2.0,0.4087821703693474,0.007750536003057887
6.0,285.0,0.055228220372573134,0.0011140358233767244,2.0,2.0,0.4087821703693474,0.007750536003057887
6.0,290.0,-0.045409158679003525,-0.02012747581031533,2.0,2.0,0.4087821703693474,0.007750536003057887
6.0,295.0,-0.04587056067636652,-9.228039947259959e-05,2.0,2.0,0.4087821703693474,0.007750536003057887
6.0,300.0,-0.08049110532804349,-0.006924108930335393,2.0,2.0,0.4087821703693474,0.007750536003057887
7.0,0.0,-2.628165978614117,0.0,0.0,2.0,0.5958830270490421,0.022259835604666014
7.0,5.0,-2.369212415928871,0.051790712537049186,0.0,3.0,0.5958830270490421,0.022259835604666014
7.0,10.0,-2.1037558858371845,0.053091306018337295,0.0,3.0,0.5958830270490421,0.022259835604666014
7.0,15.0,-1.7618539141731375,0.0683803943328094,1.0,3.0,0.5958830270490421,0.022259835604666014
7.0,20.0,-1.388491135239633,0.07467255578670091,1.0,3.0,0.5958830270490421,0.022259835604666014
7.0,25.0,-1.0854427642579019,0.06060967419634622,1.0,3.0,0.5958830270490421,0.022259835604666014
7.0,30.0,-0.7633287930850017,0.06442279423458004,1.0,3.0,0.5958830270490421,0.022259835604666014
7.0,35.0,-0.5277860831990431,0.04710854197719172,1.0,3.0,0.5958830270490421,0.022259835604666014
7.0,40.0,-0.19656316853101075,0.06624458293360647,2.0,3.0,0.5958830270490421,0.022259835604666014
7.0,45.0,0.06027347750285017,0.051367329206772186,2.0,3.0,0.5958830270490421,0.022259835604666014
7.0,50.0,0.2788092975993166,0.04370716401929329,2.0,3.0,0.5958830270490421,0.022259835604666014
7.0,55.0,0.4705000066076934,0.038338141801675364,2.0,3.0,0.5958830270490421,0.022259835604666014
7.0,60.0,0.5016322875663413,0.006226456191729568,2.0,2.0,0.5958830270490421,0.022259835604666014
7.0,65.0,0.3771729144011431,-0.024891874633039636,2.0,2.0,0.5958830270490421,0.022259835604666014
7.0,70.0,0.14437436375618162,-0.04655971012899229,2.0,1.0,0.5958830270490421,0.022259835604666014
7.0,75.0,-0.04974158419324226,-0.038823189589884774,2.0,1.0,0.5958830270490421,0.022259835604666014
7.0,80.0,-0.2181871038569021,-0.033689103932731966,2.0,1.0,0.5958830270490421,0.022259835604666014
7.0,85.0,-0.17993666688487409,0.007650087394405603,2.0,2.0,0.5958830270490421,0.022259835604666014
7.0,90.0,0.03542412864317512,0.04307215910560984,2.0,3.0,0.5958830270490421,0.022259835604666014
7.0,95.0,0.14616205629526036,0.022147585530417048,2.0,2.0,0.5958830270490421,0.022259835604666014
7.0,100.0,0.18038116045348573,0.006843820831645075,2.0,2.0,0.5958830270490421,0.022259835604666014
7.0,105.0,0.18206041429064967,0.00033585076743278817,2.0,2.0,0.5958830270490421,0.022259835604666014
7.0,110.0,0.04304588314171198,-0.02780290622978754,2.0,1.0,0.5958830270490421,0.022259835604666014
7.0,115.0,-0.06505463811579304,-0.021620104251501005,2.0,2.0,0.5958830270490421,0.022259835604666014
7.0,120.0,-0.13612574450455384,-0.014214221277752159,2.0,2.0,0.5958830270490421,0.022259835604666014
7.0,125.0,-0.14648562351371552,-0.0020719758018323377,2.0,2.0,0.5958830270490421,0.022259835604666014
7.0,130.0,-0.06134046544830696,0.017029031613081714,2.0,2.0,0.5958830270490421,0.022259835604666014
7.0,135.0,0.08730329501121759,0.029728752091904908,2.0,3.0,0.5958830270490421,0.022259835604666014
7.0,140.0,0.19132124092199732,0.020803589182155947,2.0,2.0,0.5958830270490421,0.022259835604666014
7.0,145.0,0.1464942044274622,-0.008965407298907024,2.0,2.0,0.5958830270490421,0.022259835604666014
7.0,150.0,0.07582428989417167,-0.014133982906658104,2.0,2.0,0.5958830270490421,0.022259835604666014
7.0,155.0,-0.06616796766666866,-0.028398451512168067,2.0,1.0,0.5958830270490421,0.022259835604666014
7.0,160.0,-0.019941092773599678,0.009245374978613797,2.0,2.0,0.5958830270490421,0.022259835604666014
7.0,165.0,-0.12147173860108751,-0.020306129165497566,2.0,2.0,0.5958830270490421,0.022259835604666014
7.0,170.0,-0.18054988400837502,-0.011815629081457502,2.0,2.0,0.5958830270490421,0.022259835604666014
7.0,175.0,-0.07009394223920395,0.022091188353834213,2.0,2.0,0.5958830270490421,0.022259835604666014
7.0,180.0,0.13112396699002815,0.04024358184584642,2.0,3.0,0.5958830270490421,0.022259835604666014
7.0,185.0,0.1558974665136823,0.00495469990473083,2.0,2.0,0.5958830270490421,0.022259835604666014
7.0,190.0,0.1933947668375815,0.007499460064779839,2.0,2.0,0.5958830270490421,0.022259835604666014
7.0,195.0,0.09923556584156046,-0.018831840199204208,2.0,2.0,0.5958830270490421,0.022259835604666014
7.0,200.0,0.007164206707109599,-0.01841427182689017,2.0,2.0,0.5958830270490421,0.022259835604666014
7.0,205.0,-0.10667977223269887,-0.022768795787961694,2.0,2.0,0.5958830270490421,0.022259835604666014
7.0,210.0,-0.1366694931242769,-0.005997944178315606,2.0,2.0,0.5958830270490421,0.022259835604666014
7.0,215.0,-0.16823072741642875,-0.006312246858430371,2.0,2.0,0.5958830270490421,0.022259835604666014
7.0,220.0,-0.112036461986051,0.011238853086075551,2.0,2.0,0.5958830270490421,0.022259835604666014
7.0,225.0,0.1096744823361,0.0443421888644302,2.0,3.0,0.5958830270490421,0.022259835604666014
7.0,230.0,0.27283481565861223,0.03263206666450245,2.0,3.0,0.5958830270490421,0.022259835604666014
7.0,235.0,0.26822841861269,-0.0009212794091844501,2.0,2.0,0.5958830270490421,0.022259835604666014
7.0,240.0,0.09915196176143937,-0.03381529137025012,2.0,1.0,0.5958830270490421,0.022259835604666014
7.0,245.0,0.002631321530358832,-0.019304128046216108,2.0,2.0,0.5958830270490421,0.022259835604666014
7.0,250.0,-0.1757767136564503,-0.035681607037361826,2.0,1.0,0.5958830270490421,0.022259835604666014
7.0,255.0,-0.2673710835629315,-0.018318873981296235,2.0,2.0,0.5958830270490421,0.022259835604666014
7.0,260.0,-0.13913953585851146,0.025646309540884003,2.0,3.0,0.5958830270490421,0.022259835604666014
7.0,265.0,0.043114096335713725,0.03645072643884504,2.0,3.0,0.5958830270490421,0.022259835604666014
7.0,270.0,0.14925162508382073,0.0212275057496214,2.0,2.0,0.5958830270490421,0.022259835604666014
7.0,275.0,0.23565669683200952,0.017281014349637757,2.0,2.0,0.5958830270490421,0.022259835604666014
7.0,280.0,0.11030727192594014,-0.025069884981213875,2.0,1.0,0.5958830270490421,0.022259835604666014
7.0,285.0,0.023273558803495575,-0.017406742624488915,2.0,2.0,0.5958830270490421,0.022259835604666014
7.0,290.0,-0.1122174266961764,-0.027098197099934395,2.0,1.0,0.5958830270490421,0.022259835604666014
7.0,295.0,-0.15043432572879922,-0.007643379806524564,2.0,2.0,0.5958830270490421,0.022259835604666014
7.0,300.0,-0.21133231972834565,-0.012179598799909286,2.0,2.0,0.5958830270490421,0.022259835604666014
8.0,0.0,3.8448843544735993,0.0,4.0,2.0,1.4240637626562485,0.002187122672303866
8.0,5.0,3.9998711528560555,0.030997359676491244,4.0,3.0,1.4240637626562485,0.002187122672303866
8.0,10.0,4.052533390942148,0.010532447617218565,4.0,2.0,1.4240637626562485,0.002187122672303866
8.0,15.0,3.8435022123265625,-0.04180623572311717,4.0,1.0,1.4240637626562485,0.002187122672303866
8.0,20.0,3.443960436269876,-0.07990835521133732,4.0,1.0,1.4240637626562485,0.002187122672303866
8.0,25.0,2.869407286137374,-0.11491063002650037,3.0,1.0,1.4240637626562485,0.002187122672303866
8.0,30.0,2.272067509495205,-0.11946795532843382,3.0,1.0,1.4240637626562485,0.002187122672303866
8.0,35.0,1.6170334767887944,-0.1310068065412821,3.0,1.0,1.4240637626562485,0.002187122672303866
8.0,40.0,1.0140057665631694,-0.120605542045125,3.0,1.0,1.4240637626562485,0.002187122672303866
8.0,45.0,0.3663916795284017,-0.12952281740695354,2.0,1.0,1.4240637626562485,0.002187122672303866
8.0,50.0,-0.20493275734172656,-0.11426488737402565,2.0,1.0,1.4240637626562485,0.002187122672303866
8.0,55.0,-0.43880363033521164,-0.04677417459869702,1.0,1.0,1.4240637626562485,0.002187122672303866
8.0,60.0,-0.3291971385143668,0.02192129836416896,2.0,2.0,1.4240637626562485,0.002187122672303866
8.0,65.0,-0.02779078512066846,0.060281270678739673,2.0,3.0,1.4240637626562485,0.002187122672303866
8.0,70.0,0.30932120820885345,0.06742239866590438,2.0,3.0,1.4240637626562485,0.002187122672303866
8.0,75.0,0.5521004208245479,0.048555842523138895,2.0,3.0,1.4240637626562485,0.002187122672303866
8.0,80.0,0.6304198316447014,0.015663882164030696,2.0,2.0,1.4240637626562485,0.002187122672303866
8.0,85.0,0.4199487347267734,-0.042094219383585596,2.0,1.0,1.4240637626562485,0.002187122672303866
8.0,90.0,0.1183469723067283,-0.06032035248400902,2.0,1.0,1.4240637626562485,0.002187122672303866
8.0,95.0,-0.09623598761943342,-0.042916591985232344,2.0,1.0,1.4240637626562485,0.002187122672303866
8.0,100.0,-0.016265632188243728,0.01599407108623794,2.0,2.0,1.4240637626562485,0.002187122672303866
8.0,105.0,0.23448360959059755,0.05014984835576826,2.0,3.0,1.4240637626562485,0.002187122672303866
8.0,110.0,0.44290489146520784,0.041684256374922055,2.0,3.0,1.4240637626562485,0.002187122672303866
8.0,115.0,0.5157428033529996,0.014567582377558352,2.0,2.0,1.4240637626562485,0.002187122672303866
8.0,120.0,0.3488538662259195,-0.033377787425416014,2.0,1.0,1.4240637626562485,0.002187122672303866
8.0,125.0,0.09816115274720616,-0.05013854269574267,2.0,1.0,1.4240637626562485,0.002187122672303866
8.0,130.0,-0.055260044459284785,-0.030684239441298188,2.0,1.0,1.4240637626562485,0.002187122672303866
8.0,135.0,0.02547633498620172,0.016147275889097302,2.0,2.0,1.4240637626562485,0.002187122672303866
8.0,140.0,0.29428476094962974,0.05376168519268561,2.0,3.0,1.4240637626562485,0.002187122672303866
8.0,145.0,0.44932850713511385,0.031008749237096823,2.0,3.0,1.4240637626562485,0.002187122672303866
8.0,150.0,0.4424495971752407,-0.001375781991974634,2.0,2.0,1.4240637626562485,0.002187122672303866
8.0,155.0,0.25990908314441086,-0.03650810280616597,2.0,1.0,1.4240637626562485,0.002187122672303866
8.0,160.0,0.07308351003226576,-0.037365114622429016,2.0,1.0,1.4240637626562485,0.002187122672303866
8.0,165.0,-0.011914561096368459,-0.016999614225726843,2.0,2.0,1.4240637626562485,0.002187122672303866
8.0,170.0,0.1471111380787704,0.03180513983502777,2.0,3.0,1.4240637626562485,0.002187122672303866
8.0,175.0,0.37848319586202805,0.04627441155665153,2.0,3.0,1.4240637626562485,0.002187122672303866
8.0,180.0,0.44924398785070707,0.014152158397735804,2.0,2.0,1.4240637626562485,0.002187122672303866
8.0,185.0,0.3453838978284871,-0.020772018004443994,2.0,2.0,1.4240637626562485,0.002187122672303866
8.0,190.0,0.16864333775181706,-0.03534811201533401,2.0,1.0,1.4240637626562485,0.002187122672303866
8.0,195.0,0.021636527057275146,-0.02940136213890838,2.0,1.0,1.4240637626562485,0.002187122672303866
8.0,200.0,0.05191714829653549,0.006056124247852068,2.0,2.0,1.4240637626562485,0.002187122672303866
8.0,205.0,0.2621264174098883,0.04204185382267056,2.0,3.0,1.4240637626562485,0.002187122672303866
8.0,210.0,0.37770722337797835,0.023116161193618014,2.0,2.0,1.4240637626562485,0.002187122672303866
8.0,215.0,0.36847510160336583,-0.0018464243549225045,2.0,2.0,1.4240637626562485,0.002187122672303866
8.0,220.0,0.2092818080842136,-0.031838658703830444,2.0,1.0,1.4240637626562485,0.002187122672303866
8.0,225.0,0.07702643436917356,-0.026451074743008007,2.0,1.0,1.4240637626562485,0.002187122672303866
8.0,230.0,0.035491421205680496,-0.008307002632698613,2.0,2.0,1.4240637626562485,0.002187122672303866
8.0,235.0,0.13164260793437066,0.019230237345738033,2.0,2.0,1.4240637626562485,0.002187122672303866
8.0,240.0,0.24472350952300914,0.022616180317727698,2.0,2.0,1.4240637626562485,0.002187122672303866
8.0,245.0,0.29039800920869396,0.009134899937136964,2.0,2.0,1.4240637626562485,0.002187122672303866
8.0,250.0,0.26917697970138477,-0.004244205901461839,2.0,2.0,1.4240637626562485,0.002187122672303866
8.0,255.0,0.1655825967287221,-0.02071887659453253,2.0,2.0,1.4240637626562485,0.002187122672303866
8.0,260.0,0.11243979526450332,-0.010628560292843758,2.0,2.0,1.4240637626562485,0.002187122672303866
8.0,265.0,0.13384993282558,0.004282027512215336,2.0,2.0,1.4240637626562485,0.002187122672303866
8.0,270.0,0.20709684305587572,0.014649382046059145,2.0,2.0,1.4240637626562485,0.002187122672303866
8.0,275.0,0.24484953968851642,0.007550539326528138,2.0,2.0,1.4240637626562485,0.002187122672303866
8.0,280.0,0.21204180966886454,-0.006561546003930374,2.0,2.0,1.4240637626562485,0.002187122672303866
8.0,285.0,0.16112869098138205,-0.0101826237374965,2.0,2.0,1.4240637626562485,0.002187122672303866
8.0,290.0,0.14618707542917875,-0.0029883231104406603,2.0,2.0,1.4240637626562485,0.002187122672303866
8.0,295.0,0.16155592411401543,0.0030737697369673357,2.0,2.0,1.4240637626562485,0.002187122672303866
8.0,300.0,0.19095807424140787,0.005880430025478489,2.0,2.0,1.4240637626562485,0.002187122672303866
9.0,0.0,1.012838825070677,0.0,3.0,2.0,0.7119742780811245,0.002236947881304117
9.0,5.0,1.1303727871725364,0.02350679242037188,3.0,2.0,0.7119742780811245,0.002236947881304117
9.0,10.0,1.318409382588829,0.03760731908325852,3.0,3.0,0.7119742780811245,0.002236947881304117
9.0,15.0,1.3349192248074644,0.003301968443727077,3.0,2.0,0.7119742780811245,0.002236947881304117
9.0,20.0,1.1165630158889392,-0.04367124178370503,3.0,1.0,0.7119742780811245,0.002236947881304117
9.0,25.0,0.719838669009274,-0.07934486937593306,2.0,1.0,0.7119742780811245,0.002236947881304117
9.0,30.0,0.23454373747462043,-0.0970589863069307,2.0,1.0,0.7119742780811245,0.002236947881304117
9.0,35.0,-0.03424616764746702,-0.05375798102441749,2.0,1.0,0.7119742780811245,0.002236947881304117
9.0,40.0,-0.31360514475597867,-0.05587179542170233,2.0,1.0,0.7119742780811245,0.002236947881304117
9.0,45.0,-0.30242934594824433,0.0022351597615468677,2.0,2.0,0.7119742780811245,0.002236947881304117
9.0,50.0,-0.17585675551096358,0.02531451808745615,2.0,3.0,0.7119742780811245,0.002236947881304117
9.0,55.0,0.09545920454640111,0.054263192011472935,2.0,3.0,0.7119742780811245,0.002236947881304117
9.0,60.0,0.2943469599880224,0.03977755108832426,2.0,3.0,0.7119742780811245,0.002236947881304117
9.0,65.0,0.5829562197392697,0.05772185195024946,2.0,3.0,0.7119742780811245,0.002236947881304117
9.0,70.0,0.6475300135438964,0.012914758760925339,2.0,2.0,0.7119742780811245,0.002236947881304117
9.0,75.0,0.6641249702382517,0.003318991338871058,2.0,2.0,0.7119742780811245,0.002236947881304117
9.0,80.0,0.5269124706117623,-0.027442499925297882,2.0,1.0,0.7119742780811245,0.002236947881304117
9.0,85.0,0.4015930706832691,-0.025063879985698635,2.0,1.0,0.7119742780811245,0.002236947881304117
9.0,90.0,0.19508154907780195,-0.04130230432109343,2.0,1.0,0.7119742780811245,0.002236947881304117
9.0,95.0,0.12325646202343776,-0.014365017410872838,2.0,2.0,0.7119742780811245,0.002236947881304117
9.0,100.0,0.03832852853400226,-0.0169855866978871,2.0,2.0,0.7119742780811245,0.002236947881304117
9.0,105.0,0.09047372476221227,0.010429039245642003,2.0,2.0,0.7119742780811245,0.002236947881304117
9.0,110.0,0.16069031219789665,0.014043317487136876,2.0,2.0,0.7119742780811245,0.002236947881304117
9.0,115.0,0.22359656113247794,0.01258124978691626,2.0,2.0,0.7119742780811245,0.002236947881304117
9.0,120.0,0.2937773983171219,0.014036167436928792,2.0,2.0,0.7119742780811245,0.002236947881304117
9.0,125.0,0.33769944589694845,0.008784409515965309,2.0,2.0,0.7119742780811245,0.002236947881304117
9.0,130.0,0.3964553673510167,0.011751184290813654,2.0,2.0,0.7119742780811245,0.002236947881304117
9.0,135.0,0.3754481548331299,-0.004201442503577369,2.0,2.0,0.7119742780811245,0.002236947881304117
9.0,140.0,0.3452392677380587,-0.006041777419014238,2.0,2.0,0.7119742780811245,0.002236947881304117
9.0,145.0,0.29560017389676574,-0.00992781876825859,2.0,2.0,0.7119742780811245,0.002236947881304117
9.0,150.0,0.2259896157444814,-0.013922111630456868,2.0,2.0,0.7119742780811245,0.002236947881304117
9.0,155.0,0.18054315535210463,-0.009089292078475354,2.0,2.0,0.7119742780811245,0.002236947881304117
9.0,160.0,0.17960578212496614,-0.00018747464542769876,2.0,2.0,0.7119742780811245,0.002236947881304117
9.0,165.0,0.3838801960586906,0.040854882786744894,2.0,3.0,0.7119742780811245,0.002236947881304117
9.0,170.0,0.5819071201014197,0.03960538480854581,2.0,3.0,0.7119742780811245,0.002236947881304117
9.0,175.0,0.6882960293897185,0.021277781857659762,2.0,2.0,0.7119742780811245,0.002236947881304117
9.0,180.0,0.7754368663498603,0.01742816739202837,3.0,2.0,0.7119742780811245,0.002236947881304117
9.0,185.0,0.7931914123268697,0.0035509091954018857,3.0,2.0,0.7119742780811245,0.002236947881304117
9.0,190.0,0.7209192598369185,-0.014454430497990245,2.0,2.0,0.7119742780811245,0.002236947881304117
9.0,195.0,0.6013273602561711,-0.02391837991614949,2.0,2.0,0.7119742780811245,0.002236947881304117
9.0,200.0,0.3834420909470424,-0.04357705386182573,2.0,1.0,0.7119742780811245,0.002236947881304117
9.0,205.0,0.03114674055733957,-0.07045907007794057,2.0,1.0,0.7119742780811245,0.002236947881304117
9.0,210.0,-0.13958966404215545,-0.034147280919899006,2.0,1.0,0.7119742780811245,0.002236947881304117
9.0,215.0,-0.21696331551791204,-0.015474730295151317,2.0,2.0,0.7119742780811245,0.002236947881304117
9.0,220.0,-0.17952111214841793,0.007488440673898822,2.0,2.0,0.7119742780811245,0.002236947881304117
9.0,225.0,0.05158093709568945,0.046220409848821475,2.0,3.0,0.7119742780811245,0.002236947881304117
9.0,230.0,0.21174865125148656,0.032033542831159424,2.0,3.0,0.7119742780811245,0.002236947881304117
9.0,235.0,0.34934779042269426,0.02751982783424154,2.0,3.0,0.7119742780811245,0.002236947881304117
9.0,240.0,0.4641548935694395,0.02296142062934905,2.0,2.0,0.7119742780811245,0.002236947881304117
9.0,245.0,0.4207048106376732,-0.008690016586353266,2.0,2.0,0.7119742780811245,0.002236947881304117
9.0,250.0,0.3173578838964737,-0.0206693853482399,2.0,2.0,0.7119742780811245,0.002236947881304117
9.0,255.0,0.1739128978651152,-0.028688997206271695,2.0,1.0,0.7119742780811245,0.002236947881304117
9.0,260.0,0.06325425018730613,-0.022131729535561816,2.0,2.0,0.7119742780811245,0.002236947881304117
9.0,265.0,0.025911189468104112,-0.007468612143840403,2.0,2.0,0.7119742780811245,0.002236947881304117
9.0,270.0,-0.01774685037030821,-0.008731607967682464,2.0,2.0,0.7119742780811245,0.002236947881304117
9.0,275.0,-0.01740746777721469,6.787651861870359e-05,2.0,2.0,0.7119742780811245,0.002236947881304117
9.0,280.0,0.09288307220069925,0.022058107995582787,2.0,2.0,0.7119742780811245,0.002236947881304117
9.0,285.0,0.14997339690174272,0.011418064940208694,2.0,2.0,0.7119742780811245,0.002236947881304117
9.0,290.0,0.16159548878609442,0.002324418376870341,2.0,2.0,0.7119742780811245,0.002236947881304117
9.0,295.0,0.1495315429330084,-0.002412789170617202,2.0,2.0,0.7119742780811245,0.002236947881304117
9.0,300.0,0.1304698996620104,-0.0038123286541996036,2.0,2.0,0.7119742780811245,0.002236947881304117
10.0,0.0,0.03818861928069239,0.0,2.0,2.0,0.5752099533233762,0.07278253820709514
10.0,5.0,0.2432878737493418,0.04101985089372988,2.0,3.0,0.5752099533233762,0.07278253820709514
10.0,10.0,0.5328251547959013,0.057907456209311904,2.0,3.0,0.5752099533233762,0.07278253820709514
10.0,15.0,0.8012158956546109,0.05367814817174192,3.0,3.0,0.5752099533233762,0.07278253820709514
10.0,20.0,0.9871565483432327,0.037188130537724365,3.0,3.0,0.5752099533233762,0.07278253820709514
10.0,25.0,1.1070182160022348,0.023972333531800415,3.0,2.0,0.5752099533233762,0.07278253820709514
10.0,30.0,1.0708859760210032,-0.007226447996246321,3.0,2.0,0.5752099533233762,0.07278253820709514
10.0,35.0,0.9351628986650447,-0.027144615471191715,3.0,1.0,0.5752099533233762,0.07278253820709514
10.0,40.0,0.7325658208916295,-0.04051941555468304,2.0,1.0,0.5752099533233762,0.07278253820709514
10.0,45.0,0.49772454005391964,-0.046968256167541966,2.0,1.0,0.5752099533233762,0.07278253820709514
10.0,50.0,0.2794560124516643,-0.04365370552045107,2.0,1.0,0.5752099533233762,0.07278253820709514
10.0,55.0,0.10519385461265429,-0.034852431567802,2.0,1.0,0.5752099533233762,0.07278253820709514
10.0,60.0,-0.04007293288039193,-0.029053357498609246,2.0,1.0,0.5752099533233762,0.07278253820709514
10.0,65.0,-0.10057790444707493,-0.0121009943133366,2.0,2.0,0.5752099533233762,0.07278253820709514
10.0,70.0,-0.15778738478789478,-0.011441896068163971,2.0,2.0,0.5752099533233762,0.07278253820709514
10.0,75.0,-0.13754497147160194,0.004048482663258568,2.0,2.0,0.5752099533233762,0.07278253820709514
10.0,80.0,-0.13186277155699955,0.0011364399829204785,2.0,2.0,0.5752099533233762,0.07278253820709514
10.0,85.0,-0.05920205213322305,0.0145321438847553,2.0,2.0,0.5752099533233762,0.07278253820709514
10.0,90.0,0.033554754753232885,0.018551361377291187,2.0,2.0,0.5752099533233762,0.07278253820709514
10.0,95.0,0.14988290479702826,0.023265630008759076,2.0,2.0,0.5752099533233762,0.07278253820709514
10.0,100.0,0.2491740626718908,0.019858231574972508,2.0,2.0,0.5752099533233762,0.07278253820709514
10.0,105.0,0.38058959309134366,0.026283106083890572,2.0,3.0,0.5752099533233762,0.07278253820709514
10.0,110.0,0.4086876811429718,0.005619617610325633,2.0,2.0,0.5752099533233762,0.07278253820709514
10.0,115.0,0.3855050092610668,-0.004636534376381007,2.0,2.0,0.5752099533233762,0.07278253820709514
10.0,120.0,0.3306602886893195,-0.010968944114349455,2.0,2.0,0.5752099533233762,0.07278253820709514
10.0,125.0,0.2543487973013825,-0.015262298277587405,2.0,2.0,0.5752099533233762,0.07278253820709514
10.0,130.0,0.18469171027032516,-0.013931417406211465,2.0,2.0,0.5752099533233762,0.07278253820709514
10.0,135.0,0.09289027322055787,-0.018360287409953456,2.0,2.0,0.5752099533233762,0.07278253820709514
10.0,140.0,0.06449022257492842,-0.00568001012912589,2.0,2.0,0.5752099533233762,0.07278253820709514
10.0,145.0,0.0266674059675438,-0.007564563321476925,2.0,2.0,0.5752099533233762,0.07278253820709514
10.0,150.0,-0.09828239995608357,-0.024989961184725473,2.0,2.0,0.5752099533233762,0.07278253820709514
10.0,155.0,-0.16352900814640492,-0.01304932163806427,2.0,2.0,0.5752099533233762,0.07278253820709514
10.0,160.0,-0.19703355965086544,-0.006700910300892105,2.0,2.0,0.5752099533233762,0.07278253820709514
10.0,165.0,-0.21979172685221826,-0.004551633440270564,2.0,2.0,0.5752099533233762,0.07278253820709514
10.0,170.0,-0.19860809124202916,0.00423672712203782,2.0,2.0,0.5752099533233762,0.07278253820709514
10.0,175.0,-0.11456468356761818,0.016808681534882196,2.0,2.0,0.5752099533233762,0.07278253820709514
10.0,180.0,-0.009200885134838188,0.021072759686555996,2.0,2.0,0.5752099533233762,0.07278253820709514
10.0,185.0,0.1381271188768416,0.029465600802335956,2.0,3.0,0.5752099533233762,0.07278253820709514
10.0,190.0,0.2852039453409674,0.02941536529282516,2.0,3.0,0.5752099533233762,0.07278253820709514
10.0,195.0,0.43497696134118513,0.02995460320004355,2.0,3.0,0.5752099533233762,0.07278253820709514
10.0,200.0,0.5334019346285324,0.019684994657469444,2.0,2.0,0.5752099533233762,0.07278253820709514
10.0,205.0,0.5310830552439505,-0.00046377587691637245,2.0,2.0,0.5752099533233762,0.07278253820709514
10.0,210.0,0.4831905036870303,-0.009578510311384037,2.0,2.0,0.5752099533233762,0.07278253820709514
10.0,215.0,0.4103214452602053,-0.014573811685365002,2.0,2.0,0.5752099533233762,0.07278253820709514
10.0,220.0,0.33199636311687897,-0.015665016428665267,2.0,2.0,0.5752099533233762,0.07278253820709514
10.0,225.0,0.26173171144260365,-0.014052930334855062,2.0,2.0,0.5752099533233762,0.07278253820709514
10.0,230.0,0.16799338402918806,-0.01874766548268312,2.0,2.0,0.5752099533233762,0.07278253820709514
10.0,235.0,0.13677418224853,-0.006243840356131613,2.0,2.0,0.5752099533233762,0.07278253820709514
10.0,240.0,0.05619943660533622,-0.016114949128638756,2.0,2.0,0.5752099533233762,0.07278253820709514
10.0,245.0,0.019148888815625043,-0.007410109557942235,2.0,2.0,0.5752099533233762,0.07278253820709514
10.0,250.0,-0.04310040621672684,-0.012449859006470377,2.0,2.0,0.5752099533233762,0.07278253820709514
10.0,255.0,-0.1529102671077105,-0.02196197217819673,2.0,2.0,0.5752099533233762,0.07278253820709514
10.0,260.0,-0.2564896348349883,-0.020715873545455565,2.0,2.0,0.5752099533233762,0.07278253820709514
10.0,265.0,-0.4193020776297871,-0.032562488558959754,1.0,1.0,0.5752099533233762,0.07278253820709514
10.0,270.0,-0.5187575984682518,-0.01989110416769293,1.0,2.0,0.5752099533233762,0.07278253820709514
10.0,275.0,-0.6009356299610751,-0.016435606298564664,1.0,2.0,0.5752099533233762,0.07278253820709514
10.0,280.0,-0.574479087032298,0.005291308585755416,1.0,2.0,0.5752099533233762,0.07278253820709514
10.0,285.0,-0.40769922020083627,0.03335597336629235,1.0,3.0,0.5752099533233762,0.07278253820709514
10.0,290.0,-0.1338991958060518,0.054760004878956894,2.0,3.0,0.5752099533233762,0.07278253820709514
10.0,295.0,0.1652319826203943,0.05982623568528922,2.0,3.0,0.5752099533233762,0.07278253820709514
10.0,300.0,0.48921983140216696,0.06479756975635453,2.0,3.0,0.5752099533233762,0.07278253820709514
11.0,0.0,1.6948905947238586,0.0,3.0,2.0,0.3649745056227516,0.0018574179515515508
11.0,5.0,1.860207049087503,0.03306329087272886,3.0,3.0,0.3649745056227516,0.0018574179515515508
11.0,10.0,2.0741873342186494,0.04279605702622931,3.0,3.0,0.3649745056227516,0.0018574179515515508
11.0,15.0,2.2969635417614107,0.04455524150855226,3.0,3.0,0.3649745056227516,0.0018574179515515508
11.0,20.0,2.3610512823514647,0.01281754811801079,3.0,2.0,0.3649745056227516,0.0018574179515515508
11.0,25.0,2.257391312486348,-0.020731993973023322,3.0,2.0,0.3649745056227516,0.0018574179515515508
11.0,30.0,1.9020162282222834,-0.07107501685281292,3.0,1.0,0.3649745056227516,0.0018574179515515508
11.0,35.0,1.4422630153159055,-0.09195064258127558,3.0,1.0,0.3649745056227516,0.0018574179515515508
11.0,40.0,0.9452372070532071,-0.09940516165253968,3.0,1.0,0.3649745056227516,0.0018574179515515508
11.0,45.0,0.4299059218989072,-0.10306625703085999,2.0,1.0,0.3649745056227516,0.0018574179515515508
11.0,50.0,-0.07585273782360247,-0.10115173194450193,2.0,1.0,0.3649745056227516,0.0018574179515515508
11.0,55.0,-0.507004889938127,-0.0862304304229049,1.0,1.0,0.3649745056227516,0.0018574179515515508
11.0,60.0,-0.7545708421040302,-0.04951319043318066,1.0,1.0,0.3649745056227516,0.0018574179515515508
11.0,65.0,-0.8623069323977113,-0.021547218058736207,1.0,2.0,0.3649745056227516,0.0018574179515515508
11.0,70.0,-0.8325525615061906,0.005950874178304133,1.0,2.0,0.3649745056227516,0.0018574179515515508
11.0,75.0,-0.7113294265787893,0.024244626985480265,1.0,2.0,0.3649745056227516,0.0018574179515515508
11.0,80.0,-0.5211198574941349,0.038041913816930874,1.0,3.0,0.3649745056227516,0.0018574179515515508
11.0,85.0,-0.2900668573044065,0.04621060003794568,2.0,3.0,0.3649745056227516,0.0018574179515515508
11.0,90.0,-0.0293078322930036,0.05215180500228058,2.0,3.0,0.3649745056227516,0.0018574179515515508
11.0,95.0,0.22237950787425476,0.05033746803345167,2.0,3.0,0.3649745056227516,0.0018574179515515508
11.0,100.0,0.485554542888174,0.052635007002783854,2.0,3.0,0.3649745056227516,0.0018574179515515508
11.0,105.0,0.7676975918053195,0.0564286097834291,3.0,3.0,0.3649745056227516,0.0018574179515515508
11.0,110.0,0.8817902784267453,0.02281853732428516,3.0,2.0,0.3649745056227516,0.0018574179515515508
11.0,115.0,0.997248429656544,0.023091630245959748,3.0,2.0,0.3649745056227516,0.0018574179515515508
11.0,120.0,0.9837133131144604,-0.002707023308416723,3.0,2.0,0.3649745056227516,0.0018574179515515508
11.0,125.0,0.9072804394523857,-0.015286574732414949,3.0,2.0,0.3649745056227516,0.0018574179515515508
11.0,130.0,0.8235339481329405,-0.016749298263889045,3.0,2.0,0.3649745056227516,0.0018574179515515508
11.0,135.0,0.6577411176180554,-0.033158566102977,2.0,1.0,0.3649745056227516,0.0018574179515515508
11.0,140.0,0.42028161479017356,-0.047491900565576374,2.0,1.0,0.3649745056227516,0.0018574179515515508
11.0,145.0,0.16527671369764363,-0.051000980218505985,2.0,1.0,0.3649745056227516,0.0018574179515515508
11.0,150.0,0.0007622150705053343,-0.03290289972542766,2.0,1.0,0.3649745056227516,0.0018574179515515508
11.0,155.0,-0.16427866795652335,-0.03300817660540574,2.0,1.0,0.3649745056227516,0.0018574179515515508
11.0,160.0,-0.2619480883886389,-0.019533884086423113,2.0,2.0,0.3649745056227516,0.0018574179515515508
11.0,165.0,-0.3398970775271515,-0.015589797827702511,2.0,2.0,0.3649745056227516,0.0018574179515515508
11.0,170.0,-0.3308749339511756,0.001804428715195172,2.0,2.0,0.3649745056227516,0.0018574179515515508
11.0,175.0,-0.30195664660774213,0.005783657468686698,2.0,2.0,0.3649745056227516,0.0018574179515515508
11.0,180.0,-0.07430229811125955,0.04553086969929652,2.0,3.0,0.3649745056227516,0.0018574179515515508
11.0,185.0,0.08798243613759738,0.032456946849771386,2.0,3.0,0.3649745056227516,0.0018574179515515508
11.0,190.0,0.31026614928465435,0.04445674262941139,2.0,3.0,0.3649745056227516,0.0018574179515515508
11.0,195.0,0.5619968472833747,0.05034613959974408,2.0,3.0,0.3649745056227516,0.0018574179515515508
11.0,200.0,0.6881195913120877,0.025224548805742587,2.0,3.0,0.3649745056227516,0.0018574179515515508
11.0,205.0,0.7278513292600799,0.007946347589598446,2.0,2.0,0.3649745056227516,0.0018574179515515508
11.0,210.0,0.7426878269724675,0.0029672995424775196,2.0,2.0,0.3649745056227516,0.0018574179515515508
11.0,215.0,0.693397835915448,-0.009857998211403896,2.0,2.0,0.3649745056227516,0.0018574179515515508
11.0,220.0,0.5385905534428872,-0.030961456494512162,2.0,1.0,0.3649745056227516,0.0018574179515515508
11.0,225.0,0.4540258027483759,-0.01691295013890226,2.0,2.0,0.3649745056227516,0.0018574179515515508
11.0,230.0,0.26347881706324827,-0.038109397137025526,2.0,1.0,0.3649745056227516,0.0018574179515515508
11.0,235.0,0.0633409972416743,-0.0400275639643148,2.0,1.0,0.3649745056227516,0.0018574179515515508
11.0,240.0,-0.10920982342015861,-0.034510164132366586,2.0,1.0,0.3649745056227516,0.0018574179515515508
11.0,245.0,-0.2361679755856585,-0.025391630433099978,2.0,1.0,0.3649745056227516,0.0018574179515515508
11.0,250.0,-0.29955842819229517,-0.012678090521327335,2.0,2.0,0.3649745056227516,0.0018574179515515508
11.0,255.0,-0.31831755634168957,-0.00375182562987888,2.0,2.0,0.3649745056227516,0.0018574179515515508
11.0,260.0,-0.3002115242714467,0.0036212064140485724,2.0,2.0,0.3649745056227516,0.0018574179515515508
11.0,265.0,-0.2973629837541125,0.0005697081034668372,2.0,2.0,0.3649745056227516,0.0018574179515515508
11.0,270.0,-0.24937586651876842,0.00959742344706882,2.0,2.0,0.3649745056227516,0.0018574179515515508
11.0,275.0,-0.2175626150562877,0.006362650292496141,2.0,2.0,0.3649745056227516,0.0018574179515515508
11.0,280.0,-0.06614116096116973,0.030284290819023597,2.0,3.0,0.3649745056227516,0.0018574179515515508
11.0,285.0,0.03426490536128313,0.020081213264490572,2.0,2.0,0.3649745056227516,0.0018574179515515508
11.0,290.0,0.10929165992819279,0.015005350913381931,2.0,2.0,0.3649745056227516,0.0018574179515515508
11.0,295.0,0.16646839832915106,0.011435347680191655,2.0,2.0,0.3649745056227516,0.0018574179515515508
11.0,300.0,0.15469729942613952,-0.002354219780602307,2.0,2.0,0.3649745056227516,0.0018574179515515508
12.0,0.0,-1.9633390127620807,0.0,0.0,2.0,0.5945332633852778,0.0038071568889864204
12.0,5.0,-1.7680813466676355,0.03905153321888903,1.0,3.0,0.5945332633852778,0.0038071568889864204
12.0,10.0,-1.4826202246937576,0.05709222439477557,1.0,3.0,0.5945332633852778,0.0038071568889864204
12.0,15.0,-1.1717903433831545,0.062165976262120635,1.0,3.0,0.5945332633852778,0.0038071568889864204
12.0,20.0,-0.8291109648915622,0.06853587569831845,1.0,3.0,0.5945332633852778,0.0038071568889864204
12.0,25.0,-0.5654699299315027,0.0527282069920119,1.0,3.0,0.5945332633852778,0.0038071568889864204
12.0,30.0,-0.24102556171116873,0.06488887364406679,2.0,3.0,0.5945332633852778,0.0038071568889864204
12.0,35.0,0.007784013905514087,0.04976191512333657,2.0,3.0,0.5945332633852778,0.0038071568889864204
12.0,40.0,0.1771276861598423,0.03386873445086565,2.0,3.0,0.5945332633852778,0.0038071568889864204
12.0,45.0,0.44694633960685337,0.05396373068940221,2.0,3.0,0.5945332633852778,0.0038071568889864204
12.0,50.0,0.7564296111829947,0.06189665431522826,3.0,3.0,0.5945332633852778,0.0038071568889864204
12.0,55.0,0.9334256196643196,0.03539920169626498,3.0,3.0,0.5945332633852778,0.0038071568889864204
12.0,60.0,0.8141502225243862,-0.023855079427986682,3.0,2.0,0.5945332633852778,0.0038071568889864204
12.0,65.0,0.4601049248650426,-0.07080905953186871,2.0,1.0,0.5945332633852778,0.0038071568889864204
12.0,70.0,0.003094175070081917,-0.09140214995899214,2.0,1.0,0.5945332633852778,0.0038071568889864204
12.0,75.0,-0.5281260203660736,-0.1062440390872311,1.0,1.0,0.5945332633852778,0.0038071568889864204
12.0,80.0,-0.8997434813303684,-0.07432349219285897,1.0,1.0,0.5945332633852778,0.0038071568889864204
12.0,85.0,-0.9582267001980433,-0.011696643773534987,1.0,2.0,0.5945332633852778,0.0038071568889864204
12.0,90.0,-0.7814724713525791,0.035350845769092844,1.0,3.0,0.5945332633852778,0.0038071568889864204
12.0,95.0,-0.5446828766951768,0.04735791893148047,1.0,3.0,0.5945332633852778,0.0038071568889864204
12.0,100.0,-0.18496919068474682,0.071942737202086,2.0,3.0,0.5945332633852778,0.0038071568889864204
12.0,105.0,0.054946103977634664,0.0479830589324763,2.0,3.0,0.5945332633852778,0.0038071568889864204
12.0,110.0,0.40415902725509767,0.0698425846554926,2.0,3.0,0.5945332633852778,0.0038071568889864204
12.0,115.0,0.6229071819984959,0.04374963094867965,2.0,3.0,0.5945332633852778,0.0038071568889864204
12.0,120.0,0.8152000832313568,0.038458580246572185,3.0,3.0,0.5945332633852778,0.0038071568889864204
12.0,125.0,0.7234351574835465,-0.018352985149562073,2.0,2.0,0.5945332633852778,0.0038071568889864204
12.0,130.0,0.33526055479513417,-0.07763492053768246,2.0,1.0,0.5945332633852778,0.0038071568889864204
12.0,135.0,-0.15935437947338826,-0.09892298685370449,2.0,1.0,0.5945332633852778,0.0038071568889864204
12.0,140.0,-0.6466979312797392,-0.09746871036127018,1.0,1.0,0.5945332633852778,0.0038071568889864204
12.0,145.0,-1.0391019367742338,-0.07848080109889892,1.0,1.0,0.5945332633852778,0.0038071568889864204
12.0,150.0,-0.9756047818216942,0.01269943099050792,1.0,2.0,0.5945332633852778,0.0038071568889864204
12.0,155.0,-0.7884937981434987,0.03742219673563909,1.0,3.0,0.5945332633852778,0.0038071568889864204
12.0,160.0,-0.4872535331416614,0.060248053000367466,1.0,3.0,0.5945332633852778,0.0038071568889864204
12.0,165.0,-0.23612616753625204,0.05022547312108187,2.0,3.0,0.5945332633852778,0.0038071568889864204
12.0,170.0,0.13985986747275092,0.07519720700180059,2.0,3.0,0.5945332633852778,0.0038071568889864204
12.0,175.0,0.3252928975528988,0.037086606016029575,2.0,3.0,0.5945332633852778,0.0038071568889864204
12.0,180.0,0.6343020348018023,0.06180182744978069,2.0,3.0,0.5945332633852778,0.0038071568889864204
12.0,185.0,0.68184726223258,0.009509045486155544,2.0,2.0,0.5945332633852778,0.0038071568889864204
12.0,190.0,0.4934263958871945,-0.037684173269077095,2.0,1.0,0.5945332633852778,0.0038071568889864204
12.0,195.0,0.16861443583322355,-0.06496239201079419,2.0,1.0,0.5945332633852778,0.0038071568889864204
12.0,200.0,-0.3494590103181565,-0.10361468923027602,2.0,1.0,0.5945332633852778,0.0038071568889864204
12.0,205.0,-0.7838503458899986,-0.08687826711436841,1.0,1.0,0.5945332633852778,0.0038071568889864204
12.0,210.0,-1.0162626180692484,-0.046482454435849974,1.0,1.0,0.5945332633852778,0.0038071568889864204
12.0,215.0,-0.8884900816430346,0.025554507285242778,1.0,3.0,0.5945332633852778,0.0038071568889864204
12.0,220.0,-0.5693502527445133,0.06382796577970425,1.0,3.0,0.5945332633852778,0.0038071568889864204
12.0,225.0,-0.3634291924994919,0.041184212049004285,2.0,3.0,0.5945332633852778,0.0038071568889864204
12.0,230.0,-0.10182479264378941,0.0523208799711405,2.0,3.0,0.5945332633852778,0.0038071568889864204
12.0,235.0,0.15710036332227517,0.05178503119321291,2.0,3.0,0.5945332633852778,0.0038071568889864204
12.0,240.0,0.41958949570478765,0.052497826476502495,2.0,3.0,0.5945332633852778,0.0038071568889864204
12.0,245.0,0.6567593229713609,0.047433965453314644,2.0,3.0,0.5945332633852778,0.0038071568889864204
12.0,250.0,0.5549237231552873,-0.02036711996321472,2.0,2.0,0.5945332633852778,0.0038071568889864204
12.0,255.0,0.3406791296716456,-0.042848918696728334,2.0,1.0,0.5945332633852778,0.0038071568889864204
12.0,260.0,-0.13781250062568873,-0.09569832605946686,2.0,1.0,0.5945332633852778,0.0038071568889864204
12.0,265.0,-0.6194313458587892,-0.0963237690466201,1.0,1.0,0.5945332633852778,0.0038071568889864204
12.0,270.0,-1.0439320234610499,-0.08490013552045213,1.0,1.0,0.5945332633852778,0.0038071568889864204
12.0,275.0,-1.0432202611653558,0.0001423524591388059,1.0,2.0,0.5945332633852778,0.0038071568889864204
12.0,280.0,-0.8256718275237453,0.043509686728322096,1.0,3.0,0.5945332633852778,0.0038071568889864204
12.0,285.0,-0.5496133799188456,0.05521168952097995,1.0,3.0,0.5945332633852778,0.0038071568889864204
12.0,290.0,-0.29563050632575383,0.050796574718618356,2.0,3.0,0.5945332633852778,0.0038071568889864204
12.0,295.0,0.0646129868804799,0.07204869864124674,2.0,3.0,0.5945332633852778,0.0038071568889864204
12.0,300.0,0.2933894511725619,0.045755292858416396,2.0,3.0,0.5945332633852778,0.0038071568889864204
13.0,0.0,5.30536437254197,0.0,4.0,2.0,0.34178339608469793,0.0032903652329300532
13.0,5.0,5.5262950211895365,0.04418612972951337,4.0,3.0,0.34178339608469793,0.0032903652329300532
13.0,10.0,5.832010002119237,0.06114299618594003,4.0,3.0,0.34178339608469793,0.0032903652329300532
13.0,15.0,5.804609117260778,-0.005480176971691719,4.0,2.0,0.34178339608469793,0.0032903652329300532
13.0,20.0,5.237486065833394,-0.11342461028547675,4.0,1.0,0.34178339608469793,0.0032903652329300532
13.0,25.0,4.256542948040522,-0.19618862355857444,4.0,0.0,0.34178339608469793,0.0032903652329300532
13.0,30.0,3.0939005416926513,-0.23252848126957418,3.0,0.0,0.34178339608469793,0.0032903652329300532
13.0,35.0,1.9319883791157402,-0.2323824325153822,3.0,0.0,0.34178339608469793,0.0032903652329300532
13.0,40.0,0.649993029733082,-0.2563990698765316,2.0,0.0,0.34178339608469793,0.0032903652329300532
13.0,45.0,-0.35276650576683366,-0.20055190709998313,2.0,0.0,0.34178339608469793,0.0032903652329300532
13.0,50.0,-1.0319049614773803,-0.13582769114210932,1.0,1.0,0.34178339608469793,0.0032903652329300532
13.0,55.0,-1.060540228673716,-0.005727053439267138,1.0,2.0,0.34178339608469793,0.0032903652329300532
13.0,60.0,-0.6973024988560361,0.07264754596353598,1.0,3.0,0.34178339608469793,0.0032903652329300532
13.0,65.0,-0.18862377580213874,0.10173574461077947,2.0,3.0,0.34178339608469793,0.0032903652329300532
13.0,70.0,0.4162250402013896,0.12096976320070567,2.0,3.0,0.34178339608469793,0.0032903652329300532
13.0,75.0,1.0772229366942696,0.132199579298576,3.0,3.0,0.34178339608469793,0.0032903652329300532
13.0,80.0,1.5232742036728268,0.08921025339571145,3.0,3.0,0.34178339608469793,0.0032903652329300532
13.0,85.0,1.6562482352990102,0.026594806325236676,3.0,3.0,0.34178339608469793,0.0032903652329300532
13.0,90.0,1.3972851156328865,-0.05179262393322474,3.0,1.0,0.34178339608469793,0.0032903652329300532
13.0,95.0,1.0424432829485397,-0.07096836653686936,3.0,1.0,0.34178339608469793,0.0032903652329300532
13.0,100.0,0.47828997245617444,-0.11283066209847306,2.0,1.0,0.34178339608469793,0.0032903652329300532
13.0,105.0,0.036701887776768416,-0.08831761693588121,2.0,1.0,0.34178339608469793,0.0032903652329300532
13.0,110.0,-0.1638813316340908,-0.04011664388217184,2.0,1.0,0.34178339608469793,0.0032903652329300532
13.0,115.0,-0.13738692964466992,0.005298880397884176,2.0,2.0,0.34178339608469793,0.0032903652329300532
13.0,120.0,0.0028834342079306907,0.028054072770520123,2.0,3.0,0.34178339608469793,0.0032903652329300532
13.0,125.0,0.23160987593616156,0.04574528834564617,2.0,3.0,0.34178339608469793,0.0032903652329300532
13.0,130.0,0.5025120282255315,0.054180430457874,2.0,3.0,0.34178339608469793,0.0032903652329300532
13.0,135.0,0.6796044643368013,0.03541848722225396,2.0,3.0,0.34178339608469793,0.0032903652329300532
13.0,140.0,0.7955481818702168,0.023188743506683096,3.0,2.0,0.34178339608469793,0.0032903652329300532
13.0,145.0,0.753590983343198,-0.008391439705403769,3.0,2.0,0.34178339608469793,0.0032903652329300532
13.0,150.0,0.5952339958289734,-0.03167139750284491,2.0,1.0,0.34178339608469793,0.0032903652329300532
13.0,155.0,0.39064139209049387,-0.040918520747695905,2.0,1.0,0.34178339608469793,0.0032903652329300532
13.0,160.0,0.21947564357625637,-0.0342331497028475,2.0,1.0,0.34178339608469793,0.0032903652329300532
13.0,165.0,0.07942819023520542,-0.02800949066821019,2.0,1.0,0.34178339608469793,0.0032903652329300532
13.0,170.0,-0.014764079253584583,-0.018838453897758,2.0,2.0,0.34178339608469793,0.0032903652329300532
13.0,175.0,0.07506380250712041,0.017965576352141,2.0,2.0,0.34178339608469793,0.0032903652329300532
13.0,180.0,0.1313813924964684,0.011263517997869598,2.0,2.0,0.34178339608469793,0.0032903652329300532
13.0,185.0,0.3497070900749151,0.04366513951568933,2.0,3.0,0.34178339608469793,0.0032903652329300532
13.0,190.0,0.4495638697330975,0.01997135593163648,2.0,2.0,0.34178339608469793,0.0032903652329300532
13.0,195.0,0.5054186224427504,0.01117095054193058,2.0,2.0,0.34178339608469793,0.0032903652329300532
13.0,200.0,0.4299942061659401,-0.015084883255362058,2.0,2.0,0.34178339608469793,0.0032903652329300532
13.0,205.0,0.3577978179439576,-0.014439277644396498,2.0,2.0,0.34178339608469793,0.0032903652329300532
13.0,210.0,0.18653851588945614,-0.034251860410900295,2.0,1.0,0.34178339608469793,0.0032903652329300532
13.0,215.0,0.0704421784473972,-0.02321926748841179,2.0,2.0,0.34178339608469793,0.0032903652329300532
13.0,220.0,-0.006221745060013717,-0.015332784701482183,2.0,2.0,0.34178339608469793,0.0032903652329300532
13.0,225.0,0.04130055008521438,0.00950445902904562,2.0,2.0,0.34178339608469793,0.0032903652329300532
13.0,230.0,0.06015070231478603,0.0037700304459143295,2.0,2.0,0.34178339608469793,0.0032903652329300532
13.0,235.0,0.13512719855151545,0.014995299247345883,2.0,2.0,0.34178339608469793,0.0032903652329300532
13.0,240.0,0.17447339327528866,0.007869238944754641,2.0,2.0,0.34178339608469793,0.0032903652329300532
13.0,245.0,0.25797951025841925,0.01670122339662612,2.0,2.0,0.34178339608469793,0.0032903652329300532
13.0,250.0,0.26032714870941476,0.0004695276901991008,2.0,2.0,0.34178339608469793,0.0032903652329300532
13.0,255.0,0.20453026338778102,-0.011159377064326747,2.0,2.0,0.34178339608469793,0.0032903652329300532
13.0,260.0,0.15965103032531403,-0.008975846612493399,2.0,2.0,0.34178339608469793,0.0032903652329300532
13.0,265.0,0.10953136143371012,-0.010023933778320782,2.0,2.0,0.34178339608469793,0.0032903652329300532
13.0,270.0,0.09554376687949073,-0.002797518910843877,2.0,2.0,0.34178339608469793,0.0032903652329300532
13.0,275.0,0.06252502285598993,-0.00660374880470016,2.0,2.0,0.34178339608469793,0.0032903652329300532
13.0,280.0,0.04294349598216485,-0.003916305374765017,2.0,2.0,0.34178339608469793,0.0032903652329300532
13.0,285.0,0.04264867358860158,-5.896447871265309e-05,2.0,2.0,0.34178339608469793,0.0032903652329300532
13.0,290.0,0.10771569193929054,0.01301340367013779,2.0,2.0,0.34178339608469793,0.0032903652329300532
13.0,295.0,0.1230358597384047,0.003064033559822832,2.0,2.0,0.34178339608469793,0.0032903652329300532
13.0,300.0,0.10429781734005417,-0.003747608479670106,2.0,2.0,0.34178339608469793,0.0032903652329300532
14.0,0.0,1.0649838099141462,0.0,3.0,2.0,0.9853985380839845,0.00020605771866578782
14.0,5.0,1.2379069003372507,0.0345846180846209,3.0,3.0,0.9853985380839845,0.00020605771866578782
14.0,10.0,1.3995751852986906,0.03233365699228798,3.0,3.0,0.9853985380839845,0.00020605771866578782
14.0,15.0,1.3960405694252884,-0.0007069231746804405,3.0,2.0,0.9853985380839845,0.00020605771866578782
14.0,20.0,1.033887571380884,-0.0724305996088809,3.0,1.0,0.9853985380839845,0.00020605771866578782
14.0,25.0,0.4246329956131625,-0.12185091515354429,2.0,1.0,0.9853985380839845,0.00020605771866578782
14.0,30.0,-0.0673088591315576,-0.09838837094894401,2.0,1.0,0.9853985380839845,0.00020605771866578782
14.0,35.0,-0.4992265294344662,-0.08638353406058172,1.0,1.0,0.9853985380839845,0.00020605771866578782
14.0,40.0,-0.5204430207463915,-0.004243298262385053,1.0,2.0,0.9853985380839845,0.00020605771866578782
14.0,45.0,-0.3130406711133631,0.04148046992660568,2.0,3.0,0.9853985380839845,0.00020605771866578782
14.0,50.0,-0.03571870118253884,0.05546439398616485,2.0,3.0,0.9853985380839845,0.00020605771866578782
14.0,55.0,0.27339216265415445,0.06182217276733866,2.0,3.0,0.9853985380839845,0.00020605771866578782
14.0,60.0,0.5688448330039755,0.05909053406996421,2.0,3.0,0.9853985380839845,0.00020605771866578782
14.0,65.0,0.7221974749696081,0.030670528393126516,2.0,3.0,0.9853985380839845,0.00020605771866578782
14.0,70.0,0.6460873840802712,-0.015222018177867369,2.0,2.0,0.9853985380839845,0.00020605771866578782
14.0,75.0,0.36939015254024454,-0.05533944630800534,2.0,1.0,0.9853985380839845,0.00020605771866578782
14.0,80.0,0.12576691127717865,-0.048724648252613176,2.0,1.0,0.9853985380839845,0.00020605771866578782
14.0,85.0,-0.009875907223239722,-0.027128563700083673,2.0,1.0,0.9853985380839845,0.00020605771866578782
14.0,90.0,0.007604568492723729,0.00349609514319269,2.0,2.0,0.9853985380839845,0.00020605771866578782
14.0,95.0,0.19906720745918705,0.03829252779329266,2.0,3.0,0.9853985380839845,0.00020605771866578782
14.0,100.0,0.5023383339669962,0.06065422530156184,2.0,3.0,0.9853985380839845,0.00020605771866578782
14.0,105.0,0.6988224383559363,0.039296820877788005,2.0,3.0,0.9853985380839845,0.00020605771866578782
14.0,110.0,0.6817617467288173,-0.0034121383254237967,2.0,2.0,0.9853985380839845,0.00020605771866578782
14.0,115.0,0.5411966129608885,-0.028113026753585756,2.0,1.0,0.9853985380839845,0.00020605771866578782
14.0,120.0,0.2377737626133758,-0.06068457006950254,2.0,1.0,0.9853985380839845,0.00020605771866578782
14.0,125.0,0.0012586848253519634,-0.047303015557604765,2.0,1.0,0.9853985380839845,0.00020605771866578782
14.0,130.0,-0.07366244306343717,-0.014984225577757826,2.0,2.0,0.9853985380839845,0.00020605771866578782
14.0,135.0,0.08134996514736059,0.031002481642159553,2.0,3.0,0.9853985380839845,0.00020605771866578782
14.0,140.0,0.3227826711598958,0.04828654120250704,2.0,3.0,0.9853985380839845,0.00020605771866578782
14.0,145.0,0.5219985914904797,0.039843184066116775,2.0,3.0,0.9853985380839845,0.00020605771866578782
14.0,150.0,0.6552384280463208,0.02664796731116823,2.0,3.0,0.9853985380839845,0.00020605771866578782
14.0,155.0,0.5924871170595907,-0.01255026219734603,2.0,2.0,0.9853985380839845,0.00020605771866578782
14.0,160.0,0.3821127439740195,-0.04207487461711423,2.0,1.0,0.9853985380839845,0.00020605771866578782
14.0,165.0,0.1662486400484191,-0.04317282078512008,2.0,1.0,0.9853985380839845,0.00020605771866578782
14.0,170.0,0.01936270107576732,-0.029377187794530357,2.0,1.0,0.9853985380839845,0.00020605771866578782
14.0,175.0,-1.9706091501844334,-0.39799437025204015,0.0,0.0,0.9853985380839845,0.00020605771866578782
14.0,180.0,-1.7522397308331819,0.043673883870250306,1.0,3.0,0.9853985380839845,0.00020605771866578782
14.0,185.0,-1.4904644022752862,0.05235506571157913,1.0,3.0,0.9853985380839845,0.00020605771866578782
14.0,190.0,-1.2212416091487093,0.053844558625315384,1.0,3.0,0.9853985380839845,0.00020605771866578782
14.0,195.0,-0.9008914745665493,0.064070026916432,1.0,3.0,0.9853985380839845,0.00020605771866578782
14.0,200.0,-0.5970516758317537,0.06076795974695912,1.0,3.0,0.9853985380839845,0.00020605771866578782
14.0,205.0,-0.3355239876001299,0.05230553764632475,2.0,3.0,0.9853985380839845,0.00020605771866578782
14.0,210.0,-0.06010170266456072,0.05508445698711384,2.0,3.0,0.9853985380839845,0.00020605771866578782
14.0,215.0,0.16011417756200075,0.04404317604531229,2.0,3.0,0.9853985380839845,0.00020605771866578782
14.0,220.0,0.4239409090480528,0.052765346297210414,2.0,3.0,0.9853985380839845,0.00020605771866578782
14.0,225.0,0.6069202145829529,0.03659586110698001,2.0,3.0,0.9853985380839845,0.00020605771866578782
14.0,230.0,0.5700988794552337,-0.007364267025543825,2.0,2.0,0.9853985380839845,0.00020605771866578782
14.0,235.0,0.3885402391852679,-0.036311728053993166,2.0,1.0,0.9853985380839845,0.00020605771866578782
14.0,240.0,0.15208075119834064,-0.04729189759738546,2.0,1.0,0.9853985380839845,0.00020605771866578782
14.0,245.0,-0.03375755886004583,-0.037167662011677295,2.0,1.0,0.9853985380839845,0.00020605771866578782
14.0,250.0,-0.0714071358297943,-0.007529915393949693,2.0,2.0,0.9853985380839845,0.00020605771866578782
14.0,255.0,0.08614068042026801,0.03150956325001246,2.0,3.0,0.9853985380839845,0.00020605771866578782
14.0,260.0,0.30702651257158564,0.04417716643026352,2.0,3.0,0.9853985380839845,0.00020605771866578782
14.0,265.0,0.4890201935287237,0.03639873619142762,2.0,3.0,0.9853985380839845,0.00020605771866578782
14.0,270.0,0.5788885187573278,0.017973665045720823,2.0,2.0,0.9853985380839845,0.00020605771866578782
14.0,275.0,0.504980932074286,-0.014781517336608374,2.0,2.0,0.9853985380839845,0.00020605771866578782
14.0,280.0,0.20814807370142674,-0.05936657167457184,2.0,1.0,0.9853985380839845,0.00020605771866578782
14.0,285.0,0.043720697616592474,-0.03288547521696685,2.0,1.0,0.9853985380839845,0.00020605771866578782
14.0,290.0,-0.0251410128717815,-0.013772342097674795,2.0,2.0,0.9853985380839845,0.00020605771866578782
14.0,295.0,0.036180440769427946,0.01226429072824189,2.0,2.0,0.9853985380839845,0.00020605771866578782
14.0,300.0,0.23948670038540953,0.04066125192319632,2.0,3.0,0.9853985380839845,0.00020605771866578782
15.0,0.0,3.2874949668508577,0.0,4.0,2.0,1.5000000000000004,0.07999999999999999
15.0,5.0,3.387673500744995,0.02003570677882749,4.0,2.0,1.5000000000000004,0.07999999999999999
15.0,10.0,3.5670434426070123,0.03587398837240343,4.0,3.0,1.5000000000000004,0.07999999999999999
15.0,15.0,3.6625829647114116,0.01910790442087986,4.0,2.0,1.5000000000000004,0.07999999999999999
15.0,20.0,3.643336089002215,-0.0038493751418393176,4.0,2.0,1.5000000000000004,0.07999999999999999
15.0,25.0,3.437126032088848,-0.04124201138267338,4.0,1.0,1.5000000000000004,0.07999999999999999
15.0,30.0,3.1937038733229457,-0.04868443175318049,3.0,1.0,1.5000000000000004,0.07999999999999999
15.0,35.0,2.887026214322958,-0.06133553179999751,3.0,1.0,1.5000000000000004,0.07999999999999999
15.0,40.0,2.610624927838426,-0.0552802572969064,3.0,1.0,1.5000000000000004,0.07999999999999999
15.0,45.0,2.323622872786242,-0.05740041101043687,3.0,1.0,1.5000000000000004,0.07999999999999999
15.0,50.0,1.9990830529736208,-0.06490796396252421,3.0,1.0,1.5000000000000004,0.07999999999999999
15.0,55.0,1.6976481128184737,-0.06028698803102941,3.0,1.0,1.5000000000000004,0.07999999999999999
15.0,60.0,1.417628643232085,-0.05600389391727774,3.0,1.0,1.5000000000000004,0.07999999999999999
15.0,65.0,1.1175697608543338,-0.06001177647555025,3.0,1.0,1.5000000000000004,0.07999999999999999
15.0,70.0,0.7965163064493836,-0.06421069088099003,3.0,1.0,1.5000000000000004,0.07999999999999999
15.0,75.0,0.5544729642600537,-0.048408668437865995,2.0,1.0,1.5000000000000004,0.07999999999999999
15.0,80.0,0.2725527593614139,-0.056384040979727955,2.0,1.0,1.5000000000000004,0.07999999999999999
15.0,85.0,0.02015214782095498,-0.05048012230809178,2.0,1.0,1.5000000000000004,0.07999999999999999
15.0,90.0,-0.18540688758660906,-0.04111180708151281,2.0,1.0,1.5000000000000004,0.07999999999999999
15.0,95.0,-0.29121140245666766,-0.02116090297401172,2.0,2.0,1.5000000000000004,0.07999999999999999
15.0,100.0,-0.2777863365491271,0.0026850131815081115,2.0,2.0,1.5000000000000004,0.07999999999999999
15.0,105.0,-0.11302566827984606,0.03295213365385621,2.0,3.0,1.5000000000000004,0.07999999999999999
15.0,110.0,0.08017267059722144,0.0386396677754135,2.0,3.0,1.5000000000000004,0.07999999999999999
15.0,115.0,0.2668560853636528,0.03733668295328627,2.0,3.0,1.5000000000000004,0.07999999999999999
15.0,120.0,0.4891781960874688,0.044464422144763205,2.0,3.0,1.5000000000000004,0.07999999999999999
15.0,125.0,0.5714839043146647,0.01646114164543917,2.0,2.0,1.5000000000000004,0.07999999999999999
15.0,130.0,0.6049220395590353,0.006687627048874134,2.0,2.0,1.5000000000000004,0.07999999999999999
15.0,135.0,0.43552733908193986,-0.0338789400954191,2.0,1.0,1.5000000000000004,0.07999999999999999
15.0,140.0,0.24716887211928196,-0.03767169339253158,2.0,1.0,1.5000000000000004,0.07999999999999999
15.0,145.0,0.04956654194613108,-0.03952046603463018,2.0,1.0,1.5000000000000004,0.07999999999999999
15.0,150.0,-0.1544945094978516,-0.04081221028879654,2.0,1.0,1.5000000000000004,0.07999999999999999
15.0,155.0,-0.3007197920592617,-0.02924505651228202,2.0,1.0,1.5000000000000004,0.07999999999999999
15.0,160.0,-0.3726872466116049,-0.014393490910468643,2.0,2.0,1.5000000000000004,0.07999999999999999
15.0,165.0,-0.3109017461844026,0.012357100085440465,2.0,2.0,1.5000000000000004,0.07999999999999999
15.0,170.0,-0.11523999399099338,0.03913235043868184,2.0,3.0,1.5000000000000004,0.07999999999999999
15.0,175.0,0.05856431240936999,0.03476086128007268,2.0,3.0,1.5000000000000004,0.07999999999999999
15.0,180.0,0.3140936910203713,0.05110587572220027,2.0,3.0,1.5000000000000004,0.07999999999999999
15.0,185.0,0.49383677895492184,0.035948617586910106,2.0,3.0,1.5000000000000004,0.07999999999999999
15.0,190.0,0.558725028128034,0.01297764983462244,2.0,2.0,1.5000000000000004,0.07999999999999999
15.0,195.0,0.5094011575642021,-0.009864774112766383,2.0,2.0,1.5000000000000004,0.07999999999999999
15.0,200.0,0.3418533012946483,-0.03350957125391076,2.0,1.0,1.5000000000000004,0.07999999999999999
15.0,205.0,0.16794972960676446,-0.03478071433757677,2.0,1.0,1.5000000000000004,0.07999999999999999
15.0,210.0,-0.10132711368929037,-0.053855368659210964,2.0,1.0,1.5000000000000004,0.07999999999999999
15.0,215.0,-0.2763536270364746,-0.03500530266943684,2.0,1.0,1.5000000000000004,0.07999999999999999
15.0,220.0,-0.4275549732554822,-0.03024026924380152,1.0,1.0,1.5000000000000004,0.07999999999999999
15.0,225.0,-0.45849748767221143,-0.006188502883345848,1.0,2.0,1.5000000000000004,0.07999999999999999
15.0,230.0,-0.33118938453599256,0.025461620627243775,2.0,3.0,1.5000000000000004,0.07999999999999999
15.0,235.0,-0.1640678568053957,0.03342430554611937,2.0,3.0,1.5000000000000004,0.07999999999999999
15.0,240.0,0.04338180367769695,0.04148993209661853,2.0,3.0,1.5000000000000004,0.07999999999999999
15.0,245.0,0.3060171398820337,0.05252706724086735,2.0,3.0,1.5000000000000004,0.07999999999999999
15.0,250.0,0.48335801833514225,0.0354681756906217,2.0,3.0,1.5000000000000004,0.07999999999999999
15.0,255.0,0.5473465594566349,0.012797708224298533,2.0,2.0,1.5000000000000004,0.07999999999999999
15.0,260.0,0.510516963944351,-0.007365919102456786,2.0,2.0,1.5000000000000004,0.07999999999999999
15.0,265.0,0.35361694373980157,-0.03138000404090988,2.0,1.0,1.5000000000000004,0.07999999999999999
15.0,270.0,0.15105022896680964,-0.04051334295459839,2.0,1.0,1.5000000000000004,0.07999999999999999
15.0,275.0,-0.09415315515510159,-0.04904067682438225,2.0,1.0,1.5000000000000004,0.07999999999999999
15.0,280.0,-0.3069291038750812,-0.04255518974399593,2.0,1.0,1.5000000000000004,0.07999999999999999
15.0,285.0,-0.4274742072779638,-0.02410902068057652,1.0,2.0,1.5000000000000004,0.07999999999999999
15.0,290.0,-0.4341158582098643,-0.0013283301863801001,1.0,2.0,1.5000000000000004,0.07999999999999999
15.0,295.0,-0.29523445129699866,0.027776281382573133,2.0,3.0,1.5000000000000004,0.07999999999999999
15.0,300.0,-0.16779691758272364,0.025487506742855003,2.0,3.0,1.5000000000000004,0.07999999999999999
16.0,0.0,0.6805810079615213,0.0,2.0,2.0,0.8327216740959508,0.0023285830727938907
16.0,5.0,0.8855369131554518,0.040991181038786094,3.0,3.0,0.8327216740959508,0.0023285830727938907
16.0,10.0,1.129562248928238,0.048805067154557236,3.0,3.0,0.8327216740959508,0.0023285830727938907
16.0,15.0,1.2919205705018513,0.03247166431472266,3.0,3.0,0.8327216740959508,0.0023285830727938907
16.0,20.0,1.2830889736783355,-0.0017663193647031506,3.0,2.0,0.8327216740959508,0.0023285830727938907
16.0,25.0,1.1090861514419679,-0.03480056444727353,3.0,1.0,0.8327216740959508,0.0023285830727938907
16.0,30.0,0.723875009740901,-0.07704222834021338,2.0,1.0,0.8327216740959508,0.0023285830727938907
16.0,35.0,0.2876256122299061,-0.08724987950219898,2.0,1.0,0.8327216740959508,0.0023285830727938907
16.0,40.0,-0.13967807421980893,-0.08546073728994301,2.0,1.0,0.8327216740959508,0.0023285830727938907
16.0,45.0,-0.5190560915085385,-0.07587560345774591,1.0,1.0,0.8327216740959508,0.0023285830727938907
16.0,50.0,-0.6920803399169841,-0.03460484968168913,1.0,1.0,0.8327216740959508,0.0023285830727938907
16.0,55.0,-0.6251205280041816,0.013391962382560508,1.0,2.0,0.8327216740959508,0.0023285830727938907
16.0,60.0,-0.41357031679309486,0.04231004224221735,1.0,3.0,0.8327216740959508,0.0023285830727938907
16.0,65.0,-0.15836849665880948,0.05104036402685708,2.0,3.0,0.8327216740959508,0.0023285830727938907
16.0,70.0,0.11311809683261487,0.05429731869828487,2.0,3.0,0.8327216740959508,0.0023285830727938907
16.0,75.0,0.36868186945317305,0.05111275452411164,2.0,3.0,0.8327216740959508,0.0023285830727938907
16.0,80.0,0.6587365351537677,0.05801093314011894,2.0,3.0,0.8327216740959508,0.0023285830727938907
16.0,85.0,0.8980083136723138,0.04785435570370922,3.0,3.0,0.8327216740959508,0.0023285830727938907
16.0,90.0,0.9855928960945057,0.017516916484438382,3.0,2.0,0.8327216740959508,0.0023285830727938907
16.0,95.0,0.9393929702412578,-0.009239985170649589,3.0,2.0,0.8327216740959508,0.0023285830727938907
16.0,100.0,1.9297677185342224,0.1980749496585929,3.0,4.0,0.8327216740959508,0.0023285830727938907
16.0,105.0,1.6307335512667365,-0.059806833453497174,3.0,1.0,0.8327216740959508,0.0023285830727938907
16.0,110.0,1.2161911958277116,-0.08290847108780497,3.0,1.0,0.8327216740959508,0.0023285830727938907
16.0,115.0,0.8479254107042742,-0.07365315702468749,3.0,1.0,0.8327216740959508,0.0023285830727938907
16.0,120.0,0.35795328345909994,-0.09799442544903485,2.0,1.0,0.8327216740959508,0.0023285830727938907
16.0,125.0,-0.08025957108675996,-0.08764257090917198,2.0,1.0,0.8327216740959508,0.0023285830727938907
16.0,130.0,-0.4796592802681836,-0.07987994183628473,1.0,1.0,0.8327216740959508,0.0023285830727938907
16.0,135.0,-0.7319528660640486,-0.05045871715917301,1.0,1.0,0.8327216740959508,0.0023285830727938907
16.0,140.0,-0.7146396122688685,0.0034626507590360235,1.0,2.0,0.8327216740959508,0.0023285830727938907
16.0,145.0,-0.4984728105970895,0.043233360334355805,1.0,3.0,0.8327216740959508,0.0023285830727938907
16.0,150.0,-0.2184080440225067,0.056012953314916555,2.0,3.0,0.8327216740959508,0.0023285830727938907
16.0,155.0,0.09542290081646243,0.06276618896779382,2.0,3.0,0.8327216740959508,0.0023285830727938907
16.0,160.0,0.4249193989093065,0.06589929961856882,2.0,3.0,0.8327216740959508,0.0023285830727938907
16.0,165.0,0.7287317785712482,0.06076247593238833,2.0,3.0,0.8327216740959508,0.0023285830727938907
16.0,170.0,0.9271971940599002,0.03969308309773041,3.0,3.0,0.8327216740959508,0.0023285830727938907
16.0,175.0,1.0023129926996646,0.015023159727952873,3.0,2.0,0.8327216740959508,0.0023285830727938907
16.0,180.0,0.9382190356035842,-0.01281879141921607,3.0,2.0,0.8327216740959508,0.0023285830727938907
16.0,185.0,0.6737588162900714,-0.05289204386270256,2.0,1.0,0.8327216740959508,0.0023285830727938907
16.0,190.0,0.2878551533861504,-0.0771807325807842,2.0,1.0,0.8327216740959508,0.0023285830727938907
16.0,195.0,-0.09578757129244764,-0.07672854493571961,2.0,1.0,0.8327216740959508,0.0023285830727938907
16.0,200.0,-0.44978853200628777,-0.07080019214276803,1.0,1.0,0.8327216740959508,0.0023285830727938907
16.0,205.0,-0.6009752200529448,-0.030237337609331404,1.0,1.0,0.8327216740959508,0.0023285830727938907
16.0,210.0,-0.5488529210006519,0.010424459810458586,1.0,2.0,0.8327216740959508,0.0023285830727938907
16.0,215.0,-0.317700308170771,0.04623052256597617,2.0,3.0,0.8327216740959508,0.0023285830727938907
16.0,220.0,-0.023220899957831165,0.058895881642587966,2.0,3.0,0.8327216740959508,0.0023285830727938907
16.0,225.0,0.2510497972145771,0.054854139434481655,2.0,3.0,0.8327216740959508,0.0023285830727938907
16.0,230.0,0.5668617132932674,0.06316238321573805,2.0,3.0,0.8327216740959508,0.0023285830727938907
16.0,235.0,0.792792357154255,0.04518612877219752,3.0,3.0,0.8327216740959508,0.0023285830727938907
16.0,240.0,0.929951005625238,0.027431729694196605,3.0,3.0,0.8327216740959508,0.0023285830727938907
16.0,245.0,0.8883259381337645,-0.008325013498294708,3.0,2.0,0.8327216740959508,0.0023285830727938907
16.0,250.0,0.6537775107972124,-0.046909685467310426,2.0,1.0,0.8327216740959508,0.0023285830727938907
16.0,255.0,0.3207324245059411,-0.06660901725825426,2.0,1.0,0.8327216740959508,0.0023285830727938907
16.0,260.0,-0.056466369609943,-0.07543975882317681,2.0,1.0,0.8327216740959508,0.0023285830727938907
16.0,265.0,-0.41076668717592923,-0.07086006351319725,1.0,1.0,0.8327216740959508,0.0023285830727938907
16.0,270.0,-0.6054494122234466,-0.03893654500950348,1.0,1.0,0.8327216740959508,0.0023285830727938907
16.0,275.0,-0.6195650378941018,-0.002823125134131033,1.0,2.0,0.8327216740959508,0.0023285830727938907
16.0,280.0,-0.4055729610540446,0.04279841536801143,1.0,3.0,0.8327216740959508,0.0023285830727938907
16.0,285.0,-0.11264078772991581,0.05858643466482576,2.0,3.0,0.8327216740959508,0.0023285830727938907
16.0,290.0,0.14153058214061787,0.05083427397410674,2.0,3.0,0.8327216740959508,0.0023285830727938907
16.0,295.0,0.446191044508236,0.06093209247352362,2.0,3.0,0.8327216740959508,0.0023285830727938907
16.0,300.0,0.725439253166833,0.0558496417317194,2.0,3.0,0.8327216740959508,0.0023285830727938907
17.0,0.0,-4.361215788625245,0.0,0.0,2.0,1.3729666069730408,0.0017217327573252586
17.0,5.0,-4.176438850244569,0.03695538767613513,0.0,3.0,1.3729666069730408,0.0017217327573252586
17.0,10.0,-3.80789027554534,0.07370971493984584,0.0,3.0,1.3729666069730408,0.0017217327573252586
17.0,15.0,-3.437387256719102,0.07410060376524755,0.0,3.0,1.3729666069730408,0.0017217327573252586
17.0,20.0,-1.9706553092660926,0.29334638949060193,0.0,4.0,1.3729666069730408,0.0017217327573252586
17.0,25.0,-1.6799989838253886,0.058131265088140795,1.0,3.0,1.3729666069730408,0.0017217327573252586
17.0,30.0,-1.350304211463211,0.06593895447243554,1.0,3.0,1.3729666069730408,0.0017217327573252586
17.0,35.0,-1.0471650626546705,0.06062782976170809,1.0,3.0,1.3729666069730408,0.0017217327573252586
17.0,40.0,-0.7235393281604594,0.0647251468988422,1.0,3.0,1.3729666069730408,0.0017217327573252586
17.0,45.0,-0.43688021884130634,0.05733182186383061,1.0,3.0,1.3729666069730408,0.0017217327573252586
17.0,50.0,-0.2059763321951138,0.04618077732923851,2.0,3.0,1.3729666069730408,0.0017217327573252586
17.0,55.0,0.09336609031030463,0.05986848450108369,2.0,3.0,1.3729666069730408,0.0017217327573252586
17.0,60.0,0.38266451128375323,0.05785968419468972,2.0,3.0,1.3729666069730408,0.0017217327573252586
17.0,65.0,0.6204358551720546,0.047554268777660266,2.0,3.0,1.3729666069730408,0.0017217327573252586
17.0,70.0,0.6779106908081118,0.011494967127211453,2.0,2.0,1.3729666069730408,0.0017217327573252586
17.0,75.0,0.7032133303122059,0.005060527900818812,2.0,2.0,1.3729666069730408,0.0017217327573252586
17.0,80.0,0.6330184072116474,-0.014038984620111706,2.0,2.0,1.3729666069730408,0.0017217327573252586
17.0,85.0,0.22696570832674468,-0.08121053977698053,2.0,1.0,1.3729666069730408,0.0017217327573252586
17.0,90.0,-0.19221718238924979,-0.08383657814319889,2.0,1.0,1.3729666069730408,0.0017217327573252586
17.0,95.0,-0.574307306554477,-0.07641802483304545,1.0,1.0,1.3729666069730408,0.0017217327573252586
17.0,100.0,-0.7557714551509918,-0.03629282971930294,1.0,1.0,1.3729666069730408,0.0017217327573252586
17.0,105.0,-0.6455357907686121,0.022047132876475927,1.0,2.0,1.3729666069730408,0.0017217327573252586
17.0,110.0,-0.3995607807885193,0.04919500199601856,1.0,3.0,1.3729666069730408,0.0017217327573252586
17.0,115.0,-0.15464681320813156,0.04898279351607755,2.0,3.0,1.3729666069730408,0.0017217327573252586
17.0,120.0,0.08564221476200728,0.048057805594027767,2.0,3.0,1.3729666069730408,0.0017217327573252586
17.0,125.0,0.3627235432778875,0.05541626570317604,2.0,3.0,1.3729666069730408,0.0017217327573252586
17.0,130.0,0.6418972982325677,0.055834750990936044,2.0,3.0,1.3729666069730408,0.0017217327573252586
17.0,135.0,0.7078666098295869,0.013193862319403848,2.0,2.0,1.3729666069730408,0.0017217327573252586
17.0,140.0,0.7316068578295969,0.0047480496000019915,2.0,2.0,1.3729666069730408,0.0017217327573252586
17.0,145.0,0.5238432860703917,-0.04155271435184105,2.0,1.0,1.3729666069730408,0.0017217327573252586
17.0,150.0,0.1821919256061726,-0.06833027209284381,2.0,1.0,1.3729666069730408,0.0017217327573252586
17.0,155.0,-0.3061171843614119,-0.09766182199351689,2.0,1.0,1.3729666069730408,0.0017217327573252586
17.0,160.0,-0.5902709298173505,-0.056830749091187724,1.0,1.0,1.3729666069730408,0.0017217327573252586
17.0,165.0,-0.7102938054193721,-0.024004575120404326,1.0,2.0,1.3729666069730408,0.0017217327573252586
17.0,170.0,-0.598414064358078,0.022375948212258835,1.0,2.0,1.3729666069730408,0.0017217327573252586
17.0,175.0,-0.35601061029667846,0.0484806908122799,2.0,3.0,1.3729666069730408,0.0017217327573252586
17.0,180.0,-0.10125007887402404,0.05095210628453088,2.0,3.0,1.3729666069730408,0.0017217327573252586
17.0,185.0,0.22407173369824207,0.06506436251445322,2.0,3.0,1.3729666069730408,0.0017217327573252586
17.0,190.0,0.45948731203973736,0.04708311566829906,2.0,3.0,1.3729666069730408,0.0017217327573252586
17.0,195.0,0.5915248720005231,0.02640751199215714,2.0,3.0,1.3729666069730408,0.0017217327573252586
17.0,200.0,0.7130670049081154,0.02430842658151846,2.0,2.0,1.3729666069730408,0.0017217327573252586
17.0,205.0,0.6572718953133148,-0.011159021918960121,2.0,2.0,1.3729666069730408,0.0017217327573252586
17.0,210.0,0.4120773433540883,-0.04903891039184529,2.0,1.0,1.3729666069730408,0.0017217327573252586
17.0,215.0,-0.0666742159476641,-0.09575031186035048,2.0,1.0,1.3729666069730408,0.0017217327573252586
17.0,220.0,-0.3618957447608224,-0.059044305762631664,2.0,1.0,1.3729666069730408,0.0017217327573252586
17.0,225.0,-0.6605620461739505,-0.05973326028262562,1.0,1.0,1.3729666069730408,0.0017217327573252586
17.0,230.0,-0.6302618165726308,0.006060045920263946,1.0,2.0,1.3729666069730408,0.0017217327573252586
17.0,235.0,-0.4300017638176712,0.040052010550991925,1.0,3.0,1.3729666069730408,0.0017217327573252586
17.0,240.0,-0.1719950427211785,0.05160134421929854,2.0,3.0,1.3729666069730408,0.0017217327573252586
17.0,245.0,0.14014716133867822,0.06242844081197134,2.0,3.0,1.3729666069730408,0.0017217327573252586
17.0,250.0,0.33508514403776246,0.03898759653981685,2.0,3.0,1.3729666069730408,0.0017217327573252586
17.0,255.0,0.6749697875367815,0.0679769286998038,2.0,3.0,1.3729666069730408,0.0017217327573252586
17.0,260.0,0.7544872798940574,0.01590349847145518,3.0,2.0,1.3729666069730408,0.0017217327573252586
17.0,265.0,0.7102472639201061,-0.008848003194790266,2.0,2.0,1.3729666069730408,0.0017217327573252586
17.0,270.0,0.5943319382251921,-0.023183065138982783,2.0,2.0,1.3729666069730408,0.0017217327573252586
17.0,275.0,0.1596728407599599,-0.08693181949304644,2.0,1.0,1.3729666069730408,0.0017217327573252586
17.0,280.0,-0.20648974734914916,-0.07323251762182181,2.0,1.0,1.3729666069730408,0.0017217327573252586
17.0,285.0,-0.5668601633568358,-0.07207408320153733,1.0,1.0,1.3729666069730408,0.0017217327573252586
17.0,290.0,-0.7094217895374619,-0.028512325236125236,1.0,1.0,1.3729666069730408,0.0017217327573252586
17.0,295.0,-0.6441852764439524,0.013047302618701906,1.0,2.0,1.3729666069730408,0.0017217327573252586
17.0,300.0,-0.4321721974847783,0.04240261579183482,1.0,3.0,1.3729666069730408,0.0017217327573252586
18.0,0.0,1.4751648416149408,0.0,3.0,2.0,1.2415666361741309,0.00024307678194467072
18.0,5.0,1.5490199176855874,0.014771015214129334,3.0,2.0,1.2415666361741309,0.00024307678194467072
18.0,10.0,1.6675098283826486,0.02369798213941223,3.0,2.0,1.2415666361741309,0.00024307678194467072
18.0,15.0,1.7976185663213293,0.026021747587736142,3.0,3.0,1.2415666361741309,0.00024307678194467072
18.0,20.0,1.7563127467942259,-0.008261163905420688,3.0,2.0,1.2415666361741309,0.00024307678194467072
18.0,25.0,1.5705719423071045,-0.03714816089742427,3.0,1.0,1.2415666361741309,0.00024307678194467072
18.0,30.0,1.306858951874755,-0.05274259808646988,3.0,1.0,1.2415666361741309,0.00024307678194467072
18.0,35.0,0.9788377980269658,-0.06560423076955786,3.0,1.0,1.2415666361741309,0.00024307678194467072
18.0,40.0,0.5953625240276672,-0.07669505479985972,2.0,1.0,1.2415666361741309,0.00024307678194467072
18.0,45.0,0.17620942755058522,-0.0838306192954164,2.0,1.0,1.2415666361741309,0.00024307678194467072
18.0,50.0,-0.14203104592674265,-0.06364809469546558,2.0,1.0,1.2415666361741309,0.00024307678194467072
18.0,55.0,-0.46149204355065976,-0.06389219952478342,1.0,1.0,1.2415666361741309,0.00024307678194467072
18.0,60.0,-0.7639866900035059,-0.060498929290569235,1.0,1.0,1.2415666361741309,0.00024307678194467072
18.0,65.0,-0.7884699165372169,-0.004896645306742187,1.0,2.0,1.2415666361741309,0.00024307678194467072
18.0,70.0,-0.8135208037897037,-0.005010177450497366,1.0,2.0,1.2415666361741309,0.00024307678194467072
18.0,75.0,-0.6435666934414677,0.03399082206964721,1.0,3.0,1.2415666361741309,0.00024307678194467072
18.0,80.0,-0.517362035006375,0.02524093168701853,1.0,3.0,1.2415666361741309,0.00024307678194467072
18.0,85.0,-0.3901799182538461,0.025436423350505777,1.0,3.0,1.2415666361741309,0.00024307678194467072
18.0,90.0,-0.1971007113993153,0.038615841370906165,2.0,3.0,1.2415666361741309,0.00024307678194467072
18.0,95.0,-0.02969978035386589,0.03348018620908988,2.0,3.0,1.2415666361741309,0.00024307678194467072
18.0,100.0,0.13399392923718523,0.032738741918210225,2.0,3.0,1.2415666361741309,0.00024307678194467072
18.0,105.0,0.2837979024332,0.02996079463920296,2.0,3.0,1.2415666361741309,0.00024307678194467072
18.0,110.0,-0.8680751198203893,-0.23037460445071786,1.0,0.0,1.2415666361741309,0.00024307678194467072
18.0,115.0,-0.7301268363979077,0.027589656684496332,1.0,3.0,1.2415666361741309,0.00024307678194467072
18.0,120.0,-0.6782852355130018,0.010368320176981171,1.0,2.0,1.2415666361741309,0.00024307678194467072
18.0,125.0,-0.6513548932525772,0.005386068452084914,1.0,2.0,1.2415666361741309,0.00024307678194467072
18.0,130.0,-0.5222010904633514,0.025830760557845167,1.0,3.0,1.2415666361741309,0.00024307678194467072
18.0,135.0,-0.4696755895003939,0.010505100192591498,1.0,2.0,1.2415666361741309,0.00024307678194467072
18.0,140.0,-0.3542808336387857,0.023078951172321636,2.0,2.0,1.2415666361741309,0.00024307678194467072
18.0,145.0,-0.17248843400626868,0.03635847992650341,2.0,3.0,1.2415666361741309,0.00024307678194467072
18.0,150.0,-0.05868094507753696,0.02276149778574634,2.0,2.0,1.2415666361741309,0.00024307678194467072
18.0,155.0,0.07543624400979354,0.0268234378174661,2.0,3.0,1.2415666361741309,0.00024307678194467072
18.0,160.0,0.1645051102662478,0.017813773251290854,2.0,2.0,1.2415666361741309,0.00024307678194467072
18.0,165.0,0.30697303279785615,0.028493584506321668,2.0,3.0,1.2415666361741309,0.00024307678194467072
18.0,170.0,0.4516347456691072,0.028932342574250213,2.0,3.0,1.2415666361741309,0.00024307678194467072
18.0,175.0,0.550459541666033,0.019764959199385146,2.0,2.0,1.2415666361741309,0.00024307678194467072
18.0,180.0,0.5436237577865732,-0.0013671567758919423,2.0,2.0,1.2415666361741309,0.00024307678194467072
18.0,185.0,0.5017279215664416,-0.00837916724402632,2.0,2.0,1.2415666361741309,0.00024307678194467072
18.0,190.0,0.33249376643788153,-0.033846831025712024,2.0,1.0,1.2415666361741309,0.00024307678194467072
18.0,195.0,0.14538778850709022,-0.037421195586158265,2.0,1.0,1.2415666361741309,0.00024307678194467072
18.0,200.0,-0.035471846818452946,-0.03617192706510863,2.0,1.0,1.2415666361741309,0.00024307678194467072
18.0,205.0,-0.20409647424476418,-0.03372492548526225,2.0,1.0,1.2415666361741309,0.00024307678194467072
18.0,210.0,-0.2887738855889843,-0.016935482268844025,2.0,2.0,1.2415666361741309,0.00024307678194467072
18.0,215.0,-0.2550603407334151,0.006742708971113842,2.0,2.0,1.2415666361741309,0.00024307678194467072
18.0,220.0,-0.22076162645598885,0.0068597428554852515,2.0,2.0,1.2415666361741309,0.00024307678194467072
18.0,225.0,-0.06720924239883175,0.03071047681143142,2.0,3.0,1.2415666361741309,0.00024307678194467072
18.0,230.0,0.04634921658120916,0.022711691796008182,2.0,2.0,1.2415666361741309,0.00024307678194467072
18.0,235.0,0.20596443482434879,0.03192304364862793,2.0,3.0,1.2415666361741309,0.00024307678194467072
18.0,240.0,0.29450599630642316,0.017708312296414876,2.0,2.0,1.2415666361741309,0.00024307678194467072
18.0,245.0,0.3815333036900519,0.017405461476725746,2.0,2.0,1.2415666361741309,0.00024307678194467072
18.0,250.0,0.47317894166946317,0.018329127595882254,2.0,2.0,1.2415666361741309,0.00024307678194467072
18.0,255.0,0.4591024575891254,-0.0028152968160675583,2.0,2.0,1.2415666361741309,0.00024307678194467072
18.0,260.0,0.42567258586201717,-0.006685974345421642,2.0,2.0,1.2415666361741309,0.00024307678194467072
18.0,265.0,0.29939783902353057,-0.025254949367697323,2.0,1.0,1.2415666361741309,0.00024307678194467072
18.0,270.0,0.14500230445893791,-0.03087910691291853,2.0,1.0,1.2415666361741309,0.00024307678194467072
18.0,275.0,-0.030800658576190187,-0.03516059260702562,2.0,1.0,1.2415666361741309,0.00024307678194467072
18.0,280.0,-0.09287997539673398,-0.01241586336410876,2.0,2.0,1.2415666361741309,0.00024307678194467072
18.0,285.0,-0.15603455555740808,-0.01263091603213482,2.0,2.0,1.2415666361741309,0.00024307678194467072
18.0,290.0,-0.14816953620877626,0.0015730038697263637,2.0,2.0,1.2415666361741309,0.00024307678194467072
18.0,295.0,-0.058858180510270586,0.017862271139701135,2.0,2.0,1.2415666361741309,0.00024307678194467072
18.0,300.0,0.00866378731379669,0.013504393564813455,2.0,2.0,1.2415666361741309,0.00024307678194467072
19.0,0.0,1.8060313526117042,0.0,3.0,2.0,0.7381542768246873,0.007971531951104728
19.0,5.0,1.9890420868515264,0.03660214684796444,3.0,3.0,0.7381542768246873,0.007971531951104728
19.0,10.0,2.255843088370291,0.05336020030375295,3.0,3.0,0.7381542768246873,0.007971531951104728
19.0,15.0,2.478388473900214,0.044509077105984576,3.0,3.0,0.7381542768246873,0.007971531951104728
19.0,20.0,2.571911233657648,0.018704551951486792,3.0,2.0,0.7381542768246873,0.007971531951104728
19.0,25.0,2.4935684406739256,-0.015668558596744476,3.0,2.0,0.7381542768246873,0.007971531951104728
19.0,30.0,2.0824771591530826,-0.0822182563041686,3.0,1.0,0.7381542768246873,0.007971531951104728
19.0,35.0,1.6723653860534498,-0.08202235461992657,3.0,1.0,0.7381542768246873,0.007971531951104728
19.0,40.0,1.216196265045486,-0.09123382420159273,3.0,1.0,0.7381542768246873,0.007971531951104728
19.0,45.0,0.8157880636270214,-0.08008164028369294,3.0,1.0,0.7381542768246873,0.007971531951104728
19.0,50.0,0.38830862761369644,-0.08549588720266499,2.0,1.0,0.7381542768246873,0.007971531951104728
19.0,55.0,-0.0716516131731666,-0.09199204815737261,2.0,1.0,0.7381542768246873,0.007971531951104728
19.0,60.0,-0.3601433653576045,-0.05769835043688758,2.0,1.0,0.7381542768246873,0.007971531951104728
19.0,65.0,-0.56604444015246,-0.041180214958971104,1.0,1.0,0.7381542768246873,0.007971531951104728
19.0,70.0,-0.44040885859659795,0.025127116311172416,1.0,3.0,0.7381542768246873,0.007971531951104728
19.0,75.0,-0.26913692149187085,0.03425438742094542,2.0,3.0,0.7381542768246873,0.007971531951104728
19.0,80.0,0.061642869547426926,0.06615595820785955,2.0,3.0,0.7381542768246873,0.007971531951104728
19.0,85.0,0.38640167679115933,0.06495176144874648,2.0,3.0,0.7381542768246873,0.007971531951104728
19.0,90.0,0.7093883220299304,0.06459732904775421,2.0,3.0,0.7381542768246873,0.007971531951104728
19.0,95.0,1.03340879118727,0.06480409383146793,3.0,3.0,0.7381542768246873,0.007971531951104728
19.0,100.0,1.249431375089685,0.043204516780483,3.0,3.0,0.7381542768246873,0.007971531951104728
19.0,105.0,1.216934957321957,-0.006499283553545609,3.0,2.0,0.7381542768246873,0.007971531951104728
19.0,110.0,1.0834505925056312,-0.02669687296326515,3.0,1.0,0.7381542768246873,0.007971531951104728
19.0,115.0,0.8555482482422612,-0.045580468852674014,3.0,1.0,0.7381542768246873,0.007971531951104728
19.0,120.0,0.580947701937653,-0.05492010926092163,2.0,1.0,0.7381542768246873,0.007971531951104728
19.0,125.0,0.1766065370419696,-0.08086823297913667,2.0,1.0,0.7381542768246873,0.007971531951104728
19.0,130.0,-0.01031810667393529,-0.03738492874318098,2.0,1.0,0.7381542768246873,0.007971531951104728
19.0,135.0,-0.17617216889840748,-0.033170812444894435,2.0,1.0,0.7381542768246873,0.007971531951104728
19.0,140.0,-0.2792470673814407,-0.02061497969660664,2.0,2.0,0.7381542768246873,0.007971531951104728
19.0,145.0,-0.10345458469729607,0.03515849653682892,2.0,3.0,0.7381542768246873,0.007971531951104728
19.0,150.0,0.0765406476533137,0.035999046470121955,2.0,3.0,0.7381542768246873,0.007971531951104728
19.0,155.0,0.4137852531037396,0.06744892109008518,2.0,3.0,0.7381542768246873,0.007971531951104728
19.0,160.0,0.7836219162905493,0.07396733263736195,3.0,3.0,0.7381542768246873,0.007971531951104728
19.0,165.0,1.07906527377774,0.05908867149743813,3.0,3.0,0.7381542768246873,0.007971531951104728
19.0,170.0,1.2264201339242007,0.029470972029292143,3.0,3.0,0.7381542768246873,0.007971531951104728
19.0,175.0,1.1407731920787718,-0.017129388369085775,3.0,2.0,0.7381542768246873,0.007971531951104728
19.0,180.0,1.0185792793277422,-0.02443878255020593,3.0,2.0,0.7381542768246873,0.007971531951104728
19.0,185.0,0.7583240653158221,-0.05205104280238402,3.0,1.0,0.7381542768246873,0.007971531951104728
19.0,190.0,0.4312716303140043,-0.06541048700036356,2.0,1.0,0.7381542768246873,0.007971531951104728
19.0,195.0,0.10545927515586939,-0.06516247103162698,2.0,1.0,0.7381542768246873,0.007971531951104728
19.0,200.0,-0.11243379325586389,-0.043578613682346654,2.0,1.0,0.7381542768246873,0.007971531951104728
19.0,205.0,-0.2915170201697066,-0.03581664538276854,2.0,1.0,0.7381542768246873,0.007971531951104728
19.0,210.0,-0.32546288990595684,-0.006789173947250049,2.0,2.0,0.7381542768246873,0.007971531951104728
19.0,215.0,-0.24533694629401026,0.016025188722389318,2.0,2.0,0.7381542768246873,0.007971531951104728
19.0,220.0,0.009340403866229252,0.0509354700320479,2.0,3.0,0.7381542768246873,0.007971531951104728
19.0,225.0,0.3745934590687128,0.0730506110404967,2.0,3.0,0.7381542768246873,0.007971531951104728
19.0,230.0,0.7330947315041492,0.07170025448708728,2.0,3.0,0.7381542768246873,0.007971531951104728
19.0,235.0,0.9928154656131944,0.051944146821809055,3.0,3.0,0.7381542768246873,0.007971531951104728
19.0,240.0,1.0849695312780163,0.018430813132964373,3.0,2.0,0.7381542768246873,0.007971531951104728
19.0,245.0,1.138264470539962,0.010658987852389145,3.0,2.0,0.7381542768246873,0.007971531951104728
19.0,250.0,0.9292964318596617,-0.04179360773606007,3.0,1.0,0.7381542768246873,0.007971531951104728
19.0,255.0,0.6584279429524358,-0.054173697781445186,2.0,1.0,0.7381542768246873,0.007971531951104728
19.0,260.0,0.3058406483487701,-0.07051745892073313,2.0,1.0,0.7381542768246873,0.007971531951104728
19.0,265.0,-0.1379656672647407,-0.08876126312270216,2.0,1.0,0.7381542768246873,0.007971531951104728
19.0,270.0,-0.5059932329528891,-0.07360551313762968,1.0,1.0,0.7381542768246873,0.007971531951104728
19.0,275.0,-0.7429047653215548,-0.047382306473733135,1.0,1.0,0.7381542768246873,0.007971531951104728
19.0,280.0,-0.9002298819035666,-0.03146502331640235,1.0,1.0,0.7381542768246873,0.007971531951104728
19.0,285.0,-0.8386166537860582,0.01232264562350167,1.0,2.0,0.7381542768246873,0.007971531951104728
19.0,290.0,-0.5182335636250954,0.06407661803219256,1.0,3.0,0.7381542768246873,0.007971531951104728
19.0,295.0,-0.16585811587232513,0.07047508955055407,2.0,3.0,0.7381542768246873,0.007971531951104728
19.0,300.0,0.10556347314273751,0.05428431780301253,2.0,3.0,0.7381542768246873,0.007971531951104728
20.0,0.0,-0.15651393959862858,0.0,2.0,2.0,0.6444691458728733,0.0003015221728979693
20.0,5.0,0.1358464531599779,0.0584720785517213,2.0,3.0,0.6444691458728733,0.0003015221728979693
20.0,10.0,0.47676471048682245,0.06818365146536891,2.0,3.0,0.6444691458728733,0.0003015221728979693
20.0,15.0,0.8088587327594574,0.066418804454527,3.0,3.0,0.6444691458728733,0.0003015221728979693
20.0,20.0,0.8688518818926774,0.011998629826643991,3.0,2.0,0.6444691458728733,0.0003015221728979693
20.0,25.0,0.7025900431363894,-0.033252367751257596,2.0,1.0,0.6444691458728733,0.0003015221728979693
20.0,30.0,0.34207606911008526,-0.07210279480526083,2.0,1.0,0.6444691458728733,0.0003015221728979693
20.0,35.0,-0.0015664930611869465,-0.06872851243425444,2.0,1.0,0.6444691458728733,0.0003015221728979693
20.0,40.0,-0.14965300246456792,-0.029617301880676194,2.0,1.0,0.6444691458728733,0.0003015221728979693
20.0,45.0,-0.11944718885611394,0.006041162721690796,2.0,2.0,0.6444691458728733,0.0003015221728979693
20.0,50.0,0.19333478438116813,0.06255639464745641,2.0,3.0,0.6444691458728733,0.0003015221728979693
20.0,55.0,0.4910206954673697,0.05953718221724032,2.0,3.0,0.6444691458728733,0.0003015221728979693
20.0,60.0,0.7556767137598648,0.052931203658499015,3.0,3.0,0.6444691458728733,0.0003015221728979693
20.0,65.0,0.7662912632565124,0.002122909899329528,3.0,2.0,0.6444691458728733,0.0003015221728979693
20.0,70.0,0.5994490644515764,-0.033368439760987204,2.0,1.0,0.6444691458728733,0.0003015221728979693
20.0,75.0,0.30694312044835925,-0.058501188800643436,2.0,1.0,0.6444691458728733,0.0003015221728979693
20.0,80.0,-0.006366586737417634,-0.06266194143715538,2.0,1.0,0.6444691458728733,0.0003015221728979693
20.0,85.0,-0.06512761116139387,-0.011752204884795248,2.0,2.0,0.6444691458728733,0.0003015221728979693
20.0,90.0,0.04216909593388962,0.0214593414190567,2.0,2.0,0.6444691458728733,0.0003015221728979693
20.0,95.0,0.2921987765843568,0.05000593613009343,2.0,3.0,0.6444691458728733,0.0003015221728979693
20.0,100.0,0.6013257306371287,0.06182539081055438,2.0,3.0,0.6444691458728733,0.0003015221728979693
20.0,105.0,0.8318592723790843,0.046106708348391125,3.0,3.0,0.6444691458728733,0.0003015221728979693
20.0,110.0,0.7799321599359708,-0.010385422488622708,3.0,2.0,0.6444691458728733,0.0003015221728979693
20.0,115.0,0.5484059918219124,-0.04630523362281167,2.0,1.0,0.6444691458728733,0.0003015221728979693
20.0,120.0,0.12187129625622362,-0.08530693911313776,2.0,1.0,0.6444691458728733,0.0003015221728979693
20.0,125.0,-0.10036041757770064,-0.04444634276678485,2.0,1.0,0.6444691458728733,0.0003015221728979693
20.0,130.0,-0.16726907222853526,-0.013381730930166924,2.0,2.0,0.6444691458728733,0.0003015221728979693
20.0,135.0,0.019727638155895733,0.0373993420768862,2.0,3.0,0.6444691458728733,0.0003015221728979693
20.0,140.0,0.36684693041010874,0.0694238584508426,2.0,3.0,0.6444691458728733,0.0003015221728979693
20.0,145.0,0.6646340284276278,0.0595574196035038,2.0,3.0,0.6444691458728733,0.0003015221728979693
20.0,150.0,0.8956240652115426,0.046198007356782964,3.0,3.0,0.6444691458728733,0.0003015221728979693
20.0,155.0,0.8311869458926964,-0.012887423863769242,3.0,2.0,0.6444691458728733,0.0003015221728979693
20.0,160.0,0.43939714217874837,-0.0783579607427896,2.0,1.0,0.6444691458728733,0.0003015221728979693
20.0,165.0,-0.00011667239613899483,-0.08790276291497748,2.0,1.0,0.6444691458728733,0.0003015221728979693
20.0,170.0,-0.20101849118220372,-0.04018036375721294,2.0,1.0,0.6444691458728733,0.0003015221728979693
20.0,175.0,-0.17169844015744573,0.005864010204951598,2.0,2.0,0.6444691458728733,0.0003015221728979693
20.0,180.0,0.14435978694261564,0.06321164542001227,2.0,3.0,0.6444691458728733,0.0003015221728979693
20.0,185.0,0.4193166673093103,0.05499137607333893,2.0,3.0,0.6444691458728733,0.0003015221728979693
20.0,190.0,0.659211508180487,0.047978968174235345,2.0,3.0,0.6444691458728733,0.0003015221728979693
20.0,195.0,0.7343467864618418,0.01502705565627096,2.0,2.0,0.6444691458728733,0.0003015221728979693
20.0,200.0,0.6513083340677319,-0.01660769047882198,2.0,2.0,0.6444691458728733,0.0003015221728979693
20.0,205.0,0.43386009350514243,-0.0434896481125179,2.0,1.0,0.6444691458728733,0.0003015221728979693
20.0,210.0,0.12652794430442071,-0.061466429840144346,2.0,1.0,0.6444691458728733,0.0003015221728979693
20.0,215.0,-0.022219643913373943,-0.02974951764355893,2.0,1.0,0.6444691458728733,0.0003015221728979693
20.0,220.0,1.6745753523810123,0.33935899925887725,3.0,4.0,0.6444691458728733,0.0003015221728979693
20.0,225.0,1.9194559641837223,0.04897612236054201,3.0,3.0,0.6444691458728733,0.0003015221728979693
20.0,230.0,2.030336832742691,0.02217617371179372,3.0,2.0,0.6444691458728733,0.0003015221728979693
20.0,235.0,1.8622167363116837,-0.03362401928620144,3.0,1.0,0.6444691458728733,0.0003015221728979693
20.0,240.0,1.39696415477556,-0.09305051630722475,3.0,1.0,0.6444691458728733,0.0003015221728979693
20.0,245.0,0.5491272303817638,-0.16956738487875925,2.0,1.0,0.6444691458728733,0.0003015221728979693
20.0,250.0,-0.40277755725970366,-0.19038095752829348,1.0,0.0,0.6444691458728733,0.0003015221728979693
20.0,255.0,-1.1274851247348785,-0.14494151349503498,1.0,1.0,0.6444691458728733,0.0003015221728979693
20.0,260.0,-1.3029564195842163,-0.03509425896986755,1.0,1.0,0.6444691458728733,0.0003015221728979693
20.0,265.0,-1.1737908485451598,0.025833114207811293,1.0,3.0,0.6444691458728733,0.0003015221728979693
20.0,270.0,-0.7500301963236815,0.08475213044429566,1.0,3.0,0.6444691458728733,0.0003015221728979693
20.0,275.0,-0.3155491108690498,0.08689621709092635,2.0,3.0,0.6444691458728733,0.0003015221728979693
20.0,280.0,0.10940405466622494,0.08499063310705494,2.0,3.0,0.6444691458728733,0.0003015221728979693
20.0,285.0,0.5858238257422599,0.095283954215207,2.0,3.0,0.6444691458728733,0.0003015221728979693
20.0,290.0,0.9661360792778098,0.07606245070710997,3.0,3.0,0.6444691458728733,0.0003015221728979693
20.0,295.0,1.034949961771062,0.013762776498650453,3.0,2.0,0.6444691458728733,0.0003015221728979693
20.0,300.0,0.8436528211590328,-0.038259428122405834,3.0,1.0,0.6444691458728733,0.0003015221728979693
21.0,0.0,2.883148340336991,0.0,3.0,2.0,0.18500398415467567,0.000516810946087744
21.0,5.0,3.1163125938810445,0.046632850708810736,3.0,3.0,0.18500398415467567,0.000516810946087744
21.0,10.0,3.361428968095943,0.049023274842979706,4.0,3.0,0.18500398415467567,0.000516810946087744
21.0,15.0,3.3309405414798157,-0.006097685323225477,4.0,2.0,0.18500398415467567,0.000516810946087744
21.0,20.0,2.9495042666904325,-0.07628725495787662,3.0,1.0,0.18500398415467567,0.000516810946087744
21.0,25.0,2.3908398179926067,-0.11173288973956516,3.0,1.0,0.18500398415467567,0.000516810946087744
21.0,30.0,1.8417054123845666,-0.10982688112160802,3.0,1.0,0.18500398415467567,0.000516810946087744
21.0,35.0,1.221720885022613,-0.12399690547239076,3.0,1.0,0.18500398415467567,0.000516810946087744
21.0,40.0,0.8157353954266497,-0.08119709791919263,3.0,1.0,0.18500398415467567,0.000516810946087744
21.0,45.0,0.5286501496424059,-0.057417049156848775,2.0,1.0,0.18500398415467567,0.000516810946087744
21.0,50.0,0.4336454114847328,-0.019000947631534613,2.0,2.0,0.18500398415467567,0.000516810946087744
21.0,55.0,0.34404168867013496,-0.017920744562919567,2.0,2.0,0.18500398415467567,0.000516810946087744
21.0,60.0,0.3438687422943971,-3.458927514756738e-05,2.0,2.0,0.18500398415467567,0.000516810946087744
21.0,65.0,0.39567770069131925,0.010361791679384424,2.0,2.0,0.18500398415467567,0.000516810946087744
21.0,70.0,0.601644266465339,0.04119331315480394,2.0,3.0,0.18500398415467567,0.000516810946087744
21.0,75.0,0.8374565233867557,0.04716245138428334,3.0,3.0,0.18500398415467567,0.000516810946087744
21.0,80.0,0.9807467771777354,0.02865805075819594,3.0,3.0,0.18500398415467567,0.000516810946087744
21.0,85.0,1.0191591836565053,0.007682481295753973,3.0,2.0,0.18500398415467567,0.000516810946087744
21.0,90.0,1.0564558561953952,0.007459334507777982,3.0,2.0,0.18500398415467567,0.000516810946087744
21.0,95.0,-1.0386632808651832,-0.4190238274121157,1.0,0.0,0.18500398415467567,0.000516810946087744
21.0,100.0,-1.0562082852270862,-0.0035090008723805965,1.0,2.0,0.18500398415467567,0.000516810946087744
21.0,105.0,-0.9654778470760341,0.018146087630210417,1.0,2.0,0.18500398415467567,0.000516810946087744
21.0,110.0,-0.660273281701862,0.06104091307483443,1.0,3.0,0.18500398415467567,0.000516810946087744
21.0,115.0,-0.3296945522063446,0.06611574589910348,2.0,3.0,0.18500398415467567,0.000516810946087744
21.0,120.0,0.008845990286697969,0.0677081084986085,2.0,3.0,0.18500398415467567,0.000516810946087744
21.0,125.0,0.3244880666874721,0.06312841528015482,2.0,3.0,0.18500398415467567,0.000516810946087744
21.0,130.0,0.7251505761671986,0.0801325018959453,2.0,3.0,0.18500398415467567,0.000516810946087744
21.0,135.0,1.0166118205436696,0.0582922488752942,3.0,3.0,0.18500398415467567,0.000516810946087744
21.0,140.0,1.1676319177957062,0.030204019450407314,3.0,3.0,0.18500398415467567,0.000516810946087744
21.0,145.0,1.216597943329056,0.009793205106669945,3.0,2.0,0.18500398415467567,0.000516810946087744
21.0,150.0,1.1125172206330056,-0.020816144539210057,3.0,2.0,0.18500398415467567,0.000516810946087744
21.0,155.0,1.0088713908479825,-0.020729165957004626,3.0,2.0,0.18500398415467567,0.000516810946087744
21.0,160.0,0.8574021704106585,-0.030293844087464807,3.0,1.0,0.18500398415467567,0.000516810946087744
21.0,165.0,0.7716142058112219,-0.017157592919887322,3.0,2.0,0.18500398415467567,0.000516810946087744
21.0,170.0,0.6703500211688969,-0.020252836928465003,2.0,2.0,0.18500398415467567,0.000516810946087744
21.0,175.0,0.5825386307627127,-0.017562278081236827,2.0,2.0,0.18500398415467567,0.000516810946087744
21.0,180.0,0.5166052459550912,-0.013186676961524313,2.0,2.0,0.18500398415467567,0.000516810946087744
21.0,185.0,0.5101015046923258,-0.0013007482525530633,2.0,2.0,0.18500398415467567,0.000516810946087744
21.0,190.0,0.45076351437239026,-0.011867598063987118,2.0,2.0,0.18500398415467567,0.000516810946087744
21.0,195.0,0.4374460823052182,-0.0026634864134344126,2.0,2.0,0.18500398415467567,0.000516810946087744
21.0,200.0,0.3092497503851348,-0.02563926638401668,2.0,1.0,0.18500398415467567,0.000516810946087744
21.0,205.0,0.32022185532879277,0.0021944209887315934,2.0,2.0,0.18500398415467567,0.000516810946087744
21.0,210.0,0.24992866995142649,-0.014058637075473257,2.0,2.0,0.18500398415467567,0.000516810946087744
21.0,215.0,0.26430848875452284,0.002875963760619271,2.0,2.0,0.18500398415467567,0.000516810946087744
21.0,220.0,0.17631873941477494,-0.017597949867949582,2.0,2.0,0.18500398415467567,0.000516810946087744
21.0,225.0,0.174459118020998,-0.0003719242787553867,2.0,2.0,0.18500398415467567,0.000516810946087744
21.0,230.0,0.1670253752511428,-0.00148674855397104,2.0,2.0,0.18500398415467567,0.000516810946087744
21.0,235.0,0.13788722250366447,-0.005827630549495666,2.0,2.0,0.18500398415467567,0.000516810946087744
21.0,240.0,0.09869992187848453,-0.00783746012503599,2.0,2.0,0.18500398415467567,0.000516810946087744
21.0,245.0,0.0679345633140116,-0.006153071712894587,2.0,2.0,0.18500398415467567,0.000516810946087744
21.0,250.0,0.18376501653386512,0.023166090643970703,2.0,2.0,0.18500398415467567,0.000516810946087744
21.0,255.0,0.38854344279424424,0.040955685252075824,2.0,3.0,0.18500398415467567,0.000516810946087744
21.0,260.0,0.5082189827365227,0.023935107988455682,2.0,2.0,0.18500398415467567,0.000516810946087744
21.0,265.0,0.5852714180782925,0.015410487068353972,2.0,2.0,0.18500398415467567,0.000516810946087744
21.0,270.0,0.6159593112534196,0.006137578635025421,2.0,2.0,0.18500398415467567,0.000516810946087744
21.0,275.0,0.6100440221318095,-0.0011830578243220203,2.0,2.0,0.18500398415467567,0.000516810946087744
21.0,280.0,0.6103623734997647,6.367027359104327e-05,2.0,2.0,0.18500398415467567,0.000516810946087744
21.0,285.0,0.5166247299837465,-0.01874752870320364,2.0,2.0,0.18500398415467567,0.000516810946087744
21.0,290.0,0.4934892744965964,-0.004627091097430025,2.0,2.0,0.18500398415467567,0.000516810946087744
21.0,295.0,0.4544364463537107,-0.007810565628577138,2.0,2.0,0.18500398415467567,0.000516810946087744
21.0,300.0,0.42607571056402804,-0.005672147157936536,2.0,2.0,0.18500398415467567,0.000516810946087744
22.0,0.0,-0.1970375439323142,0.0,2.0,2.0,0.8542254002864548,0.0006293723136572105
22.0,5.0,-0.024534081475721337,0.034500692491318576,2.0,3.0,0.8542254002864548,0.0006293723136572105
22.0,10.0,0.1975664617016193,0.04442010863546812,2.0,3.0,0.8542254002864548,0.0006293723136572105
22.0,15.0,0.44609770012135996,0.049706247683948136,2.0,3.0,0.8542254002864548,0.0006293723136572105
22.0,20.0,0.6153198973035465,0.033844439436437314,2.0,3.0,0.8542254002864548,0.0006293723136572105
22.0,25.0,0.7170076475157146,0.020337550042433605,2.0,2.0,0.8542254002864548,0.0006293723136572105
22.0,30.0,0.6798117114131088,-0.007439187220521148,2.0,2.0,0.8542254002864548,0.0006293723136572105
22.0,35.0,0.5049165098768924,-0.03497904030724328,2.0,1.0,0.8542254002864548,0.0006293723136572105
22.0,40.0,0.2585671902508295,-0.04926986392521258,2.0,1.0,0.8542254002864548,0.0006293723136572105
22.0,45.0,-0.0009802420849531757,-0.05190948646715654,2.0,1.0,0.8542254002864548,0.0006293723136572105
22.0,50.0,-0.15546181303439255,-0.030896314189887874,2.0,1.0,0.8542254002864548,0.0006293723136572105
22.0,55.0,-0.16290600348857254,-0.0014888380908359977,2.0,2.0,0.8542254002864548,0.0006293723136572105
22.0,60.0,-0.056107842476290415,0.021359632202456423,2.0,2.0,0.8542254002864548,0.0006293723136572105
22.0,65.0,0.13204305143110773,0.03763017878147963,2.0,3.0,0.8542254002864548,0.0006293723136572105
22.0,70.0,0.3797811785995684,0.049547625433692136,2.0,3.0,0.8542254002864548,0.0006293723136572105
22.0,75.0,0.5869377776400846,0.04143131980810324,2.0,3.0,0.8542254002864548,0.0006293723136572105
22.0,80.0,0.7285712606821271,0.028326696608408496,2.0,3.0,0.8542254002864548,0.0006293723136572105
22.0,85.0,0.6799283488804093,-0.009728582360343551,2.0,2.0,0.8542254002864548,0.0006293723136572105
22.0,90.0,0.48996886775866955,-0.037991896224347954,2.0,1.0,0.8542254002864548,0.0006293723136572105
22.0,95.0,0.2418934820680576,-0.04961507713812239,2.0,1.0,0.8542254002864548,0.0006293723136572105
22.0,100.0,0.2868962246286344,0.009000548512115358,2.0,2.0,0.8542254002864548,0.0006293723136572105
22.0,105.0,0.47661602911678713,0.037943960897630545,2.0,3.0,0.8542254002864548,0.0006293723136572105
22.0,110.0,0.7819740715555668,0.061071608487755925,3.0,3.0,0.8542254002864548,0.0006293723136572105
22.0,115.0,1.125380214600522,0.06868122860899106,3.0,3.0,0.8542254002864548,0.0006293723136572105
22.0,120.0,1.3071137709144267,0.036346711262780926,3.0,3.0,0.8542254002864548,0.0006293723136572105
22.0,125.0,1.3160009187517296,0.0017774295674605866,3.0,2.0,0.8542254002864548,0.0006293723136572105
22.0,130.0,1.2177201144648357,-0.019656160857378778,3.0,2.0,0.8542254002864548,0.0006293723136572105
22.0,135.0,1.0214178971385586,-0.03926044346525544,3.0,1.0,0.8542254002864548,0.0006293723136572105
22.0,140.0,0.6238098605605877,-0.07952160731559417,2.0,1.0,0.8542254002864548,0.0006293723136572105
22.0,145.0,0.0304377221317651,-0.11867442768576453,2.0,1.0,0.8542254002864548,0.0006293723136572105
22.0,150.0,-0.49729707572944903,-0.10554695957224283,1.0,1.0,0.8542254002864548,0.0006293723136572105
22.0,155.0,-0.8695051135911278,-0.07444160757233576,1.0,1.0,0.8542254002864548,0.0006293723136572105
22.0,160.0,-0.9290956470765579,-0.011918106697086017,1.0,2.0,0.8542254002864548,0.0006293723136572105
22.0,165.0,-0.7692782905165565,0.03196347131200028,1.0,3.0,0.8542254002864548,0.0006293723136572105
22.0,170.0,-0.553376907833222,0.043180276536666895,1.0,3.0,0.8542254002864548,0.0006293723136572105
22.0,175.0,-0.3157974393821803,0.047515893690208345,2.0,3.0,0.8542254002864548,0.0006293723136572105
22.0,180.0,-0.0606758095875648,0.0510243259589231,2.0,3.0,0.8542254002864548,0.0006293723136572105
22.0,185.0,0.19565877318451896,0.05126691655441675,2.0,3.0,0.8542254002864548,0.0006293723136572105
22.0,190.0,0.43837852190235793,0.048543949743567794,2.0,3.0,0.8542254002864548,0.0006293723136572105
22.0,195.0,0.6267862731640186,0.03768155025233213,2.0,3.0,0.8542254002864548,0.0006293723136572105
22.0,200.0,0.6964262003561039,0.013927985438417067,2.0,2.0,0.8542254002864548,0.0006293723136572105
22.0,205.0,0.6178234421415709,-0.0157205516429066,2.0,2.0,0.8542254002864548,0.0006293723136572105
22.0,210.0,0.4552908998273111,-0.03250650846285197,2.0,1.0,0.8542254002864548,0.0006293723136572105
22.0,215.0,0.19512510297381525,-0.05203315937069917,2.0,1.0,0.8542254002864548,0.0006293723136572105
22.0,220.0,-0.0854913993217643,-0.05612330045911591,2.0,1.0,0.8542254002864548,0.0006293723136572105
22.0,225.0,-0.22559154409088222,-0.028020028953823585,2.0,1.0,0.8542254002864548,0.0006293723136572105
22.0,230.0,-0.17113589368624815,0.010891130080926814,2.0,2.0,0.8542254002864548,0.0006293723136572105
22.0,235.0,-0.029598519186833983,0.028307474899882834,2.0,3.0,0.8542254002864548,0.0006293723136572105
22.0,240.0,0.22100845167699745,0.05012139417276629,2.0,3.0,0.8542254002864548,0.0006293723136572105
22.0,245.0,0.4217491476808348,0.04014813920076747,2.0,3.0,0.8542254002864548,0.0006293723136572105
22.0,250.0,0.5794122812038154,0.03153262670459611,2.0,3.0,0.8542254002864548,0.0006293723136572105
22.0,255.0,0.6397309215944595,0.012063728078128833,2.0,2.0,0.8542254002864548,0.0006293723136572105
22.0,260.0,0.5724992782684488,-0.013446328665202146,2.0,2.0,0.8542254002864548,0.0006293723136572105
22.0,265.0,0.40711305845670154,-0.033077243962349456,2.0,1.0,0.8542254002864548,0.0006293723136572105
22.0,270.0,0.1841425066929112,-0.044594110352758065,2.0,1.0,0.8542254002864548,0.0006293723136572105
22.0,275.0,-0.0567377456163527,-0.04817605046185278,2.0,1.0,0.8542254002864548,0.0006293723136572105
22.0,280.0,-0.16096620136185535,-0.02084569114910053,2.0,2.0,0.8542254002864548,0.0006293723136572105
22.0,285.0,-0.14444807842804153,0.0033036245867627658,2.0,2.0,0.8542254002864548,0.0006293723136572105
22.0,290.0,0.02218077207032465,0.03332577009967323,2.0,3.0,0.8542254002864548,0.0006293723136572105
22.0,295.0,0.2350938003624563,0.04258260565842633,2.0,3.0,0.8542254002864548,0.0006293723136572105
22.0,300.0,0.4628992448974891,0.04556108890700657,2.0,3.0,0.8542254002864548,0.0006293723136572105
23.0,0.0,0.5767867742489159,0.0,2.0,2.0,0.5324398751616631,0.02346512934052004
23.0,5.0,0.8798777877929389,0.0606182027088046,3.0,3.0,0.5324398751616631,0.02346512934052004
23.0,10.0,1.0117758919558746,0.026379620832587138,3.0,3.0,0.5324398751616631,0.02346512934052004
23.0,15.0,0.9831153640864585,-0.005732105573883217,3.0,2.0,0.5324398751616631,0.02346512934052004
23.0,20.0,0.689917306928038,-0.0586396114316841,2.0,1.0,0.5324398751616631,0.02346512934052004
23.0,25.0,0.3317901386403648,-0.07162543365753464,2.0,1.0,0.5324398751616631,0.02346512934052004
23.0,30.0,0.0007442802864616738,-0.06620917167078062,2.0,1.0,0.5324398751616631,0.02346512934052004
23.0,35.0,-0.280315582937817,-0.05621197264485574,2.0,1.0,0.5324398751616631,0.02346512934052004
23.0,40.0,-0.41906152040992595,-0.02774918749442179,1.0,1.0,0.5324398751616631,0.02346512934052004
23.0,45.0,-0.399790514940463,0.003854201093892584,1.0,2.0,0.5324398751616631,0.02346512934052004
23.0,50.0,-0.25890369340155317,0.02817736430778197,2.0,3.0,0.5324398751616631,0.02346512934052004
23.0,55.0,-0.12701974821153428,0.02637678903800378,2.0,3.0,0.5324398751616631,0.02346512934052004
23.0,60.0,0.04469686148997454,0.03434332194030176,2.0,3.0,0.5324398751616631,0.02346512934052004
23.0,65.0,0.11383578022420338,0.013827783746845767,2.0,2.0,0.5324398751616631,0.02346512934052004
23.0,70.0,0.255091175323404,0.02825107901984012,2.0,3.0,0.5324398751616631,0.02346512934052004
23.0,75.0,0.24621483875738193,-0.0017752673132044095,2.0,2.0,0.5324398751616631,0.02346512934052004
23.0,80.0,0.22767053944596682,-0.0037088598622830203,2.0,2.0,0.5324398751616631,0.02346512934052004
23.0,85.0,0.1672439062453428,-0.012085326640124804,2.0,2.0,0.5324398751616631,0.02346512934052004
23.0,90.0,1.4925071923919404,0.26505265722931953,3.0,4.0,0.5324398751616631,0.02346512934052004
23.0,95.0,1.4237349343606418,-0.01375445160625972,3.0,2.0,0.5324398751616631,0.02346512934052004
23.0,100.0,1.222148737826224,-0.04031723930688358,3.0,1.0,0.5324398751616631,0.02346512934052004
23.0,105.0,0.913267954509962,-0.06177615666325238,3.0,1.0,0.5324398751616631,0.02346512934052004
23.0,110.0,0.4349635890846777,-0.09566087308505686,2.0,1.0,0.5324398751616631,0.02346512934052004
23.0,115.0,-0.01009978723377003,-0.08901267526368954,2.0,1.0,0.5324398751616631,0.02346512934052004
23.0,120.0,-0.33974572987546736,-0.06592918852833947,2.0,1.0,0.5324398751616631,0.02346512934052004
23.0,125.0,-0.4974185369503985,-0.03153456141498623,1.0,1.0,0.5324398751616631,0.02346512934052004
23.0,130.0,-0.4799956981467304,0.0034845677607336254,1.0,2.0,0.5324398751616631,0.02346512934052004
23.0,135.0,-0.3135128502620006,0.033296569576945954,2.0,3.0,0.5324398751616631,0.02346512934052004
23.0,140.0,-0.14341330711215505,0.034019908629969106,2.0,3.0,0.5324398751616631,0.02346512934052004
23.0,145.0,0.041656521089254994,0.03701396564028201,2.0,3.0,0.5324398751616631,0.02346512934052004
23.0,150.0,0.2251824931964741,0.03670519442144382,2.0,3.0,0.5324398751616631,0.02346512934052004
23.0,155.0,0.3469212626367053,0.02434775388804624,2.0,2.0,0.5324398751616631,0.02346512934052004
23.0,160.0,0.36217368829225904,0.003050485131110747,2.0,2.0,0.5324398751616631,0.02346512934052004
23.0,165.0,0.2645505338185927,-0.019524630894733264,2.0,2.0,0.5324398751616631,0.02346512934052004
23.0,170.0,0.09349485703354432,-0.03421113535700968,2.0,1.0,0.5324398751616631,0.02346512934052004
23.0,175.0,-0.03526656436184439,-0.02575228427907774,2.0,1.0,0.5324398751616631,0.02346512934052004
23.0,180.0,-0.11829865549522367,-0.016606418226675856,2.0,2.0,0.5324398751616631,0.02346512934052004
23.0,185.0,-0.2113787240174787,-0.018616013704451005,2.0,2.0,0.5324398751616631,0.02346512934052004
23.0,190.0,-0.1319930202429056,0.015877140754914622,2.0,2.0,0.5324398751616631,0.02346512934052004
23.0,195.0,-0.1084980909967399,0.00469898584923314,2.0,2.0,0.5324398751616631,0.02346512934052004
23.0,200.0,-0.054709180403982316,0.010757782118551518,2.0,2.0,0.5324398751616631,0.02346512934052004
23.0,205.0,0.04290741111912766,0.019523318304621996,2.0,2.0,0.5324398751616631,0.02346512934052004
23.0,210.0,0.012140294591848289,-0.006153423305455874,2.0,2.0,0.5324398751616631,0.02346512934052004
23.0,215.0,0.061121174623892216,0.009796176006408785,2.0,2.0,0.5324398751616631,0.02346512934052004
23.0,220.0,0.061662480289854216,0.00010826113319239994,2.0,2.0,0.5324398751616631,0.02346512934052004
23.0,225.0,0.09175790580174947,0.006019085102379052,2.0,2.0,0.5324398751616631,0.02346512934052004
23.0,230.0,0.0498231713086561,-0.008386946898618675,2.0,2.0,0.5324398751616631,0.02346512934052004
23.0,235.0,0.05164178394645802,0.0003637225275603839,2.0,2.0,0.5324398751616631,0.02346512934052004
23.0,240.0,0.04185899034202478,-0.0019565587208866474,2.0,2.0,0.5324398751616631,0.02346512934052004
23.0,245.0,-0.022626811593873697,-0.012897160387179696,2.0,2.0,0.5324398751616631,0.02346512934052004
23.0,250.0,-0.07605147894716069,-0.010684933470657399,2.0,2.0,0.5324398751616631,0.02346512934052004
23.0,255.0,-0.06417793466205168,0.0023747088570218013,2.0,2.0,0.5324398751616631,0.02346512934052004
23.0,260.0,-0.08485208691618595,-0.004134830450826854,2.0,2.0,0.5324398751616631,0.02346512934052004
23.0,265.0,0.009503355985753359,0.018871088580387864,2.0,2.0,0.5324398751616631,0.02346512934052004
23.0,270.0,-0.02822227372516295,-0.007545125942183262,2.0,2.0,0.5324398751616631,0.02346512934052004
23.0,275.0,-0.01807329974382199,0.0020297947962681917,2.0,2.0,0.5324398751616631,0.02346512934052004
23.0,280.0,0.009459148803696138,0.005506489709503626,2.0,2.0,0.5324398751616631,0.02346512934052004
23.0,285.0,-0.0006110240054155724,-0.002014034561822342,2.0,2.0,0.5324398751616631,0.02346512934052004
23.0,290.0,-0.047592504429328386,-0.009396296084782563,2.0,2.0,0.5324398751616631,0.02346512934052004
23.0,295.0,-0.007699882464041963,0.007978524393057285,2.0,2.0,0.5324398751616631,0.02346512934052004
23.0,300.0,-0.005122878245881424,0.0005154008436321078,2.0,2.0,0.5324398751616631,0.02346512934052004
24.0,0.0,3.1435319940393,0.0,3.0,2.0,0.5909417777348024,0.016821325037558836
24.0,5.0,3.2980241082153015,0.03089842283520028,4.0,3.0,0.5909417777348024,0.016821325037558836
24.0,10.0,3.186910641442946,-0.02222269335447109,3.0,2.0,0.5909417777348024,0.016821325037558836
24.0,15.0,2.7053582011950503,-0.09631048804957913,3.0,1.0,0.5909417777348024,0.016821325037558836
24.0,20.0,1.9964129248821258,-0.1417890552625849,3.0,1.0,0.5909417777348024,0.016821325037558836
24.0,25.0,1.0679648456575563,-0.1856896158449139,3.0,0.0,0.5909417777348024,0.016821325037558836
24.0,30.0,0.1959359963687355,-0.17440576985776418,2.0,1.0,0.5909417777348024,0.016821325037558836
24.0,35.0,-0.3787459839286704,-0.11493639605948118,1.0,1.0,0.5909417777348024,0.016821325037558836
24.0,40.0,-0.34461007084133755,0.006827182617466576,2.0,2.0,0.5909417777348024,0.016821325037558836
24.0,45.0,0.03773363432481247,0.07646874103323001,2.0,3.0,0.5909417777348024,0.016821325037558836
24.0,50.0,0.4314313914925947,0.07873955143355645,2.0,3.0,0.5909417777348024,0.016821325037558836
24.0,55.0,-0.6134679399679683,-0.2089798662921126,1.0,0.0,0.5909417777348024,0.016821325037558836
24.0,60.0,-0.6996331999997523,-0.017233052006356785,1.0,2.0,0.5909417777348024,0.016821325037558836
24.0,65.0,-0.45878232425667065,0.04817017514861632,1.0,3.0,0.5909417777348024,0.016821325037558836
24.0,70.0,-0.04245454585498365,0.0832655556803374,2.0,3.0,0.5909417777348024,0.016821325037558836
24.0,75.0,0.32635030660019737,0.0737609704910362,2.0,3.0,0.5909417777348024,0.016821325037558836
24.0,80.0,0.40777094183031437,0.0162841270460234,2.0,2.0,0.5909417777348024,0.016821325037558836
24.0,85.0,0.2800753887491254,-0.025539110616237794,2.0,1.0,0.5909417777348024,0.016821325037558836
24.0,90.0,0.08937220211227626,-0.03814063732736983,2.0,1.0,0.5909417777348024,0.016821325037558836
24.0,95.0,-0.022443877388234057,-0.02236321590010206,2.0,2.0,0.5909417777348024,0.016821325037558836
24.0,100.0,-0.05081829821842021,-0.005674884166037231,2.0,2.0,0.5909417777348024,0.016821325037558836
24.0,105.0,0.00917619910158507,0.011998899464001057,2.0,2.0,0.5909417777348024,0.016821325037558836
24.0,110.0,0.05473426080701316,0.009111612341085618,2.0,2.0,0.5909417777348024,0.016821325037558836
24.0,115.0,0.08899880331833288,0.0068529085022639435,2.0,2.0,0.5909417777348024,0.016821325037558836
24.0,120.0,0.06066861448532279,-0.005666037766602017,2.0,2.0,0.5909417777348024,0.016821325037558836
24.0,125.0,0.047603311169556406,-0.002613060663153277,2.0,2.0,0.5909417777348024,0.016821325037558836
24.0,130.0,0.022405895908569562,-0.005039483052197369,2.0,2.0,0.5909417777348024,0.016821325037558836
24.0,135.0,0.007681071058890154,-0.0029449649699358816,2.0,2.0,0.5909417777348024,0.016821325037558836
24.0,140.0,0.008423677840298183,0.00014852135628160568,2.0,2.0,0.5909417777348024,0.016821325037558836
24.0,145.0,-0.008139136452150808,-0.003312562858489798,2.0,2.0,0.5909417777348024,0.016821325037558836
24.0,150.0,0.017883729648573876,0.005204573220144937,2.0,2.0,0.5909417777348024,0.016821325037558836
24.0,155.0,0.025370982201277315,0.0014974505105406876,2.0,2.0,0.5909417777348024,0.016821325037558836
24.0,160.0,0.04213771602024963,0.0033533467637944627,2.0,2.0,0.5909417777348024,0.016821325037558836
24.0,165.0,0.012422805605194043,-0.0059429820830111165,2.0,2.0,0.5909417777348024,0.016821325037558836
24.0,170.0,-0.01678452439225353,-0.005841465999489514,2.0,2.0,0.5909417777348024,0.016821325037558836
24.0,175.0,-0.00841195059653188,0.0016745147591443299,2.0,2.0,0.5909417777348024,0.016821325037558836
24.0,180.0,-0.002713514659831162,0.0011396871873401437,2.0,2.0,0.5909417777348024,0.016821325037558836
24.0,185.0,-0.014397154148866775,-0.0023367278978071227,2.0,2.0,0.5909417777348024,0.016821325037558836
24.0,190.0,-0.006279799196370561,0.0016234709904992429,2.0,2.0,0.5909417777348024,0.016821325037558836
24.0,195.0,0.012620900553596215,0.0037801399499933553,2.0,2.0,0.5909417777348024,0.016821325037558836
24.0,200.0,0.018625310374556392,0.0012008819641920355,2.0,2.0,0.5909417777348024,0.016821325037558836
24.0,205.0,0.017932316552563776,-0.00013859876439852313,2.0,2.0,0.5909417777348024,0.016821325037558836
24.0,210.0,0.02552314582078452,0.001518165853644149,2.0,2.0,0.5909417777348024,0.016821325037558836
24.0,215.0,0.011760096621188154,-0.0027526098399192735,2.0,2.0,0.5909417777348024,0.016821325037558836
24.0,220.0,-0.04834689811567827,-0.012021398947373285,2.0,2.0,0.5909417777348024,0.016821325037558836
24.0,225.0,-0.022136885227912018,0.005242002577553251,2.0,2.0,0.5909417777348024,0.016821325037558836
24.0,230.0,0.006146483968326066,0.005656673839247617,2.0,2.0,0.5909417777348024,0.016821325037558836
24.0,235.0,0.01986019676039774,0.002742742558414335,2.0,2.0,0.5909417777348024,0.016821325037558836
24.0,240.0,0.026378887424542086,0.0013037381328288688,2.0,2.0,0.5909417777348024,0.016821325037558836
24.0,245.0,0.0013701432606865183,-0.005001748832771114,2.0,2.0,0.5909417777348024,0.016821325037558836
24.0,250.0,-0.026539417819293476,-0.0055819122159959985,2.0,2.0,0.5909417777348024,0.016821325037558836
24.0,255.0,-0.011525352972046932,0.0030028129694493087,2.0,2.0,0.5909417777348024,0.016821325037558836
24.0,260.0,-0.008239232162868149,0.0006572241618357566,2.0,2.0,0.5909417777348024,0.016821325037558836
24.0,265.0,0.020182812484492274,0.0056844089294720845,2.0,2.0,0.5909417777348024,0.016821325037558836
24.0,270.0,0.03364903255114271,0.002693244013330087,2.0,2.0,0.5909417777348024,0.016821325037558836
24.0,275.0,0.02582969744598529,-0.0015638670210314843,2.0,2.0,0.5909417777348024,0.016821325037558836
24.0,280.0,-0.0340672778136728,-0.011979395051931619,2.0,2.0,0.5909417777348024,0.016821325037558836
24.0,285.0,-0.021168892244713078,0.002579677113791945,2.0,2.0,0.5909417777348024,0.016821325037558836
24.0,290.0,-0.00761664606185164,0.0027104492365722876,2.0,2.0,0.5909417777348024,0.016821325037558836
24.0,295.0,0.009300912637694836,0.003383511739909295,2.0,2.0,0.5909417777348024,0.016821325037558836
24.0,300.0,0.040470311330206954,0.006233879738502424,2.0,2.0,0.5909417777348024,0.016821325037558836
25.0,0.0,-4.632037484563018,0.0,0.0,2.0,0.7851720327702575,1.0181694597388192e-05
25.0,5.0,-4.509757159335265,0.024456065045550444,0.0,2.0,0.7851720327702575,1.0181694597388192e-05
25.0,10.0,-4.393106339785188,0.0233301639100155,0.0,2.0,0.7851720327702575,1.0181694597388192e-05
25.0,15.0,-3.3359063316631747,0.21144000162440263,0.0,4.0,0.7851720327702575,1.0181694597388192e-05
25.0,20.0,-3.1423422861883736,0.03871280909496022,0.0,3.0,0.7851720327702575,1.0181694597388192e-05
25.0,25.0,-3.033164664967824,0.021835524244109904,0.0,2.0,0.7851720327702575,1.0181694597388192e-05
25.0,30.0,-2.884683260719868,0.02969628084959126,0.0,3.0,0.7851720327702575,1.0181694597388192e-05
25.0,35.0,-2.775994414238969,0.02173776929617972,0.0,2.0,0.7851720327702575,1.0181694597388192e-05
25.0,40.0,-2.6780524825358256,0.019588386340628716,0.0,2.0,0.7851720327702575,1.0181694597388192e-05
25.0,45.0,-2.539565544858899,0.02769738753538533,0.0,3.0,0.7851720327702575,1.0181694597388192e-05
25.0,50.0,-2.374301938518389,0.03305272126810195,0.0,3.0,0.7851720327702575,1.0181694597388192e-05
25.0,55.0,-2.303930684660177,0.014074250771642483,0.0,2.0,0.7851720327702575,1.0181694597388192e-05
25.0,60.0,-2.1721505805913175,0.026356020813771863,0.0,3.0,0.7851720327702575,1.0181694597388192e-05
25.0,65.0,-2.0301052350478486,0.028409069108693785,0.0,3.0,0.7851720327702575,1.0181694597388192e-05
25.0,70.0,-1.9030061469421184,0.025419817621146024,0.0,3.0,0.7851720327702575,1.0181694597388192e-05
25.0,75.0,-1.8154536796878418,0.017510493450855334,1.0,2.0,0.7851720327702575,1.0181694597388192e-05
25.0,80.0,-1.7330586385289735,0.016479008231773663,1.0,2.0,0.7851720327702575,1.0181694597388192e-05
25.0,85.0,-1.6290720744807352,0.02079731280964765,1.0,2.0,0.7851720327702575,1.0181694597388192e-05
25.0,90.0,-1.5324456218368034,0.019325290528786353,1.0,2.0,0.7851720327702575,1.0181694597388192e-05
25.0,95.0,-1.3785514222452804,0.03077883991830461,1.0,3.0,0.7851720327702575,1.0181694597388192e-05
25.0,100.0,-1.2364791879729644,0.028414446854463194,1.0,3.0,0.7851720327702575,1.0181694597388192e-05
25.0,105.0,-1.1924885359251718,0.008798130409558524,1.0,2.0,0.7851720327702575,1.0181694597388192e-05
25.0,110.0,-1.085956539033205,0.021306399378393338,1.0,2.0,0.7851720327702575,1.0181694597388192e-05
25.0,115.0,-0.9620521488446094,0.024780878037719133,1.0,2.0,0.7851720327702575,1.0181694597388192e-05
25.0,120.0,-0.8805791366247249,0.016294602443976913,1.0,2.0,0.7851720327702575,1.0181694597388192e-05
25.0,125.0,-0.7714126044966392,0.02183330642561714,1.0,2.0,0.7851720327702575,1.0181694597388192e-05
25.0,130.0,-0.6136790135438694,0.03154671819055395,1.0,3.0,0.7851720327702575,1.0181694597388192e-05
25.0,135.0,-0.5285919874864575,0.017017405211482383,1.0,2.0,0.7851720327702575,1.0181694597388192e-05
25.0,140.0,-0.47117172763957527,0.011484051969376453,1.0,2.0,0.7851720327702575,1.0181694597388192e-05
25.0,145.0,-0.3998003419028926,0.014274277147336534,1.0,2.0,0.7851720327702575,1.0181694597388192e-05
25.0,150.0,-0.2662994893279773,0.02670017051498306,2.0,3.0,0.7851720327702575,1.0181694597388192e-05
25.0,155.0,-0.20330802540972925,0.012598292783649611,2.0,2.0,0.7851720327702575,1.0181694597388192e-05
25.0,160.0,-0.14688767432662075,0.0112840702166217,2.0,2.0,0.7851720327702575,1.0181694597388192e-05
25.0,165.0,-0.030308084782976863,0.023315917908728778,2.0,2.0,0.7851720327702575,1.0181694597388192e-05
25.0,170.0,0.1009911251266793,0.02625984198193123,2.0,3.0,0.7851720327702575,1.0181694597388192e-05
25.0,175.0,0.11435550502467251,0.0026728759795986434,2.0,2.0,0.7851720327702575,1.0181694597388192e-05
25.0,180.0,0.21066362970468333,0.019261624936002163,2.0,2.0,0.7851720327702575,1.0181694597388192e-05
25.0,185.0,0.34050962933627105,0.025969199926317542,2.0,3.0,0.7851720327702575,1.0181694597388192e-05
25.0,190.0,0.3161940909620853,-0.0048631076748371525,2.0,2.0,0.7851720327702575,1.0181694597388192e-05
25.0,195.0,0.14117615945442807,-0.03500358630153144,2.0,1.0,0.7851720327702575,1.0181694597388192e-05
25.0,200.0,0.006936846676566688,-0.026847862555572276,2.0,1.0,0.7851720327702575,1.0181694597388192e-05
25.0,205.0,-0.12800769443915527,-0.02698890822314439,2.0,1.0,0.7851720327702575,1.0181694597388192e-05
25.0,210.0,-0.11518348937878287,0.002564841012074481,2.0,2.0,0.7851720327702575,1.0181694597388192e-05
25.0,215.0,-0.05076218032545654,0.012884261810665265,2.0,2.0,0.7851720327702575,1.0181694597388192e-05
25.0,220.0,0.02870472099473531,0.01589338026403837,2.0,2.0,0.7851720327702575,1.0181694597388192e-05
25.0,225.0,0.10197097680431355,0.014653251161915648,2.0,2.0,0.7851720327702575,1.0181694597388192e-05
25.0,230.0,0.19360889631046163,0.018327583901229617,2.0,2.0,0.7851720327702575,1.0181694597388192e-05
25.0,235.0,0.2561927573389191,0.012516772205691496,2.0,2.0,0.7851720327702575,1.0181694597388192e-05
25.0,240.0,0.22840671210679986,-0.00555720904642385,2.0,2.0,0.7851720327702575,1.0181694597388192e-05
25.0,245.0,0.11393204735664852,-0.022894932950030266,2.0,2.0,0.7851720327702575,1.0181694597388192e-05
25.0,250.0,-0.020089839487390293,-0.026804377368807763,2.0,1.0,0.7851720327702575,1.0181694597388192e-05
25.0,255.0,-0.14021114557318626,-0.02402426121715919,2.0,2.0,0.7851720327702575,1.0181694597388192e-05
25.0,260.0,-0.08125060684157859,0.011792107746321534,2.0,2.0,0.7851720327702575,1.0181694597388192e-05
25.0,265.0,-0.02736820299375964,0.01077648076956379,2.0,2.0,0.7851720327702575,1.0181694597388192e-05
25.0,270.0,0.0459554708441523,0.014664734767582389,2.0,2.0,0.7851720327702575,1.0181694597388192e-05
25.0,275.0,0.16157887338179222,0.023124680507527983,2.0,2.0,0.7851720327702575,1.0181694597388192e-05
25.0,280.0,0.2436811421645082,0.016420453756543198,2.0,2.0,0.7851720327702575,1.0181694597388192e-05
25.0,285.0,0.28050946024896817,0.007365663616891993,2.0,2.0,0.7851720327702575,1.0181694597388192e-05
25.0,290.0,0.13757615577889837,-0.02858666089401396,2.0,1.0,0.7851720327702575,1.0181694597388192e-05
25.0,295.0,0.013431566915311777,-0.02482891777271732,2.0,2.0,0.7851720327702575,1.0181694597388192e-05
25.0,300.0,-0.07612719218093744,-0.017911751819249845,2.0,2.0,0.7851720327702575,1.0181694597388192e-05
26.0,0.0,1.0244759217721153,0.0,3.0,2.0,0.427249430874745,0.01718955233201782
26.0,5.0,1.410142961074115,0.07713340786039993,3.0,3.0,0.427249430874745,0.01718955233201782
26.0,10.0,1.8429290689794477,0.08655722158106656,3.0,3.0,0.427249430874745,0.01718955233201782
26.0,15.0,2.134918306199875,0.05839784744408547,3.0,3.0,0.427249430874745,0.01718955233201782
26.0,20.0,2.2490204702652328,0.022820432813071535,3.0,2.0,0.427249430874745,0.01718955233201782
26.0,25.0,2.1663644091387546,-0.016531212225295633,3.0,2.0,0.427249430874745,0.01718955233201782
26.0,30.0,1.8779644306939929,-0.057679995688952344,3.0,1.0,0.427249430874745,0.01718955233201782
26.0,35.0,1.4940786310537248,-0.0767771599280536,3.0,1.0,0.427249430874745,0.01718955233201782
26.0,40.0,1.115322732059795,-0.07575117979878598,3.0,1.0,0.427249430874745,0.01718955233201782
26.0,45.0,0.7051174201768582,-0.08204106237658734,2.0,1.0,0.427249430874745,0.01718955233201782
26.0,50.0,0.40501721989797446,-0.06002004005577675,2.0,1.0,0.427249430874745,0.01718955233201782
26.0,55.0,0.11734943179929402,-0.05753355761973609,2.0,1.0,0.427249430874745,0.01718955233201782
26.0,60.0,-0.12687980233144813,-0.04884584682614843,2.0,1.0,0.427249430874745,0.01718955233201782
26.0,65.0,-0.28039324378215724,-0.030702688290141823,2.0,1.0,0.427249430874745,0.01718955233201782
26.0,70.0,-0.3035509367436262,-0.004631538592293793,2.0,2.0,0.427249430874745,0.01718955233201782
26.0,75.0,-0.297190154065202,0.001272156535684843,2.0,2.0,0.427249430874745,0.01718955233201782
26.0,80.0,-0.14657193434361204,0.03012364394431799,2.0,3.0,0.427249430874745,0.01718955233201782
26.0,85.0,-0.03974669507984885,0.021365047852752637,2.0,2.0,0.427249430874745,0.01718955233201782
26.0,90.0,0.18049709256260016,0.0440487575284898,2.0,3.0,0.427249430874745,0.01718955233201782
26.0,95.0,0.4364468734425344,0.05118995617598685,2.0,3.0,0.427249430874745,0.01718955233201782
26.0,100.0,1.0070268540667762,0.11411599612484835,3.0,3.0,0.427249430874745,0.01718955233201782
26.0,105.0,1.5150550129754663,0.10160563178173802,3.0,3.0,0.427249430874745,0.01718955233201782
26.0,110.0,1.9002909831241048,0.0770471940297277,3.0,3.0,0.427249430874745,0.01718955233201782
26.0,115.0,2.119488708490209,0.043839545073220874,3.0,3.0,0.427249430874745,0.01718955233201782
26.0,120.0,2.2845461639539906,0.03301149109275627,3.0,3.0,0.427249430874745,0.01718955233201782
26.0,125.0,2.360138605028844,0.015118488214970683,3.0,2.0,0.427249430874745,0.01718955233201782
26.0,130.0,2.3615818004175537,0.00028863907774194785,3.0,2.0,0.427249430874745,0.01718955233201782
26.0,135.0,2.4597800907614307,0.01963965806877539,3.0,2.0,0.427249430874745,0.01718955233201782
26.0,140.0,2.435514148027849,-0.004853188546716325,3.0,2.0,0.427249430874745,0.01718955233201782
26.0,145.0,2.047326421055619,-0.07763754539444605,3.0,1.0,0.427249430874745,0.01718955233201782
26.0,150.0,1.6269279882527776,-0.08407968656056823,3.0,1.0,0.427249430874745,0.01718955233201782
26.0,155.0,1.2405955442766157,-0.07726648879523239,3.0,1.0,0.427249430874745,0.01718955233201782
26.0,160.0,0.8928903729470967,-0.06954103426590379,3.0,1.0,0.427249430874745,0.01718955233201782
26.0,165.0,0.49978463095135695,-0.07862114839914795,2.0,1.0,0.427249430874745,0.01718955233201782
26.0,170.0,0.16123781919200653,-0.06770936235187008,2.0,1.0,0.427249430874745,0.01718955233201782
26.0,175.0,-0.1408708730242516,-0.060421738443251626,2.0,1.0,0.427249430874745,0.01718955233201782
26.0,180.0,-0.35132838207852046,-0.04209150181085377,2.0,1.0,0.427249430874745,0.01718955233201782
26.0,185.0,-0.4959028731896922,-0.028914898222234343,1.0,1.0,0.427249430874745,0.01718955233201782
26.0,190.0,-0.49606864343965285,-3.315404999213456e-05,1.0,2.0,0.427249430874745,0.01718955233201782
26.0,195.0,-0.3935828148203555,0.020497165723859467,1.0,2.0,0.427249430874745,0.01718955233201782
26.0,200.0,-0.24979926984281065,0.028756708995508973,2.0,3.0,0.427249430874745,0.01718955233201782
26.0,205.0,-0.06806549910611182,0.03634675414733977,2.0,3.0,0.427249430874745,0.01718955233201782
26.0,210.0,0.1856978203818258,0.05075266389758752,2.0,3.0,0.427249430874745,0.01718955233201782
26.0,215.0,0.38407071485430677,0.039674578894496194,2.0,3.0,0.427249430874745,0.01718955233201782
26.0,220.0,0.5575582254128157,0.03469750211170179,2.0,3.0,0.427249430874745,0.01718955233201782
26.0,225.0,0.7017023680068668,0.02882882851881021,2.0,3.0,0.427249430874745,0.01718955233201782
26.0,230.0,0.6253280238662349,-0.015274868828126387,2.0,2.0,0.427249430874745,0.01718955233201782
26.0,235.0,0.5439849861957491,-0.016268607534097156,2.0,2.0,0.427249430874745,0.01718955233201782
26.0,240.0,0.33758951517121716,-0.041279094204906386,2.0,1.0,0.427249430874745,0.01718955233201782
26.0,245.0,0.15764863235809656,-0.03598817656262412,2.0,1.0,0.427249430874745,0.01718955233201782
26.0,250.0,-0.04516502770485786,-0.040562732012590884,2.0,1.0,0.427249430874745,0.01718955233201782
26.0,255.0,-0.29567406405584507,-0.05010180727019744,2.0,1.0,0.427249430874745,0.01718955233201782
26.0,260.0,-0.5188905901579837,-0.04464330522042772,1.0,1.0,0.427249430874745,0.01718955233201782
26.0,265.0,-0.6124242016111552,-0.018706722290634303,1.0,2.0,0.427249430874745,0.01718955233201782
26.0,270.0,-0.6123048281844383,2.3874685343372448e-05,1.0,2.0,0.427249430874745,0.01718955233201782
26.0,275.0,-0.560648391291469,0.010331287378593856,1.0,2.0,0.427249430874745,0.01718955233201782
26.0,280.0,-0.3485404796273315,0.042421582332827515,2.0,3.0,0.427249430874745,0.01718955233201782
26.0,285.0,-0.17514102259460174,0.03467989140654595,2.0,3.0,0.427249430874745,0.01718955233201782
26.0,290.0,0.11221237558076425,0.0574706796350732,2.0,3.0,0.427249430874745,0.01718955233201782
26.0,295.0,0.3034534606993091,0.03824821702370897,2.0,3.0,0.427249430874745,0.01718955233201782
26.0,300.0,0.4574689733168107,0.030803102523500315,2.0,3.0,0.427249430874745,0.01718955233201782
27.0,0.0,-4.973147184650401,0.0,0.0,2.0,0.6104414056710505,0.0062676324680676675
27.0,5.0,-4.8308687229040395,0.028455692349272255,0.0,3.0,0.6104414056710505,0.0062676324680676675
27.0,10.0,-4.537052645570938,0.058763215466620264,0.0,3.0,0.6104414056710505,0.0062676324680676675
27.0,15.0,-4.329359367271838,0.041538655659820026,0.0,3.0,0.6104414056710505,0.0062676324680676675
27.0,20.0,-4.0674813974024495,0.0523755939738777,0.0,3.0,0.6104414056710505,0.0062676324680676675
27.0,25.0,-2.5900740457994544,0.295481470320599,0.0,4.0,0.6104414056710505,0.0062676324680676675
27.0,30.0,-2.4223987204867683,0.03353506506253723,0.0,3.0,0.6104414056710505,0.0062676324680676675
27.0,35.0,-2.1236999301799955,0.059739758061354564,0.0,3.0,0.6104414056710505,0.0062676324680676675
27.0,40.0,-1.950511164257275,0.034637753184544096,0.0,3.0,0.6104414056710505,0.0062676324680676675
27.0,45.0,-1.6909416320526383,0.051913906440927346,1.0,3.0,0.6104414056710505,0.0062676324680676675
27.0,50.0,-1.4705482744152896,0.044078671527469734,1.0,3.0,0.6104414056710505,0.0062676324680676675
27.0,55.0,-1.3138895237589132,0.031331750131275274,1.0,3.0,0.6104414056710505,0.0062676324680676675
27.0,60.0,-1.0381529977057475,0.05514730521063314,1.0,3.0,0.6104414056710505,0.0062676324680676675
27.0,65.0,-0.873656534138636,0.03289929271342231,1.0,3.0,0.6104414056710505,0.0062676324680676675
27.0,70.0,-0.6657883838950873,0.04157363004870973,1.0,3.0,0.6104414056710505,0.0062676324680676675
27.0,75.0,-0.45645829948208316,0.04186601688260083,1.0,3.0,0.6104414056710505,0.0062676324680676675
27.0,80.0,-0.20242934169140625,0.05080579155813538,2.0,3.0,0.6104414056710505,0.0062676324680676675
27.0,85.0,-0.0023576823497393207,0.040014331868333385,2.0,3.0,0.6104414056710505,0.0062676324680676675
27.0,90.0,0.15295654951794546,0.031062846373536956,2.0,3.0,0.6104414056710505,0.0062676324680676675
27.0,95.0,0.32966505090814735,0.03534170027804038,2.0,3.0,0.6104414056710505,0.0062676324680676675
27.0,100.0,0.4893112238285795,0.03192923458408643,2.0,3.0,0.6104414056710505,0.0062676324680676675
27.0,105.0,0.5687551437230987,0.01588878397890383,2.0,2.0,0.6104414056710505,0.0062676324680676675
27.0,110.0,0.5325840466212881,-0.007234219420362109,2.0,2.0,0.6104414056710505,0.0062676324680676675
27.0,115.0,0.5037398118645378,-0.005768846951350071,2.0,2.0,0.6104414056710505,0.0062676324680676675
27.0,120.0,0.4719050607908031,-0.006366950214746936,2.0,2.0,0.6104414056710505,0.0062676324680676675
27.0,125.0,0.3696273253969764,-0.020455547078765336,2.0,2.0,0.6104414056710505,0.0062676324680676675
27.0,130.0,0.3031347255238792,-0.013298519974619439,2.0,2.0,0.6104414056710505,0.0062676324680676675
27.0,135.0,0.2519476119392081,-0.01023742271693422,2.0,2.0,0.6104414056710505,0.0062676324680676675
27.0,140.0,0.24484182764309992,-0.0014211568592216394,2.0,2.0,0.6104414056710505,0.0062676324680676675
27.0,145.0,0.21642997855512647,-0.00568236981759469,2.0,2.0,0.6104414056710505,0.0062676324680676675
27.0,150.0,0.18792580841293471,-0.005700834028438351,2.0,2.0,0.6104414056710505,0.0062676324680676675
27.0,155.0,0.2534231658349455,0.013099471484402159,2.0,2.0,0.6104414056710505,0.0062676324680676675
27.0,160.0,0.2965407410757557,0.008623515048162033,2.0,2.0,0.6104414056710505,0.0062676324680676675
27.0,165.0,0.2605892292975973,-0.0071903023556316725,2.0,2.0,0.6104414056710505,0.0062676324680676675
27.0,170.0,0.21458935154345937,-0.009199975550827588,2.0,2.0,0.6104414056710505,0.0062676324680676675
27.0,175.0,0.15344105798410723,-0.012229658711870428,2.0,2.0,0.6104414056710505,0.0062676324680676675
27.0,180.0,0.16288821829764544,0.001889432062707641,2.0,2.0,0.6104414056710505,0.0062676324680676675
27.0,185.0,0.18413367376435374,0.004249091093341662,2.0,2.0,0.6104414056710505,0.0062676324680676675
27.0,190.0,0.19096763110055193,0.0013667914672396363,2.0,2.0,0.6104414056710505,0.0062676324680676675
27.0,195.0,0.12406025206873039,-0.013381475806364307,2.0,2.0,0.6104414056710505,0.0062676324680676675
27.0,200.0,0.1386270369162581,0.002913356969505543,2.0,2.0,0.6104414056710505,0.0062676324680676675
27.0,205.0,0.150816303902225,0.002437853397193379,2.0,2.0,0.6104414056710505,0.0062676324680676675
27.0,210.0,0.10719676042320003,-0.008723908695804994,2.0,2.0,0.6104414056710505,0.0062676324680676675
27.0,215.0,0.08055503972666145,-0.005328344139307717,2.0,2.0,0.6104414056710505,0.0062676324680676675
27.0,220.0,0.12179988699520194,0.008248969453708099,2.0,2.0,0.6104414056710505,0.0062676324680676675
27.0,225.0,0.15236091349679626,0.0061122053003188626,2.0,2.0,0.6104414056710505,0.0062676324680676675
27.0,230.0,0.10400560654899493,-0.009671061389560264,2.0,2.0,0.6104414056710505,0.0062676324680676675
27.0,235.0,0.12962789101987582,0.005124456894176177,2.0,2.0,0.6104414056710505,0.0062676324680676675
27.0,240.0,0.13882270191167123,0.0018389621783590827,2.0,2.0,0.6104414056710505,0.0062676324680676675
27.0,245.0,0.14176474974160058,0.0005884095659858702,2.0,2.0,0.6104414056710505,0.0062676324680676675
27.0,250.0,0.07565082814916835,-0.013222784318486447,2.0,2.0,0.6104414056710505,0.0062676324680676675
27.0,255.0,0.04145275455191211,-0.006839614719451248,2.0,2.0,0.6104414056710505,0.0062676324680676675
27.0,260.0,0.06077117220257122,0.0038636835301318227,2.0,2.0,0.6104414056710505,0.0062676324680676675
27.0,265.0,0.11367894951954582,0.01058155546339492,2.0,2.0,0.6104414056710505,0.0062676324680676675
27.0,270.0,0.07066579842411258,-0.008602630219086648,2.0,2.0,0.6104414056710505,0.0062676324680676675
27.0,275.0,0.04531910154173957,-0.005069339376474602,2.0,2.0,0.6104414056710505,0.0062676324680676675
27.0,280.0,0.046634521517948,0.0002630839952416864,2.0,2.0,0.6104414056710505,0.0062676324680676675
27.0,285.0,0.05763798846565393,0.0022006933895411863,2.0,2.0,0.6104414056710505,0.0062676324680676675
27.0,290.0,0.05783496635196883,3.939557726297949e-05,2.0,2.0,0.6104414056710505,0.0062676324680676675
27.0,295.0,0.003049996535917643,-0.010956993963210237,2.0,2.0,0.6104414056710505,0.0062676324680676675
27.0,300.0,0.06004407140747148,0.011398814974310768,2.0,2.0,0.6104414056710505,0.0062676324680676675
28.0,0.0,-0.5400239861938019,0.0,1.0,2.0,1.3549080191855842,0.0037837999007427465
28.0,5.0,-0.35003350295555435,0.037998096647649506,2.0,3.0,1.3549080191855842,0.0037837999007427465
28.0,10.0,-0.08607221966081013,0.05279225665894884,2.0,3.0,1.3549080191855842,0.0037837999007427465
28.0,15.0,0.19467097594741034,0.0561486391216441,2.0,3.0,1.3549080191855842,0.0037837999007427465
28.0,20.0,0.4616753772395441,0.05340088025842675,2.0,3.0,1.3549080191855842,0.0037837999007427465
28.0,25.0,0.63848383115349,0.03536169078278917,2.0,3.0,1.3549080191855842,0.0037837999007427465
28.0,30.0,0.7570911811959178,0.023721470008485568,3.0,2.0,1.3549080191855842,0.0037837999007427465
28.0,35.0,0.6866039025834674,-0.014097455722490082,2.0,2.0,1.3549080191855842,0.0037837999007427465
28.0,40.0,0.5422808885076087,-0.028864602815171735,2.0,1.0,1.3549080191855842,0.0037837999007427465
28.0,45.0,0.24053176618765093,-0.06034982446399155,2.0,1.0,1.3549080191855842,0.0037837999007427465
28.0,50.0,-0.07196398673026394,-0.06249915058358298,2.0,1.0,1.3549080191855842,0.0037837999007427465
28.0,55.0,-0.3409176197979029,-0.053790726613527795,2.0,1.0,1.3549080191855842,0.0037837999007427465
28.0,60.0,-0.49533015054462126,-0.03088250614934367,1.0,1.0,1.3549080191855842,0.0037837999007427465
28.0,65.0,-0.3965220531304574,0.01976161948283277,1.0,2.0,1.3549080191855842,0.0037837999007427465
28.0,70.0,-0.2326839282813964,0.032767624969812205,2.0,3.0,1.3549080191855842,0.0037837999007427465
28.0,75.0,-0.024711559003193884,0.0415944738556405,2.0,3.0,1.3549080191855842,0.0037837999007427465
28.0,80.0,0.26930894799593474,0.058804101399825726,2.0,3.0,1.3549080191855842,0.0037837999007427465
28.0,85.0,0.44871411765200975,0.035881033931215,2.0,3.0,1.3549080191855842,0.0037837999007427465
28.0,90.0,0.5792181925697122,0.02610081498354049,2.0,3.0,1.3549080191855842,0.0037837999007427465
28.0,95.0,0.6300231405799686,0.010160989602051274,2.0,2.0,1.3549080191855842,0.0037837999007427465
28.0,100.0,0.5287214432293332,-0.020260339470127064,2.0,2.0,1.3549080191855842,0.0037837999007427465
28.0,105.0,0.2740423503592915,-0.05093581857400835,2.0,1.0,1.3549080191855842,0.0037837999007427465
28.0,110.0,0.05374026684129518,-0.04406041670359926,2.0,1.0,1.3549080191855842,0.0037837999007427465
28.0,115.0,-0.17673049398811003,-0.046094152165881044,2.0,1.0,1.3549080191855842,0.0037837999007427465
28.0,120.0,-0.34898581518521254,-0.0344510642394205,2.0,1.0,1.3549080191855842,0.0037837999007427465
28.0,125.0,-0.3505632891262245,-0.0003154947882023862,2.0,2.0,1.3549080191855842,0.0037837999007427465
28.0,130.0,-0.22515294773450023,0.02508206827834485,2.0,3.0,1.3549080191855842,0.0037837999007427465
28.0,135.0,-0.03654533788474268,0.03772152196995151,2.0,3.0,1.3549080191855842,0.0037837999007427465
28.0,140.0,0.18742136059190173,0.04479333969532888,2.0,3.0,1.3549080191855842,0.0037837999007427465
28.0,145.0,0.4035546890249968,0.043226665686619016,2.0,3.0,1.3549080191855842,0.0037837999007427465
28.0,150.0,0.6441223973598618,0.04811354166697299,2.0,3.0,1.3549080191855842,0.0037837999007427465
28.0,155.0,0.8765632922596538,0.046488178979958404,3.0,3.0,1.3549080191855842,0.0037837999007427465
28.0,160.0,1.0247636456718148,0.029640070682432195,3.0,3.0,1.3549080191855842,0.0037837999007427465
28.0,165.0,1.0090960294885285,-0.003133523236657254,3.0,2.0,1.3549080191855842,0.0037837999007427465
28.0,170.0,0.8705930151335934,-0.027700602870987013,3.0,1.0,1.3549080191855842,0.0037837999007427465
28.0,175.0,0.7856118577280462,-0.016996231481109448,3.0,2.0,1.3549080191855842,0.0037837999007427465
28.0,180.0,0.59977312775478,-0.037167745994653244,2.0,1.0,1.3549080191855842,0.0037837999007427465
28.0,185.0,0.44531995596782536,-0.030890634357390923,2.0,1.0,1.3549080191855842,0.0037837999007427465
28.0,190.0,0.16925697624611402,-0.05521259594434227,2.0,1.0,1.3549080191855842,0.0037837999007427465
28.0,195.0,0.047214707789848376,-0.024408453691253128,2.0,2.0,1.3549080191855842,0.0037837999007427465
28.0,200.0,0.01920909637599877,-0.005601122282769921,2.0,2.0,1.3549080191855842,0.0037837999007427465
28.0,205.0,0.08492002388698694,0.013142185502197635,2.0,2.0,1.3549080191855842,0.0037837999007427465
28.0,210.0,0.30484738098754605,0.04398547142011182,2.0,3.0,1.3549080191855842,0.0037837999007427465
28.0,215.0,0.5343402066148037,0.04589856512545154,2.0,3.0,1.3549080191855842,0.0037837999007427465
28.0,220.0,0.7370204436256849,0.04053604740217622,2.0,3.0,1.3549080191855842,0.0037837999007427465
28.0,225.0,0.8919238482726968,0.03098068092940238,3.0,3.0,1.3549080191855842,0.0037837999007427465
28.0,230.0,0.8485598042285112,-0.008672808808837118,3.0,2.0,1.3549080191855842,0.0037837999007427465
28.0,235.0,0.7411757649968074,-0.021476807846340762,2.0,2.0,1.3549080191855842,0.0037837999007427465
28.0,240.0,0.6717517781793205,-0.01388479736349737,2.0,2.0,1.3549080191855842,0.0037837999007427465
28.0,245.0,0.45564426443330674,-0.04322150274920276,2.0,1.0,1.3549080191855842,0.0037837999007427465
28.0,250.0,0.056931456241716916,-0.07974256163831797,2.0,1.0,1.3549080191855842,0.0037837999007427465
28.0,255.0,-0.3168337612215204,-0.07475304349264747,2.0,1.0,1.3549080191855842,0.0037837999007427465
28.0,260.0,-0.549423638029392,-0.046517975361574315,1.0,1.0,1.3549080191855842,0.0037837999007427465
28.0,265.0,-0.6894290170499318,-0.028001075804107954,1.0,1.0,1.3549080191855842,0.0037837999007427465
28.0,270.0,-0.6108057450232707,0.015724654405332217,1.0,2.0,1.3549080191855842,0.0037837999007427465
28.0,275.0,-0.4159559623911484,0.03896995652642445,1.0,3.0,1.3549080191855842,0.0037837999007427465
28.0,280.0,-0.16883648195522838,0.049423896087184005,2.0,3.0,1.3549080191855842,0.0037837999007427465
28.0,285.0,0.08592176794070738,0.05095164997918715,2.0,3.0,1.3549080191855842,0.0037837999007427465
28.0,290.0,0.23607861678443953,0.03003136976874643,2.0,3.0,1.3549080191855842,0.0037837999007427465
28.0,295.0,0.49551394031935203,0.0518870647069825,2.0,3.0,1.3549080191855842,0.0037837999007427465
28.0,300.0,0.5809635941955165,0.017089930775232888,2.0,2.0,1.3549080191855842,0.0037837999007427465
29.0,0.0,-0.12744762489431594,0.0,2.0,2.0,0.23088078117090896,0.002124133445735131
29.0,5.0,0.14671099013640898,0.054831723006144986,2.0,3.0,0.23088078117090896,0.002124133445735131
29.0,10.0,0.5507321351721792,0.08080422900715405,2.0,3.0,0.23088078117090896,0.002124133445735131
29.0,15.0,0.9871672459809204,0.08728702216174825,3.0,3.0,0.23088078117090896,0.002124133445735131
29.0,20.0,1.2875470974531673,0.060075970294449374,3.0,3.0,0.23088078117090896,0.002124133445735131
29.0,25.0,1.431010778352313,0.028692736179829127,3.0,3.0,0.23088078117090896,0.002124133445735131
29.0,30.0,1.4131522766045137,-0.0035717003495598478,3.0,2.0,0.23088078117090896,0.002124133445735131
29.0,35.0,1.3262555550827528,-0.017379344304352173,3.0,2.0,0.23088078117090896,0.002124133445735131
29.0,40.0,1.193249327023036,-0.02660124561194337,3.0,1.0,0.23088078117090896,0.002124133445735131
29.0,45.0,1.0423770523946523,-0.03017445492567674,3.0,1.0,0.23088078117090896,0.002124133445735131
29.0,50.0,0.9175748703283695,-0.02496043641325656,3.0,2.0,0.23088078117090896,0.002124133445735131
29.0,55.0,0.8172213315932488,-0.02007070774702413,3.0,2.0,0.23088078117090896,0.002124133445735131
29.0,60.0,0.7396316357218247,-0.015517939174284835,2.0,2.0,0.23088078117090896,0.002124133445735131
29.0,65.0,0.7279811733554382,-0.00233009247327729,2.0,2.0,0.23088078117090896,0.002124133445735131
29.0,70.0,0.7516973615695441,0.004743237642821185,3.0,2.0,0.23088078117090896,0.002124133445735131
29.0,75.0,0.7239401372005503,-0.005551444873798772,2.0,2.0,0.23088078117090896,0.002124133445735131
29.0,80.0,0.6915529649906773,-0.006477434441974595,2.0,2.0,0.23088078117090896,0.002124133445735131
29.0,85.0,2.2547372314326886,0.31263685328840224,3.0,4.0,0.23088078117090896,0.002124133445735131
29.0,90.0,2.2728852870408467,0.0036296111216316262,3.0,2.0,0.23088078117090896,0.002124133445735131
29.0,95.0,2.244728796536812,-0.005631298100806958,3.0,2.0,0.23088078117090896,0.002124133445735131
29.0,100.0,1.9039227425547018,-0.06816121079642201,3.0,1.0,0.23088078117090896,0.002124133445735131
29.0,105.0,1.3668660551893055,-0.10741133747307927,3.0,1.0,0.23088078117090896,0.002124133445735131
29.0,110.0,0.8880437607786682,-0.09576445888212745,3.0,1.0,0.23088078117090896,0.002124133445735131
29.0,115.0,0.4588638923718378,-0.08583597368136608,2.0,1.0,0.23088078117090896,0.002124133445735131
29.0,120.0,0.19948721659871538,-0.05187533515462448,2.0,1.0,0.23088078117090896,0.002124133445735131
29.0,125.0,0.10561003357507914,-0.018775436604727247,2.0,2.0,0.23088078117090896,0.002124133445735131
29.0,130.0,0.131168745926594,0.005111742470302971,2.0,2.0,0.23088078117090896,0.002124133445735131
29.0,135.0,0.18161636662879133,0.010089524140439465,2.0,2.0,0.23088078117090896,0.002124133445735131
29.0,140.0,0.23159175914765484,0.009995078503772703,2.0,2.0,0.23088078117090896,0.002124133445735131
29.0,145.0,0.30913375392460907,0.015508398955390846,2.0,2.0,0.23088078117090896,0.002124133445735131
29.0,150.0,0.3344741626389549,0.005068081742869168,2.0,2.0,0.23088078117090896,0.002124133445735131
29.0,155.0,0.37300023265385107,0.0077052140029792325,2.0,2.0,0.23088078117090896,0.002124133445735131
29.0,160.0,0.42293768552131183,0.009987490573492153,2.0,2.0,0.23088078117090896,0.002124133445735131
29.0,165.0,0.389999952841503,-0.006587546535961763,2.0,2.0,0.23088078117090896,0.002124133445735131
29.0,170.0,0.37976293570178044,-0.0020474034279445164,2.0,2.0,0.23088078117090896,0.002124133445735131
29.0,175.0,0.3255497227265671,-0.010842642595042662,2.0,2.0,0.23088078117090896,0.002124133445735131
29.0,180.0,0.33779636106529054,0.0024493276677446827,2.0,2.0,0.23088078117090896,0.002124133445735131
29.0,185.0,0.2619912785529017,-0.015161016502477764,2.0,2.0,0.23088078117090896,0.002124133445735131
29.0,190.0,0.20337856224605844,-0.011722543261368656,2.0,2.0,0.23088078117090896,0.002124133445735131
29.0,195.0,0.18838596124788864,-0.0029985201996339584,2.0,2.0,0.23088078117090896,0.002124133445735131
29.0,200.0,0.18350874044422838,-0.000975444160732053,2.0,2.0,0.23088078117090896,0.002124133445735131
29.0,205.0,0.2544051136040508,0.01417927463196449,2.0,2.0,0.23088078117090896,0.002124133445735131
29.0,210.0,0.18863154852427044,-0.013154713015956077,2.0,2.0,0.23088078117090896,0.002124133445735131
29.0,215.0,0.18257142460093334,-0.0012120247846674204,2.0,2.0,0.23088078117090896,0.002124133445735131
29.0,220.0,0.15729840048122057,-0.005054604823942555,2.0,2.0,0.23088078117090896,0.002124133445735131
29.0,225.0,0.1746581083005232,0.0034719415638605256,2.0,2.0,0.23088078117090896,0.002124133445735131
29.0,230.0,0.1829779149465871,0.0016639613292127819,2.0,2.0,0.23088078117090896,0.002124133445735131
29.0,235.0,0.16701526118600185,-0.0031925307521170508,2.0,2.0,0.23088078117090896,0.002124133445735131
29.0,240.0,0.13673643173053662,-0.006055765891093046,2.0,2.0,0.23088078117090896,0.002124133445735131
29.0,245.0,0.1712196029370041,0.006896634241293498,2.0,2.0,0.23088078117090896,0.002124133445735131
29.0,250.0,0.12418688724698868,-0.009406543138003088,2.0,2.0,0.23088078117090896,0.002124133445735131
29.0,255.0,0.15769633736481126,0.006701890023564516,2.0,2.0,0.23088078117090896,0.002124133445735131
29.0,260.0,0.1000373163945909,-0.01153180419404407,2.0,2.0,0.23088078117090896,0.002124133445735131
29.0,265.0,0.08501908734383434,-0.003003645810151312,2.0,2.0,0.23088078117090896,0.002124133445735131
29.0,270.0,0.08898466207775257,0.0007931149467836462,2.0,2.0,0.23088078117090896,0.002124133445735131
29.0,275.0,0.1239094980176354,0.006984967187976565,2.0,2.0,0.23088078117090896,0.002124133445735131
29.0,280.0,0.11553409200728737,-0.001675081202069606,2.0,2.0,0.23088078117090896,0.002124133445735131
29.0,285.0,0.0798030204116067,-0.007146214319136135,2.0,2.0,0.23088078117090896,0.002124133445735131
29.0,290.0,0.06541230904661077,-0.0028781422729991847,2.0,2.0,0.23088078117090896,0.002124133445735131
29.0,295.0,0.12190949485293956,0.011299437161265757,2.0,2.0,0.23088078117090896,0.002124133445735131
29.0,300.0,0.0541760425588258,-0.013546690458822752,2.0,2.0,0.23088078117090896,0.002124133445735131
30.0,0.0,0.9988284284494533,0.0,3.0,2.0,0.23278865771330476,0.0011136111567552032
30.0,5.0,1.3482479612008618,0.06988390655028169,3.0,3.0,0.23278865771330476,0.0011136111567552032
30.0,10.0,1.791703568033622,0.08869112136655204,3.0,3.0,0.23278865771330476,0.0011136111567552032
30.0,15.0,2.045311145714358,0.05072151553614716,3.0,3.0,0.23278865771330476,0.0011136111567552032
30.0,20.0,1.9995767761307732,-0.009146873916716914,3.0,2.0,0.23278865771330476,0.0011136111567552032
30.0,25.0,1.6660095816848468,-0.06671343888918528,3.0,1.0,0.23278865771330476,0.0011136111567552032
30.0,30.0,1.180010765806827,-0.09719976317560394,3.0,1.0,0.23278865771330476,0.0011136111567552032
30.0,35.0,0.6619071939290997,-0.10362071437554547,2.0,1.0,0.23278865771330476,0.0011136111567552032
30.0,40.0,0.18894225637696138,-0.09459298751042766,2.0,1.0,0.23278865771330476,0.0011136111567552032
30.0,45.0,-0.06526407656131994,-0.05084126658765627,2.0,1.0,0.23278865771330476,0.0011136111567552032
30.0,50.0,-0.15452605754962434,-0.01785239619766088,2.0,2.0,0.23278865771330476,0.0011136111567552032
30.0,55.0,0.03824747444107501,0.03855470639813987,2.0,3.0,0.23278865771330476,0.0011136111567552032
30.0,60.0,0.4622057345262185,0.08479165201702869,2.0,3.0,0.23278865771330476,0.0011136111567552032
30.0,65.0,0.9370015411619406,0.09495916132714441,3.0,3.0,0.23278865771330476,0.0011136111567552032
30.0,70.0,1.3887461644040577,0.09034892464842344,3.0,3.0,0.23278865771330476,0.0011136111567552032
30.0,75.0,1.5753700886194828,0.03732478484308501,3.0,3.0,0.23278865771330476,0.0011136111567552032
30.0,80.0,1.5097516260427533,-0.013123692515345908,3.0,2.0,0.23278865771330476,0.0011136111567552032
30.0,85.0,1.2759504356687223,-0.046760238074806185,3.0,1.0,0.23278865771330476,0.0011136111567552032
30.0,90.0,0.9123971704998581,-0.07271065303377285,3.0,1.0,0.23278865771330476,0.0011136111567552032
30.0,95.0,0.4652185290774611,-0.0894357282844794,2.0,1.0,0.23278865771330476,0.0011136111567552032
30.0,100.0,0.14732474510757854,-0.06357875679397651,2.0,1.0,0.23278865771330476,0.0011136111567552032
30.0,105.0,-0.056084558643899385,-0.04068186075029558,2.0,1.0,0.23278865771330476,0.0011136111567552032
30.0,110.0,-0.13525747449336833,-0.01583458316989379,2.0,2.0,0.23278865771330476,0.0011136111567552032
30.0,115.0,-0.03877276228977422,0.019296942440718824,2.0,2.0,0.23278865771330476,0.0011136111567552032
30.0,120.0,0.29870503430163353,0.06749555931828155,2.0,3.0,0.23278865771330476,0.0011136111567552032
30.0,125.0,0.792063325122939,0.09867165816426109,3.0,3.0,0.23278865771330476,0.0011136111567552032
30.0,130.0,1.1899007263722226,0.07956748024985671,3.0,3.0,0.23278865771330476,0.0011136111567552032
30.0,135.0,1.344922778307577,0.031004410387070892,3.0,3.0,0.23278865771330476,0.0011136111567552032
30.0,140.0,1.2928852996887947,-0.010407495723756455,3.0,2.0,0.23278865771330476,0.0011136111567552032
30.0,145.0,1.0498235384932713,-0.04861235223910469,3.0,1.0,0.23278865771330476,0.0011136111567552032
30.0,150.0,0.7034312331211581,-0.06927846107442263,2.0,1.0,0.23278865771330476,0.0011136111567552032
30.0,155.0,0.44746504133221165,-0.051193238357789286,2.0,1.0,0.23278865771330476,0.0011136111567552032
30.0,160.0,0.3149087199682725,-0.026511264272787827,2.0,1.0,0.23278865771330476,0.0011136111567552032
30.0,165.0,0.35403807644723173,0.007825871295791842,2.0,2.0,0.23278865771330476,0.0011136111567552032
30.0,170.0,0.5059866508674986,0.030389714884053377,2.0,3.0,0.23278865771330476,0.0011136111567552032
30.0,175.0,0.696005285299865,0.038003726886473285,2.0,3.0,0.23278865771330476,0.0011136111567552032
30.0,180.0,0.8548075198071636,0.03176044690145972,3.0,3.0,0.23278865771330476,0.0011136111567552032
30.0,185.0,1.0209810569824107,0.033234707435049415,3.0,3.0,0.23278865771330476,0.0011136111567552032
30.0,190.0,1.095866783193518,0.014977145242221468,3.0,2.0,0.23278865771330476,0.0011136111567552032
30.0,195.0,1.0890392391951096,-0.0013655087996816916,3.0,2.0,0.23278865771330476,0.0011136111567552032
30.0,200.0,0.9802221258682664,-0.021763422665368636,3.0,2.0,0.23278865771330476,0.0011136111567552032
30.0,205.0,0.8274602005676357,-0.03055238506012614,3.0,1.0,0.23278865771330476,0.0011136111567552032
30.0,210.0,0.6316660979587816,-0.03915882052177082,2.0,1.0,0.23278865771330476,0.0011136111567552032
30.0,215.0,0.34802130474104587,-0.05672895864354714,2.0,1.0,0.23278865771330476,0.0011136111567552032
30.0,220.0,0.05647025638439018,-0.05831020967133114,2.0,1.0,0.23278865771330476,0.0011136111567552032
30.0,225.0,-0.159313206140002,-0.043156692504878434,2.0,1.0,0.23278865771330476,0.0011136111567552032
30.0,230.0,-0.2603072412578271,-0.020198807023565024,2.0,2.0,0.23278865771330476,0.0011136111567552032
30.0,235.0,-0.2888189661625873,-0.005702344980952035,2.0,2.0,0.23278865771330476,0.0011136111567552032
30.0,240.0,-0.26071564419832427,0.005620664392852604,2.0,2.0,0.23278865771330476,0.0011136111567552032
30.0,245.0,-0.2630249422820512,-0.0004618596167453859,2.0,2.0,0.23278865771330476,0.0011136111567552032
30.0,250.0,-0.237921835066782,0.005020621443053841,2.0,2.0,0.23278865771330476,0.0011136111567552032
30.0,255.0,-0.22456465015566351,0.002671436982223696,2.0,2.0,0.23278865771330476,0.0011136111567552032
30.0,260.0,-0.1775346136514635,0.009406007300840003,2.0,2.0,0.23278865771330476,0.0011136111567552032
30.0,265.0,-0.17964925402612408,-0.00042292807493211627,2.0,2.0,0.23278865771330476,0.0011136111567552032
30.0,270.0,-0.16764081783087903,0.0024016872390490106,2.0,2.0,0.23278865771330476,0.0011136111567552032
30.0,275.0,-0.1604933858141102,0.0014294864033537636,2.0,2.0,0.23278865771330476,0.0011136111567552032
30.0,280.0,-0.12137925302519648,0.007822826557782747,2.0,2.0,0.23278865771330476,0.0011136111567552032
30.0,285.0,-0.12448110207724028,-0.0006203698104087607,2.0,2.0,0.23278865771330476,0.0011136111567552032
30.0,290.0,-0.09575583839959378,0.005745052735529299,2.0,2.0,0.23278865771330476,0.0011136111567552032
30.0,295.0,-0.0883654934878848,0.001478068982341796,2.0,2.0,0.23278865771330476,0.0011136111567552032
30.0,300.0,-0.08585957773649966,0.0005011831502770292,2.0,2.0,0.23278865771330476,0.0011136111567552032
31.0,0.0,3.1824947958616967,0.0,3.0,2.0,0.2848411317782191,0.0028912400384903244
31.0,5.0,3.2936942543916317,0.022239891705986992,4.0,2.0,0.2848411317782191,0.0028912400384903244
31.0,10.0,3.5261329337032024,0.04648773586231414,4.0,3.0,0.2848411317782191,0.0028912400384903244
31.0,15.0,3.5166159950987286,-0.0019033877208947559,4.0,2.0,0.2848411317782191,0.0028912400384903244
31.0,20.0,3.2570705728336407,-0.05190908445301758,4.0,1.0,0.2848411317782191,0.0028912400384903244
31.0,25.0,2.899858141650128,-0.0714424862367025,3.0,1.0,0.2848411317782191,0.0028912400384903244
31.0,30.0,2.2464108661145907,-0.13068945510710747,3.0,1.0,0.2848411317782191,0.0028912400384903244
31.0,35.0,1.692565954063113,-0.11076898241029554,3.0,1.0,0.2848411317782191,0.0028912400384903244
31.0,40.0,1.064336369955715,-0.12564591682147963,3.0,1.0,0.2848411317782191,0.0028912400384903244
31.0,45.0,0.587062701044708,-0.09545473378220137,2.0,1.0,0.2848411317782191,0.0028912400384903244
31.0,50.0,0.2159779857693387,-0.07421694305507387,2.0,1.0,0.2848411317782191,0.0028912400384903244
31.0,55.0,-0.08779440227553081,-0.0607544776089739,2.0,1.0,0.2848411317782191,0.0028912400384903244
31.0,60.0,-0.18912044249346138,-0.020265208043586114,2.0,2.0,0.2848411317782191,0.0028912400384903244
31.0,65.0,-0.24435902775771368,-0.011047717052850459,2.0,2.0,0.2848411317782191,0.0028912400384903244
31.0,70.0,-0.31758273601506204,-0.014644741651469673,2.0,2.0,0.2848411317782191,0.0028912400384903244
31.0,75.0,-0.28633481887090895,0.006249583428830618,2.0,2.0,0.2848411317782191,0.0028912400384903244
31.0,80.0,-0.09835371910365609,0.03759621995345057,2.0,3.0,0.2848411317782191,0.0028912400384903244
31.0,85.0,0.03887934431647366,0.02744661268402595,2.0,3.0,0.2848411317782191,0.0028912400384903244
31.0,90.0,0.17634937587344623,0.027494006311394516,2.0,3.0,0.2848411317782191,0.0028912400384903244
31.0,95.0,0.31186974378912424,0.0271040735831356,2.0,3.0,0.2848411317782191,0.0028912400384903244
31.0,100.0,0.43402754715770797,0.024431560673716747,2.0,2.0,0.2848411317782191,0.0028912400384903244
31.0,105.0,0.46843737574809907,0.0068819657180782205,2.0,2.0,0.2848411317782191,0.0028912400384903244
31.0,110.0,0.5723301779412537,0.02077856043863093,2.0,2.0,0.2848411317782191,0.0028912400384903244
31.0,115.0,0.5019388876549904,-0.014078258057252668,2.0,2.0,0.2848411317782191,0.0028912400384903244
31.0,120.0,0.5421729074096788,0.008046803950937686,2.0,2.0,0.2848411317782191,0.0028912400384903244
31.0,125.0,0.43820340962193427,-0.02079389955754891,2.0,2.0,0.2848411317782191,0.0028912400384903244
31.0,130.0,0.40820938538973195,-0.0059988048464404645,2.0,2.0,0.2848411317782191,0.0028912400384903244
31.0,135.0,0.3558329489247214,-0.010475287293002112,2.0,2.0,0.2848411317782191,0.0028912400384903244
31.0,140.0,0.26358275502047235,-0.01845003878084981,2.0,2.0,0.2848411317782191,0.0028912400384903244
31.0,145.0,0.23303305446122025,-0.006109940111850421,2.0,2.0,0.2848411317782191,0.0028912400384903244
31.0,150.0,0.17111944698405424,-0.012382721495433202,2.0,2.0,0.2848411317782191,0.0028912400384903244
31.0,155.0,0.13056172789740472,-0.008111543817329902,2.0,2.0,0.2848411317782191,0.0028912400384903244
31.0,160.0,0.12065055199250452,-0.001982235180980041,2.0,2.0,0.2848411317782191,0.0028912400384903244
31.0,165.0,0.09905326925817803,-0.004319456546865297,2.0,2.0,0.2848411317782191,0.0028912400384903244
31.0,170.0,0.20735307417242765,0.021659960982849925,2.0,2.0,0.2848411317782191,0.0028912400384903244
31.0,175.0,0.2262340370955691,0.0037761925846282905,2.0,2.0,0.2848411317782191,0.0028912400384903244
31.0,180.0,0.17356414727725777,-0.010533977963662266,2.0,2.0,0.2848411317782191,0.0028912400384903244
31.0,185.0,0.14047086643772744,-0.006618656167906067,2.0,2.0,0.2848411317782191,0.0028912400384903244
31.0,190.0,0.11265191326278767,-0.005563790634987953,2.0,2.0,0.2848411317782191,0.0028912400384903244
31.0,195.0,0.12204461702499358,0.0018785407524411824,2.0,2.0,0.2848411317782191,0.0028912400384903244
31.0,200.0,-1.77383196259877,-0.37917531592475273,1.0,0.0,0.2848411317782191,0.0028912400384903244
31.0,205.0,-1.6829911262703057,0.01816816726569286,1.0,2.0,0.2848411317782191,0.0028912400384903244
31.0,210.0,-1.6086843852331967,0.014861348207421798,1.0,2.0,0.2848411317782191,0.0028912400384903244
31.0,215.0,-1.3959996788079714,0.04253694128504506,1.0,3.0,0.2848411317782191,0.0028912400384903244
31.0,220.0,-1.1582530340782853,0.04754932894593722,1.0,3.0,0.2848411317782191,0.0028912400384903244
31.0,225.0,-0.9292085026779482,0.04580890628006742,1.0,3.0,0.2848411317782191,0.0028912400384903244
31.0,230.0,-0.6208226861232298,0.06167716331094368,1.0,3.0,0.2848411317782191,0.0028912400384903244
31.0,235.0,-0.3398941657373591,0.05618570407717414,2.0,3.0,0.2848411317782191,0.0028912400384903244
31.0,240.0,-0.12675161158329118,0.04262851083081358,2.0,3.0,0.2848411317782191,0.0028912400384903244
31.0,245.0,0.08106828542599942,0.04156397940185812,2.0,3.0,0.2848411317782191,0.0028912400384903244
31.0,250.0,0.33624793076313253,0.05103592906742662,2.0,3.0,0.2848411317782191,0.0028912400384903244
31.0,255.0,0.3233274694604731,-0.0025840922605318895,2.0,2.0,0.2848411317782191,0.0028912400384903244
31.0,260.0,0.3594140427454171,0.007217314656988804,2.0,2.0,0.2848411317782191,0.0028912400384903244
31.0,265.0,0.32280911370030907,-0.007320985809021607,2.0,2.0,0.2848411317782191,0.0028912400384903244
31.0,270.0,0.1943188576661079,-0.025698051206840232,2.0,1.0,0.2848411317782191,0.0028912400384903244
31.0,275.0,0.233637869776544,0.007863802422087219,2.0,2.0,0.2848411317782191,0.0028912400384903244
31.0,280.0,0.14541505390097242,-0.017644563175114314,2.0,2.0,0.2848411317782191,0.0028912400384903244
31.0,285.0,0.07137596895719511,-0.014807816988755463,2.0,2.0,0.2848411317782191,0.0028912400384903244
31.0,290.0,-0.027885677951001497,-0.019852329381639323,2.0,2.0,0.2848411317782191,0.0028912400384903244
31.0,295.0,-0.05224861806644299,-0.0048725880230882975,2.0,2.0,0.2848411317782191,0.0028912400384903244
31.0,300.0,-0.07525407382487259,-0.004601091151685921,2.0,2.0,0.2848411317782191,0.0028912400384903244
32.0,0.0,-0.32111174025101974,0.0,2.0,2.0,0.6218933587524852,0.0017119848071913875
32.0,5.0,-0.08675754457480878,0.04687083913524219,2.0,3.0,0.6218933587524852,0.0017119848071913875
32.0,10.0,0.27011895284498877,0.07137529948395951,2.0,3.0,0.6218933587524852,0.0017119848071913875
32.0,15.0,0.6736842835250805,0.08071306613601834,2.0,3.0,0.6218933587524852,0.0017119848071913875
32.0,20.0,0.9380850588576486,0.052880155066513626,3.0,3.0,0.6218933587524852,0.0017119848071913875
32.0,25.0,1.0423226716711156,0.0208475225626934,3.0,2.0,0.6218933587524852,0.0017119848071913875
32.0,30.0,0.8044404052457139,-0.04757645328508033,3.0,1.0,0.6218933587524852,0.0017119848071913875
32.0,35.0,0.39132982957423934,-0.08262211513429492,2.0,1.0,0.6218933587524852,0.0017119848071913875
32.0,40.0,-0.042412116375501796,-0.08674838918994823,2.0,1.0,0.6218933587524852,0.0017119848071913875
32.0,45.0,-0.32498363484054593,-0.056514303693008826,2.0,1.0,0.6218933587524852,0.0017119848071913875
32.0,50.0,-0.2939821849932258,0.006200289969464023,2.0,2.0,0.6218933587524852,0.0017119848071913875
32.0,55.0,0.019346699509615206,0.06266577690056821,2.0,3.0,0.6218933587524852,0.0017119848071913875
32.0,60.0,0.4716252819955997,0.0904557164971969,2.0,3.0,0.6218933587524852,0.0017119848071913875
32.0,65.0,1.017601402044761,0.10919522400983225,3.0,3.0,0.6218933587524852,0.0017119848071913875
32.0,70.0,1.4031956607080787,0.07711885173266353,3.0,3.0,0.6218933587524852,0.0017119848071913875
32.0,75.0,1.5479581206415318,0.028952491986690632,3.0,3.0,0.6218933587524852,0.0017119848071913875
32.0,80.0,1.304597720657629,-0.04867207999678058,3.0,1.0,0.6218933587524852,0.0017119848071913875
32.0,85.0,0.7727319941777147,-0.10637314529598285,3.0,1.0,0.6218933587524852,0.0017119848071913875
32.0,90.0,0.1771035781361583,-0.11912568320831127,2.0,1.0,0.6218933587524852,0.0017119848071913875
32.0,95.0,-0.3153371349293721,-0.09848814261310608,2.0,1.0,0.6218933587524852,0.0017119848071913875
32.0,100.0,-0.5181964008517213,-0.04057185318446983,1.0,1.0,0.6218933587524852,0.0017119848071913875
32.0,105.0,-0.24604777431108005,0.05442972530812824,2.0,3.0,0.6218933587524852,0.0017119848071913875
32.0,110.0,0.2746307635397187,0.10413570757015975,2.0,3.0,0.6218933587524852,0.0017119848071913875
32.0,115.0,0.8416834670527109,0.11341054070259844,3.0,3.0,0.6218933587524852,0.0017119848071913875
32.0,120.0,1.3232982463962806,0.09632295586871394,3.0,3.0,0.6218933587524852,0.0017119848071913875
32.0,125.0,1.5576453072989516,0.0468694121805342,3.0,3.0,0.6218933587524852,0.0017119848071913875
32.0,130.0,1.40489471958265,-0.030550117543260313,3.0,1.0,0.6218933587524852,0.0017119848071913875
32.0,135.0,0.9632272333157523,-0.08833349725337954,3.0,1.0,0.6218933587524852,0.0017119848071913875
32.0,140.0,0.3697149722601196,-0.11870245221112655,2.0,1.0,0.6218933587524852,0.0017119848071913875
32.0,145.0,-0.23047606802657583,-0.12003820805733909,2.0,1.0,0.6218933587524852,0.0017119848071913875
32.0,150.0,-0.5866496468867588,-0.07123471577203659,1.0,1.0,0.6218933587524852,0.0017119848071913875
32.0,155.0,-0.49748581399258285,0.01783276657883519,1.0,2.0,0.6218933587524852,0.0017119848071913875
32.0,160.0,-0.01932732747314958,0.09563169730388665,2.0,3.0,0.6218933587524852,0.0017119848071913875
32.0,165.0,0.523651706635416,0.10859580682171313,2.0,3.0,0.6218933587524852,0.0017119848071913875
32.0,170.0,1.102068849624299,0.11568342859777658,3.0,3.0,0.6218933587524852,0.0017119848071913875
32.0,175.0,1.4407665789527826,0.06773954586569672,3.0,3.0,0.6218933587524852,0.0017119848071913875
32.0,180.0,1.4645836633042713,0.004763416870297732,3.0,2.0,0.6218933587524852,0.0017119848071913875
32.0,185.0,1.1461497861302234,-0.06368677543480956,3.0,1.0,0.6218933587524852,0.0017119848071913875
32.0,190.0,0.5649395579773326,-0.11624204563057816,2.0,1.0,0.6218933587524852,0.0017119848071913875
32.0,195.0,-0.11825777389095293,-0.13663946637365712,2.0,1.0,0.6218933587524852,0.0017119848071913875
32.0,200.0,-0.5551448016725367,-0.08737740555631675,1.0,1.0,0.6218933587524852,0.0017119848071913875
32.0,205.0,-0.685967359701376,-0.02616451160576787,1.0,1.0,0.6218933587524852,0.0017119848071913875
32.0,210.0,-0.3188068501840817,0.07343210190345886,2.0,3.0,0.6218933587524852,0.0017119848071913875
32.0,215.0,0.27212030582610325,0.11818543120203699,2.0,3.0,0.6218933587524852,0.0017119848071913875
32.0,220.0,0.8137004339152867,0.10831602561783668,3.0,3.0,0.6218933587524852,0.0017119848071913875
32.0,225.0,1.2922840754341252,0.09571672830376769,3.0,3.0,0.6218933587524852,0.0017119848071913875
32.0,230.0,1.4519070525317375,0.03192459541952246,3.0,3.0,0.6218933587524852,0.0017119848071913875
32.0,235.0,1.2429810428778119,-0.041785201930785124,3.0,1.0,0.6218933587524852,0.0017119848071913875
32.0,240.0,0.7495735199364688,-0.0986815045882686,2.0,1.0,0.6218933587524852,0.0017119848071913875
32.0,245.0,0.08859527572433734,-0.1321956488424263,2.0,1.0,0.6218933587524852,0.0017119848071913875
32.0,250.0,-0.4586202997810176,-0.10944311510107099,1.0,1.0,0.6218933587524852,0.0017119848071913875
32.0,255.0,-0.7225850981797706,-0.052792959679750597,1.0,1.0,0.6218933587524852,0.0017119848071913875
32.0,260.0,-0.48649306927677216,0.04721840578059968,1.0,3.0,0.6218933587524852,0.0017119848071913875
32.0,265.0,-0.02204876495601127,0.09288886086415218,2.0,3.0,0.6218933587524852,0.0017119848071913875
32.0,270.0,0.5577230825026938,0.11595436949174101,2.0,3.0,0.6218933587524852,0.0017119848071913875
32.0,275.0,1.1004641239094894,0.10854820828135914,3.0,3.0,0.6218933587524852,0.0017119848071913875
32.0,280.0,1.292300686333995,0.038367312484901106,3.0,3.0,0.6218933587524852,0.0017119848071913875
32.0,285.0,1.0553451204144402,-0.04739111318391096,3.0,1.0,0.6218933587524852,0.0017119848071913875
32.0,290.0,0.45802820615534046,-0.11946338285181994,2.0,1.0,0.6218933587524852,0.0017119848071913875
32.0,295.0,-0.31055565213574,-0.1537167716582161,2.0,1.0,0.6218933587524852,0.0017119848071913875
32.0,300.0,-0.9878521194325067,-0.13545929345935334,1.0,1.0,0.6218933587524852,0.0017119848071913875
33.0,0.0,0.3295658021111656,0.0,2.0,2.0,0.13957945673997488,2.3053393128855923e-05
33.0,5.0,0.5044090751433075,0.034968654606428375,2.0,3.0,0.13957945673997488,2.3053393128855923e-05
33.0,10.0,0.7775262548149726,0.05462343593433303,3.0,3.0,0.13957945673997488,2.3053393128855923e-05
33.0,15.0,0.9953799688799059,0.04357074281298665,3.0,3.0,0.13957945673997488,2.3053393128855923e-05
33.0,20.0,1.271764757022595,0.055276957628537814,3.0,3.0,0.13957945673997488,2.3053393128855923e-05
33.0,25.0,1.5456912476244753,0.054785298120376066,3.0,3.0,0.13957945673997488,2.3053393128855923e-05
33.0,30.0,1.566570782849297,0.004175907044964333,3.0,2.0,0.13957945673997488,2.3053393128855923e-05
33.0,35.0,1.3678754541579679,-0.03973906573826582,3.0,1.0,0.13957945673997488,2.3053393128855923e-05
33.0,40.0,1.1664848556697258,-0.040278119697648405,3.0,1.0,0.13957945673997488,2.3053393128855923e-05
33.0,45.0,0.9425818006463267,-0.044780611004679824,3.0,1.0,0.13957945673997488,2.3053393128855923e-05
33.0,50.0,0.7242475933664814,-0.043666841455969066,2.0,1.0,0.13957945673997488,2.3053393128855923e-05
33.0,55.0,0.5131404822517354,-0.0422214222229492,2.0,1.0,0.13957945673997488,2.3053393128855923e-05
33.0,60.0,0.3596204097058191,-0.030704014509183253,2.0,1.0,0.13957945673997488,2.3053393128855923e-05
33.0,65.0,0.38402864531108705,0.004881647121053589,2.0,2.0,0.13957945673997488,2.3053393128855923e-05
33.0,70.0,0.5665054840732182,0.03649536775242623,2.0,3.0,0.13957945673997488,2.3053393128855923e-05
33.0,75.0,0.8568635522625669,0.058071613637869744,3.0,3.0,0.13957945673997488,2.3053393128855923e-05
33.0,80.0,1.0841176820625478,0.045450825959996166,3.0,3.0,0.13957945673997488,2.3053393128855923e-05
33.0,85.0,1.4103647790181348,0.06524941939111742,3.0,3.0,0.13957945673997488,2.3053393128855923e-05
33.0,90.0,1.5812870339874259,0.03418445099385821,3.0,3.0,0.13957945673997488,2.3053393128855923e-05
33.0,95.0,1.506844615790886,-0.014888483639307993,3.0,2.0,0.13957945673997488,2.3053393128855923e-05
33.0,100.0,1.307436654939508,-0.03988159217027558,3.0,1.0,0.13957945673997488,2.3053393128855923e-05
33.0,105.0,1.121884973850321,-0.037110336217837415,3.0,1.0,0.13957945673997488,2.3053393128855923e-05
33.0,110.0,0.9034714516011988,-0.04368270444982443,3.0,1.0,0.13957945673997488,2.3053393128855923e-05
33.0,115.0,0.6724699801772651,-0.04620029428478674,2.0,1.0,0.13957945673997488,2.3053393128855923e-05
33.0,120.0,0.4781179050184825,-0.03887041503175652,2.0,1.0,0.13957945673997488,2.3053393128855923e-05
33.0,125.0,0.6517967956619835,0.03473577812870019,2.0,3.0,0.13957945673997488,2.3053393128855923e-05
33.0,130.0,1.6362447351399254,0.19688958789558839,3.0,4.0,0.13957945673997488,2.3053393128855923e-05
33.0,135.0,2.8062570757027245,0.2340024681125598,3.0,4.0,0.13957945673997488,2.3053393128855923e-05
33.0,140.0,3.9617662612034614,0.23110183710014737,4.0,4.0,0.13957945673997488,2.3053393128855923e-05
33.0,145.0,4.756580559527617,0.15896285966483106,4.0,3.0,0.13957945673997488,2.3053393128855923e-05
33.0,150.0,5.230691288602827,0.09482214581504209,4.0,3.0,0.13957945673997488,2.3053393128855923e-05
33.0,155.0,4.714106346064508,-0.10331698850766387,4.0,1.0,0.13957945673997488,2.3053393128855923e-05
33.0,160.0,3.7325154552368254,-0.19631817816553648,4.0,0.0,0.13957945673997488,2.3053393128855923e-05
33.0,165.0,2.5999566565885317,-0.22651175972965873,3.0,0.0,0.13957945673997488,2.3053393128855923e-05
33.0,170.0,1.4514043658051534,-0.22971045815667565,3.0,0.0,0.13957945673997488,2.3053393128855923e-05
33.0,175.0,0.5105439434247003,-0.18817208447609063,2.0,0.0,0.13957945673997488,2.3053393128855923e-05
33.0,180.0,-0.11446488377517383,-0.12500176543997482,2.0,1.0,0.13957945673997488,2.3053393128855923e-05
33.0,185.0,-0.48464281497499684,-0.0740355862399646,1.0,1.0,0.13957945673997488,2.3053393128855923e-05
33.0,190.0,-0.5258157371913441,-0.008234584443269456,1.0,2.0,0.13957945673997488,2.3053393128855923e-05
33.0,195.0,-0.30517117392480486,0.04412891265330785,2.0,3.0,0.13957945673997488,2.3053393128855923e-05
33.0,200.0,0.012470087081883463,0.06352825220133766,2.0,3.0,0.13957945673997488,2.3053393128855923e-05
33.0,205.0,0.3372914269356002,0.06496426797074335,2.0,3.0,0.13957945673997488,2.3053393128855923e-05
33.0,210.0,0.629792605305397,0.058500235673959365,2.0,3.0,0.13957945673997488,2.3053393128855923e-05
33.0,215.0,0.9254584735799689,0.05913317365491437,3.0,3.0,0.13957945673997488,2.3053393128855923e-05
33.0,220.0,1.2038415139532788,0.055676608074661973,3.0,3.0,0.13957945673997488,2.3053393128855923e-05
33.0,225.0,1.431635614168563,0.04555882004305687,3.0,3.0,0.13957945673997488,2.3053393128855923e-05
33.0,230.0,1.5347971466286516,0.020632306492017704,3.0,2.0,0.13957945673997488,2.3053393128855923e-05
33.0,235.0,1.3943909482093737,-0.028081239683855584,3.0,1.0,0.13957945673997488,2.3053393128855923e-05
33.0,240.0,1.1667421922742172,-0.04552975118703131,3.0,1.0,0.13957945673997488,2.3053393128855923e-05
33.0,245.0,0.9862133595539717,-0.03610576654404909,3.0,1.0,0.13957945673997488,2.3053393128855923e-05
33.0,250.0,0.8229590015698101,-0.03265087159683233,3.0,1.0,0.13957945673997488,2.3053393128855923e-05
33.0,255.0,0.5898606489663294,-0.046619670520696134,2.0,1.0,0.13957945673997488,2.3053393128855923e-05
33.0,260.0,0.3790235904183241,-0.04216741170960105,2.0,1.0,0.13957945673997488,2.3053393128855923e-05
33.0,265.0,0.3236000293309047,-0.011084712217483883,2.0,2.0,0.13957945673997488,2.3053393128855923e-05
33.0,270.0,0.44408530414393255,0.024097054962605568,2.0,2.0,0.13957945673997488,2.3053393128855923e-05
33.0,275.0,0.724546382339021,0.056092215639017694,2.0,3.0,0.13957945673997488,2.3053393128855923e-05
33.0,280.0,0.9915034183563947,0.053391407203474725,3.0,3.0,0.13957945673997488,2.3053393128855923e-05
33.0,285.0,1.2684650246472202,0.05539232125816511,3.0,3.0,0.13957945673997488,2.3053393128855923e-05
33.0,290.0,1.4564497192816752,0.037596938926891,3.0,3.0,0.13957945673997488,2.3053393128855923e-05
33.0,295.0,1.4956561583529968,0.00784128781426432,3.0,2.0,0.13957945673997488,2.3053393128855923e-05
33.0,300.0,1.256210885056479,-0.04788905465930356,3.0,1.0,0.13957945673997488,2.3053393128855923e-05
34.0,0.0,3.820269554482163,0.0,4.0,2.0,0.8794927065335166,1.4762056834355898e-05
34.0,5.0,3.8971867434083904,0.01538343778524549,4.0,2.0,0.8794927065335166,1.4762056834355898e-05
34.0,10.0,3.912157571322119,0.0029941655827457224,4.0,2.0,0.8794927065335166,1.4762056834355898e-05
34.0,15.0,3.798466846947214,-0.022738144874981003,4.0,2.0,0.8794927065335166,1.4762056834355898e-05
34.0,20.0,3.6241690864416256,-0.034859552101117686,4.0,1.0,0.8794927065335166,1.4762056834355898e-05
34.0,25.0,3.301898455342993,-0.0644541262197265,4.0,1.0,0.8794927065335166,1.4762056834355898e-05
34.0,30.0,2.9214565527049956,-0.0760883805275995,3.0,1.0,0.8794927065335166,1.4762056834355898e-05
34.0,35.0,2.5706786061225237,-0.07015558931649438,3.0,1.0,0.8794927065335166,1.4762056834355898e-05
34.0,40.0,2.167543339906203,-0.08062705324326416,3.0,1.0,0.8794927065335166,1.4762056834355898e-05
34.0,45.0,1.7899429902613981,-0.07552006992896096,3.0,1.0,0.8794927065335166,1.4762056834355898e-05
34.0,50.0,1.4275567028592064,-0.07247725748043835,3.0,1.0,0.8794927065335166,1.4762056834355898e-05
34.0,55.0,1.0557250725851581,-0.07436632605480967,3.0,1.0,0.8794927065335166,1.4762056834355898e-05
34.0,60.0,0.695918699528022,-0.07196127461142723,2.0,1.0,0.8794927065335166,1.4762056834355898e-05
34.0,65.0,0.374855138098912,-0.064212712285822,2.0,1.0,0.8794927065335166,1.4762056834355898e-05
34.0,70.0,0.13005199995497208,-0.04896062762878799,2.0,1.0,0.8794927065335166,1.4762056834355898e-05
34.0,75.0,-0.0030500156981077,-0.026620403130615956,2.0,1.0,0.8794927065335166,1.4762056834355898e-05
34.0,80.0,0.05044094582134662,0.010698192303890863,2.0,2.0,0.8794927065335166,1.4762056834355898e-05
34.0,85.0,0.17102301696730748,0.024116414229192175,2.0,2.0,0.8794927065335166,1.4762056834355898e-05
34.0,90.0,0.3125855043793315,0.02831249748240481,2.0,3.0,0.8794927065335166,1.4762056834355898e-05
34.0,95.0,0.4291257738866676,0.02330805390146722,2.0,2.0,0.8794927065335166,1.4762056834355898e-05
34.0,100.0,0.4675468693834901,0.0076842190993644975,2.0,2.0,0.8794927065335166,1.4762056834355898e-05
34.0,105.0,0.4706632321612432,0.0006232725555506136,2.0,2.0,0.8794927065335166,1.4762056834355898e-05
34.0,110.0,0.45078410131127455,-0.003975826169993724,2.0,2.0,0.8794927065335166,1.4762056834355898e-05
34.0,115.0,0.4416217717672559,-0.0018324659088037264,2.0,2.0,0.8794927065335166,1.4762056834355898e-05
34.0,120.0,0.4060048784771624,-0.007123378658018709,2.0,2.0,0.8794927065335166,1.4762056834355898e-05
34.0,125.0,0.36529965102468154,-0.008141045490496168,2.0,2.0,0.8794927065335166,1.4762056834355898e-05
34.0,130.0,0.3610697129079057,-0.0008459876233551711,2.0,2.0,0.8794927065335166,1.4762056834355898e-05
34.0,135.0,0.37133970624834944,0.0020539986680887523,2.0,2.0,0.8794927065335166,1.4762056834355898e-05
34.0,140.0,0.3581892853633093,-0.0026300841770080297,2.0,2.0,0.8794927065335166,1.4762056834355898e-05
34.0,145.0,0.3679227133472409,0.001946685596786324,2.0,2.0,0.8794927065335166,1.4762056834355898e-05
34.0,150.0,0.38439883313292,0.0032952239571358176,2.0,2.0,0.8794927065335166,1.4762056834355898e-05
34.0,155.0,0.36992236029404424,-0.002895294567775153,2.0,2.0,0.8794927065335166,1.4762056834355898e-05
34.0,160.0,0.3638767938981289,-0.0012091132791830716,2.0,2.0,0.8794927065335166,1.4762056834355898e-05
34.0,165.0,0.3892550070685097,0.0050756426340761605,2.0,2.0,0.8794927065335166,1.4762056834355898e-05
34.0,170.0,0.3923083580842395,0.0006106702031459576,2.0,2.0,0.8794927065335166,1.4762056834355898e-05
34.0,175.0,0.39416205391290404,0.00037073916573291397,2.0,2.0,0.8794927065335166,1.4762056834355898e-05
34.0,180.0,0.3961485970617922,0.0003973086297776263,2.0,2.0,0.8794927065335166,1.4762056834355898e-05
34.0,185.0,0.39867090296601404,0.0005044611808443733,2.0,2.0,0.8794927065335166,1.4762056834355898e-05
34.0,190.0,0.3962592182827862,-0.00048233693664556654,2.0,2.0,0.8794927065335166,1.4762056834355898e-05
34.0,195.0,0.3585771541102538,-0.007536412834506479,2.0,2.0,0.8794927065335166,1.4762056834355898e-05
34.0,200.0,0.37560799370168496,0.003406167918286229,2.0,2.0,0.8794927065335166,1.4762056834355898e-05
34.0,205.0,0.388119472515438,0.002502295762750606,2.0,2.0,0.8794927065335166,1.4762056834355898e-05
34.0,210.0,0.40226874156465087,0.002829853809842575,2.0,2.0,0.8794927065335166,1.4762056834355898e-05
34.0,215.0,0.3592408501259001,-0.00860557828775015,2.0,2.0,0.8794927065335166,1.4762056834355898e-05
34.0,220.0,0.372600637032491,0.0026719573813181797,2.0,2.0,0.8794927065335166,1.4762056834355898e-05
34.0,225.0,-1.7213994577491647,-0.4188000189563311,1.0,0.0,0.8794927065335166,1.4762056834355898e-05
34.0,230.0,-1.6732500062370015,0.009629890302432642,1.0,2.0,0.8794927065335166,1.4762056834355898e-05
34.0,235.0,-1.5563125474785515,0.02338749175168999,1.0,2.0,0.8794927065335166,1.4762056834355898e-05
34.0,240.0,-1.4024739317764592,0.03076772314041847,1.0,3.0,0.8794927065335166,1.4762056834355898e-05
34.0,245.0,-1.240868489415984,0.03232108847209503,1.0,3.0,0.8794927065335166,1.4762056834355898e-05
34.0,250.0,-1.0787013259756648,0.03243343268806385,1.0,3.0,0.8794927065335166,1.4762056834355898e-05
34.0,255.0,-0.9084748546673005,0.03404529426167287,1.0,3.0,0.8794927065335166,1.4762056834355898e-05
34.0,260.0,-0.7586622755479304,0.029962515823874013,1.0,3.0,0.8794927065335166,1.4762056834355898e-05
34.0,265.0,-0.5872414364082701,0.03428416782793207,1.0,3.0,0.8794927065335166,1.4762056834355898e-05
34.0,270.0,-0.42189695690224127,0.033068895901205764,1.0,3.0,0.8794927065335166,1.4762056834355898e-05
34.0,275.0,-0.2606906943039675,0.03224125251965475,2.0,3.0,0.8794927065335166,1.4762056834355898e-05
34.0,280.0,-0.12093251559770124,0.027951635741253256,2.0,3.0,0.8794927065335166,1.4762056834355898e-05
34.0,285.0,0.03082791074305291,0.03035208526815083,2.0,3.0,0.8794927065335166,1.4762056834355898e-05
34.0,290.0,0.16695316700066698,0.027225051251522813,2.0,3.0,0.8794927065335166,1.4762056834355898e-05
34.0,295.0,0.32412844491029347,0.031435055581925296,2.0,3.0,0.8794927065335166,1.4762056834355898e-05
34.0,300.0,0.41076482193710007,0.01732727540536132,2.0,2.0,0.8794927065335166,1.4762056834355898e-05
35.0,0.0,-2.7148025328592276,0.0,0.0,2.0,1.2589739676870213,0.008212591813853814
35.0,5.0,-2.504696019662486,0.042021302639348335,0.0,3.0,1.2589739676870213,0.008212591813853814
35.0,10.0,-2.177066372836528,0.06552592936519161,0.0,3.0,1.2589739676870213,0.008212591813853814
35.0,15.0,-1.8949033432633726,0.05643260591463104,0.0,3.0,1.2589739676870213,0.008212591813853814
35.0,20.0,-1.566951428675143,0.06559038291764593,1.0,3.0,1.2589739676870213,0.008212591813853814
35.0,25.0,-1.2585291307153526,0.06168445959195808,1.0,3.0,1.2589739676870213,0.008212591813853814
35.0,30.0,-0.915046221688641,0.0686965818053423,1.0,3.0,1.2589739676870213,0.008212591813853814
35.0,35.0,-0.6316601933113439,0.05667720567545942,1.0,3.0,1.2589739676870213,0.008212591813853814
35.0,40.0,-0.3292132468258018,0.06048938929710843,2.0,3.0,1.2589739676870213,0.008212591813853814
35.0,45.0,-0.06882530526508646,0.05207758831214306,2.0,3.0,1.2589739676870213,0.008212591813853814
35.0,50.0,0.2196578139874923,0.05769662385051575,2.0,3.0,1.2589739676870213,0.008212591813853814
35.0,55.0,0.5063265197088143,0.05733374114426439,2.0,3.0,1.2589739676870213,0.008212591813853814
35.0,60.0,0.652849798944608,0.029304655847158755,2.0,3.0,1.2589739676870213,0.008212591813853814
35.0,65.0,0.7302313379998395,0.015476307811046298,2.0,2.0,1.2589739676870213,0.008212591813853814
35.0,70.0,0.6432572946350703,-0.017394808672953843,2.0,2.0,1.2589739676870213,0.008212591813853814
35.0,75.0,0.437095102165852,-0.04123243849384366,2.0,1.0,1.2589739676870213,0.008212591813853814
35.0,80.0,0.21356427682289336,-0.04470616506859173,2.0,1.0,1.2589739676870213,0.008212591813853814
35.0,85.0,0.03706675786476765,-0.03529950379162514,2.0,1.0,1.2589739676870213,0.008212591813853814
35.0,90.0,-0.022790130561233468,-0.011971377685200225,2.0,2.0,1.2589739676870213,0.008212591813853814
35.0,95.0,0.08032968719198408,0.02062396355064351,2.0,2.0,1.2589739676870213,0.008212591813853814
35.0,100.0,0.2348629263665174,0.030906647834906664,2.0,3.0,1.2589739676870213,0.008212591813853814
35.0,105.0,0.3823857526127128,0.029504565249239077,2.0,3.0,1.2589739676870213,0.008212591813853814
35.0,110.0,0.47565184815667294,0.01865321910879203,2.0,2.0,1.2589739676870213,0.008212591813853814
35.0,115.0,0.44520887046048685,-0.006088595539237218,2.0,2.0,1.2589739676870213,0.008212591813853814
35.0,120.0,0.337620348479966,-0.021517704396104165,2.0,2.0,1.2589739676870213,0.008212591813853814
35.0,125.0,0.19715598333980466,-0.028092873028032272,2.0,1.0,1.2589739676870213,0.008212591813853814
35.0,130.0,0.13087956460137917,-0.013255283747685098,2.0,2.0,1.2589739676870213,0.008212591813853814
35.0,135.0,0.04961396198175905,-0.016253120523924025,2.0,2.0,1.2589739676870213,0.008212591813853814
35.0,140.0,0.017376386411694256,-0.006447515114012958,2.0,2.0,1.2589739676870213,0.008212591813853814
35.0,145.0,0.08960934212603533,0.014446591142868215,2.0,2.0,1.2589739676870213,0.008212591813853814
35.0,150.0,0.17249963872387042,0.016578059319567018,2.0,2.0,1.2589739676870213,0.008212591813853814
35.0,155.0,0.29017946861692323,0.023535965978610563,2.0,2.0,1.2589739676870213,0.008212591813853814
35.0,160.0,0.3142945419307175,0.004823014662758851,2.0,2.0,1.2589739676870213,0.008212591813853814
35.0,165.0,0.30579061847108235,-0.0017007846919270264,2.0,2.0,1.2589739676870213,0.008212591813853814
35.0,170.0,0.2109852001893877,-0.018961083656338928,2.0,2.0,1.2589739676870213,0.008212591813853814
35.0,175.0,0.12147016428857071,-0.0179030071801634,2.0,2.0,1.2589739676870213,0.008212591813853814
35.0,180.0,0.06894290730714303,-0.010505451396285536,2.0,2.0,1.2589739676870213,0.008212591813853814
35.0,185.0,0.04499670414088541,-0.004789240633251523,2.0,2.0,1.2589739676870213,0.008212591813853814
35.0,190.0,0.1030898202653816,0.011618623224899238,2.0,2.0,1.2589739676870213,0.008212591813853814
35.0,195.0,0.15939164281372342,0.011260364509668363,2.0,2.0,1.2589739676870213,0.008212591813853814
35.0,200.0,0.2089992391081701,0.009921519258889334,2.0,2.0,1.2589739676870213,0.008212591813853814
35.0,205.0,0.19974107616561554,-0.0018516325885109097,2.0,2.0,1.2589739676870213,0.008212591813853814
35.0,210.0,0.15883121153391144,-0.00818197292634082,2.0,2.0,1.2589739676870213,0.008212591813853814
35.0,215.0,0.10214136010362651,-0.011337970286056986,2.0,2.0,1.2589739676870213,0.008212591813853814
35.0,220.0,0.061398290975830605,-0.00814861382555918,2.0,2.0,1.2589739676870213,0.008212591813853814
35.0,225.0,-0.010157376281995312,-0.014311133451565183,2.0,2.0,1.2589739676870213,0.008212591813853814
35.0,230.0,0.054425629153737276,0.012916601087146517,2.0,2.0,1.2589739676870213,0.008212591813853814
35.0,235.0,0.12001768764871557,0.013118411698995658,2.0,2.0,1.2589739676870213,0.008212591813853814
35.0,240.0,0.1890325084139448,0.01380296415304585,2.0,2.0,1.2589739676870213,0.008212591813853814
35.0,245.0,0.1798662457254281,-0.0018332525377033448,2.0,2.0,1.2589739676870213,0.008212591813853814
35.0,250.0,0.18542729164579796,0.0011122091840739755,2.0,2.0,1.2589739676870213,0.008212591813853814
35.0,255.0,0.11414944268818772,-0.014255569791522048,2.0,2.0,1.2589739676870213,0.008212591813853814
35.0,260.0,0.04356905708434766,-0.014116077120768011,2.0,2.0,1.2589739676870213,0.008212591813853814
35.0,265.0,0.02476728207075496,-0.0037603550027185406,2.0,2.0,1.2589739676870213,0.008212591813853814
35.0,270.0,0.011772079530462776,-0.002599040508058437,2.0,2.0,1.2589739676870213,0.008212591813853814
35.0,275.0,0.061304860514457715,0.009906556196798987,2.0,2.0,1.2589739676870213,0.008212591813853814
35.0,280.0,0.11483890866949764,0.010706809631007985,2.0,2.0,1.2589739676870213,0.008212591813853814
35.0,285.0,0.12843045025741517,0.0027183083175835064,2.0,2.0,1.2589739676870213,0.008212591813853814
35.0,290.0,0.1225553494676177,-0.0011750201579594944,2.0,2.0,1.2589739676870213,0.008212591813853814
35.0,295.0,0.10680950395574129,-0.003149169102375282,2.0,2.0,1.2589739676870213,0.008212591813853814
35.0,300.0,0.06827416266531117,-0.007707068258086025,2.0,2.0,1.2589739676870213,0.008212591813853814
36.0,0.0,0.9873150870688612,0.0,3.0,2.0,0.3291498424174637,0.00015932825340560442
36.0,5.0,1.1923557503830615,0.04100813266284007,3.0,3.0,0.3291498424174637,0.00015932825340560442
36.0,10.0,1.4286919048298046,0.04726723088934861,3.0,3.0,0.3291498424174637,0.00015932825340560442
36.0,15.0,1.6328841328496537,0.040838445603969833,3.0,3.0,0.3291498424174637,0.00015932825340560442
36.0,20.0,1.6139258127774276,-0.0037916640144452173,3.0,2.0,0.3291498424174637,0.00015932825340560442
36.0,25.0,1.523039690840804,-0.01817722438732474,3.0,2.0,0.3291498424174637,0.00015932825340560442
36.0,30.0,1.28098802349459,-0.04841033346924277,3.0,1.0,0.3291498424174637,0.00015932825340560442
36.0,35.0,0.9428864042549847,-0.06762032384792108,3.0,1.0,0.3291498424174637,0.00015932825340560442
36.0,40.0,0.6298113747225074,-0.06261500590649546,2.0,1.0,0.3291498424174637,0.00015932825340560442
36.0,45.0,0.31414498565896665,-0.06313327781270814,2.0,1.0,0.3291498424174637,0.00015932825340560442
36.0,50.0,0.05406447888792343,-0.052016101354208644,2.0,1.0,0.3291498424174637,0.00015932825340560442
36.0,55.0,-0.06472196022245313,-0.023757287822075313,2.0,2.0,0.3291498424174637,0.00015932825340560442
36.0,60.0,-0.0421440290197701,0.0045155862405366065,2.0,2.0,0.3291498424174637,0.00015932825340560442
36.0,65.0,0.10891916309069316,0.030212638422092652,2.0,3.0,0.3291498424174637,0.00015932825340560442
36.0,70.0,0.32946433239167305,0.044109033860195976,2.0,3.0,0.3291498424174637,0.00015932825340560442
36.0,75.0,0.5828291366245679,0.05067296084657898,2.0,3.0,0.3291498424174637,0.00015932825340560442
36.0,80.0,0.872049133121866,0.057843999299459624,3.0,3.0,0.3291498424174637,0.00015932825340560442
36.0,85.0,1.1244267204807343,0.05047551747177366,3.0,3.0,0.3291498424174637,0.00015932825340560442
36.0,90.0,1.2037504818743514,0.015864752278723415,3.0,2.0,0.3291498424174637,0.00015932825340560442
36.0,95.0,1.2336554435207248,0.00598099232927467,3.0,2.0,0.3291498424174637,0.00015932825340560442
36.0,100.0,1.1720705968818557,-0.012316969327773819,3.0,2.0,0.3291498424174637,0.00015932825340560442
36.0,105.0,1.042197335060166,-0.025974652364337915,3.0,1.0,0.3291498424174637,0.00015932825340560442
36.0,110.0,0.8501165301300624,-0.03841616098602074,3.0,1.0,0.3291498424174637,0.00015932825340560442
36.0,115.0,0.6422362309405685,-0.041576059837898784,2.0,1.0,0.3291498424174637,0.00015932825340560442
36.0,120.0,0.4374778623239628,-0.04095167372332113,2.0,1.0,0.3291498424174637,0.00015932825340560442
36.0,125.0,0.3180967281868803,-0.023876226827416504,2.0,2.0,0.3291498424174637,0.00015932825340560442
36.0,130.0,0.25056953381666247,-0.013505438874043563,2.0,2.0,0.3291498424174637,0.00015932825340560442
36.0,135.0,0.18349067102308325,-0.013415772558715844,2.0,2.0,0.3291498424174637,0.00015932825340560442
36.0,140.0,0.2100437629322407,0.005310618381831489,2.0,2.0,0.3291498424174637,0.00015932825340560442
36.0,145.0,0.3987363566792723,0.03773851874940633,2.0,3.0,0.3291498424174637,0.00015932825340560442
36.0,150.0,0.59454212341603,0.03916115334735153,2.0,3.0,0.3291498424174637,0.00015932825340560442
36.0,155.0,0.8410719260462507,0.04930596052604415,3.0,3.0,0.3291498424174637,0.00015932825340560442
36.0,160.0,1.0159548205309612,0.0349765788969421,3.0,3.0,0.3291498424174637,0.00015932825340560442
36.0,165.0,1.0975987472890125,0.016328785351610264,3.0,2.0,0.3291498424174637,0.00015932825340560442
36.0,170.0,1.1029969726018436,0.0010796450625662145,3.0,2.0,0.3291498424174637,0.00015932825340560442
36.0,175.0,1.051732610794307,-0.010252872361507315,3.0,2.0,0.3291498424174637,0.00015932825340560442
36.0,180.0,0.9157580126027369,-0.027194919638314018,3.0,1.0,0.3291498424174637,0.00015932825340560442
36.0,185.0,0.7758900396776127,-0.027973594585024842,3.0,1.0,0.3291498424174637,0.00015932825340560442
36.0,190.0,0.6164150667740067,-0.0318949945807212,2.0,1.0,0.3291498424174637,0.00015932825340560442
36.0,195.0,0.4174316235353288,-0.03979668864773558,2.0,1.0,0.3291498424174637,0.00015932825340560442
36.0,200.0,0.3329529323528959,-0.01689573823648658,2.0,2.0,0.3291498424174637,0.00015932825340560442
36.0,205.0,0.2744988480481645,-0.011690816860946284,2.0,2.0,0.3291498424174637,0.00015932825340560442
36.0,210.0,0.25344358995642224,-0.004211051618348449,2.0,2.0,0.3291498424174637,0.00015932825340560442
36.0,215.0,0.22999929485902726,-0.004688859019478997,2.0,2.0,0.3291498424174637,0.00015932825340560442
36.0,220.0,0.3455319320933796,0.023106527446870473,2.0,2.0,0.3291498424174637,0.00015932825340560442
36.0,225.0,0.5510522427044151,0.041104062122207095,2.0,3.0,0.3291498424174637,0.00015932825340560442
36.0,230.0,0.8318742727184762,0.05616440600281223,3.0,3.0,0.3291498424174637,0.00015932825340560442
36.0,235.0,0.940827671421868,0.021790679740678342,3.0,2.0,0.3291498424174637,0.00015932825340560442
36.0,240.0,1.0192909154627543,0.015692648808177268,3.0,2.0,0.3291498424174637,0.00015932825340560442
36.0,245.0,1.0261956034112885,0.001380937589706832,3.0,2.0,0.3291498424174637,0.00015932825340560442
36.0,250.0,0.9830596142729746,-0.00862719782766277,3.0,2.0,0.3291498424174637,0.00015932825340560442
36.0,255.0,0.8964188308079102,-0.017328156693012887,3.0,2.0,0.3291498424174637,0.00015932825340560442
36.0,260.0,0.7550953261581981,-0.028264700929942422,3.0,1.0,0.3291498424174637,0.00015932825340560442
36.0,265.0,0.5967313882076439,-0.03167278759011083,2.0,1.0,0.3291498424174637,0.00015932825340560442
36.0,270.0,0.46050658059192884,-0.02724496152314302,2.0,1.0,0.3291498424174637,0.00015932825340560442
36.0,275.0,0.36628507045542236,-0.018844302027301297,2.0,2.0,0.3291498424174637,0.00015932825340560442
36.0,280.0,0.3100522639142653,-0.011246561308231406,2.0,2.0,0.3291498424174637,0.00015932825340560442
36.0,285.0,0.20094652590879392,-0.02182114760109428,2.0,2.0,0.3291498424174637,0.00015932825340560442
36.0,290.0,0.25060583424509986,0.009931861667261187,2.0,2.0,0.3291498424174637,0.00015932825340560442
36.0,295.0,0.20398597884653924,-0.009323971079712123,2.0,2.0,0.3291498424174637,0.00015932825340560442
36.0,300.0,0.3380442148550564,0.026811647201703436,2.0,3.0,0.3291498424174637,0.00015932825340560442
37.0,0.0,-4.031732050096245,0.0,0.0,2.0,0.6803574389316726,0.0031002873708710736
37.0,5.0,-3.8757215252175072,0.031202104975747602,0.0,3.0,0.6803574389316726,0.0031002873708710736
37.0,10.0,-3.538457290499096,0.06745284694368223,0.0,3.0,0.6803574389316726,0.0031002873708710736
37.0,15.0,-3.2497363797943244,0.05774418214095434,0.0,3.0,0.6803574389316726,0.0031002873708710736
37.0,20.0,-2.0916771401026217,0.23161184793834053,0.0,4.0,0.6803574389316726,0.0031002873708710736
37.0,25.0,-1.7872905796839227,0.06087731208373981,1.0,3.0,0.6803574389316726,0.0031002873708710736
37.0,30.0,-1.4954343056277075,0.058371254811243035,1.0,3.0,0.6803574389316726,0.0031002873708710736
37.0,35.0,-1.237269151301593,0.051633030865222904,1.0,3.0,0.6803574389316726,0.0031002873708710736
37.0,40.0,-0.9710049789409929,0.053252834472120016,1.0,3.0,0.6803574389316726,0.0031002873708710736
37.0,45.0,-0.6886447240501852,0.05647205097816155,1.0,3.0,0.6803574389316726,0.0031002873708710736
37.0,50.0,-0.4201873352759087,0.0536914777548553,1.0,3.0,0.6803574389316726,0.0031002873708710736
37.0,55.0,-0.11144086750852722,0.06174929355347629,2.0,3.0,0.6803574389316726,0.0031002873708710736
37.0,60.0,0.14439693877674387,0.05116756125705422,2.0,3.0,0.6803574389316726,0.0031002873708710736
37.0,65.0,0.4171499213454304,0.0545505965137373,2.0,3.0,0.6803574389316726,0.0031002873708710736
37.0,70.0,0.6616623264380124,0.048902481018516394,2.0,3.0,0.6803574389316726,0.0031002873708710736
37.0,75.0,0.8825532526483961,0.04417818524207675,3.0,3.0,0.6803574389316726,0.0031002873708710736
37.0,80.0,0.989685981930581,0.021426545856436975,3.0,2.0,0.6803574389316726,0.0031002873708710736
37.0,85.0,1.0320197485509297,0.008466753324069742,3.0,2.0,0.6803574389316726,0.0031002873708710736
37.0,90.0,0.9520495387020347,-0.015994041969779004,3.0,2.0,0.6803574389316726,0.0031002873708710736
37.0,95.0,0.8035526866181328,-0.02969937041678037,3.0,1.0,0.6803574389316726,0.0031002873708710736
37.0,100.0,0.7121988161721831,-0.018270774089189958,2.0,2.0,0.6803574389316726,0.0031002873708710736
37.0,105.0,0.557644123672123,-0.03091093850001201,2.0,1.0,0.6803574389316726,0.0031002873708710736
37.0,110.0,0.3770156428399787,-0.03612569616642887,2.0,1.0,0.6803574389316726,0.0031002873708710736
37.0,115.0,0.29972719760672817,-0.015457689046650102,2.0,2.0,0.6803574389316726,0.0031002873708710736
37.0,120.0,0.26889045431619607,-0.00616734865810642,2.0,2.0,0.6803574389316726,0.0031002873708710736
37.0,125.0,0.261339737878977,-0.0015101432874438103,2.0,2.0,0.6803574389316726,0.0031002873708710736
37.0,130.0,0.2598475371744833,-0.00029844014089874804,2.0,2.0,0.6803574389316726,0.0031002873708710736
37.0,135.0,0.2992858789248096,0.007887668350065269,2.0,2.0,0.6803574389316726,0.0031002873708710736
37.0,140.0,0.38839361874971345,0.017821547964980766,2.0,2.0,0.6803574389316726,0.0031002873708710736
37.0,145.0,0.43003325456260555,0.008327927162578418,2.0,2.0,0.6803574389316726,0.0031002873708710736
37.0,150.0,0.4680073943326484,0.007594827954008565,2.0,2.0,0.6803574389316726,0.0031002873708710736
37.0,155.0,0.5216331093395219,0.010725143001374704,2.0,2.0,0.6803574389316726,0.0031002873708710736
37.0,160.0,0.5381644401744268,0.0033062661669809755,2.0,2.0,0.6803574389316726,0.0031002873708710736
37.0,165.0,0.5590160950423027,0.004170330973575176,2.0,2.0,0.6803574389316726,0.0031002873708710736
37.0,170.0,0.4704327077418782,-0.017716677460084894,2.0,2.0,0.6803574389316726,0.0031002873708710736
37.0,175.0,0.41423665322176006,-0.011239210904023623,2.0,2.0,0.6803574389316726,0.0031002873708710736
37.0,180.0,0.3775511232503348,-0.007337105994285054,2.0,2.0,0.6803574389316726,0.0031002873708710736
37.0,185.0,0.3657763577065687,-0.0023549531087532216,2.0,2.0,0.6803574389316726,0.0031002873708710736
37.0,190.0,0.3054994070713768,-0.012055390127038379,2.0,2.0,0.6803574389316726,0.0031002873708710736
37.0,195.0,0.26052935367074426,-0.008994010680126507,2.0,2.0,0.6803574389316726,0.0031002873708710736
37.0,200.0,0.23470848630375585,-0.0051641734733976815,2.0,2.0,0.6803574389316726,0.0031002873708710736
37.0,205.0,0.2208518843209184,-0.002771320396567489,2.0,2.0,0.6803574389316726,0.0031002873708710736
37.0,210.0,0.2897007413186863,0.013769771399553576,2.0,2.0,0.6803574389316726,0.0031002873708710736
37.0,215.0,0.3251404205268855,0.007087935841639847,2.0,2.0,0.6803574389316726,0.0031002873708710736
37.0,220.0,0.31341898854162764,-0.0023442863970515758,2.0,2.0,0.6803574389316726,0.0031002873708710736
37.0,225.0,0.3653185296907999,0.010379908229834455,2.0,2.0,0.6803574389316726,0.0031002873708710736
37.0,230.0,0.3351641330334161,-0.006030879331476768,2.0,2.0,0.6803574389316726,0.0031002873708710736
37.0,235.0,0.3354351443632133,5.420226595944655e-05,2.0,2.0,0.6803574389316726,0.0031002873708710736
37.0,240.0,0.319041882597908,-0.003278652353061062,2.0,2.0,0.6803574389316726,0.0031002873708710736
37.0,245.0,0.35203648998590964,0.006598921477600328,2.0,2.0,0.6803574389316726,0.0031002873708710736
37.0,250.0,0.2776759463226668,-0.01487210873264857,2.0,2.0,0.6803574389316726,0.0031002873708710736
37.0,255.0,0.2568379368698608,-0.004167601890561201,2.0,2.0,0.6803574389316726,0.0031002873708710736
37.0,260.0,0.24123656465159726,-0.003120274443652704,2.0,2.0,0.6803574389316726,0.0031002873708710736
37.0,265.0,0.21126461689229714,-0.005994389551860024,2.0,2.0,0.6803574389316726,0.0031002873708710736
37.0,270.0,0.2168278632204661,0.0011126492656337917,2.0,2.0,0.6803574389316726,0.0031002873708710736
37.0,275.0,0.21515248938683484,-0.00033507476672625105,2.0,2.0,0.6803574389316726,0.0031002873708710736
37.0,280.0,0.21976311117630232,0.0009221243578934945,2.0,2.0,0.6803574389316726,0.0031002873708710736
37.0,285.0,0.2133894577255795,-0.0012747306901445654,2.0,2.0,0.6803574389316726,0.0031002873708710736
37.0,290.0,0.21968471318414728,0.0012590510917135588,2.0,2.0,0.6803574389316726,0.0031002873708710736
37.0,295.0,0.21013591015783817,-0.0019097606052618232,2.0,2.0,0.6803574389316726,0.0031002873708710736
37.0,300.0,0.23855877755928745,0.0056845734802898566,2.0,2.0,0.6803574389316726,0.0031002873708710736
38.0,0.0,3.8146707203348704,0.0,4.0,2.0,0.885770418795914,0.0061239941816768175
38.0,5.0,3.9341465519616428,0.023895166325354468,4.0,2.0,0.885770418795914,0.0061239941816768175
38.0,10.0,3.8432780792609975,-0.01817369454012905,4.0,2.0,0.885770418795914,0.0061239941816768175
38.0,15.0,3.412610416500275,-0.08613353255214448,4.0,1.0,0.885770418795914,0.0061239941816768175
38.0,20.0,2.7908998428024248,-0.12434211473957006,3.0,1.0,0.885770418795914,0.0061239941816768175
38.0,25.0,2.0647141682119496,-0.14523713491809503,3.0,1.0,0.885770418795914,0.0061239941816768175
38.0,30.0,1.230257932815043,-0.16689124707938136,3.0,1.0,0.885770418795914,0.0061239941816768175
38.0,35.0,0.4549688968326677,-0.15505780719647505,2.0,1.0,0.885770418795914,0.0061239941816768175
38.0,40.0,-0.2483301232250561,-0.14065980401154476,2.0,1.0,0.885770418795914,0.0061239941816768175
38.0,45.0,-0.4885289538618345,-0.04803976612735568,1.0,1.0,0.885770418795914,0.0061239941816768175
38.0,50.0,-0.36349723046188487,0.025006344679989922,2.0,3.0,0.885770418795914,0.0061239941816768175
38.0,55.0,-0.10400032035306594,0.051899382021763786,2.0,3.0,0.885770418795914,0.0061239941816768175
38.0,60.0,0.19553448256534267,0.05990696058368172,2.0,3.0,0.885770418795914,0.0061239941816768175
38.0,65.0,0.41368770747117267,0.043630644981166,2.0,3.0,0.885770418795914,0.0061239941816768175
38.0,70.0,0.41104129103925047,-0.000529283286384441,2.0,2.0,0.885770418795914,0.0061239941816768175
38.0,75.0,0.3459807393773566,-0.013012110332378767,2.0,2.0,0.885770418795914,0.0061239941816768175
38.0,80.0,0.23089685348328715,-0.023016777178813896,2.0,2.0,0.885770418795914,0.0061239941816768175
38.0,85.0,0.1616394247364532,-0.013851485749366788,2.0,2.0,0.885770418795914,0.0061239941816768175
38.0,90.0,0.12177199289229179,-0.007973486368832283,2.0,2.0,0.885770418795914,0.0061239941816768175
38.0,95.0,0.13573940921511962,0.002793483264565566,2.0,2.0,0.885770418795914,0.0061239941816768175
38.0,100.0,0.15023280030348474,0.002898678217673023,2.0,2.0,0.885770418795914,0.0061239941816768175
38.0,105.0,0.19065766921784189,0.00808497378287143,2.0,2.0,0.885770418795914,0.0061239941816768175
38.0,110.0,0.2398640682685773,0.009841279810147086,2.0,2.0,0.885770418795914,0.0061239941816768175
38.0,115.0,0.26238655005147393,0.0045044963565793236,2.0,2.0,0.885770418795914,0.0061239941816768175
38.0,120.0,0.21035087841290334,-0.010407134327714118,2.0,2.0,0.885770418795914,0.0061239941816768175
38.0,125.0,0.19575625475158986,-0.0029189247322626956,2.0,2.0,0.885770418795914,0.0061239941816768175
38.0,130.0,0.11807747169038052,-0.01553575661224187,2.0,2.0,0.885770418795914,0.0061239941816768175
38.0,135.0,0.11364106027319565,-0.0008872822834369743,2.0,2.0,0.885770418795914,0.0061239941816768175
38.0,140.0,0.14907346973169666,0.007086481891700203,2.0,2.0,0.885770418795914,0.0061239941816768175
38.0,145.0,0.22124033247924046,0.014433372549508761,2.0,2.0,0.885770418795914,0.0061239941816768175
38.0,150.0,0.20467669522047416,-0.0033127274517532612,2.0,2.0,0.885770418795914,0.0061239941816768175
38.0,155.0,0.12275405802286699,-0.016384527439521436,2.0,2.0,0.885770418795914,0.0061239941816768175
38.0,160.0,0.12944446153272438,0.001338080701971478,2.0,2.0,0.885770418795914,0.0061239941816768175
38.0,165.0,0.10986297849368398,-0.003916296607808079,2.0,2.0,0.885770418795914,0.0061239941816768175
38.0,170.0,0.18240571653144855,0.014508547607552913,2.0,2.0,0.885770418795914,0.0061239941816768175
38.0,175.0,0.1537982730697216,-0.005721488692345389,2.0,2.0,0.885770418795914,0.0061239941816768175
38.0,180.0,0.1441434487340416,-0.001930964867135998,2.0,2.0,0.885770418795914,0.0061239941816768175
38.0,185.0,0.13188505582792587,-0.002451678581223149,2.0,2.0,0.885770418795914,0.0061239941816768175
38.0,190.0,0.07708380291011707,-0.01096025058356176,2.0,2.0,0.885770418795914,0.0061239941816768175
38.0,195.0,0.11312296882638151,0.007207833183252887,2.0,2.0,0.885770418795914,0.0061239941816768175
38.0,200.0,0.13653183117645185,0.0046817724700140674,2.0,2.0,0.885770418795914,0.0061239941816768175
38.0,205.0,0.15348653589694905,0.003390940944099441,2.0,2.0,0.885770418795914,0.0061239941816768175
38.0,210.0,0.11153839901927753,-0.008389627375534304,2.0,2.0,0.885770418795914,0.0061239941816768175
38.0,215.0,0.10921006794543331,-0.00046566621476884507,2.0,2.0,0.885770418795914,0.0061239941816768175
38.0,220.0,0.10165392115309047,-0.0015112293584685688,2.0,2.0,0.885770418795914,0.0061239941816768175
38.0,225.0,0.0583422656233239,-0.008662331105953314,2.0,2.0,0.885770418795914,0.0061239941816768175
38.0,230.0,0.10292877797188282,0.008917302469711785,2.0,2.0,0.885770418795914,0.0061239941816768175
38.0,235.0,0.1594389961822067,0.011302043642064774,2.0,2.0,0.885770418795914,0.0061239941816768175
38.0,240.0,0.06286643391586821,-0.019314512453267697,2.0,2.0,0.885770418795914,0.0061239941816768175
38.0,245.0,0.06241394565605418,-9.049765196280645e-05,2.0,2.0,0.885770418795914,0.0061239941816768175
38.0,250.0,0.05016882157116598,-0.0024490248169776407,2.0,2.0,0.885770418795914,0.0061239941816768175
38.0,255.0,0.08766911279624523,0.00750005824501585,2.0,2.0,0.885770418795914,0.0061239941816768175
38.0,260.0,0.07258731417725883,-0.0030163597237972796,2.0,2.0,0.885770418795914,0.0061239941816768175
38.0,265.0,0.056952250349567635,-0.0031270127655382398,2.0,2.0,0.885770418795914,0.0061239941816768175
38.0,270.0,0.0815085232440147,0.004911254578889412,2.0,2.0,0.885770418795914,0.0061239941816768175
38.0,275.0,0.0559861014837999,-0.005104484352042959,2.0,2.0,0.885770418795914,0.0061239941816768175
38.0,280.0,0.10827002236894501,0.010456784177029022,2.0,2.0,0.885770418795914,0.0061239941816768175
38.0,285.0,0.11532982335897302,0.0014119601980056018,2.0,2.0,0.885770418795914,0.0061239941816768175
38.0,290.0,0.05518227407673493,-0.012029509856447618,2.0,2.0,0.885770418795914,0.0061239941816768175
38.0,295.0,-0.016357858226928812,-0.014308026460732749,2.0,2.0,0.885770418795914,0.0061239941816768175
38.0,300.0,0.03429433258617465,0.010130438162620692,2.0,2.0,0.885770418795914,0.0061239941816768175
