episode,environment_steps,epsilon,episode_reward,moving_average_reward_20,mean_abs_td_error,visited_states,state_coverage_pct,visited_full_states,full_state_coverage_pct,greedy_policy_changes,mean_kp,mean_ki,final_kp,final_ki,validation_baseline_objective,validation_learned_objective,deployment_accepted,checkpoint_validation_objective,best_checkpoint_validation_objective,fit_scenarios,validation_scenarios
1.0,240.0,0.25,-28.808695769103295,-28.808695769103295,0.5868258693151877,6.0,24.0,6.0,8.0,6.0,0.4438880900132216,0.002736493871146307,0.45082372186615355,0.0023073888648908226,nan,nan,nan,nan,inf,38.0,10.0
2.0,480.0,0.24966666666666668,-10.88483826013429,-19.84676701461879,0.23516788148925408,6.0,24.0,7.0,9.333333333333334,2.0,0.4444948283506551,0.002673636708933799,0.40168393618274284,0.00295011962292343,nan,nan,nan,nan,inf,38.0,10.0
3.0,720.0,0.24933333333333332,-253.64525336019418,-97.77959579647727,5.275567192875488,21.0,84.0,29.0,38.666666666666664,16.0,0.42656933314753753,0.0028109046101310446,0.45082372186615355,0.003015295768639328,nan,nan,nan,nan,inf,38.0,10.0
4.0,960.0,0.249,-129.5882904263263,-105.73176945393952,2.6133306264718468,23.0,92.0,33.0,44.0,7.0,0.4627430852288668,0.0029206533047350797,0.4057413496795382,0.0027137661917753953,nan,nan,nan,nan,inf,38.0,10.0
5.0,1200.0,0.24866666666666667,-36.63724354441749,-91.91286427203511,0.733903096147902,23.0,92.0,34.0,45.33333333333333,6.0,0.44324705431287686,0.0027730079199511236,0.5822243964555025,0.002538127751379905,nan,nan,nan,nan,inf,38.0,10.0
6.0,1440.0,0.24833333333333332,-245.62559337829313,-117.53165245641145,4.976976451531855,23.0,92.0,34.0,45.33333333333333,4.0,0.45604691780211687,0.0029984124660773965,0.5274637545833997,0.003045753301655887,nan,nan,nan,nan,inf,38.0,10.0
7.0,1680.0,0.248,-101.13971663781273,-115.18994733946877,2.0667741571984806,23.0,92.0,35.0,46.666666666666664,6.0,0.44970782984076524,0.0029354247995982143,0.3976670968209155,0.002741177971490298,nan,nan,nan,nan,inf,38.0,10.0
8.0,1920.0,0.24766666666666667,-395.1728456580365,-150.18780962928975,8.072946384488398,23.0,92.0,35.0,46.666666666666664,5.0,0.43116103235710507,0.002924583908081084,0.4959060940527689,0.003250820521127747,nan,nan,nan,nan,inf,38.0,10.0
9.0,2160.0,0.24733333333333332,-40.602237195465854,-138.01163491442043,0.7785675282098706,23.0,92.0,35.0,46.666666666666664,3.0,0.42680652387999873,0.002928384149647252,0.44553443254935904,0.0027640211212527173,nan,nan,nan,nan,inf,38.0,10.0
10.0,2400.0,0.247,-115.97761598258748,-135.80823302123713,2.3365204903875187,23.0,92.0,35.0,46.666666666666664,6.0,0.4395315042237781,0.0027738621783908353,0.4057413496795382,0.002741177971490298,nan,nan,nan,nan,inf,38.0,10.0
11.0,2640.0,0.24666666666666667,-125.0958216654692,-134.83437744344005,2.638473286356958,23.0,92.0,35.0,46.666666666666664,9.0,0.4380153324288066,0.002920553652824194,0.44631548464749204,0.003378248037086655,nan,nan,nan,nan,inf,38.0,10.0
12.0,2880.0,0.24633333333333332,-169.35221097784142,-137.71086357130682,3.423731047087428,23.0,92.0,35.0,46.666666666666664,8.0,0.40300838386402527,0.003203219075600639,0.4418523298010172,0.0032395739663067156,nan,nan,nan,nan,inf,38.0,10.0
13.0,3120.0,0.246,-180.44439203624236,-140.99805806860957,3.717532517741636,23.0,92.0,35.0,46.666666666666664,9.0,0.4539889696576907,0.0028623321716144505,0.4860375627811189,0.002538127751379905,nan,nan,nan,nan,inf,38.0,10.0
14.0,3360.0,0.24566666666666667,-696.5198863105203,-180.67818865731746,13.911215313821842,23.0,92.0,35.0,46.666666666666664,3.0,0.441381940620779,0.002952587624373984,0.44631548464749204,0.002985142810952935,nan,nan,nan,nan,inf,38.0,10.0
15.0,3600.0,0.24533333333333332,-94.44207440853101,-174.92911437406505,2.0458436793955532,23.0,92.0,35.0,46.666666666666664,7.0,0.43900295313638255,0.002765402736993471,0.45082372186615355,0.0027363809100401904,nan,nan,nan,nan,inf,38.0,10.0
16.0,3840.0,0.245,-21.298179405946538,-165.32718093855763,0.5985250414036292,23.0,92.0,35.0,46.666666666666664,3.0,0.42720098961182557,0.002705832564809219,0.4959060940527689,0.003076518486521097,nan,nan,nan,nan,inf,38.0,10.0
17.0,4080.0,0.24466666666666667,-98.65006046596969,-161.40499738134656,1.9725570905231091,23.0,92.0,35.0,46.666666666666664,2.0,0.4173327780584523,0.002756364778911294,0.44631548464749204,0.003045753301655887,nan,nan,nan,nan,inf,38.0,10.0
18.0,4320.0,0.24433333333333335,-72.13122706439147,-156.44534347484907,1.5289561225448658,23.0,92.0,35.0,46.666666666666664,4.0,0.4396270077541559,0.0026013228231803243,0.437433806503007,0.002709017100939789,nan,nan,nan,nan,inf,38.0,10.0
19.0,4560.0,0.244,-328.03140957877844,-165.4761890592664,6.72733805444301,23.0,92.0,36.0,48.0,6.0,0.4479666613520572,0.0030784832866703805,0.45082372186615355,0.003076518486521097,nan,nan,nan,nan,inf,38.0,10.0
20.0,4800.0,0.24366666666666667,-89.58359467113986,-161.6815593398601,2.168792195327143,23.0,92.0,36.0,48.0,6.0,0.4455636323473497,0.0027664530498292365,0.47471737912505974,0.0027640211212527173,nan,nan,nan,nan,inf,38.0,10.0
21.0,5040.0,0.24333333333333335,-32.88730752537123,-161.8854899276735,0.7371812742622367,23.0,92.0,36.0,48.0,2.0,0.4668870805088831,0.0028625427160413122,0.4057413496795382,0.003071134579169686,nan,nan,nan,nan,inf,38.0,10.0
22.0,5280.0,0.243,-238.68724311037457,-173.27561017018553,4.84004499008623,23.0,92.0,36.0,48.0,9.0,0.44185192499888354,0.0027992044690633316,0.4959060940527689,0.003076518486521097,nan,nan,nan,nan,inf,38.0,10.0
23.0,5520.0,0.24266666666666667,-58.55261892510542,-163.52097844843107,1.1856467261873849,23.0,92.0,36.0,48.0,3.0,0.42032212535208274,0.00281647618286684,0.4091225275935344,0.0033444655567157885,nan,nan,nan,nan,inf,38.0,10.0
24.0,5760.0,0.24233333333333335,-227.642693466012,-168.42369860041538,4.968008660093669,23.0,92.0,36.0,48.0,8.0,0.4507687111346306,0.0029908299331723996,0.4418523298010172,0.003076518486521097,nan,nan,nan,nan,inf,38.0,10.0
25.0,6000.0,0.242,-165.485583597517,-174.86611560307034,3.3772580226494586,23.0,92.0,36.0,48.0,13.0,0.4225045712617826,0.002783912752001077,0.437433806503007,0.0023073888648908226,nan,nan,nan,45.40959875900515,45.40959875900515,38.0,10.0
26.0,6240.0,0.24166666666666667,-99.75126675362414,-167.5723992718369,2.2612939053608643,23.0,92.0,36.0,48.0,8.0,0.47482582038058513,0.0028906160235028385,0.45082372186615355,0.002791940526517896,nan,nan,nan,nan,45.40959875900515,38.0,10.0
27.0,6480.0,0.24133333333333334,-254.8043515581346,-175.25563101785298,5.6080554794960165,23.0,92.0,36.0,48.0,8.0,0.4453197409552261,0.0031682198653652668,0.44631548464749204,0.0029851428109529355,nan,nan,nan,nan,45.40959875900515,38.0,10.0
28.0,6720.0,0.241,-92.3593920698311,-160.1149583384427,2.082199220212913,23.0,92.0,36.0,48.0,7.0,0.42306423091078244,0.002854329531470936,0.4091225275935344,0.002985142810952935,nan,nan,nan,nan,45.40959875900515,38.0,10.0
29.0,6960.0,0.24066666666666667,-65.64223241125588,-161.3669580992322,1.631502108968603,23.0,92.0,37.0,49.333333333333336,6.0,0.4558047393204289,0.0027888659706418635,0.35790038713882394,0.0026866285298576416,nan,nan,nan,nan,45.40959875900515,38.0,10.0
30.0,7200.0,0.24033333333333334,-27.553140496135157,-156.9457343249096,0.6374903162966753,23.0,92.0,37.0,49.333333333333336,3.0,0.4185593742725269,0.0028943521546032237,0.45082372186615355,0.003045753301655887,nan,nan,nan,nan,45.40959875900515,38.0,10.0
31.0,7440.0,0.24,-111.24005212092118,-156.25294584768216,2.56458029295658,23.0,92.0,37.0,49.333333333333336,6.0,0.46482752764822965,0.0027842177768615667,0.4959060940527689,0.00295011962292343,nan,nan,nan,nan,45.40959875900515,38.0,10.0
32.0,7680.0,0.23966666666666667,-65.35458056328753,-151.05306432695448,1.3423149850429947,23.0,92.0,37.0,49.333333333333336,2.0,0.4774047711197811,0.002817034984144026,0.3897535215941793,0.002741177971490298,nan,nan,nan,nan,45.40959875900515,38.0,10.0
33.0,7920.0,0.23933333333333334,-120.95584882162622,-148.07863716622367,2.9454984427666573,23.0,92.0,38.0,50.66666666666667,8.0,0.42789252629262736,0.00280035792019444,0.4959060940527689,0.003076518486521097,nan,nan,nan,nan,45.40959875900515,38.0,10.0
34.0,8160.0,0.239,-39.81886041730604,-115.24358587156296,1.0307286055341969,23.0,92.0,38.0,50.66666666666667,3.0,0.47490444043478,0.002687662252423483,0.4909470331122413,0.0027363809100401904,nan,nan,nan,nan,45.40959875900515,38.0,10.0
35.0,8400.0,0.23866666666666667,-180.40697188450218,-119.54183074536152,3.573220924207048,23.0,92.0,39.0,52.0,9.0,0.4404761920233174,0.002833766569278832,0.5390966633847244,0.002791940526517896,nan,nan,nan,nan,45.40959875900515,38.0,10.0
36.0,8640.0,0.23833333333333334,-68.35651420327751,-121.89474748522807,1.764017966070049,23.0,92.0,39.0,52.0,7.0,0.49254151452946543,0.0028600794874143695,0.5860708384259996,0.0023073888648908226,nan,nan,nan,nan,45.40959875900515,38.0,10.0
37.0,8880.0,0.238,-30.475097154782205,-118.4859993196687,0.6029720841541696,23.0,92.0,39.0,52.0,4.0,0.4548223954073613,0.0027150706628536873,0.45082372186615355,0.003076518486521097,nan,nan,nan,nan,45.40959875900515,38.0,10.0
38.0,9120.0,0.23766666666666666,-69.72060127992883,-118.36546803044557,1.5158486409694245,23.0,92.0,39.0,52.0,4.0,0.42555347512625,0.0029647742011504265,0.3719295705395767,0.0023073888648908226,nan,nan,nan,nan,45.40959875900515,38.0,10.0
39.0,9360.0,0.23733333333333334,-28.845854762144352,-103.40619028961385,0.6024450265750648,23.0,92.0,39.0,52.0,3.0,0.4423491818829051,0.002869442795620689,0.4091225275935344,0.002686628529857642,nan,nan,nan,nan,45.40959875900515,38.0,10.0
40.0,9600.0,0.237,-108.91367785478802,-104.37269444879625,2.268928525401271,23.0,92.0,39.0,52.0,3.0,0.4284735976565838,0.002547768618420819,0.433059468437977,0.0023073888648908226,nan,nan,nan,nan,45.40959875900515,38.0,10.0
41.0,9840.0,0.23666666666666666,-344.2226795339249,-119.93946304922395,6.992779939022246,23.0,92.0,39.0,52.0,7.0,0.4642739776084432,0.0030747417077151076,0.5274637545833997,0.0030152957686393283,nan,nan,nan,nan,45.40959875900515,38.0,10.0
42.0,10080.0,0.23633333333333334,-148.81190267139627,-115.44569602727502,3.245652847457972,23.0,92.0,39.0,52.0,11.0,0.3887210907733955,0.0027249958527924742,0.3381177913996152,0.003045753301655887,nan,nan,nan,nan,45.40959875900515,38.0,10.0
43.0,10320.0,0.236,-44.458223964993294,-114.7409762792694,1.24412430211113,23.0,92.0,39.0,52.0,6.0,0.4459824268724309,0.002759596222314101,0.45082372186615355,0.0023073888648908226,nan,nan,nan,nan,45.40959875900515,38.0,10.0
44.0,10560.0,0.23566666666666666,-28.606846351402822,-104.78918392353896,0.6667298703200988,23.0,92.0,39.0,52.0,1.0,0.4288291273337492,0.0026321917224510116,0.3719295705395767,0.0027137661917753953,nan,nan,nan,nan,45.40959875900515,38.0,10.0
45.0,10800.0,0.23533333333333334,-33.84360653899398,-98.2070850706128,0.6495218440520402,23.0,92.0,39.0,52.0,1.0,0.4828956493200478,0.002682480237255145,0.437433806503007,0.0023073888648908226,nan,nan,nan,nan,45.40959875900515,38.0,10.0
46.0,11040.0,0.235,-128.35516357100968,-99.63727991148208,2.92679528826361,23.0,92.0,39.0,52.0,7.0,0.42859726601287346,0.002871224234598396,0.44631548464749204,0.003045753301655887,nan,nan,nan,nan,45.40959875900515,38.0,10.0
47.0,11280.0,0.23466666666666666,-109.13156041980345,-92.35364035456553,2.222156683312297,23.0,92.0,39.0,52.0,8.0,0.43040941082242873,0.0026786365071639873,0.45082372186615355,0.0023073888648908226,nan,nan,nan,nan,45.40959875900515,38.0,10.0
48.0,11520.0,0.23433333333333334,-40.9443636416984,-89.78288893315889,0.960651912825179,23.0,92.0,39.0,52.0,3.0,0.45616886542443913,0.0025973745192294094,0.43743380650300706,0.003045753301655887,nan,nan,nan,nan,45.40959875900515,38.0,10.0
49.0,11760.0,0.23399999999999999,-198.4721574322318,-96.4243851842077,4.271292977439184,23.0,92.0,39.0,52.0,9.0,0.4506023815069586,0.002870377008650995,0.5274637545833997,0.003076518486521097,nan,nan,nan,nan,45.40959875900515,38.0,10.0
50.0,12000.0,0.23366666666666666,-190.9925826519895,-104.5963572920004,4.0804019865090035,23.0,92.0,39.0,52.0,8.0,0.43552173160832036,0.0028218775336007044,0.4091225275935344,0.002491979974082089,nan,nan,nan,45.661481949143045,45.40959875900515,38.0,10.0
51.0,12240.0,0.23333333333333334,-71.29545704879315,-102.59912753839401,1.5828656387102231,23.0,92.0,39.0,52.0,1.0,0.4210533424288025,0.0028846450262117024,0.45082372186615355,0.0023073888648908226,nan,nan,nan,nan,45.40959875900515,38.0,10.0
52.0,12480.0,0.23299999999999998,-29.292849467940535,-100.79604098362667,0.7936511577148221,23.0,92.0,39.0,52.0,1.0,0.4334446646235917,0.0029387529501067097,0.40168393618274284,0.0027137661917753957,nan,nan,nan,nan,45.40959875900515,38.0,10.0
53.0,12720.0,0.23266666666666666,-38.01665436747047,-96.64908126091888,0.8079705052810467,23.0,92.0,39.0,52.0,3.0,0.4455115156768308,0.002968006429287906,0.4091225275935344,0.0024179656768718773,nan,nan,nan,nan,45.40959875900515,38.0,10.0
54.0,12960.0,0.23233333333333334,-181.27679101854483,-103.7219777909808,3.7638518094504185,23.0,92.0,39.0,52.0,6.0,0.4005659637937213,0.002542811897551203,0.3381177913996152,0.002538127751379905,nan,nan,nan,nan,45.40959875900515,38.0,10.0
55.0,13200.0,0.232,-115.18092450821341,-100.46067542216637,2.6077639378761215,23.0,92.0,39.0,52.0,8.0,0.4468567149515425,0.00269083549423144,0.4057413496795382,0.0023073888648908226,nan,nan,nan,nan,45.40959875900515,38.0,10.0
56.0,13440.0,0.23166666666666666,-43.9132067987619,-99.23851005194058,0.993465230348257,23.0,92.0,39.0,52.0,4.0,0.39745736486355643,0.0027511223367919636,0.3381177913996152,0.003076518486521097,nan,nan,nan,nan,45.40959875900515,38.0,10.0
57.0,13680.0,0.23133333333333334,-92.38717931549007,-102.33411415997598,2.208897855144498,23.0,92.0,39.0,52.0,7.0,0.38284117061371353,0.00277101074692462,0.3719295705395767,0.0029851428109529355,nan,nan,nan,nan,45.40959875900515,38.0,10.0
58.0,13920.0,0.231,-104.08055543423565,-104.05211186769131,2.5228952437633247,23.0,92.0,39.0,52.0,5.0,0.47728246956045656,0.002545363517118029,0.47471737912505974,0.002538127751379905,nan,nan,nan,nan,45.40959875900515,38.0,10.0
59.0,14160.0,0.23066666666666666,-194.59502335299106,-112.33957029723365,4.167557911700814,23.0,92.0,39.0,52.0,10.0,0.4456136468785105,0.002771075969844473,0.45082372186615355,0.003076518486521097,nan,nan,nan,nan,45.40959875900515,38.0,10.0
60.0,14400.0,0.23033333333333333,-145.86347903670543,-114.18706035632954,2.993965417228706,23.0,92.0,39.0,52.0,5.0,0.42813516892736714,0.0026818955385073677,0.45082372186615355,0.003076518486521097,nan,nan,nan,nan,45.40959875900515,38.0,10.0
61.0,14640.0,0.23,-159.13148696054094,-104.93250072766034,3.6474776510916342,23.0,92.0,39.0,52.0,11.0,0.4325106618900667,0.0029947442153538998,0.44631548464749204,0.003076518486521097,nan,nan,nan,nan,45.40959875900515,38.0,10.0
62.0,14880.0,0.22966666666666666,-148.34790561071466,-104.90930087462625,2.9524837614695993,23.0,92.0,39.0,52.0,7.0,0.4424972741319289,0.0030414807273206556,0.45082372186615355,0.003076518486521097,nan,nan,nan,nan,45.40959875900515,38.0,10.0
63.0,15120.0,0.22933333333333333,-43.50931868903854,-104.86185561082853,0.9434023137025064,23.0,92.0,39.0,52.0,2.0,0.43082451472074906,0.0029319078887566053,0.3719295705395767,0.002538127751379905,nan,nan,nan,nan,45.40959875900515,38.0,10.0
64.0,15360.0,0.229,-147.92566107635693,-110.82779634707622,2.8178890464346273,23.0,92.0,39.0,52.0,4.0,0.4720737478808205,0.002641375327222742,0.45082372186615355,0.002791940526517896,nan,nan,nan,nan,45.40959875900515,38.0,10.0
65.0,15600.0,0.22866666666666666,-114.25917473168234,-114.84857475671065,2.5025269814610636,23.0,92.0,39.0,52.0,4.0,0.43988169946049455,0.00298479265308524,0.36516721471158436,0.0027688666378689877,nan,nan,nan,nan,45.40959875900515,38.0,10.0
66.0,15840.0,0.22833333333333333,-43.73677649967417,-110.61765540314386,1.0605498773780344,23.0,92.0,39.0,52.0,4.0,0.442780171981422,0.003002221712356632,0.4418523298010172,0.0027688666378689877,nan,nan,nan,nan,45.40959875900515,38.0,10.0
67.0,16080.0,0.228,-162.88648480580792,-113.30540162244408,3.3858741780579726,23.0,92.0,39.0,52.0,9.0,0.4139801165121872,0.002732622301767553,0.36151554256446855,0.0023073888648908226,nan,nan,nan,nan,45.40959875900515,38.0,10.0
68.0,16320.0,0.22766666666666666,-37.848454941364736,-113.15060618742741,1.3390231710673024,23.0,92.0,39.0,52.0,3.0,0.4544013811651835,0.0025702445614266987,0.44631548464749204,0.002538127751379905,nan,nan,nan,nan,45.40959875900515,38.0,10.0
69.0,16560.0,0.22733333333333333,-71.06640963346275,-106.78031879748895,2.157090083437501,23.0,92.0,39.0,52.0,8.0,0.4595031914831404,0.0026822429383339245,0.45082372186615355,0.003316825345503261,nan,nan,nan,nan,45.40959875900515,38.0,10.0
70.0,16800.0,0.227,-109.05559272401655,-102.6834693010903,2.272477322121182,24.0,96.0,40.0,53.333333333333336,1.0,0.39463746748836614,0.0026918738573822893,0.4091225275935344,0.0023073888648908226,nan,nan,nan,nan,45.40959875900515,38.0,10.0
71.0,17040.0,0.22666666666666666,-70.11664476044446,-102.62452868667287,1.5458258759470738,24.0,96.0,40.0,53.333333333333336,3.0,0.42364750039074117,0.0026956354450451605,0.45082372186615355,0.0030100190010442095,nan,nan,nan,nan,45.40959875900515,38.0,10.0
72.0,17280.0,0.22633333333333333,-32.76581465137328,-102.79817694584452,0.9273565829415921,24.0,96.0,40.0,53.333333333333336,1.0,0.40593794169483494,0.0029568232660021018,0.45082372186615355,0.002538127751379905,nan,nan,nan,nan,45.40959875900515,38.0,10.0
73.0,17520.0,0.226,-37.26725768731259,-102.76070711183661,0.7881587119733853,24.0,96.0,40.0,53.333333333333336,2.0,0.41373978633883474,0.0028545528052494108,0.35432138326743573,0.0023073888648908226,nan,nan,nan,nan,45.40959875900515,38.0,10.0
74.0,17760.0,0.22566666666666668,-115.26455479651675,-99.46009530073522,2.5453969066788367,24.0,96.0,40.0,53.333333333333336,4.0,0.3903079346498317,0.002780348976767441,0.3381177913996152,0.003071134579169686,nan,nan,nan,nan,45.40959875900515,38.0,10.0
75.0,18000.0,0.22533333333333333,-39.02119728606748,-95.65210893962791,0.8674940574567985,24.0,96.0,40.0,53.333333333333336,2.0,0.44259538224939904,0.002559401075537509,0.4959060940527689,0.002538127751379905,nan,nan,nan,47.07865005046669,45.40959875900515,38.0,10.0
76.0,18240.0,0.225,-73.5192202183589,-97.13240961060777,2.181772766817914,24.0,96.0,40.0,53.333333333333336,5.0,0.45467618902055645,0.0028395014673980204,0.3381177913996152,0.0023073888648908226,nan,nan,nan,nan,45.40959875900515,38.0,10.0
77.0,18480.0,0.22466666666666668,-107.55712209152372,-97.89090674940944,2.0170972864868895,24.0,96.0,40.0,53.333333333333336,2.0,0.4097812317583545,0.0028540468047578613,0.4959060940527689,0.002741177971490298,nan,nan,nan,nan,45.40959875900515,38.0,10.0
78.0,18720.0,0.22433333333333333,-81.34328966206142,-96.75404346080073,1.7873676130178853,24.0,96.0,40.0,53.333333333333336,5.0,0.3743423881821631,0.0025373446973074166,0.3381177913996152,0.0027640211212527173,nan,nan,nan,nan,45.40959875900515,38.0,10.0
79.0,18960.0,0.224,-181.27114591958806,-96.08784958913057,3.469651659647294,24.0,96.0,40.0,53.333333333333336,0.0,0.40004875261586764,0.0026136270384639333,0.36088289036498084,0.002791940526517896,nan,nan,nan,nan,45.40959875900515,38.0,10.0
80.0,19200.0,0.22366666666666668,-125.14114461907752,-95.05173286824919,2.711104348200859,24.0,96.0,40.0,53.333333333333336,2.0,0.41542401407919566,0.0030433916250585356,0.3976670968209155,0.0030152957686393283,nan,nan,nan,nan,45.40959875900515,38.0,10.0
81.0,19440.0,0.22333333333333333,-124.15904992068907,-93.3031110162566,2.9599174754642976,24.0,96.0,40.0,53.333333333333336,6.0,0.4212314977922049,0.0024938095020421605,0.3381177913996152,0.0023073888648908226,nan,nan,nan,nan,45.40959875900515,38.0,10.0
82.0,19680.0,0.223,-208.79808577796533,-96.32562002461913,5.182115653644449,24.0,96.0,40.0,53.333333333333336,7.0,0.4271278004665795,0.002926548401270681,0.4091225275935344,0.003076518486521097,nan,nan,nan,nan,45.40959875900515,38.0,10.0
83.0,19920.0,0.22266666666666668,-116.11096355110352,-99.95570226772239,3.1735403430658207,24.0,96.0,40.0,53.333333333333336,4.0,0.4075884613455119,0.002905308845380573,0.3381177913996152,0.0027688666378689877,nan,nan,nan,nan,45.40959875900515,38.0,10.0
84.0,20160.0,0.22233333333333333,-56.65031057406157,-95.39193474260762,1.3189431013951927,24.0,96.0,40.0,53.333333333333336,7.0,0.43242111610475725,0.002715772817949749,0.5860708384259996,0.0023073888648908226,nan,nan,nan,nan,45.40959875900515,38.0,10.0
85.0,20400.0,0.222,-133.16620747417872,-96.33728637973243,2.9057210386613748,24.0,96.0,40.0,53.333333333333336,8.0,0.4608004217153529,0.0030170141656671763,0.4959060940527689,0.0026597622445590653,nan,nan,nan,nan,45.40959875900515,38.0,10.0
86.0,20640.0,0.22166666666666668,-116.73365775848472,-99.98713044267296,3.0105679496893427,24.0,96.0,40.0,53.333333333333336,10.0,0.491598755155164,0.002995756671543162,0.5221891170375658,0.0030457533016558865,nan,nan,nan,nan,45.40959875900515,38.0,10.0
87.0,20880.0,0.22133333333333333,-219.7810900576182,-102.83186070526347,4.583407000038715,24.0,96.0,40.0,53.333333333333336,6.0,0.4680777568526186,0.0029437169767788465,0.5221891170375658,0.0023073888648908226,nan,nan,nan,nan,45.40959875900515,38.0,10.0
88.0,21120.0,0.221,-315.680554640403,-116.72346569021538,6.322771061684506,24.0,96.0,40.0,53.333333333333336,9.0,0.42532350102744404,0.0031653142962370802,0.40168393618274284,0.003384170335173207,nan,nan,nan,nan,45.40959875900515,38.0,10.0
89.0,21360.0,0.22066666666666668,-49.127644939461916,-115.62652745551534,1.4474436317721076,24.0,96.0,40.0,53.333333333333336,4.0,0.41935196405817465,0.0027117058510303846,0.5860708384259996,0.003076518486521097,nan,nan,nan,nan,45.40959875900515,38.0,10.0
90.0,21600.0,0.22033333333333333,-51.98672769101128,-112.77308420386507,1.1499110601473472,24.0,96.0,40.0,53.333333333333336,6.0,0.4503601837243399,0.0029621328241567564,0.4530187700494494,0.003076518486521097,nan,nan,nan,nan,45.40959875900515,38.0,10.0
91.0,21840.0,0.22,-252.45154284961944,-121.88982910832381,5.281512169515107,24.0,96.0,41.0,54.666666666666664,8.0,0.43182395072307006,0.0028576337263383662,0.44631548464749204,0.003076518486521097,nan,nan,nan,nan,45.40959875900515,38.0,10.0
92.0,22080.0,0.21966666666666668,-32.51010279970543,-121.87704351574038,1.012665272872554,24.0,96.0,41.0,54.666666666666664,2.0,0.41912261586473604,0.002746397926044032,0.3719295705395767,0.0023073888648908226,nan,nan,nan,nan,45.40959875900515,38.0,10.0
93.0,22320.0,0.21933333333333332,-283.6138334038518,-134.1943723015674,5.799765647226116,24.0,96.0,41.0,54.666666666666664,7.0,0.43821041702102637,0.002931176506199453,0.4057413496795382,0.0035696447437373515,nan,nan,nan,nan,45.40959875900515,38.0,10.0
94.0,22560.0,0.219,-214.8991437910365,-139.17610175129337,4.606606513509859,24.0,96.0,41.0,54.666666666666664,10.0,0.48785497094575786,0.0029676008455803344,0.5016127822917088,0.0032395739663067156,nan,nan,nan,nan,45.40959875900515,38.0,10.0
95.0,22800.0,0.21866666666666668,-92.62603887455606,-141.85634383071778,2.5419625708895794,24.0,96.0,41.0,54.666666666666664,1.0,0.44824135702418894,0.0027922249243733793,0.5353858191493492,0.003612022801253052,nan,nan,nan,nan,45.40959875900515,38.0,10.0
96.0,23040.0,0.21833333333333332,-67.03553727107163,-141.53215968335343,1.7490521281860076,24.0,96.0,41.0,54.666666666666664,5.0,0.5262962412422666,0.002901414655306777,0.5860708384259996,0.003076518486521097,nan,nan,nan,nan,45.40959875900515,38.0,10.0
97.0,23280.0,0.218,-159.84596807376056,-144.14660198246526,3.972167871264368,24.0,96.0,41.0,54.666666666666664,6.0,0.4601885292043979,0.0028324470963469787,0.4560116202651898,0.0029501196229234305,nan,nan,nan,nan,45.40959875900515,38.0,10.0
98.0,23520.0,0.21766666666666667,-57.8807723208855,-142.97347611540647,1.5544048752214048,25.0,100.0,42.0,56.00000000000001,3.0,0.4699960984360005,0.0029463762815430555,0.45082372186615355,0.003076518486521097,nan,nan,nan,nan,45.40959875900515,38.0,10.0
99.0,23760.0,0.21733333333333332,-157.56809387078968,-141.78832351296654,3.8923395912017056,25.0,100.0,43.0,57.333333333333336,7.0,0.4723390118144379,0.002841996635988027,0.45082372186615355,0.0030457533016558865,nan,nan,nan,nan,45.40959875900515,38.0,10.0
100.0,24000.0,0.217,-97.59959944592369,-140.41124625430888,2.3611829505292348,25.0,100.0,43.0,57.333333333333336,1.0,0.4462904507138936,0.002824624737491135,0.5860708384259996,0.002491979974082089,nan,nan,nan,44.98215017950554,44.98215017950554,38.0,10.0
101.0,24240.0,0.21666666666666667,-147.50262547460704,-141.57842503200476,3.4733335663519447,25.0,100.0,43.0,57.333333333333336,3.0,0.44300090085693933,0.002742825671469303,0.4050313023175991,0.0023073888648908226,nan,nan,nan,nan,44.98215017950554,38.0,10.0
102.0,24480.0,0.21633333333333332,-185.88166297878678,-140.43260389204585,3.719623097364994,25.0,100.0,44.0,58.666666666666664,8.0,0.43321237108881894,0.0029795332247611293,0.45082372186615355,0.003076518486521097,nan,nan,nan,nan,44.98215017950554,38.0,10.0
103.0,24720.0,0.216,-244.61237578784207,-146.85767450388278,5.097081437517081,25.0,100.0,44.0,58.666666666666664,6.0,0.4763118490483453,0.003110301403373025,0.45003478035288785,0.003283657092048229,nan,nan,nan,nan,44.98215017950554,38.0,10.0
104.0,24960.0,0.21566666666666667,-199.18940445325154,-153.98462919784225,4.843505762772117,25.0,100.0,44.0,58.666666666666664,8.0,0.4554482241177005,0.0028738712102147706,0.4959060940527689,0.003076518486521097,nan,nan,nan,nan,44.98215017950554,38.0,10.0
105.0,25200.0,0.21533333333333332,-88.76167973645427,-151.76440281095606,2.1000234467693257,25.0,100.0,44.0,58.666666666666664,0.0,0.43533426012995347,0.0028030654096475615,0.47471737912505974,0.0027411779714902984,nan,nan,nan,nan,44.98215017950554,38.0,10.0
106.0,25440.0,0.215,-42.93595168656159,-148.0745175073599,0.880295375615452,25.0,100.0,44.0,58.666666666666664,5.0,0.48663420379219446,0.0029431450007168943,0.45082372186615355,0.0023073888648908226,nan,nan,nan,nan,44.98215017950554,38.0,10.0
107.0,25680.0,0.21466666666666667,-89.119093773512,-141.54141769315459,3.108598953089007,25.0,100.0,44.0,58.666666666666664,5.0,0.48065857738877843,0.0027653593943368416,0.45082372186615355,0.0023073888648908226,nan,nan,nan,nan,44.98215017950554,38.0,10.0
108.0,25920.0,0.21433333333333332,-91.71027868284192,-130.34290389527652,2.465724740264205,25.0,100.0,44.0,58.666666666666664,8.0,0.425095538054112,0.0028140353772526036,0.44631548464749204,0.0023073888648908226,nan,nan,nan,nan,44.98215017950554,38.0,10.0
109.0,26160.0,0.214,-331.37341571269485,-144.45519243393815,6.913666284748953,25.0,100.0,44.0,58.666666666666664,9.0,0.47736378456097145,0.0030600730082267075,0.5240019568099522,0.003283657092048229,nan,nan,nan,nan,44.98215017950554,38.0,10.0
110.0,26400.0,0.21366666666666667,-48.63377321566474,-144.28754471017083,1.7766222969972698,25.0,100.0,44.0,58.666666666666664,6.0,0.43092753283451124,0.0026393447143518976,0.43743380650300706,0.0026819269299303908,nan,nan,nan,nan,44.98215017950554,38.0,10.0
111.0,26640.0,0.21333333333333332,-68.04956294144777,-135.06744571476224,1.5452298260557196,25.0,100.0,44.0,58.666666666666664,2.0,0.4272064409789003,0.002588148602714368,0.5802101300417397,0.0023073888648908226,nan,nan,nan,nan,44.98215017950554,38.0,10.0
112.0,26880.0,0.213,-142.42848113240885,-140.5633646313974,3.473204910902057,25.0,100.0,44.0,58.666666666666664,6.0,0.4179388125901868,0.0028790241711053864,0.3381177913996152,0.002538127751379905,nan,nan,nan,nan,44.98215017950554,38.0,10.0
113.0,27120.0,0.21266666666666667,-114.52428711509305,-132.1088873169595,3.954943201080699,25.0,100.0,44.0,58.666666666666664,8.0,0.46281305771945996,0.002813740827366821,0.4959060940527689,0.0027090171009397884,nan,nan,nan,nan,44.98215017950554,38.0,10.0
114.0,27360.0,0.21233333333333332,-153.56893192554762,-129.04237672368504,3.202820746968332,25.0,100.0,44.0,58.666666666666664,5.0,0.47991894504690985,0.0030045796138094237,0.48603756278111887,0.0027411779714902984,nan,nan,nan,nan,44.98215017950554,38.0,10.0
115.0,27600.0,0.212,-77.09331472869354,-128.26574051639196,2.3516359020245283,25.0,100.0,44.0,58.666666666666664,4.0,0.4240259455435142,0.0027132704556871866,0.4418523298010172,0.003076518486521097,nan,nan,nan,nan,44.98215017950554,38.0,10.0
116.0,27840.0,0.21166666666666667,-110.11898283500531,-130.4199127945886,2.892214841954395,25.0,100.0,44.0,58.666666666666664,5.0,0.4461326192753101,0.002670134429752336,0.44631548464749204,0.003071134579169686,nan,nan,nan,nan,44.98215017950554,38.0,10.0
117.0,28080.0,0.21133333333333332,-148.5890381123838,-129.85706629651978,3.058873729915085,25.0,100.0,44.0,58.666666666666664,6.0,0.4471561721836115,0.0027062519214516405,0.3381177913996152,0.003045753301655887,nan,nan,nan,nan,44.98215017950554,38.0,10.0
118.0,28320.0,0.211,-13.598166602328147,-127.64293601059191,0.44358157307938045,25.0,100.0,44.0,58.666666666666664,2.0,0.5394719861216543,0.003004880471679751,0.5802101300417397,0.003045753301655887,nan,nan,nan,nan,44.98215017950554,38.0,10.0
119.0,28560.0,0.21066666666666667,-115.77149690341254,-125.55310616222305,2.143549686762508,25.0,100.0,44.0,58.666666666666664,0.0,0.4076361286822187,0.0026735442528517555,0.5860708384259996,0.003076518486521097,nan,nan,nan,nan,44.98215017950554,38.0,10.0
120.0,28800.0,0.21033333333333332,-169.54249152929106,-129.15025076639142,3.592898830651821,25.0,100.0,44.0,58.666666666666664,5.0,0.4919049435912664,0.0030140489293344927,0.5860708384259996,0.003076518486521097,nan,nan,nan,nan,44.98215017950554,38.0,10.0
121.0,29040.0,0.21,-88.03774367654094,-126.17700667648815,2.4993520357328687,25.0,100.0,44.0,58.666666666666664,6.0,0.48312188488945607,0.0028229711572437723,0.5860708384259996,0.003076518486521097,nan,nan,nan,nan,44.98215017950554,38.0,10.0
122.0,29280.0,0.20966666666666667,-110.29223228990647,-122.39753514204412,3.1757153624336176,25.0,100.0,44.0,58.666666666666664,5.0,0.5290811786072032,0.002972004190654589,0.5860708384259996,0.0027688666378689877,nan,nan,nan,nan,44.98215017950554,38.0,10.0
123.0,29520.0,0.20933333333333334,-394.68005250009764,-129.9009189776569,7.902777904631923,25.0,100.0,44.0,58.666666666666664,9.0,0.4658456202764758,0.0029043631848557857,0.5686639484539092,0.003076518486521097,nan,nan,nan,nan,44.98215017950554,38.0,10.0
124.0,29760.0,0.209,-87.46638016303443,-124.31476776314602,2.686481566075276,25.0,100.0,44.0,58.666666666666664,6.0,0.43107841286472515,0.002708617983074884,0.44107908822386543,0.003071134579169686,nan,nan,nan,nan,44.98215017950554,38.0,10.0
125.0,30000.0,0.20866666666666667,-57.890069001154124,-122.77118722638104,2.3870301322136744,25.0,100.0,44.0,58.666666666666664,5.0,0.5155980122412256,0.002999215697418761,0.5860708384259996,0.003076518486521097,nan,nan,nan,45.609059870812466,44.98215017950554,38.0,10.0
126.0,30240.0,0.20833333333333334,-162.62790901962754,-128.75578509303432,3.5896223401680754,25.0,100.0,44.0,58.666666666666664,3.0,0.4708903083736553,0.003149008953359751,0.5860708384259996,0.003076518486521097,nan,nan,nan,nan,44.98215017950554,38.0,10.0
127.0,30480.0,0.208,-133.37698695851702,-130.96867975228457,2.9585176196093568,25.0,100.0,44.0,58.666666666666664,4.0,0.4836460133778255,0.0030885083911489117,0.5221891170375658,0.003045753301655887,nan,nan,nan,nan,44.98215017950554,38.0,10.0
128.0,30720.0,0.20766666666666667,-63.48743134096082,-129.55753738519053,2.545048474263941,25.0,100.0,44.0,58.666666666666664,5.0,0.46253702484081777,0.002832983846893493,0.5860708384259996,0.003076518486521097,nan,nan,nan,nan,44.98215017950554,38.0,10.0
129.0,30960.0,0.20733333333333334,-77.23152906444342,-116.85044305277795,2.099445545286118,25.0,100.0,44.0,58.666666666666664,5.0,0.4904061150872084,0.0030091654280404788,0.42724564121255376,0.003045753301655887,nan,nan,nan,nan,44.98215017950554,38.0,10.0
130.0,31200.0,0.20700000000000002,-104.42224276697036,-119.63986653034321,2.0277330680374326,25.0,100.0,44.0,58.666666666666664,3.0,0.44196597212992267,0.00292145804255211,0.4418523298010172,0.0037160728407953205,nan,nan,nan,nan,44.98215017950554,38.0,10.0
131.0,31440.0,0.20666666666666667,-45.17389641653834,-118.49608320409774,1.1660428029272094,25.0,100.0,44.0,58.666666666666664,4.0,0.5070110187737978,0.002898211997269228,0.5221891170375658,0.003015295768639328,nan,nan,nan,nan,44.98215017950554,38.0,10.0
132.0,31680.0,0.20633333333333334,-41.891511026819266,-113.46923469881827,1.122958477371387,25.0,100.0,44.0,58.666666666666664,2.0,0.4852887601649365,0.002865691720187611,0.45082372186615355,0.0023073888648908226,nan,nan,nan,nan,44.98215017950554,38.0,10.0
133.0,31920.0,0.20600000000000002,-164.918361509511,-115.98893841853919,4.849602566018324,25.0,100.0,44.0,58.666666666666664,7.0,0.4191320351998764,0.002883689806799766,0.45003478035288785,0.0023073888648908226,nan,nan,nan,nan,44.98215017950554,38.0,10.0
134.0,32160.0,0.20566666666666666,-27.187281013254328,-109.66985587292451,0.7208188529455798,25.0,100.0,44.0,58.666666666666664,0.0,0.4303013103111213,0.0028137923370992295,0.45082372186615355,0.0027688666378689877,nan,nan,nan,nan,44.98215017950554,38.0,10.0
135.0,32400.0,0.20533333333333334,-41.5498042029972,-107.8926803466397,1.3412427484089633,25.0,100.0,44.0,58.666666666666664,3.0,0.44580258333049877,0.002784372611511729,0.45082372186615355,0.0023073888648908226,nan,nan,nan,nan,44.98215017950554,38.0,10.0
136.0,32640.0,0.20500000000000002,-53.104090160399736,-105.0419357129094,1.3023802698767126,25.0,100.0,44.0,58.666666666666664,4.0,0.4469976347162164,0.002845905007257763,0.45082372186615355,0.003076518486521097,nan,nan,nan,nan,44.98215017950554,38.0,10.0
137.0,32880.0,0.20466666666666666,-76.27089272135235,-101.42602844335784,2.903252478877112,25.0,100.0,44.0,58.666666666666664,6.0,0.4311517747750136,0.0028621024534270637,0.44631548464749204,0.002538127751379905,nan,nan,nan,nan,44.98215017950554,38.0,10.0
138.0,33120.0,0.20433333333333334,-118.62871744488513,-106.67755598548567,2.3021163539443656,25.0,100.0,44.0,58.666666666666664,1.0,0.41888329894055487,0.0028040762702998567,0.45082372186615355,0.003076518486521097,nan,nan,nan,nan,44.98215017950554,38.0,10.0
139.0,33360.0,0.20400000000000001,-212.90730606807418,-111.53434644371876,4.448603920496745,25.0,100.0,44.0,58.666666666666664,7.0,0.42822995648392953,0.002886916561939046,0.45082372186615355,0.003076518486521097,nan,nan,nan,nan,44.98215017950554,38.0,10.0
140.0,33600.0,0.20366666666666666,-23.453755754203517,-104.2299096549644,0.42239566672314205,25.0,100.0,44.0,58.666666666666664,1.0,0.4227273451346969,0.003166829193168084,0.45082372186615355,0.003076518486521097,nan,nan,nan,nan,44.98215017950554,38.0,10.0
141.0,33840.0,0.20333333333333334,-143.0674548461417,-106.98139521344442,2.8943978364701217,25.0,100.0,44.0,58.666666666666664,5.0,0.4342942634354969,0.002791426688643572,0.45082372186615355,0.003076518486521097,nan,nan,nan,nan,44.98215017950554,38.0,10.0
142.0,34080.0,0.203,-248.43560521514365,-113.8885638597063,6.190486549208558,25.0,100.0,44.0,58.666666666666664,7.0,0.46685736051671606,0.003079086178910097,0.45082372186615355,0.003076518486521097,nan,nan,nan,nan,44.98215017950554,38.0,10.0
143.0,34320.0,0.20266666666666666,-44.09971751281387,-96.35954711034208,1.6431396742759359,25.0,100.0,44.0,58.666666666666664,3.0,0.4450343845123615,0.0031156671842620786,0.44631548464749204,0.003076518486521097,nan,nan,nan,nan,44.98215017950554,38.0,10.0
144.0,34560.0,0.20233333333333334,-32.56666285328079,-93.61456124485441,1.2474675991106468,25.0,100.0,44.0,58.666666666666664,0.0,0.44542472271821065,0.002792923890786218,0.4057413496795382,0.003045753301655887,nan,nan,nan,nan,44.98215017950554,38.0,10.0
145.0,34800.0,0.202,-129.69962814882274,-97.20503920223784,4.155741790296161,25.0,100.0,44.0,58.666666666666664,5.0,0.4573260091437337,0.002707412540159377,0.42872887375359725,0.003076518486521097,nan,nan,nan,nan,44.98215017950554,38.0,10.0
146.0,35040.0,0.20166666666666666,-71.18741153599382,-92.63301432805616,1.6094539726111297,25.0,100.0,44.0,58.666666666666664,3.0,0.42855772279914534,0.002966239559724384,0.45082372186615355,0.003045753301655887,nan,nan,nan,nan,44.98215017950554,38.0,10.0
147.0,35280.0,0.20133333333333334,-150.1217849021931,-93.47025422523996,3.226317120941856,25.0,100.0,44.0,58.666666666666664,3.0,0.45999698602125455,0.003000710013722972,0.45082372186615355,0.002791940526517896,nan,nan,nan,nan,44.98215017950554,38.0,10.0
148.0,35520.0,0.201,-74.59343855035515,-94.02555458570968,2.4046414307306647,25.0,100.0,44.0,58.666666666666664,4.0,0.4365563757528626,0.0027597840598754114,0.45082372186615355,0.002538127751379905,nan,nan,nan,nan,44.98215017950554,38.0,10.0
149.0,35760.0,0.20066666666666666,-231.54863438858672,-101.74140985191684,4.927111384250845,25.0,100.0,44.0,58.666666666666664,4.0,0.44134659114766883,0.002885084713484466,0.4418523298010172,0.003076518486521097,nan,nan,nan,nan,44.98215017950554,38.0,10.0
150.0,36000.0,0.20033333333333334,-85.8246649300323,-100.81153096006994,1.7540753722618467,25.0,100.0,44.0,58.666666666666664,0.0,0.41571439564466606,0.0027228129555686106,0.45082372186615355,0.003076518486521097,nan,nan,nan,45.77730990497998,44.98215017950554,38.0,10.0
151.0,36240.0,0.2,-94.20225323458213,-103.26294880097214,2.394034383091047,25.0,100.0,44.0,58.666666666666664,0.0,0.40423491219782653,0.0029356846380151325,0.4803351270757896,0.003076518486521097,nan,nan,nan,nan,44.98215017950554,38.0,10.0
152.0,36480.0,0.19966666666666666,-47.000956211593156,-103.51842106021081,1.1278164279814697,25.0,100.0,44.0,58.666666666666664,1.0,0.41317392843375894,0.0027944723041428373,0.3381177913996152,0.0023073888648908226,nan,nan,nan,nan,44.98215017950554,38.0,10.0
153.0,36720.0,0.19933333333333333,-106.57117574186739,-100.60106177182863,2.3395181473380138,25.0,100.0,44.0,58.666666666666664,3.0,0.4642752685889437,0.0026886683582124046,0.39766709682091544,0.0025127464738661062,nan,nan,nan,nan,44.98215017950554,38.0,10.0
154.0,36960.0,0.199,-44.07969623189908,-101.44568253276087,1.650491573006492,25.0,100.0,44.0,58.666666666666664,5.0,0.42053048211114136,0.002877757909995244,0.47471737912505974,0.003045753301655887,nan,nan,nan,nan,44.98215017950554,38.0,10.0
155.0,37200.0,0.19866666666666666,-61.46369940307729,-102.4413772927649,1.9061357894106568,25.0,100.0,44.0,58.666666666666664,6.0,0.4801014070110658,0.002931948195266827,0.4560116202651898,0.0024423895725978564,nan,nan,nan,nan,44.98215017950554,38.0,10.0
156.0,37440.0,0.19833333333333333,-33.125319286354284,-101.4424387490626,1.0842109404355464,25.0,100.0,44.0,58.666666666666664,1.0,0.4404444035513726,0.002617407298283279,0.3897535215941793,0.002538127751379905,nan,nan,nan,nan,44.98215017950554,38.0,10.0
157.0,37680.0,0.198,-199.47092640654859,-107.60244043332243,3.755929159217068,25.0,100.0,44.0,58.666666666666664,5.0,0.47257127609497757,0.0031390744651251857,0.5860708384259996,0.0026331646221134744,nan,nan,nan,nan,44.98215017950554,38.0,10.0
158.0,37920.0,0.19766666666666666,-182.3473416739622,-110.78837164477628,4.864973929534277,25.0,100.0,44.0,58.666666666666664,6.0,0.46290797659348887,0.0032120683113878398,0.43743380650300706,0.002369848159902128,nan,nan,nan,nan,44.98215017950554,38.0,10.0
159.0,38160.0,0.19733333333333333,-47.91592130301885,-102.53880240652352,0.9303037655831833,25.0,100.0,44.0,58.666666666666664,1.0,0.4653667955061936,0.002591602834300588,0.5860708384259996,0.0023073888648908226,nan,nan,nan,nan,44.98215017950554,38.0,10.0
160.0,38400.0,0.197,-184.11156565283528,-110.57169290145512,4.782780149636747,25.0,100.0,44.0,58.666666666666664,8.0,0.47586887683231466,0.002931599467778332,0.437433806503007,0.002491979974082089,nan,nan,nan,nan,44.98215017950554,38.0,10.0
161.0,38640.0,0.19666666666666666,-158.99190694160671,-111.36791550622839,3.875215605898777,25.0,100.0,44.0,58.666666666666664,4.0,0.4994295397235769,0.003092312563301275,0.5169672258671901,0.002538127751379905,nan,nan,nan,nan,44.98215017950554,38.0,10.0
162.0,38880.0,0.19633333333333333,-41.729360916971906,-101.03260329131976,0.963487833480079,25.0,100.0,44.0,58.666666666666664,3.0,0.45728708679964547,0.0028880307173404667,0.5400417364234654,0.0027688666378689877,nan,nan,nan,nan,44.98215017950554,38.0,10.0
163.0,39120.0,0.196,-80.4814177422184,-102.85168830279,1.7623618568501946,25.0,100.0,44.0,58.666666666666664,1.0,0.48814309646623516,0.0026847739869361492,0.4057413496795382,0.002538127751379905,nan,nan,nan,nan,44.98215017950554,38.0,10.0
164.0,39360.0,0.19566666666666666,-50.40494092135612,-103.74360220619376,1.1489986015175202,25.0,100.0,44.0,58.666666666666664,0.0,0.43459369219253724,0.002998624996255228,0.45082372186615355,0.003076518486521097,nan,nan,nan,nan,44.98215017950554,38.0,10.0
165.0,39600.0,0.19533333333333333,-33.35624563208322,-98.9264330803568,1.2042901915402184,25.0,100.0,44.0,58.666666666666664,0.0,0.43900697466478067,0.0029099282151827366,0.45082372186615355,0.003076518486521097,nan,nan,nan,nan,44.98215017950554,38.0,10.0
166.0,39840.0,0.195,-51.068135989555756,-97.92046930303488,1.5883384997527468,25.0,100.0,44.0,58.666666666666664,1.0,0.47958341153020534,0.002682708412376229,0.3381177913996152,0.0027137661917753953,nan,nan,nan,nan,44.98215017950554,38.0,10.0
167.0,40080.0,0.19466666666666665,-101.33358820647298,-95.48105946824889,2.4949119526997436,25.0,100.0,44.0,58.666666666666664,5.0,0.4903370338655612,0.002992128479986598,0.4418523298010172,0.002741177971490298,nan,nan,nan,nan,44.98215017950554,38.0,10.0
168.0,40320.0,0.19433333333333333,-113.60313447479366,-97.4315442644708,3.004078557414788,25.0,100.0,44.0,58.666666666666664,5.0,0.4793677673559735,0.003024204885470279,0.5274637545833997,0.0027411779714902984,nan,nan,nan,nan,44.98215017950554,38.0,10.0
169.0,40560.0,0.194,-87.81525109165663,-90.2448750996243,1.8992845802580465,25.0,100.0,44.0,58.666666666666664,4.0,0.4348500616488427,0.002877759881511132,0.45082372186615355,0.0023073888648908226,nan,nan,nan,nan,44.98215017950554,38.0,10.0
170.0,40800.0,0.19366666666666665,-144.51331697492043,-93.1793077018687,3.281183006184635,25.0,100.0,44.0,58.666666666666664,6.0,0.45064409055717625,0.002937949395525098,0.45082372186615355,0.0023073888648908226,nan,nan,nan,nan,44.98215017950554,38.0,10.0
171.0,41040.0,0.19333333333333333,-80.16733279042555,-92.47756167966087,2.027501765308623,25.0,100.0,44.0,58.666666666666664,5.0,0.4280275359235053,0.002884714704067656,0.36516721471158436,0.0023073888648908226,nan,nan,nan,nan,44.98215017950554,38.0,10.0
172.0,41280.0,0.193,-176.67964427738593,-98.9614960829505,5.195809176393827,25.0,100.0,44.0,58.666666666666664,8.0,0.41549687249922007,0.0026228580881664395,0.45082372186615355,0.0023073888648908226,nan,nan,nan,nan,44.98215017950554,38.0,10.0
173.0,41520.0,0.19266666666666665,-140.74111361458142,-100.66999297658622,2.7720870297953515,25.0,100.0,44.0,58.666666666666664,3.0,0.43234524081307674,0.002714954758224414,0.35432138326743573,0.0030404232333779892,nan,nan,nan,nan,44.98215017950554,38.0,10.0
174.0,41760.0,0.19233333333333333,-338.01767865241703,-115.3668920976121,6.78770258148726,25.0,100.0,44.0,58.666666666666664,6.0,0.42671945169149667,0.0028883965733791685,0.4091225275935344,0.0030457533016558865,nan,nan,nan,nan,44.98215017950554,38.0,10.0
175.0,42000.0,0.192,-63.58274002126616,-115.47284412852154,2.530623367255575,25.0,100.0,44.0,58.666666666666664,4.0,0.46022637312817755,0.0027689105423515555,0.5860708384259996,0.0023073888648908226,nan,nan,nan,43.75212143485461,43.75212143485461,38.0,10.0
176.0,42240.0,0.19166666666666665,-41.462900100195675,-115.88972316921362,0.8340602559944559,25.0,100.0,44.0,58.666666666666664,2.0,0.49996679480586953,0.002781042400154174,0.5274637545833997,0.002538127751379905,nan,nan,nan,nan,43.75212143485461,38.0,10.0
177.0,42480.0,0.19133333333333333,-124.92546013872278,-112.16244985582235,3.1605296210748612,25.0,100.0,44.0,58.666666666666664,5.0,0.43288211175598973,0.0033327493549215894,0.5400417364234654,0.003076518486521097,nan,nan,nan,nan,43.75212143485461,38.0,10.0
178.0,42720.0,0.191,-164.05356547229727,-111.24776104573907,4.468708480325826,25.0,100.0,44.0,58.666666666666664,6.0,0.4398632026516726,0.0031271803821459145,0.5860708384259996,0.003076518486521097,nan,nan,nan,nan,43.75212143485461,38.0,10.0
179.0,42960.0,0.19066666666666665,-203.36401277696993,-119.02016561943665,4.318688225315987,25.0,100.0,44.0,58.666666666666664,8.0,0.4669019001223012,0.003083995253257687,0.5274637545833997,0.0027688666378689877,nan,nan,nan,nan,43.75212143485461,38.0,10.0
180.0,43200.0,0.19033333333333333,-359.5738123035058,-127.79327795197017,7.250771832946103,25.0,100.0,44.0,58.666666666666664,6.0,0.4270439675010023,0.0031733495129691036,0.5292949058686386,0.0034231140087475176,nan,nan,nan,nan,43.75212143485461,38.0,10.0
181.0,43440.0,0.19,-47.02187163042231,-122.19477618641095,1.249522480946404,25.0,100.0,44.0,58.666666666666664,1.0,0.4550561240391349,0.002722405131040169,0.3719295705395767,0.0023073888648908226,nan,nan,nan,nan,43.75212143485461,38.0,10.0
182.0,43680.0,0.18966666666666665,-99.1729025186044,-125.06695326649258,2.774606913199397,25.0,100.0,44.0,58.666666666666664,5.0,0.4377077319159328,0.0029746879603809186,0.45082372186615355,0.0027688666378689877,nan,nan,nan,nan,43.75212143485461,38.0,10.0
183.0,43920.0,0.18933333333333333,-121.19517495480338,-127.10264112712181,2.628837876355592,25.0,100.0,44.0,58.666666666666664,5.0,0.5073224215632445,0.003363569298885633,0.34260827968834695,0.003045753301655887,nan,nan,nan,nan,43.75212143485461,38.0,10.0
184.0,44160.0,0.189,-240.37149401649506,-136.60096878187878,5.846047399876691,25.0,100.0,44.0,58.666666666666664,7.0,0.4334238046342945,0.0029431658313108133,0.44631548464749204,0.002538127751379905,nan,nan,nan,nan,43.75212143485461,38.0,10.0
185.0,44400.0,0.18866666666666668,-49.21191456846466,-137.39375222869785,2.0445572860208334,25.0,100.0,44.0,58.666666666666664,4.0,0.4416699133835171,0.00294322729822735,0.45082372186615355,0.0023073888648908226,nan,nan,nan,nan,43.75212143485461,38.0,10.0
186.0,44640.0,0.18833333333333332,-45.06801588724972,-137.0937462235825,1.3820899366152102,25.0,100.0,44.0,58.666666666666664,2.0,0.44022418539959535,0.0027375922338501156,0.45082372186615355,0.002491979974082089,nan,nan,nan,nan,43.75212143485461,38.0,10.0
187.0,44880.0,0.188,-60.07774527599104,-135.03095407705842,1.9459290225717751,25.0,100.0,44.0,58.666666666666664,3.0,0.4632952905235371,0.0025990370489408603,0.45082372186615355,0.0023073888648908226,nan,nan,nan,nan,43.75212143485461,38.0,10.0
188.0,45120.0,0.18766666666666668,-124.05814111277942,-135.55370440895774,2.775937975640835,25.0,100.0,44.0,58.666666666666664,4.0,0.4452381004816797,0.00259757569625035,0.45082372186615355,0.0023073888648908226,nan,nan,nan,nan,43.75212143485461,38.0,10.0
189.0,45360.0,0.18733333333333335,-32.77322215311196,-132.8016029620305,0.5692737337713195,25.0,100.0,44.0,58.666666666666664,0.0,0.4533596053016507,0.0023821391306990286,0.45082372186615355,0.0023073888648908226,nan,nan,nan,nan,43.75212143485461,38.0,10.0
190.0,45600.0,0.187,-108.00793579899477,-130.9763339032342,2.5041603875594562,25.0,100.0,44.0,58.666666666666664,6.0,0.43869797529581156,0.002790681493374355,0.3719295705395767,0.0027688666378689877,nan,nan,nan,nan,43.75212143485461,38.0,10.0
191.0,45840.0,0.18666666666666665,-89.80394819004003,-131.45816467321495,3.5709208867723823,25.0,100.0,44.0,58.666666666666664,7.0,0.4492602846874556,0.0026926682936016712,0.5860708384259996,0.0023073888648908226,nan,nan,nan,nan,43.75212143485461,38.0,10.0
192.0,46080.0,0.18633333333333335,-65.07048478902867,-125.87770669879708,1.7524700130310464,25.0,100.0,44.0,58.666666666666664,6.0,0.4641728282903104,0.002675764090888141,0.5802101300417397,0.0023073888648908226,nan,nan,nan,nan,43.75212143485461,38.0,10.0
193.0,46320.0,0.186,-62.4702873062555,-121.9641653833808,1.8211510008934535,25.0,100.0,44.0,58.666666666666664,6.0,0.5108108804351555,0.0026625491820896755,0.5454967034580459,0.0027688666378689877,nan,nan,nan,nan,43.75212143485461,38.0,10.0
194.0,46560.0,0.18566666666666665,-107.41233838460835,-110.43389836999036,2.717085291179002,25.0,100.0,44.0,58.666666666666664,3.0,0.43417978905505966,0.0026167530845042897,0.3381177913996152,0.0023073888648908226,nan,nan,nan,nan,43.75212143485461,38.0,10.0
195.0,46800.0,0.18533333333333335,-251.59467248224118,-119.83449499303909,5.264561946205315,25.0,100.0,44.0,58.666666666666664,7.0,0.44347357891214495,0.0028309021711080823,0.45082372186615355,0.0030404232333779892,nan,nan,nan,nan,43.75212143485461,38.0,10.0
196.0,47040.0,0.185,-105.57537583543541,-123.04011877980106,2.426794831087449,25.0,100.0,44.0,58.666666666666664,3.0,0.5125394880140698,0.002354498054215677,0.5860708384259996,0.0023073888648908226,nan,nan,nan,nan,43.75212143485461,38.0,10.0
197.0,47280.0,0.18466666666666667,-28.78233558111904,-118.2329625519209,0.7525887398872393,25.0,100.0,44.0,58.666666666666664,2.0,0.5137865142348503,0.0024454650095439164,0.45082372186615355,0.0025127464738661062,nan,nan,nan,nan,43.75212143485461,38.0,10.0
198.0,47520.0,0.18433333333333335,-90.30276364104537,-114.54542246035831,1.9731173786606622,25.0,100.0,44.0,58.666666666666664,4.0,0.49956621914466975,0.0026385328428848664,0.36151554256446855,0.0027640211212527173,nan,nan,nan,nan,43.75212143485461,38.0,10.0
199.0,47760.0,0.184,-103.3960872289579,-109.54702618295771,2.9095307922498694,25.0,100.0,44.0,58.666666666666664,5.0,0.4015676884684114,0.0027262378529196024,0.4860375627811189,0.0023073888648908226,nan,nan,nan,nan,43.75212143485461,38.0,10.0
200.0,48000.0,0.18366666666666667,-58.34759891879337,-94.48571551372208,1.550673120732901,25.0,100.0,44.0,58.666666666666664,0.0,0.4143918961371191,0.002530325251839142,0.4959060940527689,0.002538127751379905,nan,nan,nan,45.84220150645378,43.75212143485461,38.0,10.0
201.0,48240.0,0.18333333333333335,-85.42820074867001,-96.40603196963447,2.4437231397845225,25.0,100.0,44.0,58.666666666666664,2.0,0.40893236451235476,0.002922515493814492,0.45003478035288785,0.0027640211212527173,nan,nan,nan,nan,43.75212143485461,38.0,10.0
202.0,48480.0,0.183,-46.34174412959758,-93.76447405018412,1.069626205153746,25.0,100.0,44.0,58.666666666666664,0.0,0.48613425507729824,0.0024920280446834404,0.4057413496795382,0.003076518486521097,nan,nan,nan,nan,43.75212143485461,38.0,10.0
203.0,48720.0,0.18266666666666667,-31.05864123519893,-89.25764736420389,1.2079754581764812,25.0,100.0,44.0,58.666666666666664,0.0,0.4329389936752787,0.002752987801402153,0.4057413496795382,0.002791940526517896,nan,nan,nan,nan,43.75212143485461,38.0,10.0
204.0,48960.0,0.18233333333333335,-207.42126480375643,-87.61013590356696,4.64265831289151,25.0,100.0,44.0,58.666666666666664,2.0,0.487527347338669,0.0025175219676397413,0.4057413496795382,0.002538127751379905,nan,nan,nan,nan,43.75212143485461,38.0,10.0
205.0,49200.0,0.182,-132.19180909343808,-91.75913062981564,4.9121799498557674,25.0,100.0,44.0,58.666666666666664,7.0,0.4459230614758509,0.0030997239604294395,0.433059468437977,0.003076518486521097,nan,nan,nan,nan,43.75212143485461,38.0,10.0
206.0,49440.0,0.18166666666666667,-31.503605170625303,-91.08091009398441,1.4035421862632387,25.0,100.0,44.0,58.666666666666664,3.0,0.3738150468346732,0.0028722440684296104,0.3381177913996152,0.003076518486521097,nan,nan,nan,nan,43.75212143485461,38.0,10.0
207.0,49680.0,0.18133333333333335,-182.35488219023875,-97.19476693969679,3.8506461022121576,25.0,100.0,44.0,58.666666666666664,7.0,0.44720698855748237,0.0028020903183297325,0.3381177913996152,0.003076518486521097,nan,nan,nan,nan,43.75212143485461,38.0,10.0
208.0,49920.0,0.181,-41.89028299035787,-93.08637403357571,0.9870360972029099,25.0,100.0,44.0,58.666666666666664,0.0,0.3759314998460195,0.002943507132580412,0.3381177913996152,0.003076518486521097,nan,nan,nan,nan,43.75212143485461,38.0,10.0
209.0,50160.0,0.18066666666666667,-136.35497436216156,-98.26546164402822,3.267968956493591,25.0,100.0,44.0,58.666666666666664,6.0,0.44154241197263633,0.0029964617070296564,0.45082372186615355,0.0023073888648908226,nan,nan,nan,nan,43.75212143485461,38.0,10.0
210.0,50400.0,0.18033333333333335,-114.00118591396433,-98.56512414977666,2.6194983168841137,25.0,100.0,44.0,58.666666666666664,7.0,0.47377888623422576,0.0028422492609129677,0.3381177913996152,0.003076518486521097,nan,nan,nan,nan,43.75212143485461,38.0,10.0
211.0,50640.0,0.18,-108.81455897642911,-99.51565468909612,2.7819278809711108,25.0,100.0,44.0,58.666666666666664,8.0,0.45126510092496824,0.0029208819188304854,0.40168393618274284,0.003076518486521097,nan,nan,nan,nan,43.75212143485461,38.0,10.0
212.0,50880.0,0.17966666666666667,-43.805754178000576,-98.45241815854473,1.057760432394635,25.0,100.0,44.0,58.666666666666664,1.0,0.42965241061254056,0.002691869916528753,0.45082372186615355,0.002442389572597856,nan,nan,nan,nan,43.75212143485461,38.0,10.0
213.0,51120.0,0.17933333333333334,-146.12415106369124,-102.63511134641651,3.3027677659450383,25.0,100.0,44.0,58.666666666666664,5.0,0.43625693963002016,0.0027111365333947492,0.4959060940527689,0.0029206184266941963,nan,nan,nan,nan,43.75212143485461,38.0,10.0
214.0,51360.0,0.179,-82.53477193163593,-101.39123302376791,1.5346074538137688,25.0,100.0,44.0,58.666666666666664,4.0,0.4828514422972545,0.0029614199296076472,0.4959060940527689,0.003076518486521097,nan,nan,nan,nan,43.75212143485461,38.0,10.0
215.0,51600.0,0.17866666666666667,-39.77095118256893,-90.80004695878429,0.9518797264391409,25.0,100.0,44.0,58.666666666666664,2.0,0.48888640388454746,0.0029038701016238315,0.3381177913996152,0.003076518486521097,nan,nan,nan,nan,43.75212143485461,38.0,10.0
216.0,51840.0,0.17833333333333334,-250.68418818568344,-98.0554875762967,4.873848314695885,25.0,100.0,44.0,58.666666666666664,7.0,0.4802973988290414,0.002780026553250566,0.4909470331122413,0.0024876190091274457,nan,nan,nan,nan,43.75212143485461,38.0,10.0
217.0,52080.0,0.178,-224.88969729622494,-107.86085566205197,5.150799715685753,25.0,100.0,44.0,58.666666666666664,7.0,0.4244455281152386,0.002780754256609072,0.45082372186615355,0.0023073888648908226,nan,nan,nan,nan,43.75212143485461,38.0,10.0
218.0,52320.0,0.17766666666666667,-91.67514088926264,-107.92947452446285,2.3368001255582977,25.0,100.0,44.0,58.666666666666664,4.0,0.43750375931718316,0.002753348331893413,0.45082372186615355,0.0023073888648908226,nan,nan,nan,nan,43.75212143485461,38.0,10.0
219.0,52560.0,0.17733333333333334,-175.20686454681876,-111.5200133903559,3.9259194534186297,25.0,100.0,44.0,58.666666666666664,9.0,0.46241552681463705,0.002734395873975257,0.5860708384259996,0.0027640211212527173,nan,nan,nan,nan,43.75212143485461,38.0,10.0
220.0,52800.0,0.177,-163.86794796023958,-116.7960308424282,4.554419088905546,25.0,100.0,44.0,58.666666666666664,4.0,0.404276771169366,0.0026437503114129716,0.3381177913996152,0.0023073888648908226,nan,nan,nan,nan,43.75212143485461,38.0,10.0
221.0,53040.0,0.17666666666666667,-236.77106803777608,-124.36317420688349,5.092651753577415,25.0,100.0,44.0,58.666666666666664,7.0,0.46560930529642547,0.0027912493350553368,0.3719295705395767,0.0023073888648908226,nan,nan,nan,nan,43.75212143485461,38.0,10.0
222.0,53280.0,0.17633333333333334,-131.57768661861533,-128.62497133133436,2.827981140659588,25.0,100.0,44.0,58.666666666666664,6.0,0.4271267927445405,0.0027871667077950663,0.4057413496795382,0.0023073888648908226,nan,nan,nan,nan,43.75212143485461,38.0,10.0
223.0,53520.0,0.176,-115.15124034108199,-132.82960128662853,2.9800206567380907,25.0,100.0,44.0,58.666666666666664,4.0,0.39097979915094544,0.0026275268118205763,0.3719295705395767,0.0027688666378689877,nan,nan,nan,nan,43.75212143485461,38.0,10.0
224.0,53760.0,0.17566666666666667,-160.80016058326575,-130.498546075604,5.73321524702618,25.0,100.0,44.0,58.666666666666664,7.0,0.406714680986424,0.0027413975622311714,0.4050313023175991,0.003378248037086655,nan,nan,nan,nan,43.75212143485461,38.0,10.0
225.0,54000.0,0.17533333333333334,-316.9343203720808,-139.73567163953615,6.495764757289468,25.0,100.0,44.0,58.666666666666664,6.0,0.40056952864040896,0.0029056305813337665,0.45082372186615355,0.0023073888648908226,nan,nan,nan,48.030321417316706,43.75212143485461,38.0,10.0
226.0,54240.0,0.175,-102.28164810639701,-143.27457378632474,2.9180917710578615,25.0,100.0,44.0,58.666666666666664,4.0,0.395834794244597,0.002848676710061112,0.4057413496795382,0.002467060174341268,nan,nan,nan,nan,43.75212143485461,38.0,10.0
227.0,54480.0,0.17466666666666666,-177.66433456960425,-143.04004640529303,4.03448298043691,25.0,100.0,44.0,58.666666666666664,7.0,0.4067647433986063,0.0026691857484709603,0.3381177913996152,0.0023073888648908226,nan,nan,nan,nan,43.75212143485461,38.0,10.0
228.0,54720.0,0.17433333333333334,-31.574400700369054,-142.52425229079358,0.8451261832119812,25.0,100.0,44.0,58.666666666666664,1.0,0.4678064799801256,0.0028087850997635367,0.3381177913996152,0.003076518486521097,nan,nan,nan,nan,43.75212143485461,38.0,10.0
229.0,54960.0,0.174,-43.15890383101967,-137.86444876423647,1.3408224192714346,25.0,100.0,44.0,58.666666666666664,2.0,0.43183605408267445,0.002602369035028164,0.44631548464749204,0.002791940526517896,nan,nan,nan,nan,43.75212143485461,38.0,10.0
230.0,55200.0,0.17366666666666666,-174.38977854664887,-140.88387839587068,3.8705313505482284,25.0,100.0,44.0,58.666666666666664,5.0,0.433506653918486,0.002790777078560436,0.4050313023175991,0.003076518486521097,nan,nan,nan,nan,43.75212143485461,38.0,10.0
231.0,55440.0,0.17333333333333334,-83.56203525594769,-139.62125220984663,1.4521516591188413,25.0,100.0,44.0,58.666666666666664,1.0,0.43846997063706133,0.003011643280657694,0.45082372186615355,0.003076518486521097,nan,nan,nan,nan,43.75212143485461,38.0,10.0
232.0,55680.0,0.173,-15.828804472385972,-138.2224047245659,0.6135505632492735,25.0,100.0,44.0,58.666666666666664,1.0,0.37166919908352347,0.0030796655085562675,0.3381177913996152,0.003076518486521097,nan,nan,nan,nan,43.75212143485461,38.0,10.0
233.0,55920.0,0.17266666666666666,-179.29554903851226,-139.88097462330694,4.791990968878939,25.0,100.0,44.0,58.666666666666664,3.0,0.41011820700387897,0.002677605068448665,0.45082372186615355,0.0023073888648908226,nan,nan,nan,nan,43.75212143485461,38.0,10.0
234.0,56160.0,0.17233333333333334,-76.26889959433997,-139.56768100644211,1.9273447378898443,25.0,100.0,44.0,58.666666666666664,2.0,0.3900642535756684,0.0027804992769804946,0.3381177913996152,0.003076518486521097,nan,nan,nan,nan,43.75212143485461,38.0,10.0
235.0,56400.0,0.172,-183.1449911172514,-146.73638300317626,4.121833931618814,25.0,100.0,44.0,58.666666666666664,5.0,0.41200930103842737,0.0030015038484289907,0.3537013208467178,0.0027688666378689877,nan,nan,nan,nan,43.75212143485461,38.0,10.0
236.0,56640.0,0.17166666666666666,-193.1189397585423,-143.85812058181918,4.478733957884223,25.0,100.0,44.0,58.666666666666664,5.0,0.4941328093559852,0.002961051960289309,0.5221891170375658,0.0027363809100401904,nan,nan,nan,nan,43.75212143485461,38.0,10.0
237.0,56880.0,0.17133333333333334,-70.13531875928807,-136.12040165497234,2.7213129242904373,25.0,100.0,45.0,60.0,7.0,0.4136697738183899,0.002630904973401084,0.35727406146133106,0.003076518486521097,nan,nan,nan,nan,43.75212143485461,38.0,10.0
238.0,57120.0,0.17099999999999999,-127.5321796574086,-137.91325359337966,3.2112927626486503,25.0,100.0,45.0,60.0,8.0,0.43849906891777346,0.0028280522268570216,0.4057413496795382,0.003076518486521097,nan,nan,nan,nan,43.75212143485461,38.0,10.0
239.0,57360.0,0.17066666666666666,-131.0832870309188,-135.70707471758465,3.9769778034319856,25.0,100.0,45.0,60.0,6.0,0.3960971540478746,0.0028637699814972107,0.36821027483418095,0.0027688666378689877,nan,nan,nan,nan,43.75212143485461,38.0,10.0
240.0,57600.0,0.17033333333333334,-40.61852385012616,-129.544603512079,0.7239892182432133,25.0,100.0,45.0,60.0,1.0,0.4411098074898783,0.002742744592388356,0.3381177913996152,0.003076518486521097,nan,nan,nan,nan,43.75212143485461,38.0,10.0
241.0,57840.0,0.16999999999999998,-52.61876141264924,-120.33698818082264,2.182590948067656,25.0,100.0,45.0,60.0,6.0,0.40423498295296606,0.0029739197356082408,0.3381177913996152,0.003076518486521097,nan,nan,nan,nan,43.75212143485461,38.0,10.0
242.0,58080.0,0.16966666666666666,-143.85760521135097,-120.95098411045942,4.827613595342175,25.0,100.0,45.0,60.0,7.0,0.40126404155104095,0.002642210698133035,0.45082372186615355,0.002791940526517896,nan,nan,nan,nan,43.75212143485461,38.0,10.0
243.0,58320.0,0.16933333333333334,-42.783588489506606,-117.33260151788068,1.3105215266678847,25.0,100.0,45.0,60.0,1.0,0.4411708866901953,0.0025522290091627192,0.4530187700494494,0.0024627428190361713,nan,nan,nan,nan,43.75212143485461,38.0,10.0
244.0,58560.0,0.16899999999999998,-65.7377530057157,-112.57948113900318,1.5400354207131919,25.0,100.0,45.0,60.0,0.0,0.3966141933224166,0.002695190429530321,0.3381177913996152,0.003076518486521097,nan,nan,nan,nan,43.75212143485461,38.0,10.0
245.0,58800.0,0.1686666666666667,-140.0422454182456,-103.73487739131141,3.1100311648628995,25.0,100.0,45.0,60.0,4.0,0.42528931151245636,0.00307482470285893,0.3381177913996152,0.003076518486521097,nan,nan,nan,nan,43.75212143485461,38.0,10.0
246.0,59040.0,0.16833333333333333,-15.148562510165132,-99.37822311149982,0.665888102779384,25.0,100.0,45.0,60.0,1.0,0.36289266674353243,0.0030144176789879667,0.3381177913996152,0.003076518486521097,nan,nan,nan,nan,43.75212143485461,38.0,10.0
247.0,59280.0,0.16799999999999998,-32.818508954716926,-92.13593183075545,0.8716389458645978,25.0,100.0,45.0,60.0,0.0,0.501276397331599,0.0029258219583430506,0.5274637545833997,0.0023073888648908226,nan,nan,nan,nan,43.75212143485461,38.0,10.0
248.0,59520.0,0.16766666666666669,-289.9631626936384,-105.05536993041892,5.983700729981965,25.0,100.0,45.0,60.0,5.0,0.4295724711982383,0.0028367066130848204,0.45082372186615355,0.003076518486521097,nan,nan,nan,nan,43.75212143485461,38.0,10.0
249.0,59760.0,0.16733333333333333,-103.98250634916899,-108.0965500563264,2.753605287498816,25.0,100.0,45.0,60.0,2.0,0.4620111073111042,0.0027405022590706284,0.45082372186615355,0.0023073888648908226,nan,nan,nan,nan,43.75212143485461,38.0,10.0
250.0,60000.0,0.16699999999999998,-200.3016213482081,-109.39214219640435,5.580232171679768,25.0,100.0,45.0,60.0,8.0,0.4079936920034881,0.00285673550750603,0.45082372186615355,0.0027688666378689877,nan,nan,nan,43.24656698660285,43.24656698660285,38.0,10.0
251.0,60240.0,0.16666666666666669,-36.48900882247058,-107.0384908747305,0.8037206661144453,25.0,100.0,45.0,60.0,1.0,0.455361074783519,0.002875855067909029,0.4057413496795382,0.002538127751379905,nan,nan,nan,nan,43.24656698660285,38.0,10.0
252.0,60480.0,0.16633333333333333,-43.91727311327776,-108.44291430677508,1.0981599516133034,25.0,100.0,45.0,60.0,2.0,0.40361153162327074,0.0030987744699115367,0.3381177913996152,0.0032395739663067156,nan,nan,nan,nan,43.24656698660285,38.0,10.0
253.0,60720.0,0.16599999999999998,-38.575870126076026,-101.40693036115329,0.7772829219434748,25.0,100.0,45.0,60.0,4.0,0.36911041953217366,0.0028542612180399714,0.49503825838817667,0.0023073888648908226,nan,nan,nan,nan,43.24656698660285,38.0,10.0
254.0,60960.0,0.16566666666666668,-47.60602010279382,-99.97378638657597,1.0317998280118388,25.0,100.0,45.0,60.0,6.0,0.4773404222274979,0.002745622758113931,0.5802101300417397,0.0023073888648908226,nan,nan,nan,nan,43.24656698660285,38.0,10.0
255.0,61200.0,0.16533333333333333,-155.4292967347362,-98.58800166745021,3.787683040890696,25.0,100.0,45.0,60.0,5.0,0.48063419158228987,0.002806582350983669,0.5860708384259996,0.003076518486521097,nan,nan,nan,nan,43.24656698660285,38.0,10.0
256.0,61440.0,0.16499999999999998,-194.80082679640265,-98.67209601934323,4.472883642654497,25.0,100.0,45.0,60.0,8.0,0.4371907572540759,0.003122892193566467,0.3381177913996152,0.003999474032477426,nan,nan,nan,nan,43.24656698660285,38.0,10.0
257.0,61680.0,0.16466666666666668,-84.3434709392873,-99.38250362834319,2.3063311632990646,25.0,100.0,45.0,60.0,1.0,0.4855089598157564,0.0029064215609553184,0.5860708384259996,0.003076518486521097,nan,nan,nan,nan,43.24656698660285,38.0,10.0
258.0,61920.0,0.16433333333333333,-39.33047884208613,-94.97241858757705,0.8461668124990279,25.0,100.0,45.0,60.0,3.0,0.5181286390061294,0.003039270436904376,0.5860708384259996,0.003076518486521097,nan,nan,nan,nan,43.24656698660285,38.0,10.0
259.0,62160.0,0.164,-95.48494198890683,-93.19250133547646,2.552733965210796,25.0,100.0,45.0,60.0,3.0,0.3972113355040782,0.002986259079217521,0.4091225275935344,0.003076518486521097,nan,nan,nan,nan,43.24656698660285,38.0,10.0
260.0,62400.0,0.16366666666666668,-123.93289328502298,-97.3582198072213,3.233503271245675,25.0,100.0,45.0,60.0,7.0,0.44715667011506194,0.002844304532798938,0.44631548464749204,0.003378248037086655,nan,nan,nan,nan,43.24656698660285,38.0,10.0
261.0,62640.0,0.16333333333333333,-99.1912239119959,-99.68684293218863,2.8238899563981277,25.0,100.0,45.0,60.0,5.0,0.42244591545418264,0.002889623498580252,0.3897535215941793,0.0027688666378689877,nan,nan,nan,nan,43.24656698660285,38.0,10.0
262.0,62880.0,0.163,-120.32647185418102,-98.51028626433015,2.6950302034562923,25.0,100.0,45.0,60.0,4.0,0.5172676951817333,0.003196022544359226,0.42724564121255376,0.0027688666378689877,nan,nan,nan,nan,43.24656698660285,38.0,10.0
263.0,63120.0,0.16266666666666668,-91.57585505734478,-100.94989959272203,2.7935601351848725,25.0,100.0,45.0,60.0,6.0,0.43158822960700355,0.002758115875681871,0.4057413496795382,0.0027411779714902984,nan,nan,nan,nan,43.24656698660285,38.0,10.0
264.0,63360.0,0.16233333333333333,-66.20856752024159,-100.97344031844833,2.3771485563214365,25.0,100.0,45.0,60.0,5.0,0.4189700727782468,0.0025227094264669617,0.5454967034580459,0.003076518486521097,nan,nan,nan,nan,43.24656698660285,38.0,10.0
265.0,63600.0,0.162,-85.2761190213454,-98.23513399860335,1.9830052546156018,25.0,100.0,45.0,60.0,3.0,0.40670003937480015,0.0027198381674316606,0.3381177913996152,0.003071134579169686,nan,nan,nan,nan,43.24656698660285,38.0,10.0
266.0,63840.0,0.16166666666666668,-628.0223069703354,-128.87882122161184,11.500469384482527,25.0,100.0,45.0,60.0,4.0,0.4466600413588575,0.0032352657059593944,0.43743380650300706,0.003076518486521097,nan,nan,nan,nan,43.24656698660285,38.0,10.0
267.0,64080.0,0.16133333333333333,-148.08830772209336,-134.64231115998066,3.6389092304141624,25.0,100.0,45.0,60.0,5.0,0.43963295349916476,0.002725212781956607,0.44631548464749204,0.003076518486521097,nan,nan,nan,nan,43.24656698660285,38.0,10.0
268.0,64320.0,0.161,-78.35076948389388,-124.06169149949343,1.7648271524062895,25.0,100.0,45.0,60.0,0.0,0.3731575955736184,0.002658963719316048,0.3381177913996152,0.002538127751379905,nan,nan,nan,nan,43.24656698660285,38.0,10.0
269.0,64560.0,0.16066666666666668,-40.88191336524583,-120.9066618502973,1.1857411730663143,25.0,100.0,45.0,60.0,3.0,0.43606148049716786,0.0027016082416189044,0.4959060940527689,0.0027688666378689877,nan,nan,nan,nan,43.24656698660285,38.0,10.0
270.0,64800.0,0.16033333333333333,-154.99445797735865,-118.6413036817548,3.4233987234738623,25.0,100.0,45.0,60.0,4.0,0.4567986775284008,0.0030990592401539453,0.42724564121255376,0.003076518486521097,nan,nan,nan,nan,43.24656698660285,38.0,10.0
271.0,65040.0,0.16,-43.23940385495345,-118.97882343337895,0.8946726738175964,25.0,100.0,45.0,60.0,4.0,0.39105533048126606,0.0030645136870572193,0.3381177913996152,0.003045753301655887,nan,nan,nan,nan,43.24656698660285,38.0,10.0
272.0,65280.0,0.15966666666666668,-160.67751421632263,-124.81683548853121,4.7217286272517915,25.0,100.0,45.0,60.0,7.0,0.4804379564691063,0.002909026258143807,0.36516721471158436,0.003076518486521097,nan,nan,nan,nan,43.24656698660285,38.0,10.0
273.0,65520.0,0.15933333333333333,-257.8761117449704,-135.78184756947593,5.8328356704031705,25.0,100.0,45.0,60.0,7.0,0.47227560594913404,0.0030265926829914636,0.44631548464749204,0.0027640211212527173,nan,nan,nan,nan,43.24656698660285,38.0,10.0
274.0,65760.0,0.159,-77.91932001294701,-137.29751256498358,3.0559735697341353,25.0,100.0,45.0,60.0,6.0,0.4705441982135703,0.0028153732297902874,0.42724564121255376,0.0027640211212527173,nan,nan,nan,nan,43.24656698660285,38.0,10.0
275.0,66000.0,0.15866666666666668,-114.49564042592282,-135.2508297495429,3.9819790929064673,25.0,100.0,45.0,60.0,7.0,0.42818254575167125,0.0028745175533873104,0.3719295705395767,0.003384170335173207,nan,nan,nan,41.76948651988671,41.76948651988671,38.0,10.0
276.0,66240.0,0.15833333333333333,-115.39356507751388,-131.28046666359847,3.010135231201293,25.0,100.0,45.0,60.0,3.0,0.4340929934587594,0.002920484551655221,0.4091225275935344,0.0023073888648908226,nan,nan,nan,nan,41.76948651988671,38.0,10.0
277.0,66480.0,0.158,-104.74853479552105,-132.30071985641015,3.6255097520355797,25.0,100.0,45.0,60.0,6.0,0.44116926705056286,0.0028127185862720557,0.3381177913996152,0.003076518486521097,nan,nan,nan,nan,41.76948651988671,38.0,10.0
278.0,66720.0,0.15766666666666668,-45.51262443676359,-132.60982713614402,1.549203367196416,25.0,100.0,45.0,60.0,1.0,0.4871846668355177,0.002927730666887862,0.5802101300417397,0.0030457533016558865,nan,nan,nan,nan,41.76948651988671,38.0,10.0
279.0,66960.0,0.15733333333333333,-67.2998509187639,-131.20057258263688,2.524739262208909,25.0,100.0,45.0,60.0,4.0,0.46412389513216623,0.002818932234696191,0.3719295705395767,0.0033503286318214754,nan,nan,nan,nan,41.76948651988671,38.0,10.0
280.0,67200.0,0.157,-39.23987897938688,-126.96592186735506,0.8614103031153428,25.0,100.0,45.0,60.0,3.0,0.4059648684322002,0.0030200625654885327,0.3381177913996152,0.003076518486521097,nan,nan,nan,nan,41.76948651988671,38.0,10.0
281.0,67440.0,0.15666666666666668,-89.80899320636772,-126.49681033207364,2.233463107742689,25.0,100.0,45.0,60.0,3.0,0.40146473409126165,0.002792358040521231,0.4050313023175991,0.0027688666378689877,nan,nan,nan,nan,41.76948651988671,38.0,10.0
282.0,67680.0,0.15633333333333332,-92.76081932548661,-125.11852770563891,2.58145235653703,25.0,100.0,45.0,60.0,3.0,0.3685950940136918,0.002947240041668625,0.3381177913996152,0.003076518486521097,nan,nan,nan,nan,41.76948651988671,38.0,10.0
283.0,67920.0,0.156,-54.171221250818384,-123.2482960153126,2.05929560850995,25.0,100.0,45.0,60.0,4.0,0.3836381999266803,0.002886095868585698,0.3381177913996152,0.003071134579169686,nan,nan,nan,nan,41.76948651988671,38.0,10.0
284.0,68160.0,0.15566666666666668,-105.44516922650186,-125.21012610062562,2.5827602378422894,25.0,100.0,45.0,60.0,3.0,0.40222164138434535,0.002890811249110931,0.5860708384259996,0.0023073888648908226,nan,nan,nan,nan,41.76948651988671,38.0,10.0
285.0,68400.0,0.15533333333333332,-221.7886093863115,-132.03575061887392,4.739419866186402,25.0,100.0,45.0,60.0,9.0,0.3847177073796506,0.0025658425361186625,0.3719295705395767,0.002538127751379905,nan,nan,nan,nan,41.76948651988671,38.0,10.0
286.0,68640.0,0.155,-42.67802880893467,-102.76853671080389,0.8008956354753926,25.0,100.0,45.0,60.0,0.0,0.4032941269306245,0.0029253668243351683,0.4057413496795382,0.0023073888648908226,nan,nan,nan,nan,41.76948651988671,38.0,10.0
287.0,68880.0,0.15466666666666667,-125.7732700753596,-101.65278482846719,2.8498883636607015,25.0,100.0,45.0,60.0,1.0,0.36976205704564863,0.002480747957605543,0.3381177913996152,0.0023073888648908226,nan,nan,nan,nan,41.76948651988671,38.0,10.0
288.0,69120.0,0.15433333333333332,-69.82740205976715,-101.22661645726087,1.678146190145826,25.0,100.0,45.0,60.0,5.0,0.41247920769952356,0.002785822179373848,0.40168393618274284,0.002791940526517896,nan,nan,nan,nan,41.76948651988671,38.0,10.0
289.0,69360.0,0.154,-81.44331473074737,-103.25468652553593,3.054359523248141,25.0,100.0,45.0,60.0,6.0,0.37002061384229973,0.0030439575348355746,0.36821027483418095,0.0027688666378689877,nan,nan,nan,nan,41.76948651988671,38.0,10.0
290.0,69600.0,0.15366666666666667,-90.23546147277499,-100.01673670030677,1.7149854385889831,25.0,100.0,45.0,60.0,3.0,0.4282244477702542,0.003072685257927102,0.3969711794014789,0.003384170335173207,nan,nan,nan,nan,41.76948651988671,38.0,10.0
291.0,69840.0,0.15333333333333332,-33.36017389852889,-99.52277520248552,0.8927074776061676,25.0,100.0,45.0,60.0,1.0,0.4391486037546531,0.003014050979295673,0.5169672258671901,0.0023073888648908226,nan,nan,nan,nan,41.76948651988671,38.0,10.0
292.0,70080.0,0.153,-203.34625106678527,-101.65621204500867,5.899998940633779,25.0,100.0,45.0,60.0,6.0,0.4071685589652773,0.0028607364926307465,0.3645281720858392,0.0027688666378689877,nan,nan,nan,nan,41.76948651988671,38.0,10.0
293.0,70320.0,0.15266666666666667,-118.19994660834348,-94.67240378817732,2.5212760204271096,25.0,100.0,45.0,60.0,3.0,0.434016100503025,0.0028858141428147084,0.45082372186615355,0.003076518486521097,nan,nan,nan,nan,41.76948651988671,38.0,10.0
294.0,70560.0,0.15233333333333332,-320.8957176884881,-106.82122367195439,6.776003082508926,25.0,100.0,45.0,60.0,7.0,0.4204908018369859,0.0028649972265839935,0.3543213832674357,0.003384170335173207,nan,nan,nan,nan,41.76948651988671,38.0,10.0
295.0,70800.0,0.152,-118.48614803246709,-107.02074905228157,2.340089595756212,25.0,100.0,45.0,60.0,3.0,0.4338494612377229,0.0026977441001094712,0.44631548464749204,0.003076518486521097,nan,nan,nan,nan,41.76948651988671,38.0,10.0
296.0,71040.0,0.15166666666666667,-88.05390930242525,-105.65376626352716,2.2237373473940996,25.0,100.0,45.0,60.0,2.0,0.37644165251677664,0.0026415231234913055,0.3381177913996152,0.002538127751379905,nan,nan,nan,nan,41.76948651988671,38.0,10.0
297.0,71280.0,0.15133333333333332,-84.64012109029066,-104.64834557826563,2.323425571756139,25.0,100.0,45.0,60.0,0.0,0.3945625630330565,0.0031085189092136395,0.45082372186615355,0.003076518486521097,nan,nan,nan,nan,41.76948651988671,38.0,10.0
298.0,71520.0,0.151,-100.49707217483929,-107.39756796516943,3.442001811896097,25.0,100.0,45.0,60.0,1.0,0.4333708328469752,0.0032430035454138087,0.40168393618274284,0.003076518486521097,nan,nan,nan,nan,41.76948651988671,38.0,10.0
299.0,71760.0,0.15066666666666667,-57.02850803202013,-106.88400082083224,2.1087801271407765,25.0,100.0,45.0,60.0,4.0,0.3747505060575454,0.003046391199855262,0.3381177913996152,0.003076518486521097,nan,nan,nan,nan,41.76948651988671,38.0,10.0
300.0,72000.0,0.15033333333333332,-451.6178447537452,-127.50289910955016,7.811640891997212,25.0,100.0,45.0,60.0,4.0,0.4354492241263869,0.0030133476954762547,0.4418523298010172,0.0033168253455032612,nan,nan,nan,47.074630131733194,41.76948651988671,38.0,10.0
301.0,72240.0,0.15,-183.01923501336435,-132.1634111999,5.532956360626554,25.0,100.0,45.0,60.0,5.0,0.5010941696871404,0.0028827110002653937,0.45082372186615355,0.0023073888648908226,nan,nan,nan,nan,41.76948651988671,38.0,10.0
302.0,72480.0,0.14966666666666667,-122.40496563752154,-133.64561851550175,3.0944361105917966,25.0,100.0,45.0,60.0,7.0,0.4105188880451238,0.0032417741897776595,0.3719295705395767,0.0026240549127084394,nan,nan,nan,nan,41.76948651988671,38.0,10.0
303.0,72720.0,0.14933333333333332,-45.04968352966641,-133.18954162944414,1.274874022719543,25.0,100.0,45.0,60.0,0.0,0.389642662331599,0.002783683694578575,0.36151554256446855,0.0027640211212527173,nan,nan,nan,nan,41.76948651988671,38.0,10.0
304.0,72960.0,0.149,-72.09981506686132,-131.52227392146213,1.984834488420983,25.0,100.0,45.0,60.0,4.0,0.501272757506827,0.0026112840075828807,0.5860708384259996,0.0023073888648908226,nan,nan,nan,nan,41.76948651988671,38.0,10.0
305.0,73200.0,0.14866666666666667,-215.9409588464315,-131.2298913944681,6.783846576547837,25.0,100.0,45.0,60.0,9.0,0.41371594231914594,0.002638249218462925,0.4909470331122413,0.0025127464738661062,nan,nan,nan,nan,41.76948651988671,38.0,10.0
306.0,73440.0,0.14833333333333332,-81.67080051730025,-133.17952997988638,4.0937293438780555,25.0,100.0,45.0,60.0,3.0,0.42282693279505273,0.002840325150675473,0.49503825838817667,0.002538127751379905,nan,nan,nan,nan,41.76948651988671,38.0,10.0
307.0,73680.0,0.14800000000000002,-183.7452049946663,-136.07812672585175,4.583416324027178,25.0,100.0,45.0,60.0,7.0,0.41324816944098125,0.0025831247825754927,0.3719295705395767,0.0023073888648908226,nan,nan,nan,nan,41.76948651988671,38.0,10.0
308.0,73920.0,0.14766666666666667,-50.74632916291393,-135.12407308100907,1.7105470890832937,25.0,100.0,45.0,60.0,2.0,0.3958624408881815,0.0024529010748542707,0.3381177913996152,0.0023073888648908226,nan,nan,nan,nan,41.76948651988671,38.0,10.0
309.0,74160.0,0.14733333333333332,-64.72801278344309,-134.28830798364385,1.6797798212282469,25.0,100.0,45.0,60.0,4.0,0.3946193734904458,0.0025239303698119686,0.45003478035288785,0.0023073888648908226,nan,nan,nan,nan,41.76948651988671,38.0,10.0
310.0,74400.0,0.14700000000000002,-28.68662193348925,-131.21086600667957,1.2520692373882385,25.0,100.0,45.0,60.0,0.0,0.4838125403817581,0.0026632840437819556,0.5274637545833997,0.0027688666378689877,nan,nan,nan,nan,41.76948651988671,38.0,10.0
311.0,74640.0,0.14666666666666667,-184.23693789937752,-138.754704206722,3.7486339481486985,25.0,100.0,45.0,60.0,6.0,0.38086779019692457,0.0028153966725887546,0.3719295705395767,0.003076518486521097,nan,nan,nan,nan,41.76948651988671,38.0,10.0
312.0,74880.0,0.14633333333333332,-179.66647844026383,-137.57071557539592,4.810736682143031,25.0,100.0,45.0,60.0,3.0,0.4001752536583017,0.002482623191764281,0.36151554256446855,0.0023073888648908226,nan,nan,nan,nan,41.76948651988671,38.0,10.0
313.0,75120.0,0.14600000000000002,-160.3011659461397,-139.67577654228575,3.342643554916713,25.0,100.0,45.0,60.0,0.0,0.40657725199716505,0.0026149450530462428,0.45082372186615355,0.003076518486521097,nan,nan,nan,nan,41.76948651988671,38.0,10.0
314.0,75360.0,0.14566666666666667,-165.7232427566015,-131.91715279569138,4.368196949835306,25.0,100.0,45.0,60.0,5.0,0.4900090959997092,0.002543307709639032,0.5066795780724331,0.0023073888648908226,nan,nan,nan,nan,41.76948651988671,38.0,10.0
315.0,75600.0,0.14533333333333331,-67.6460557363194,-129.375148180884,1.58742462220835,25.0,100.0,45.0,60.0,2.0,0.42202731234087043,0.002726842427899626,0.5860708384259996,0.0024876190091274457,nan,nan,nan,nan,41.76948651988671,38.0,10.0
316.0,75840.0,0.14500000000000002,-661.9486119636493,-158.06988331394524,11.827936675464201,25.0,100.0,45.0,60.0,4.0,0.4267937364529712,0.0028037917932881157,0.4959060940527689,0.0027137661917753953,nan,nan,nan,nan,41.76948651988671,38.0,10.0
317.0,76080.0,0.14466666666666667,-99.97218596038668,-158.83648655745,2.050940019392754,25.0,100.0,45.0,60.0,1.0,0.421205213830004,0.0024938396654130557,0.45082372186615355,0.0023073888648908226,nan,nan,nan,nan,41.76948651988671,38.0,10.0
318.0,76320.0,0.1443333333333333,-100.1141289911557,-158.81733939826586,2.0748029585159133,25.0,100.0,45.0,60.0,1.0,0.4121311818828158,0.002692273922052167,0.45082372186615355,0.0023073888648908226,nan,nan,nan,nan,41.76948651988671,38.0,10.0
319.0,76560.0,0.14400000000000002,-212.35902168867503,-166.5838650810986,4.5651845135371945,25.0,100.0,45.0,60.0,4.0,0.4347559793402482,0.002753677115372838,0.36516721471158436,0.002538127751379905,nan,nan,nan,nan,41.76948651988671,38.0,10.0
320.0,76800.0,0.14366666666666666,-131.44082737864255,-150.57501421234343,3.065936937097393,25.0,100.0,45.0,60.0,4.0,0.4549478197051416,0.0028760984814107417,0.3381177913996152,0.003076518486521097,nan,nan,nan,nan,41.76948651988671,38.0,10.0
321.0,77040.0,0.1433333333333333,-196.78388664251523,-151.26324679380102,4.564725907257174,25.0,100.0,45.0,60.0,6.0,0.41185742152575283,0.0028107232903865115,0.3645281720858392,0.003045753301655887,nan,nan,nan,nan,41.76948651988671,38.0,10.0
322.0,77280.0,0.14300000000000002,-31.21863983431321,-146.7039305036406,0.990848904746775,25.0,100.0,45.0,60.0,0.0,0.40173228937495314,0.002643916760629142,0.40098098929442316,0.0023073888648908226,nan,nan,nan,nan,41.76948651988671,38.0,10.0
323.0,77520.0,0.14266666666666666,-79.99263325655102,-148.45107798998484,2.03939266474441,25.0,100.0,45.0,60.0,3.0,0.46398777924072565,0.002852150348688076,0.4229731848004283,0.0025127464738661062,nan,nan,nan,nan,41.76948651988671,38.0,10.0
324.0,77760.0,0.14233333333333334,-43.08989787603018,-147.00058213044326,1.0893124419941966,25.0,100.0,45.0,60.0,0.0,0.43987345518144155,0.0029604513145214673,0.5860708384259996,0.003076518486521097,nan,nan,nan,nan,41.76948651988671,38.0,10.0
325.0,78000.0,0.14200000000000002,-84.65011132773012,-140.4360397545082,3.725098488990984,25.0,100.0,45.0,60.0,7.0,0.4952334573808079,0.0028861012204459825,0.5860708384259996,0.003076518486521097,nan,nan,nan,45.526787980516474,41.76948651988671,38.0,10.0
326.0,78240.0,0.14166666666666666,-72.17065562180295,-139.96103250973331,1.8640865272405662,25.0,100.0,45.0,60.0,0.0,0.44843961575035135,0.0025597352383708778,0.4959060940527689,0.0023073888648908226,nan,nan,nan,nan,41.76948651988671,38.0,10.0
327.0,78480.0,0.14133333333333334,-60.683217931161,-133.80793315655802,1.634828319971441,25.0,100.0,45.0,60.0,1.0,0.5177874808448037,0.002867135285153269,0.5860708384259996,0.003076518486521097,nan,nan,nan,nan,41.76948651988671,38.0,10.0
328.0,78720.0,0.14100000000000001,-127.34552382275899,-137.6378928895503,4.28681798482655,25.0,100.0,45.0,60.0,4.0,0.40813792634771096,0.002653328699203012,0.3719295705395767,0.003076518486521097,nan,nan,nan,nan,41.76948651988671,38.0,10.0
329.0,78960.0,0.14066666666666666,-39.81626846539217,-136.39230567364774,0.8886131734737347,25.0,100.0,45.0,60.0,2.0,0.5554273169130612,0.002726526052198241,0.5860708384259996,0.003076518486521097,nan,nan,nan,nan,41.76948651988671,38.0,10.0
330.0,79200.0,0.14033333333333334,-72.98806087520825,-138.6073776207337,2.4514781558333936,25.0,100.0,45.0,60.0,5.0,0.4443025886627066,0.0026162072860894804,0.5346413190592308,0.003076518486521097,nan,nan,nan,nan,41.76948651988671,38.0,10.0
331.0,79440.0,0.14,-52.29546106335854,-132.01030377893278,2.746647828071213,25.0,100.0,45.0,60.0,3.0,0.4316970943742509,0.002873672822842991,0.3381177913996152,0.003076518486521097,nan,nan,nan,nan,41.76948651988671,38.0,10.0
332.0,79680.0,0.13966666666666666,-306.9847787842112,-138.37621879613016,5.707499773542206,25.0,100.0,45.0,60.0,6.0,0.4184557675740767,0.0026467555191945283,0.3930014676074642,0.003076518486521097,nan,nan,nan,nan,41.76948651988671,38.0,10.0
333.0,79920.0,0.13933333333333334,-192.80107582426245,-140.0012142900363,5.67849942575739,25.0,100.0,45.0,60.0,11.0,0.4172505036123462,0.0025946940373215255,0.45003478035288785,0.002602271018184529,nan,nan,nan,nan,41.76948651988671,38.0,10.0
334.0,80160.0,0.139,-47.45635421535585,-134.08786986297403,1.150171832685879,25.0,100.0,45.0,60.0,2.0,0.4031943212908697,0.0029514715640948665,0.3381177913996152,0.003076518486521097,nan,nan,nan,nan,41.76948651988671,38.0,10.0
335.0,80400.0,0.13866666666666666,-111.46821991859827,-136.27897807208797,2.382896441493002,25.0,100.0,45.0,60.0,0.0,0.36068722441674606,0.0027573296935445336,0.4091225275935344,0.002491979974082089,nan,nan,nan,nan,41.76948651988671,38.0,10.0
336.0,80640.0,0.13833333333333334,-44.495838724982704,-105.4063394101546,0.7971903229222477,25.0,100.0,45.0,60.0,1.0,0.36781996010873397,0.003027288928608265,0.3381177913996152,0.003076518486521097,nan,nan,nan,nan,41.76948651988671,38.0,10.0
337.0,80880.0,0.138,-43.493679425137394,-102.58241408339214,1.1001658425365015,25.0,100.0,45.0,60.0,1.0,0.388819399514466,0.002838849557918558,0.5860708384259996,0.003076518486521097,nan,nan,nan,nan,41.76948651988671,38.0,10.0
338.0,81120.0,0.13766666666666666,-52.747134073909734,-100.21406433752983,1.543817119006466,25.0,100.0,45.0,60.0,2.0,0.41660834304368843,0.0029395842510394217,0.5860708384259996,0.003076518486521097,nan,nan,nan,nan,41.76948651988671,38.0,10.0
339.0,81360.0,0.13733333333333334,-254.07994771256978,-102.30011063872459,5.539359768185666,25.0,100.0,45.0,60.0,6.0,0.410462735433742,0.002846735083351553,0.5178541038516796,0.003076518486521097,nan,nan,nan,nan,41.76948651988671,38.0,10.0
340.0,81600.0,0.137,-192.50594244035076,-105.35336639181,5.308501305175491,25.0,100.0,45.0,60.0,3.0,0.4182362813370914,0.0027692694695083168,0.45082372186615355,0.0023073888648908226,nan,nan,nan,nan,41.76948651988671,38.0,10.0
341.0,81840.0,0.13666666666666666,-208.83334196592833,-105.95583915798065,5.329363195041887,25.0,100.0,45.0,60.0,6.0,0.46213167692875706,0.0027273957983955607,0.44631548464749204,0.0025127464738661062,nan,nan,nan,nan,41.76948651988671,38.0,10.0
342.0,82080.0,0.13633333333333333,-70.4818700140893,-107.91900066696947,2.9570331239073746,25.0,100.0,45.0,60.0,3.0,0.4408847973819039,0.002669115477666612,0.433059468437977,0.0027640211212527173,nan,nan,nan,nan,41.76948651988671,38.0,10.0
343.0,82320.0,0.136,-157.6071108786096,-111.79972454807239,3.5216986328305886,25.0,100.0,45.0,60.0,6.0,0.4558433810286288,0.002841852103713295,0.4229731848004283,0.0023073888648908226,nan,nan,nan,nan,41.76948651988671,38.0,10.0
344.0,82560.0,0.13566666666666666,-155.96423121968266,-117.443441215255,5.105608389419607,25.0,100.0,45.0,60.0,8.0,0.4121943852751088,0.00262584901019765,0.40098098929442316,0.0030404232333779892,nan,nan,nan,nan,41.76948651988671,38.0,10.0
345.0,82800.0,0.13533333333333333,-52.256894392835505,-115.82378036851028,1.4800742548779653,25.0,100.0,45.0,60.0,1.0,0.4672599000787541,0.0025754465615627576,0.40168393618274284,0.002491979974082089,nan,nan,nan,nan,41.76948651988671,38.0,10.0
346.0,83040.0,0.135,-95.1613869228879,-116.9733169335645,3.0431866724830297,25.0,100.0,46.0,61.33333333333333,5.0,0.45823210573953993,0.0030412594125153263,0.5860708384259996,0.0026240549127084394,nan,nan,nan,nan,41.76948651988671,38.0,10.0
347.0,83280.0,0.13466666666666666,-41.91383545287427,-116.03484780965016,1.1542713290328261,25.0,100.0,46.0,61.33333333333333,3.0,0.5191273261285417,0.002858251132987953,0.5860708384259996,0.003076518486521097,nan,nan,nan,nan,41.76948651988671,38.0,10.0
348.0,83520.0,0.13433333333333333,-86.15442423485437,-113.97529283025494,1.856803734355381,25.0,100.0,46.0,61.33333333333333,0.0,0.5136361457392863,0.0027127124793867013,0.5860708384259996,0.003076518486521097,nan,nan,nan,nan,41.76948651988671,38.0,10.0
349.0,83760.0,0.134,-76.91679305962279,-115.83031905996647,1.3134433935919567,25.0,100.0,46.0,61.33333333333333,2.0,0.4695911377210067,0.0030404808475960627,0.45082372186615355,0.003076518486521097,nan,nan,nan,nan,41.76948651988671,38.0,10.0
350.0,84000.0,0.13366666666666666,-91.53093736285474,-116.7574628843488,3.214402914678685,25.0,100.0,46.0,61.33333333333333,3.0,0.4348759548032297,0.0027010673810162656,0.4057413496795382,0.003076518486521097,nan,nan,nan,43.81580416800976,41.76948651988671,38.0,10.0
351.0,84240.0,0.13333333333333333,-15.597252227060219,-114.9225524425339,0.6887128774481269,25.0,100.0,46.0,61.33333333333333,0.0,0.5555118463609111,0.003009203621094665,0.5860708384259996,0.003076518486521097,nan,nan,nan,nan,41.76948651988671,38.0,10.0
352.0,84480.0,0.133,-76.58383895886138,-103.40250545126639,2.382702207982158,25.0,100.0,46.0,61.33333333333333,0.0,0.3737824776007776,0.0026081377751888007,0.4057413496795382,0.003076518486521097,nan,nan,nan,nan,41.76948651988671,38.0,10.0
353.0,84720.0,0.13266666666666665,-54.212263996703875,-96.47306485988845,1.5472634996127086,25.0,100.0,46.0,61.33333333333333,0.0,0.5101455491511289,0.0028874407878703213,0.40168393618274284,0.003045753301655887,nan,nan,nan,nan,41.76948651988671,38.0,10.0
354.0,84960.0,0.13233333333333333,-58.80385594719315,-97.04043994648032,1.5898971642704012,25.0,100.0,46.0,61.33333333333333,0.0,0.43087668217937797,0.0027499540609437745,0.45082372186615355,0.002538127751379905,nan,nan,nan,nan,41.76948651988671,38.0,10.0
355.0,85200.0,0.132,-49.19762090372446,-93.92690999573664,1.3447056159422104,25.0,100.0,46.0,61.33333333333333,3.0,0.526595042630198,0.0029353094926965356,0.5860708384259996,0.003076518486521097,nan,nan,nan,nan,41.76948651988671,38.0,10.0
356.0,85440.0,0.13166666666666665,-114.1942183964958,-97.41182897931229,2.304178083506292,25.0,100.0,46.0,61.33333333333333,2.0,0.4473331252779961,0.00293860635287918,0.3976670968209155,0.003076518486521097,nan,nan,nan,nan,41.76948651988671,38.0,10.0
357.0,85680.0,0.13133333333333333,-37.90867009715554,-97.13257851291321,1.0492237334760126,25.0,100.0,46.0,61.33333333333333,3.0,0.519894943314126,0.0029821105494667248,0.5860708384259996,0.003076518486521097,nan,nan,nan,nan,41.76948651988671,38.0,10.0
358.0,85920.0,0.131,-29.350885016171368,-95.96276606002628,1.038598765559945,25.0,100.0,46.0,61.33333333333333,2.0,0.5423568843549277,0.0030428427228852326,0.5860708384259996,0.003076518486521097,nan,nan,nan,nan,41.76948651988671,38.0,10.0
359.0,86160.0,0.13066666666666665,-49.1555600748602,-85.71654667814082,2.8529368123838474,25.0,100.0,46.0,61.33333333333333,3.0,0.45533969587733364,0.0029154242872706363,0.3381177913996152,0.003076518486521097,nan,nan,nan,nan,41.76948651988671,38.0,10.0
360.0,86400.0,0.13033333333333333,-108.81956544262782,-81.53222782825466,3.0191763167367114,25.0,100.0,46.0,61.33333333333333,3.0,0.4045763058558928,0.002889305614602069,0.45082372186615355,0.0023226881815200766,nan,nan,nan,nan,41.76948651988671,38.0,10.0
361.0,86640.0,0.13,-85.42409431865518,-75.361765445891,1.8644090342199855,25.0,100.0,46.0,61.33333333333333,0.0,0.41987499957326957,0.002770256342561996,0.45082372186615355,0.0027137661917753953,nan,nan,nan,nan,41.76948651988671,38.0,10.0
362.0,86880.0,0.12966666666666665,-76.35746844388045,-75.65554536738055,1.7563025850478649,25.0,100.0,46.0,61.33333333333333,3.0,0.5354218264120333,0.002991654166188454,0.5860708384259996,0.0027688666378689877,nan,nan,nan,nan,41.76948651988671,38.0,10.0
363.0,87120.0,0.12933333333333333,-46.04454679609492,-70.07741716325482,1.8241385864261117,25.0,100.0,46.0,61.33333333333333,2.0,0.5265959893600138,0.0030533805037370534,0.5802101300417397,0.003076518486521097,nan,nan,nan,nan,41.76948651988671,38.0,10.0
364.0,87360.0,0.129,-73.85196302193498,-65.97180375336744,2.082481815545196,25.0,100.0,46.0,61.33333333333333,4.0,0.4474426475211139,0.0027539683487813062,0.5860708384259996,0.003076518486521097,nan,nan,nan,nan,41.76948651988671,38.0,10.0
365.0,87600.0,0.12866666666666665,-111.00497411442574,-68.90920773944696,2.8372753324569993,25.0,100.0,46.0,61.33333333333333,0.0,0.4117602090447434,0.0026189285035449358,0.3381177913996152,0.002538127751379905,nan,nan,nan,nan,41.76948651988671,38.0,10.0
366.0,87840.0,0.12833333333333333,-49.06583892468418,-66.60443033953678,1.5713920005685447,25.0,100.0,46.0,61.33333333333333,0.0,0.4776762457615407,0.002829159510085274,0.5274637545833997,0.003076518486521097,nan,nan,nan,nan,41.76948651988671,38.0,10.0
367.0,88080.0,0.128,-186.38056557577792,-73.82776684568195,4.816334051318112,25.0,100.0,46.0,61.33333333333333,6.0,0.46669933006288034,0.0028857944659152223,0.4418523298010172,0.0027640211212527173,nan,nan,nan,nan,41.76948651988671,38.0,10.0
368.0,88320.0,0.12766666666666665,-45.13122417336691,-71.77660684260758,1.2957209403318537,25.0,100.0,46.0,61.33333333333333,0.0,0.46574151234332684,0.002604375316719087,0.433059468437977,0.0026551076606310875,nan,nan,nan,nan,41.76948651988671,38.0,10.0
369.0,88560.0,0.12733333333333335,-92.8796594058735,-72.57475015992011,2.0077257547023453,25.0,100.0,46.0,61.33333333333333,1.0,0.4547489681801353,0.00270537184886218,0.4418523298010172,0.0023073888648908226,nan,nan,nan,nan,41.76948651988671,38.0,10.0
370.0,88800.0,0.127,-117.72729956667342,-73.88456827011105,2.555540631268778,25.0,100.0,46.0,61.33333333333333,0.0,0.465478997276829,0.002819476408133415,0.5860708384259996,0.003076518486521097,nan,nan,nan,nan,41.76948651988671,38.0,10.0
371.0,89040.0,0.12666666666666665,-261.0691537168471,-86.15816334460038,5.922575938521406,25.0,100.0,46.0,61.33333333333333,5.0,0.46207962627959714,0.0026531939809261115,0.437433806503007,0.002538127751379905,nan,nan,nan,nan,41.76948651988671,38.0,10.0
372.0,89280.0,0.12633333333333335,-136.88733917211033,-89.17333835526284,3.18034967016958,25.0,100.0,46.0,61.33333333333333,5.0,0.4803977615614179,0.0025589116206745444,0.4057413496795382,0.0023073888648908226,nan,nan,nan,nan,41.76948651988671,38.0,10.0
373.0,89520.0,0.126,-202.12031178297372,-96.56874074457633,3.911938474430046,25.0,100.0,46.0,61.33333333333333,4.0,0.4992554560218105,0.002816241600575538,0.5860708384259996,0.003076518486521097,nan,nan,nan,nan,41.76948651988671,38.0,10.0
374.0,89760.0,0.12566666666666665,-26.788715382184346,-94.96798371632589,0.6139087030624798,25.0,100.0,46.0,61.33333333333333,1.0,0.5407029955013417,0.00298666928168239,0.5860708384259996,0.003076518486521097,nan,nan,nan,nan,41.76948651988671,38.0,10.0
375.0,90000.0,0.12533333333333335,-168.36174192127768,-100.92618976720355,3.2851264459120793,25.0,100.0,46.0,61.33333333333333,5.0,0.5095923180031925,0.0029159466544719935,0.5860708384259996,0.003076518486521097,nan,nan,nan,45.95846210121613,41.76948651988671,38.0,10.0
376.0,90240.0,0.125,-170.9624552084863,-103.76460160780307,3.4795567949812067,25.0,100.0,46.0,61.33333333333333,5.0,0.5366314428107654,0.002963765429966937,0.5860708384259996,0.003076518486521097,nan,nan,nan,nan,41.76948651988671,38.0,10.0
377.0,90480.0,0.12466666666666668,-45.324640200886385,-104.13540011298963,2.1202243742616687,25.0,100.0,46.0,61.33333333333333,3.0,0.5388865100283442,0.0029391279078476093,0.5274637545833997,0.0027688666378689877,nan,nan,nan,nan,41.76948651988671,38.0,10.0
378.0,90720.0,0.12433333333333332,-86.1330580063335,-106.97450876249772,3.0036899784131443,25.0,100.0,46.0,61.33333333333333,2.0,0.47328970492735745,0.0025569380020183737,0.4418523298010172,0.002538127751379905,nan,nan,nan,nan,41.76948651988671,38.0,10.0
379.0,90960.0,0.124,-156.20662363606917,-112.32706194055818,5.112969040957061,25.0,100.0,46.0,61.33333333333333,6.0,0.4631066762096853,0.002729883590683183,0.45082372186615355,0.0027688666378689877,nan,nan,nan,nan,41.76948651988671,38.0,10.0
380.0,91200.0,0.12366666666666667,-300.58166221190965,-121.91516677902227,7.321905527573062,25.0,100.0,46.0,61.33333333333333,7.0,0.43173223222413154,0.002735661229043817,0.4057413496795382,0.0027640211212527173,nan,nan,nan,nan,41.76948651988671,38.0,10.0
381.0,91440.0,0.12333333333333332,-121.01596253432405,-123.69476018980572,3.210447217762187,25.0,100.0,46.0,61.33333333333333,2.0,0.46112600660728464,0.002797008914097026,0.5860708384259996,0.003076518486521097,nan,nan,nan,nan,41.76948651988671,38.0,10.0
382.0,91680.0,0.123,-279.4979555158053,-133.85178454340195,5.930372813362939,25.0,100.0,46.0,61.33333333333333,5.0,0.4610077434291516,0.0027546213402478265,0.5454967034580459,0.002791940526517896,nan,nan,nan,nan,41.76948651988671,38.0,10.0
383.0,91920.0,0.12266666666666667,-49.92659866583657,-134.04588713688904,1.3220421138025584,25.0,100.0,46.0,61.33333333333333,3.0,0.4802018506397992,0.0028078074222954255,0.5860708384259996,0.003076518486521097,nan,nan,nan,nan,41.76948651988671,38.0,10.0
384.0,92160.0,0.12233333333333332,-102.43508943653758,-135.47504345761917,3.1649618038744443,25.0,100.0,46.0,61.33333333333333,6.0,0.4183079288708678,0.002626012027124813,0.45082372186615355,0.002538127751379905,nan,nan,nan,nan,41.76948651988671,38.0,10.0
385.0,92400.0,0.122,-57.39183631507996,-132.79438656765188,1.4185713223957208,25.0,100.0,46.0,61.33333333333333,0.0,0.46502350662582176,0.0027602276454020253,0.4699702053338092,0.003076518486521097,nan,nan,nan,nan,41.76948651988671,38.0,10.0
386.0,92640.0,0.12166666666666667,-37.62425053662432,-132.22230714824892,2.0760073457749706,25.0,100.0,46.0,61.33333333333333,3.0,0.4783376362366341,0.0029536848005339727,0.5860708384259996,0.003076518486521097,nan,nan,nan,nan,41.76948651988671,38.0,10.0
387.0,92880.0,0.12133333333333332,-43.728678786588034,-125.08971280878941,1.1993008467059947,25.0,100.0,46.0,61.33333333333333,0.0,0.5176583386328109,0.0029735160066510203,0.4909470331122413,0.0027688666378689877,nan,nan,nan,nan,41.76948651988671,38.0,10.0
388.0,93120.0,0.121,-41.28481700149463,-124.8973924501958,1.315728711918643,25.0,100.0,46.0,61.33333333333333,0.0,0.4468371475114246,0.002829076668415611,0.45082372186615355,0.002491979974082089,nan,nan,nan,nan,41.76948651988671,38.0,10.0
389.0,93360.0,0.12066666666666667,-197.59146493043025,-130.13298272642362,5.039429879386042,25.0,100.0,46.0,61.33333333333333,7.0,0.42138187104292607,0.003234137053105547,0.45082372186615355,0.0027411779714902984,nan,nan,nan,nan,41.76948651988671,38.0,10.0
390.0,93600.0,0.12033333333333332,-51.852567904253654,-126.83924614330263,2.535430041830641,25.0,100.0,46.0,61.33333333333333,3.0,0.455267774601204,0.002860137775902744,0.3381177913996152,0.003045753301655887,nan,nan,nan,nan,41.76948651988671,38.0,10.0
391.0,93840.0,0.12,-36.76548024388796,-115.62406246965466,1.2653028694978345,25.0,100.0,46.0,61.33333333333333,0.0,0.45842674653341536,0.002679043017438132,0.45082372186615355,0.0023073888648908226,nan,nan,nan,nan,41.76948651988671,38.0,10.0
392.0,94080.0,0.11966666666666667,-192.09686406101403,-118.38453871409986,3.8912426522840082,25.0,100.0,46.0,61.33333333333333,3.0,0.45248290343719494,0.0032316314210806807,0.3381177913996152,0.003076518486521097,nan,nan,nan,nan,41.76948651988671,38.0,10.0
393.0,94320.0,0.11933333333333335,-211.8071563306504,-118.86888094148367,5.453490128675239,25.0,100.0,46.0,61.33333333333333,7.0,0.4232139152757439,0.0032293701799930873,0.45082372186615355,0.0023073888648908226,nan,nan,nan,nan,41.76948651988671,38.0,10.0
394.0,94560.0,0.119,-164.65816458529122,-125.76235340163903,4.186391427579061,25.0,100.0,46.0,61.33333333333333,6.0,0.48329581360460144,0.003138093228621274,0.5274637545833997,0.002791940526517896,nan,nan,nan,nan,41.76948651988671,38.0,10.0
395.0,94800.0,0.11866666666666667,-239.12703372705923,-129.3006179919281,4.736917931378288,25.0,100.0,46.0,61.33333333333333,4.0,0.4191298750028758,0.0030611282668864107,0.3381177913996152,0.003076518486521097,nan,nan,nan,nan,41.76948651988671,38.0,10.0
396.0,95040.0,0.11833333333333335,-91.47610762151959,-125.32630061257979,3.3068913762805785,25.0,100.0,46.0,61.33333333333333,4.0,0.4481366058562921,0.002807756856140852,0.5454967034580459,0.0023073888648908226,nan,nan,nan,nan,41.76948651988671,38.0,10.0
397.0,95280.0,0.118,-94.39819425840476,-127.77997831545568,2.9446482866830195,25.0,100.0,46.0,61.33333333333333,5.0,0.43776586052852084,0.00274324934748279,0.45003478035288785,0.0027640211212527173,nan,nan,nan,nan,41.76948651988671,38.0,10.0
398.0,95520.0,0.11766666666666667,-194.32618482712115,-133.1896346564951,4.136160143652433,25.0,100.0,46.0,61.33333333333333,6.0,0.450675522959751,0.0028308262351264117,0.4909470331122413,0.002538127751379905,nan,nan,nan,nan,41.76948651988671,38.0,10.0
399.0,95760.0,0.11733333333333335,-138.9469132618898,-132.3266491377861,4.58509701624071,25.0,100.0,46.0,61.33333333333333,5.0,0.4385777163774147,0.0027747788264452906,0.3381177913996152,0.0023073888648908226,nan,nan,nan,nan,41.76948651988671,38.0,10.0
400.0,96000.0,0.11699999999999999,-42.679322886055424,-119.4315321714934,0.948969513813244,25.0,100.0,46.0,61.33333333333333,1.0,0.4037769792331152,0.002931306813957302,0.3381177913996152,0.003076518486521097,nan,nan,nan,45.460739835407665,41.76948651988671,38.0,10.0
401.0,96240.0,0.11666666666666667,-75.87716237998168,-117.17459216377628,1.9264720386053924,25.0,100.0,46.0,61.33333333333333,1.0,0.4210128459390596,0.002739429547577927,0.40098098929442316,0.0025127464738661062,nan,nan,nan,nan,41.76948651988671,38.0,10.0
402.0,96480.0,0.11633333333333334,-50.08804479724336,-105.70409662784819,1.6719226557391957,25.0,100.0,46.0,61.33333333333333,0.0,0.3790897783021159,0.002721644803101632,0.437433806503007,0.0023073888648908226,nan,nan,nan,nan,41.76948651988671,38.0,10.0
403.0,96720.0,0.11599999999999999,-240.41894697996898,-115.2287140435548,4.604059484248517,25.0,100.0,46.0,61.33333333333333,5.0,0.41717203013590515,0.0032677512222775464,0.3381177913996152,0.003076518486521097,nan,nan,nan,nan,41.76948651988671,38.0,10.0
404.0,96960.0,0.11566666666666667,-126.25360059696521,-116.41963960157618,3.094760713319219,25.0,100.0,46.0,61.33333333333333,5.0,0.44091553961502766,0.0028392221156064977,0.5454967034580459,0.0023073888648908226,nan,nan,nan,nan,41.76948651988671,38.0,10.0
405.0,97200.0,0.11533333333333334,-196.88135723150452,-123.3941156473974,4.896584845611925,25.0,100.0,46.0,61.33333333333333,4.0,0.4441756194210531,0.0028657375365852126,0.4091225275935344,0.003071134579169686,nan,nan,nan,nan,41.76948651988671,38.0,10.0
406.0,97440.0,0.11499999999999999,-46.559710052476355,-123.84088862319,1.6062158838300078,25.0,100.0,46.0,61.33333333333333,1.0,0.4899011235708654,0.0028330569142075482,0.5802101300417397,0.0027688666378689877,nan,nan,nan,nan,41.76948651988671,38.0,10.0
407.0,97680.0,0.11466666666666667,-53.421778380002415,-124.32554360286072,1.4442637381436672,25.0,100.0,46.0,61.33333333333333,0.0,0.4253066101117519,0.002913360456119262,0.5860708384259996,0.002467060174341268,nan,nan,nan,nan,41.76948651988671,38.0,10.0
408.0,97920.0,0.11433333333333334,-317.44837611596756,-138.13372155858437,7.005884694574466,25.0,100.0,46.0,61.33333333333333,6.0,0.4089504182648657,0.0031833825283968872,0.45082372186615355,0.0023073888648908226,nan,nan,nan,nan,41.76948651988671,38.0,10.0
409.0,98160.0,0.11399999999999999,-72.63613607032576,-131.88595511557918,1.6464218566675994,25.0,100.0,46.0,61.33333333333333,1.0,0.48151904672713536,0.002877555871096783,0.45082372186615355,0.0026597622445590653,nan,nan,nan,nan,41.76948651988671,38.0,10.0
410.0,98400.0,0.11366666666666667,-131.48256295704354,-135.86745486821866,4.664574861192446,25.0,100.0,46.0,61.33333333333333,8.0,0.4745025286269294,0.002843540377857131,0.5860708384259996,0.002538127751379905,nan,nan,nan,nan,41.76948651988671,38.0,10.0
411.0,98640.0,0.11333333333333334,-51.13906119625278,-136.5861339158369,1.9506749993098598,25.0,100.0,46.0,61.33333333333333,2.0,0.46770621878491286,0.002884030018469067,0.45082372186615355,0.003076518486521097,nan,nan,nan,nan,41.76948651988671,38.0,10.0
412.0,98880.0,0.11299999999999999,-84.6352487907489,-131.21305315232365,1.6988440758400127,25.0,100.0,46.0,61.33333333333333,1.0,0.46774723395697104,0.0030103660582876134,0.5221891170375658,0.003045753301655887,nan,nan,nan,nan,41.76948651988671,38.0,10.0
413.0,99120.0,0.11266666666666666,-48.471253771298315,-123.04625802435605,1.5904782456992088,25.0,100.0,46.0,61.33333333333333,0.0,0.4446099621547071,0.002857519786858985,0.4909470331122413,0.003378248037086655,nan,nan,nan,nan,41.76948651988671,38.0,10.0
414.0,99360.0,0.11233333333333334,-169.72405173847724,-123.29955238201532,3.7654321045939056,25.0,100.0,46.0,61.33333333333333,5.0,0.46731994416321027,0.002680869094141654,0.45082372186615355,0.003316825345503261,nan,nan,nan,nan,41.76948651988671,38.0,10.0
415.0,99600.0,0.11199999999999999,-76.391911278455,-115.16279625958512,3.0729623750332102,25.0,100.0,46.0,61.33333333333333,4.0,0.42976611953186666,0.00275928458844462,0.44631548464749204,0.0030404232333779892,nan,nan,nan,nan,41.76948651988671,38.0,10.0
416.0,99840.0,0.11166666666666666,-43.15840894887274,-112.74691132595278,0.8096697089570388,25.0,100.0,46.0,61.33333333333333,1.0,0.3777810464296993,0.0024846590003188324,0.4091225275935344,0.0023073888648908226,nan,nan,nan,nan,41.76948651988671,38.0,10.0
417.0,100080.0,0.11133333333333334,-235.38895926112514,-119.7964495760888,4.780689691638946,25.0,100.0,46.0,61.33333333333333,3.0,0.47874523652472795,0.0029117760687839417,0.4057413496795382,0.0023073888648908226,nan,nan,nan,nan,41.76948651988671,38.0,10.0
418.0,100320.0,0.11099999999999999,-37.45044523467516,-111.95266259646648,1.0591864275680776,25.0,100.0,46.0,61.33333333333333,2.0,0.4093704795697605,0.0028362778922219572,0.3381177913996152,0.003076518486521097,nan,nan,nan,nan,41.76948651988671,38.0,10.0
419.0,100560.0,0.11066666666666666,-81.22410464974074,-109.06652216585903,2.3298247696358483,25.0,100.0,46.0,61.33333333333333,0.0,0.40295417827549307,0.0026454363902385565,0.3381177913996152,0.0025127464738661062,nan,nan,nan,nan,41.76948651988671,38.0,10.0
420.0,100800.0,0.11033333333333334,-31.88698157549047,-108.52690510033081,1.0299546574696539,25.0,100.0,46.0,61.33333333333333,1.0,0.3861521958248697,0.002853435610504102,0.3936904258527063,0.0023073888648908226,nan,nan,nan,nan,41.76948651988671,38.0,10.0
421.0,101040.0,0.10999999999999999,-42.62949072356325,-106.86452151750987,1.243645192760525,25.0,100.0,46.0,61.33333333333333,1.0,0.4864355086372744,0.0024815241742713805,0.5860708384259996,0.0023073888648908226,nan,nan,nan,nan,41.76948651988671,38.0,10.0
422.0,101280.0,0.10966666666666666,-30.167546310243548,-105.86849659315985,0.7320247304331055,25.0,100.0,46.0,61.33333333333333,1.0,0.5072374579211106,0.0024302060652254495,0.4418523298010172,0.0023073888648908226,nan,nan,nan,nan,41.76948651988671,38.0,10.0
423.0,101520.0,0.10933333333333334,-54.411577149160294,-96.56812810161945,2.220472259727475,25.0,100.0,46.0,61.33333333333333,2.0,0.47364121096231554,0.002498137848608051,0.48603756278111887,0.0023073888648908226,nan,nan,nan,nan,41.76948651988671,38.0,10.0
424.0,101760.0,0.10900000000000001,-123.93960224136157,-96.45242818383927,3.1961623482030412,25.0,100.0,46.0,61.33333333333333,3.0,0.4530233702826105,0.002460637942000655,0.36516721471158436,0.002791940526517896,nan,nan,nan,nan,41.76948651988671,38.0,10.0
425.0,102000.0,0.10866666666666666,-74.52556210360008,-90.33463842744405,1.6551453295656267,25.0,100.0,46.0,61.33333333333333,2.0,0.4402017233803641,0.0028253194475198994,0.45082372186615355,0.0023073888648908226,nan,nan,nan,48.32424209508567,41.76948651988671,38.0,10.0
426.0,102240.0,0.10833333333333334,-104.44069307807283,-93.22868757872388,2.3322601809508527,25.0,100.0,46.0,61.33333333333333,3.0,0.435753470162404,0.002859094002912057,0.44631548464749204,0.0023073888648908226,nan,nan,nan,nan,41.76948651988671,38.0,10.0
427.0,102480.0,0.10800000000000001,-14.384587360109245,-91.27682802772922,0.8303837169954488,25.0,100.0,46.0,61.33333333333333,1.0,0.4340460352920785,0.002481585732045904,0.45082372186615355,0.0023073888648908226,nan,nan,nan,nan,41.76948651988671,38.0,10.0
428.0,102720.0,0.10766666666666666,-97.51075388105276,-80.27994691598347,3.8396049738296667,25.0,100.0,46.0,61.33333333333333,3.0,0.393411283657825,0.002794749195613684,0.45082372186615355,0.0023073888648908226,nan,nan,nan,nan,41.76948651988671,38.0,10.0
429.0,102960.0,0.10733333333333334,-199.21576822330073,-86.60892852363222,3.7794218538415585,25.0,100.0,46.0,61.33333333333333,5.0,0.4246019871453637,0.002823771917321092,0.45082372186615355,0.0023073888648908226,nan,nan,nan,nan,41.76948651988671,38.0,10.0
430.0,103200.0,0.10700000000000001,-245.31535810756344,-92.3005682811582,4.503547977105388,25.0,100.0,46.0,61.33333333333333,5.0,0.4679019597397612,0.0030398163628665154,0.44631548464749204,0.0030152957686393283,nan,nan,nan,nan,41.76948651988671,38.0,10.0
431.0,103440.0,0.10666666666666666,-148.5695088992325,-97.1720906663072,2.9424171883401606,25.0,100.0,46.0,61.33333333333333,3.0,0.41484244748632,0.0026063804101445786,0.45082372186615355,0.0023073888648908226,nan,nan,nan,nan,41.76948651988671,38.0,10.0
432.0,103680.0,0.10633333333333334,-95.85229521744755,-97.73294298764213,2.3646478318738695,25.0,100.0,46.0,61.33333333333333,3.0,0.4315564840436153,0.002623989600784736,0.45082372186615355,0.0023073888648908226,nan,nan,nan,nan,41.76948651988671,38.0,10.0
433.0,103920.0,0.10600000000000001,-35.56760115935041,-97.08776035704474,1.5636722352398855,25.0,100.0,46.0,61.33333333333333,2.0,0.4332852702614294,0.0025718150981719665,0.4057413496795382,0.002538127751379905,nan,nan,nan,nan,41.76948651988671,38.0,10.0
434.0,104160.0,0.10566666666666666,-110.34239983752579,-94.11867776199716,2.720338046932463,25.0,100.0,46.0,61.33333333333333,4.0,0.42542497082747555,0.0027292574237670554,0.3381177913996152,0.003076518486521097,nan,nan,nan,nan,41.76948651988671,38.0,10.0
435.0,104400.0,0.10533333333333333,-83.19459866960004,-94.45881213155442,2.9355936437289913,25.0,100.0,46.0,61.33333333333333,3.0,0.3906354089486778,0.0031409668891700902,0.3381177913996152,0.003076518486521097,nan,nan,nan,nan,41.76948651988671,38.0,10.0
436.0,104640.0,0.10500000000000001,-34.23256386659555,-94.01251987744055,0.9602798507124222,25.0,100.0,46.0,61.33333333333333,0.0,0.3993692757044298,0.0030939644053829918,0.437433806503007,0.003076518486521097,nan,nan,nan,nan,41.76948651988671,38.0,10.0
437.0,104880.0,0.10466666666666666,-58.3858225025839,-85.1623630395135,1.5603230181514751,25.0,100.0,46.0,61.33333333333333,0.0,0.41369872752140485,0.003095000183271262,0.3719295705395767,0.0023073888648908226,nan,nan,nan,nan,41.76948651988671,38.0,10.0
438.0,105120.0,0.10433333333333333,-74.13405031136585,-86.99654329334803,3.0349557881890252,25.0,100.0,46.0,61.33333333333333,3.0,0.43626063638453944,0.0029070556714742256,0.5400417364234654,0.003384170335173207,nan,nan,nan,nan,41.76948651988671,38.0,10.0
439.0,105360.0,0.10400000000000001,-133.3502202734481,-89.6028490745334,3.347398605767222,25.0,100.0,46.0,61.33333333333333,5.0,0.4243995854211162,0.0028752137099457924,0.3381177913996152,0.003076518486521097,nan,nan,nan,nan,41.76948651988671,38.0,10.0
440.0,105600.0,0.10366666666666666,-56.48463813684799,-90.83273190260127,1.9664229080231277,25.0,100.0,46.0,61.33333333333333,3.0,0.40381470284725846,0.0031138808402660337,0.45003478035288785,0.002467060174341268,nan,nan,nan,nan,41.76948651988671,38.0,10.0
441.0,105840.0,0.10333333333333333,-217.8954588410051,-99.59603030847337,5.440566204235246,25.0,100.0,46.0,61.33333333333333,7.0,0.477327417504523,0.0026937753798947444,0.45082372186615355,0.0023073888648908226,nan,nan,nan,nan,41.76948651988671,38.0,10.0
442.0,106080.0,0.10300000000000001,-45.36933457480752,-100.35611972170156,1.3249853115503059,25.0,100.0,46.0,61.33333333333333,1.0,0.39674929486048294,0.0031320527938752626,0.4418523298010172,0.0025127464738661062,nan,nan,nan,nan,41.76948651988671,38.0,10.0
443.0,106320.0,0.10266666666666666,-110.9383824832043,-103.18245998840375,2.946368880952145,25.0,100.0,46.0,61.33333333333333,1.0,0.43501506585477245,0.002635941811010735,0.43305946843797705,0.0023073888648908226,nan,nan,nan,nan,41.76948651988671,38.0,10.0
444.0,106560.0,0.10233333333333333,-129.44380376889347,-103.45767006478036,3.0049349199597652,25.0,100.0,46.0,61.33333333333333,5.0,0.4222236527941822,0.0026250444300137347,0.4057413496795382,0.002538127751379905,nan,nan,nan,nan,41.76948651988671,38.0,10.0
445.0,106800.0,0.10200000000000001,-62.42028230630525,-102.85240607491562,1.563993706896072,25.0,100.0,46.0,61.33333333333333,2.0,0.3774639013335273,0.0027107380643609015,0.3381177913996152,0.003076518486521097,nan,nan,nan,nan,41.76948651988671,38.0,10.0
446.0,107040.0,0.10166666666666666,-44.42795025968834,-99.8517689339964,1.2142617269009124,25.0,100.0,46.0,61.33333333333333,3.0,0.3655630942923482,0.0028881293191170185,0.3381177913996152,0.003076518486521097,nan,nan,nan,nan,41.76948651988671,38.0,10.0
447.0,107280.0,0.10133333333333333,-49.91771091089839,-101.62842511153586,2.0310658594835864,25.0,100.0,46.0,61.33333333333333,4.0,0.35860592156746396,0.0029654752749981375,0.3381177913996152,0.003076518486521097,nan,nan,nan,nan,41.76948651988671,38.0,10.0
448.0,107520.0,0.101,-669.7073035652364,-130.23825259574502,11.79067880100836,25.0,100.0,46.0,61.33333333333333,5.0,0.49537725507760966,0.0029225111373361273,0.4418523298010172,0.003350328631821476,nan,nan,nan,nan,41.76948651988671,38.0,10.0
449.0,107760.0,0.10066666666666665,-46.357788347885474,-122.59535360197427,1.5241234295078527,25.0,100.0,46.0,61.33333333333333,0.0,0.3674472322045203,0.0029427508217858087,0.3381177913996152,0.003076518486521097,nan,nan,nan,nan,41.76948651988671,38.0,10.0
450.0,108000.0,0.10033333333333333,-76.36034768257248,-114.14760308072474,3.4087579381361386,25.0,100.0,47.0,62.66666666666667,2.0,0.41697236416027655,0.0028367911465191804,0.3645281720858392,0.003722587368690528,nan,nan,nan,46.97957774155353,41.76948651988671,38.0,10.0
451.0,108240.0,0.1,-41.741642712950416,-108.80620977141064,1.0636451572913714,25.0,100.0,47.0,62.66666666666667,1.0,0.3925054469703741,0.002786810431941622,0.3381177913996152,0.003076518486521097,nan,nan,nan,nan,41.76948651988671,38.0,10.0
452.0,108480.0,0.09966666666666665,-88.02538825859023,-108.41486442346775,1.5941650317130012,25.0,100.0,47.0,62.66666666666667,2.0,0.44557392155372516,0.002855902082935224,0.5860708384259996,0.0023073888648908226,nan,nan,nan,nan,41.76948651988671,38.0,10.0
453.0,108720.0,0.09933333333333333,-59.65062360673082,-109.61901554583676,3.19073530688269,25.0,100.0,47.0,62.66666666666667,4.0,0.4277715988630333,0.0030725251725759483,0.3381177913996152,0.0030457533016558865,nan,nan,nan,nan,41.76948651988671,38.0,10.0
454.0,108960.0,0.099,-235.5241845686164,-115.8781047823913,7.34147018471463,25.0,100.0,47.0,62.66666666666667,7.0,0.41734986234299726,0.0028637427825805284,0.3719295705395767,0.002791940526517896,nan,nan,nan,nan,41.76948651988671,38.0,10.0
455.0,109200.0,0.09866666666666668,-101.96384985085935,-116.81656734145426,3.17608691565342,25.0,100.0,47.0,62.66666666666667,1.0,0.4291348640462269,0.0026283765190570495,0.45082372186615355,0.0023073888648908226,nan,nan,nan,nan,41.76948651988671,38.0,10.0
456.0,109440.0,0.09833333333333333,-194.77436947246323,-124.84365762174764,5.581521536206869,25.0,100.0,47.0,62.66666666666667,6.0,0.4429493851433641,0.0029405682827052314,0.45082372186615355,0.002791940526517896,nan,nan,nan,nan,41.76948651988671,38.0,10.0
457.0,109680.0,0.098,-196.60003276258564,-131.75436813474772,5.147996603157077,25.0,100.0,47.0,62.66666666666667,6.0,0.43505786108645134,0.003036889614356945,0.45082372186615355,0.003071134579169686,nan,nan,nan,nan,41.76948651988671,38.0,10.0
458.0,109920.0,0.09766666666666668,-122.77449306973278,-134.18639027266607,2.2713041849951163,25.0,100.0,47.0,62.66666666666667,1.0,0.40208569126454413,0.003054461018783452,0.3645281720858392,0.003076518486521097,nan,nan,nan,nan,41.76948651988671,38.0,10.0
459.0,110160.0,0.09733333333333333,-97.0170716208682,-132.36973284003707,2.34914464002881,25.0,100.0,47.0,62.66666666666667,4.0,0.4030158186609092,0.0028340076665274608,0.4091225275935344,0.002491979974082089,nan,nan,nan,nan,41.76948651988671,38.0,10.0
460.0,110400.0,0.097,-125.01951774261816,-135.79647682032558,2.8518369291468773,25.0,100.0,47.0,62.66666666666667,4.0,0.4514508093042462,0.002668372655993029,0.45082372186615355,0.003076518486521097,nan,nan,nan,nan,41.76948651988671,38.0,10.0
461.0,110640.0,0.09666666666666668,-108.32715337030652,-130.31806154679066,2.801069717665461,25.0,100.0,47.0,62.66666666666667,4.0,0.42511256980568174,0.002966601174704524,0.3719295705395767,0.0030152957686393283,nan,nan,nan,nan,41.76948651988671,38.0,10.0
462.0,110880.0,0.09633333333333333,-18.59593133621501,-128.97939138486103,0.7613002525682729,25.0,100.0,47.0,62.66666666666667,2.0,0.44645516007442304,0.002944933707793198,0.4057413496795382,0.003076518486521097,nan,nan,nan,nan,41.76948651988671,38.0,10.0
463.0,111120.0,0.096,-172.81838658248114,-132.0733915898249,3.3369642928670635,25.0,100.0,47.0,62.66666666666667,3.0,0.43853194264826634,0.0030934233146631793,0.44553443254935904,0.003076518486521097,nan,nan,nan,nan,41.76948651988671,38.0,10.0
464.0,111360.0,0.09566666666666668,-260.5429055863303,-138.62834668069672,6.47075926404325,25.0,100.0,47.0,62.66666666666667,5.0,0.44642683789077325,0.0028639984861326523,0.4091225275935344,0.003015295768639328,nan,nan,nan,nan,41.76948651988671,38.0,10.0
465.0,111600.0,0.09533333333333333,-38.31525955369019,-137.42309554306598,1.2337520672446158,25.0,100.0,47.0,62.66666666666667,0.0,0.4671919224360093,0.00284911130931758,0.45082372186615355,0.003076518486521097,nan,nan,nan,nan,41.76948651988671,38.0,10.0
466.0,111840.0,0.095,-94.79285327766343,-139.94134069396472,2.163815570185305,25.0,100.0,47.0,62.66666666666667,4.0,0.44276712626997056,0.003084300057403915,0.45082372186615355,0.003076518486521097,nan,nan,nan,nan,41.76948651988671,38.0,10.0
467.0,112080.0,0.09466666666666668,-73.98341145609702,-141.14462572122466,3.196272743524847,25.0,100.0,47.0,62.66666666666667,2.0,0.4335691399647688,0.0028987969296899127,0.4057413496795382,0.003076518486521097,nan,nan,nan,nan,41.76948651988671,38.0,10.0
468.0,112320.0,0.09433333333333332,-166.34618491141606,-115.97656978853362,3.5952779602408325,25.0,100.0,47.0,62.66666666666667,0.0,0.4128956187983821,0.0028503277084401617,0.5860708384259996,0.003076518486521097,nan,nan,nan,nan,41.76948651988671,38.0,10.0
469.0,112560.0,0.094,-121.44415333992553,-119.73088803813565,2.9471657141850045,25.0,100.0,47.0,62.66666666666667,4.0,0.4830848392794395,0.0028030683816221043,0.3719295705395767,0.003384170335173207,nan,nan,nan,nan,41.76948651988671,38.0,10.0
470.0,112800.0,0.09366666666666668,-262.04980399699133,-129.01536085385658,6.183898771289104,25.0,100.0,47.0,62.66666666666667,7.0,0.43975339764975824,0.0030764687558816456,0.45003478035288785,0.0026866285298576416,nan,nan,nan,nan,41.76948651988671,38.0,10.0
471.0,113040.0,0.09333333333333332,-42.39255466670601,-129.04790645154435,1.4664000149300616,25.0,100.0,47.0,62.66666666666667,1.0,0.45811820114196183,0.0030422481100566326,0.36516721471158436,0.003076518486521097,nan,nan,nan,nan,41.76948651988671,38.0,10.0
472.0,113280.0,0.093,-85.08055640748077,-128.90066485898888,2.805290341303241,25.0,100.0,47.0,62.66666666666667,4.0,0.4085617615845383,0.0028688490685634914,0.49503825838817667,0.0033444655567157885,nan,nan,nan,nan,41.76948651988671,38.0,10.0
473.0,113520.0,0.09266666666666667,-75.35060791053161,-129.68566407417893,2.1060307234797735,25.0,100.0,47.0,62.66666666666667,0.0,0.4518632058451983,0.0029298023259138437,0.5686639484539092,0.0027640211212527173,nan,nan,nan,nan,41.76948651988671,38.0,10.0
474.0,113760.0,0.09233333333333332,-66.66419177496667,-121.24266443449646,1.7300549207049774,25.0,100.0,47.0,62.66666666666667,0.0,0.4642939963088193,0.0029622441278637952,0.5860708384259996,0.0023073888648908226,nan,nan,nan,nan,41.76948651988671,38.0,10.0
475.0,114000.0,0.092,-136.05959663322764,-122.94745177361487,3.1545160122896543,25.0,100.0,47.0,62.66666666666667,4.0,0.4654449683039689,0.003013193481006872,0.45082372186615355,0.003076518486521097,nan,nan,nan,46.96741885356168,41.76948651988671,38.0,10.0
476.0,114240.0,0.09166666666666667,-88.2553700230285,-117.62150180114313,2.1873467559787128,25.0,100.0,47.0,62.66666666666667,2.0,0.45706105590138923,0.0030898743777942016,0.3381177913996152,0.0027688666378689877,nan,nan,nan,nan,41.76948651988671,38.0,10.0
477.0,114480.0,0.09133333333333332,-85.60241058854471,-112.07162069244109,3.281136348425603,25.0,100.0,47.0,62.66666666666667,2.0,0.4578223504121915,0.00305563879649443,0.45082372186615355,0.003076518486521097,nan,nan,nan,nan,41.76948651988671,38.0,10.0
478.0,114720.0,0.091,-79.03241190898896,-109.8845166344039,1.807205191458988,25.0,100.0,47.0,62.66666666666667,0.0,0.45353773674298825,0.0028597742980623893,0.5860708384259996,0.003378248037086655,nan,nan,nan,nan,41.76948651988671,38.0,10.0
479.0,114960.0,0.09066666666666667,-54.141955987879115,-107.74076085275445,3.3099777355256546,25.0,100.0,47.0,62.66666666666667,2.0,0.4418578129580591,0.0027859462346940516,0.45082372186615355,0.0027363809100401904,nan,nan,nan,nan,41.76948651988671,38.0,10.0
480.0,115200.0,0.09033333333333332,-51.78137221655896,-104.07885357645145,2.5496253084933325,25.0,100.0,47.0,62.66666666666667,1.0,0.42507240135477203,0.0030249784855623414,0.45082372186615355,0.003076518486521097,nan,nan,nan,nan,41.76948651988671,38.0,10.0
481.0,115440.0,0.09,-75.59446678829237,-102.44221924735075,2.017042436368746,25.0,100.0,47.0,62.66666666666667,4.0,0.4328919874149722,0.003184446664770501,0.44631548464749204,0.003076518486521097,nan,nan,nan,nan,41.76948651988671,38.0,10.0
482.0,115680.0,0.08966666666666667,-65.23848674414968,-104.7743470177475,2.9029383856463338,25.0,100.0,47.0,62.66666666666667,4.0,0.4708166221755324,0.0031659573655137257,0.3381177913996152,0.003076518486521097,nan,nan,nan,nan,41.76948651988671,38.0,10.0
483.0,115920.0,0.08933333333333332,-23.457187275222985,-97.30628705238459,1.1847911905233424,25.0,100.0,47.0,62.66666666666667,1.0,0.38001995913057796,0.0028336310374230266,0.3381177913996152,0.003076518486521097,nan,nan,nan,nan,41.76948651988671,38.0,10.0
484.0,116160.0,0.089,-285.78020465349346,-98.56815200574275,6.920649660173145,25.0,100.0,47.0,62.66666666666667,7.0,0.40998802375538296,0.0029647421652993326,0.40098098929442316,0.003316825345503261,nan,nan,nan,nan,41.76948651988671,38.0,10.0
485.0,116400.0,0.08866666666666667,-104.85414232952496,-101.8950961445345,2.713296660854938,25.0,100.0,47.0,62.66666666666667,3.0,0.3920414530805935,0.0032822562378118716,0.45003478035288785,0.003999474032477426,nan,nan,nan,nan,41.76948651988671,38.0,10.0
486.0,116640.0,0.08833333333333335,-164.2650783200665,-105.36870739665467,4.4464173558799525,25.0,100.0,47.0,62.66666666666667,5.0,0.39841625078235493,0.002978071341486549,0.4050313023175991,0.0027411779714902984,nan,nan,nan,nan,41.76948651988671,38.0,10.0
487.0,116880.0,0.088,-98.1478378329218,-106.57692871549587,2.2702169990152985,25.0,100.0,47.0,62.66666666666667,0.0,0.38519487000785874,0.002932754828658292,0.45082372186615355,0.0023073888648908226,nan,nan,nan,nan,41.76948651988671,38.0,10.0
488.0,117120.0,0.08766666666666667,-53.024965747315065,-100.91086775729084,1.4254337429910613,25.0,100.0,47.0,62.66666666666667,0.0,0.3655453196278975,0.00305937344958406,0.3381177913996152,0.003076518486521097,nan,nan,nan,nan,41.76948651988671,38.0,10.0
489.0,117360.0,0.08733333333333335,-88.31564699190608,-99.25444243988986,3.9800766435717456,25.0,100.0,47.0,62.66666666666667,4.0,0.39250672430425276,0.0028854981955826167,0.4091225275935344,0.002491979974082089,nan,nan,nan,nan,41.76948651988671,38.0,10.0
490.0,117600.0,0.087,-81.70134464003719,-90.23701947204215,2.4437592049555352,25.0,100.0,47.0,62.66666666666667,3.0,0.39937660035662453,0.0030580857900064395,0.38199742651445523,0.003071134579169686,nan,nan,nan,nan,41.76948651988671,38.0,10.0
491.0,117840.0,0.08666666666666667,-253.28551822175947,-100.78166764979483,5.19980443524051,25.0,100.0,47.0,62.66666666666667,5.0,0.44122959299968373,0.0031279489024368112,0.4959060940527689,0.0027411779714902984,nan,nan,nan,nan,41.76948651988671,38.0,10.0
492.0,118080.0,0.08633333333333335,-50.385429946159626,-99.04691132672876,1.5034324620460338,25.0,100.0,47.0,62.66666666666667,2.0,0.4605102295266755,0.0027322743347079,0.5860708384259996,0.0023073888648908226,nan,nan,nan,nan,41.76948651988671,38.0,10.0
493.0,118320.0,0.086,-33.09666922270269,-96.93421439233732,0.644043773933275,25.0,100.0,47.0,62.66666666666667,1.0,0.5444137873094798,0.002490765769017603,0.42724564121255376,0.0023073888648908226,nan,nan,nan,nan,41.76948651988671,38.0,10.0
494.0,118560.0,0.08566666666666667,-114.7148345193995,-99.33674652955897,2.1167715949193915,25.0,100.0,47.0,62.66666666666667,0.0,0.42179468096772305,0.002622556778637069,0.45082372186615355,0.002955291382843406,nan,nan,nan,nan,41.76948651988671,38.0,10.0
495.0,118800.0,0.08533333333333334,-105.87935366341573,-97.82773438106838,2.92613344531985,25.0,100.0,47.0,62.66666666666667,3.0,0.4496130723297255,0.002633034661276311,0.45082372186615355,0.003076518486521097,nan,nan,nan,nan,41.76948651988671,38.0,10.0
496.0,119040.0,0.08499999999999999,-237.9452150113483,-105.31222663048436,5.270631660969207,25.0,100.0,47.0,62.66666666666667,8.0,0.432729023525441,0.0027586973319069824,0.5274637545833997,0.0023073888648908226,nan,nan,nan,nan,41.76948651988671,38.0,10.0
497.0,119280.0,0.08466666666666667,-52.581956081444545,-103.66120390512936,1.1604753332329782,25.0,100.0,47.0,62.66666666666667,1.0,0.43176809194663784,0.0028531923611738123,0.45082372186615355,0.0023073888648908226,nan,nan,nan,nan,41.76948651988671,38.0,10.0
498.0,119520.0,0.08433333333333334,-95.24454153032686,-104.47181038619627,2.55926852245423,25.0,100.0,47.0,62.66666666666667,5.0,0.4048603049738168,0.002913148592955571,0.4057413496795382,0.0027688666378689877,nan,nan,nan,nan,41.76948651988671,38.0,10.0
499.0,119760.0,0.08399999999999999,-66.4623365204895,-105.08782941282678,1.7675398335815309,25.0,100.0,47.0,62.66666666666667,1.0,0.41228457700222093,0.002810896142654852,0.45082372186615355,0.0023073888648908226,nan,nan,nan,nan,41.76948651988671,38.0,10.0
500.0,120000.0,0.08366666666666667,-102.75238989793715,-107.63638029689567,3.0764725239229063,25.0,100.0,47.0,62.66666666666667,4.0,0.3772967913112086,0.0029964657540935843,0.3381177913996152,0.003311020901148631,nan,nan,nan,46.30190540015841,41.76948651988671,38.0,10.0
501.0,120240.0,0.08333333333333334,-228.49356497275787,-115.28133520611894,5.36966997469182,25.0,100.0,47.0,62.66666666666667,2.0,0.3677997340902957,0.0031700990214889985,0.3381177913996152,0.003076518486521097,nan,nan,nan,nan,41.76948651988671,38.0,10.0
502.0,120480.0,0.08299999999999999,-175.04497313870766,-120.77165952584684,4.446339099406393,25.0,100.0,47.0,62.66666666666667,6.0,0.38372048929855107,0.002971214658965818,0.45082372186615355,0.002491979974082089,nan,nan,nan,nan,41.76948651988671,38.0,10.0
503.0,120720.0,0.08266666666666667,-44.32062869477945,-121.81483159682463,1.5297995400226094,25.0,100.0,47.0,62.66666666666667,3.0,0.4425383372227918,0.0026984335927681944,0.5860708384259996,0.003076518486521097,nan,nan,nan,nan,41.76948651988671,38.0,10.0
504.0,120960.0,0.08233333333333334,-207.25319797534166,-117.88848126291707,3.7831464598140117,25.0,100.0,47.0,62.66666666666667,5.0,0.4058883041246253,0.0031078542166432833,0.45003478035288785,0.003076518486521097,nan,nan,nan,nan,41.76948651988671,38.0,10.0
505.0,121200.0,0.08199999999999999,-137.20344492721878,-119.50594639280177,4.322114882889902,25.0,100.0,47.0,62.66666666666667,6.0,0.4825137789925195,0.00293817920392498,0.5860708384259996,0.003076518486521097,nan,nan,nan,nan,41.76948651988671,38.0,10.0
506.0,121440.0,0.08166666666666667,-62.57944653481142,-114.42166480353902,1.7715567368541967,25.0,100.0,47.0,62.66666666666667,0.0,0.4377565964214502,0.002768190444743305,0.3381177913996152,0.0023073888648908226,nan,nan,nan,nan,41.76948651988671,38.0,10.0
507.0,121680.0,0.08133333333333334,-226.0151252547762,-120.81502917463172,5.241905117692328,25.0,100.0,47.0,62.66666666666667,6.0,0.44077415776649476,0.0028903595114031983,0.44631548464749204,0.0023073888648908226,nan,nan,nan,nan,41.76948651988671,38.0,10.0
508.0,121920.0,0.08099999999999999,-85.57764205181792,-122.44266298985686,2.1449145886641126,25.0,100.0,47.0,62.66666666666667,3.0,0.41251769224973805,0.002665365537674621,0.45082372186615355,0.002538127751379905,nan,nan,nan,nan,41.76948651988671,38.0,10.0
509.0,122160.0,0.08066666666666666,-22.25315380836118,-119.13953833067963,0.5654597604205039,25.0,100.0,47.0,62.66666666666667,1.0,0.5018917829083412,0.0030298438386098113,0.5860708384259996,0.003076518486521097,nan,nan,nan,nan,41.76948651988671,38.0,10.0
510.0,122400.0,0.08033333333333334,-36.20696417221888,-116.86481930728871,1.2493271108610122,25.0,100.0,47.0,62.66666666666667,0.0,0.43139604790296904,0.0029896266443646333,0.4410790882238655,0.003076518486521097,nan,nan,nan,nan,41.76948651988671,38.0,10.0
511.0,122640.0,0.07999999999999999,-11.791850535261172,-104.7901359229638,0.9505024301249705,25.0,100.0,47.0,62.66666666666667,0.0,0.5457421300137976,0.003040625770845018,0.5860708384259996,0.003076518486521097,nan,nan,nan,nan,41.76948651988671,38.0,10.0
512.0,122880.0,0.07966666666666666,-10.571694887556966,-102.79944917003368,0.8899444830518499,25.0,100.0,47.0,62.66666666666667,0.0,0.5768893437221518,0.0030144176789879663,0.5860708384259996,0.003076518486521097,nan,nan,nan,nan,41.76948651988671,38.0,10.0
513.0,123120.0,0.07933333333333334,-29.829602675818233,-102.63609584268946,1.1470898629054171,25.0,100.0,47.0,62.66666666666667,1.0,0.5392338007581892,0.003059796326664153,0.4959060940527689,0.0027688666378689877,nan,nan,nan,nan,41.76948651988671,38.0,10.0
514.0,123360.0,0.07899999999999999,-76.1366324392928,-100.7071857386841,2.408225680221666,25.0,100.0,47.0,62.66666666666667,4.0,0.4827261720871714,0.0030106162699337687,0.4959060940527689,0.003076518486521097,nan,nan,nan,nan,41.76948651988671,38.0,10.0
515.0,123600.0,0.07866666666666666,-224.37085990984534,-106.63176105100558,4.36684178999258,25.0,100.0,47.0,62.66666666666667,4.0,0.4566845426296002,0.003067303807951241,0.4909470331122413,0.0027688666378689877,nan,nan,nan,nan,41.76948651988671,38.0,10.0
516.0,123840.0,0.07833333333333334,-24.932087290772436,-95.98110466497681,1.3859244410024798,25.0,100.0,47.0,62.66666666666667,0.0,0.524842872092009,0.0029171612383328185,0.5221891170375658,0.0027688666378689877,nan,nan,nan,nan,41.76948651988671,38.0,10.0
517.0,124080.0,0.07800000000000001,-80.39131363827428,-97.37157254281829,2.153670555636122,25.0,100.0,47.0,62.66666666666667,0.0,0.4186580811010026,0.0027959354658903123,0.45082372186615355,0.003076518486521097,nan,nan,nan,nan,41.76948651988671,38.0,10.0
518.0,124320.0,0.07766666666666666,-85.32240613930225,-96.87546577326707,3.39166045663263,25.0,100.0,47.0,62.66666666666667,4.0,0.4212915469754744,0.002847516665822699,0.45003478035288785,0.003076518486521097,nan,nan,nan,nan,41.76948651988671,38.0,10.0
519.0,124560.0,0.07733333333333334,-177.19103430396646,-102.41190066244091,3.416809178311045,25.0,100.0,47.0,62.66666666666667,4.0,0.46813260557875874,0.002766674816312346,0.40168393618274284,0.0023073888648908226,nan,nan,nan,nan,41.76948651988671,38.0,10.0
520.0,124800.0,0.07700000000000001,-55.971667157057794,-100.07286452539695,3.6645319602822966,25.0,100.0,47.0,62.66666666666667,6.0,0.4623817056433362,0.002667334222072571,0.45082372186615355,0.003076518486521097,nan,nan,nan,nan,41.76948651988671,38.0,10.0
521.0,125040.0,0.07666666666666666,-97.41340495847835,-93.51885652468296,3.0107309925494925,25.0,100.0,47.0,62.66666666666667,4.0,0.49449026092392606,0.0025742463988823387,0.47471737912505974,0.0027640211212527173,nan,nan,nan,nan,41.76948651988671,38.0,10.0
522.0,125280.0,0.07633333333333334,-150.127631180136,-92.27298942675438,3.3705916466254897,25.0,100.0,47.0,62.66666666666667,4.0,0.4441307375715011,0.0029080536020961688,0.433059468437977,0.0033168253455032612,nan,nan,nan,nan,41.76948651988671,38.0,10.0
523.0,125520.0,0.07600000000000001,-40.37756923892192,-92.0758364539615,0.8172542076351917,25.0,100.0,47.0,62.66666666666667,2.0,0.4415165324368826,0.002923762453545798,0.3381177913996152,0.003076518486521097,nan,nan,nan,nan,41.76948651988671,38.0,10.0
524.0,125760.0,0.07566666666666666,-13.454454115362346,-82.38589926096253,1.3314960331600323,25.0,100.0,47.0,62.66666666666667,0.0,0.428917845290593,0.0026697309523645955,0.39369042585270636,0.003045753301655887,nan,nan,nan,nan,41.76948651988671,38.0,10.0
525.0,126000.0,0.07533333333333334,-151.1562622776448,-83.08354012848383,3.357955224841985,25.0,100.0,47.0,62.66666666666667,5.0,0.4947630492902991,0.0029458324196678046,0.5169672258671901,0.0023073888648908226,nan,nan,nan,44.4208875233852,41.76948651988671,38.0,10.0
526.0,126240.0,0.07500000000000001,-56.811594502399146,-82.79514752686323,1.2280505038641822,25.0,100.0,47.0,62.66666666666667,0.0,0.4715637517944789,0.0028470898443895298,0.3845210770912984,0.0023073888648908226,nan,nan,nan,nan,41.76948651988671,38.0,10.0
527.0,126480.0,0.07466666666666666,-160.47998742373886,-79.51839063531136,3.4573391470979753,25.0,100.0,47.0,62.66666666666667,6.0,0.4554151078850168,0.002686039224343901,0.4057413496795382,0.0030404232333779892,nan,nan,nan,nan,41.76948651988671,38.0,10.0
528.0,126720.0,0.07433333333333333,-148.3155836598347,-82.6552877157122,2.786586957198614,25.0,100.0,47.0,62.66666666666667,0.0,0.4048576996916342,0.0026019168714673012,0.5802101300417397,0.0023073888648908226,nan,nan,nan,nan,41.76948651988671,38.0,10.0
529.0,126960.0,0.07400000000000001,-117.55318855903164,-87.42028945324572,2.8547885635925176,25.0,100.0,47.0,62.66666666666667,4.0,0.42193946479051087,0.0030078536383733655,0.36516721471158436,0.003076518486521097,nan,nan,nan,nan,41.76948651988671,38.0,10.0
530.0,127200.0,0.07366666666666666,-154.72068147807914,-93.34597531853872,3.3851819489381385,25.0,100.0,47.0,62.66666666666667,4.0,0.46387788626244036,0.0028022436587409848,0.45082372186615355,0.003076518486521097,nan,nan,nan,nan,41.76948651988671,38.0,10.0
531.0,127440.0,0.07333333333333333,-77.19829621950831,-96.61629760275109,1.9015663087399268,25.0,100.0,47.0,62.66666666666667,0.0,0.43150036052887214,0.002958703852021124,0.45082372186615355,0.003076518486521097,nan,nan,nan,nan,41.76948651988671,38.0,10.0
532.0,127680.0,0.07300000000000001,-121.3798876441632,-102.15670724058141,3.04340965628372,25.0,100.0,47.0,62.66666666666667,4.0,0.4835447893640252,0.0027998622656660184,0.5802101300417397,0.002791940526517896,nan,nan,nan,nan,41.76948651988671,38.0,10.0
533.0,127920.0,0.07266666666666666,-155.88748574300283,-108.45960139394063,4.065640034072825,25.0,100.0,47.0,62.66666666666667,3.0,0.4640017876486666,0.0028527076953341877,0.45082372186615355,0.002491979974082089,nan,nan,nan,nan,41.76948651988671,38.0,10.0
534.0,128160.0,0.07233333333333333,-314.0162124819238,-120.3535803960722,6.538858291130063,25.0,100.0,47.0,62.66666666666667,5.0,0.4853813231088166,0.0027544019375456627,0.5860708384259996,0.003071134579169686,nan,nan,nan,nan,41.76948651988671,38.0,10.0
535.0,128400.0,0.07200000000000001,-30.734117362601967,-110.67174326871002,0.9745523763488046,25.0,100.0,47.0,62.66666666666667,1.0,0.47065657036210906,0.00264587960666355,0.5860708384259996,0.002791940526517896,nan,nan,nan,nan,41.76948651988671,38.0,10.0
536.0,128640.0,0.07166666666666666,-94.93039108256878,-114.17165845829982,1.9164203866454208,25.0,100.0,47.0,62.66666666666667,1.0,0.44649842046088056,0.00261977598343971,0.5860708384259996,0.0023073888648908226,nan,nan,nan,nan,41.76948651988671,38.0,10.0
537.0,128880.0,0.07133333333333333,-189.8948290243991,-119.64683422760609,4.037190878097726,25.0,100.0,47.0,62.66666666666667,6.0,0.4050198056082794,0.00265820572842829,0.36151554256446855,0.0023073888648908226,nan,nan,nan,nan,41.76948651988671,38.0,10.0
538.0,129120.0,0.07100000000000001,-115.84866890526544,-121.17314736590421,2.4713723048032956,25.0,100.0,47.0,62.66666666666667,0.0,0.43669257058034466,0.0026598333805886395,0.4469369890219127,0.0023073888648908226,nan,nan,nan,nan,41.76948651988671,38.0,10.0
539.0,129360.0,0.07066666666666666,-204.01743899792643,-122.51446760060223,4.7883410994010775,25.0,100.0,47.0,62.66666666666667,5.0,0.43202891847019714,0.0027175005619535127,0.45003478035288785,0.002538127751379905,nan,nan,nan,nan,41.76948651988671,38.0,10.0
540.0,129600.0,0.07033333333333333,-129.66649107044742,-126.19920879627173,3.2817821235629423,25.0,100.0,47.0,62.66666666666667,0.0,0.4228216986377203,0.002607017533087836,0.36151554256446855,0.0023073888648908226,nan,nan,nan,nan,41.76948651988671,38.0,10.0
541.0,129840.0,0.07,-44.24078975685432,-123.54057803619052,1.4894167529113933,25.0,100.0,47.0,62.66666666666667,3.0,0.5384680798693263,0.0024283830491995486,0.5860708384259996,0.0023073888648908226,nan,nan,nan,nan,41.76948651988671,38.0,10.0
542.0,130080.0,0.06966666666666665,-90.34761735991756,-120.55157734517957,2.2169316114346955,25.0,100.0,47.0,62.66666666666667,0.0,0.5117989216706708,0.002416274705660358,0.5860708384259996,0.0023073888648908226,nan,nan,nan,nan,41.76948651988671,38.0,10.0
543.0,130320.0,0.06933333333333333,-69.30628225614129,-121.99801299604057,1.7251766153284216,25.0,100.0,47.0,62.66666666666667,0.0,0.5108464391562176,0.002476645452250835,0.5860708384259996,0.0023073888648908226,nan,nan,nan,nan,41.76948651988671,38.0,10.0
544.0,130560.0,0.069,-33.84663116744267,-123.01762184864458,1.0382731322468537,25.0,100.0,47.0,62.66666666666667,0.0,0.5375923313091991,0.0024534278325038846,0.42724564121255376,0.003071134579169686,nan,nan,nan,nan,41.76948651988671,38.0,10.0
545.0,130800.0,0.06866666666666665,-75.09249137124836,-119.21443330332474,3.4159254175507847,25.0,100.0,47.0,62.66666666666667,2.0,0.40522000699343064,0.0027531226250177647,0.4091225275935344,0.0026866285298576416,nan,nan,nan,nan,41.76948651988671,38.0,10.0
546.0,131040.0,0.06833333333333333,-244.34944543940546,-128.59132585017508,4.65869357096181,25.0,100.0,47.0,62.66666666666667,6.0,0.3927287918515032,0.002894240967302297,0.3381177913996152,0.003076518486521097,nan,nan,nan,nan,41.76948651988671,38.0,10.0
547.0,131280.0,0.068,-136.9826550898933,-127.41645923348278,3.1168659188521737,25.0,100.0,47.0,62.66666666666667,6.0,0.47121357279136117,0.0028051249535422373,0.5860708384259996,0.0023073888648908226,nan,nan,nan,nan,41.76948651988671,38.0,10.0
548.0,131520.0,0.06766666666666668,-204.81471580388913,-130.24141584068553,4.47708162474811,25.0,100.0,47.0,62.66666666666667,5.0,0.4704888357610922,0.0027801852272552733,0.5346413190592308,0.0023073888648908226,nan,nan,nan,nan,41.76948651988671,38.0,10.0
549.0,131760.0,0.06733333333333333,-29.818967881512716,-125.85470480680958,0.9619648763352817,25.0,100.0,47.0,62.66666666666667,0.0,0.5490288133972584,0.0025795216919438082,0.4699702053338092,0.0027688666378689877,nan,nan,nan,nan,41.76948651988671,38.0,10.0
550.0,132000.0,0.067,-104.23908569601618,-123.33062501770641,2.1245782820832955,25.0,100.0,47.0,62.66666666666667,0.0,0.479991147896013,0.0024516006689464993,0.42724564121255376,0.002538127751379905,nan,nan,nan,48.39576109118034,41.76948651988671,38.0,10.0
551.0,132240.0,0.06666666666666668,-183.88210335569875,-128.66481537451594,5.182556180699106,25.0,100.0,47.0,62.66666666666667,5.0,0.4236472320097442,0.0027960959463882193,0.44631548464749204,0.0030100190010442095,nan,nan,nan,nan,41.76948651988671,38.0,10.0
552.0,132480.0,0.06633333333333333,-59.83151465143666,-125.58739672487961,2.84230596138423,25.0,100.0,47.0,62.66666666666667,4.0,0.5159513603550908,0.002799273536518789,0.5860708384259996,0.003076518486521097,nan,nan,nan,nan,41.76948651988671,38.0,10.0
553.0,132720.0,0.066,-166.98733915931334,-126.14238939569512,4.052163547156738,25.0,100.0,47.0,62.66666666666667,6.0,0.4244349670464107,0.0027600042610648515,0.3381177913996152,0.0023073888648908226,nan,nan,nan,nan,41.76948651988671,38.0,10.0
554.0,132960.0,0.06566666666666668,-38.158413633907074,-112.34949945329429,1.5054423270325306,25.0,100.0,47.0,62.66666666666667,0.0,0.5085233640061751,0.0027164536588616416,0.5802101300417397,0.002741177971490298,nan,nan,nan,nan,41.76948651988671,38.0,10.0
555.0,133200.0,0.06533333333333333,-25.292508405822844,-112.07741900545534,0.9680641906289452,25.0,100.0,47.0,62.66666666666667,1.0,0.5239455485831227,0.0026860965934019077,0.5400417364234654,0.0027640211212527173,nan,nan,nan,nan,41.76948651988671,38.0,10.0
556.0,133440.0,0.065,-258.62169050879794,-120.2619839767668,5.3320248161955845,25.0,100.0,47.0,62.66666666666667,7.0,0.478739277620804,0.0029133784195939545,0.4909470331122413,0.0023073888648908226,nan,nan,nan,nan,41.76948651988671,38.0,10.0
557.0,133680.0,0.06466666666666668,-158.6296196240248,-118.69872350674807,3.7176384391996486,25.0,100.0,47.0,62.66666666666667,0.0,0.4200887817553655,0.002719483265248303,0.5221891170375658,0.0027688666378689877,nan,nan,nan,nan,41.76948651988671,38.0,10.0
558.0,133920.0,0.06433333333333333,-17.22807224240301,-113.76769367360495,0.6768316907445387,25.0,100.0,47.0,62.66666666666667,0.0,0.45043629523017487,0.002372075870776686,0.45082372186615355,0.0023073888648908226,nan,nan,nan,nan,41.76948651988671,38.0,10.0
559.0,134160.0,0.064,-69.37876478187545,-107.0357599628024,1.9102047511095286,25.0,100.0,47.0,62.66666666666667,4.0,0.4423240052491284,0.002504228363306551,0.36516721471158436,0.003071134579169686,nan,nan,nan,nan,41.76948651988671,38.0,10.0
560.0,134400.0,0.06366666666666668,-239.96328737733865,-112.55059977814696,4.38451990536361,25.0,100.0,47.0,62.66666666666667,5.0,0.5042749602136313,0.00282101362621552,0.5860708384259996,0.002791940526517896,nan,nan,nan,nan,41.76948651988671,38.0,10.0
561.0,134640.0,0.06333333333333332,-245.744525576261,-122.62578656911731,5.970940050145949,25.0,100.0,47.0,62.66666666666667,7.0,0.43565573895964516,0.0026021037930717733,0.45082372186615355,0.0023073888648908226,nan,nan,nan,nan,41.76948651988671,38.0,10.0
562.0,134880.0,0.063,-98.5608885125869,-123.03645012675076,2.605752226967848,25.0,100.0,47.0,62.66666666666667,6.0,0.48338647077996916,0.0027102039999798815,0.45082372186615355,0.0030404232333779892,nan,nan,nan,nan,41.76948651988671,38.0,10.0
563.0,135120.0,0.06266666666666668,-60.97234726036322,-122.61975337696188,2.1473214096798827,25.0,100.0,47.0,62.66666666666667,3.0,0.47614478165450874,0.002854999877795014,0.45082372186615355,0.0023073888648908226,nan,nan,nan,nan,41.76948651988671,38.0,10.0
564.0,135360.0,0.062333333333333324,-62.49185584859999,-124.05201461101976,1.4974732772059014,25.0,100.0,47.0,62.66666666666667,2.0,0.41171751120131983,0.0028826175445214965,0.4091225275935344,0.002491979974082089,nan,nan,nan,nan,41.76948651988671,38.0,10.0
565.0,135600.0,0.062,-184.3010835140626,-129.51244421816048,3.8453514726394027,25.0,100.0,47.0,62.66666666666667,7.0,0.4725338323672283,0.0026798111358369778,0.5454967034580459,0.0023073888648908226,nan,nan,nan,nan,41.76948651988671,38.0,10.0
566.0,135840.0,0.061666666666666675,-83.47054356359456,-121.46849912436991,2.0325729752006008,25.0,100.0,47.0,62.66666666666667,2.0,0.4279233490165697,0.0024819011713319754,0.45082372186615355,0.0023073888648908226,nan,nan,nan,nan,41.76948651988671,38.0,10.0
567.0,136080.0,0.06133333333333332,-50.56933487080238,-117.14783311341534,1.6806099316727432,25.0,100.0,47.0,62.66666666666667,0.0,0.4698629750331311,0.0024215661572218367,0.44631548464749204,0.0023073888648908226,nan,nan,nan,nan,41.76948651988671,38.0,10.0
568.0,136320.0,0.061,-474.7939952275385,-130.6467970845978,9.260261423523959,25.0,100.0,47.0,62.66666666666667,7.0,0.4677635302060749,0.00281698915547034,0.5860708384259996,0.0023073888648908226,nan,nan,nan,nan,41.76948651988671,38.0,10.0
569.0,136560.0,0.060666666666666674,-106.22542350251895,-134.46711986564813,2.34737325173214,25.0,100.0,47.0,62.66666666666667,3.0,0.44684690974221947,0.0025212844536075534,0.45082372186615355,0.0023073888648908226,nan,nan,nan,nan,41.76948651988671,38.0,10.0
570.0,136800.0,0.06033333333333332,-144.24453218767772,-136.4673921902312,3.434738427943478,25.0,100.0,47.0,62.66666666666667,6.0,0.3903259960399774,0.00259516998698216,0.3381177913996152,0.002538127751379905,nan,nan,nan,nan,41.76948651988671,38.0,10.0
571.0,137040.0,0.06,-88.88136538423578,-131.71735529165807,1.8013662444748366,25.0,100.0,47.0,62.66666666666667,0.0,0.410543611218031,0.0025299897142346452,0.45003478035288785,0.0023073888648908226,nan,nan,nan,nan,41.76948651988671,38.0,10.0
572.0,137280.0,0.05966666666666667,-83.74372302785794,-132.9129657104791,1.973982463335175,25.0,100.0,47.0,62.66666666666667,0.0,0.4323573247672548,0.0025925834745681667,0.45082372186615355,0.0023073888648908226,nan,nan,nan,nan,41.76948651988671,38.0,10.0
573.0,137520.0,0.05933333333333332,-85.07063254501713,-128.81713037976434,2.960927427770896,25.0,100.0,47.0,62.66666666666667,5.0,0.40676337175308924,0.002550055669928688,0.44631548464749204,0.002538127751379905,nan,nan,nan,nan,41.76948651988671,38.0,10.0
574.0,137760.0,0.059,-146.99613824626203,-134.25901661038208,5.300619417737475,25.0,100.0,47.0,62.66666666666667,7.0,0.44751575060305804,0.0029564095684840434,0.45082372186615355,0.0023073888648908226,nan,nan,nan,nan,41.76948651988671,38.0,10.0
575.0,138000.0,0.05866666666666667,-250.64530278028823,-145.52665632910532,5.160275884789435,25.0,100.0,47.0,62.66666666666667,5.0,0.4906411614267642,0.0030391537208433526,0.5860708384259996,0.003071134579169686,nan,nan,nan,45.68344264945208,41.76948651988671,38.0,10.0
576.0,138240.0,0.05833333333333332,-166.45763544166596,-140.91845357574874,5.709868883643204,25.0,100.0,47.0,62.66666666666667,6.0,0.43765040015801865,0.002704180112689138,0.45082372186615355,0.0023073888648908226,nan,nan,nan,nan,41.76948651988671,38.0,10.0
577.0,138480.0,0.057999999999999996,-60.959480511236684,-136.03494662010934,1.6340744924841832,25.0,100.0,47.0,62.66666666666667,3.0,0.5512251608250641,0.0030316724611078906,0.5860708384259996,0.003076518486521097,nan,nan,nan,nan,41.76948651988671,38.0,10.0
578.0,138720.0,0.05766666666666667,-42.37682016118117,-137.2923840160482,1.8048462402092487,25.0,100.0,47.0,62.66666666666667,4.0,0.53049404136721,0.0028558327651280746,0.5860708384259996,0.003076518486521097,nan,nan,nan,nan,41.76948651988671,38.0,10.0
579.0,138960.0,0.05733333333333332,-199.99748751849208,-143.82332015287906,4.302816567234607,25.0,100.0,47.0,62.66666666666667,4.0,0.4879755347189884,0.002964205115733969,0.5860708384259996,0.003076518486521097,nan,nan,nan,nan,41.76948651988671,38.0,10.0
580.0,139200.0,0.056999999999999995,-201.59224958592833,-141.90476826330854,4.110478934309555,25.0,100.0,47.0,62.66666666666667,7.0,0.5023594477880654,0.0027076379912797173,0.3381177913996152,0.002538127751379905,nan,nan,nan,nan,41.76948651988671,38.0,10.0
581.0,139440.0,0.05666666666666667,-57.17854803227139,-132.47646938610904,2.948694798508267,25.0,100.0,47.0,62.66666666666667,3.0,0.47327991359964816,0.0026854811294692656,0.5860708384259996,0.003076518486521097,nan,nan,nan,nan,41.76948651988671,38.0,10.0
582.0,139680.0,0.056333333333333346,-107.00009941045728,-132.89842993100257,2.30901755773391,25.0,100.0,47.0,62.66666666666667,3.0,0.5564738196539257,0.003061071799953356,0.5860708384259996,0.003076518486521097,nan,nan,nan,nan,41.76948651988671,38.0,10.0
583.0,139920.0,0.055999999999999994,-72.28046076636781,-133.4638356063028,2.6238085224957834,25.0,100.0,47.0,62.66666666666667,3.0,0.43361054427283624,0.002981080877961306,0.4050313023175991,0.0023073888648908226,nan,nan,nan,nan,41.76948651988671,38.0,10.0
584.0,140160.0,0.05566666666666667,-146.0269451163965,-137.64059006969262,3.0553049886099983,25.0,100.0,47.0,62.66666666666667,5.0,0.5059945221589238,0.0031634775634253195,0.5860708384259996,0.003076518486521097,nan,nan,nan,nan,41.76948651988671,38.0,10.0
585.0,140400.0,0.055333333333333345,-71.27823368014889,-131.98944757799694,2.716745117877624,25.0,100.0,47.0,62.66666666666667,0.0,0.4446741810546709,0.002724657708159031,0.45082372186615355,0.0023073888648908226,nan,nan,nan,nan,41.76948651988671,38.0,10.0
586.0,140640.0,0.05499999999999999,-141.36925661431795,-134.88438323053313,2.958384009239683,25.0,100.0,47.0,62.66666666666667,3.0,0.5554298527964967,0.0031310720595976115,0.42724564121255376,0.0023073888648908226,nan,nan,nan,nan,41.76948651988671,38.0,10.0
587.0,140880.0,0.05466666666666667,-11.935149978999176,-132.95267398594297,0.6404640364159714,25.0,100.0,47.0,62.66666666666667,1.0,0.47983329854431417,0.0023923135939458323,0.45082372186615355,0.0023073888648908226,nan,nan,nan,nan,41.76948651988671,38.0,10.0
588.0,141120.0,0.054333333333333345,-87.30758699930627,-113.57835357453136,2.102660030673632,25.0,100.0,47.0,62.66666666666667,3.0,0.4620884136237137,0.002596051515072361,0.45082372186615355,0.0023073888648908226,nan,nan,nan,nan,41.76948651988671,38.0,10.0
589.0,141360.0,0.05399999999999999,-49.738887682001625,-110.7540267835055,1.6436022558454662,25.0,100.0,47.0,62.66666666666667,1.0,0.5029437341159257,0.002713889893456207,0.45082372186615355,0.0023073888648908226,nan,nan,nan,nan,41.76948651988671,38.0,10.0
590.0,141600.0,0.05366666666666667,-316.2666261017591,-119.35513147920956,6.844640170541208,25.0,100.0,47.0,62.66666666666667,5.0,0.5085350132000442,0.0031307207494519645,0.5744080287413224,0.003076518486521097,nan,nan,nan,nan,41.76948651988671,38.0,10.0
591.0,141840.0,0.053333333333333344,-163.25657321280292,-123.07389187063794,3.8481217595147874,25.0,100.0,47.0,62.66666666666667,4.0,0.43427624125661307,0.0025351653156468657,0.3976670968209155,0.0023073888648908226,nan,nan,nan,nan,41.76948651988671,38.0,10.0
592.0,142080.0,0.05299999999999999,-28.768360992135044,-120.32512376885177,1.3777034666167716,25.0,100.0,47.0,62.66666666666667,0.0,0.44853275564952416,0.002492489421508156,0.44631548464749204,0.0027640211212527173,nan,nan,nan,nan,41.76948651988671,38.0,10.0
593.0,142320.0,0.05266666666666667,-68.00851551507108,-119.47201791735446,1.6818543170575264,25.0,100.0,47.0,62.66666666666667,2.0,0.4812484558092221,0.0027002987913877234,0.4229731848004283,0.0023073888648908226,nan,nan,nan,nan,41.76948651988671,38.0,10.0
594.0,142560.0,0.05233333333333334,-218.6102207519286,-123.05272204263778,6.741361184783759,25.0,100.0,47.0,62.66666666666667,5.0,0.429805946332594,0.0026752564484675834,0.40168393618274284,0.002538127751379905,nan,nan,nan,nan,41.76948651988671,38.0,10.0
595.0,142800.0,0.05199999999999999,-65.18295222235122,-113.77960451474095,1.6150181600940272,25.0,100.0,47.0,62.66666666666667,0.0,0.48046613295172297,0.002741890166339757,0.4959060940527689,0.002538127751379905,nan,nan,nan,nan,41.76948651988671,38.0,10.0
596.0,143040.0,0.051666666666666666,-167.80888587186558,-113.84716703625095,3.535949885735137,25.0,100.0,47.0,62.66666666666667,4.0,0.41916133419364376,0.002562080750379277,0.3976670968209155,0.0023073888648908226,nan,nan,nan,nan,41.76948651988671,38.0,10.0
597.0,143280.0,0.05133333333333334,-54.224996402346136,-113.51044283080641,1.491210862680106,25.0,100.0,47.0,62.66666666666667,0.0,0.475629310045731,0.00254971684434313,0.3936904258527063,0.0025127464738661062,nan,nan,nan,nan,41.76948651988671,38.0,10.0
598.0,143520.0,0.05099999999999999,-215.28866889438333,-122.15603526746652,4.31739127747877,25.0,100.0,47.0,62.66666666666667,5.0,0.4763320565500229,0.0028674587362062325,0.45082372186615355,0.003076518486521097,nan,nan,nan,nan,41.76948651988671,38.0,10.0
599.0,143760.0,0.050666666666666665,-84.16002454297393,-116.36416211869061,1.6753171086133676,25.0,100.0,47.0,62.66666666666667,0.0,0.40235042626681133,0.0026601360603347585,0.45003478035288785,0.002791940526517896,nan,nan,nan,nan,41.76948651988671,38.0,10.0
600.0,144000.0,0.05033333333333334,-65.43076004038326,-109.55608764141334,2.152699724138205,25.0,100.0,47.0,62.66666666666667,1.0,0.4290649433194596,0.002871939140581701,0.3719295705395767,0.002538127751379905,nan,nan,nan,47.967159830260876,41.76948651988671,38.0,10.0
601.0,144240.0,0.04999999999999999,-50.03809283153538,-109.19906488137653,1.6076662031378393,25.0,100.0,47.0,62.66666666666667,2.0,0.5022448634254245,0.002695117536616408,0.5860708384259996,0.0023073888648908226,nan,nan,nan,nan,41.76948651988671,38.0,10.0
602.0,144480.0,0.049666666666666665,-109.2432159963978,-109.3112207106736,4.047355451663554,25.0,100.0,47.0,62.66666666666667,3.0,0.41375844555699626,0.0027641433808154887,0.49503825838817667,0.0023073888648908226,nan,nan,nan,nan,41.76948651988671,38.0,10.0
603.0,144720.0,0.04933333333333334,-353.54251615773546,-123.37432348024197,6.964885001508698,25.0,100.0,47.0,62.66666666666667,6.0,0.45685067912804317,0.003182519830675193,0.3507781694347614,0.002925738469014972,nan,nan,nan,nan,41.76948651988671,38.0,10.0
604.0,144960.0,0.04899999999999999,-199.241382465597,-126.03504534770198,7.114550530264093,25.0,100.0,47.0,62.66666666666667,9.0,0.4118499914435693,0.002602599080501036,0.36516721471158436,0.0030404232333779892,nan,nan,nan,nan,41.76948651988671,38.0,10.0
605.0,145200.0,0.048666666666666664,-60.376376344465015,-125.48995248091778,1.2122701828802755,25.0,100.0,47.0,62.66666666666667,0.0,0.4711175939706824,0.002781741515217335,0.5860708384259996,0.0023073888648908226,nan,nan,nan,nan,41.76948651988671,38.0,10.0
606.0,145440.0,0.04833333333333334,-42.62486054795529,-120.55273267759966,1.0854252187588314,25.0,100.0,47.0,62.66666666666667,1.0,0.44396586772747687,0.0027494773705205662,0.5860708384259996,0.0023073888648908226,nan,nan,nan,nan,41.76948651988671,38.0,10.0
607.0,145680.0,0.04799999999999999,-255.8429195593627,-132.74812115661783,5.026915468739253,25.0,100.0,47.0,62.66666666666667,6.0,0.3941819476860639,0.003152954912199903,0.4057413496795382,0.003076518486521097,nan,nan,nan,nan,41.76948651988671,38.0,10.0
608.0,145920.0,0.04766666666666666,-42.00454829421287,-130.48296922136316,0.8638901636993411,25.0,100.0,47.0,62.66666666666667,2.0,0.4419538311715898,0.0027335708900829495,0.5860708384259996,0.0023073888648908226,nan,nan,nan,nan,41.76948651988671,38.0,10.0
609.0,146160.0,0.04733333333333334,-231.19151430959872,-139.55560055274302,6.289004859976157,25.0,100.0,47.0,62.66666666666667,6.0,0.4025998315345183,0.002814479838032704,0.3381177913996152,0.0023073888648908226,nan,nan,nan,nan,41.76948651988671,38.0,10.0
610.0,146400.0,0.046999999999999986,-92.59573148584599,-128.37205582194738,2.031918753434269,25.0,100.0,47.0,62.66666666666667,1.0,0.4363752442275826,0.0027666013908979486,0.5221891170375658,0.0025127464738661062,nan,nan,nan,nan,41.76948651988671,38.0,10.0
611.0,146640.0,0.04666666666666666,-145.6607054365365,-127.49226243313406,3.5832846279039363,25.0,100.0,47.0,62.66666666666667,5.0,0.49517115746451834,0.0025142732602591775,0.5274637545833997,0.0023073888648908226,nan,nan,nan,nan,41.76948651988671,38.0,10.0
612.0,146880.0,0.04633333333333334,-220.94792100956525,-137.10124043400555,7.458028969558832,25.0,100.0,47.0,62.66666666666667,8.0,0.44127528492311097,0.0027194969836365174,0.4057413496795382,0.002538127751379905,nan,nan,nan,nan,41.76948651988671,38.0,10.0
613.0,147120.0,0.04600000000000001,-88.08363091480217,-138.1049962039921,1.8841134000685382,25.0,100.0,47.0,62.66666666666667,3.0,0.5088076358348822,0.0025144778807855987,0.5860708384259996,0.0023073888648908226,nan,nan,nan,nan,41.76948651988671,38.0,10.0
614.0,147360.0,0.04566666666666666,-43.85873256681791,-129.36742179473654,0.8097906588319906,25.0,100.0,47.0,62.66666666666667,1.0,0.4859292711662622,0.002662395062934682,0.5860708384259996,0.0023073888648908226,nan,nan,nan,nan,41.76948651988671,38.0,10.0
615.0,147600.0,0.04533333333333334,-36.33939692456693,-127.92524402984732,1.14073929354404,25.0,100.0,47.0,62.66666666666667,0.0,0.5329825883119111,0.0024586510238114433,0.4057413496795382,0.0023073888648908226,nan,nan,nan,nan,41.76948651988671,38.0,10.0
616.0,147840.0,0.04500000000000001,-53.096002156532876,-122.18959984408073,3.4980191198049506,25.0,100.0,47.0,62.66666666666667,2.0,0.3869193646656055,0.0027918114124275517,0.45003478035288785,0.003076518486521097,nan,nan,nan,nan,41.76948651988671,38.0,10.0
617.0,148080.0,0.04466666666666666,-126.67375998308997,-125.81203802311788,2.7539318962721473,25.0,100.0,47.0,62.66666666666667,1.0,0.4596208893471105,0.0029187265933717076,0.4057413496795382,0.0025127464738661062,nan,nan,nan,nan,41.76948651988671,38.0,10.0
618.0,148320.0,0.044333333333333336,-169.07693203497183,-123.50145118014734,3.5965636000426744,25.0,100.0,47.0,62.66666666666667,5.0,0.3885512743999214,0.0027957114729115465,0.45082372186615355,0.0023073888648908226,nan,nan,nan,nan,41.76948651988671,38.0,10.0
619.0,148560.0,0.04400000000000001,-127.80246412357612,-125.68357315917744,5.515625093288322,25.0,100.0,47.0,62.66666666666667,3.0,0.4044379102352758,0.0027056204633339187,0.4091225275935344,0.002791940526517896,nan,nan,nan,nan,41.76948651988671,38.0,10.0
620.0,148800.0,0.04366666666666666,-163.81416736964826,-130.6027435256407,4.0731852982169015,25.0,100.0,47.0,62.66666666666667,3.0,0.41422094941708393,0.003226014461044501,0.3719295705395767,0.003076518486521097,nan,nan,nan,nan,41.76948651988671,38.0,10.0
621.0,149040.0,0.043333333333333335,-97.2928156717407,-132.96547966765098,3.502097472437592,25.0,100.0,47.0,62.66666666666667,5.0,0.41680795438420853,0.0026620812260019894,0.45003478035288785,0.003076518486521097,nan,nan,nan,nan,41.76948651988671,38.0,10.0
622.0,149280.0,0.04300000000000001,-143.49662296336558,-134.67815001599936,2.80933475384456,25.0,100.0,47.0,62.66666666666667,2.0,0.42909888431594884,0.0028922452842401053,0.5860708384259996,0.003076518486521097,nan,nan,nan,nan,41.76948651988671,38.0,10.0
623.0,149520.0,0.04266666666666666,-46.53558456655078,-119.32780343644012,1.8877866642881933,25.0,100.0,47.0,62.66666666666667,1.0,0.39600063632519805,0.002574828208586974,0.45003478035288785,0.002538127751379905,nan,nan,nan,nan,41.76948651988671,38.0,10.0
624.0,149760.0,0.042333333333333334,-99.09348675716716,-114.32040865101865,1.9444766617315477,25.0,100.0,47.0,62.66666666666667,3.0,0.5074185352418822,0.0025191603398133865,0.5860708384259996,0.0023073888648908226,nan,nan,nan,nan,41.76948651988671,38.0,10.0
625.0,150000.0,0.04200000000000001,-74.31555382505711,-115.01736752504826,1.7885086429254178,25.0,100.0,47.0,62.66666666666667,2.0,0.41934571625188005,0.002643380416099265,0.5274637545833997,0.0023073888648908226,nan,nan,nan,44.846277614198705,41.76948651988671,38.0,10.0
626.0,150240.0,0.04166666666666666,-43.263449879298534,-115.04929699161542,1.645204602857395,25.0,100.0,47.0,62.66666666666667,0.0,0.37202832911114797,0.0024690081553433844,0.3381177913996152,0.0023073888648908226,nan,nan,nan,nan,41.76948651988671,38.0,10.0
627.0,150480.0,0.04133333333333333,-247.75240858519246,-114.64477144290689,5.515625397789045,25.0,100.0,47.0,62.66666666666667,6.0,0.4277498505825415,0.0026346584209043966,0.4057413496795382,0.002538127751379905,nan,nan,nan,nan,41.76948651988671,38.0,10.0
628.0,150720.0,0.04100000000000001,-61.860246684729425,-115.63755636243272,2.152896485714138,25.0,100.0,47.0,62.66666666666667,3.0,0.5164268854105946,0.0026109275029133744,0.5860708384259996,0.0023073888648908226,nan,nan,nan,nan,41.76948651988671,38.0,10.0
629.0,150960.0,0.040666666666666657,-211.1914767793693,-114.63755448592124,4.068994462707173,25.0,100.0,47.0,62.66666666666667,4.0,0.45434316178034956,0.0028453937398787293,0.5860708384259996,0.0023073888648908226,nan,nan,nan,nan,41.76948651988671,38.0,10.0
630.0,151200.0,0.04033333333333333,-46.862256042820306,-112.35088071376995,1.6641632518365468,25.0,100.0,47.0,62.66666666666667,3.0,0.4626369798797625,0.002798828824944749,0.5274637545833997,0.0023073888648908226,nan,nan,nan,nan,41.76948651988671,38.0,10.0
631.0,151440.0,0.04000000000000001,-45.03931219117203,-107.31981105150173,1.1527571418776856,25.0,100.0,47.0,62.66666666666667,0.0,0.3743114721940633,0.0024808596416360175,0.4091225275935344,0.003071134579169686,nan,nan,nan,nan,41.76948651988671,38.0,10.0
632.0,151680.0,0.039666666666666656,-37.51333120158207,-98.14808156110259,1.061706382594701,25.0,100.0,47.0,62.66666666666667,0.0,0.4953521444045259,0.002437805367770533,0.4091225275935344,0.0023073888648908226,nan,nan,nan,nan,41.76948651988671,38.0,10.0
633.0,151920.0,0.03933333333333333,-71.26016132144629,-97.30690808143478,2.477582475195427,25.0,100.0,47.0,62.66666666666667,2.0,0.40322652816479704,0.0025217260621986396,0.4959060940527689,0.002538127751379905,nan,nan,nan,nan,41.76948651988671,38.0,10.0
634.0,152160.0,0.03900000000000001,-98.27461275946682,-100.02770209106724,2.479967230493984,25.0,100.0,47.0,62.66666666666667,0.0,0.4104984791613133,0.002597684021748143,0.45082372186615355,0.0023073888648908226,nan,nan,nan,nan,41.76948651988671,38.0,10.0
635.0,152400.0,0.038666666666666655,-78.31463979541374,-102.12646423460959,3.3698829961452774,25.0,100.0,47.0,62.66666666666667,2.0,0.45046990578226814,0.0029087082987539633,0.45082372186615355,0.003076518486521097,nan,nan,nan,nan,41.76948651988671,38.0,10.0
636.0,152640.0,0.03833333333333333,-33.86226567582464,-101.16477741057416,1.0208323886205222,25.0,100.0,47.0,62.66666666666667,0.0,0.47849302779568875,0.0028548008495523866,0.45082372186615355,0.0023073888648908226,nan,nan,nan,nan,41.76948651988671,38.0,10.0
637.0,152880.0,0.038000000000000006,-78.16949566969502,-98.7395641949044,2.184073636204868,25.0,100.0,47.0,62.66666666666667,2.0,0.4481111418653317,0.0027739077697856926,0.45082372186615355,0.0023073888648908226,nan,nan,nan,nan,41.76948651988671,38.0,10.0
638.0,153120.0,0.037666666666666654,-98.19160968340672,-95.19529807732616,2.888765533269183,25.0,100.0,47.0,62.66666666666667,1.0,0.4252944197913518,0.0027045528956979484,0.44631548464749204,0.002791940526517896,nan,nan,nan,nan,41.76948651988671,38.0,10.0
639.0,153360.0,0.03733333333333333,-263.10470313154906,-101.9604100277248,4.849185287926167,25.0,100.0,47.0,62.66666666666667,4.0,0.40841576748790037,0.002551047270293375,0.45082372186615355,0.003071134579169686,nan,nan,nan,nan,41.76948651988671,38.0,10.0
640.0,153600.0,0.037000000000000005,-51.341417892769485,-96.33677255388086,1.2165119659234607,25.0,100.0,47.0,62.66666666666667,5.0,0.4480579645888971,0.002932969576058063,0.45082372186615355,0.003076518486521097,nan,nan,nan,nan,41.76948651988671,38.0,10.0
641.0,153840.0,0.03666666666666665,-35.972982375504024,-93.27078088906902,2.9126963846517486,25.0,100.0,47.0,62.66666666666667,2.0,0.4733334442205394,0.002972428921978011,0.5860708384259996,0.003076518486521097,nan,nan,nan,nan,41.76948651988671,38.0,10.0
642.0,154080.0,0.03633333333333333,-74.09680866259107,-89.8007901740303,1.8437390072366202,25.0,100.0,47.0,62.66666666666667,1.0,0.4282999112704595,0.0029979641621673825,0.45082372186615355,0.003076518486521097,nan,nan,nan,nan,41.76948651988671,38.0,10.0
643.0,154320.0,0.036000000000000004,-56.369246833625276,-90.29247328738401,1.4154258290966044,25.0,100.0,47.0,62.66666666666667,0.0,0.4340760902068695,0.0029148616048582793,0.45082372186615355,0.0023073888648908226,nan,nan,nan,nan,41.76948651988671,38.0,10.0
644.0,154560.0,0.03566666666666668,-59.618407422487294,-88.31871932065003,1.1665328439182943,25.0,100.0,47.0,62.66666666666667,1.0,0.42809086524984624,0.0030318628783739658,0.45082372186615355,0.003076518486521097,nan,nan,nan,nan,41.76948651988671,38.0,10.0
645.0,154800.0,0.03533333333333333,-334.52921542580106,-101.32940240068723,6.471746383366939,25.0,100.0,47.0,62.66666666666667,7.0,0.3953034776893271,0.002990728858935917,0.3719295705395767,0.0024670601743412685,nan,nan,nan,nan,41.76948651988671,38.0,10.0
646.0,155040.0,0.035,-242.7032266157315,-111.3013912375089,7.09274701156069,25.0,100.0,47.0,62.66666666666667,7.0,0.4618439199039543,0.003098622107256316,0.45082372186615355,0.00233803292722322,nan,nan,nan,nan,41.76948651988671,38.0,10.0
647.0,155280.0,0.03466666666666668,-296.3893598535987,-113.73323880092919,6.2565872582736075,25.0,100.0,47.0,62.66666666666667,7.0,0.45403357267759925,0.002739683616729605,0.3381177913996152,0.0027640211212527173,nan,nan,nan,nan,41.76948651988671,38.0,10.0
648.0,155520.0,0.03433333333333333,-200.28953570388035,-120.65470325188676,4.716057162786236,25.0,100.0,47.0,62.66666666666667,6.0,0.40677307855135064,0.0025718902023335417,0.45082372186615355,0.003076518486521097,nan,nan,nan,nan,41.76948651988671,38.0,10.0
649.0,155760.0,0.034,-48.673071807127805,-112.52878300327465,1.1091290795683946,25.0,100.0,47.0,62.66666666666667,3.0,0.4002272120314629,0.0027044518236810093,0.45082372186615355,0.003076518486521097,nan,nan,nan,nan,41.76948651988671,38.0,10.0
650.0,156000.0,0.03366666666666668,-102.00655430869107,-115.2859979165682,2.4666088139941147,25.0,100.0,47.0,62.66666666666667,1.0,0.4372911912362429,0.0030338159612692387,0.5274637545833997,0.0027688666378689877,nan,nan,nan,48.338169380949374,41.76948651988671,38.0,10.0
651.0,156240.0,0.033333333333333326,-99.39822347935873,-118.00394348097754,3.538602974428933,25.0,100.0,47.0,62.66666666666667,5.0,0.4320640985932546,0.0028023403283517615,0.5292949058686386,0.0023073888648908226,nan,nan,nan,nan,41.76948651988671,38.0,10.0
652.0,156480.0,0.033,-76.91303595379622,-119.97392871858824,1.6744865795850365,25.0,100.0,47.0,62.66666666666667,2.0,0.40663077698275973,0.002834950190865326,0.3381177913996152,0.003076518486521097,nan,nan,nan,nan,41.76948651988671,38.0,10.0
653.0,156720.0,0.03266666666666668,-73.96738846267094,-120.10929007564948,2.333690035025215,25.0,100.0,47.0,62.66666666666667,1.0,0.4037174537368217,0.002527444373466283,0.36088289036498084,0.003076518486521097,nan,nan,nan,nan,41.76948651988671,38.0,10.0
654.0,156960.0,0.032333333333333325,-223.3074967415324,-126.36093427475275,4.65582897098172,25.0,100.0,47.0,62.66666666666667,7.0,0.4193079167960378,0.002852091798706847,0.4057413496795382,0.002681926929930391,nan,nan,nan,nan,41.76948651988671,38.0,10.0
655.0,157200.0,0.032,-145.918673043729,-129.7411359371685,5.651846173759663,25.0,100.0,47.0,62.66666666666667,7.0,0.43115683520085035,0.0028296912670774284,0.4057413496795382,0.0027688666378689877,nan,nan,nan,nan,41.76948651988671,38.0,10.0
656.0,157440.0,0.031666666666666676,-34.06052335136421,-129.7510488209455,1.377213117871129,25.0,100.0,47.0,62.66666666666667,0.0,0.42071133998354426,0.00267890667058618,0.3381177913996152,0.002491979974082089,nan,nan,nan,nan,41.76948651988671,38.0,10.0
657.0,157680.0,0.031333333333333324,-79.39055002826656,-129.8121015388741,2.373439136673006,25.0,100.0,47.0,62.66666666666667,4.0,0.40736724496369314,0.002916064034477754,0.3381177913996152,0.002467060174341268,nan,nan,nan,nan,41.76948651988671,38.0,10.0
658.0,157920.0,0.031,-127.15200466566117,-131.2601212879868,2.9310484736613724,25.0,100.0,47.0,62.66666666666667,3.0,0.4171324662312004,0.002763158112310412,0.4091225275935344,0.0023073888648908226,nan,nan,nan,nan,41.76948651988671,38.0,10.0
659.0,158160.0,0.030666666666666675,-118.22243262012618,-124.01600776241564,2.6584173472829704,25.0,100.0,47.0,62.66666666666667,3.0,0.4394117444024621,0.0027022932726848813,0.4229731848004283,0.002791940526517896,nan,nan,nan,nan,41.76948651988671,38.0,10.0
660.0,158400.0,0.030333333333333323,-138.9061510756836,-128.39424442156138,2.94017436477332,25.0,100.0,47.0,62.66666666666667,3.0,0.40810602341449576,0.0027660764278841185,0.3381177913996152,0.003076518486521097,nan,nan,nan,nan,41.76948651988671,38.0,10.0
661.0,158640.0,0.03,-98.24363039246201,-131.50777682240926,2.2325631037441593,25.0,100.0,47.0,62.66666666666667,3.0,0.38262517479322167,0.003191986141208908,0.3381177913996152,0.003076518486521097,nan,nan,nan,nan,41.76948651988671,38.0,10.0
662.0,158880.0,0.03,-108.16031147893435,-133.21095196322642,4.590930053471989,25.0,100.0,47.0,62.66666666666667,3.0,0.3784843596122931,0.003061009277262773,0.3381177913996152,0.003076518486521097,nan,nan,nan,nan,41.76948651988671,38.0,10.0
663.0,159120.0,0.03,-142.86122238384058,-137.53555074073716,3.108482978918642,25.0,100.0,47.0,62.66666666666667,6.0,0.3854619931596374,0.0028581197265511557,0.45082372186615355,0.003076518486521097,nan,nan,nan,nan,41.76948651988671,38.0,10.0
664.0,159360.0,0.03,-49.587818271006135,-137.03402128316313,1.0200821260688766,25.0,100.0,47.0,62.66666666666667,4.0,0.4214422300380927,0.002669889269685441,0.3381177913996152,0.003076518486521097,nan,nan,nan,nan,41.76948651988671,38.0,10.0
665.0,159600.0,0.03,-65.34727944962198,-123.57492448435417,1.579694765824135,25.0,100.0,47.0,62.66666666666667,1.0,0.38947177900864977,0.0028588435871260815,0.3381177913996152,0.003076518486521097,nan,nan,nan,nan,41.76948651988671,38.0,10.0
666.0,159840.0,0.03,-60.1393436803742,-114.44673033758629,1.7512930142680903,25.0,100.0,47.0,62.66666666666667,4.0,0.35732747471777976,0.0031326014957063233,0.3381177913996152,0.003076518486521097,nan,nan,nan,nan,41.76948651988671,38.0,10.0
667.0,160080.0,0.03,-55.78419649478695,-102.41647216964573,1.647563773740537,25.0,100.0,47.0,62.66666666666667,3.0,0.3834272107162931,0.003018372399290585,0.3381177913996152,0.003076518486521097,nan,nan,nan,nan,41.76948651988671,38.0,10.0
668.0,160320.0,0.03,-78.20084909773884,-96.31203783933866,2.759048579833642,25.0,100.0,47.0,62.66666666666667,0.0,0.38744924760602556,0.0025183620815160345,0.4091225275935344,0.0023073888648908226,nan,nan,nan,nan,41.76948651988671,38.0,10.0
669.0,160560.0,0.03,-190.64637201315227,-103.41070284963988,5.670079866142157,25.0,100.0,47.0,62.66666666666667,4.0,0.41374867503292334,0.0027650853473228675,0.45082372186615355,0.0023073888648908226,nan,nan,nan,nan,41.76948651988671,38.0,10.0
670.0,160800.0,0.03,-36.06676020220075,-100.11371314431537,1.2783935703696383,25.0,100.0,47.0,62.66666666666667,1.0,0.3743313433099795,0.002991513639797168,0.3381177913996152,0.003076518486521097,nan,nan,nan,nan,41.76948651988671,38.0,10.0
671.0,161040.0,0.03,-240.5500080986163,-107.17130237527824,4.203404635036131,25.0,100.0,47.0,62.66666666666667,3.0,0.44115684028842983,0.0030953804670419993,0.45082372186615355,0.002791940526517896,nan,nan,nan,nan,41.76948651988671,38.0,10.0
672.0,161280.0,0.03,-94.99946914560758,-108.07562403486881,2.2386292933210687,25.0,100.0,47.0,62.66666666666667,2.0,0.39111491753760913,0.0029604358518113658,0.3381177913996152,0.003076518486521097,nan,nan,nan,nan,41.76948651988671,38.0,10.0
673.0,161520.0,0.03,-86.8466525611539,-108.71958723979294,2.7287604246376254,25.0,100.0,47.0,62.66666666666667,5.0,0.43424692422097433,0.0030697403234245415,0.5221891170375658,0.0027688666378689877,nan,nan,nan,nan,41.76948651988671,38.0,10.0
674.0,161760.0,0.03,-47.01373832281857,-99.90489931885726,1.704505377947224,25.0,100.0,47.0,62.66666666666667,0.0,0.4694026364626045,0.00270279519866419,0.45082372186615355,0.002491979974082089,nan,nan,nan,nan,41.76948651988671,38.0,10.0
675.0,162000.0,0.03,-135.1090948306615,-99.36442040820387,5.142122887457272,25.0,100.0,47.0,62.66666666666667,2.0,0.45871830268729097,0.002633172227916286,0.4959060940527689,0.0023073888648908226,nan,nan,nan,45.83908857479752,41.76948651988671,38.0,10.0
676.0,162240.0,0.03,-338.5324984077745,-114.58801916102439,6.939338272698431,25.0,100.0,47.0,62.66666666666667,5.0,0.44033972229254753,0.002980336641726223,0.45082372186615355,0.003045753301655887,nan,nan,nan,nan,41.76948651988671,38.0,10.0
677.0,162480.0,0.03,-108.86211287514294,-116.06159730336822,3.491370665990495,25.0,100.0,47.0,62.66666666666667,4.0,0.4147513459800399,0.0031319804235368565,0.36516721471158436,0.003076518486521097,nan,nan,nan,nan,41.76948651988671,38.0,10.0
678.0,162720.0,0.03,-53.28746807155717,-112.368370473663,2.568258147785753,25.0,100.0,47.0,62.66666666666667,2.0,0.5209419085149425,0.0029477571505871353,0.45082372186615355,0.003071134579169686,nan,nan,nan,nan,41.76948651988671,38.0,10.0
679.0,162960.0,0.03,-94.99404920317892,-111.20695130281565,2.5915621420691,25.0,100.0,47.0,62.66666666666667,3.0,0.4663292566863691,0.0026659747203820194,0.44631548464749204,0.0023073888648908226,nan,nan,nan,nan,41.76948651988671,38.0,10.0
680.0,163200.0,0.03,-83.0486915501434,-108.41407832653863,1.4506693421510164,25.0,100.0,47.0,62.66666666666667,3.0,0.4492844406208068,0.0030611423035020054,0.45082372186615355,0.003076518486521097,nan,nan,nan,nan,41.76948651988671,38.0,10.0
681.0,163440.0,0.03,-536.989151615057,-130.3513543876684,8.861617936889742,25.0,100.0,47.0,62.66666666666667,4.0,0.41645124481036233,0.0032722190257460475,0.4959060940527689,0.003384170335173207,nan,nan,nan,nan,41.76948651988671,38.0,10.0
682.0,163680.0,0.03,-49.514166915974606,-127.41904715952042,1.6570614087279656,25.0,100.0,47.0,62.66666666666667,0.0,0.4721726661191267,0.0031167514967932394,0.45082372186615355,0.003076518486521097,nan,nan,nan,nan,41.76948651988671,38.0,10.0
683.0,163920.0,0.03,-107.87584929827612,-125.66977850524218,3.0795720390793746,25.0,100.0,47.0,62.66666666666667,4.0,0.4464847783472137,0.002991482740014619,0.45082372186615355,0.0027688666378689877,nan,nan,nan,nan,41.76948651988671,38.0,10.0
684.0,164160.0,0.03,-165.89259898952417,-131.4850175411681,3.3549792447897673,25.0,100.0,47.0,62.66666666666667,3.0,0.46021494352227793,0.003026416581791412,0.45082372186615355,0.003076518486521097,nan,nan,nan,nan,41.76948651988671,38.0,10.0
685.0,164400.0,0.03,-59.01536451893268,-131.16842179463362,2.705993043339275,25.0,100.0,47.0,62.66666666666667,4.0,0.4504362510964109,0.0031828693914271837,0.45082372186615355,0.003076518486521097,nan,nan,nan,nan,41.76948651988671,38.0,10.0
686.0,164640.0,0.03,-163.73270289924346,-136.3480897555771,7.439536237153228,25.0,100.0,47.0,62.66666666666667,3.0,0.44701318971682413,0.0028363255592802248,0.45082372186615355,0.0023073888648908226,nan,nan,nan,nan,41.76948651988671,38.0,10.0
687.0,164880.0,0.03,-39.79784842829428,-135.54877235225246,1.6705222711738068,25.0,100.0,47.0,62.66666666666667,1.0,0.4549998546244139,0.0030708251102523026,0.45082372186615355,0.0023073888648908226,nan,nan,nan,nan,41.76948651988671,38.0,10.0
688.0,165120.0,0.03,-87.4273877371991,-136.01009928422548,1.8358796421645163,25.0,100.0,47.0,62.66666666666667,2.0,0.5339612514747956,0.002659737848280219,0.42724564121255376,0.0023073888648908226,nan,nan,nan,nan,41.76948651988671,38.0,10.0
689.0,165360.0,0.03,-33.954419312238485,-128.17550164917978,1.1772459169840437,25.0,100.0,47.0,62.66666666666667,0.0,0.500426719531621,0.002750372387340273,0.5860708384259996,0.003076518486521097,nan,nan,nan,nan,41.76948651988671,38.0,10.0
690.0,165600.0,0.03,-165.22542463786166,-134.63343487096282,4.58472797206958,25.0,100.0,47.0,62.66666666666667,3.0,0.45881706525053073,0.0030130679205961405,0.45082372186615355,0.0023073888648908226,nan,nan,nan,nan,41.76948651988671,38.0,10.0
691.0,165840.0,0.03,-85.68614913205501,-126.89024192263476,1.6719614830482143,25.0,100.0,47.0,62.66666666666667,3.0,0.44625678364204074,0.003033046639365203,0.45082372186615355,0.003076518486521097,nan,nan,nan,nan,41.76948651988671,38.0,10.0
692.0,166080.0,0.03,-63.31193201968464,-125.30586506633861,1.6523554413989292,25.0,100.0,47.0,62.66666666666667,3.0,0.4583856417413581,0.0029904929406951303,0.45082372186615355,0.003076518486521097,nan,nan,nan,nan,41.76948651988671,38.0,10.0
693.0,166320.0,0.03,-29.274315010972746,-122.42724818882955,1.108202684876608,25.0,100.0,47.0,62.66666666666667,1.0,0.4512992000103093,0.00324608208478841,0.45082372186615355,0.0023073888648908226,nan,nan,nan,nan,41.76948651988671,38.0,10.0
694.0,166560.0,0.03,-115.21202347752863,-125.83716244656503,4.44912120676137,25.0,100.0,47.0,62.66666666666667,3.0,0.4750479099289067,0.0031783148084804144,0.4057413496795382,0.003076518486521097,nan,nan,nan,nan,41.76948651988671,38.0,10.0
695.0,166800.0,0.03,-677.0108848777938,-152.93225194892165,11.602157827001184,25.0,100.0,47.0,62.66666666666667,4.0,0.46915607061807335,0.003099589095702558,0.45082372186615355,0.003071134579169686,nan,nan,nan,nan,41.76948651988671,38.0,10.0
696.0,167040.0,0.03,-15.676048094608749,-136.78942943326336,0.763981632500446,25.0,100.0,47.0,62.66666666666667,1.0,0.4608557800507498,0.0030431735127166687,0.45082372186615355,0.003076518486521097,nan,nan,nan,nan,41.76948651988671,38.0,10.0
697.0,167280.0,0.03,-50.3823118699613,-133.8654393830043,1.4642577125628635,25.0,100.0,47.0,62.66666666666667,0.0,0.4568981019102563,0.0028446867950279488,0.45082372186615355,0.003076518486521097,nan,nan,nan,nan,41.76948651988671,38.0,10.0
698.0,167520.0,0.03,-163.5015270667747,-139.37614233276514,3.2915011004090595,25.0,100.0,47.0,62.66666666666667,3.0,0.4515042769037379,0.003434052615580377,0.45082372186615355,0.0032395739663067156,nan,nan,nan,nan,41.76948651988671,38.0,10.0
699.0,167760.0,0.03,-59.825018695749314,-137.61769080739367,1.7067980398346323,25.0,100.0,47.0,62.66666666666667,0.0,0.4825510050170238,0.0028392846208480232,0.4699702053338092,0.0023073888648908226,nan,nan,nan,nan,41.76948651988671,38.0,10.0
700.0,168000.0,0.03,-74.8089365900724,-137.20570305939015,1.9876560076263698,25.0,100.0,47.0,62.66666666666667,3.0,0.4564633378442657,0.0034298117688034506,0.45082372186615355,0.0027688666378689877,nan,nan,nan,45.68917473554755,41.76948651988671,38.0,10.0
701.0,168240.0,0.03,-157.23249139759346,-118.21787004851697,3.740249976825266,25.0,100.0,47.0,62.66666666666667,5.0,0.44510671354323844,0.003168882159722612,0.4418523298010172,0.003076518486521097,nan,nan,nan,nan,41.76948651988671,38.0,10.0
702.0,168480.0,0.03,-14.986078000126414,-116.49146560272455,1.1056629433504888,25.0,100.0,47.0,62.66666666666667,0.0,0.5356303229912355,0.0028742675388631483,0.5860708384259996,0.003076518486521097,nan,nan,nan,nan,41.76948651988671,38.0,10.0
703.0,168720.0,0.03,-202.4604999190301,-121.22069813376227,4.482514901852789,25.0,100.0,47.0,62.66666666666667,5.0,0.5060247165813975,0.0031245970675928144,0.5860708384259996,0.003076518486521097,nan,nan,nan,nan,41.76948651988671,38.0,10.0
704.0,168960.0,0.03,-679.5217876004981,-146.90215756431095,11.73951429666297,25.0,100.0,47.0,62.66666666666667,5.0,0.4706595273405414,0.0029806970465598055,0.5346413190592308,0.00306058298990719,nan,nan,nan,nan,41.76948651988671,38.0,10.0
705.0,169200.0,0.03,-41.58987389286135,-146.03088303300737,0.9794330249001559,25.0,100.0,47.0,62.66666666666667,2.0,0.5009204468392386,0.0029760092685078045,0.5860708384259996,0.003076518486521097,nan,nan,nan,nan,41.76948651988671,38.0,10.0
706.0,169440.0,0.03,-254.19021470141533,-150.55375862311598,9.155351482492334,25.0,100.0,47.0,62.66666666666667,7.0,0.39778751489652225,0.002745613549068595,0.4050313023175991,0.002791940526517896,nan,nan,nan,nan,41.76948651988671,38.0,10.0
707.0,169680.0,0.03,-173.894727185291,-157.2586025609658,3.7015720758858315,25.0,100.0,47.0,62.66666666666667,0.0,0.39028671872762194,0.002707790369605474,0.5860708384259996,0.0023073888648908226,nan,nan,nan,nan,41.76948651988671,38.0,10.0
708.0,169920.0,0.03,-167.88957517883023,-161.28171193304738,3.6854479350215557,25.0,100.0,47.0,62.66666666666667,5.0,0.4497923913158837,0.0028490559688389497,0.5860708384259996,0.003076518486521097,nan,nan,nan,nan,41.76948651988671,38.0,10.0
709.0,170160.0,0.03,-48.98054044163119,-162.03301798951702,2.6194022970250277,25.0,100.0,47.0,62.66666666666667,1.0,0.4614627220833209,0.0026581445001278097,0.4057413496795382,0.003076518486521097,nan,nan,nan,nan,41.76948651988671,38.0,10.0
710.0,170400.0,0.03,-230.62803590141795,-165.30314855269484,7.724670419631539,25.0,100.0,47.0,62.66666666666667,6.0,0.4349427298633651,0.002646134124474174,0.45082372186615355,0.003071134579169686,nan,nan,nan,nan,41.76948651988671,38.0,10.0
711.0,170640.0,0.03,-271.1772454135946,-174.5777033667718,5.518138054383456,25.0,100.0,47.0,62.66666666666667,3.0,0.41657924859853585,0.0027450753756125715,0.3381177913996152,0.0023073888648908226,nan,nan,nan,nan,41.76948651988671,38.0,10.0
712.0,170880.0,0.03,-17.806375831692772,-172.3024255573722,0.5173331612882511,25.0,100.0,47.0,62.66666666666667,1.0,0.5588026482069145,0.0029333161650938106,0.5860708384259996,0.003076518486521097,nan,nan,nan,nan,41.76948651988671,38.0,10.0
713.0,171120.0,0.03,-313.4055811661189,-186.5089888651295,6.1541634818867195,25.0,100.0,47.0,62.66666666666667,3.0,0.39225976753069086,0.0025816131724821756,0.4091225275935344,0.002791940526517896,nan,nan,nan,nan,41.76948651988671,38.0,10.0
714.0,171360.0,0.03,-134.23187382274898,-187.45998138239054,4.583977236967142,25.0,100.0,47.0,62.66666666666667,4.0,0.42914806116075105,0.002792821820876014,0.3381177913996152,0.0023073888648908226,nan,nan,nan,nan,41.76948651988671,38.0,10.0
715.0,171600.0,0.03,-34.470258028551115,-155.3329500399284,1.6968571731136188,25.0,100.0,47.0,62.66666666666667,3.0,0.5309217096086387,0.002972734058202362,0.5860708384259996,0.003076518486521097,nan,nan,nan,nan,41.76948651988671,38.0,10.0
716.0,171840.0,0.03,-52.33108038392653,-157.1657016543943,1.0525915325929318,25.0,100.0,47.0,62.66666666666667,1.0,0.42522732578658223,0.0027634359603862257,0.5860708384259996,0.003076518486521097,nan,nan,nan,nan,41.76948651988671,38.0,10.0
717.0,172080.0,0.03,-58.056836187084734,-157.54942787025044,2.5579577248480803,25.0,100.0,47.0,62.66666666666667,3.0,0.4714045667500524,0.002975161423163014,0.5860708384259996,0.003076518486521097,nan,nan,nan,nan,41.76948651988671,38.0,10.0
718.0,172320.0,0.03,-185.23723227271276,-158.63621313054736,6.477361475751024,25.0,100.0,47.0,62.66666666666667,5.0,0.4393854445501339,0.0027527130570848325,0.4909470331122413,0.002791940526517896,nan,nan,nan,nan,41.76948651988671,38.0,10.0
719.0,172560.0,0.03,-49.1584136330038,-158.1028828774101,2.5001348458431623,25.0,100.0,47.0,62.66666666666667,3.0,0.46900774637215586,0.0030002868386051506,0.5169672258671901,0.003316825345503261,nan,nan,nan,nan,41.76948651988671,38.0,10.0
720.0,172800.0,0.03,-16.53975597687871,-155.1894238467504,0.7851101053245494,25.0,100.0,47.0,62.66666666666667,0.0,0.5179467484127942,0.0030426190984477433,0.5860708384259996,0.003076518486521097,nan,nan,nan,nan,41.76948651988671,38.0,10.0
721.0,173040.0,0.03,-126.96277892368184,-153.67593822305483,2.888552564662211,25.0,100.0,47.0,62.66666666666667,0.0,0.4258408784868872,0.002752186139199881,0.3381177913996152,0.0023073888648908226,nan,nan,nan,nan,41.76948651988671,38.0,10.0
722.0,173280.0,0.03,-51.05295967917465,-155.47928230700725,2.4566463595829258,25.0,100.0,47.0,62.66666666666667,1.0,0.4617149420547766,0.002987353449720838,0.5860708384259996,0.003076518486521097,nan,nan,nan,nan,41.76948651988671,38.0,10.0
723.0,173520.0,0.03,-10.800324114515762,-145.89627351678152,1.032748981648093,25.0,100.0,47.0,62.66666666666667,0.0,0.5574325526514392,0.0030105495979325173,0.5274637545833997,0.003076518486521097,nan,nan,nan,nan,41.76948651988671,38.0,10.0
724.0,173760.0,0.03,-101.25039727462662,-116.98270400048796,2.1827403025151066,25.0,100.0,47.0,62.66666666666667,1.0,0.45113819571061464,0.003220358051068146,0.5860708384259996,0.003076518486521097,nan,nan,nan,nan,41.76948651988671,38.0,10.0
725.0,174000.0,0.03,-94.99803378176875,-119.65311199493333,1.8845501770138673,25.0,100.0,47.0,62.66666666666667,2.0,0.4309624104266749,0.0029398105033364512,0.5860708384259996,0.003076518486521097,nan,nan,nan,43.610703889839606,41.76948651988671,38.0,10.0
726.0,174240.0,0.03,-93.27911441333508,-111.60755698052931,2.323370317122334,25.0,100.0,47.0,62.66666666666667,4.0,0.4589979401890198,0.003090170706882228,0.5860708384259996,0.003076518486521097,nan,nan,nan,nan,41.76948651988671,38.0,10.0
727.0,174480.0,0.03,-73.639041710713,-106.59477270680043,2.086151104342352,25.0,100.0,47.0,62.66666666666667,1.0,0.47462566467414263,0.0031379052853888153,0.5860708384259996,0.003076518486521097,nan,nan,nan,nan,41.76948651988671,38.0,10.0
728.0,174720.0,0.03,-27.08286004651918,-99.55443695018485,0.6329356422728186,25.0,100.0,47.0,62.66666666666667,2.0,0.5602974727896827,0.0031292679597379074,0.5860708384259996,0.003076518486521097,nan,nan,nan,nan,41.76948651988671,38.0,10.0
729.0,174960.0,0.03,-123.18186476900352,-103.26450316655345,3.940526216521287,25.0,100.0,47.0,62.66666666666667,2.0,0.47097725582392963,0.0028988608869840705,0.5860708384259996,0.003076518486521097,nan,nan,nan,nan,41.76948651988671,38.0,10.0
730.0,175200.0,0.03,-44.619642169144974,-93.96408347993983,1.5244087430235294,25.0,100.0,47.0,62.66666666666667,0.0,0.4857869329682438,0.0029241551663716134,0.5860708384259996,0.003076518486521097,nan,nan,nan,nan,41.76948651988671,38.0,10.0
731.0,175440.0,0.03,-113.13153560670743,-86.06179798959548,3.546362221127071,25.0,100.0,47.0,62.66666666666667,5.0,0.45901888949776687,0.003082277109017108,0.47471737912505974,0.002467060174341268,nan,nan,nan,nan,41.76948651988671,38.0,10.0
732.0,175680.0,0.03,-41.110094895141245,-87.22698394276789,1.4285985007298116,25.0,100.0,47.0,62.66666666666667,0.0,0.4783384328277321,0.0030295798748983262,0.45082372186615355,0.003076518486521097,nan,nan,nan,nan,41.76948651988671,38.0,10.0
733.0,175920.0,0.03,-296.3464600412339,-86.37402788652363,5.26076256490688,25.0,100.0,47.0,62.66666666666667,2.0,0.4620347265149481,0.0031305724200489677,0.4057413496795382,0.0023073888648908226,nan,nan,nan,nan,41.76948651988671,38.0,10.0
734.0,176160.0,0.03,-98.88606427823149,-84.60673740929776,2.317106428494529,25.0,100.0,47.0,62.66666666666667,3.0,0.4713187910303602,0.002836802031393489,0.45082372186615355,0.002791940526517896,nan,nan,nan,nan,41.76948651988671,38.0,10.0
735.0,176400.0,0.03,-100.50813248965429,-87.90863113235292,3.131773032130006,25.0,100.0,47.0,62.66666666666667,0.0,0.43317850299428234,0.0025512302254478373,0.45082372186615355,0.0025127464738661062,nan,nan,nan,nan,41.76948651988671,38.0,10.0
736.0,176640.0,0.03,-77.3266710741821,-89.1584106668657,1.8505466362306422,25.0,100.0,47.0,62.66666666666667,3.0,0.48315536689386107,0.0029857820217626444,0.5860708384259996,0.003076518486521097,nan,nan,nan,nan,41.76948651988671,38.0,10.0
737.0,176880.0,0.03,-50.113716226063445,-88.76125466881463,1.3952215905953746,25.0,100.0,47.0,62.66666666666667,0.0,0.471601474435876,0.002635032494055795,0.3976670968209155,0.0023073888648908226,nan,nan,nan,nan,41.76948651988671,38.0,10.0
738.0,177120.0,0.03,-126.15540640416043,-85.80716337538702,4.972399087066319,25.0,100.0,47.0,62.66666666666667,0.0,0.43007174241900215,0.0025586629599462242,0.45082372186615355,0.0023073888648908226,nan,nan,nan,nan,41.76948651988671,38.0,10.0
739.0,177360.0,0.03,-32.932024173133506,-84.99584390239349,0.9818928391434195,25.0,100.0,47.0,62.66666666666667,0.0,0.4526082324318737,0.002409458775094674,0.45082372186615355,0.002791940526517896,nan,nan,nan,nan,41.76948651988671,38.0,10.0
740.0,177600.0,0.03,-149.22603180117457,-91.63015769360828,3.1094114332558935,25.0,100.0,47.0,62.66666666666667,1.0,0.4099534109980087,0.0027875783388681234,0.39369042585270636,0.003076518486521097,nan,nan,nan,nan,41.76948651988671,38.0,10.0
741.0,177840.0,0.03,-117.42213844980984,-91.15312566991469,2.543927700771929,25.0,100.0,47.0,62.66666666666667,4.0,0.45069420396772575,0.002888909963826873,0.45082372186615355,0.003076518486521097,nan,nan,nan,nan,41.76948651988671,38.0,10.0
742.0,178080.0,0.03,-152.7715236420763,-96.23905386805976,3.65963556627301,25.0,100.0,47.0,62.66666666666667,2.0,0.42937061760989154,0.002818357405020152,0.45082372186615355,0.0023073888648908226,nan,nan,nan,nan,41.76948651988671,38.0,10.0
743.0,178320.0,0.03,-83.31958256655561,-99.86501679066177,1.9186369886372134,25.0,100.0,47.0,62.66666666666667,2.0,0.4724253161858052,0.002731120997600258,0.5860708384259996,0.003076518486521097,nan,nan,nan,nan,41.76948651988671,38.0,10.0
744.0,178560.0,0.03,-269.1663057202036,-108.26081221294062,5.347360028957446,25.0,100.0,47.0,62.66666666666667,4.0,0.45398733870561364,0.0033785245436722196,0.3381177913996152,0.003076518486521097,nan,nan,nan,nan,41.76948651988671,38.0,10.0
745.0,178800.0,0.03,-57.43240698269508,-106.38253087298695,1.56522655943468,25.0,100.0,47.0,62.66666666666667,3.0,0.49963675333360397,0.0027172227884832713,0.5860708384259996,0.003076518486521097,nan,nan,nan,nan,41.76948651988671,38.0,10.0
746.0,179040.0,0.03,-263.67251245537756,-114.90220077508904,6.1601852837402715,25.0,100.0,47.0,62.66666666666667,7.0,0.4375032662287374,0.0033112367959181603,0.3645281720858392,0.003384170335173207,nan,nan,nan,nan,41.76948651988671,38.0,10.0
747.0,179280.0,0.03,-52.94923711399394,-113.86771054525312,2.070638836586092,25.0,100.0,47.0,62.66666666666667,4.0,0.5133598068919074,0.0032429272373227405,0.5860708384259996,0.003076518486521097,nan,nan,nan,nan,41.76948651988671,38.0,10.0
748.0,179520.0,0.03,-74.3082945706721,-116.22898227146075,3.4927025355227013,25.0,100.0,47.0,62.66666666666667,3.0,0.44330154022359936,0.002795270551423113,0.44631548464749204,0.003076518486521097,nan,nan,nan,nan,41.76948651988671,38.0,10.0
749.0,179760.0,0.03,-203.58286748688369,-120.24903240735475,4.237905680971023,25.0,100.0,47.0,62.66666666666667,3.0,0.4481004534567412,0.0031083590748326854,0.45082372186615355,0.003076518486521097,nan,nan,nan,nan,41.76948651988671,38.0,10.0
750.0,180000.0,0.03,-27.131392371266116,-119.37461991746079,1.3939600381965909,25.0,100.0,47.0,62.66666666666667,0.0,0.4151607290339574,0.0028404634722285094,0.4050313023175991,0.0023073888648908226,43.70002199550175,42.90512390863624,1.0,46.35794361971874,41.76948651988671,38.0,10.0
