time,temperature,next_temperature,setpoint,disturbance,command,kp,ki
0.0,28.0,28.009975041614634,24.0,0.0,1.0,0.2753578836984474,0.009974113551053211
0.1,28.009975041614634,28.019900332501663,24.0,0.0,1.0,0.2753578836984474,0.009974113551053211
0.2,28.019900332501663,28.029776120793873,24.0,0.0,1.0,0.2753578836984474,0.009974113551053211
0.30000000000000004,28.029776120793873,28.03960265338649,24.0,0.0,1.0,0.2753578836984474,0.009974113551053211
0.4,28.03960265338649,28.049380175943334,24.0,0.0,1.0,0.2753578836984474,0.009974113551053211
0.5,28.049380175943334,28.059108932902983,24.0,0.0,1.0,0.2753578836984474,0.009974113551053211
0.6000000000000001,28.059108932902983,28.068789167484866,24.0,0.0,1.0,0.2753578836984474,0.009974113551053211
0.7000000000000001,28.068789167484866,28.078421121695353,24.0,0.0,1.0,0.2753578836984474,0.009974113551053211
0.8,28.078421121695353,28.0880050363338,24.0,0.0,1.0,0.2753578836984474,0.009974113551053211
0.9,28.0880050363338,28.097541150998573,24.0,0.0,1.0,0.2753578836984474,0.009974113551053211
1.0,28.097541150998573,28.107029704093033,24.0,0.0,1.0,0.2753578836984474,0.009974113551053211
1.1,28.107029704093033,28.116470932831504,24.0,0.0,1.0,0.2753578836984474,0.009974113551053211
1.2000000000000002,28.116470932831504,28.125865073245194,24.0,0.0,1.0,0.2753578836984474,0.009974113551053211
1.3,28.125865073245194,28.135212360188106,24.0,0.0,1.0,0.2753578836984474,0.009974113551053211
1.4000000000000001,28.135212360188106,28.144513027342896,24.0,0.0,1.0,0.2753578836984474,0.009974113551053211
1.5,28.144513027342896,28.15376730722673,24.0,0.0,1.0,0.2753578836984474,0.009974113551053211
1.6,28.15376730722673,28.162975431197086,24.0,0.0,1.0,0.2753578836984474,0.009974113551053211
1.7000000000000002,28.162975431197086,28.172137629457545,24.0,0.0,1.0,0.2753578836984474,0.009974113551053211
1.8,28.172137629457545,28.18125413106354,24.0,0.0,1.0,0.2753578836984474,0.009974113551053211
1.9000000000000001,28.18125413106354,28.190325163928083,24.0,0.0,1.0,0.2753578836984474,0.009974113551053211
2.0,28.190325163928083,28.15945078836893,24.0,0.0,1.0,0.3089825670345243,0.008914591682096094
2.1,28.15945078836893,28.12873039940029,24.0,0.0,1.0,0.3089825670345243,0.008914591682096094
2.2,28.12873039940029,28.09816322901084,24.0,0.0,1.0,0.3089825670345243,0.008914591682096094
2.3000000000000003,28.09816322901084,28.06774851301973,24.0,0.0,1.0,0.3089825670345243,0.008914591682096094
2.4000000000000004,28.06774851301973,28.037485491057474,24.0,0.0,1.0,0.3089825670345243,0.008914591682096094
2.5,28.037485491057474,28.007373406546947,24.0,0.0,1.0,0.3089825670345243,0.008914591682096094
2.6,28.007373406546947,27.97741150668447,24.0,0.0,1.0,0.3089825670345243,0.008914591682096094
2.7,27.97741150668447,27.94759904242098,24.0,0.0,1.0,0.3089825670345243,0.008914591682096094
2.8000000000000003,27.94759904242098,27.917935268443323,24.0,0.0,1.0,0.3089825670345243,0.008914591682096094
2.9000000000000004,27.917935268443323,27.888419443155602,24.0,0.0,1.0,0.3089825670345243,0.008914591682096094
3.0,27.888419443155602,27.85905082866065,24.0,0.0,1.0,0.3089825670345243,0.008914591682096094
3.1,27.85905082866065,27.82982869074157,24.0,0.0,1.0,0.3089825670345243,0.008914591682096094
3.2,27.82982869074157,27.8007522988434,24.0,0.0,1.0,0.3089825670345243,0.008914591682096094
3.3000000000000003,27.8007522988434,27.771820926054822,24.0,0.0,1.0,0.3089825670345243,0.008914591682096094
3.4000000000000004,27.771820926054822,27.74303384909001,24.0,0.0,1.0,0.3089825670345243,0.008914591682096094
3.5,27.74303384909001,27.714390348270545,24.0,0.0,1.0,0.3089825670345243,0.008914591682096094
3.6,27.714390348270545,27.68588970750741,24.0,0.0,1.0,0.3089825670345243,0.008914591682096094
3.7,27.68588970750741,27.657531214283104,24.0,0.0,1.0,0.3089825670345243,0.008914591682096094
3.8000000000000003,27.657531214283104,27.629314159633818,24.0,0.0,1.0,0.3089825670345243,0.008914591682096094
3.9000000000000004,27.629314159633818,27.601237838131716,24.0,0.0,1.0,0.3089825670345243,0.008914591682096094
4.0,27.601237838131716,27.5733015478673,24.0,0.0,1.0,0.30713628501016604,0.027919619167155192
4.1000000000000005,27.5733015478673,27.545504590431854,24.0,0.0,1.0,0.30713628501016604,0.027919619167155192
4.2,27.545504590431854,27.517846270899998,24.0,0.0,1.0,0.30713628501016604,0.027919619167155192
4.3,27.517846270899998,27.490325897812305,24.0,0.0,1.0,0.30713628501016604,0.027919619167155192
4.4,27.490325897812305,27.46294278315801,24.0,0.0,1.0,0.30713628501016604,0.027919619167155192
4.5,27.46294278315801,27.43569624235782,24.0,0.0,1.0,0.30713628501016604,0.027919619167155192
4.6000000000000005,27.43569624235782,27.4085855942468,24.0,0.0,1.0,0.30713628501016604,0.027919619167155192
4.7,27.4085855942468,27.38161016105734,24.0,0.0,1.0,0.30713628501016604,0.027919619167155192
4.800000000000001,27.38161016105734,27.354769268402194,24.0,0.0,1.0,0.30713628501016604,0.027919619167155192
4.9,27.354769268402194,27.32806224525765,24.0,0.0,1.0,0.30713628501016604,0.027919619167155192
5.0,27.32806224525765,27.301488423946743,24.0,0.0,1.0,0.30713628501016604,0.027919619167155192
5.1000000000000005,27.301488423946743,27.275047140122556,24.0,0.0,1.0,0.30713628501016604,0.027919619167155192
5.2,27.275047140122556,27.248737732751614,24.0,0.0,1.0,0.30713628501016604,0.027919619167155192
5.300000000000001,27.248737732751614,27.22255954409736,24.0,0.0,0.9978052382096805,0.30713628501016604,0.027919619167155192
5.4,27.22255954409736,27.19651191970372,24.0,0.0,0.998762230119586,0.30713628501016604,0.027919619167155192
5.5,27.19651191970372,27.170594208378724,24.0,0.0,0.9996865990761228,0.30713628501016604,0.027919619167155192
5.6000000000000005,27.170594208378724,27.144805762178237,24.0,0.0,0.9917263295037974,0.30713628501016604,0.027919619167155192
5.7,27.144805762178237,27.119145936389764,24.0,0.0,0.9925859398650645,0.30713628501016604,0.027919619167155192
5.800000000000001,27.119145936389764,27.093614089516322,24.0,0.0,0.9934134129654629,0.30713628501016604,0.027919619167155192
5.9,27.093614089516322,27.068209583260412,24.0,0.0,0.9942089090902498,0.30713628501016604,0.027919619167155192
6.0,27.068209583260412,27.042931782508056,24.0,0.0,0.7652898535132809,0.2321947924335479,0.028745741009762668
6.1000000000000005,27.042931782508056,27.01778005531291,24.0,0.0,0.7681676127074462,0.2321947924335479,0.028745741009762668
6.2,27.01778005531291,26.992753772880494,24.0,0.0,0.7710023450214697,0.2321947924335479,0.028745741009762668
6.300000000000001,26.992753772880494,26.96785230955244,24.0,0.0,0.7737942650528123,0.2321947924335479,0.028745741009762668
6.4,26.96785230955244,26.943075042790866,24.0,0.0,0.7765435863286256,0.2321947924335479,0.028745741009762668
6.5,26.943075042790866,26.918421353162813,24.0,0.0,0.7792505213110874,0.2321947924335479,0.028745741009762668
6.6000000000000005,26.918421353162813,26.893890624324758,24.0,0.0,0.7819152814027184,0.2321947924335479,0.028745741009762668
6.7,26.893890624324758,26.8694822430072,24.0,0.0,0.7845380769516644,0.2321947924335479,0.028745741009762668
6.800000000000001,26.8694822430072,26.84519559899934,24.0,0.0,0.7871191172569554,0.2321947924335479,0.028745741009762668
6.9,26.84519559899934,26.821030085133806,24.0,0.0,0.7896586105737374,0.2321947924335479,0.028745741009762668
7.0,26.821030085133806,26.796985097271495,24.0,0.0,0.7921567641184806,0.2321947924335479,0.028745741009762668
7.1000000000000005,26.796985097271495,26.77306003428646,24.0,0.0,0.7946137840741572,0.2321947924335479,0.028745741009762668
7.2,26.77306003428646,26.74925429805088,24.0,0.0,0.7970298755953995,0.2321947924335479,0.028745741009762668
7.300000000000001,26.74925429805088,26.72565486478088,24.0,0.0,0.7994052428136258,0.2321947924335479,0.028745741009762668
7.4,26.72565486478088,26.702134950038847,24.0,0.0,0.8017606741864478,0.2321947924335479,0.028745741009762668
7.5,26.702134950038847,26.67869545888574,24.0,0.0,0.8040669596095915,0.2321947924335479,0.028745741009762668
7.6000000000000005,26.67869545888574,26.65569048876347,24.0,0.0,0.8063245404170639,0.2321947924335479,0.028745741009762668
7.7,26.65569048876347,26.63276595781185,24.0,0.0,0.8086168852537914,0.2321947924335479,0.028745741009762668
7.800000000000001,26.63276595781185,26.6099227471209,24.0,0.0,0.8108620093841012,0.2321947924335479,0.028745741009762668
7.9,26.6099227471209,26.587161726990786,24.0,0.0,0.8130603511536235,0.2321947924335479,0.028745741009762668
8.0,26.587161726990786,26.573648136345216,24.0,0.0,0.8368262192133814,0.24054994172628894,0.02873703585442144
8.1,26.573648136345216,26.560087121943297,24.0,0.0,0.8409714276481586,0.24054994172628894,0.02873703585442144
8.200000000000001,26.560087121943297,26.546480637091683,24.0,0.0,0.8450662579654002,0.24054994172628894,0.02873703585442144
8.3,26.546480637091683,26.532830616792392,24.0,0.0,0.8491110493643143,0.24054994172628894,0.02873703585442144
8.4,26.532830616792392,26.51913897787681,24.0,0.0,0.853106142201551,0.24054994172628894,0.02873703585442144
8.5,26.51913897787681,26.505407619138815,24.0,0.0,0.8570518779712222,0.24054994172628894,0.02873703585442144
8.6,26.505407619138815,26.49163842146701,24.0,0.0,0.8609485992850878,0.24054994172628894,0.02873703585442144
8.700000000000001,26.49163842146701,26.4778332479761,24.0,0.0,0.8647966498529123,0.24054994172628894,0.02873703585442144
8.8,26.4778332479761,26.46399394413741,24.0,0.0,0.8685963744629897,0.24054994172628894,0.02873703585442144
8.9,26.46399394413741,26.450122337908514,24.0,0.0,0.8723481189628357,0.24054994172628894,0.02873703585442144
9.0,26.450122337908514,26.436220239862042,24.0,0.0,0.8760522302400442,0.24054994172628894,0.02873703585442144
9.1,26.436220239862042,26.422289443313616,24.0,0.0,0.8797090562033105,0.24054994172628894,0.02873703585442144
9.200000000000001,26.422289443313616,26.408331724448963,24.0,0.0,0.8833189457636148,0.24054994172628894,0.02873703585442144
9.3,26.408331724448963,26.394348842450164,24.0,0.0,0.8868822488155738,0.24054994172628894,0.02873703585442144
9.4,26.394348842450164,26.38034171826242,24.0,0.0,0.8903993162189452,0.24054994172628894,0.02873703585442144
9.5,26.38034171826242,26.36631243372573,24.0,0.0,0.893870299842179,0.24054994172628894,0.02873703585442144
9.600000000000001,26.36631243372573,26.352263042687568,24.0,0.0,0.8972956367894909,0.24054994172628894,0.02873703585442144
9.700000000000001,26.352263042687568,26.33819225833897,24.0,0.0,0.9006757633336451,0.24054994172628894,0.02873703585442144
9.8,26.33819225833897,26.32410207149357,24.0,0.0,0.9040103084547886,0.24054994172628894,0.02873703585442144
9.9,26.32410207149357,26.3099944455457,24.0,0.0,0.9072996952859994,0.24054994172628894,0.02873703585442144
10.0,26.3099944455457,26.295008919584173,24.0,0.0,0.867679563535957,0.22201206533790352,0.028553524670656392
10.100000000000001,26.295008919584173,26.279932739738634,24.0,0.0,0.8709056553475358,0.22201206533790352,0.028553524670656392
10.200000000000001,26.279932739738634,26.264768368242493,24.0,0.0,0.8740685730957782,0.22201206533790352,0.028553524670656392
10.3,26.264768368242493,26.24951824151461,24.0,0.0,0.8771686116079622,0.22201206533790352,0.028553524670656392
10.4,26.24951824151461,26.234184770241875,24.0,0.0,0.8802060669370583,0.22201206533790352,0.028553524670656392
10.5,26.234184770241875,26.21877033946215,24.0,0.0,0.8831812363065892,0.22201206533790352,0.028553524670656392
10.600000000000001,26.21877033946215,26.203277308647607,24.0,0.0,0.8860944180558097,0.22201206533790352,0.028553524670656392
10.700000000000001,26.203277308647607,26.187708011788423,24.0,0.0,0.8889459115852059,0.22201206533790352,0.028553524670656392
10.8,26.187708011788423,26.17206475747684,24.0,0.0,0.891736017302319,0.22201206533790352,0.028553524670656392
10.9,26.17206475747684,26.156349828991576,24.0,0.0,0.8944650365678859,0.22201206533790352,0.028553524670656392
11.0,26.156349828991576,26.140565484382577,24.0,0.0,0.8971332716423029,0.22201206533790352,0.028553524670656392
11.100000000000001,26.140565484382577,26.1247139565561,24.0,0.0,0.8997410256324012,0.22201206533790352,0.028553524670656392
11.200000000000001,26.1247139565561,26.108797453360133,24.0,0.0,0.902288602438545,0.22201206533790352,0.028553524670656392
11.3,26.108797453360133,26.09281815767012,24.0,0.0,0.9047763067020445,0.22201206533790352,0.028553524670656392
11.4,26.09281815767012,26.076778227475007,24.0,0.0,0.9072044437528828,0.22201206533790352,0.028553524670656392
11.5,26.076778227475007,26.06067980394115,24.0,0.0,0.9095733195577589,0.22201206533790352,0.028553524670656392
11.600000000000001,26.06067980394115,26.044525000115257,24.0,0.0,0.9118832424623384,0.22201206533790352,0.028553524670656392
11.700000000000001,26.044525000115257,26.02831590109782,24.0,0.0,0.9141345206028801,0.22201206533790352,0.028553524670656392
11.8,26.02831590109782,26.012054596393604,24.0,0.0,0.9163274618649404,0.22201206533790352,0.028553524670656392
11.9,26.012054596393604,25.99574314820284,24.0,0.0,0.9184623810781517,0.22201206533790352,0.028553524670656392
12.0,25.99574314820284,25.981093903551265,24.0,0.0,0.939216353749852,0.23136833124611794,0.028573854302023527
12.100000000000001,25.981093903551265,25.966389000711906,24.0,0.0,0.941487731316671,0.23136833124611794,0.028573854302023527
12.200000000000001,25.966389000711906,25.95163123793678,24.0,0.0,0.9437042137663365,0.23136833124611794,0.028573854302023527
12.3,25.95163123793678,25.9368233877579,24.0,0.0,0.9458662974845378,0.23136833124611794,0.028573854302023527
12.4,25.9368233877579,25.921968197066658,24.0,0.0,0.9479744808283626,0.23136833124611794,0.028573854302023527
12.5,25.921968197066658,25.907068387194997,24.0,0.0,0.9500292640713972,0.23136833124611794,0.028573854302023527
12.600000000000001,25.907068387194997,25.89212665399838,24.0,0.0,0.9520311493494771,0.23136833124611794,0.028573854302023527
12.700000000000001,25.89212665399838,25.877145667940496,24.0,0.0,0.9539806406070833,0.23136833124611794,0.028573854302023527
12.8,25.877145667940496,25.862128074179743,24.0,0.0,0.9558782435443904,0.23136833124611794,0.028573854302023527
12.9,25.862128074179743,25.847076492657383,24.0,0.0,0.9577244655649649,0.23136833124611794,0.028573854302023527
13.0,25.847076492657383,25.831993518187428,24.0,0.0,0.9595198157241098,0.23136833124611794,0.028573854302023527
13.100000000000001,25.831993518187428,25.816881720548192,24.0,0.0,0.9612648046778625,0.23136833124611794,0.028573854302023527
13.200000000000001,25.816881720548192,25.801743644575488,24.0,0.0,0.9629599446326389,0.23136833124611794,0.028573854302023527
13.3,25.801743644575488,25.786581810257466,24.0,0.0,0.9646057492955271,0.23136833124611794,0.028573854302023527
13.4,25.786581810257466,25.77139871283107,24.0,0.0,0.9662027338252305,0.23136833124611794,0.028573854302023527
13.5,25.77139871283107,25.75619682288007,24.0,0.0,0.9677514147836603,0.23136833124611794,0.028573854302023527
13.600000000000001,25.75619682288007,25.740978586363116,24.0,0.0,0.969252310088176,0.23136833124611794,0.028573854302023527
13.700000000000001,25.740978586363116,25.725746424744887,24.0,0.0,0.9707059389477077,0.23136833124611794,0.028573854302023527
13.8,25.725746424744887,25.71050273512828,24.0,0.0,0.9721128218231168,0.23136833124611794,0.028573854302023527
13.9,25.71050273512828,25.695249890098832,24.0,0.0,0.9734734803881655,0.23136833124611794,0.028573854302023527
14.0,25.695249890098832,25.679245031987065,24.0,0.0,0.9726529745956811,0.23011579507203367,0.02850247239900526
14.100000000000001,25.679245031987065,25.66322937009514,24.0,0.0,0.9737562674638147,0.23011579507203367,0.02850247239900526
14.200000000000001,25.66322937009514,25.647205148631453,24.0,0.0,0.9748114256153849,0.23011579507203367,0.02850247239900526
14.3,25.647205148631453,25.63117458080548,24.0,0.0,0.9758189410812947,0.23011579507203367,0.02850247239900526
14.4,25.63117458080548,25.615139848903752,24.0,0.0,0.9767793050673019,0.23011579507203367,0.02850247239900526
14.5,25.615139848903752,25.59910310436759,24.0,0.0,0.9776930078833597,0.23011579507203367,0.02850247239900526
14.600000000000001,25.59910310436759,25.583066467872655,24.0,0.0,0.9785605388735937,0.23011579507203367,0.02850247239900526
14.700000000000001,25.583066467872655,25.567032029410232,24.0,0.0,0.9793823863469138,0.23011579507203367,0.02850247239900526
14.8,25.567032029410232,25.551001848370202,24.0,0.0,0.9801590375082618,0.23011579507203367,0.02850247239900526
14.9,25.551001848370202,25.534977953625713,24.0,0.0,0.9808909783904846,0.23011579507203367,0.02850247239900526
15.0,25.534977953625713,25.518962343619478,24.0,0.0,0.9815786937868357,0.23011579507203367,0.02850247239900526
15.100000000000001,25.518962343619478,25.502956986451665,24.0,0.0,0.9822226671841016,0.23011579507203367,0.02850247239900526
15.200000000000001,25.502956986451665,25.48696381996939,24.0,0.0,0.9828233806963415,0.23011579507203367,0.02850247239900526
15.3,25.48696381996939,25.470984751857713,24.0,0.0,0.983381314999253,0.23011579507203367,0.02850247239900526
15.4,25.470984751857713,25.455021659732157,24.0,0.0,0.9838969492651427,0.23011579507203367,0.02850247239900526
15.5,25.455021659732157,25.439076391232696,24.0,0.0,0.9843707610985093,0.23011579507203367,0.02850247239900526
15.600000000000001,25.439076391232696,25.423150764119164,24.0,0.0,0.9848032264722357,0.23011579507203367,0.02850247239900526
15.700000000000001,25.423150764119164,25.40724656636877,24.0,0.0,0.9851948196643775,0.23011579507203367,0.02850247239900526
15.8,25.40724656636877,25.39136555627466,24.0,0.0,0.9855460131957147,0.23011579507203367,0.02850247239900526
15.9,25.39136555627466,25.375509462545597,24.0,0.0,0.9858572777678263,0.23011579507203367,0.02850247239900526
16.0,25.375509462545597,25.359765189731633,24.0,0.0,0.9973636800239472,0.24113363266892957,0.028225253087061575
16.1,25.359765189731633,25.34405542023683,24.0,0.0,0.9974051779885003,0.24113363266892957,0.028225253087061575
16.2,25.34405542023683,25.328381902558377,24.0,0.0,0.9974106546417494,0.24113363266892957,0.028225253087061575
16.3,25.328381902558377,25.312746356840666,24.0,0.0,0.9973806339268414,0.24113363266892957,0.028225253087061575
16.400000000000002,25.312746356840666,25.297150475049655,24.0,0.0,0.9973156378052632,0.24113363266892957,0.028225253087061575
16.5,25.297150475049655,25.28159592114913,24.0,0.0,0.9972161862193494,0.24113363266892957,0.028225253087061575
16.6,25.28159592114913,25.266084331278915,24.0,0.0,0.9970827970557491,0.24113363266892957,0.028225253087061575
16.7,25.266084331278915,25.250617313934942,24.0,0.0,0.9969159861098646,0.24113363266892957,0.028225253087061575
16.8,25.250617313934942,25.235196450151182,24.0,0.0,0.9967162670512467,0.24113363266892957,0.028225253087061575
16.900000000000002,25.235196450151182,25.219823293683373,24.0,0.0,0.9964841513899516,0.24113363266892957,0.028225253087061575
17.0,25.219823293683373,25.20449937119453,24.0,0.0,0.9962201484438515,0.24113363266892957,0.028225253087061575
17.1,25.20449937119453,25.189226182442205,24.0,0.0,0.9959247653068969,0.24113363266892957,0.028225253087061575
17.2,25.189226182442205,25.174005200467445,24.0,0.0,0.9955985068183297,0.24113363266892957,0.028225253087061575
17.3,25.174005200467445,25.15883787178543,24.0,0.0,0.9952418755328396,0.24113363266892957,0.028225253087061575
17.400000000000002,25.15883787178543,25.14372561657777,24.0,0.0,0.9948553716916633,0.24113363266892957,0.028225253087061575
17.5,25.14372561657777,25.12866982888638,24.0,0.0,0.9944394931946262,0.24113363266892957,0.028225253087061575
17.6,25.12866982888638,25.113671876808972,24.0,0.0,0.9939947355731146,0.24113363266892957,0.028225253087061575
17.7,25.113671876808972,25.098733102696066,24.0,0.0,0.9935215919639823,0.24113363266892957,0.028225253087061575
17.8,25.098733102696066,25.083854823349526,24.0,0.0,0.9930205530843894,0.24113363266892957,0.028225253087061575
17.900000000000002,25.083854823349526,25.069038330222565,24.0,0.0,0.9924921072075624,0.24113363266892957,0.028225253087061575
18.0,25.069038330222565,25.053836627298008,24.0,0.0,0.9974414920970193,0.24910541390412722,0.027433087651120864
18.1,25.053836627298008,25.038709087407398,24.0,0.0,0.9965456648546127,0.24910541390412722,0.027433087651120864
18.2,25.038709087407398,25.02365677791738,24.0,0.0,0.9956268125126974,0.24910541390412722,0.027433087651120864
18.3,25.02365677791738,25.008680739965666,24.0,0.0,0.9946854073383009,0.24910541390412722,0.027433087651120864
18.400000000000002,25.008680739965666,24.993781988670918,24.0,0.0,0.9937219179208425,0.24910541390412722,0.027433087651120864
18.5,24.993781988670918,24.978961513343087,24.0,0.0,0.9927368091530412,0.24910541390412722,0.027433087651120864
18.6,24.978961513343087,24.96422027769416,24.0,0.0,0.9917305422125074,0.24910541390412722,0.027433087651120864
18.7,24.96422027769416,24.949559220049263,24.0,0.0,0.9907035745440205,0.24910541390412722,0.027433087651120864
18.8,24.949559220049263,24.93497925355811,24.0,0.0,0.9896563598424701,0.24910541390412722,0.027433087651120864
18.900000000000002,24.93497925355811,24.92048126640673,24.0,0.0,0.9885893480364676,0.24910541390412722,0.027433087651120864
19.0,24.92048126640673,24.906066122029422,24.0,0.0,0.9875029852726005,0.24910541390412722,0.027433087651120864
19.1,24.906066122029422,24.89173465932097,24.0,0.0,0.9863977139003384,0.24910541390412722,0.027433087651120864
19.200000000000003,24.89173465932097,24.87748769284898,24.0,0.0,0.9852739724575674,0.24910541390412722,0.027433087651120864
19.3,24.87748769284898,24.863326013066366,24.0,0.0,0.9841321956567546,0.24910541390412722,0.027433087651120864
19.400000000000002,24.863326013066366,24.849250386523934,24.0,0.0,0.982972814371723,0.24910541390412722,0.027433087651120864
19.5,24.849250386523934,24.835261556083015,24.0,0.0,0.9817962556250364,0.24910541390412722,0.027433087651120864
19.6,24.835261556083015,24.821360241128122,24.0,0.0,0.9806029425759804,0.24910541390412722,0.027433087651120864
19.700000000000003,24.821360241128122,24.80754713777958,24.0,0.0,0.9793932945091315,0.24910541390412722,0.027433087651120864
19.8,24.80754713777958,24.7938229191061,24.0,0.0,0.9781677268235041,0.24910541390412722,0.027433087651120864
19.900000000000002,24.7938229191061,24.780188235337267,24.0,0.0,0.9769266510222665,0.24910541390412722,0.027433087651120864
20.0,24.780188235337267,24.766424073556475,24.0,0.0,0.9926240766309337,0.27100308663667366,0.025757790416907327
20.1,24.766424073556475,24.75276430447505,24.0,0.0,0.9908680853690865,0.27100308663667366,0.025757790416907327
20.200000000000003,24.75276430447505,24.739209326137537,24.0,0.0,0.989105200304076,0.27100308663667366,0.025757790416907327
20.3,24.739209326137537,24.725759515759687,24.0,0.0,0.987335799225004,0.27100308663667366,0.025757790416907327
20.400000000000002,24.725759515759687,24.71241522997909,24.0,0.0,0.9855602552479301,0.27100308663667366,0.025757790416907327
20.5,24.71241522997909,24.699176805105296,24.0,0.0,0.9837789368307879,0.27100308663667366,0.025757790416907327
20.6,24.699176805105296,24.686044557369446,24.0,0.0,0.9819922077888084,0.27100308663667366,0.025757790416907327
20.700000000000003,24.686044557369446,24.673018783173347,24.0,0.0,0.9802004273104538,0.27100308663667366,0.025757790416907327
20.8,24.673018783173347,24.660099759337992,24.0,0.0,0.978403949973841,0.27100308663667366,0.025757790416907327
20.900000000000002,24.660099759337992,24.647287743351498,24.0,0.0,0.9766031257636547,0.27100308663667366,0.025757790416907327
21.0,24.647287743351498,24.634582973616432,24.0,0.0,0.9747983000885445,0.27100308663667366,0.025757790416907327
21.1,24.634582973616432,24.621985669696507,24.0,0.0,0.9729898137989883,0.27100308663667366,0.025757790416907327
21.200000000000003,24.621985669696507,24.609496032562625,24.0,0.0,0.9711780032056245,0.27100308663667366,0.025757790416907327
21.3,24.609496032562625,24.59711424483823,24.0,0.0,0.969363200098039,0.27100308663667366,0.025757790416907327
21.400000000000002,24.59711424483823,24.584840471044007,24.0,0.0,0.9675457317639976,0.27100308663667366,0.025757790416907327
21.5,24.584840471044007,24.572674857841807,24.0,0.0,0.9657259210091302,0.27100308663667366,0.025757790416907327
21.6,24.572674857841807,24.56061753427788,24.0,0.0,0.9639040861770385,0.27100308663667366,0.025757790416907327
21.700000000000003,24.56061753427788,24.548668612025335,24.0,0.0,0.9620805411698347,0.27100308663667366,0.025757790416907327
21.8,24.548668612025335,24.53682818562581,24.0,0.0,0.9602555954691012,0.27100308663667366,0.025757790416907327
21.900000000000002,24.53682818562581,24.52509633273038,24.0,0.0,0.95842955415726,0.27100308663667366,0.025757790416907327
22.0,24.52509633273038,24.512796662800618,24.0,0.0,0.9770485263549747,0.3102657204390142,0.022503975894371493
22.1,24.512796662800618,24.5006284020742,24.0,0.0,0.9743863567768924,0.3102657204390142,0.022503975894371493
22.200000000000003,24.5006284020742,24.488591170208885,24.0,0.0,0.9717375755453519,0.3102657204390142,0.022503975894371493
22.3,24.488591170208885,24.476684573685546,24.0,0.0,0.9691023595202272,0.3102657204390142,0.022503975894371493
22.400000000000002,24.476684573685546,24.464908206060354,24.0,0.0,0.9664808805874806,0.3102657204390142,0.022503975894371493
22.5,24.464908206060354,24.453261648215086,24.0,0.0,0.9638733057083235,0.3102657204390142,0.022503975894371493
22.6,24.453261648215086,24.441744468605595,24.0,0.0,0.9612797969683544,0.3102657204390142,0.022503975894371493
22.700000000000003,24.441744468605595,24.430356223508394,24.0,0.0,0.9587005116266873,0.3102657204390142,0.022503975894371493
22.8,24.430356223508394,24.419096457265344,24.0,0.0,0.9561356021650507,0.3102657204390142,0.022503975894371493
22.900000000000002,24.419096457265344,24.407964702526463,24.0,0.0,0.9535852163368473,0.3102657204390142,0.022503975894371493
23.0,24.407964702526463,24.396960480490833,24.0,0.0,0.9510494972161794,0.3102657204390142,0.022503975894371493
23.1,24.396960480490833,24.386083301145565,24.0,0.0,0.948528583246822,0.3102657204390142,0.022503975894371493
23.200000000000003,24.386083301145565,24.37533266350287,24.0,0.0,0.9460226082911378,0.3102657204390142,0.022503975894371493
23.3,24.37533266350287,24.364708055835195,24.0,0.0,0.9435317016789324,0.3102657204390142,0.022503975894371493
23.400000000000002,24.364708055835195,24.35420895590839,24.0,0.0,0.9410559882562388,0.3102657204390142,0.022503975894371493
23.5,24.35420895590839,24.343834831212973,24.0,0.0,0.9385955884340211,0.3102657204390142,0.022503975894371493
23.6,24.343834831212973,24.333585139193392,24.0,0.0,0.9361506182367996,0.3102657204390142,0.022503975894371493
23.700000000000003,24.333585139193392,24.32345932747536,24.0,0.0,0.933721189351179,0.3102657204390142,0.022503975894371493
23.8,24.32345932747536,24.3134568340912,24.0,0.0,0.9313074091742851,0.3102657204390142,0.022503975894371493
23.900000000000002,24.3134568340912,24.303577087703218,24.0,0.0,0.9289093808620936,0.3102657204390142,0.022503975894371493
24.0,24.303577087703218,24.293003716665943,24.0,0.0,0.9433236840171922,0.36586708507965865,0.01977584805660612
24.1,24.293003716665943,24.282589301546025,24.0,0.0,0.9400346752743994,0.36586708507965865,0.01977584805660612
24.200000000000003,24.282589301546025,24.272332515350264,24.0,0.0,0.9367832278806453,0.36586708507965865,0.01977584805660612
24.3,24.272332515350264,24.26223203064713,24.0,0.0,0.9335691680573609,0.36586708507965865,0.01977584805660612
24.400000000000002,24.26223203064713,24.252286519767402,24.0,0.0,0.9303923192404988,0.36586708507965865,0.01977584805660612
24.5,24.252286519767402,24.242494655001856,24.0,0.0,0.9272525021534698,0.36586708507965865,0.01977584805660612
24.6,24.242494655001856,24.232855108796006,24.0,0.0,0.9241495348793908,0.36586708507965865,0.01977584805660612
24.700000000000003,24.232855108796006,24.223366553941908,24.0,0.0,0.9210832329326412,0.36586708507965865,0.01977584805660612
24.8,24.223366553941908,24.214027663767048,24.0,0.0,0.9180534093297222,0.36586708507965865,0.01977584805660612
24.900000000000002,24.214027663767048,24.20483711232033,24.0,0.0,0.915059874659424,0.36586708507965865,0.01977584805660612
25.0,24.20483711232033,24.19579357455519,24.0,0.0,0.9121024371522988,0.36586708507965865,0.01977584805660612
25.1,24.19579357455519,24.186895726509828,24.0,0.0,0.9091809027494451,0.36586708507965865,0.01977584805660612
25.200000000000003,24.186895726509828,24.178142245484608,24.0,0.0,0.9062950751705958,0.36586708507965865,0.01977584805660612
25.3,24.178142245484608,24.169531810216597,24.0,0.0,0.903444755981515,0.36586708507965865,0.01977584805660612
25.400000000000002,24.169531810216597,24.161063101051315,24.0,0.0,0.9006297446607012,0.36586708507965865,0.01977584805660612
25.5,24.161063101051315,24.152734800111666,24.0,0.0,0.8978498386654038,0.36586708507965865,0.01977584805660612
25.6,24.152734800111666,24.144545591464098,24.0,0.0,0.8951048334969447,0.36586708507965865,0.01977584805660612
25.700000000000003,24.144545591464098,24.13649416128199,24.0,0.0,0.8923945227653544,0.36586708507965865,0.01977584805660612
25.8,24.13649416128199,24.1285791980063,24.0,0.0,0.8897186982533172,0.36586708507965865,0.01977584805660612
25.900000000000002,24.1285791980063,24.120799392503464,24.0,0.0,0.8870771499794287,0.36586708507965865,0.01977584805660612
26.0,24.120799392503464,24.112483255847177,24.0,0.0,0.889388761076193,0.4067195306460669,0.0184632759526601
26.1,24.112483255847177,24.10433982809182,24.0,0.0,0.8862141068178355,0.4067195306460669,0.0184632759526601
26.200000000000003,24.10433982809182,24.096366749144078,24.0,0.0,0.8830946612072178,0.4067195306460669,0.0184632759526601
26.3,24.096366749144078,24.088561677615445,24.0,0.0,0.8800297788679987,0.4067195306460669,0.0184632759526601
26.400000000000002,24.088561677615445,24.080922290840068,24.0,0.0,0.8770188177084787,0.4067195306460669,0.0184632759526601
26.5,24.080922290840068,24.07344628488961,24.0,0.0,0.8740611389634235,0.4067195306460669,0.0184632759526601
26.6,24.07344628488961,24.066131374585137,24.0,0.0,0.8711561072347074,0.4067195306460669,0.0184632759526601
26.700000000000003,24.066131374585137,24.058975293506098,24.0,0.0,0.8683030905307635,0.4067195306460669,0.0184632759526601
26.8,24.058975293506098,24.051975793996437,24.0,0.0,0.865501460304871,0.4067195306460669,0.0184632759526601
26.900000000000002,24.051975793996437,24.045130647167866,24.0,0.0,0.8627505914922858,0.4067195306460669,0.0184632759526601
27.0,24.045130647167866,24.038437642900355,24.0,0.0,0.8600498625462243,0.4067195306460669,0.0184632759526601
27.1,24.038437642900355,24.031894589839883,24.0,0.0,0.857398655472714,0.4067195306460669,0.0184632759526601
27.200000000000003,24.031894589839883,24.025499315393457,24.0,0.0,0.8547963558643276,0.4067195306460669,0.0184632759526601
27.3,24.025499315393457,24.019249665721507,24.0,0.0,0.8522423529327957,0.4067195306460669,0.0184632759526601
27.400000000000002,24.019249665721507,24.013143505727616,24.0,0.0,0.849736039540539,0.4067195306460669,0.0184632759526601
27.5,24.013143505727616,24.0071787190457,24.0,0.0,0.8472768122310973,0.4067195306460669,0.0184632759526601
27.6,24.0071787190457,24.001353208024625,24.0,0.0,0.8448640712584977,0.4067195306460669,0.0184632759526601
27.700000000000003,24.001353208024625,23.995664893710323,24.0,0.0,0.8424972206155502,0.4067195306460669,0.0184632759526601
27.8,23.995664893710323,23.990111715825467,24.0,0.0,0.840175668061099,0.4067195306460669,0.0184632759526601
27.900000000000002,23.990111715825467,23.984691632746696,24.0,0.0,0.837898825146235,0.4067195306460669,0.0184632759526601
28.0,23.984691632746696,23.979206348777506,24.0,0.0,0.8353305537331155,0.42861271561993436,0.018727569609548935
28.1,23.979206348777506,23.973875092009607,24.0,0.0,0.832940549820064,0.42861271561993436,0.018727569609548935
28.200000000000003,23.973875092009607,23.968694891394886,24.0,0.0,0.8306065797758143,0.42861271561993436,0.018727569609548935
28.3,23.968694891394886,23.96366281645403,24.0,0.0,0.8283276530628292,0.42861271561993436,0.018727569609548935
28.400000000000002,23.96366281645403,23.95877597694311,24.0,0.0,0.8261027910437982,0.42861271561993436,0.018727569609548935
28.5,23.95877597694311,23.95403152252019,24.0,0.0,0.8239310269140855,0.42861271561993436,0.018727569609548935
28.6,23.95403152252019,23.949426642411968,24.0,0.0,0.8218114056335583,0.42861271561993436,0.018727569609548935
28.700000000000003,23.949426642411968,23.944958565080498,24.0,0.0,0.8197429838578073,0.42861271561993436,0.018727569609548935
28.8,23.944958565080498,23.940624557890054,24.0,0.0,0.8177248298687796,0.42861271561993436,0.018727569609548935
28.900000000000002,23.940624557890054,23.93642192677418,24.0,0.0,0.8157560235048459,0.42861271561993436,0.018727569609548935
29.0,23.93642192677418,23.93234801590295,24.0,0.0,0.8138356560903247,0.42861271561993436,0.018727569609548935
29.1,23.93234801590295,23.928400207350506,24.0,0.0,0.8119628303644727,0.42861271561993436,0.018727569609548935
29.200000000000003,23.928400207350506,23.92457592076291,24.0,0.0,0.8101366604099753,0.42861271561993436,0.018727569609548935
29.3,23.92457592076291,23.920872613026344,24.0,0.0,0.8083562715809411,0.42861271561993436,0.018727569609548935
29.400000000000002,23.920872613026344,23.91728777793572,24.0,0.0,0.8066208004304387,0.42861271561993436,0.018727569609548935
29.5,23.91728777793572,23.913818945863706,24.0,0.0,0.8049293946375697,0.42861271561993436,0.018727569609548935
29.6,23.913818945863706,23.910463683430258,24.0,0.0,0.8032812129341185,0.42861271561993436,0.018727569609548935
29.700000000000003,23.910463683430258,23.90721959317265,24.0,0.0,0.8016754250307865,0.42861271561993436,0.018727569609548935
29.8,23.90721959317265,23.904084313216064,24.0,0.0,0.80011121154303,0.42861271561993436,0.018727569609548935
29.900000000000002,23.904084313216064,23.9010555169448,24.0,0.0,0.7985877639165202,0.42861271561993436,0.018727569609548935
30.0,23.9010555169448,23.898144301314858,24.0,0.0,0.7970815403123495,0.42877597946516693,0.019393597964425788
30.1,23.898144301314858,23.89534296698741,24.0,0.0,0.7956357461321177,0.42877597946516693,0.019393597964425788
30.200000000000003,23.89534296698741,23.892648730166485,24.0,0.0,0.7942316336198175,0.42877597946516693,0.019393597964425788
30.3,23.892648730166485,23.890058860462958,24.0,0.0,0.7928682168512019,0.42877597946516693,0.019393597964425788
30.400000000000002,23.890058860462958,23.88757068015337,24.0,0.0,0.7915445275063916,0.42877597946516693,0.019393597964425788
30.5,23.88757068015337,23.885181563445133,24.0,0.0,0.7902596146542105,0.42877597946516693,0.019393597964425788
30.6,23.885181563445133,23.882888935748113,24.0,0.0,0.7890125445378348,0.42877597946516693,0.019393597964425788
30.700000000000003,23.882888935748113,23.880690272952595,24.0,0.0,0.7878024003617671,0.42877597946516693,0.019393597964425788
30.8,23.880690272952595,23.87858310071362,24.0,0.0,0.786628282080145,0.42877597946516693,0.019393597964425788
30.900000000000002,23.87858310071362,23.876564993741674,24.0,0.0,0.7854893061863918,0.42877597946516693,0.019393597964425788
31.0,23.876564993741674,23.874633575099743,24.0,0.0,0.7843846055042192,0.42877597946516693,0.019393597964425788
31.1,23.874633575099743,23.872786515506686,24.0,0.0,0.7833133289799927,0.42877597946516693,0.019393597964425788
31.200000000000003,23.872786515506686,23.87102153264695,24.0,0.0,0.7822746414764573,0.42877597946516693,0.019393597964425788
31.3,23.87102153264695,23.869336390486588,24.0,0.0,0.7812677235678434,0.42877597946516693,0.019393597964425788
31.400000000000002,23.869336390486588,23.867728898595605,24.0,0.0,0.7802917713363478,0.42877597946516693,0.019393597964425788
31.5,23.867728898595605,23.86619691147656,24.0,0.0,0.7793459961700144,0.42877597946516693,0.019393597964425788
31.6,23.86619691147656,23.86473832789947,24.0,0.0,0.7784296245619959,0.42877597946516693,0.019393597964425788
31.700000000000003,23.86473832789947,23.86335109024296,24.0,0.0,0.777541897911226,0.42877597946516693,0.019393597964425788
31.8,23.86335109024296,23.862033183841667,24.0,0.0,0.7766820723244949,0.42877597946516693,0.019393597964425788
31.900000000000002,23.862033183841667,23.86078263633986,24.0,0.0,0.775849418419936,0.42877597946516693,0.019393597964425788
32.0,23.86078263633986,23.859598424542266,24.0,0.0,0.7793152349838725,0.39790636235464133,0.021230499534164712
32.1,23.859598424542266,23.85847780645411,24.0,0.0,0.7785459500169997,0.39790636235464133,0.021230499534164712
32.2,23.85847780645411,23.857418801794953,24.0,0.0,0.777799590263538,0.39790636235464133,0.021230499534164712
32.300000000000004,23.857418801794953,23.85641947949959,24.0,0.0,0.7770754985656885,0.39790636235464133,0.021230499534164712
32.4,23.85641947949959,23.855477956770166,24.0,0.0,0.7763730332489605,0.39790636235464133,0.021230499534164712
32.5,23.855477956770166,23.85459239814163,24.0,0.0,0.7756915678474746,0.39790636235464133,0.021230499534164712
32.6,23.85459239814163,23.85376101456041,24.0,0.0,0.7750304908325905,0.39790636235464133,0.021230499534164712
32.7,23.85376101456041,23.852982062476162,24.0,0.0,0.7743892053448399,0.39790636235464133,0.021230499534164712
32.800000000000004,23.852982062476162,23.852253842946524,24.0,0.0,0.7737671289291375,0.39790636235464133,0.021230499534164712
32.9,23.852253842946524,23.851574700754696,24.0,0.0,0.7731636932732538,0.39790636235464133,0.021230499534164712
33.0,23.851574700754696,23.850943023539784,24.0,0.0,0.7725783439495335,0.39790636235464133,0.021230499534164712
33.1,23.850943023539784,23.850357240939765,24.0,0.0,0.7720105401598353,0.39790636235464133,0.021230499534164712
33.2,23.850357240939765,23.84981582374694,24.0,0.0,0.7714597544836789,0.39790636235464133,0.021230499534164712
33.300000000000004,23.84981582374694,23.849317283075795,24.0,0.0,0.7709254726295679,0.39790636235464133,0.021230499534164712
33.4,23.849317283075795,23.848860169543112,24.0,0.0,0.77040719318948,0.39790636235464133,0.021230499534164712
33.5,23.848860169543112,23.848443072460256,24.0,0.0,0.7699044273964962,0.39790636235464133,0.021230499534164712
33.6,23.848443072460256,23.848064619037476,24.0,0.0,0.7694166988855551,0.39790636235464133,0.021230499534164712
33.7,23.848064619037476,23.84772347360015,24.0,0.0,0.7689435434573013,0.39790636235464133,0.021230499534164712
33.800000000000004,23.84772347360015,23.84741833681683,24.0,0.0,0.7684845088450217,0.39790636235464133,0.021230499534164712
33.9,23.84741833681683,23.84714794493896,24.0,0.0,0.7680391544846364,0.39790636235464133,0.021230499534164712
34.0,23.84714794493896,23.84674061498839,24.0,0.0,0.7710916166570241,0.37493902026968523,0.022934112067690488
34.1,23.84674061498839,23.846366011202658,24.0,0.0,0.770587405973303,0.37493902026968523,0.022934112067690488
34.2,23.846366011202658,23.846023055639503,24.0,0.0,0.7700946064852424,0.37493902026968523,0.022934112067690488
34.300000000000004,23.846023055639503,23.845710701953628,24.0,0.0,0.7696128866126164,0.37493902026968523,0.022934112067690488
34.4,23.845710701953628,23.84542793462133,24.0,0.0,0.769141924222433,0.37493902026968523,0.022934112067690488
34.5,23.84542793462133,23.84517376817994,24.0,0.0,0.7686814064089041,0.37493902026968523,0.022934112067690488
34.6,23.84517376817994,23.8449472464819,24.0,0.0,0.7682310292772259,0.37493902026968523,0.022934112067690488
34.7,23.8449472464819,23.844747441963253,24.0,0.0,0.7677904977311344,0.37493902026968523,0.022934112067690488
34.800000000000004,23.844747441963253,23.844573454926337,24.0,0.0,0.7673595252641862,0.37493902026968523,0.022934112067690488
34.9,23.844573454926337,23.844424412836503,24.0,0.0,0.7669378337547238,0.37493902026968523,0.022934112067690488
35.0,23.844424412836503,23.844299469632645,24.0,0.0,0.766525153264482,0.37493902026968523,0.022934112067690488
35.1,23.844299469632645,23.844197805051344,24.0,0.0,0.7661212218407939,0.37493902026968523,0.022934112067690488
35.2,23.844197805051344,23.84411862396442,24.0,0.0,0.7657257853223502,0.37493902026968523,0.022934112067690488
35.300000000000004,23.84411862396442,23.844061155729726,24.0,0.0,0.7653385971484683,0.37493902026968523,0.022934112067690488
35.4,23.844061155729726,23.844024653554982,24.0,0.0,0.7649594181718355,0.37493902026968523,0.022934112067690488
35.5,23.844024653554982,23.84400839387442,24.0,0.0,0.7645880164746826,0.37493902026968523,0.022934112067690488
35.6,23.84400839387442,23.84401167573813,24.0,0.0,0.7642241671883332,0.37493902026968523,0.022934112067690488
35.7,23.84401167573813,23.844033820213824,24.0,0.0,0.7638676523161094,0.37493902026968523,0.022934112067690488
35.800000000000004,23.844033820213824,23.844074169800923,24.0,0.0,0.7635182605595316,0.37493902026968523,0.022934112067690488
35.9,23.844074169800923,23.84413208785673,24.0,0.0,0.7631757871477836,0.37493902026968523,0.022934112067690488
36.0,23.84413208785673,23.844067923296244,24.0,0.0,0.764442854602493,0.364593208423511,0.023560229378343032
36.1,23.844067923296244,23.844024196848046,24.0,0.0,0.7640520810900594,0.364593208423511,0.023560229378343032
36.2,23.844024196848046,23.844000351268026,24.0,0.0,0.763668656154045,0.364593208423511,0.023560229378343032
36.300000000000004,23.844000351268026,23.843995845321434,24.0,0.0,0.7632924234668119,0.364593208423511,0.023560229378343032
36.4,23.843995845321434,23.84401015332611,24.0,0.0,0.7629232312624669,0.364593208423511,0.023560229378343032
36.5,23.84401015332611,23.84404276470673,24.0,0.0,0.762560932206965,0.364593208423511,0.023560229378343032
36.6,23.84404276470673,23.844093183559938,24.0,0.0,0.7622053832711848,0.364593208423511,0.023560229378343032
36.7,23.844093183559938,23.84416092823008,24.0,0.0,0.7618564456069428,0.364593208423511,0.023560229378343032
36.800000000000004,23.84416092823008,23.844245530895446,24.0,0.0,0.7615139844258834,0.364593208423511,0.023560229378343032
36.9,23.844245530895446,23.844346537164675,24.0,0.0,0.7611778688812092,0.364593208423511,0.023560229378343032
37.0,23.844346537164675,23.84446350568329,24.0,0.0,0.760847971952185,0.364593208423511,0.023560229378343032
37.1,23.84446350568329,23.844596007750027,24.0,0.0,0.7605241703313909,0.364593208423511,0.023560229378343032
37.2,23.844596007750027,23.84474362694286,24.0,0.0,0.7602063443146534,0.364593208423511,0.023560229378343032
37.300000000000004,23.84474362694286,23.844905958754488,24.0,0.0,0.759894377693626,0.364593208423511,0.023560229378343032
37.4,23.844905958754488,23.84508261023711,24.0,0.0,0.7595881576509603,0.364593208423511,0.023560229378343032
37.5,23.84508261023711,23.84527319965633,24.0,0.0,0.7592875746580315,0.364593208423511,0.023560229378343032
37.6,23.84527319965633,23.845477356153946,24.0,0.0,0.7589925223751688,0.364593208423511,0.023560229378343032
37.7,23.845477356153946,23.845694719419527,24.0,0.0,0.7587028975543393,0.364593208423511,0.023560229378343032
37.800000000000004,23.845694719419527,23.845924939370544,24.0,0.0,0.7584185999442541,0.364593208423511,0.023560229378343032
37.9,23.845924939370544,23.846167675840903,24.0,0.0,0.7581395321978475,0.364593208423511,0.023560229378343032
38.0,23.846167675840903,23.84635864545571,24.0,0.0,0.7590260224839156,0.3570121521578757,0.02393653540616961
38.1,23.84635864545571,23.84656425453378,24.0,0.0,0.7587264367848042,0.3570121521578757,0.02393653540616961
38.2,23.84656425453378,23.84678413685107,24.0,0.0,0.7584325697088777,0.3570121521578757,0.02393653540616961
38.300000000000004,23.84678413685107,23.847017934247575,24.0,0.0,0.7581443246748895,0.3570121521578757,0.02393653540616961
38.400000000000006,23.847017934247575,23.847265296405105,24.0,0.0,0.7578616071232451,0.3570121521578757,0.02393653540616961
38.5,23.847265296405105,23.847525880631352,24.0,0.0,0.7575843244554324,0.3570121521578757,0.02393653540616961
38.6,23.847525880631352,23.84779935165007,24.0,0.0,0.757312385975184,0.3570121521578757,0.02393653540616961
38.7,23.84779935165007,23.84808538139728,24.0,0.0,0.7570457028313228,0.3570121521578757,0.02393653540616961
38.800000000000004,23.84808538139728,23.8483836488233,24.0,0.0,0.7567841879622649,0.3570121521578757,0.02393653540616961
38.900000000000006,23.8483836488233,23.848693839700513,24.0,0.0,0.756527756042138,0.3570121521578757,0.02393653540616961
39.0,23.848693839700513,23.84901564643665,24.0,0.0,0.7562763234284731,0.3570121521578757,0.02393653540616961
39.1,23.84901564643665,23.849348767893567,24.0,0.0,0.7560298081114362,0.3570121521578757,0.02393653540616961
39.2,23.849348767893567,23.849692909211257,24.0,0.0,0.7557881296645695,0.3570121521578757,0.02393653540616961
39.300000000000004,23.849692909211257,23.850047781637073,24.0,0.0,0.7555512091969983,0.3570121521578757,0.02393653540616961
39.400000000000006,23.850047781637073,23.85041310235996,24.0,0.0,0.7553189693070728,0.3570121521578757,0.02393653540616961
39.5,23.85041310235996,23.850788594349588,24.0,0.0,0.7550913340374118,0.3570121521578757,0.02393653540616961
39.6,23.850788594349588,23.85117398620031,24.0,0.0,0.7548682288313119,0.3570121521578757,0.02393653540616961
39.7,23.85117398620031,23.851569011979716,24.0,0.0,0.7546495804904941,0.3570121521578757,0.02393653540616961
39.800000000000004,23.851569011979716,23.851973411081794,24.0,0.0,0.7544353171341466,0.3570121521578757,0.02393653540616961
39.900000000000006,23.851973411081794,23.85238692808447,24.0,0.0,0.7542253681592402,0.3570121521578757,0.02393653540616961
40.0,23.85238692808447,23.852763011552515,24.0,0.0,0.7552509659924143,0.3486377867425803,0.0242660464654232
40.1,23.852763011552515,23.8531491728157,24.0,0.0,0.7550247969400341,0.3486377867425803,0.0242660464654232
40.2,23.8531491728157,23.853545133436796,24.0,0.0,0.7548030784485631,0.3486377867425803,0.0242660464654232
40.300000000000004,23.853545133436796,23.853950620220893,24.0,0.0,0.7545857372234278,0.3486377867425803,0.0242660464654232
40.400000000000006,23.853950620220893,23.85436536510859,24.0,0.0,0.754372701134792,0.3486377867425803,0.0242660464654232
40.5,23.85436536510859,23.85478910507213,24.0,0.0,0.7541638991927759,0.3486377867425803,0.0242660464654232
40.6,23.85478910507213,23.855221582014412,24.0,0.0,0.7539592615234587,0.3486377867425803,0.0242660464654232
40.7,23.855221582014412,23.85566254267078,24.0,0.0,0.7537587193456307,0.3486377867425803,0.0242660464654232
40.800000000000004,23.85566254267078,23.8561117385135,24.0,0.0,0.7535622049482815,0.3486377867425803,0.0242660464654232
40.900000000000006,23.8561117385135,23.856568925658912,24.0,0.0,0.7533696516687964,0.3486377867425803,0.0242660464654232
41.0,23.856568925658912,23.857033864777062,24.0,0.0,0.7531809938718451,0.3486377867425803,0.0242660464654232
41.1,23.857033864777062,23.857506321003868,24.0,0.0,0.7529961669289367,0.3486377867425803,0.0242660464654232
41.2,23.857506321003868,23.857986063855673,24.0,0.0,0.7528151071986281,0.3486377867425803,0.0242660464654232
41.300000000000004,23.857986063855673,23.858472867146116,24.0,0.0,0.7526377520073655,0.3486377867425803,0.0242660464654232
41.400000000000006,23.858472867146116,23.858966508905283,24.0,0.0,0.7524640396309293,0.3486377867425803,0.0242660464654232
41.5,23.858966508905283,23.859466771301058,24.0,0.0,0.7522939092764807,0.3486377867425803,0.0242660464654232
41.6,23.859466771301058,23.859973440562587,24.0,0.0,0.7521273010651798,0.3486377867425803,0.0242660464654232
41.7,23.859973440562587,23.860486306905827,24.0,0.0,0.7519641560153597,0.3486377867425803,0.0242660464654232
41.800000000000004,23.860486306905827,23.86100516446109,24.0,0.0,0.7518044160262428,0.3486377867425803,0.0242660464654232
41.900000000000006,23.86100516446109,23.861529811202548,24.0,0.0,0.7516480238621805,0.3486377867425803,0.0242660464654232
42.0,23.861529811202548,23.8620109197332,24.0,0.0,0.7524962908286786,0.34138453834971316,0.02448204841521778
42.1,23.8620109197332,23.862498652907888,24.0,0.0,0.7523227083079256,0.34138453834971316,0.02448204841521778
42.2,23.862498652907888,23.862992800107932,24.0,0.0,0.7521525814089371,0.34138453834971316,0.02448204841521778
42.300000000000004,23.862992800107932,23.863493154689596,24.0,0.0,0.7519858539326019,0.34138453834971316,0.02448204841521778
42.400000000000006,23.863493154689596,23.863999513917772,24.0,0.0,0.7518224705308847,0.34138453834971316,0.02448204841521778
42.5,23.863999513917772,23.864511678901003,24.0,0.0,0.7516623766937588,0.34138453834971316,0.02448204841521778
42.6,23.864511678901003,23.865029454527793,24.0,0.0,0.7515055187364338,0.34138453834971316,0.02448204841521778
42.7,23.865029454527793,23.865552649404147,24.0,0.0,0.7513518437868663,0.34138453834971316,0.02448204841521778
42.800000000000004,23.865552649404147,23.866081075792337,24.0,0.0,0.7512012997735389,0.34138453834971316,0.02448204841521778
42.900000000000006,23.866081075792337,23.866614549550825,24.0,0.0,0.7510538354135062,0.34138453834971316,0.02448204841521778
43.0,23.866614549550825,23.867152890075342,24.0,0.0,0.750909400200691,0.34138453834971316,0.02448204841521778
43.1,23.867152890075342,23.867695920241083,24.0,0.0,0.7507679443944286,0.34138453834971316,0.02448204841521778
43.2,23.867695920241083,23.868243466345948,24.0,0.0,0.7506294190082511,0.34138453834971316,0.02448204841521778
43.300000000000004,23.868243466345948,23.86879535805488,24.0,0.0,0.7504937757988918,0.34138453834971316,0.02448204841521778
43.400000000000006,23.86879535805488,23.869351428345162,24.0,0.0,0.7503609672555238,0.34138453834971316,0.02448204841521778
43.5,23.869351428345162,23.869911513452763,24.0,0.0,0.7502309465891989,0.34138453834971316,0.02448204841521778
43.6,23.869911513452763,23.8704754528196,24.0,0.0,0.7501036677225026,0.34138453834971316,0.02448204841521778
43.7,23.8704754528196,23.87104308904176,24.0,0.0,0.7499790852794049,0.34138453834971316,0.02448204841521778
43.800000000000004,23.87104308904176,23.871614267818604,24.0,0.0,0.7498571545753012,0.34138453834971316,0.02448204841521778
43.900000000000006,23.871614267818604,23.872188837902794,24.0,0.0,0.7497378316072407,0.34138453834971316,0.02448204841521778
44.0,23.872188837902794,23.872726696313567,24.0,0.0,0.7503059990257925,0.3360140469140043,0.024598060972236373
44.1,23.872726696313567,23.8732687981158,24.0,0.0,0.7501736593586414,0.3360140469140043,0.024598060972236373
44.2,23.8732687981158,23.8738149842656,24.0,0.0,0.7500440789959455,0.3360140469140043,0.024598060972236373
44.300000000000004,23.8738149842656,23.874365098754673,24.0,0.0,0.7499172145434269,0.3360140469140043,0.024598060972236373
44.400000000000006,23.874365098754673,23.874918988561213,24.0,0.0,0.749793023243059,0.3360140469140043,0.024598060972236373
44.5,23.874918988561213,23.875476503601565,24.0,0.0,0.7496714629639146,0.3360140469140043,0.024598060972236373
44.6,23.875476503601565,23.876037496682663,24.0,0.0,0.7495524921931503,0.3360140469140043,0.024598060972236373
44.7,23.876037496682663,23.876601823455164,24.0,0.0,0.7494360700271339,0.3360140469140043,0.024598060972236373
44.800000000000004,23.876601823455164,23.877169342367335,24.0,0.0,0.7493221561626927,0.3360140469140043,0.024598060972236373
44.900000000000006,23.877169342367335,23.877739914619635,24.0,0.0,0.7492107108885004,0.3360140469140043,0.024598060972236373
45.0,23.877739914619635,23.87831340411999,24.0,0.0,0.7491016950765871,0.3360140469140043,0.024598060972236373
45.1,23.87831340411999,23.878889677439744,24.0,0.0,0.7489950701739677,0.3360140469140043,0.024598060972236373
45.2,23.878889677439744,23.87946860377029,24.0,0.0,0.7488907981943967,0.3360140469140043,0.024598060972236373
45.300000000000004,23.87946860377029,23.880050054880353,24.0,0.0,0.7487888417102364,0.3360140469140043,0.024598060972236373
45.400000000000006,23.880050054880353,23.880633905073893,24.0,0.0,0.7486891638444438,0.3360140469140043,0.024598060972236373
45.5,23.880633905073893,23.881220031148672,24.0,0.0,0.7485917282626656,0.3360140469140043,0.024598060972236373
45.6,23.881220031148672,23.881808312355425,24.0,0.0,0.7484964991654455,0.3360140469140043,0.024598060972236373
45.7,23.881808312355425,23.88239863035764,24.0,0.0,0.7484034412805405,0.3360140469140043,0.024598060972236373
45.800000000000004,23.88239863035764,23.88299086919192,24.0,0.0,0.7483125198553424,0.3360140469140043,0.024598060972236373
45.900000000000006,23.88299086919192,23.883584915228983,24.0,0.0,0.748223700649397,0.3360140469140043,0.024598060972236373
46.0,23.883584915228983,23.8841533284745,24.0,0.0,0.7486429580346623,0.33166075796344885,0.024665096493071345
46.1,23.8841533284745,23.884724187121876,24.0,0.0,0.7485457414693493,0.33166075796344885,0.024665096493071345
46.2,23.884724187121876,23.88529736887791,24.0,0.0,0.7484507439762321,0.33166075796344885,0.024665096493071345
46.300000000000004,23.88529736887791,23.885872753790785,24.0,0.0,0.7483579307254261,0.33166075796344885,0.024665096493071345
46.400000000000006,23.885872753790785,23.88645022421299,24.0,0.0,0.748267267367727,0.33166075796344885,0.024665096493071345
46.5,23.88645022421299,23.88702966476482,24.0,0.0,0.7481787200280013,0.33166075796344885,0.024665096493071345
46.6,23.88702966476482,23.8876109622984,24.0,0.0,0.7480922552986736,0.33166075796344885,0.024665096493071345
46.7,23.8876109622984,23.88819400586224,24.0,0.0,0.7480078402332951,0.33166075796344885,0.024665096493071345
46.800000000000004,23.88819400586224,23.888778686666324,24.0,0.0,0.7479254423402127,0.33166075796344885,0.024665096493071345
46.900000000000006,23.888778686666324,23.889364898047727,24.0,0.0,0.7478450295763162,0.33166075796344885,0.024665096493071345
47.0,23.889364898047727,23.88995253543671,24.0,0.0,0.7477665703408818,0.33166075796344885,0.024665096493071345
47.1,23.88995253543671,23.890541496323348,24.0,0.0,0.7476900334694919,0.33166075796344885,0.024665096493071345
47.2,23.890541496323348,23.891131680224653,24.0,0.0,0.7476153882280481,0.33166075796344885,0.024665096493071345
47.300000000000004,23.891131680224653,23.89172298865216,24.0,0.0,0.7475426043068631,0.33166075796344885,0.024665096493071345
47.400000000000006,23.89172298865216,23.892315325080016,24.0,0.0,0.7474716518148323,0.33166075796344885,0.024665096493071345
47.5,23.892315325080016,23.892908594913546,24.0,0.0,0.7474025012736922,0.33166075796344885,0.024665096493071345
47.6,23.892908594913546,23.893502705458268,24.0,0.0,0.7473351236123541,0.33166075796344885,0.024665096493071345
47.7,23.893502705458268,23.894097565889385,24.0,0.0,0.7472694901613182,0.33166075796344885,0.024665096493071345
47.800000000000004,23.894097565889385,23.894693087221725,24.0,0.0,0.7472055726471662,0.33166075796344885,0.024665096493071345
47.900000000000006,23.894693087221725,23.89528918228013,24.0,0.0,0.747143343187127,0.33166075796344885,0.024665096493071345
48.0,23.89528918228013,23.89586557586257,24.0,0.0,0.7474783924013775,0.3278788376758542,0.024702327432490442
48.1,23.89586557586257,23.89644297362716,24.0,0.0,0.7474101433950274,0.3278788376758542,0.024702327432490442
48.2,23.89644297362716,23.897021282024173,24.0,0.0,0.7473436499456185,0.3278788376758542,0.024702327432490442
48.300000000000004,23.897021282024173,23.89760040936018,24.0,0.0,0.7472788836296479,0.3278788376758542,0.024702327432490442
48.400000000000006,23.89760040936018,23.898180265769614,24.0,0.0,0.7472158164057503,0.3278788376758542,0.024702327432490442
48.5,23.898180265769614,23.898760763186733,24.0,0.0,0.7471544206098897,0.3278788376758542,0.024702327432490442
48.6,23.898760763186733,23.899341815318,24.0,0.0,0.7470946689506106,0.3278788376758542,0.024702327432490442
48.7,23.899341815318,23.89992333761483,24.0,0.0,0.7470365345043619,0.3278788376758542,0.024702327432490442
48.800000000000004,23.89992333761483,23.900505247246755,24.0,0.0,0.7469799907108703,0.3278788376758542,0.024702327432490442
48.900000000000006,23.900505247246755,23.901087463074948,24.0,0.0,0.746925011368586,0.3278788376758542,0.024702327432490442
49.0,23.901087463074948,23.90166990562614,24.0,0.0,0.7468715706301801,0.3278788376758542,0.024702327432490442
49.1,23.90166990562614,23.902252497066897,24.0,0.0,0.7468196429981087,0.3278788376758542,0.024702327432490442
49.2,23.902252497066897,23.902835161178277,24.0,0.0,0.7467692033202279,0.3278788376758542,0.024702327432490442
49.300000000000004,23.902835161178277,23.90341782333085,24.0,0.0,0.7467202267854729,0.3278788376758542,0.024702327432490442
49.400000000000006,23.90341782333085,23.904000410460057,24.0,0.0,0.7466726889195943,0.3278788376758542,0.024702327432490442
49.5,23.904000410460057,23.904582851041937,24.0,0.0,0.746626565580943,0.3278788376758542,0.024702327432490442
49.6,23.904582851041937,23.9051650750692,24.0,0.0,0.7465818329563214,0.3278788376758542,0.024702327432490442
49.7,23.9051650750692,23.905747014027632,24.0,0.0,0.7465384675568794,0.3278788376758542,0.024702327432490442
49.800000000000004,23.905747014027632,23.906328600872854,24.0,0.0,0.7464964462140709,0.3278788376758542,0.024702327432490442
49.900000000000006,23.906328600872854,23.9069097700074,24.0,0.0,0.7464557460756599,0.3278788376758542,0.024702327432490442
50.0,23.9069097700074,23.907474672029373,24.0,0.0,0.7467087908092376,0.32473642420212206,0.02471111305342456
50.1,23.907474672029373,23.90803947973747,24.0,0.0,0.7466635946878992,0.32473642420212206,0.02471111305342456
50.2,23.90803947973747,23.908604123555076,24.0,0.0,0.746619763642123,0.32473642420212206,0.02471111305342456
50.300000000000004,23.908604123555076,23.909168535386677,24.0,0.0,0.746577274672855,0.32473642420212206,0.02471111305342456
50.400000000000006,23.909168535386677,23.909732648595256,24.0,0.0,0.7465361050937395,0.32473642420212206,0.02471111305342456
50.5,23.909732648595256,23.910296397979945,24.0,0.0,0.7464962325273791,0.32473642420212206,0.02471111305342456
50.6,23.910296397979945,23.910859719754,24.0,0.0,0.7464576349016274,0.32473642420212206,0.02471111305342456
50.7,23.910859719754,23.911422551523067,24.0,0.0,0.7464202904459323,0.32473642420212206,0.02471111305342456
50.800000000000004,23.911422551523067,23.911984832263748,24.0,0.0,0.7463841776877166,0.32473642420212206,0.02471111305342456
50.900000000000006,23.911984832263748,23.912546502302444,24.0,0.0,0.7463492754488084,0.32473642420212206,0.02471111305342456
51.0,23.912546502302444,23.913107503294494,24.0,0.0,0.7463155628419037,0.32473642420212206,0.02471111305342456
51.1,23.913107503294494,23.913667778203585,24.0,0.0,0.7462830192670775,0.32473642420212206,0.02471111305342456
51.2,23.913667778203585,23.914227271281455,24.0,0.0,0.7462516244083295,0.32473642420212206,0.02471111305342456
51.300000000000004,23.914227271281455,23.914785928047845,24.0,0.0,0.7462213582301761,0.32473642420212206,0.02471111305342456
51.400000000000006,23.914785928047845,23.91534369527075,24.0,0.0,0.7461922009742747,0.32473642420212206,0.02471111305342456
51.5,23.91534369527075,23.915900520946913,24.0,0.0,0.746164133156093,0.32473642420212206,0.02471111305342456
51.6,23.915900520946913,23.9164563542826,24.0,0.0,0.7461371355616128,0.32473642420212206,0.02471111305342456
51.7,23.9164563542826,23.917011145674618,24.0,0.0,0.7461111892440749,0.32473642420212206,0.02471111305342456
51.800000000000004,23.917011145674618,23.917564846691597,24.0,0.0,0.7460862755207555,0.32473642420212206,0.02471111305342456
51.900000000000006,23.917564846691597,23.91811741005553,24.0,0.0,0.7460623759697885,0.32473642420212206,0.02471111305342456
52.0,23.91811741005553,23.918657120971197,24.0,0.0,0.7462451034156427,0.32222657043329156,0.024696743496421876
52.1,23.918657120971197,23.919195943400208,24.0,0.0,0.7462181221911601,0.32222657043329156,0.024696743496421876
52.2,23.919195943400208,23.919733827307162,24.0,0.0,0.7461921853886012,0.32222657043329156,0.024696743496421876
52.300000000000004,23.919733827307162,23.920270723823887,24.0,0.0,0.746167274567387,0.32222657043329156,0.024696743496421876
52.400000000000006,23.920270723823887,23.920806585231123,24.0,0.0,0.7461433715423609,0.32222657043329156,0.024696743496421876
52.5,23.920806585231123,23.921341364940474,24.0,0.0,0.746120458380727,0.32222657043329156,0.024696743496421876
52.6,23.921341364940474,23.92187501747659,24.0,0.0,0.7460985173990242,0.32222657043329156,0.024696743496421876
52.7,23.92187501747659,23.922407498459577,24.0,0.0,0.7460775311601358,0.32222657043329156,0.024696743496421876
52.800000000000004,23.922407498459577,23.922938764587645,24.0,0.0,0.7460574824703254,0.32222657043329156,0.024696743496421876
52.900000000000006,23.922938764587645,23.923468773619987,24.0,0.0,0.7460383543763105,0.32222657043329156,0.024696743496421876
53.0,23.923468773619987,23.92399748435988,24.0,0.0,0.7460201301623633,0.32222657043329156,0.024696743496421876
53.1,23.92399748435988,23.924524856638012,24.0,0.0,0.7460027933474457,0.32222657043329156,0.024696743496421876
53.2,23.924524856638012,23.92505085129602,24.0,0.0,0.7459863276823729,0.32222657043329156,0.024696743496421876
53.300000000000004,23.92505085129602,23.925575430170277,24.0,0.0,0.7459707171470077,0.32222657043329156,0.024696743496421876
53.400000000000006,23.925575430170277,23.926098556075846,24.0,0.0,0.7459559459474892,0.32222657043329156,0.024696743496421876
53.5,23.926098556075846,23.926620192790693,24.0,0.0,0.7459419985134847,0.32222657043329156,0.024696743496421876
53.6,23.926620192790693,23.927140305040083,24.0,0.0,0.7459288594954754,0.32222657043329156,0.024696743496421876
53.7,23.927140305040083,23.927658858481198,24.0,0.0,0.7459165137620715,0.32222657043329156,0.024696743496421876
53.800000000000004,23.927658858481198,23.928175819687944,24.0,0.0,0.7459049463973554,0.32222657043329156,0.024696743496421876
53.900000000000006,23.928175819687944,23.928691156135976,24.0,0.0,0.7458941426982513,0.32222657043329156,0.024696743496421876
54.0,23.928691156135976,23.929196631477243,24.0,0.0,0.7460262400471632,0.3202361278463774,0.02466649260822799
54.1,23.929196631477243,23.929700662305077,24.0,0.0,0.746013464436542,0.3202361278463774,0.02466649260822799
54.2,23.929700662305077,23.93020321415141,24.0,0.0,0.7460014695078013,0.3202361278463774,0.02466649260822799
54.300000000000004,23.93020321415141,23.930704253455865,24.0,0.0,0.7459902405748913,0.3202361278463774,0.02466649260822799
54.400000000000006,23.930704253455865,23.93120374755104,24.0,0.0,0.7459797631596579,0.3202361278463774,0.02466649260822799
54.5,23.93120374755104,23.93170166464799,24.0,0.0,0.7459700229893288,0.3202361278463774,0.02466649260822799
54.6,23.93170166464799,23.932197973821875,24.0,0.0,0.7459610059940323,0.3202361278463774,0.02466649260822799
54.7,23.932197973821875,23.932692644997857,24.0,0.0,0.7459526983043377,0.3202361278463774,0.02466649260822799
54.800000000000004,23.932692644997857,23.933185648937116,24.0,0.0,0.7459450862488275,0.3202361278463774,0.02466649260822799
54.900000000000006,23.933185648937116,23.933676957223103,24.0,0.0,0.7459381563516869,0.3202361278463774,0.02466649260822799
55.0,23.933676957223103,23.93416654224796,24.0,0.0,0.7459318953303291,0.3202361278463774,0.02466649260822799
55.1,23.93416654224796,23.934654377199124,24.0,0.0,0.74592629009304,0.3202361278463774,0.02466649260822799
55.2,23.934654377199124,23.935140436046094,24.0,0.0,0.7459213277366487,0.3202361278463774,0.02466649260822799
55.300000000000004,23.935140436046094,23.935624693527412,24.0,0.0,0.7459169955442237,0.3202361278463774,0.02466649260822799
55.400000000000006,23.935624693527412,23.936107125137784,24.0,0.0,0.7459132809827959,0.3202361278463774,0.02466649260822799
55.5,23.936107125137784,23.9365877071154,24.0,0.0,0.7459101717011014,0.3202361278463774,0.02466649260822799
55.6,23.9365877071154,23.93706641642941,24.0,0.0,0.745907655527355,0.3202361278463774,0.02466649260822799
55.7,23.93706641642941,23.93754323076757,24.0,0.0,0.7459057204670422,0.3202361278463774,0.02466649260822799
55.800000000000004,23.93754323076757,23.938018128524078,24.0,0.0,0.7459043547007357,0.3202361278463774,0.02466649260822799
55.900000000000006,23.938018128524078,23.938491088787536,24.0,0.0,0.7459035465819422,0.3202361278463774,0.02466649260822799
56.0,23.938491088787536,23.938956419445628,24.0,0.0,0.7459994220587184,0.31867726478863273,0.0246252864901093
56.1,23.938956419445628,23.93941993900637,24.0,0.0,0.7459973907941079,0.31867726478863273,0.0246252864901093
56.2,23.93941993900637,23.939881625353312,24.0,0.0,0.7459959238041458,0.31867726478863273,0.0246252864901093
56.300000000000004,23.939881625353312,23.940341457066285,24.0,0.0,0.74599500952648,0.31867726478863273,0.0246252864901093
56.400000000000006,23.940341457066285,23.940799413409636,24.0,0.0,0.7459946365679009,0.31867726478863273,0.0246252864901093
56.5,23.940799413409636,23.94125547432061,24.0,0.0,0.7459947937022753,0.31867726478863273,0.0246252864901093
56.6,23.94125547432061,23.941709620397916,24.0,0.0,0.7459954698685034,0.31867726478863273,0.0246252864901093
56.7,23.941709620397916,23.942161832890413,24.0,0.0,0.7459966541685019,0.31867726478863273,0.0246252864901093
56.800000000000004,23.942161832890413,23.942612093685977,24.0,0.0,0.7459983358652007,0.31867726478863273,0.0246252864901093
56.900000000000006,23.942612093685977,23.9430603853005,24.0,0.0,0.7460005043805674,0.31867726478863273,0.0246252864901093
57.0,23.9430603853005,23.943506690867068,24.0,0.0,0.7460031492936509,0.31867726478863273,0.0246252864901093
57.1,23.943506690867068,23.943950994125235,24.0,0.0,0.7460062603386467,0.31867726478863273,0.0246252864901093
57.2,23.943950994125235,23.9443932794105,24.0,0.0,0.7460098274029808,0.31867726478863273,0.0246252864901093
57.300000000000004,23.9443932794105,23.944833531643905,24.0,0.0,0.7460138405254169,0.31867726478863273,0.0246252864901093
57.400000000000006,23.944833531643905,23.945271736321754,24.0,0.0,0.7460182898941833,0.31867726478863273,0.0246252864901093
57.5,23.945271736321754,23.94570787950551,24.0,0.0,0.7460231658451194,0.31867726478863273,0.0246252864901093
57.6,23.94570787950551,23.946141947811814,24.0,0.0,0.7460284588598416,0.31867726478863273,0.0246252864901093
57.7,23.946141947811814,23.946573928402636,24.0,0.0,0.7460341595639329,0.31867726478863273,0.0246252864901093
57.800000000000004,23.946573928402636,23.947003808975577,24.0,0.0,0.7460402587251451,0.31867726478863273,0.0246252864901093
57.900000000000006,23.947003808975577,23.94743157775429,24.0,0.0,0.7460467472516297,0.31867726478863273,0.0246252864901093
58.0,23.94743157775429,23.947853387579837,24.0,0.0,0.7461176227789683,0.3174644640403914,0.02457743134335746
58.1,23.947853387579837,23.948273174667897,24.0,0.0,0.7461233694305079,0.3174644640403914,0.02457743134335746
58.2,23.948273174667897,23.948690926592263,24.0,0.0,0.7461295056636088,0.3174644640403914,0.02457743134335746
58.300000000000004,23.948690926592263,23.949106631450046,24.0,0.0,0.7461360225314828,0.3174644640403914,0.02457743134335746
58.400000000000006,23.949106631450046,23.94952027785231,24.0,0.0,0.746142911224221,0.3174644640403914,0.02457743134335746
58.5,23.94952027785231,23.94993185491485,24.0,0.0,0.7461501630670867,0.3174644640403914,0.02457743134335746
58.6,23.94993185491485,23.950341352249083,24.0,0.0,0.7461577695188253,0.3174644640403914,0.02457743134335746
58.7,23.950341352249083,23.950748759953072,24.0,0.0,0.7461657221699929,0.3174644640403914,0.02457743134335746
58.800000000000004,23.950748759953072,23.951154068602683,24.0,0.0,0.7461740127413028,0.3174644640403914,0.02457743134335746
58.900000000000006,23.951154068602683,23.951557269242844,24.0,0.0,0.7461826330819907,0.3174644640403914,0.02457743134335746
59.0,23.951557269242844,23.951958353378952,24.0,0.0,0.7461915751681932,0.3174644640403914,0.02457743134335746
59.1,23.951958353378952,23.952357312968374,24.0,0.0,0.7462008311013528,0.3174644640403914,0.02457743134335746
59.2,23.952357312968374,23.95275414041208,24.0,0.0,0.7462103931066291,0.3174644640403914,0.02457743134335746
59.300000000000004,23.95275414041208,23.9531488285464,24.0,0.0,0.7462202535313333,0.3174644640403914,0.02457743134335746
59.400000000000006,23.9531488285464,23.953541370634884,24.0,0.0,0.7462304048433829,0.3174644640403914,0.02457743134335746
59.5,23.953541370634884,23.95393176036028,24.0,0.0,0.746240839629764,0.3174644640403914,0.02457743134335746
59.6,23.95393176036028,23.95431999181663,24.0,0.0,0.7462515505950184,0.3174644640403914,0.02457743134335746
59.7,23.95431999181663,23.95470605950147,24.0,0.0,0.7462625305597426,0.3174644640403914,0.02457743134335746
59.800000000000004,23.95470605950147,23.95508995830815,24.0,0.0,0.7462737724591062,0.3174644640403914,0.02457743134335746
59.900000000000006,23.95508995830815,23.955471683518258,24.0,0.0,0.7462852693413843,0.3174644640403914,0.02457743134335746
60.0,23.955471683518258,23.960836197727918,24.0,1.0,0.7463483555970634,0.3163158526765546,0.024533526644059417
60.1,23.960836197727918,23.966173727018983,24.0,1.0,0.747949153864835,0.3163158526765546,0.024533526644059417
60.2,23.966173727018983,23.971484390434927,24.0,1.0,0.7495545112167794,0.3163158526765546,0.024533526644059417
60.300000000000004,23.971484390434927,23.97676830678247,24.0,1.0,0.7511643993967684,0.3163158526765546,0.024533526644059417
60.400000000000006,23.97676830678247,23.9820255946273,24.0,1.0,0.7527787903652594,0.3163158526765546,0.024533526644059417
60.5,23.9820255946273,23.987256372289874,24.0,1.0,0.7543976562973499,0.3163158526765546,0.024533526644059417
60.6,23.987256372289874,23.99246075784133,24.0,1.0,0.756020969580852,0.3163158526765546,0.024533526644059417
60.7,23.99246075784133,23.99763886909945,24.0,1.0,0.7576487028143805,0.3163158526765546,0.024533526644059417
60.800000000000004,23.99763886909945,24.002790823624753,24.0,1.0,0.7592808288054613,0.3163158526765546,0.024533526644059417
60.900000000000006,24.002790823624753,24.007916738716634,24.0,1.0,0.760917320568659,0.3163158526765546,0.024533526644059417
61.0,24.007916738716634,24.01301673140961,24.0,1.0,0.7625581513237188,0.3163158526765546,0.024533526644059417
61.1,24.01301673140961,24.01809091846964,24.0,1.0,0.7642032944937274,0.3163158526765546,0.024533526644059417
61.2,24.01809091846964,24.023139416390524,24.0,1.0,0.7658527237032896,0.3163158526765546,0.024533526644059417
61.300000000000004,24.023139416390524,24.028162341390395,24.0,1.0,0.7675064127767247,0.3163158526765546,0.024533526644059417
61.400000000000006,24.028162341390395,24.033159809408275,24.0,1.0,0.7691643357362753,0.3163158526765546,0.024533526644059417
61.5,24.033159809408275,24.03813193610072,24.0,1.0,0.7708264668003378,0.3163158526765546,0.024533526644059417
61.6,24.03813193610072,24.043078836838532,24.0,1.0,0.7724927803817057,0.3163158526765546,0.024533526644059417
61.7,24.043078836838532,24.048000626703562,24.0,1.0,0.7741632510858307,0.3163158526765546,0.024533526644059417
61.800000000000004,24.048000626703562,24.052897420485575,24.0,1.0,0.7758378537090989,0.3163158526765546,0.024533526644059417
61.900000000000006,24.052897420485575,24.057769332679193,24.0,1.0,0.777516563237126,0.3163158526765546,0.024533526644059417
62.0,24.057769332679193,24.06261442895727,24.0,1.0,0.77222100533894,0.19517823755826066,0.0279418546780846
62.1,24.06261442895727,24.0673714880995,24.0,1.0,0.7733416190187631,0.19517823755826066,0.0279418546780846
62.2,24.0673714880995,24.072040767284708,24.0,1.0,0.7744583418710959,0.19517823755826066,0.0279418546780846
62.300000000000004,24.072040767284708,24.076622523536464,24.0,1.0,0.7755709788181689,0.19517823755826066,0.0279418546780846
62.400000000000006,24.076622523536464,24.081117013715208,24.0,1.0,0.7766793354700806,0.19517823755826066,0.0279418546780846
62.5,24.081117013715208,24.0855244945105,24.0,1.0,0.7777832181228057,0.19517823755826066,0.0279418546780846
62.6,24.0855244945105,24.089845222433397,24.0,1.0,0.778882433756206,0.19517823755826066,0.0279418546780846
62.7,24.089845222433397,24.094079453808902,24.0,1.0,0.7799767900320409,0.19517823755826066,0.0279418546780846
62.800000000000004,24.094079453808902,24.098227444768597,24.0,1.0,0.7810660952919782,0.19517823755826066,0.0279418546780846
62.900000000000006,24.098227444768597,24.102289451243312,24.0,1.0,0.7821501585556113,0.19517823755826066,0.0279418546780846
63.0,24.102289451243312,24.106265728955957,24.0,1.0,0.7832287895184707,0.19517823755826066,0.0279418546780846
63.1,24.106265728955957,24.110156533414443,24.0,1.0,0.7843017985500419,0.19517823755826066,0.0279418546780846
63.2,24.110156533414443,24.113962119904713,24.0,1.0,0.7853689966917838,0.19517823755826066,0.0279418546780846
63.300000000000004,24.113962119904713,24.117682743483876,24.0,1.0,0.7864301956551485,0.19517823755826066,0.0279418546780846
63.400000000000006,24.117682743483876,24.12131865897346,24.0,1.0,0.7874852078196017,0.19517823755826066,0.0279418546780846
63.5,24.12131865897346,24.124870120952757,24.0,1.0,0.7885338462306475,0.19517823755826066,0.0279418546780846
63.6,24.124870120952757,24.128337383752264,24.0,1.0,0.7895759245978513,0.19517823755826066,0.0279418546780846
63.7,24.128337383752264,24.131720701447257,24.0,1.0,0.7906112572928675,0.19517823755826066,0.0279418546780846
63.800000000000004,24.131720701447257,24.13502032785143,24.0,1.0,0.7916396593474696,0.19517823755826066,0.0279418546780846
63.900000000000006,24.13502032785143,24.13823651651065,24.0,1.0,0.7926609464515777,0.19517823755826066,0.0279418546780846
64.0,24.13823651651065,24.141647958003638,24.0,1.0,0.7949160170625363,0.2042267211468111,0.027236632932893867
64.10000000000001,24.141647958003638,24.144997672188836,24.0,1.0,0.7959985259168176,0.2042267211468111,0.027236632932893867
64.2,24.144997672188836,24.148286122177144,24.0,1.0,0.7970775518989928,0.2042267211468111,0.027236632932893867
64.3,24.148286122177144,24.151513776553312,24.0,1.0,0.7981530227256382,0.2042267211468111,0.027236632932893867
64.4,24.151513776553312,24.154681109321213,24.0,1.0,0.799224868507504,0.2042267211468111,0.027236632932893867
64.5,24.154681109321213,24.15778859984944,24.0,1.0,0.8002930217530968,0.2042267211468111,0.027236632932893867
64.60000000000001,24.15778859984944,24.160836732817252,24.0,1.0,0.8013574173721806,0.2042267211468111,0.027236632932893867
64.7,24.160836732817252,24.163825998160892,24.0,1.0,0.8024179926792033,0.2042267211468111,0.027236632932893867
64.8,24.163825998160892,24.166756891020235,24.0,1.0,0.80347468739665,0.2042267211468111,0.027236632932893867
64.9,24.166756891020235,24.16962991168579,24.0,1.0,0.8045274436583211,0.2042267211468111,0.027236632932893867
65.0,24.16962991168579,24.172445565546028,24.0,1.0,0.8055762060125367,0.2042267211468111,0.027236632932893867
65.10000000000001,24.172445565546028,24.175204363035082,24.0,1.0,0.8066209214252658,0.2042267211468111,0.027236632932893867
65.2,24.175204363035082,24.177906819580755,24.0,1.0,0.8076615392831862,0.2042267211468111,0.027236632932893867
65.3,24.177906819580755,24.180553455552893,24.0,1.0,0.8086980113966689,0.2042267211468111,0.027236632932893867
65.4,24.180553455552893,24.183144796212073,24.0,1.0,0.8097302920026938,0.2042267211468111,0.027236632932893867
65.5,24.183144796212073,24.18568137165864,24.0,1.0,0.8107583377676922,0.2042267211468111,0.027236632932893867
65.60000000000001,24.18568137165864,24.18816371678207,24.0,1.0,0.8117821077903202,0.2042267211468111,0.027236632932893867
65.7,24.18816371678207,24.19059237121068,24.0,1.0,0.8128015636041618,0.2042267211468111,0.027236632932893867
65.8,24.19059237121068,24.192967879261627,24.0,1.0,0.8138166691803629,0.2042267211468111,0.027236632932893867
65.9,24.192967879261627,24.195290789891285,24.0,1.0,0.8148273909301943,0.2042267211468111,0.027236632932893867
66.0,24.195290789891285,24.197512137263093,24.0,1.0,0.8173746308821682,0.21221376234942532,0.026270770142031545
66.10000000000001,24.197512137263093,24.199679213335184,24.0,1.0,0.8183649109612546,0.21221376234942532,0.026270770142031545
66.2,24.199679213335184,24.201792427753972,24.0,1.0,0.8193493669993774,0.21221376234942532,0.026270770142031545
66.3,24.201792427753972,24.203852191006874,24.0,1.0,0.8203279444304322,0.21221376234942532,0.026270770142031545
66.4,24.203852191006874,24.20585891432258,24.0,1.0,0.8213005899451686,0.21221376234942532,0.026270770142031545
66.5,24.20585891432258,24.20781300957169,24.0,1.0,0.8222672514719745,0.21221376234942532,0.026270770142031545
66.60000000000001,24.20781300957169,24.209714889167707,24.0,1.0,0.8232278781574758,0.21221376234942532,0.026270770142031545
66.7,24.209714889167707,24.211564965968375,24.0,1.0,0.8241824203469504,0.21221376234942532,0.026270770142031545
66.8,24.211564965968375,24.21336365317738,24.0,1.0,0.8251308295645619,0.21221376234942532,0.026270770142031545
66.9,24.21336365317738,24.215111364246425,24.0,1.0,0.8260730584934037,0.21221376234942532,0.026270770142031545
67.0,24.215111364246425,24.21680851277764,24.0,1.0,0.8270090609553709,0.21221376234942532,0.026270770142031545
67.10000000000001,24.21680851277764,24.21845551242637,24.0,1.0,0.8279387918908473,0.21221376234942532,0.026270770142031545
67.2,24.21845551242637,24.220052776804334,24.0,1.0,0.8288622073382139,0.21221376234942532,0.026270770142031545
67.3,24.220052776804334,24.22160071938312,24.0,1.0,0.8297792644131825,0.21221376234942532,0.026270770142031545
67.4,24.22160071938312,24.22309975339807,24.0,1.0,0.8306899212879497,0.21221376234942532,0.026270770142031545
67.5,24.22309975339807,24.224550291752532,24.0,1.0,0.8315941371701788,0.21221376234942532,0.026270770142031545
67.60000000000001,24.224550291752532,24.225952746922452,24.0,1.0,0.832491872281807,0.21221376234942532,0.026270770142031545
67.7,24.225952746922452,24.22730753086136,24.0,1.0,0.8333830878376782,0.21221376234942532,0.026270770142031545
67.8,24.22730753086136,24.22861505490572,24.0,1.0,0.8342677460240056,0.21221376234942532,0.026270770142031545
67.9,24.22861505490572,24.229875729680643,24.0,1.0,0.8351458099766652,0.21221376234942532,0.026270770142031545
68.0,24.229875729680643,24.2310284815158,24.0,1.0,0.8388282590370432,0.22457350958217145,0.02495742418279046
68.10000000000001,24.2310284815158,24.2321359716372,24.0,1.0,0.8396637241434912,0.22457350958217145,0.02495742418279046
68.2,24.2321359716372,24.233198658168778,24.0,1.0,0.8404917886781047,0.22457350958217145,0.02495742418279046
68.3,24.233198658168778,24.23421699912678,24.0,1.0,0.8413124437051648,0.22457350958217145,0.02495742418279046
68.4,24.23421699912678,24.23519145237012,24.0,1.0,0.8421256814078572,0.22457350958217145,0.02495742418279046
68.5,24.23519145237012,24.236122475551806,24.0,1.0,0.8429314950767347,0.22457350958217145,0.02495742418279046
68.60000000000001,24.236122475551806,24.237010526071344,24.0,1.0,0.8437298790982918,0.22457350958217145,0.02495742418279046
68.7,24.237010526071344,24.237856061028186,24.0,1.0,0.8445208289436458,0.22457350958217145,0.02495742418279046
68.8,24.237856061028186,24.238659537176183,24.0,1.0,0.8453043411573309,0.22457350958217145,0.02495742418279046
68.9,24.238659537176183,24.23942141087907,24.0,1.0,0.8460804133462096,0.22457350958217145,0.02495742418279046
69.0,24.23942141087907,24.240142138066975,24.0,1.0,0.8468490441685007,0.22457350958217145,0.02495742418279046
69.10000000000001,24.240142138066975,24.240822174193948,24.0,1.0,0.8476102333229295,0.22457350958217145,0.02495742418279046
69.2,24.240822174193948,24.241461974196525,24.0,1.0,0.8483639815380044,0.22457350958217145,0.02495742418279046
69.3,24.241461974196525,24.242061992453337,24.0,1.0,0.8491102905614176,0.22457350958217145,0.02495742418279046
69.4,24.242061992453337,24.24262268274572,24.0,1.0,0.8498491631495821,0.22457350958217145,0.02495742418279046
69.5,24.24262268274572,24.243144498219383,24.0,1.0,0.8505806030572961,0.22457350958217145,0.02495742418279046
69.60000000000001,24.243144498219383,24.243627891347128,24.0,1.0,0.8513046150275485,0.22457350958217145,0.02495742418279046
69.7,24.243627891347128,24.244073313892557,24.0,1.0,0.8520212047814648,0.22457350958217145,0.02495742418279046
69.8,24.244073313892557,24.24448121687488,24.0,1.0,0.8527303790083904,0.22457350958217145,0.02495742418279046
69.9,24.24448121687488,24.24485205053472,24.0,1.0,0.8534321453561272,0.22457350958217145,0.02495742418279046
70.0,24.24485205053472,24.245074104323482,24.0,1.0,0.8563324966077803,0.23371435123394618,0.023643584437094536
70.10000000000001,24.245074104323482,24.245261715417534,24.0,1.0,0.8569638367928513,0.23371435123394618,0.023643584437094536
70.2,24.245261715417534,24.24541535088458,24.0,1.0,0.8575875708057481,0.23371435123394618,0.023643584437094536
70.3,24.24541535088458,24.245535475819356,24.0,1.0,0.8582037274763353,0.23371435123394618,0.023643584437094536
70.4,24.245535475819356,24.24562255330881,24.0,1.0,0.8588123362730169,0.23371435123394618,0.023643584437094536
70.5,24.24562255330881,24.24567704439795,24.0,1.0,0.8594134272898528,0.23371435123394618,0.023643584437094536
70.60000000000001,24.24567704439795,24.245699408056293,24.0,1.0,0.8600070312337474,0.23371435123394618,0.023643584437094536
70.7,24.245699408056293,24.245690101144934,24.0,1.0,0.8605931794117003,0.23371435123394618,0.023643584437094536
70.8,24.245690101144934,24.24564957838424,24.0,1.0,0.8611719037181279,0.23371435123394618,0.023643584437094536
70.9,24.24564957838424,24.245578292322136,24.0,1.0,0.8617432366222483,0.23371435123394618,0.023643584437094536
71.0,24.245578292322136,24.245476693302997,24.0,1.0,0.8623072111555357,0.23371435123394618,0.023643584437094536
71.10000000000001,24.245476693302997,24.245345229437113,24.0,1.0,0.8628638608992364,0.23371435123394618,0.023643584437094536
71.2,24.245345229437113,24.245184346570746,24.0,1.0,0.863413219971954,0.23371435123394618,0.023643584437094536
71.3,24.245184346570746,24.244994488256758,24.0,1.0,0.8639553230172962,0.23371435123394618,0.023643584437094536
71.4,24.244994488256758,24.244776095725804,24.0,1.0,0.8644902051915884,0.23371435123394618,0.023643584437094536
71.5,24.244776095725804,24.24452960785807,24.0,1.0,0.8650179021516498,0.23371435123394618,0.023643584437094536
71.60000000000001,24.24452960785807,24.24425546115557,24.0,1.0,0.8655384500426313,0.23371435123394618,0.023643584437094536
71.7,24.24425546115557,24.243954089714993,24.0,1.0,0.8660518854859194,0.23371435123394618,0.023643584437094536
71.8,24.243954089714993,24.243625925201044,24.0,1.0,0.8665582455670993,0.23371435123394618,0.023643584437094536
71.9,24.243625925201044,24.243271396820347,24.0,1.0,0.8670575678239794,0.23371435123394618,0.023643584437094536
72.0,24.243271396820347,24.242802912159597,24.0,1.0,0.8702474975279468,0.24493579114485925,0.022317983950811596
72.10000000000001,24.242802912159597,24.24231157349736,24.0,1.0,0.8706746360166056,0.24493579114485925,0.022317983950811596
72.2,24.24231157349736,24.24179779830599,24.0,1.0,0.8710950801734917,0.24493579114485925,0.022317983950811596
72.3,24.24179779830599,24.24126200082535,24.0,1.0,0.8715088821787158,0.24493579114485925,0.022317983950811596
72.4,24.24126200082535,24.2407045920535,24.0,1.0,0.8719160943451386,0.24493579114485925,0.022317983950811596
72.5,24.2407045920535,24.24012597973787,24.0,1.0,0.8723167691088479,0.24493579114485925,0.022317983950811596
72.60000000000001,24.24012597973787,24.23952656836703,24.0,1.0,0.8727109590197487,0.24493579114485925,0.022317983950811596
72.7,24.23952656836703,24.238906759163005,24.0,1.0,0.8730987167322719,0.24493579114485925,0.022317983950811596
72.8,24.238906759163005,24.23826695007412,24.0,1.0,0.8734800949961992,0.24493579114485925,0.022317983950811596
72.9,24.23826695007412,24.237607535768404,24.0,1.0,0.8738551466476079,0.24493579114485925,0.022317983950811596
73.0,24.237607535768404,24.2369289076275,24.0,1.0,0.8742239245999323,0.24493579114485925,0.022317983950811596
73.10000000000001,24.2369289076275,24.236231453741137,24.0,1.0,0.8745864818351383,0.24493579114485925,0.022317983950811596
73.2,24.236231453741137,24.235515558902097,24.0,1.0,0.8749428713950218,0.24493579114485925,0.022317983950811596
73.3,24.235515558902097,24.234781604601718,24.0,1.0,0.8752931463726195,0.24493579114485925,0.022317983950811596
73.4,24.234781604601718,24.234029969025894,24.0,1.0,0.8756373599037366,0.24493579114485925,0.022317983950811596
73.5,24.234029969025894,24.233261027051597,24.0,1.0,0.8759755651585923,0.24493579114485925,0.022317983950811596
73.60000000000001,24.233261027051597,24.232475150243896,24.0,1.0,0.8763078153335823,0.24493579114485925,0.022317983950811596
73.7,24.232475150243896,24.231672706853473,24.0,1.0,0.8766341636431563,0.24493579114485925,0.022317983950811596
73.8,24.231672706853473,24.23085406181463,24.0,1.0,0.8769546633118137,0.24493579114485925,0.022317983950811596
73.9,24.23085406181463,24.230019576743782,24.0,1.0,0.8772693675662134,0.24493579114485925,0.022317983950811596
74.0,24.230019576743782,24.229061974958412,24.0,1.0,0.8801474338620316,0.2562148558241574,0.02121801457753272
74.10000000000001,24.229061974958412,24.228092106335072,24.0,1.0,0.8803881060910388,0.2562148558241574,0.02121801457753272
74.2,24.228092106335072,24.227110299159826,24.0,1.0,0.8806235775052652,0.2562148558241574,0.02121801457753272
74.3,24.227110299159826,24.226116877999406,24.0,1.0,0.8808539068852403,0.2562148558241574,0.02121801457753272
74.4,24.226116877999406,24.22511216371447,24.0,1.0,0.8810791527472125,0.2562148558241574,0.02121801457753272
74.5,24.22511216371447,24.224096473473168,24.0,1.0,0.8812993733386808,0.2562148558241574,0.02121801457753272
74.60000000000001,24.224096473473168,24.223070120765016,24.0,1.0,0.881514626634036,0.2562148558241574,0.02121801457753272
74.7,24.223070120765016,24.222033415415076,24.0,1.0,0.8817249703303125,0.2562148558241574,0.02121801457753272
74.8,24.222033415415076,24.220986663598428,24.0,1.0,0.8819304618430434,0.2562148558241574,0.02121801457753272
74.9,24.220986663598428,24.219930167854923,24.0,1.0,0.8821311583022242,0.2562148558241574,0.02121801457753272
75.0,24.219930167854923,24.218864227104238,24.0,1.0,0.8823271165483817,0.2562148558241574,0.02121801457753272
75.10000000000001,24.218864227104238,24.21778913666119,24.0,1.0,0.8825183931287477,0.2562148558241574,0.02121801457753272
75.2,24.21778913666119,24.216705188251332,24.0,1.0,0.8827050442935346,0.2562148558241574,0.02121801457753272
75.3,24.216705188251332,24.21561267002681,24.0,1.0,0.8828871259923166,0.2562148558241574,0.02121801457753272
75.4,24.21561267002681,24.214511866582477,24.0,1.0,0.8830646938705087,0.2562148558241574,0.02121801457753272
75.5,24.214511866582477,24.21340305897226,24.0,1.0,0.8832378032659479,0.2562148558241574,0.02121801457753272
75.60000000000001,24.21340305897226,24.212286524725783,24.0,1.0,0.8834065092055762,0.2562148558241574,0.02121801457753272
75.7,24.212286524725783,24.211162537865217,24.0,1.0,0.8835708664022167,0.2562148558241574,0.02121801457753272
75.8,24.211162537865217,24.210031368922376,24.0,1.0,0.8837309292514537,0.2562148558241574,0.02121801457753272
75.9,24.210031368922376,24.208893284956037,24.0,1.0,0.8838867518286043,0.2562148558241574,0.02121801457753272
76.0,24.208893284956037,24.20764604188288,24.0,1.0,0.8866844194461251,0.2689606885154595,0.020428745547072268
76.10000000000001,24.20764604188288,24.206395416598504,24.0,1.0,0.8867731549057712,0.2689606885154595,0.020428745547072268
76.2,24.206395416598504,24.20514163348513,24.0,1.0,0.8868584258129875,0.2689606885154595,0.020428745547072268
76.3,24.20514163348513,24.203884913460524,24.0,1.0,0.8869402860667233,0.2689606885154595,0.020428745547072268
76.4,24.203884913460524,24.2026254740058,24.0,1.0,0.8870187890854311,0.2689606885154595,0.020428745547072268
76.5,24.2026254740058,24.201363529193305,24.0,1.0,0.8870939878075268,0.2689606885154595,0.020428745547072268
76.60000000000001,24.201363529193305,24.200099289714505,24.0,1.0,0.887165934691925,0.2689606885154595,0.020428745547072268
76.7,24.200099289714505,24.198832962907915,24.0,1.0,0.8872346817186312,0.2689606885154595,0.020428745547072268
76.80000000000001,24.198832962907915,24.19756475278706,24.0,1.0,0.8873002803894068,0.2689606885154595,0.020428745547072268
76.9,24.19756475278706,24.19629486006844,24.0,1.0,0.8873627817284949,0.2689606885154595,0.020428745547072268
77.0,24.19629486006844,24.195023482199538,24.0,1.0,0.8874222362834082,0.2689606885154595,0.020428745547072268
77.10000000000001,24.195023482199538,24.193750813386814,24.0,1.0,0.8874786941257805,0.2689606885154595,0.020428745547072268
77.2,24.193750813386814,24.19247704462373,24.0,1.0,0.8875322048522797,0.2689606885154595,0.020428745547072268
77.30000000000001,24.19247704462373,24.191202363718766,24.0,1.0,0.887582817585578,0.2689606885154595,0.020428745547072268
77.4,24.191202363718766,24.18992695532344,24.0,1.0,0.8876305809753826,0.2689606885154595,0.020428745547072268
77.5,24.18992695532344,24.18865100096033,24.0,1.0,0.8876755431995206,0.2689606885154595,0.020428745547072268
77.60000000000001,24.18865100096033,24.187374679051082,24.0,1.0,0.8877177519650864,0.2689606885154595,0.020428745547072268
77.7,24.187374679051082,24.186098164944408,24.0,1.0,0.8877572545096375,0.2689606885154595,0.020428745547072268
77.80000000000001,24.186098164944408,24.18482163094407,24.0,1.0,0.8877940976024493,0.2689606885154595,0.020428745547072268
77.9,24.18482163094407,24.18354524633686,24.0,1.0,0.8878283275458206,0.2689606885154595,0.020428745547072268
78.0,24.18354524633686,24.1821636003208,24.0,1.0,0.8898280389942764,0.27972888855063455,0.019970923272438094
78.10000000000001,24.1821636003208,24.18078530473338,24.0,1.0,0.8898053502183372,0.27972888855063455,0.019970923272438094
78.2,24.18078530473338,24.17941048110049,24.0,1.0,0.8897808460705359,0.27972888855063455,0.019970923272438094
78.30000000000001,24.17941048110049,24.178039248191325,24.0,1.0,0.8897545674789873,0.27972888855063455,0.019970923272438094
78.4,24.178039248191325,24.176671722051314,24.0,1.0,0.8897265548378737,0.27972888855063455,0.019970923272438094
78.5,24.176671722051314,24.17530801603485,24.0,1.0,0.889696848011214,0.27972888855063455,0.019970923272438094
78.60000000000001,24.17530801603485,24.173948240837856,24.0,1.0,0.8896654863366465,0.27972888855063455,0.019970923272438094
78.7,24.173948240837856,24.17259250453014,24.0,1.0,0.8896325086292272,0.27972888855063455,0.019970923272438094
78.80000000000001,24.17259250453014,24.171240912587585,24.0,1.0,0.8895979531852392,0.27972888855063455,0.019970923272438094
78.9,24.171240912587585,24.169893567924134,24.0,1.0,0.889561857786013,0.27972888855063455,0.019970923272438094
79.0,24.169893567924134,24.16855057092359,24.0,1.0,0.8895242597017607,0.27972888855063455,0.019970923272438094
79.10000000000001,24.16855057092359,24.16721201947122,24.0,1.0,0.8894851956954154,0.27972888855063455,0.019970923272438094
79.2,24.16721201947122,24.165878008985175,24.0,1.0,0.8894447020264848,0.27972888855063455,0.019970923272438094
79.30000000000001,24.165878008985175,24.1645486324477,24.0,1.0,0.8894028144549116,0.27972888855063455,0.019970923272438094
79.4,24.1645486324477,24.163223980436168,24.0,1.0,0.8893595682449387,0.27972888855063455,0.019970923272438094
79.5,24.163223980436168,24.161904141153876,24.0,1.0,0.8893149981689874,0.27972888855063455,0.019970923272438094
79.60000000000001,24.161904141153876,24.160589200460695,24.0,1.0,0.8892691385115337,0.27972888855063455,0.019970923272438094
79.7,24.160589200460695,24.159279241903477,24.0,1.0,0.8892220230729985,0.27972888855063455,0.019970923272438094
79.80000000000001,24.159279241903477,24.157974346746286,24.0,1.0,0.889173685173635,0.27972888855063455,0.019970923272438094
79.9,24.157974346746286,24.156674594000403,24.0,1.0,0.8891241576574275,0.27972888855063455,0.019970923272438094
80.0,24.156674594000403,24.155301534978722,24.0,1.0,0.8904666573836131,0.2886410692889181,0.019771285850754477
80.10000000000001,24.155301534978722,24.15393622940342,24.0,1.0,0.8903773872635108,0.2886410692889181,0.019771285850754477
80.2,24.15393622940342,24.15257871103766,24.0,1.0,0.8902876557217818,0.2886410692889181,0.019771285850754477
80.30000000000001,24.15257871103766,24.15122901184317,24.0,1.0,0.8901974879001756,0.2886410692889181,0.019771285850754477
80.4,24.15122901184317,24.14988716201054,24.0,1.0,0.890106908483668,0.2886410692889181,0.019771285850754477
80.5,24.14988716201054,24.148553189989197,24.0,1.0,0.8900159417056992,0.2886410692889181,0.019771285850754477
80.60000000000001,24.148553189989197,24.147227122517105,24.0,1.0,0.8899246113533892,0.2886410692889181,0.019771285850754477
80.7,24.147227122517105,24.145908984650138,24.0,1.0,0.8898329407727221,0.2886410692889181,0.019771285850754477
80.80000000000001,24.145908984650138,24.144598799791176,24.0,1.0,0.8897409528737017,0.2886410692889181,0.019771285850754477
80.9,24.144598799791176,24.143296589718897,24.0,1.0,0.8896486701354794,0.2886410692889181,0.019771285850754477
81.0,24.143296589718897,24.14200237461627,24.0,1.0,0.8895561146114551,0.2886410692889181,0.019771285850754477
81.10000000000001,24.14200237461627,24.14071617309875,24.0,1.0,0.8894633079343449,0.2886410692889181,0.019771285850754477
81.2,24.14071617309875,24.13943800224219,24.0,1.0,0.889370271321223,0.2886410692889181,0.019771285850754477
81.30000000000001,24.13943800224219,24.138167877610453,24.0,1.0,0.8892770255785309,0.2886410692889181,0.019771285850754477
81.4,24.138167877610453,24.136905813282723,24.0,1.0,0.8891835911070588,0.2886410692889181,0.019771285850754477
81.5,24.136905813282723,24.135651821880536,24.0,1.0,0.8890899879068958,0.2886410692889181,0.019771285850754477
81.60000000000001,24.135651821880536,24.134405914594527,24.0,1.0,0.8889962355823469,0.2886410692889181,0.019771285850754477
81.7,24.134405914594527,24.13316810121087,24.0,1.0,0.8889023533468264,0.2886410692889181,0.019771285850754477
81.80000000000001,24.13316810121087,24.13193839013745,24.0,1.0,0.8888083600277118,0.2886410692889181,0.019771285850754477
81.9,24.13193839013745,24.130716788429737,24.0,1.0,0.8887142740711726,0.2886410692889181,0.019771285850754477
82.0,24.130716788429737,24.129447713523415,24.0,1.0,0.8894454612690481,0.2949518694030726,0.019803431586714652
82.10000000000001,24.129447713523415,24.128188530047247,24.0,1.0,0.8893274961468978,0.2949518694030726,0.019803431586714652
82.2,24.128188530047247,24.126939207078316,24.0,1.0,0.8892099549051796,0.2949518694030726,0.019803431586714652
82.30000000000001,24.126939207078316,24.125699712844778,24.0,1.0,0.8890928479503099,0.2949518694030726,0.019803431586714652
82.4,24.125699712844778,24.12447001474832,24.0,1.0,0.8889761853753927,0.2949518694030726,0.019803431586714652
82.5,24.12447001474832,24.123250079386285,24.0,1.0,0.8888599769652072,0.2949518694030726,0.019803431586714652
82.60000000000001,24.123250079386285,24.122039872573513,24.0,1.0,0.8887442322011427,0.2949518694030726,0.019803431586714652
82.7,24.122039872573513,24.120839359363828,24.0,1.0,0.8886289602660875,0.2949518694030726,0.019803431586714652
82.80000000000001,24.120839359363828,24.11964850407124,24.0,1.0,0.8885141700492623,0.2949518694030726,0.019803431586714652
82.9,24.11964850407124,24.118467270290818,24.0,1.0,0.8883998701510075,0.2949518694030726,0.019803431586714652
83.0,24.118467270290818,24.11729562091927,24.0,1.0,0.888286068887517,0.2949518694030726,0.019803431586714652
83.10000000000001,24.11729562091927,24.116133518175204,24.0,1.0,0.8881727742955231,0.2949518694030726,0.019803431586714652
83.2,24.116133518175204,24.114980923619108,24.0,1.0,0.8880599941369336,0.2949518694030726,0.019803431586714652
83.30000000000001,24.114980923619108,24.113837798172998,24.0,1.0,0.887947735903416,0.2949518694030726,0.019803431586714652
83.4,24.113837798172998,24.112704102139798,24.0,1.0,0.8878360068209339,0.2949518694030726,0.019803431586714652
83.5,24.112704102139798,24.111579795222422,24.0,1.0,0.8877248138542334,0.2949518694030726,0.019803431586714652
83.60000000000001,24.111579795222422,24.110464836542544,24.0,1.0,0.8876141637112853,0.2949518694030726,0.019803431586714652
83.7,24.110464836542544,24.10935918465911,24.0,1.0,0.8875040628476688,0.2949518694030726,0.019803431586714652
83.80000000000001,24.10935918465911,24.108262797586526,24.0,1.0,0.8873945174709181,0.2949518694030726,0.019803431586714652
83.9,24.108262797586526,24.107175632812606,24.0,1.0,0.8872855335448098,0.2949518694030726,0.019803431586714652
84.0,24.107175632812606,24.10606471580471,24.0,1.0,0.887622172639355,0.299087239457152,0.019975573634014702
84.10000000000001,24.10606471580471,24.104964046346517,24.0,1.0,0.8875017818922502,0.299087239457152,0.019975573634014702
84.2,24.104964046346517,24.10387355641526,24.0,1.0,0.8873822574061163,0.299087239457152,0.019975573634014702
84.30000000000001,24.10387355641526,24.102793177912215,24.0,1.0,0.8872635991704007,0.299087239457152,0.019975573634014702
84.4,24.102793177912215,24.101722842675592,24.0,1.0,0.8871458070158024,0.299087239457152,0.019975573634014702
84.5,24.101722842675592,24.100662482493146,24.0,1.0,0.8870288806179999,0.299087239457152,0.019975573634014702
84.60000000000001,24.100662482493146,24.099612029114525,24.0,1.0,0.8869128195013243,0.299087239457152,0.019975573634014702
84.7,24.099612029114525,24.098571414263382,24.0,1.0,0.8867976230423751,0.299087239457152,0.019975573634014702
84.80000000000001,24.098571414263382,24.097540569649222,24.0,1.0,0.8866832904735916,0.299087239457152,0.019975573634014702
84.9,24.097540569649222,24.09651942697899,24.0,1.0,0.8865698208867664,0.299087239457152,0.019975573634014702
85.0,24.09651942697899,24.09550791796843,24.0,1.0,0.8864572132365078,0.299087239457152,0.019975573634014702
85.10000000000001,24.09550791796843,24.094505974353186,24.0,1.0,0.8863454663436543,0.299087239457152,0.019975573634014702
85.2,24.094505974353186,24.093513527899674,24.0,1.0,0.8862345788986342,0.299087239457152,0.019975573634014702
85.30000000000001,24.093513527899674,24.092530510415703,24.0,1.0,0.8861245494647777,0.299087239457152,0.019975573634014702
85.4,24.092530510415703,24.091556853760874,24.0,1.0,0.8860153764815788,0.299087239457152,0.019975573634014702
85.5,24.091556853760874,24.09059248985675,24.0,1.0,0.8859070582679069,0.299087239457152,0.019975573634014702
85.60000000000001,24.09059248985675,24.089637350696787,24.0,1.0,0.8857995930251725,0.299087239457152,0.019975573634014702
85.7,24.089637350696787,24.088691368356045,24.0,1.0,0.885692978840442,0.299087239457152,0.019975573634014702
85.80000000000001,24.088691368356045,24.087754475000676,24.0,1.0,0.8855872136895041,0.299087239457152,0.019975573634014702
85.9,24.087754475000676,24.086826602897204,24.0,1.0,0.8854822954398899,0.299087239457152,0.019975573634014702
86.0,24.086826602897204,24.08588992661925,24.0,1.0,0.8855915408114241,0.3015199083823686,0.0202172713112242
86.10000000000001,24.08588992661925,24.084962725644566,24.0,1.0,0.8854827602608473,0.3015199083823686,0.0202172713112242
86.2,24.084962725644566,24.08404491815093,24.0,1.0,0.8853749621554785,0.3015199083823686,0.0202172713112242
86.30000000000001,24.08404491815093,24.083136422724625,24.0,1.0,0.8852681408153434,0.3015199083823686,0.0202172713112242
86.4,24.083136422724625,24.082237158364737,24.0,1.0,0.8851622905190449,0.3015199083823686,0.0202172713112242
86.5,24.082237158364737,24.08134704448729,24.0,1.0,0.8850574055058926,0.3015199083823686,0.0202172713112242
86.60000000000001,24.08134704448729,24.080466000929203,24.0,1.0,0.8849534799779918,0.3015199083823686,0.0202172713112242
86.7,24.080466000929203,24.07959394795208,24.0,1.0,0.8848505081022875,0.3015199083823686,0.0202172713112242
86.80000000000001,24.07959394795208,24.078730806245854,24.0,1.0,0.8847484840125689,0.3015199083823686,0.0202172713112242
86.9,24.078730806245854,24.077876496932248,24.0,1.0,0.884647401811429,0.3015199083823686,0.0202172713112242
87.0,24.077876496932248,24.07703094156811,24.0,1.0,0.8845472555721848,0.3015199083823686,0.0202172713112242
87.10000000000001,24.07703094156811,24.07619406214857,24.0,1.0,0.8844480393407623,0.3015199083823686,0.0202172713112242
87.2,24.07619406214857,24.07536578111006,24.0,1.0,0.8843497471375313,0.3015199083823686,0.0202172713112242
87.30000000000001,24.07536578111006,24.074546021333195,24.0,1.0,0.8842523729591139,0.3015199083823686,0.0202172713112242
87.4,24.074546021333195,24.073734706145473,24.0,1.0,0.8841559107801439,0.3015199083823686,0.0202172713112242
87.5,24.073734706145473,24.07293175932389,24.0,1.0,0.8840603545549924,0.3015199083823686,0.0202172713112242
87.60000000000001,24.07293175932389,24.072137105097358,24.0,1.0,0.8839656982194584,0.3015199083823686,0.0202172713112242
87.7,24.072137105097358,24.071350668149034,24.0,1.0,0.8838719356924148,0.3015199083823686,0.0202172713112242
87.80000000000001,24.071350668149034,24.070572373618482,24.0,1.0,0.8837790608774281,0.3015199083823686,0.0202172713112242
87.9,24.070572373618482,24.06980214710372,24.0,1.0,0.8836870676643339,0.3015199083823686,0.0202172713112242
88.0,24.06980214710372,24.069031403201215,24.0,1.0,0.8836925231357723,0.3028781917997344,0.020469714274498077
88.10000000000001,24.069031403201215,24.068268843762038,24.0,1.0,0.8836003869261909,0.3028781917997344,0.020469714274498077
88.2,24.068268843762038,24.067514388766277,24.0,1.0,0.883509168674679,0.3028781917997344,0.020469714274498077
88.30000000000001,24.067514388766277,24.06676795881976,24.0,1.0,0.8834188607345149,0.3028781917997344,0.020469714274498077
88.4,24.06676795881976,24.066029475152575,24.0,1.0,0.8833294554859819,0.3028781917997344,0.020469714274498077
88.5,24.066029475152575,24.06529885961753,24.0,1.0,0.8832409453371982,0.3028781917997344,0.020469714274498077
88.60000000000001,24.06529885961753,24.064576034688532,24.0,1.0,0.8831533227249253,0.3028781917997344,0.020469714274498077
88.7,24.064576034688532,24.063860923458886,24.0,1.0,0.8830665801153477,0.3028781917997344,0.020469714274498077
88.80000000000001,24.063860923458886,24.06315344963954,24.0,1.0,0.8829807100048278,0.3028781917997344,0.020469714274498077
88.9,24.06315344963954,24.06245353755724,24.0,1.0,0.8828957049206355,0.3028781917997344,0.020469714274498077
89.0,24.06245353755724,24.06176111215263,24.0,1.0,0.8828115574216524,0.3028781917997344,0.020469714274498077
89.10000000000001,24.06176111215263,24.061076098978283,24.0,1.0,0.8827282600990524,0.3028781917997344,0.020469714274498077
89.2,24.061076098978283,24.060398424196666,24.0,1.0,0.8826458055769556,0.3028781917997344,0.020469714274498077
89.30000000000001,24.060398424196666,24.059728014578052,24.0,1.0,0.8825641865130648,0.3028781917997344,0.020469714274498077
89.4,24.059728014578052,24.05906479749836,24.0,1.0,0.8824833955992734,0.3028781917997344,0.020469714274498077
89.5,24.05906479749836,24.058408700936937,24.0,1.0,0.8824034255622522,0.3028781917997344,0.020469714274498077
89.60000000000001,24.058408700936937,24.057759653474314,24.0,1.0,0.8823242691640152,0.3028781917997344,0.020469714274498077
89.7,24.057759653474314,24.057117584289852,24.0,1.0,0.8822459192024649,0.3028781917997344,0.020469714274498077
89.80000000000001,24.057117584289852,24.056482423159384,24.0,1.0,0.882168368511911,0.3028781917997344,0.020469714274498077
89.9,24.056482423159384,24.055854100452784,24.0,1.0,0.8820916099635738,0.3028781917997344,0.020469714274498077
90.0,24.055854100452784,24.05522869384454,24.0,1.0,0.882058839556657,0.30362857558411716,0.020700866385215254
90.10000000000001,24.05522869384454,24.054610082714866,24.0,1.0,0.8819832764202258,0.30362857558411716,0.020700866385215254
90.2,24.054610082714866,24.053998196544494,24.0,1.0,0.8819084960066389,0.30362857558411716,0.020700866385215254
90.30000000000001,24.053998196544494,24.053392965470973,24.0,1.0,0.8818344908254804,0.30362857558411716,0.020700866385215254
90.4,24.053392965470973,24.052794320284324,24.0,1.0,0.8817612534411403,0.30362857558411716,0.020700866385215254
90.5,24.052794320284324,24.05220219242267,24.0,1.0,0.8816887764728482,0.30362857558411716,0.020700866385215254
90.60000000000001,24.05220219242267,24.051616513967858,24.0,1.0,0.881617052594686,0.30362857558411716,0.020700866385215254
90.7,24.051616513967858,24.05103721764109,24.0,1.0,0.8815460745355932,0.30362857558411716,0.020700866385215254
90.80000000000001,24.05103721764109,24.050464236798504,24.0,1.0,0.8814758350793611,0.30362857558411716,0.020700866385215254
90.9,24.050464236798504,24.049897505426806,24.0,1.0,0.8814063270646102,0.30362857558411716,0.020700866385215254
91.0,24.049897505426806,24.04933695813883,24.0,1.0,0.8813375433847622,0.30362857558411716,0.020700866385215254
91.10000000000001,24.04933695813883,24.048782530169156,24.0,1.0,0.8812694769879953,0.30362857558411716,0.020700866385215254
91.2,24.048782530169156,24.048234157369674,24.0,1.0,0.8812021208771953,0.30362857558411716,0.020700866385215254
91.30000000000001,24.048234157369674,24.047691776205173,24.0,1.0,0.8811354681098907,0.30362857558411716,0.020700866385215254
91.4,24.047691776205173,24.047155323748925,24.0,1.0,0.8810695117981795,0.30362857558411716,0.020700866385215254
91.5,24.047155323748925,24.046624737678254,24.0,1.0,0.8810042451086479,0.30362857558411716,0.020700866385215254
91.60000000000001,24.046624737678254,24.046099956270115,24.0,1.0,0.8809396612622777,0.30362857558411716,0.020700866385215254
91.7,24.046099956270115,24.045580918396677,24.0,1.0,0.8808757535343428,0.30362857558411716,0.020700866385215254
91.80000000000001,24.045580918396677,24.045067563520895,24.0,1.0,0.880812515254301,0.30362857558411716,0.020700866385215254
91.9,24.045067563520895,24.044559831692094,24.0,1.0,0.8807499398056736,0.30362857558411716,0.020700866385215254
92.0,24.044559831692094,24.044055939731045,24.0,1.0,0.880708707676968,0.3040731558139571,0.02089759756725799
92.10000000000001,24.044055939731045,24.04355757592336,24.0,1.0,0.880647553988077,0.3040731558139571,0.02089759756725799
92.2,24.04355757592336,24.043064681466483,24.0,1.0,0.8805870398015956,0.3040731558139571,0.02089759756725799
92.30000000000001,24.043064681466483,24.042577198150013,24.0,1.0,0.8805271586668749,0.3040731558139571,0.02089759756725799
92.4,24.042577198150013,24.04209506835055,24.0,1.0,0.8804679041916775,0.3040731558139571,0.02089759756725799
92.5,24.04209506835055,24.041618235026597,24.0,1.0,0.8804092700418389,0.3040731558139571,0.02089759756725799
92.60000000000001,24.041618235026597,24.041146641713446,24.0,1.0,0.8803512499409313,0.3040731558139571,0.02089759756725799
92.7,24.041146641713446,24.040680232518127,24.0,1.0,0.880293837669918,0.3040731558139571,0.02089759756725799
92.80000000000001,24.040680232518127,24.040218952114373,24.0,1.0,0.8802370270668074,0.3040731558139571,0.02089759756725799
92.9,24.040218952114373,24.039762745737587,24.0,1.0,0.8801808120263088,0.3040731558139571,0.02089759756725799
93.0,24.039762745737587,24.039311559179875,24.0,1.0,0.8801251864994765,0.3040731558139571,0.02089759756725799
93.10000000000001,24.039311559179875,24.03886533878507,24.0,1.0,0.8800701444933605,0.3040731558139571,0.02089759756725799
93.2,24.03886533878507,24.0384240314438,24.0,1.0,0.8800156800706476,0.3040731558139571,0.02089759756725799
93.30000000000001,24.0384240314438,24.03798758458859,24.0,1.0,0.8799617873493064,0.3040731558139571,0.02089759756725799
93.4,24.03798758458859,24.037555946188963,24.0,1.0,0.8799084605022258,0.3040731558139571,0.02089759756725799
93.5,24.037555946188963,24.037129064746615,24.0,1.0,0.8798556937568527,0.3040731558139571,0.02089759756725799
93.60000000000001,24.037129064746615,24.036706889290564,24.0,1.0,0.879803481394832,0.3040731558139571,0.02089759756725799
93.7,24.036706889290564,24.036289369372366,24.0,1.0,0.8797518177516371,0.3040731558139571,0.02089759756725799
93.80000000000001,24.036289369372366,24.03587645506135,24.0,1.0,0.8797006972162068,0.3040731558139571,0.02089759756725799
93.9,24.03587645506135,24.035468096939866,24.0,1.0,0.8796501142305764,0.3040731558139571,0.02089759756725799
94.0,24.035468096939866,24.03506342068181,24.0,1.0,0.8796110615428733,0.30436710839808917,0.02105895796308733
94.10000000000001,24.03506342068181,24.034663202797375,24.0,1.0,0.8795617313105891,0.30436710839808917,0.02105895796308733
94.2,24.034663202797375,24.03426739553408,24.0,1.0,0.8795129152434327,0.30436710839808917,0.02105895796308733
94.30000000000001,24.03426739553408,24.03387595163499,24.0,1.0,0.8794646080954261,0.30436710839808917,0.02105895796308733
94.4,24.03387595163499,24.033488824333915,24.0,1.0,0.879416804671904,0.30436710839808917,0.02105895796308733
94.5,24.033488824333915,24.03310596735065,24.0,1.0,0.8793694998290821,0.30436710839808917,0.02105895796308733
94.60000000000001,24.03310596735065,24.03272733488624,24.0,1.0,0.8793226884736322,0.30436710839808917,0.02105895796308733
94.7,24.03272733488624,24.03235288161829,24.0,1.0,0.879276365562255,0.30436710839808917,0.02105895796308733
94.80000000000001,24.03235288161829,24.031982562696328,24.0,1.0,0.8792305261012577,0.30436710839808917,0.02105895796308733
94.9,24.031982562696328,24.03161633373717,24.0,1.0,0.8791851651461322,0.30436710839808917,0.02105895796308733
95.0,24.03161633373717,24.031254150820345,24.0,1.0,0.8791402778011331,0.30436710839808917,0.02105895796308733
95.10000000000001,24.031254150820345,24.03089597048356,24.0,1.0,0.879095859218858,0.30436710839808917,0.02105895796308733
95.2,24.03089597048356,24.03054174971819,24.0,1.0,0.8790519045998296,0.30436710839808917,0.02105895796308733
95.30000000000001,24.03054174971819,24.03019144596481,24.0,1.0,0.8790084091920829,0.30436710839808917,0.02105895796308733
95.4,24.03019144596481,24.029845017108762,24.0,1.0,0.8789653682907477,0.30436710839808917,0.02105895796308733
95.5,24.029845017108762,24.02950242147577,24.0,1.0,0.8789227772376368,0.30436710839808917,0.02105895796308733
95.60000000000001,24.02950242147577,24.029163617827557,24.0,1.0,0.8788806314208395,0.30436710839808917,0.02105895796308733
95.7,24.029163617827557,24.028828565357554,24.0,1.0,0.8788389262743067,0.30436710839808917,0.02105895796308733
95.80000000000001,24.028828565357554,24.02849722368659,24.0,1.0,0.8787976572774503,0.30436710839808917,0.02105895796308733
95.9,24.02849722368659,24.02816955285865,24.0,1.0,0.8787568199547351,0.30436710839808917,0.02105895796308733
96.0,24.02816955285865,24.027845074504523,24.0,1.0,0.8787236045159322,0.304609451714515,0.021189573381209525
96.10000000000001,24.027845074504523,24.02752418277742,24.0,1.0,0.8786837678673403,0.304609451714515,0.021189573381209525
96.2,24.02752418277742,24.027206839273685,24.0,1.0,0.8786443437833596,0.304609451714515,0.021189573381209525
96.30000000000001,24.027206839273685,24.026893005990527,24.0,1.0,0.8786053280844079,0.304609451714515,0.021189573381209525
96.4,24.026893005990527,24.026582645321955,24.0,1.0,0.8785667166324831,0.304609451714515,0.021189573381209525
96.5,24.026582645321955,24.026275720054777,24.0,1.0,0.8785285053307674,0.304609451714515,0.021189573381209525
96.60000000000001,24.026275720054777,24.02597219336463,24.0,1.0,0.8784906901232393,0.304609451714515,0.021189573381209525
96.7,24.02597219336463,24.025672028812043,24.0,1.0,0.8784532669942902,0.304609451714515,0.021189573381209525
96.80000000000001,24.025672028812043,24.02537519033853,24.0,1.0,0.8784162319683381,0.304609451714515,0.021189573381209525
96.9,24.02537519033853,24.025081642262737,24.0,1.0,0.8783795811094475,0.304609451714515,0.021189573381209525
97.0,24.025081642262737,24.02479134927662,24.0,1.0,0.8783433105209534,0.304609451714515,0.021189573381209525
97.10000000000001,24.02479134927662,24.024504276441636,24.0,1.0,0.8783074163450868,0.304609451714515,0.021189573381209525
97.2,24.024504276441636,24.024220389185007,24.0,1.0,0.8782718947626019,0.304609451714515,0.021189573381209525
97.30000000000001,24.024220389185007,24.023939653295987,24.0,1.0,0.8782367419924073,0.304609451714515,0.021189573381209525
97.4,24.023939653295987,24.023662034922182,24.0,1.0,0.8782019542911996,0.304609451714515,0.021189573381209525
97.5,24.023662034922182,24.023387500565903,24.0,1.0,0.8781675279531025,0.304609451714515,0.021189573381209525
97.60000000000001,24.023387500565903,24.023116017080543,24.0,1.0,0.878133459309304,0.304609451714515,0.021189573381209525
97.7,24.023116017080543,24.022847551667006,24.0,1.0,0.8780997447276998,0.304609451714515,0.021189573381209525
97.80000000000001,24.022847551667006,24.022582071870147,24.0,1.0,0.8780663806125408,0.304609451714515,0.021189573381209525
97.9,24.022582071870147,24.022319545575275,24.0,1.0,0.8780333634040777,0.304609451714515,0.021189573381209525
98.0,24.022319545575275,24.022059653937298,24.0,1.0,0.8780070596228605,0.3048842137350292,0.02129597393679154
98.10000000000001,24.022059653937298,24.02180264800318,24.0,1.0,0.8779748009466897,0.3048842137350292,0.02129597393679154
98.2,24.02180264800318,24.02154849691902,24.0,1.0,0.8779428747569042,0.3048842137350292,0.02129597393679154
98.30000000000001,24.02154849691902,24.021297170151566,24.0,1.0,0.8779112777263165,0.3048842137350292,0.02129597393679154
98.4,24.021297170151566,24.021048637484952,24.0,1.0,0.8778800065604782,0.3048842137350292,0.02129597393679154
98.5,24.021048637484952,24.020802869017484,24.0,1.0,0.8778490579973586,0.3048842137350292,0.02129597393679154
98.60000000000001,24.020802869017484,24.020559835158434,24.0,1.0,0.8778184288070341,0.3048842137350292,0.02129597393679154
98.7,24.020559835158434,24.020319506624887,24.0,1.0,0.8777881157913745,0.3048842137350292,0.02129597393679154
98.80000000000001,24.020319506624887,24.020081854438605,24.0,1.0,0.8777581157837352,0.3048842137350292,0.02129597393679154
98.9,24.020081854438605,24.019846849922914,24.0,1.0,0.8777284256486508,0.3048842137350292,0.02129597393679154
99.0,24.019846849922914,24.019614464699654,24.0,1.0,0.8776990422815287,0.3048842137350292,0.02129597393679154
99.10000000000001,24.019614464699654,24.019384670686122,24.0,1.0,0.8776699626083543,0.3048842137350292,0.02129597393679154
99.2,24.019384670686122,24.01915744009207,24.0,1.0,0.8776411835853882,0.3048842137350292,0.02129597393679154
99.30000000000001,24.01915744009207,24.018932745416716,24.0,1.0,0.8776127021988734,0.3048842137350292,0.02129597393679154
99.4,24.018932745416716,24.0187105594458,24.0,1.0,0.8775845154647427,0.3048842137350292,0.02129597393679154
99.5,24.0187105594458,24.018490855248658,24.0,1.0,0.877556620428327,0.3048842137350292,0.02129597393679154
99.60000000000001,24.018490855248658,24.018273606175327,24.0,1.0,0.8775290141640714,0.3048842137350292,0.02129597393679154
99.7,24.018273606175327,24.01805878585369,24.0,1.0,0.8775016937752486,0.3048842137350292,0.02129597393679154
99.80000000000001,24.01805878585369,24.017846368186625,24.0,1.0,0.8774746563936787,0.3048842137350292,0.02129597393679154
99.9,24.017846368186625,24.01763632734921,24.0,1.0,0.8774478991794491,0.3048842137350292,0.02129597393679154
100.0,24.01763632734921,24.017428383620086,24.0,1.0,0.8774251234527246,0.3050856529953496,0.021381866734855766
100.10000000000001,24.017428383620086,24.017222764141188,24.0,1.0,0.8773989479419356,0.3050856529953496,0.021381866734855766
100.2,24.017222764141188,24.017019444054007,24.0,1.0,0.8773730418737148,0.3050856529953496,0.021381866734855766
100.30000000000001,24.017019444054007,24.016818398756772,24.0,1.0,0.8773474025806166,0.3050856529953496,0.021381866734855766
100.4,24.016818398756772,24.016619603901862,24.0,1.0,0.8773220274209191,0.3050856529953496,0.021381866734855766
100.5,24.016619603901862,24.01642303539325,24.0,1.0,0.8772969137783784,0.3050856529953496,0.021381866734855766
100.60000000000001,24.01642303539325,24.016228669383953,24.0,1.0,0.8772720590619858,0.3050856529953496,0.021381866734855766
100.7,24.016228669383953,24.016036482273545,24.0,1.0,0.8772474607057247,0.3050856529953496,0.021381866734855766
100.80000000000001,24.016036482273545,24.015846450705645,24.0,1.0,0.8772231161683356,0.3050856529953496,0.021381866734855766
100.9,24.015846450705645,24.015658551565476,24.0,1.0,0.877199022933074,0.3050856529953496,0.021381866734855766
101.0,24.015658551565476,24.01547276197742,24.0,1.0,0.8771751785074816,0.3050856529953496,0.021381866734855766
101.10000000000001,24.01547276197742,24.0152890593026,24.0,1.0,0.8771515804231521,0.3050856529953496,0.021381866734855766
101.2,24.0152890593026,24.0151074211365,24.0,1.0,0.8771282262354982,0.3050856529953496,0.021381866734855766
101.30000000000001,24.0151074211365,24.014927825306593,24.0,1.0,0.8771051135235293,0.3050856529953496,0.021381866734855766
101.4,24.014927825306593,24.014750249870012,24.0,1.0,0.877082239889622,0.3050856529953496,0.021381866734855766
101.5,24.014750249870012,24.01457467311121,24.0,1.0,0.8770596029592994,0.3050856529953496,0.021381866734855766
101.60000000000001,24.01457467311121,24.014401073539684,24.0,1.0,0.877037200381006,0.3050856529953496,0.021381866734855766
101.7,24.014401073539684,24.014229429887695,24.0,1.0,0.877015029825894,0.3050856529953496,0.021381866734855766
101.80000000000001,24.014229429887695,24.01405972110802,24.0,1.0,0.8769930889876018,0.3050856529953496,0.021381866734855766
101.9,24.01405972110802,24.013891926371713,24.0,1.0,0.8769713755820412,0.3050856529953496,0.021381866734855766
102.0,24.013891926371713,24.013725877270435,24.0,1.0,0.8769521553168017,0.30524202729249017,0.021450704845474657
102.10000000000001,24.013725877270435,24.01356170074974,24.0,1.0,0.8769309131267049,0.30524202729249017,0.021450704845474657
102.2,24.01356170074974,24.013399376719295,24.0,1.0,0.8769098903566928,0.30524202729249017,0.021450704845474657
102.30000000000001,24.013399376719295,24.01323888529539,24.0,1.0,0.8768890848480734,0.30524202729249017,0.021450704845474657
102.4,24.01323888529539,24.013080206798897,24.0,1.0,0.8768684944625729,0.30524202729249017,0.021450704845474657
102.5,24.013080206798897,24.012923321753224,24.0,1.0,0.8768481170821515,0.30524202729249017,0.021450704845474657
102.60000000000001,24.012923321753224,24.012768210882303,24.0,1.0,0.8768279506088136,0.30524202729249017,0.021450704845474657
102.7,24.012768210882303,24.012614855108588,24.0,1.0,0.8768079929644228,0.30524202729249017,0.021450704845474657
102.80000000000001,24.012614855108588,24.012463235551078,24.0,1.0,0.8767882420905171,0.30524202729249017,0.021450704845474657
102.9,24.012463235551078,24.012313333523366,24.0,1.0,0.8767686959481282,0.30524202729249017,0.021450704845474657
103.0,24.012313333523366,24.012165130531685,24.0,1.0,0.8767493525176017,0.30524202729249017,0.021450704845474657
103.10000000000001,24.012165130531685,24.012018608273003,24.0,1.0,0.8767302097984142,0.30524202729249017,0.021450704845474657
103.2,24.012018608273003,24.011873748633107,24.0,1.0,0.8767112658090025,0.30524202729249017,0.021450704845474657
103.30000000000001,24.011873748633107,24.011730533684737,24.0,1.0,0.8766925185865816,0.30524202729249017,0.021450704845474657
103.4,24.011730533684737,24.011588945685702,24.0,1.0,0.8766739661869778,0.30524202729249017,0.021450704845474657
103.5,24.011588945685702,24.011448967077044,24.0,1.0,0.8766556066844494,0.30524202729249017,0.021450704845474657
103.60000000000001,24.011448967077044,24.011310580481215,24.0,1.0,0.8766374381715206,0.30524202729249017,0.021450704845474657
103.7,24.011310580481215,24.01117376870025,24.0,1.0,0.8766194587588131,0.30524202729249017,0.021450704845474657
103.80000000000001,24.01117376870025,24.011038514713988,24.0,1.0,0.8766016665748737,0.30524202729249017,0.021450704845474657
103.9,24.011038514713988,24.010904801678294,24.0,1.0,0.8765840597660142,0.30524202729249017,0.021450704845474657
104.0,24.010904801678294,24.01077252243093,24.0,1.0,0.8765679662415711,0.30535842388615175,0.021506151665689657
104.10000000000001,24.01077252243093,24.010641750495985,24.0,1.0,0.8765507412092054,0.30535842388615175,0.021506151665689657
104.2,24.010641750495985,24.010512469600812,24.0,1.0,0.8765336952072776,0.30535842388615175,0.021506151665689657
104.30000000000001,24.010512469600812,24.01038466364005,24.0,1.0,0.8765168264734505,0.30535842388615175,0.021506151665689657
104.4,24.01038466364005,24.010258316673983,24.0,1.0,0.8765001332618331,0.30535842388615175,0.021506151665689657
104.5,24.010258316673983,24.010133412926912,24.0,1.0,0.8764836138428347,0.30535842388615175,0.021506151665689657
104.60000000000001,24.010133412926912,24.01000993678552,24.0,1.0,0.8764672665030212,0.30535842388615175,0.021506151665689657
104.7,24.01000993678552,24.009887872797286,24.0,1.0,0.8764510895449652,0.30535842388615175,0.021506151665689657
104.80000000000001,24.009887872797286,24.00976720566889,24.0,1.0,0.8764350812871081,0.30535842388615175,0.021506151665689657
104.9,24.00976720566889,24.00964792026464,24.0,1.0,0.8764192400636128,0.30535842388615175,0.021506151665689657
105.0,24.00964792026464,24.009530001604926,24.0,1.0,0.8764035642242256,0.30535842388615175,0.021506151665689657
105.10000000000001,24.009530001604926,24.009413434864662,24.0,1.0,0.8763880521341374,0.30535842388615175,0.021506151665689657
105.2,24.009413434864662,24.00929820537177,24.0,1.0,0.8763727021738422,0.30535842388615175,0.021506151665689657
105.30000000000001,24.00929820537177,24.009184298605668,24.0,1.0,0.8763575127390022,0.30535842388615175,0.021506151665689657
105.4,24.009184298605668,24.009071700195765,24.0,1.0,0.8763424822403106,0.30535842388615175,0.021506151665689657
105.5,24.009071700195765,24.00896039591998,24.0,1.0,0.8763276091033583,0.30535842388615175,0.021506151665689657
105.60000000000001,24.00896039591998,24.00885037170328,24.0,1.0,0.8763128917684972,0.30535842388615175,0.021506151665689657
105.7,24.00885037170328,24.008741613616206,24.0,1.0,0.8762983286907106,0.30535842388615175,0.021506151665689657
105.80000000000001,24.008741613616206,24.008634107873455,24.0,1.0,0.8762839183394803,0.30535842388615175,0.021506151665689657
105.9,24.008634107873455,24.00852784083244,24.0,1.0,0.8762696591986577,0.30535842388615175,0.021506151665689657
106.0,24.00852784083244,24.008422745934805,24.0,1.0,0.8762563127254417,0.30544342849229605,0.021550774163546754
106.10000000000001,24.008422745934805,24.00831886248182,24.0,1.0,0.876242363849139,0.30544342849229605,0.021550774163546754
106.2,24.00831886248182,24.00821617728803,24.0,1.0,0.8762285611237595,0.30544342849229605,0.021550774163546754
106.30000000000001,24.00821617728803,24.00811467730407,24.0,1.0,0.8762149031042357,0.30544342849229605,0.021550774163546754
106.4,24.00811467730407,24.008014349615316,24.0,1.0,0.8762013883589422,0.30544342849229605,0.021550774163546754
106.5,24.008014349615316,24.007915181440563,24.0,1.0,0.8761880154695787,0.30544342849229605,0.021550774163546754
106.60000000000001,24.007915181440563,24.007817160130724,24.0,1.0,0.8761747830310538,0.30544342849229605,0.021550774163546754
106.7,24.007817160130724,24.00772027316753,24.0,1.0,0.8761616896513692,0.30544342849229605,0.021550774163546754
106.80000000000001,24.00772027316753,24.00762450816223,24.0,1.0,0.8761487339515059,0.30544342849229605,0.021550774163546754
106.9,24.00762450816223,24.007529852854343,24.0,1.0,0.8761359145653094,0.30544342849229605,0.021550774163546754
107.0,24.007529852854343,24.007436295110374,24.0,1.0,0.8761232301393782,0.30544342849229605,0.021550774163546754
107.10000000000001,24.007436295110374,24.007343822922575,24.0,1.0,0.8761106793329518,0.30544342849229605,0.021550774163546754
107.2,24.007343822922575,24.00725242440771,24.0,1.0,0.8760982608178005,0.30544342849229605,0.021550774163546754
107.30000000000001,24.00725242440771,24.007162087805817,24.0,1.0,0.8760859732781159,0.30544342849229605,0.021550774163546754
107.4,24.007162087805817,24.007072801479005,24.0,1.0,0.8760738154103995,0.30544342849229605,0.021550774163546754
107.5,24.007072801479005,24.006984553910247,24.0,1.0,0.8760617859233583,0.30544342849229605,0.021550774163546754
107.60000000000001,24.006984553910247,24.006897333702184,24.0,1.0,0.8760498835377959,0.30544342849229605,0.021550774163546754
107.7,24.006897333702184,24.006811129575954,24.0,1.0,0.8760381069865062,0.30544342849229605,0.021550774163546754
107.80000000000001,24.006811129575954,24.00672593037001,24.0,1.0,0.8760264550141693,0.30544342849229605,0.021550774163546754
107.9,24.00672593037001,24.006641725038968,24.0,1.0,0.8760149263772452,0.30544342849229605,0.021550774163546754
108.0,24.006641725038968,24.00655847221027,24.0,1.0,0.876003946702907,0.30550410984270565,0.021586653684224643
108.10000000000001,24.00655847221027,24.006476191169273,24.0,1.0,0.8759926701684136,0.30550410984270565,0.021586653684224643
108.2,24.006476191169273,24.00639487123772,24.0,1.0,0.8759815129018238,0.30550410984270565,0.021586653684224643
108.30000000000001,24.00639487123772,24.006314501848273,24.0,1.0,0.8759704737155986,0.30550410984270565,0.021586653684224643
108.4,24.006314501848273,24.006235072543415,24.0,1.0,0.8759595514332755,0.30550410984270565,0.021586653684224643
108.5,24.006235072543415,24.00615657297438,24.0,1.0,0.8759487448893686,0.30550410984270565,0.021586653684224643
108.60000000000001,24.00615657297438,24.006078992900076,24.0,1.0,0.8759380529292753,0.30550410984270565,0.021586653684224643
108.7,24.006078992900076,24.006002322186035,24.0,1.0,0.8759274744091817,0.30550410984270565,0.021586653684224643
108.80000000000001,24.006002322186035,24.00592655080336,24.0,1.0,0.8759170081959708,0.30550410984270565,0.021586653684224643
108.9,24.00592655080336,24.005851668827674,24.0,1.0,0.8759066531671283,0.30550410984270565,0.021586653684224643
109.0,24.005851668827674,24.005777666438107,24.0,1.0,0.8758964082106492,0.30550410984270565,0.021586653684224643
109.10000000000001,24.005777666438107,24.005704533916262,24.0,1.0,0.8758862722249484,0.30550410984270565,0.021586653684224643
109.2,24.005704533916262,24.005632261645214,24.0,1.0,0.8758762441187697,0.30550410984270565,0.021586653684224643
109.30000000000001,24.005632261645214,24.0055608401085,24.0,1.0,0.8758663228110964,0.30550410984270565,0.021586653684224643
109.4,24.0055608401085,24.005490259889132,24.0,1.0,0.8758565072310608,0.30550410984270565,0.021586653684224643
109.5,24.005490259889132,24.005420511668614,24.0,1.0,0.8758467963178564,0.30550410984270565,0.021586653684224643
109.60000000000001,24.005420511668614,24.00535158622596,24.0,1.0,0.875837189020652,0.30550410984270565,0.021586653684224643
109.7,24.00535158622596,24.00528347443674,24.0,1.0,0.8758276842985003,0.30550410984270565,0.021586653684224643
109.80000000000001,24.00528347443674,24.005216167272124,24.0,1.0,0.875818281120257,0.30550410984270565,0.021586653684224643
109.9,24.005216167272124,24.005149655797926,24.0,1.0,0.8758089784644909,0.30550410984270565,0.021586653684224643
110.0,24.005149655797926,24.00508391414192,24.0,1.0,0.8758000068551428,0.3055461907950194,0.021615458174140758
110.10000000000001,24.00508391414192,24.005018950309395,24.0,1.0,0.8757909088559234,0.3055461907950194,0.021615458174140758
110.2,24.005018950309395,24.004954755662133,24.0,1.0,0.8757819080954049,0.3055461907950194,0.021615458174140758
110.30000000000001,24.004954755662133,24.004891321652376,24.0,1.0,0.8757730035968424,0.3055461907950194,0.021615458174140758
110.4,24.004891321652376,24.004828639821948,24.0,1.0,0.8757641943926536,0.3055461907950194,0.021615458174140758
110.5,24.004828639821948,24.00476670180135,24.0,1.0,0.8757554795243452,0.3055461907950194,0.021615458174140758
110.60000000000001,24.00476670180135,24.00470549930891,24.0,1.0,0.875746858042428,0.3055461907950194,0.021615458174140758
110.7,24.00470549930891,24.004645024149884,24.0,1.0,0.875738329006345,0.3055461907950194,0.021615458174140758
110.80000000000001,24.004645024149884,24.004585268215624,24.0,1.0,0.8757298914843903,0.3055461907950194,0.021615458174140758
110.9,24.004585268215624,24.004526223482703,24.0,1.0,0.875721544553633,0.3055461907950194,0.021615458174140758
111.0,24.004526223482703,24.004467882012083,24.0,1.0,0.8757132872998401,0.3055461907950194,0.021615458174140758
111.10000000000001,24.004467882012083,24.00441023594828,24.0,1.0,0.8757051188174028,0.3055461907950194,0.021615458174140758
111.2,24.00441023594828,24.004353277518526,24.0,1.0,0.8756970382092617,0.3055461907950194,0.021615458174140758
111.30000000000001,24.004353277518526,24.00429699903195,24.0,1.0,0.8756890445868284,0.3055461907950194,0.021615458174140758
111.4,24.00429699903195,24.00424139287878,24.0,1.0,0.8756811370699166,0.3055461907950194,0.021615458174140758
111.5,24.00424139287878,24.004186451529506,24.0,1.0,0.8756733147866673,0.3055461907950194,0.021615458174140758
111.60000000000001,24.004186451529506,24.004132167534113,24.0,1.0,0.8756655768734734,0.3055461907950194,0.021615458174140758
111.7,24.004132167534113,24.004078533521273,24.0,1.0,0.87565792247491,0.3055461907950194,0.021615458174140758
111.80000000000001,24.004078533521273,24.004025542197564,24.0,1.0,0.8756503507436639,0.3055461907950194,0.021615458174140758
111.9,24.004025542197564,24.0039731863467,24.0,1.0,0.8756428608404593,0.3055461907950194,0.021615458174140758
112.0,24.0039731863467,24.003921449590436,24.0,1.0,0.8756355730195984,0.3055743584498326,0.021638538556046832
112.10000000000001,24.003921449590436,24.003870333884002,24.0,1.0,0.8756282490373111,0.3055743584498326,0.021638538556046832
112.2,24.003870333884002,24.003819832250063,24.0,1.0,0.8756210042250083,0.3055743584498326,0.021638538556046832
112.30000000000001,24.003819832250063,24.003769937785048,24.0,1.0,0.8756138377793586,0.3055743584498326,0.021638538556046832
112.4,24.003769937785048,24.00372064365843,24.0,1.0,0.8756067489046331,0.3055743584498326,0.021638538556046832
112.5,24.00372064365843,24.00367194311199,24.0,1.0,0.8755997368126418,0.3055743584498326,0.021638538556046832
112.60000000000001,24.00367194311199,24.0036238294591,24.0,1.0,0.8755928007226677,0.3055743584498326,0.021638538556046832
112.7,24.0036238294591,24.003576296084017,24.0,1.0,0.875585939861401,0.3055743584498326,0.021638538556046832
112.80000000000001,24.003576296084017,24.00352933644116,24.0,1.0,0.8755791534628746,0.3055743584498326,0.021638538556046832
112.9,24.00352933644116,24.00348294405443,24.0,1.0,0.875572440768402,0.3055743584498326,0.021638538556046832
113.0,24.00348294405443,24.00343711251649,24.0,1.0,0.8755658010265104,0.3055743584498326,0.021638538556046832
113.10000000000001,24.00343711251649,24.00339183548811,24.0,1.0,0.8755592334928788,0.3055743584498326,0.021638538556046832
113.2,24.00339183548811,24.00334710669746,24.0,1.0,0.8755527374302774,0.3055743584498326,0.021638538556046832
113.30000000000001,24.00334710669746,24.00330291993945,24.0,1.0,0.8755463121085032,0.3055743584498326,0.021638538556046832
113.4,24.00330291993945,24.003259269075055,24.0,1.0,0.8755399568043178,0.3055743584498326,0.021638538556046832
113.5,24.003259269075055,24.00321614803066,24.0,1.0,0.8755336708013891,0.3055743584498326,0.021638538556046832
113.60000000000001,24.00321614803066,24.003173550797396,24.0,1.0,0.8755274533902285,0.3055743584498326,0.021638538556046832
113.7,24.003173550797396,24.003131471430496,24.0,1.0,0.875521303868131,0.3055743584498326,0.021638538556046832
113.80000000000001,24.003131471430496,24.00308990404865,24.0,1.0,0.8755152215391153,0.3055743584498326,0.021638538556046832
113.9,24.00308990404865,24.003048842833373,24.0,1.0,0.8755092057138644,0.3055743584498326,0.021638538556046832
114.0,24.003048842833373,24.003008277197026,24.0,1.0,0.8755033157496436,0.3055922056203509,0.02165699394072004
114.10000000000001,24.003008277197026,24.002968206110744,24.0,1.0,0.8754974342314626,0.3055922056203509,0.02165699394072004
114.2,24.002968206110744,24.002928623949057,24.0,1.0,0.8754916170619997,0.3055922056203509,0.02165699394072004
114.30000000000001,24.002928623949057,24.0028895251466,24.0,1.0,0.8754858635810184,0.3055922056203509,0.02165699394072004
114.4,24.0028895251466,24.002850904197516,24.0,1.0,0.8754801731345977,0.3055922056203509,0.02165699394072004
114.5,24.002850904197516,24.002812755654855,24.0,1.0,0.8754745450750769,0.3055922056203509,0.02165699394072004
114.60000000000001,24.002812755654855,24.00277507412999,24.0,1.0,0.8754689787610014,0.3055922056203509,0.02165699394072004
114.7,24.00277507412999,24.00273785429202,24.0,1.0,0.8754634735570683,0.3055922056203509,0.02165699394072004
114.80000000000001,24.00273785429202,24.002701090867195,24.0,1.0,0.8754580288340713,0.3055922056203509,0.02165699394072004
114.9,24.002701090867195,24.002664778638344,24.0,1.0,0.8754526439688477,0.3055922056203509,0.02165699394072004
115.0,24.002664778638344,24.002628912444298,24.0,1.0,0.8754473183442247,0.3055922056203509,0.02165699394072004
115.10000000000001,24.002628912444298,24.002593487179325,24.0,1.0,0.8754420513489665,0.3055922056203509,0.02165699394072004
115.2,24.002593487179325,24.002558497792577,24.0,1.0,0.8754368423777217,0.3055922056203509,0.02165699394072004
115.30000000000001,24.002558497792577,24.002523939287535,24.0,1.0,0.8754316908309712,0.3055922056203509,0.02165699394072004
115.4,24.002523939287535,24.00248980672145,24.0,1.0,0.875426596114978,0.3055922056203509,0.02165699394072004
115.5,24.00248980672145,24.00245609520481,24.0,1.0,0.8754215576417324,0.3055922056203509,0.02165699394072004
115.60000000000001,24.00245609520481,24.002422799900803,24.0,1.0,0.8754165748289046,0.3055922056203509,0.02165699394072004
115.7,24.002422799900803,24.00238991602477,24.0,1.0,0.8754116470997932,0.3055922056203509,0.02165699394072004
115.80000000000001,24.00238991602477,24.002357438843696,24.0,1.0,0.8754067738832744,0.3055922056203509,0.02165699394072004
115.9,24.002357438843696,24.002325363675666,24.0,1.0,0.8754019546137524,0.3055922056203509,0.02165699394072004
116.0,24.002325363675666,24.002293683493757,24.0,1.0,0.8753972161257567,0.3056025144972196,0.021671713173068978
116.10000000000001,24.002293683493757,24.002262395990968,24.0,1.0,0.8753925053875843,0.3056025144972196,0.021671713173068978
116.2,24.002262395990968,24.00223149664128,24.0,1.0,0.8753878468477595,0.3056025144972196,0.021671713173068978
116.30000000000001,24.00223149664128,24.00220098096759,24.0,1.0,0.8753832399643139,0.3056025144972196,0.021671713173068978
116.4,24.00220098096759,24.00217084454122,24.0,1.0,0.8753786842005258,0.3056025144972196,0.021671713173068978
116.5,24.00217084454122,24.002141082981414,24.0,1.0,0.8753741790248728,0.3056025144972196,0.021671713173068978
116.60000000000001,24.002141082981414,24.002111691954862,24.0,1.0,0.8753697239109864,0.3056025144972196,0.021671713173068978
116.7,24.002111691954862,24.002082667175223,24.0,1.0,0.8753653183376043,0.3056025144972196,0.021671713173068978
116.80000000000001,24.002082667175223,24.00205400440263,24.0,1.0,0.8753609617885294,0.3056025144972196,0.021671713173068978
116.9,24.00205400440263,24.00202569944323,24.0,1.0,0.8753566537525795,0.3056025144972196,0.021671713173068978
117.0,24.00202569944323,24.001997748148714,24.0,1.0,0.875352393723545,0.3056025144972196,0.021671713173068978
117.10000000000001,24.001997748148714,24.001970146415847,24.0,1.0,0.8753481812001445,0.3056025144972196,0.021671713173068978
117.2,24.001970146415847,24.001942890186015,24.0,1.0,0.875344015685979,0.3056025144972196,0.021671713173068978
117.30000000000001,24.001942890186015,24.00191597544477,24.0,1.0,0.8753398966894906,0.3056025144972196,0.021671713173068978
117.4,24.00191597544477,24.001889398221376,24.0,1.0,0.8753358237239177,0.3056025144972196,0.021671713173068978
117.5,24.001889398221376,24.001863154588357,24.0,1.0,0.8753317963072524,0.3056025144972196,0.021671713173068978
117.60000000000001,24.001863154588357,24.001837240661064,24.0,1.0,0.8753278139621956,0.3056025144972196,0.021671713173068978
117.7,24.001837240661064,24.001811652597237,24.0,1.0,0.8753238762161183,0.3056025144972196,0.021671713173068978
117.80000000000001,24.001811652597237,24.00178638659656,24.0,1.0,0.8753199826010171,0.3056025144972196,0.021671713173068978
117.9,24.00178638659656,24.001761438900242,24.0,1.0,0.8753161326534727,0.3056025144972196,0.021671713173068978
118.0,24.001761438900242,24.00173680469754,24.0,1.0,0.8753123366733897,0.3056074512656207,0.021683424989512486
118.10000000000001,24.00173680469754,24.00171248131767,24.0,1.0,0.8753085742649258,0.3056074512656207,0.021683424989512486
118.2,24.00171248131767,24.001688465127682,24.0,1.0,0.8753048541048178,0.3056074512656207,0.021683424989512486
118.30000000000001,24.001688465127682,24.001664752534356,24.0,1.0,0.8753011757489004,0.3056074512656207,0.021683424989512486
118.4,24.001664752534356,24.001641339983816,24.0,1.0,0.8752975387573618,0.3056074512656207,0.021683424989512486
118.5,24.001641339983816,24.001618223961117,24.0,1.0,0.8752939426947058,0.3056074512656207,0.021683424989512486
118.60000000000001,24.001618223961117,24.00159540098985,24.0,1.0,0.875290387129713,0.3056074512656207,0.021683424989512486
118.7,24.00159540098985,24.001572867631737,24.0,1.0,0.8752868716354028,0.3056074512656207,0.021683424989512486
118.80000000000001,24.001572867631737,24.00155062048625,24.0,1.0,0.8752833957889926,0.3056074512656207,0.021683424989512486
118.9,24.00155062048625,24.001528656190214,24.0,1.0,0.8752799591718623,0.3056074512656207,0.021683424989512486
119.0,24.001528656190214,24.00150697141743,24.0,1.0,0.8752765613695156,0.3056074512656207,0.021683424989512486
119.10000000000001,24.00150697141743,24.001485562878287,24.0,1.0,0.8752732019715433,0.3056074512656207,0.021683424989512486
119.2,24.001485562878287,24.001464427319387,24.0,1.0,0.8752698805715841,0.3056074512656207,0.021683424989512486
119.30000000000001,24.001464427319387,24.00144356152317,24.0,1.0,0.875266596767291,0.3056074512656207,0.021683424989512486
119.4,24.00144356152317,24.001422962307554,24.0,1.0,0.8752633501602913,0.3056074512656207,0.021683424989512486
119.5,24.001422962307554,24.001402626525547,24.0,1.0,0.8752601403561545,0.3056074512656207,0.021683424989512486
119.60000000000001,24.001402626525547,24.001382551064907,24.0,1.0,0.8752569669643512,0.3056074512656207,0.021683424989512486
119.7,24.001382551064907,24.001362732847767,24.0,1.0,0.8752538295982231,0.3056074512656207,0.021683424989512486
119.80000000000001,24.001362732847767,24.00134316883029,24.0,1.0,0.8752507278749427,0.3056074512656207,0.021683424989512486
119.9,24.00134316883029,24.001323856002305,24.0,1.0,0.8752476614154827,0.3056074512656207,0.021683424989512486
