time,temperature,next_temperature,setpoint,disturbance,command,kp,ki
0.0,28.0,28.009975041614634,24.0,0.0,1.0,1.02,0.192
0.1,28.009975041614634,28.019900332501663,24.0,0.0,1.0,1.02,0.192
0.2,28.019900332501663,28.029776120793873,24.0,0.0,1.0,1.02,0.192
0.30000000000000004,28.029776120793873,28.03960265338649,24.0,0.0,1.0,1.02,0.192
0.4,28.03960265338649,28.049380175943334,24.0,0.0,1.0,1.02,0.192
0.5,28.049380175943334,28.059108932902983,24.0,0.0,1.0,1.02,0.192
0.6000000000000001,28.059108932902983,28.068789167484866,24.0,0.0,1.0,1.02,0.192
0.7000000000000001,28.068789167484866,28.078421121695353,24.0,0.0,1.0,1.02,0.192
0.8,28.078421121695353,28.0880050363338,24.0,0.0,1.0,1.02,0.192
0.9,28.0880050363338,28.097541150998573,24.0,0.0,1.0,1.02,0.192
1.0,28.097541150998573,28.107029704093033,24.0,0.0,1.0,1.02,0.192
1.1,28.107029704093033,28.116470932831504,24.0,0.0,1.0,1.02,0.192
1.2000000000000002,28.116470932831504,28.125865073245194,24.0,0.0,1.0,1.02,0.192
1.3,28.125865073245194,28.135212360188106,24.0,0.0,1.0,1.02,0.192
1.4000000000000001,28.135212360188106,28.144513027342896,24.0,0.0,1.0,1.02,0.192
1.5,28.144513027342896,28.15376730722673,24.0,0.0,1.0,1.02,0.192
1.6,28.15376730722673,28.162975431197086,24.0,0.0,1.0,1.02,0.192
1.7000000000000002,28.162975431197086,28.172137629457545,24.0,0.0,1.0,1.02,0.192
1.8,28.172137629457545,28.18125413106354,24.0,0.0,1.0,1.02,0.192
1.9000000000000001,28.18125413106354,28.190325163928083,24.0,0.0,1.0,1.02,0.192
2.0,28.190325163928083,28.15945078836893,24.0,0.0,1.0,1.02,0.192
2.1,28.15945078836893,28.12873039940029,24.0,0.0,1.0,1.02,0.192
2.2,28.12873039940029,28.09816322901084,24.0,0.0,1.0,1.02,0.192
2.3000000000000003,28.09816322901084,28.06774851301973,24.0,0.0,1.0,1.02,0.192
2.4000000000000004,28.06774851301973,28.037485491057474,24.0,0.0,1.0,1.02,0.192
2.5,28.037485491057474,28.007373406546947,24.0,0.0,1.0,1.02,0.192
2.6,28.007373406546947,27.97741150668447,24.0,0.0,1.0,1.02,0.192
2.7,27.97741150668447,27.94759904242098,24.0,0.0,1.0,1.02,0.192
2.8000000000000003,27.94759904242098,27.917935268443323,24.0,0.0,1.0,1.02,0.192
2.9000000000000004,27.917935268443323,27.888419443155602,24.0,0.0,1.0,1.02,0.192
3.0,27.888419443155602,27.85905082866065,24.0,0.0,1.0,1.02,0.192
3.1,27.85905082866065,27.82982869074157,24.0,0.0,1.0,1.02,0.192
3.2,27.82982869074157,27.8007522988434,24.0,0.0,1.0,1.02,0.192
3.3000000000000003,27.8007522988434,27.771820926054822,24.0,0.0,1.0,1.02,0.192
3.4000000000000004,27.771820926054822,27.74303384909001,24.0,0.0,1.0,1.02,0.192
3.5,27.74303384909001,27.714390348270545,24.0,0.0,1.0,1.02,0.192
3.6,27.714390348270545,27.68588970750741,24.0,0.0,1.0,1.02,0.192
3.7,27.68588970750741,27.657531214283104,24.0,0.0,1.0,1.02,0.192
3.8000000000000003,27.657531214283104,27.629314159633818,24.0,0.0,1.0,1.02,0.192
3.9000000000000004,27.629314159633818,27.601237838131716,24.0,0.0,1.0,1.02,0.192
4.0,27.601237838131716,27.5733015478673,24.0,0.0,1.0,1.02,0.192
4.1000000000000005,27.5733015478673,27.545504590431854,24.0,0.0,1.0,1.02,0.192
4.2,27.545504590431854,27.517846270899998,24.0,0.0,1.0,1.02,0.192
4.3,27.517846270899998,27.490325897812305,24.0,0.0,1.0,1.02,0.192
4.4,27.490325897812305,27.46294278315801,24.0,0.0,1.0,1.02,0.192
4.5,27.46294278315801,27.43569624235782,24.0,0.0,1.0,1.02,0.192
4.6000000000000005,27.43569624235782,27.4085855942468,24.0,0.0,1.0,1.02,0.192
4.7,27.4085855942468,27.38161016105734,24.0,0.0,1.0,1.02,0.192
4.800000000000001,27.38161016105734,27.354769268402194,24.0,0.0,1.0,1.02,0.192
4.9,27.354769268402194,27.32806224525765,24.0,0.0,1.0,1.02,0.192
5.0,27.32806224525765,27.301488423946743,24.0,0.0,1.0,1.02,0.192
5.1000000000000005,27.301488423946743,27.275047140122556,24.0,0.0,1.0,1.02,0.192
5.2,27.275047140122556,27.248737732751614,24.0,0.0,1.0,1.02,0.192
5.300000000000001,27.248737732751614,27.22255954409736,24.0,0.0,1.0,1.02,0.192
5.4,27.22255954409736,27.19651191970372,24.0,0.0,1.0,1.02,0.192
5.5,27.19651191970372,27.170594208378724,24.0,0.0,1.0,1.02,0.192
5.6000000000000005,27.170594208378724,27.144805762178237,24.0,0.0,1.0,1.02,0.192
5.7,27.144805762178237,27.119145936389764,24.0,0.0,1.0,1.02,0.192
5.800000000000001,27.119145936389764,27.093614089516322,24.0,0.0,1.0,1.02,0.192
5.9,27.093614089516322,27.068209583260412,24.0,0.0,1.0,1.02,0.192
6.0,27.068209583260412,27.042931782508056,24.0,0.0,1.0,1.02,0.192
6.1000000000000005,27.042931782508056,27.01778005531291,24.0,0.0,1.0,1.02,0.192
6.2,27.01778005531291,26.992753772880494,24.0,0.0,1.0,1.02,0.192
6.300000000000001,26.992753772880494,26.96785230955244,24.0,0.0,1.0,1.02,0.192
6.4,26.96785230955244,26.943075042790866,24.0,0.0,1.0,1.02,0.192
6.5,26.943075042790866,26.918421353162813,24.0,0.0,1.0,1.02,0.192
6.6000000000000005,26.918421353162813,26.893890624324758,24.0,0.0,1.0,1.02,0.192
6.7,26.893890624324758,26.8694822430072,24.0,0.0,1.0,1.02,0.192
6.800000000000001,26.8694822430072,26.84519559899934,24.0,0.0,1.0,1.02,0.192
6.9,26.84519559899934,26.821030085133806,24.0,0.0,1.0,1.02,0.192
7.0,26.821030085133806,26.796985097271495,24.0,0.0,1.0,1.02,0.192
7.1000000000000005,26.796985097271495,26.77306003428646,24.0,0.0,1.0,1.02,0.192
7.2,26.77306003428646,26.74925429805088,24.0,0.0,1.0,1.02,0.192
7.300000000000001,26.74925429805088,26.725567293420106,24.0,0.0,1.0,1.02,0.192
7.4,26.725567293420106,26.70199842821779,24.0,0.0,1.0,1.02,0.192
7.5,26.70199842821779,26.67854711322108,24.0,0.0,1.0,1.02,0.192
7.6000000000000005,26.67854711322108,26.655212762145872,24.0,0.0,1.0,1.02,0.192
7.7,26.655212762145872,26.63199479163218,24.0,0.0,1.0,1.02,0.192
7.800000000000001,26.63199479163218,26.60889262122953,24.0,0.0,1.0,1.02,0.192
7.9,26.60889262122953,26.585905673382456,24.0,0.0,1.0,1.02,0.192
8.0,26.585905673382456,26.563033373416065,24.0,0.0,1.0,1.02,0.192
8.1,26.563033373416065,26.54027514952167,24.0,0.0,1.0,1.02,0.192
8.200000000000001,26.54027514952167,26.517630432742482,24.0,0.0,1.0,1.02,0.192
8.3,26.517630432742482,26.495098656959406,24.0,0.0,1.0,1.02,0.192
8.4,26.495098656959406,26.472679258876877,24.0,0.0,1.0,1.02,0.192
8.5,26.472679258876877,26.45037167800877,24.0,0.0,1.0,1.02,0.192
8.6,26.45037167800877,26.428175356664404,24.0,0.0,1.0,1.02,0.192
8.700000000000001,26.428175356664404,26.40608973993459,24.0,0.0,1.0,1.02,0.192
8.8,26.40608973993459,26.384114275677756,24.0,0.0,1.0,1.02,0.192
8.9,26.384114275677756,26.362248414506155,24.0,0.0,1.0,1.02,0.192
9.0,26.362248414506155,26.340491609772116,24.0,0.0,1.0,1.02,0.192
9.1,26.340491609772116,26.31884331755439,24.0,0.0,1.0,1.02,0.192
9.200000000000001,26.31884331755439,26.297302996644543,24.0,0.0,1.0,1.02,0.192
9.3,26.297302996644543,26.27587010853343,24.0,0.0,1.0,1.02,0.192
9.4,26.27587010853343,26.25454411739773,24.0,0.0,1.0,1.02,0.192
9.5,26.25454411739773,26.23332449008656,24.0,0.0,1.0,1.02,0.192
9.600000000000001,26.23332449008656,26.212210696108126,24.0,0.0,1.0,1.02,0.192
9.700000000000001,26.212210696108126,26.19120220761648,24.0,0.0,1.0,1.02,0.192
9.8,26.19120220761648,26.170298499398317,24.0,0.0,1.0,1.02,0.192
9.9,26.170298499398317,26.14949904885984,24.0,0.0,1.0,1.02,0.192
10.0,26.14949904885984,26.128803336013707,24.0,0.0,1.0,1.02,0.192
10.100000000000001,26.128803336013707,26.108210843466015,24.0,0.0,1.0,1.02,0.192
10.200000000000001,26.108210843466015,26.08772105640338,24.0,0.0,1.0,1.02,0.192
10.3,26.08772105640338,26.06733346258006,24.0,0.0,1.0,1.02,0.192
10.4,26.06733346258006,26.04704755230514,24.0,0.0,1.0,1.02,0.192
10.5,26.04704755230514,26.026862818429816,24.0,0.0,1.0,1.02,0.192
10.600000000000001,26.026862818429816,26.006778756334683,24.0,0.0,1.0,1.02,0.192
10.700000000000001,26.006778756334683,25.986794863917144,24.0,0.0,1.0,1.02,0.192
10.8,25.986794863917144,25.96691064157885,24.0,0.0,1.0,1.02,0.192
10.9,25.96691064157885,25.947125592213204,24.0,0.0,1.0,1.02,0.192
11.0,25.947125592213204,25.927439221192945,24.0,0.0,1.0,1.02,0.192
11.100000000000001,25.927439221192945,25.90785103635777,24.0,0.0,1.0,1.02,0.192
11.200000000000001,25.90785103635777,25.888360548002037,24.0,0.0,1.0,1.02,0.192
11.3,25.888360548002037,25.868967268862523,24.0,0.0,1.0,1.02,0.192
11.4,25.868967268862523,25.84967071410624,24.0,0.0,1.0,1.02,0.192
11.5,25.84967071410624,25.830470401318312,24.0,0.0,1.0,1.02,0.192
11.600000000000001,25.830470401318312,25.81136585048992,24.0,0.0,1.0,1.02,0.192
11.700000000000001,25.81136585048992,25.792356584006303,24.0,0.0,1.0,1.02,0.192
11.8,25.792356584006303,25.773442126634805,24.0,0.0,1.0,1.02,0.192
11.9,25.773442126634805,25.754622005513006,24.0,0.0,1.0,1.02,0.192
12.0,25.754622005513006,25.735895750136898,24.0,0.0,1.0,1.02,0.192
12.100000000000001,25.735895750136898,25.71726289234912,24.0,0.0,1.0,1.02,0.192
12.200000000000001,25.71726289234912,25.698722966327257,24.0,0.0,1.0,1.02,0.192
12.3,25.698722966327257,25.680275508572194,24.0,0.0,1.0,1.02,0.192
12.4,25.680275508572194,25.66192005789653,24.0,0.0,1.0,1.02,0.192
12.5,25.66192005789653,25.643656155413037,24.0,0.0,1.0,1.02,0.192
12.600000000000001,25.643656155413037,25.625483344523204,24.0,0.0,1.0,1.02,0.192
12.700000000000001,25.625483344523204,25.60740117090581,24.0,0.0,1.0,1.02,0.192
12.8,25.60740117090581,25.589409182505577,24.0,0.0,1.0,1.02,0.192
12.9,25.589409182505577,25.571506929521853,24.0,0.0,1.0,1.02,0.192
13.0,25.571506929521853,25.553693964397382,24.0,0.0,1.0,1.02,0.192
13.100000000000001,25.553693964397382,25.535969841807113,24.0,0.0,1.0,1.02,0.192
13.200000000000001,25.535969841807113,25.51833411864705,24.0,0.0,1.0,1.02,0.192
13.3,25.51833411864705,25.5007863540232,24.0,0.0,1.0,1.02,0.192
13.4,25.5007863540232,25.483326109240537,24.0,0.0,1.0,1.02,0.192
13.5,25.483326109240537,25.465952947792026,24.0,0.0,1.0,1.02,0.192
13.600000000000001,25.465952947792026,25.44866643534773,24.0,0.0,1.0,1.02,0.192
13.700000000000001,25.44866643534773,25.431466139743932,24.0,0.0,1.0,1.02,0.192
13.8,25.431466139743932,25.414351630972355,24.0,0.0,1.0,1.02,0.192
13.9,25.414351630972355,25.397322481169383,24.0,0.0,1.0,1.02,0.192
14.0,25.397322481169383,25.380378264605383,24.0,0.0,1.0,1.02,0.192
14.100000000000001,25.380378264605383,25.36351855767406,24.0,0.0,1.0,1.02,0.192
14.200000000000001,25.36351855767406,25.34674293888186,24.0,0.0,1.0,1.02,0.192
14.3,25.34674293888186,25.330050988837442,24.0,0.0,1.0,1.02,0.192
14.4,25.330050988837442,25.313442290241188,24.0,0.0,1.0,1.02,0.192
14.5,25.313442290241188,25.296916427874763,24.0,0.0,1.0,1.02,0.192
14.600000000000001,25.296916427874763,25.28047298859075,24.0,0.0,1.0,1.02,0.192
14.700000000000001,25.28047298859075,25.264111561302308,24.0,0.0,1.0,1.02,0.192
14.8,25.264111561302308,25.247831736972906,24.0,0.0,1.0,1.02,0.192
14.9,25.247831736972906,25.231633108606086,24.0,0.0,1.0,1.02,0.192
15.0,25.231633108606086,25.215515271235297,24.0,0.0,1.0,1.02,0.192
15.100000000000001,25.215515271235297,25.199477821913764,24.0,0.0,1.0,1.02,0.192
15.200000000000001,25.199477821913764,25.183520359704417,24.0,0.0,1.0,1.02,0.192
15.3,25.183520359704417,25.167642485669873,24.0,0.0,1.0,1.02,0.192
15.4,25.167642485669873,25.15184380286245,24.0,0.0,1.0,1.02,0.192
15.5,25.15184380286245,25.13612391631426,24.0,0.0,1.0,1.02,0.192
15.600000000000001,25.13612391631426,25.120482433027316,24.0,0.0,1.0,1.02,0.192
15.700000000000001,25.120482433027316,25.104918961963723,24.0,0.0,1.0,1.02,0.192
15.8,25.104918961963723,25.08943311403589,24.0,0.0,1.0,1.02,0.192
15.9,25.08943311403589,25.074024502096822,24.0,0.0,1.0,1.02,0.192
16.0,25.074024502096822,25.05869274093041,24.0,0.0,1.0,1.02,0.192
16.1,25.05869274093041,25.04343744724183,24.0,0.0,1.0,1.02,0.192
16.2,25.04343744724183,25.02825823964794,24.0,0.0,1.0,1.02,0.192
16.3,25.02825823964794,25.013154738667765,24.0,0.0,1.0,1.02,0.192
16.400000000000002,25.013154738667765,24.99812656671299,24.0,0.0,1.0,1.02,0.192
16.5,24.99812656671299,24.983173348078537,24.0,0.0,1.0,1.02,0.192
16.6,24.983173348078537,24.96829470893316,24.0,0.0,1.0,1.02,0.192
16.7,24.96829470893316,24.953490277310106,24.0,0.0,0.9876606031118245,1.02,0.192
16.8,24.953490277310106,24.93875968309781,24.0,0.0,0.9908670961806622,1.02,0.192
16.900000000000002,24.93875968309781,24.924102558030654,24.0,0.0,0.9938660759995986,1.02,0.192
17.0,24.924102558030654,24.909518535679744,24.0,0.0,0.9966585775452877,1.02,0.192
17.1,24.909518535679744,24.895007251443765,24.0,0.0,0.9992456306324109,1.02,0.192
17.2,24.895007251443765,24.880568342539853,24.0,0.0,0.984444120711712,1.02,0.192
17.3,24.880568342539853,24.866201447994534,24.0,0.0,0.9866233458064867,1.02,0.192
17.400000000000002,24.866201447994534,24.8519062086347,24.0,0.0,0.9886001811717567,1.02,0.192
17.5,24.8519062086347,24.837682267078613,24.0,0.0,0.9903756362305106,1.02,0.192
17.6,24.837682267078613,24.823529267727,24.0,0.0,0.9919507153712124,1.02,0.192
17.7,24.823529267727,24.809446856754143,24.0,0.0,0.9933264179729262,1.02,0.192
17.8,24.809446856754143,24.795434682099028,24.0,0.0,0.9945037384302908,1.02,0.192
17.900000000000002,24.795434682099028,24.78149239345656,24.0,0.0,0.9954836661783755,1.02,0.192
18.0,24.78149239345656,24.767619642268798,24.0,0.0,0.9962671857174238,1.02,0.192
18.1,24.767619642268798,24.75381608171624,24.0,0.0,0.9968552766374675,1.02,0.192
18.2,24.75381608171624,24.740081366709155,24.0,0.0,0.9972489136428117,1.02,0.192
18.3,24.740081366709155,24.72641515387895,24.0,0.0,0.9974490665763998,1.02,0.192
18.400000000000002,24.72641515387895,24.71281710156959,24.0,0.0,0.997456700444066,1.02,0.192
18.5,24.71281710156959,24.699286869829066,24.0,0.0,0.9972727754386562,1.02,0.192
18.6,24.699286869829066,24.685824120400873,24.0,0.0,0.9968982469640391,1.02,0.192
18.7,24.685824120400873,24.672920860705414,24.0,0.0,0.996334065658979,1.02,0.192
18.8,24.672920860705414,24.659954016678974,24.0,0.0,0.9960928212951543,1.02,0.192
18.900000000000002,24.659954016678974,24.64693218526294,24.0,0.0,0.9955377575084214,1.02,0.192
19.0,24.64693218526294,24.633863879225533,24.0,0.0,0.9946765874211162,1.02,0.192
19.1,24.633863879225533,24.620757527787593,24.0,0.0,0.9935171017440907,1.02,0.192
19.200000000000003,24.620757527787593,24.608307127259827,24.0,0.0,0.992067167810913,1.02,0.192
19.3,24.608307127259827,24.595831871919724,24.0,0.0,0.9910472561159814,1.02,0.192
19.400000000000002,24.595831871919724,24.583339961115072,24.0,0.0,0.989762467609935,1.02,0.192
19.5,24.583339961115072,24.570839513023095,24.0,0.0,0.9882208458425994,1.02,0.192
19.6,24.570839513023095,24.55833856525618,24.0,0.0,0.9864305074388263,1.02,0.192
19.700000000000003,24.55833856525618,24.545845075463554,24.0,0.0,0.98439964116949,1.02,0.192
19.8,24.545845075463554,24.533366921929,24.0,0.0,0.9821365070299124,1.02,0.192
19.900000000000002,24.533366921929,24.520911904164574,24.0,0.0,0.9796494353257063,1.02,0.192
20.0,24.520911904164574,24.50848774350037,24.0,0.0,0.9769468257659502,1.02,0.192
20.1,24.50848774350037,24.496102083670394,24.0,0.0,0.9740371465636704,1.02,0.192
20.200000000000003,24.496102083670394,24.483762491394494,24.0,0.0,0.9709289335435649,1.02,0.192
20.3,24.483762491394494,24.471476456956456,24.0,0.0,0.9676307892569209,1.02,0.192
20.400000000000002,24.471476456956456,24.459251394778224,24.0,0.0,0.9641513821036864,1.02,0.192
20.5,24.459251394778224,24.44709464399031,24.0,0.0,0.9604994454616322,1.02,0.192
20.6,24.44709464399031,24.43501346899838,24.0,0.0,0.9566837768225751,1.02,0.192
20.700000000000003,24.43501346899838,24.423015060046087,24.0,0.0,0.9527132369355751,1.02,0.192
20.8,24.423015060046087,24.41108611909837,24.0,0.0,0.9485967489571194,1.02,0.192
20.900000000000002,24.41108611909837,24.399238821129327,24.0,0.0,0.9443220826771386,1.02,0.192
21.0,24.399238821129327,24.387484972635246,24.0,0.0,0.9399032241143962,1.02,0.192
21.1,24.387484972635246,24.375836010376613,24.0,0.0,0.9353540101250304,1.02,0.192
21.200000000000003,24.375836010376613,24.364303000164917,24.0,0.0,0.9306881200204559,1.02,0.192
21.3,24.364303000164917,24.352868205728022,24.0,0.0,0.925919067207692,1.02,0.192
21.400000000000002,24.352868205728022,24.341541705841564,24.0,0.0,0.9210306464320377,1.02,0.192
21.5,24.341541705841564,24.330333208074098,24.0,0.0,0.9160352173000086,1.02,0.192
21.6,24.330333208074098,24.319252047722795,24.0,0.0,0.9109449471722157,1.02,0.192
21.700000000000003,24.319252047722795,24.308307186791513,24.0,0.0,0.9057718029301645,1.02,0.192
21.8,24.308307186791513,24.297507213010746,24.0,0.0,0.9005275427666537,1.02,0.192
21.900000000000002,24.297507213010746,24.286860338898922,24.0,0.0,0.895223708000078,1.02,0.192
22.0,24.286860338898922,24.27637440086457,24.0,0.0,0.8898716149128767,1.02,0.192
22.1,24.27637440086457,24.26605685834886,24.0,0.0,0.8844823466144358,1.02,0.192
22.200000000000003,24.26605685834886,24.25591479300802,24.0,0.0,0.8790667449287123,1.02,0.192
22.3,24.25591479300802,24.245954907935136,24.0,0.0,0.8736354023068091,1.02,0.192
22.400000000000002,24.245954907935136,24.236183526920883,24.0,0.0,0.8681986537648214,1.02,0.192
22.5,24.236183526920883,24.22660659375267,24.0,0.0,0.8627665688471635,1.02,0.192
22.6,24.22660659375267,24.217229671551753,24.0,0.0,0.8573489436156385,1.02,0.192
22.700000000000003,24.217229671551753,24.208057942147843,24.0,0.0,0.851955292664496,1.02,0.192
22.8,24.208057942147843,24.19909620549074,24.0,0.0,0.8465948411617463,1.02,0.192
22.900000000000002,24.19909620549074,24.190349725577807,24.0,0.0,0.8412765169169238,1.02,0.192
23.0,24.190349725577807,24.181823182107642,24.0,0.0,0.8360098221368262,1.02,0.192
23.1,24.181823182107642,24.17352067934588,24.0,0.0,0.830803752893725,1.02,0.192
23.200000000000003,24.17352067934588,24.165445755281247,24.0,0.0,0.825666797120169,1.02,0.192
23.3,24.165445755281247,24.15760139106948,24.0,0.0,0.8206069330756429,1.02,0.192
23.400000000000002,24.15760139106948,24.149991199590108,24.0,0.0,0.8156316282881748,1.02,0.192
23.5,24.149991199590108,24.142618282552988,24.0,0.0,0.8107490640113448,1.02,0.192
23.6,24.142618282552988,24.135485240718417,24.0,0.0,0.8059669596584996,1.02,0.192
23.700000000000003,24.135485240718417,24.12859418439479,24.0,0.0,0.8012925736090308,1.02,0.192
23.8,24.12859418439479,24.121946744211435,24.0,0.0,0.7967327044993104,1.02,0.192
23.900000000000002,24.121946744211435,24.115544082164366,24.0,0.0,0.792293693001149,1.02,0.192
24.0,24.115544082164366,24.10938690293256,24.0,0.0,0.7879814240906943,1.02,0.192
24.1,24.10938690293256,24.103475465462484,24.0,0.0,0.7838013298105571,1.02,0.192
24.200000000000003,24.103475465462484,24.097809594818525,24.0,0.0,0.7797583925279596,1.02,0.192
24.3,24.097809594818525,24.092388694297,24.0,0.0,0.775857148691637,1.02,0.192
24.400000000000002,24.092388694297,24.08721175780144,24.0,0.0,0.7721016930901841,1.02,0.192
24.5,24.08721175780144,24.082277382476803,24.0,0.0,0.7684956836145016,1.02,0.192
24.6,24.082277382476803,24.077583781600318,24.0,0.0,0.7650423465269258,1.02,0.192
24.700000000000003,24.077583781600318,24.073128797726632,24.0,0.0,0.7617444822396362,1.02,0.192
24.8,24.073128797726632,24.068909916084966,24.0,0.0,0.7586044716048284,1.02,0.192
24.900000000000002,24.068909916084966,24.06492427822592,24.0,0.0,0.7556242827191602,1.02,0.192
25.0,24.06492427822592,24.06116866081704,24.0,0.0,0.7528054782448712,1.02,0.192
25.1,24.06116866081704,24.057639497657522,24.0,0.0,0.7501491867754995,1.02,0.192
25.200000000000003,24.057639497657522,24.05433290166315,24.0,0.0,0.7476561187078171,1.02,0.192
25.3,24.05433290166315,24.05124468680274,24.0,0.0,0.7453265825054917,1.02,0.192
25.400000000000002,24.05124468680274,24.048370389967403,24.0,0.0,0.7431605013344839,1.02,0.192
25.5,24.048370389967403,24.04570524387473,24.0,0.0,0.7411574300498143,1.02,0.192
25.6,24.04570524387473,24.043244197013347,24.0,0.0,0.7393165217176813,1.02,0.192
25.700000000000003,24.043244197013347,24.04098193345586,24.0,0.0,0.7376365425017292,1.02,0.192
25.8,24.04098193345586,24.038912892521445,24.0,0.0,0.7361158867954449,1.02,0.192
25.900000000000002,24.038912892521445,24.03703128826943,24.0,0.0,0.7347525925787528,1.02,0.192
26.0,24.03703128826943,24.03533112880511,24.0,0.0,0.7335443569764691,1.02,0.192
26.1,24.03533112880511,24.03380623537909,24.0,0.0,0.732488551995924,1.02,0.192
26.200000000000003,24.03380623537909,24.032450261261314,24.0,0.0,0.7315822404206593,1.02,0.192
26.3,24.032450261261314,24.03125671037113,24.0,0.0,0.7308221918367459,1.02,0.192
26.400000000000002,24.03125671037113,24.03021895564447,24.0,0.0,0.7302048987678859,1.02,0.192
26.5,24.03021895564447,24.029330257119437,24.0,0.0,0.7297265928950666,1.02,0.192
26.6,24.029330257119437,24.02858377972142,24.0,0.0,0.7293832613362241,1.02,0.192
26.700000000000003,24.02858377972142,24.027972610728977,24.0,0.0,0.7291706629608975,1.02,0.192
26.8,24.027972610728977,24.02748977690161,24.0,0.0,0.7290843447146026,1.02,0.192
26.900000000000002,24.02748977690161,24.02712826125062,24.0,0.0,0.7291196579272001,1.02,0.192
27.0,24.02712826125062,24.0268810194342,24.0,0.0,0.729271774579202,1.02,0.192
27.1,24.0268810194342,24.026740997213274,24.0,0.0,0.7295357034995892,1.02,0.192
27.200000000000003,24.026740997213274,24.02670114718698,24.0,0.0,0.72990630798074,1.02,0.192
27.3,24.02670114718698,24.026754444795767,24.0,0.0,0.7303783229799101,1.02,0.192
27.400000000000002,24.026754444795767,24.026893903580905,24.0,0.0,0.7309463718809514,1.02,0.192
27.5,24.026893903580905,24.02711258969014,24.0,0.0,0.7316049827905461,1.02,0.192
27.6,24.02711258969014,24.027403637646742,24.0,0.0,0.732348604344017,1.02,0.192
27.700000000000003,24.027403637646742,24.027760265445966,24.0,0.0,0.7331716231025677,1.02,0.192
27.8,24.027760265445966,24.02817578897243,24.0,0.0,0.7340683805543388,1.02,0.192
27.900000000000002,24.02817578897243,24.028643635732838,24.0,0.0,0.7350331896996021,1.02,0.192
28.0,24.028643635732838,24.029157357899443,24.0,0.0,0.7360603512012888,1.02,0.192
28.1,24.029157357899443,24.029710644660526,24.0,0.0,0.7371441690828956,1.02,0.192
28.200000000000003,24.029710644660526,24.03029733387509,24.0,0.0,0.7382789659566817,1.02,0.192
28.3,24.03029733387509,24.030911423030005,24.0,0.0,0.7394590977659395,1.02,0.192
28.400000000000002,24.030911423030005,24.031547079498683,24.0,0.0,0.7406789680261291,1.02,0.192
28.5,24.031547079498683,24.032198650101442,24.0,0.0,0.741933041550555,1.02,0.192
28.6,24.032198650101442,24.03286066996861,24.0,0.0,0.7432158576473171,1.02,0.192
28.700000000000003,24.03286066996861,24.03352787070848,24.0,0.0,0.7445220427752254,1.02,0.192
28.8,24.03352787070848,24.03419518788317,24.0,0.0,0.7458463226474947,1.02,0.192
28.900000000000002,24.03419518788317,24.03485776779651,24.0,0.0,0.7471835337730373,1.02,0.192
29.0,24.03485776779651,24.035510973599006,24.0,0.0,0.7485286344263359,1.02,0.192
29.1,24.035510973599006,24.036150390716116,24.0,0.0,0.7498767150379834,1.02,0.192
29.200000000000003,24.036150390716116,24.036771831546563,24.0,0.0,0.7512230079991853,1.02,0.192
29.3,24.036771831546563,24.0373713394509,24.0,0.0,0.7525628968119348,1.02,0.192
29.400000000000002,24.0373713394509,24.03794519205138,24.0,0.0,0.7538919245918154,1.02,0.192
29.5,24.03794519205138,24.038489903865152,24.0,0.0,0.7552058019316935,1.02,0.192
29.6,24.038489903865152,24.03900222829365,24.0,0.0,0.7565004141359501,1.02,0.192
29.700000000000003,24.03900222829365,24.039479158907938,24.0,0.0,0.757771827836257,1.02,0.192
29.8,24.039479158907938,24.039917930049263,24.0,0.0,0.7590162969138621,1.02,0.192
29.900000000000002,24.039917930049263,24.040316016764898,24.0,0.0,0.7602302677349603,1.02,0.192
30.0,24.040316016764898,24.040671134099856,24.0,0.0,0.7614103837067933,1.02,0.192
30.1,24.040671134099856,24.04098123576583,24.0,0.0,0.7625534891631682,1.02,0.192
30.200000000000003,24.04098123576583,24.041244512209133,24.0,0.0,0.7636566325891657,1.02,0.192
30.3,24.041244512209133,24.041459388100066,24.0,0.0,0.7647170691957494,1.02,0.192
30.400000000000002,24.041459388100066,24.04162451926658,24.0,0.0,0.7657322628560222,1.02,0.192
30.5,24.04162451926658,24.04173878909559,24.0,0.0,0.7666998874157858,1.02,0.192
30.6,24.04173878909559,24.041801304425654,24.0,0.0,0.7676178273920101,1.02,0.192
30.700000000000003,24.041801304425654,24.04181139095518,24.0,0.0,0.7684841780736485,1.02,0.192
30.8,24.04181139095518,24.041768588190585,24.0,0.0,0.7692972450401029,1.02,0.192
30.900000000000002,24.041768588190585,24.041672643959174,24.0,0.0,0.7700555431134772,1.02,0.192
31.0,24.041672643959174,24.04152350851164,24.0,0.0,0.7707577947614538,1.02,0.192
31.1,24.04152350851164,24.04132132823945,24.0,0.0,0.771402927968394,1.02,0.192
31.200000000000003,24.04132132823945,24.041066439032324,24.0,0.0,0.7719900735929578,1.02,0.192
31.3,24.041066439032324,24.040759359303756,24.0,0.0,0.7725185622311084,1.02,0.192
31.400000000000002,24.040759359303756,24.040400782712076,24.0,0.0,0.7729879206066012,1.02,0.192
31.5,24.040400782712076,24.039991570604045,24.0,0.0,0.7733978675111598,1.02,0.192
31.6,24.039991570604045,24.039532744207467,24.0,0.0,0.7737483093165649,1.02,0.192
31.700000000000003,24.039532744207467,24.03902547659881,24.0,0.0,0.7740393350808389,1.02,0.192
31.8,24.03902547659881,24.038471084474555,24.0,0.0,0.7742712112707052,1.02,0.192
31.900000000000002,24.038471084474555,24.037871019754718,24.0,0.0,0.7744443761258775,1.02,0.192
32.0,24.037871019754718,24.03722686104644,24.0,0.0,0.7745594336909343,1.02,0.192
32.1,24.03722686104644,24.036540304995135,24.0,0.0,0.7746171475405843,1.02,0.192
32.2,24.036540304995135,24.035813157550095,24.0,0.0,0.7746184342241585,1.02,0.192
32.300000000000004,24.035813157550095,24.035047325170947,24.0,0.0,0.7745643564551791,1.02,0.192
32.4,24.035047325170947,24.03424480600069,24.0,0.0,0.77445611607173,1.02,0.192
32.5,24.03424480600069,24.03340768103049,24.0,0.0,0.774295046793281,1.02,0.192
32.6,24.03340768103049,24.032538105280647,24.0,0.0,0.7740826067994623,1.02,0.192
32.7,24.032538105280647,24.03163829902154,24.0,0.0,0.7738203711560117,1.02,0.192
32.800000000000004,24.03163829902154,24.030710539057573,24.0,0.0,0.7735100241129369,1.02,0.192
32.9,24.030710539057573,24.029757150096376,24.0,0.0,0.7731533512995948,1.02,0.192
33.0,24.029757150096376,24.028780496224808,24.0,0.0,0.7727522318410248,1.02,0.192
33.1,24.028780496224808,24.0277829725124,24.0,0.0,0.7723086304195417,1.02,0.192
33.2,24.0277829725124,24.026766996762113,24.0,0.0,0.771824589305125,1.02,0.192
33.300000000000004,24.026766996762113,24.025735001427385,24.0,0.0,0.7713022203776634,1.02,0.192
33.4,24.025735001427385,24.02468942571355,24.0,0.0,0.7707436971636469,1.02,0.192
33.5,24.02468942571355,24.023632707880612,24.0,0.0,0.7701512469092351,1.02,0.192
33.6,24.023632707880612,24.022567277763486,24.0,0.0,0.7695271427109459,1.02,0.192
33.7,24.022567277763486,24.021495549524797,24.0,0.0,0.7688736957245359,1.02,0.192
33.800000000000004,24.021495549524797,24.020419914654425,24.0,0.0,0.7681932474719497,1.02,0.192
33.9,24.020419914654425,24.019342735228804,24.0,0.0,0.7674881622655357,1.02,0.192
34.0,24.019342735228804,24.018266337441982,24.0,0.0,0.766760819767795,1.02,0.192
34.1,24.018266337441982,24.017193005419312,24.0,0.0,0.766013607704123,1.02,0.192
34.2,24.017193005419312,24.01612497532355,24.0,0.0,0.7652489147450499,1.02,0.192
34.300000000000004,24.01612497532355,24.0150644297621,24.0,0.0,0.7644691235735843,1.02,0.192
34.4,24.0150644297621,24.014013492503018,24.0,0.0,0.7636766041523365,1.02,0.192
34.5,24.014013492503018,24.012974223506408,24.0,0.0,0.7628737072041325,1.02,0.192
34.6,24.012974223506408,24.01194861427666,24.0,0.0,0.762062757918913,1.02,0.192
34.7,24.01194861427666,24.010938583540106,24.0,0.0,0.7612460498986803,1.02,0.192
34.800000000000004,24.010938583540106,24.009945973251547,24.0,0.0,0.7604258393513673,1.02,0.192
34.9,24.009945973251547,24.008972544932078,24.0,0.0,0.7596043395434665,1.02,0.192
35.0,24.008972544932078,24.008019976339774,24.0,0.0,0.7587837155203042,1.02,0.192
35.1,24.008019976339774,24.007089858473705,24.0,0.0,0.7579660791018781,1.02,0.192
35.2,24.007089858473705,24.006183692910884,24.0,0.0,0.7571534841611827,1.02,0.192
35.300000000000004,24.006183692910884,24.00530288947482,24.0,0.0,0.7563479221909943,1.02,0.192
35.4,24.00530288947482,24.00444876423343,24.0,0.0,0.7555513181641248,1.02,0.192
35.5,24.00444876423343,24.003622537823222,24.0,0.0,0.7547655266911897,1.02,0.192
35.6,24.003622537823222,24.002825334095828,24.0,0.0,0.7539923284789836,1.02,0.192
35.7,24.002825334095828,24.00205817908214,24.0,0.0,0.7532334270916812,1.02,0.192
35.800000000000004,24.00205817908214,24.00132200026859,24.0,0.0,0.7524904460160976,1.02,0.192
35.9,24.00132200026859,24.000617626179295,24.0,0.0,0.751764926031433,1.02,0.192
36.0,24.000617626179295,23.999945786257157,24.0,0.0,0.7510583228829942,1.02,0.192
36.1,23.999945786257157,23.99930711103633,24.0,0.0,0.7503720052585512,1.02,0.192
36.2,23.99930711103633,23.998702132597813,24.0,0.0,0.749707253065205,1.02,0.192
36.300000000000004,23.998702132597813,23.99813128529939,24.0,0.0,0.7490652560037958,1.02,0.192
36.4,23.99813128529939,23.997594906770576,24.0,0.0,0.7484471124371526,1.02,0.192
36.5,23.997594906770576,23.99709323916272,24.0,0.0,0.7478538285477574,1.02,0.192
36.6,23.99709323916272,23.996626430643964,24.0,0.0,0.7472863177796677,1.02,0.192
36.7,23.996626430643964,23.996194537128364,24.0,0.0,0.7467454005589014,1.02,0.192
36.800000000000004,23.996194537128364,23.995797524228028,24.0,0.0,0.7462318042858539,1.02,0.192
36.9,23.995797524228028,23.995435269416873,24.0,0.0,0.745746163592689,1.02,0.192
37.0,23.995435269416873,23.995107564394253,24.0,0.0,0.7452890208581155,1.02,0.192
37.1,23.995107564394253,23.994814117636448,24.0,0.0,0.7448608269714126,1.02,0.192
37.2,23.994814117636448,23.994554557123852,24.0,0.0,0.7444619423370713,1.02,0.192
37.300000000000004,23.994554557123852,23.994328433231416,24.0,0.0,0.7440926381110011,1.02,0.192
37.4,23.994328433231416,23.994135221769874,24.0,0.0,0.7437530976587602,1.02,0.192
37.5,23.994135221769874,23.993974327165084,24.0,0.0,0.7434434182259682,1.02,0.192
37.6,23.993974327165084,23.993845085762857,24.0,0.0,0.7431636128106525,1.02,0.192
37.7,23.993845085762857,23.993746769246492,24.0,0.0,0.7429136122270273,1.02,0.192
37.800000000000004,23.993746769246492,23.99367858815439,24.0,0.0,0.7426932673498682,1.02,0.192
37.9,23.99367858815439,23.993639695485058,24.0,0.0,0.7425023515284866,1.02,0.192
38.0,23.993639695485058,23.993629190376968,24.0,0.0,0.7423405631590827,1.02,0.192
38.1,23.993629190376968,23.993646121850784,24.0,0.0,0.7422075284040686,1.02,0.192
38.2,23.993646121850784,23.99368949260169,24.0,0.0,0.7421028040468958,1.02,0.192
38.300000000000004,23.99368949260169,23.993758262829687,24.0,0.0,0.7420258804707717,1.02,0.192
38.400000000000006,23.993758262829687,23.993851354095945,24.0,0.0,0.7419761847496591,1.02,0.192
38.5,23.993851354095945,23.993967653193522,24.0,0.0,0.7419530838398847,1.02,0.192
38.6,23.993967653193522,23.994106016021043,24.0,0.0,0.741955887860729,1.02,0.192
38.7,23.994106016021043,23.99426527144823,24.0,0.0,0.7419838534524041,1.02,0.192
38.800000000000004,23.99426527144823,23.99444422516245,24.0,0.0,0.7420361871999426,1.02,0.192
38.900000000000006,23.99444422516245,23.994641663485794,24.0,0.0,0.7421120491115647,1.02,0.192
39.0,23.994641663485794,23.994856357152596,24.0,0.0,0.7422105561403027,1.02,0.192
39.1,23.994856357152596,23.995087065037623,24.0,0.0,0.7423307857377706,1.02,0.192
39.2,23.995087065037623,23.99533253782558,24.0,0.0,0.7424717794292207,1.02,0.192
39.300000000000004,23.99533253782558,23.995591521612994,24.0,0.0,0.7426325463991869,1.02,0.192
39.400000000000006,23.995591521612994,23.995862761433944,24.0,0.0,0.7428120670773194,1.02,0.192
39.5,23.995862761433944,23.99614500470156,24.0,0.0,0.7430092967142206,1.02,0.192
39.6,23.99614500470156,23.996437004557652,24.0,0.0,0.743223168937459,1.02,0.192
39.7,23.996437004557652,23.99673752312329,24.0,0.0,0.7434525992781797,1.02,0.192
39.800000000000004,23.99673752312329,23.997045334643605,24.0,0.0,0.7436964886590974,1.02,0.192
39.900000000000006,23.997045334643605,23.99735922852061,24.0,0.0,0.7439537268349761,1.02,0.192
40.0,23.99735922852061,23.997678012228242,24.0,0.0,0.7442231957771184,1.02,0.192
40.1,23.997678012228242,23.99800051410437,24.0,0.0,0.7445037729936836,1.02,0.192
40.2,23.99800051410437,23.99832558601496,24.0,0.0,0.7447943347781371,1.02,0.192
40.300000000000004,23.99832558601496,23.998652105886126,24.0,0.0,0.7450937593784275,1.02,0.192
40.400000000000006,23.998652105886126,23.998978980100187,24.0,0.0,0.7454009300800304,1.02,0.192
40.5,23.998978980100187,23.999305145752448,24.0,0.0,0.7457147381962957,1.02,0.192
40.6,23.999305145752448,23.999629572765834,24.0,0.0,0.7460340859600489,1.02,0.192
40.7,23.999629572765834,23.999951265860975,24.0,0.0,0.7463578893108063,1.02,0.192
40.800000000000004,23.999951265860975,24.000269266379874,24.0,0.0,0.7466850805723815,1.02,0.192
40.900000000000006,24.000269266379874,24.00058265396167,24.0,0.0,0.7470146110161519,1.02,0.192
41.0,24.00058265396167,24.00089054806953,24.0,0.0,0.7473454533056462,1.02,0.192
41.1,24.00089054806953,24.001192109368173,24.0,0.0,0.7476766038186011,1.02,0.192
41.2,24.001192109368173,24.001486540951806,24.0,0.0,0.7480070848430845,1.02,0.192
41.300000000000004,24.001486540951806,24.001773089422926,24.0,0.0,0.7483359466446649,1.02,0.192
41.400000000000006,24.001773089422926,24.002051045822643,24.0,0.0,0.7486622694021274,1.02,0.192
41.5,24.002051045822643,24.00231974641369,24.0,0.0,0.7489851650096339,1.02,0.192
41.6,24.00231974641369,24.002578573317642,24.0,0.0,0.7493037787436444,1.02,0.192
41.7,24.002578573317642,24.00282695500824,24.0,0.0,0.7496172907933741,1.02,0.192
41.800000000000004,24.00282695500824,24.00306436666309,24.0,0.0,0.7499249176539408,1.02,0.192
41.900000000000006,24.00306436666309,24.003290330376334,24.0,0.0,0.75022591338182,1.02,0.192
42.0,24.003290330376334,24.00350441523521,24.0,0.0,0.7505195707125552,1.02,0.192
42.1,24.00350441523521,24.003706237263753,24.0,0.0,0.750805222041124,1.02,0.192
42.2,24.003706237263753,24.003895459237164,24.0,0.0,0.7510822402657024,1.02,0.192
42.300000000000004,24.003895459237164,24.004071790370652,24.0,0.0,0.7513500394959352,1.02,0.192
42.400000000000006,24.004071790370652,24.004234985886818,24.0,0.0,0.7516080756272098,1.02,0.192
42.5,24.004234985886818,24.004384846465875,24.0,0.0,0.7518558467827257,1.02,0.192
42.6,24.004384846465875,24.004521217583243,24.0,0.0,0.7520928936255089,1.02,0.192
42.7,24.004521217583243,24.004643988739232,24.0,0.0,0.7523187995428219,1.02,0.192
42.800000000000004,24.004643988739232,24.004753092585727,24.0,0.0,0.7525331907057249,1.02,0.192
42.900000000000006,24.004753092585727,24.004848503954957,24.0,0.0,0.7527357360067949,1.02,0.192
43.0,24.004848503954957,24.004930238795573,24.0,0.0,0.7529261468793449,1.02,0.192
43.1,24.004930238795573,24.00499835302138,24.0,0.0,0.7531041770016489,1.02,0.192
43.2,24.00499835302138,24.005052941278183,24.0,0.0,0.7532696218899836,1.02,0.192
43.300000000000004,24.005052941278183,24.005094135634295,24.0,0.0,0.7534223183844627,1.02,0.192
43.400000000000006,24.005094135634295,24.005122104200353,24.0,0.0,0.7535621440318745,1.02,0.192
43.5,24.005122104200353,24.00513704968412,24.0,0.0,0.7536890163699013,1.02,0.192
43.6,24.00513704968412,24.005139207885954,24.0,0.0,0.7538028921172777,1.02,0.192
43.7,24.005139207885954,24.00512884614074,24.0,0.0,0.7539037662745588,1.02,0.192
43.800000000000004,24.00512884614074,24.005106261712,24.0,0.0,0.753991671140342,1.02,0.192
43.900000000000006,24.005106261712,24.005071780143926,24.0,0.0,0.7540666752478998,1.02,0.192
44.0,24.005071780143926,24.00502575357701,24.0,0.0,0.7541288822272262,1.02,0.192
44.1,24.00502575357701,24.004968559032992,24.0,0.0,0.7541784295976495,1.02,0.192
44.2,24.004968559032992,24.004900596674684,24.0,0.0,0.7542154874961862,1.02,0.192
44.300000000000004,24.004900596674684,24.00482228804619,24.0,0.0,0.7542402573468657,1.02,0.192
44.400000000000006,24.00482228804619,24.004734074299016,24.0,0.0,0.7542529704762873,1.02,0.192
44.5,24.004734074299016,24.004636414409394,24.0,0.0,0.7542538866807121,1.02,0.192
44.6,24.004636414409394,24.004529783392016,24.0,0.0,0.7542432927499577,1.02,0.192
44.7,24.004529783392016,24.004414670515352,24.0,0.0,0.7542215009533593,1.02,0.192
44.800000000000004,24.004414670515352,24.00429157752347,24.0,0.0,0.7541888474930571,1.02,0.192
44.900000000000006,24.00429157752347,24.00416101686922,24.0,0.0,0.754145690929789,1.02,0.192
45.0,24.00416101686922,24.004023509963435,24.0,0.0,0.7540924105863407,1.02,0.192
45.1,24.004023509963435,24.003879585444693,24.0,0.0,0.7540294049337394,1.02,0.192
45.2,24.003879585444693,24.003729777473897,24.0,0.0,0.7539570899651606,1.02,0.192
45.300000000000004,24.003729777473897,24.003574624057926,24.0,0.0,0.7538758975624471,1.02,0.192
45.400000000000006,24.003574624057926,24.003414665406236,24.0,0.0,0.7537862738600689,1.02,0.192
45.5,24.003414665406236,24.003250442324244,24.0,0.0,0.7536886776111452,1.02,0.192
45.6,24.003250442324244,24.003082494647018,24.0,0.0,0.753583578560139,1.02,0.192
45.7,24.003082494647018,24.002911359716656,24.0,0.0,0.7534714558265905,1.02,0.192
45.800000000000004,24.002911359716656,24.002737570906543,24.0,0.0,0.7533527963041812,1.02,0.192
45.900000000000006,24.002737570906543,24.00256165619536,24.0,0.0,0.753228093079272,1.02,0.192
46.0,24.00256165619536,24.00238413679363,24.0,0.0,0.7530978438728173,1.02,0.192
46.1,24.00238413679363,24.002205525825282,24.0,0.0,0.7529625495094892,1.02,0.192
46.2,24.002205525825282,24.002026327066535,24.0,0.0,0.7528227124176197,1.02,0.192
46.300000000000004,24.002026327066535,24.00184703374416,24.0,0.0,0.7526788351633747,1.02,0.192
46.400000000000006,24.00184703374416,24.001668127394982,24.0,0.0,0.7525314190224396,1.02,0.192
46.5,24.001668127394982,24.001490076788233,24.0,0.0,0.7523809625922627,1.02,0.192
46.6,24.001490076788233,24.00131333691219,24.0,0.0,0.7522279604477128,1.02,0.192
46.7,24.00131333691219,24.00113834802627,24.0,0.0,0.7520729018428631,1.02,0.192
46.800000000000004,24.00113834802627,24.00096553477956,24.0,0.0,0.751916269461329,1.02,0.192
46.900000000000006,24.00096553477956,24.000795305396572,24.0,0.0,0.7517585382174523,1.02,0.192
47.0,24.000795305396572,24.000628050930747,24.0,0.0,0.7516001741104188,1.02,0.192
47.1,24.000628050930747,24.000464144586076,24.0,0.0,0.751441633133147,1.02,0.192
47.2,24.000464144586076,24.000303941106992,24.0,0.0,0.7512833602376353,1.02,0.192
47.300000000000004,24.000303941106992,24.000147776236478,24.0,0.0,0.7511257883582244,1.02,0.192
47.400000000000006,24.000147776236478,23.99999596624215,24.0,0.0,0.7509693374940403,1.02,0.192
47.5,23.99999596624215,23.999848807509903,24.0,0.0,0.7508144138516747,1.02,0.192
47.6,23.999848807509903,23.999706576204527,24.0,0.0,0.7506614090489728,1.02,0.192
47.7,23.999706576204527,23.999569527996478,24.0,0.0,0.7505106993806171,1.02,0.192
47.800000000000004,23.999569527996478,23.999437897853912,24.0,0.0,0.7503626451459389,1.02,0.192
47.900000000000006,23.999437897853912,23.999311899898856,24.0,0.0,0.7502175900393173,1.02,0.192
48.0,23.999311899898856,23.99919172732624,24.0,0.0,0.7500758606032182,1.02,0.192
48.1,23.99919172732624,23.99907755238445,24.0,0.0,0.749937765743815,1.02,0.192
48.2,23.99907755238445,23.9989695264158,24.0,0.0,0.749803596308968,1.02,0.192
48.300000000000004,23.9989695264158,23.998867779955308,24.0,0.0,0.749673624728128,1.02,0.192
48.400000000000006,23.998867779955308,23.998772422885967,24.0,0.0,0.7495481047135695,1.02,0.192
48.5,23.998772422885967,23.998683544648603,24.0,0.0,0.749427271022252,1.02,0.192
48.6,23.998683544648603,23.998601214504333,24.0,0.0,0.7493113392773944,1.02,0.192
48.7,23.998601214504333,23.998525481847516,24.0,0.0,0.7492005058487221,1.02,0.192
48.800000000000004,23.998525481847516,23.998456376566995,24.0,0.0,0.7490949477902403,1.02,0.192
48.900000000000006,23.998456376566995,23.998393909453387,24.0,0.0,0.748994822834196,1.02,0.192
49.0,23.998393909453387,23.99833807265004,24.0,0.0,0.7489002694398209,1.02,0.192
49.1,23.99833807265004,23.998288840145293,24.0,0.0,0.7488114068952866,1.02,0.192
49.2,23.998288840145293,23.998246168303563,24.0,0.0,0.7487283354712345,1.02,0.192
49.300000000000004,23.998246168303563,23.998209996432752,24.0,0.0,0.7486511366240989,1.02,0.192
49.400000000000006,23.998209996432752,23.998180247385424,24.0,0.0,0.748579873247381,1.02,0.192
49.5,23.998180247385424,23.998156828191206,24.0,0.0,0.748514589968906,1.02,0.192
49.6,23.998156828191206,23.9981396307178,24.0,0.0,0.748455313492075,1.02,0.192
49.7,23.9981396307178,23.99812853235801,24.0,0.0,0.7484020529789843,1.02,0.192
49.800000000000004,23.99812853235801,23.998123396740127,24.0,0.0,0.7483548004732702,1.02,0.192
49.900000000000006,23.998123396740127,23.998124074459145,24.0,0.0,0.74831353136044,1.02,0.192
50.0,23.998124074459145,23.998130403826117,24.0,0.0,0.7482782048634546,1.02,0.192
50.1,23.998130403826117,23.998142211633116,24.0,0.0,0.7482487645712275,1.02,0.192
50.2,23.998142211633116,23.998159313931218,24.0,0.0,0.7482251389977221,1.02,0.192
50.300000000000004,23.998159313931218,23.99818151681896,24.0,0.0,0.7482072421692657,1.02,0.192
50.400000000000006,23.99818151681896,23.998208617238813,24.0,0.0,0.7481949742376863,1.02,0.192
50.5,23.998208617238813,23.998240403779157,24.0,0.0,0.7481882221169217,1.02,0.192
50.6,23.998240403779157,23.998276657479387,24.0,0.0,0.7481868601406323,1.02,0.192
50.7,23.998276657479387,23.998317152635785,24.0,0.0,0.7481907507384713,1.02,0.192
50.800000000000004,23.998317152635785,23.99836165760585,24.0,0.0,0.7481997451286043,1.02,0.192
50.900000000000006,23.99836165760585,23.99840993560887,24.0,0.0,0.7482136840241046,1.02,0.192
51.0,23.99840993560887,23.998461745520515,24.0,0.0,0.7482323983508727,1.02,0.192
51.1,23.998461745520515,23.99851684265947,24.0,0.0,0.7482557099747459,1.02,0.192
51.2,23.99851684265947,23.998574979563944,24.0,0.0,0.7482834324355411,1.02,0.192
51.300000000000004,23.998574979563944,23.99863590675625,24.0,0.0,0.7483153716857328,1.02,0.192
51.400000000000006,23.99863590675625,23.99869937349351,24.0,0.0,0.7483513268316037,1.02,0.192
51.5,23.99869937349351,23.99876512850277,24.0,0.0,0.7483910908746837,1.02,0.192
51.6,23.99876512850277,23.998832920698852,24.0,0.0,0.7484344514513854,1.02,0.192
51.7,23.998832920698852,23.998902499883283,24.0,0.0,0.7484811915688059,1.02,0.192
51.800000000000004,23.998902499883283,23.998973617422926,24.0,0.0,0.7485310903346835,1.02,0.192
51.900000000000006,23.998973617422926,23.999046026906832,24.0,0.0,0.7485839236796406,1.02,0.192
52.0,23.999046026906832,23.99911948478004,24.0,0.0,0.7486394650698357,1.02,0.192
52.1,23.99911948478004,23.999193750953136,24.0,0.0,0.748697486208283,1.02,0.192
52.2,23.999193750953136,23.999268589386464,24.0,0.0,0.7487577577231426,1.02,0.192
52.300000000000004,23.999268589386464,23.999343768647982,24.0,0.0,0.748820049841357,1.02,0.192
52.400000000000006,23.999343768647982,23.999419062443884,24.0,0.0,0.7488841330461469,1.02,0.192
52.5,23.999419062443884,23.999494250121153,24.0,0.0,0.7489497787168896,1.02,0.192
52.6,23.999494250121153,23.999569117141398,24.0,0.0,0.7490167597500293,1.02,0.192
52.7,23.999569117141398,23.99964345552532,24.0,0.0,0.7490848511597946,1.02,0.192
52.800000000000004,23.99964345552532,23.999717064267344,24.0,0.0,0.7491538306574808,1.02,0.192
52.900000000000006,23.999717064267344,23.999789749719984,24.0,0.0,0.7492234792082786,1.02,0.192
53.0,23.999789749719984,23.999861325947663,24.0,0.0,0.7492935815645949,1.02,0.192
53.1,23.999861325947663,23.999931615049743,24.0,0.0,0.7493639267750226,1.02,0.192
53.2,23.999931615049743,24.000000447452663,24.0,0.0,0.7494343086680993,1.02,0.192
53.300000000000004,24.000000447452663,24.000067662171144,24.0,0.0,0.7495045263101695,1.02,0.192
53.400000000000006,24.000067662171144,24.00013310703851,24.0,0.0,0.7495743844367059,1.02,0.192
53.5,24.00013310703851,24.000196638906303,24.0,0.0,0.7496436938565598,1.02,0.192
53.6,24.000196638906303,24.000258123813357,24.0,0.0,0.7497122718287081,1.02,0.192
53.7,24.000258123813357,24.00031743712469,24.0,0.0,0.7497799424111193,1.02,0.192
53.800000000000004,24.00031743712469,24.000374463640583,24.0,0.0,0.7498465367814727,1.02,0.192
53.900000000000006,24.000374463640583,24.000429097676285,24.0,0.0,0.7499118935295832,1.02,0.192
54.0,24.000429097676285,24.000481243112883,24.0,0.0,0.7499758589213845,1.02,0.192
54.1,24.000481243112883,24.00053081341995,24.0,0.0,0.7500382871344818,1.02,0.192
54.2,24.00053081341995,24.0005777316506,24.0,0.0,0.7500990404653525,1.02,0.192
54.300000000000004,24.0005777316506,24.000621930409714,24.0,0.0,0.7501579895083088,1.02,0.192
54.400000000000006,24.000621930409714,24.00066335179606,24.0,0.0,0.7502150133064707,1.02,0.192
54.5,24.00066335179606,24.00070194731919,24.0,0.0,0.7502699994750277,1.02,0.192
54.6,24.00070194731919,24.00073767779197,24.0,0.0,0.7503228442971481,1.02,0.192
54.7,24.00073767779197,24.000770513199694,24.0,0.0,0.7503734527929911,1.02,0.192
54.800000000000004,24.000770513199694,24.000800432546697,24.0,0.0,0.7504217387623022,1.02,0.192
54.900000000000006,24.000800432546697,24.000827423681564,24.0,0.0,0.7504676248011424,1.02,0.192
55.0,24.000827423681564,24.000851483101897,24.0,0.0,0.7505110422933924,1.02,0.192
55.1,24.000851483101897,24.000872615739766,24.0,0.0,0.7505519313776888,1.02,0.192
55.2,24.000872615739766,24.000890834728914,24.0,0.0,0.7505902408905186,1.02,0.192
55.300000000000004,24.000890834728914,24.000906161154866,24.0,0.0,0.7506259282862442,1.02,0.192
55.400000000000006,24.000906161154866,24.000918623789072,24.0,0.0,0.7506589595348891,1.02,0.192
55.5,24.000918623789072,24.000928258808244,24.0,0.0,0.7506893089985298,1.02,0.192
55.6,24.000928258808244,24.000935109500052,24.0,0.0,0.7507169592872034,1.02,0.192
55.7,24.000935109500052,24.00093922595639,24.0,0.0,0.7507419010952482,1.02,0.192
55.800000000000004,24.00093922595639,24.000940664755355,24.0,0.0,0.7507641330190762,1.02,0.192
55.900000000000006,24.000940664755355,24.00093948863315,24.0,0.0,0.7507836613573227,1.02,0.192
56.0,24.00093948863315,24.0009357661471,24.0,0.0,0.750800499894431,1.02,0.192
56.1,24.0009357661471,24.000929571330932,24.0,0.0,0.7508146696686852,1.02,0.192
56.2,24.000929571330932,24.000920983343523,24.0,0.0,0.7508261987257463,1.02,0.192
56.300000000000004,24.000920983343523,24.000910086112253,24.0,0.0,0.7508351218587845,1.02,0.192
56.400000000000006,24.000910086112253,24.000896967972114,24.0,0.0,0.7508414803362442,1.02,0.192
56.5,24.000896967972114,24.000881721301692,24.0,0.0,0.7508453216183674,1.02,0.192
56.6,24.000881721301692,24.000864442157155,24.0,0.0,0.7508466990635293,1.02,0.192
56.7,24.000864442157155,24.000845229905305,24.0,0.0,0.7508456716255194,1.02,0.192
56.800000000000004,24.000845229905305,24.000824186856747,24.0,0.0,0.7508423035428144,1.02,0.192
56.900000000000006,24.000824186856747,24.000801417900245,24.0,0.0,0.7508366640209341,1.02,0.192
57.0,24.000801417900245,24.00077703013922,24.0,0.0,0.7508288269089871,1.02,0.192
57.1,24.00077703013922,24.000751132531388,24.0,0.0,0.750818870371413,1.02,0.192
57.2,24.000751132531388,24.000723835532476,24.0,0.0,0.7508068765560284,1.02,0.192
57.300000000000004,24.000723835532476,24.000695250744883,24.0,0.0,0.7507929312593618,1.02,0.192
57.400000000000006,24.000695250744883,24.000665490572196,24.0,0.0,0.7507771235903187,1.02,0.192
57.5,24.000665490572196,24.000634667880338,24.0,0.0,0.750759545633164,1.02,0.192
57.6,24.000634667880338,24.000602895666177,24.0,0.0,0.7507402921107711,1.02,0.192
57.7,24.000602895666177,24.000570286734302,24.0,0.0,0.7507194600491174,1.02,0.192
57.800000000000004,24.000570286734302,24.000536953382692,24.0,0.0,0.7506971484439038,1.02,0.192
57.900000000000006,24.000536953382692,24.00050300709792,24.0,0.0,0.7506734579302097,1.02,0.192
58.0,24.00050300709792,24.000468558260515,24.0,0.0,0.7506484904560209,1.02,0.192
58.1,24.000468558260515,24.000433715861053,24.0,0.0,0.7506223489604706,1.02,0.192
58.2,24.000433715861053,24.000398587227487,24.0,0.0,0.7505951370575521,1.02,0.192
58.300000000000004,24.000398587227487,24.00036327776422,24.0,0.0,0.750566958726082,1.02,0.192
58.400000000000006,24.00036327776422,24.000327890703325,24.0,0.0,0.7505379180066218,1.02,0.192
58.5,24.000327890703325,24.000292526868336,24.0,0.0,0.7505081187060137,1.02,0.192
58.6,24.000292526868336,24.000257284450917,24.0,0.0,0.7504776641101968,1.02,0.192
58.7,24.000257284450917,24.000222258800736,24.0,0.0,0.750446656705888,1.02,0.192
58.800000000000004,24.000222258800736,24.000187542228776,24.0,0.0,0.7504151979116774,1.02,0.192
58.900000000000006,24.000187542228776,24.000153223824302,24.0,0.0,0.7503833878190704,1.02,0.192
59.0,24.000153223824302,24.000119389285658,24.0,0.0,0.7503513249439338,1.02,0.192
59.1,24.000119389285658,24.000086120764983,24.0,0.0,0.7503191059888009,1.02,0.192
59.2,24.000086120764983,24.00005349672698,24.0,0.0,0.7502868256164008,1.02,0.192
59.300000000000004,24.00005349672698,24.000021591821703,24.0,0.0,0.7502545762347961,1.02,0.192
59.400000000000006,24.000021591821703,23.99999047677143,24.0,0.0,0.7502224477943895,1.02,0.192
59.5,23.99999047677143,23.999960218271536,24.0,0.0,0.7501905275971222,1.02,0.192
59.6,23.999960218271536,23.999930878905285,24.0,0.0,0.7501589001180436,1.02,0.192
59.7,23.999930878905285,23.999902517072464,24.0,0.0,0.7501276468394499,1.02,0.192
59.800000000000004,23.999902517072464,23.999875186931636,24.0,0.0,0.750096846097763,1.02,0.192
59.900000000000006,23.999875186931636,23.999848938355893,24.0,0.0,0.750066572943206,1.02,0.192
60.0,23.999848938355893,24.00481133770916,24.0,1.0,0.7500368990123811,1.02,0.192
60.1,24.00481133770916,24.009750030042426,24.0,1.0,0.75519092403673,1.02,0.192
60.2,24.009750030042426,24.014665176304373,24.0,1.0,0.7604155907934754,1.02,0.192
60.300000000000004,24.014665176304373,24.019556932492183,24.0,1.0,0.7657106113657053,1.02,0.192
60.400000000000006,24.019556932492183,24.024425449673764,24.0,1.0,0.7710756957811212,1.02,0.192
60.5,24.024425449673764,24.029270874021655,24.0,1.0,0.7765105519400703,1.02,0.192
60.6,24.029270874021655,24.034093346858235,24.0,1.0,0.7820148855561354,1.02,0.192
60.7,24.034093346858235,24.03889300471179,24.0,1.0,0.7875884001091247,1.02,0.192
60.800000000000004,24.03889300471179,24.04366997938306,24.0,1.0,0.793230796810219,1.02,0.192
60.900000000000006,24.04366997938306,24.04842439802175,24.0,1.0,0.7989417745790687,1.02,0.192
61.0,24.04842439802175,24.05315638321261,24.0,1.0,0.8047210300325502,1.02,0.192
61.1,24.05315638321261,24.05786605307054,24.0,1.0,0.8105682574849078,1.02,0.192
61.2,24.05786605307054,24.06255352134429,24.0,1.0,0.8164831489589517,1.02,0.192
61.300000000000004,24.06255352134429,24.06721889752819,24.0,1.0,0.8224653942079883,1.02,0.192
61.400000000000006,24.06721889752819,24.071862286981414,24.0,1.0,0.8285146807481049,1.02,0.192
61.5,24.071862286981414,24.07648379105431,24.0,1.0,0.8346306939004375,1.02,0.192
61.6,24.07648379105431,24.081083507221162,24.0,1.0,0.8408131168430356,1.02,0.192
61.7,24.081083507221162,24.085661529218942,24.0,1.0,0.8470616306718699,1.02,0.192
61.800000000000004,24.085661529218942,24.090217947191473,24.0,1.0,0.8533759144706092,1.02,0.192
61.900000000000006,24.090217947191473,24.094752847838464,24.0,1.0,0.8597556453886664,1.02,0.192
62.0,24.094752847838464,24.099266314568897,24.0,1.0,0.866200498727096,1.02,0.192
62.1,24.099266314568897,24.1035516238337,24.0,1.0,0.8727101480318606,1.02,0.192
62.2,24.1035516238337,24.10760709495609,24.0,1.0,0.8790693546595654,1.02,0.192
62.300000000000004,24.10760709495609,24.111431067129644,24.0,1.0,0.8852719914275621,1.02,0.192
62.400000000000006,24.111431067129644,24.115021899401174,24.0,1.0,0.8913119195334751,1.02,0.192
62.5,24.115021899401174,24.118377970656613,24.0,1.0,0.8971829889189391,1.02,0.192
62.6,24.118377970656613,24.121497679609313,24.0,1.0,0.9028790386360939,1.02,0.192
62.7,24.121497679609313,24.124379444790275,24.0,1.0,0.9083938972163457,1.02,0.192
62.800000000000004,24.124379444790275,24.127021704539835,24.0,1.0,0.9137213830409007,1.02,0.192
62.900000000000006,24.127021704539835,24.129422917000298,24.0,1.0,0.9188553047126171,1.02,0.192
63.0,24.129422917000298,24.13158156010905,24.0,1.0,0.9237894614286946,1.02,0.192
63.1,24.13158156010905,24.133496131591713,24.0,1.0,0.9285176433537169,1.02,0.192
63.2,24.133496131591713,24.13516514895487,24.0,1.0,0.9330336319925925,1.02,0.192
63.300000000000004,24.13516514895487,24.13658714947797,24.0,1.0,0.9373312005629449,1.02,0.192
63.400000000000006,24.13658714947797,24.137760690203965,24.0,1.0,0.9414041143664835,1.02,0.192
63.5,24.137760690203965,24.13868434792833,24.0,1.0,0.9452461311589165,1.02,0.192
63.6,24.13868434792833,24.13935671918605,24.0,1.0,0.9488510015179918,1.02,0.192
63.7,24.13935671918605,24.13977642023624,24.0,1.0,0.9522124692092396,1.02,0.192
63.800000000000004,24.13977642023624,24.139942087044076,24.0,1.0,0.9553242715489705,1.02,0.192
63.900000000000006,24.139942087044076,24.139852375259668,24.0,1.0,0.9581801397642081,1.02,0.192
64.0,24.139852375259668,24.13950596019365,24.0,1.0,0.9607737993490973,1.02,0.192
64.10000000000001,24.13950596019365,24.13890153678913,24.0,1.0,0.9630989704174757,1.02,0.192
64.2,24.13890153678913,24.138046394555932,24.0,1.0,0.965149368051219,1.02,0.192
64.3,24.138046394555932,24.136948031122888,24.0,1.0,0.9669276137488299,1.02,0.192
64.4,24.136948031122888,24.135614151663496,24.0,1.0,0.968436685244684,1.02,0.192
64.5,24.135614151663496,24.134052668309895,24.0,1.0,0.9696799199080439,1.02,0.192
64.60000000000001,24.134052668309895,24.13227169955514,24.0,1.0,0.9706610181189206,1.02,0.192
64.7,24.13227169955514,24.130279569643758,24.0,1.0,0.9713840466205296,1.02,0.192
64.8,24.130279569643758,24.128084807950554,24.0,1.0,0.9718534418480795,1.02,0.192
64.9,24.128084807950554,24.125696148347675,24.0,1.0,0.9720740132336623,1.02,0.192
65.0,24.125696148347675,24.123122528559964,24.0,1.0,0.9720509464870012,1.02,0.192
65.10000000000001,24.123122528559964,24.12037308950864,24.0,1.0,0.9717898068518874,1.02,0.192
65.2,24.12037308950864,24.117457174643377,24.0,1.0,0.971296542338102,1.02,0.192
65.3,24.117457174643377,24.11438432926285,24.0,1.0,0.9705774869286872,1.02,0.192
65.4,24.11438432926285,24.111164299823866,24.0,1.0,0.9696393637623975,1.02,0.192
65.5,24.111164299823866,24.107807033239155,24.0,1.0,0.9684892882912508,1.02,0.192
65.60000000000001,24.107807033239155,24.104322676164003,24.0,1.0,0.9671347714130373,1.02,0.192
65.7,24.104322676164003,24.100721574271837,24.0,1.0,0.9655837225787312,1.02,0.192
65.8,24.100721574271837,24.097014271518944,24.0,1.0,0.9638444528747416,1.02,0.192
65.9,24.097014271518944,24.0932115093985,24.0,1.0,0.9619256780799541,1.02,0.192
66.0,24.0932115093985,24.089324226184083,24.0,1.0,0.959836521697553,1.02,0.192
66.10000000000001,24.089324226184083,24.085363556162907,24.0,1.0,0.9575865179615811,1.02,0.192
66.2,24.085363556162907,24.08134082885898,24.0,1.0,0.9551856148183098,1.02,0.192
66.3,24.08134082885898,24.077267212691847,24.0,1.0,0.9526441768823972,1.02,0.192
66.4,24.077267212691847,24.073153701566227,24.0,1.0,0.9499726188756047,1.02,0.192
66.5,24.073153701566227,24.06901110139292,24.0,1.0,0.9471813885975435,1.02,0.192
66.60000000000001,24.06901110139292,24.06485001654225,24.0,1.0,0.944280949567515,1.02,0.192
66.7,24.06485001654225,24.06068083623128,24.0,1.0,0.9412817633374406,1.02,0.192
66.8,24.06068083623128,24.05651372084615,24.0,1.0,0.9381942714758947,1.02,0.192
66.9,24.05651372084615,24.05235858820071,24.0,1.0,0.9350288772233085,1.02,0.192
67.0,24.05235858820071,24.04822509973283,24.0,1.0,0.9317959268184131,1.02,0.192
67.10000000000001,24.04822509973283,24.044122646639597,24.0,1.0,0.9285056904960431,1.02,0.192
67.2,24.044122646639597,24.040060335952735,24.0,1.0,0.9251683431564268,1.02,0.192
67.3,24.040060335952735,24.03604697655548,24.0,1.0,0.9217939447061199,1.02,0.192
67.4,24.03604697655548,24.032091065142218,24.0,1.0,0.9183924200707845,1.02,0.192
67.5,24.032091065142218,24.02820077212218,24.0,1.0,0.914973538879989,1.02,0.192
67.60000000000001,24.02820077212218,24.02438392746844,24.0,1.0,0.9115468948242954,1.02,0.192
67.7,24.02438392746844,24.0206480065135,24.0,1.0,0.9081218846848734,1.02,0.192
67.8,24.0206480065135,24.017000115692763,24.0,1.0,0.904707687035896,1.02,0.192
67.9,24.017000115692763,24.013446978237106,24.0,1.0,0.9013132406200451,1.02,0.192
68.0,24.013446978237106,24.009994919815856,24.0,1.0,0.8979472223974269,1.02,0.192
68.10000000000001,24.009994919815856,24.00664985413141,24.0,1.0,0.8946180252682169,1.02,0.192
68.2,24.00664985413141,24.003417268466734,24.0,1.0,0.8913337354694052,1.02,0.192
68.3,24.003417268466734,24.00030220918701,24.0,1.0,0.8881021096459965,1.02,0.192
68.4,24.00030220918701,23.99730928193943,24.0,1.0,0.8849305515970672,1.02,0.192
68.5,23.99730928193943,23.994442652531493,24.0,1.0,0.8818261040177736,1.02,0.192
68.60000000000001,23.994442652531493,23.991706048497477,24.0,1.0,0.8787954409502832,1.02,0.192
68.7,23.991706048497477,23.98910276136284,24.0,1.0,0.8758448609667381,1.02,0.192
68.8,23.98910276136284,23.986635649616172,24.0,1.0,0.8729802811075753,1.02,0.192
68.9,23.986635649616172,23.984307142398258,24.0,1.0,0.8702072315986044,1.02,0.192
69.0,23.984307142398258,23.98211924391785,24.0,1.0,0.8675308513703784,1.02,0.192
69.10000000000001,23.98211924391785,23.98007353860359,24.0,1.0,0.8649558844035854,1.02,0.192
69.2,23.98007353860359,23.97817119700153,24.0,1.0,0.8624866769242299,1.02,0.192
69.3,23.97817119700153,23.976412982427657,24.0,1.0,0.8601271754725565,1.02,0.192
69.4,23.976412982427657,23.974799258384717,24.0,1.0,0.8578809258698179,1.02,0.192
69.5,23.974799258384717,23.973329996752636,24.0,1.0,0.8557510731070055,1.02,0.192
69.60000000000001,23.973329996752636,23.97200478676173,24.0,1.0,0.853740362179933,1.02,0.192
69.7,23.97200478676173,23.970822844757915,24.0,1.0,0.8518511398950341,1.02,0.192
69.8,23.970822844757915,23.969783024768955,24.0,1.0,0.8500853576704954,1.02,0.192
69.9,23.969783024768955,23.96888382988085,24.0,1.0,0.8484445753573193,1.02,0.192
70.0,23.96888382988085,23.968123424433344,24.0,1.0,0.8469299661051635,1.02,0.192
70.10000000000001,23.968123424433344,23.967499647043457,24.0,1.0,0.845542322297829,1.02,0.192
70.2,23.967499647043457,23.967010024465953,24.0,1.0,0.8442820625833789,1.02,0.192
70.3,23.967010024465953,23.96665178629953,24.0,1.0,0.843149240024071,1.02,0.192
70.4,23.96665178629953,23.9664218805475,24.0,1.0,0.8421435513912696,1.02,0.192
70.5,23.9664218805475,23.966316989430368,24.0,1.0,0.8412643476307121,1.02,0.192
70.60000000000001,23.966316989430368,23.96633354542074,24.0,1.0,0.8405106448883002,1.02,0.192
70.7,23.96633354542074,23.966467747470254,24.0,1.0,0.8398811360705564,1.02,0.192
70.8,23.966467747470254,23.96671557739747,24.0,1.0,0.8393742029124914,1.02,0.192
70.9,23.96671557739747,23.967072816404773,24.0,1.0,0.838987928524282,1.02,0.192
71.0,23.967072816404773,23.967535061691706,24.0,1.0,0.8387201103867036,1.02,0.192
71.10000000000001,23.967535061691706,23.968097743131253,24.0,1.0,0.8385682737638557,1.02,0.192
71.2,23.968097743131253,23.968756139974857,24.0,1.0,0.8385296855003136,1.02,0.192
71.3,23.968756139974857,23.96950539755119,24.0,1.0,0.8386013681683077,1.02,0.192
71.4,23.96950539755119,23.970340543922823,24.0,1.0,0.8387801145291479,1.02,0.192
71.5,23.970340543922823,23.97125650646432,24.0,1.0,0.839062502271534,1.02,0.192
71.60000000000001,23.97125650646432,23.972248128324274,24.0,1.0,0.839444908987977,1.02,0.192
71.7,23.972248128324274,23.97331018473321,24.0,1.0,0.8399235273489549,1.02,0.192
71.8,23.97331018473321,23.9744373991184,24.0,1.0,0.8404943804329484,1.02,0.192
71.9,23.9744373991184,23.975624458985806,24.0,1.0,0.8411533371689145,1.02,0.192
72.0,23.975624458985806,23.976866031528704,24.0,1.0,0.8418961278461952,1.02,0.192
72.10000000000001,23.976866031528704,23.97815677892161,24.0,1.0,0.842718359645303,1.02,0.192
72.2,23.97815677892161,23.97949137325742,24.0,1.0,0.8436155321413599,1.02,0.192
72.3,23.97949137325742,23.9808645110849,24.0,1.0,0.8445830527304312,1.02,0.192
72.4,23.9808645110849,23.982270927502746,24.0,1.0,0.8456162519272892,1.02,0.192
72.5,23.982270927502746,23.983705409765843,24.0,1.0,0.846710398481546,1.02,0.192
72.60000000000001,23.983705409765843,23.985162810383688,24.0,1.0,0.8478607142574088,1.02,0.192
72.7,23.985162810383688,23.98663805969224,24.0,1.0,0.8490623888469775,1.02,0.192
72.8,23.98663805969224,23.98812617788156,24.0,1.0,0.8503105938877913,1.02,0.192
72.9,23.98812617788156,23.989622286462836,24.0,1.0,0.8516004970562252,1.02,0.192
73.0,23.989622286462836,23.991121619159703,24.0,1.0,0.8529272757092122,1.02,0.192
73.10000000000001,23.991121619159703,23.992619532210075,24.0,1.0,0.8542861301478822,1.02,0.192
73.2,23.992619532210075,23.994111514066077,24.0,1.0,0.855672296477695,1.02,0.192
73.3,23.994111514066077,23.995593194481145,24.0,1.0,0.8570810590408862,1.02,0.192
73.4,23.995593194481145,23.99706035297476,24.0,1.0,0.858507762398294,1.02,0.192
73.5,23.99706035297476,23.998508926666933,24.0,1.0,0.8599478228388961,1.02,0.192
73.60000000000001,23.998508926666933,23.999935017476034,24.0,1.0,0.8613967393969175,1.02,0.192
73.7,23.999935017476034,24.001334898675278,24.0,1.0,0.8628501043577403,1.02,0.192
73.8,24.001334898675278,24.00270502080484,24.0,1.0,0.864303613235535,1.02,0.192
73.9,24.00270502080484,24.004042016938318,24.0,1.0,0.8657530742071403,1.02,0.192
74.0,24.004042016938318,24.00534270730409,24.0,1.0,0.8671944169885037,1.02,0.192
74.10000000000001,24.00534270730409,24.006604103263953,24.0,1.0,0.8686237011418317,1.02,0.192
74.2,24.006604103263953,24.007823410653284,24.0,1.0,0.8700371238035586,1.02,0.192
74.3,24.007823410653284,24.00899803248908,24.0,1.0,0.871431026825219,1.02,0.192
74.4,24.00899803248908,24.010125571054093,24.0,1.0,0.8728019033215231,1.02,0.192
74.5,24.010125571054093,24.011203829367407,24.0,1.0,0.8741464036220734,1.02,0.192
74.60000000000001,24.011203829367407,24.01223081205401,24.0,1.0,0.8754613406255074,1.02,0.192
74.7,24.01223081205401,24.01320472562694,24.0,1.0,0.8767436945572801,1.02,0.192
74.8,24.01320472562694,24.01412397819676,24.0,1.0,0.8779906171337072,1.02,0.192
74.9,24.01412397819676,24.014987178624125,24.0,1.0,0.8791994351363004,1.02,0.192
75.0,24.014987178624125,24.01579313513229,24.0,1.0,0.8803676534017952,1.02,0.192
75.10000000000001,24.01579313513229,24.016540853397306,24.0,1.0,0.8814929572346651,1.02,0.192
75.2,24.016540853397306,24.017229534134618,24.0,1.0,0.8825732142502078,1.02,0.192
75.3,24.017229534134618,24.01785857020165,24.0,1.0,0.8836064756576508,1.02,0.192
75.4,24.01785857020165,24.01842754323676,24.0,1.0,0.8845909769938952,1.02,0.192
75.5,24.01842754323676,24.018936219855732,24.0,1.0,0.8855251383198547,1.02,0.192
75.60000000000001,24.018936219855732,24.01938454742763,24.0,1.0,0.8864075638924347,1.02,0.192
75.7,24.01938454742763,24.019772649452577,24.0,1.0,0.8872370413263821,1.02,0.192
75.8,24.019772649452577,24.020100820564423,24.0,1.0,0.8880125402613164,1.02,0.192
75.9,24.020100820564423,24.02036952118198,24.0,1.0,0.8887332105502364,1.02,0.192
76.0,24.02036952118198,24.020579371832714,24.0,1.0,0.8893983799868385,1.02,0.192
76.10000000000001,24.020579371832714,24.020731147173326,24.0,1.0,0.890007551589775,1.02,0.192
76.2,24.020731147173326,24.02082576973179,24.0,1.0,0.890560400462927,1.02,0.192
76.3,24.02082576973179,24.020864303395683,24.0,1.0,0.8910567702514108,1.02,0.192
76.4,24.020864303395683,24.02084794667173,24.0,1.0,0.8914966692137793,1.02,0.192
76.5,24.02084794667173,24.020778025741482,24.0,1.0,0.8918802659314435,1.02,0.192
76.60000000000001,24.020778025741482,24.02065598733801,24.0,1.0,0.8922078846768274,1.02,0.192
76.7,24.02065598733801,24.02048339146828,24.0,1.0,0.8924800004621761,1.02,0.192
76.80000000000001,24.02048339146828,24.02026190400568,24.0,1.0,0.8926972337912411,1.02,0.192
76.9,24.02026190400568,24.019993289176885,24.0,1.0,0.8928603451362983,1.02,0.192
77.0,24.019993289176885,24.019679401966886,24.0,1.0,0.8929702291631243,1.02,0.192
77.10000000000001,24.019679401966886,24.01932218046563,24.0,1.0,0.8930279087266905,1.02,0.192
77.2,24.01932218046563,24.018923638179306,24.0,1.0,0.8930345286603479,1.02,0.192
77.30000000000001,24.018923638179306,24.018485856328773,24.0,1.0,0.8929913493813411,1.02,0.192
77.4,24.018485856328773,24.018010976157136,24.0,1.0,0.8928997403353103,1.02,0.192
77.5,24.018010976157136,24.01750119126783,24.0,1.0,0.892761173302457,1.02,0.192
77.60000000000001,24.01750119126783,24.016958740014033,24.0,1.0,0.8925772155877066,1.02,0.192
77.7,24.016958740014033,24.016385897959463,24.0,1.0,0.8923495231171038,1.02,0.192
77.80000000000001,24.016385897959463,24.01578497042997,24.0,1.0,0.892079833462264,1.02,0.192
77.9,24.01578497042997,24.015158285174543,24.0,1.0,0.891769958814436,1.02,0.192
78.0,24.015158285174543,24.014508185153623,24.0,1.0,0.8914217789292525,1.02,0.192
78.10000000000001,24.014508185153623,24.013837021471726,24.0,1.0,0.8910372340628638,1.02,0.192
78.2,24.013837021471726,24.013147146470594,24.0,1.0,0.890618317919586,1.02,0.192
78.30000000000001,24.013147146470594,24.012440906998197,24.0,1.0,0.8901670706306665,1.02,0.192
78.4,24.012440906998197,24.01172063786804,24.0,1.0,0.8896855717831872,1.02,0.192
78.5,24.01172063786804,24.010988655522272,24.0,1.0,0.8891759335174947,1.02,0.192
78.60000000000001,24.010988655522272,24.010247251911206,24.0,1.0,0.8886402937108377,1.02,0.192
78.7,24.010247251911206,24.009498688600946,24.0,1.0,0.8880808092642456,1.02,0.192
78.80000000000001,24.009498688600946,24.00874519111978,24.0,1.0,0.8874996495089181,1.02,0.192
78.9,24.00874519111978,24.00798894355316,24.0,1.0,0.8868989897476276,1.02,0.192
79.0,24.00798894355316,24.00723208339605,24.0,1.0,0.8862810049458953,1.02,0.192
79.10000000000001,24.00723208339605,24.00647669667054,24.0,1.0,0.8856478635868501,1.02,0.192
79.2,24.00647669667054,24.005724813315584,24.0,1.0,0.8850017217029023,1.02,0.192
79.30000000000001,24.005724813315584,24.004978402854924,24.0,1.0,0.8843447170965077,1.02,0.192
79.4,24.004978402854924,24.004239370348156,24.0,1.0,0.8836789637614486,1.02,0.192
79.5,24.004239370348156,24.00350955262907,24.0,1.0,0.8830065465152297,1.02,0.192
79.60000000000001,24.00350955262907,24.00279071483448,24.0,1.0,0.8823295158522391,1.02,0.192
79.7,24.00279071483448,24.002084547225827,24.0,1.0,0.8816498830265791,1.02,0.192
79.80000000000001,24.002084547225827,24.001392662304937,24.0,1.0,0.8809696153724905,1.02,0.192
79.9,24.001392662304937,24.000716592224514,24.0,1.0,0.8802906318694375,1.02,0.192
80.0,24.000716592224514,24.000057786493063,24.0,1.0,0.879614798958116,1.02,0.192
80.10000000000001,24.000057786493063,23.999417609973083,24.0,1.0,0.8789439266127028,1.02,0.192
80.2,23.999417609973083,23.998797341170665,24.0,1.0,0.8782797646738068,1.02,0.192
80.30000000000001,23.998797341170665,23.998198170813748,24.0,1.0,0.8776239994458169,1.02,0.192
80.4,23.998198170813748,23.997621200715617,24.0,1.0,0.8769782505613852,1.02,0.192
80.5,23.997621200715617,23.99706744291949,24.0,1.0,0.8763440681150322,1.02,0.192
80.60000000000001,23.99706744291949,23.996537819119343,24.0,1.0,0.8757229300670375,1.02,0.192
80.7,23.996537819119343,23.99603316035147,24.0,1.0,0.8751162399179782,1.02,0.192
80.80000000000001,23.99603316035147,23.995554206950676,24.0,1.0,0.8745253246534955,1.02,0.192
80.9,23.995554206950676,23.995101608764394,24.0,1.0,0.8739514329581385,1.02,0.192
81.0,23.995101608764394,23.994675925617443,24.0,1.0,0.8733957336964072,1.02,0.192
81.10000000000001,23.994675925617443,23.994277628019663,24.0,1.0,0.8728593146583727,1.02,0.192
81.2,23.994277628019663,23.993907098108163,24.0,1.0,0.8723431815666148,1.02,0.192
81.30000000000001,23.993907098108163,23.993564630815467,24.0,1.0,0.8718482573405618,1.02,0.192
81.4,23.993564630815467,23.993250435254406,24.0,1.0,0.871375381613668,1.02,0.192
81.5,23.993250435254406,23.9929646363103,24.0,1.0,0.8709253104982712,1.02,0.192
81.60000000000001,23.9929646363103,23.992707276430526,24.0,1.0,0.8704987165924414,1.02,0.192
81.7,23.992707276430526,23.992478317601382,24.0,1.0,0.8700961892225367,1.02,0.192
81.80000000000001,23.992478317601382,23.992277643501794,24.0,1.0,0.8697182349147564,1.02,0.192
81.9,23.992277643501794,23.99210506182325,24.0,1.0,0.869365278088411,1.02,0.192
82.0,23.99210506182325,23.991960306745078,24.0,1.0,0.869037661963302,1.02,0.192
82.10000000000001,23.991960306745078,23.991843041554123,24.0,1.0,0.8687356496730728,1.02,0.192
82.2,23.991843041554123,23.991752861397668,24.0,1.0,0.8684594255761381,1.02,0.192
82.30000000000001,23.991752861397668,23.991689296158373,24.0,1.0,0.868209096755389,1.02,0.192
82.4,23.991689296158373,23.99165181344001,24.0,1.0,0.8679846946975495,1.02,0.192
82.5,23.99165181344001,23.99163982165266,24.0,1.0,0.8677861771428684,1.02,0.192
82.60000000000001,23.99163982165266,23.99165267318611,24.0,1.0,0.8676134300955027,1.02,0.192
82.7,23.99165267318611,23.991689667660204,24.0,1.0,0.8674662699847931,1.02,0.192
82.80000000000001,23.991689667660204,23.991750055241003,24.0,1.0,0.8673444459674449,1.02,0.192
82.9,23.991750055241003,23.99183304001166,24.0,1.0,0.867247642360487,1.02,0.192
83.0,23.99183304001166,23.99193778338709,24.0,1.0,0.8671754811947809,1.02,0.192
83.10000000000001,23.99193778338709,23.992063407561666,24.0,1.0,0.8671275248787527,1.02,0.192
83.2,23.992063407561666,23.992208998979333,24.0,1.0,0.8671032789620039,1.02,0.192
83.30000000000001,23.992208998979333,23.99237361181578,24.0,1.0,0.8671021949884271,1.02,0.192
83.4,23.99237361181578,23.992556271462497,24.0,1.0,0.8671236734284653,1.02,0.192
83.5,23.992556271462497,23.992755978002847,24.0,1.0,0.8671670666801979,1.02,0.192
83.60000000000001,23.992755978002847,23.992971709670524,24.0,1.0,0.8672316821290097,1.02,0.192
83.7,23.992971709670524,23.993202426281083,24.0,1.0,0.8673167852557139,1.02,0.192
83.80000000000001,23.993202426281083,23.993447072627543,24.0,1.0,0.8674216027830814,1.02,0.192
83.9,23.993447072627543,23.99370458183138,24.0,1.0,0.8675453258509188,1.02,0.192
84.0,23.99370458183138,23.993973878640634,24.0,1.0,0.8676871132099958,1.02,0.192
84.10000000000001,23.993973878640634,23.9942538826671,24.0,1.0,0.867846094425335,1.02,0.192
84.2,23.9942538826671,23.994543511555104,24.0,1.0,0.8680213730795372,1.02,0.192
84.30000000000001,23.994543511555104,23.994841684074622,24.0,1.0,0.8682120299671605,1.02,0.192
84.4,23.994841684074622,23.995147323131956,24.0,1.0,0.8684171262713012,1.02,0.192
84.5,23.995147323131956,23.99545935869161,24.0,1.0,0.8686357067139157,1.02,0.192
84.60000000000001,23.99545935869161,23.99577673060336,24.0,1.0,0.8688668026716397,1.02,0.192
84.7,23.99577673060336,23.99609839132901,24.0,1.0,0.8691094352492112,1.02,0.192
84.80000000000001,23.99609839132901,23.99642330856367,24.0,1.0,0.869362618302891,1.02,0.192
84.9,23.99642330856367,23.996750467746892,24.0,1.0,0.8696253614066674,1.02,0.192
85.0,23.996750467746892,23.997078874459405,24.0,1.0,0.8698966727542938,1.02,0.192
85.10000000000001,23.997078874459405,23.997407556701596,24.0,1.0,0.8701755619906769,1.02,0.192
85.2,23.997407556701596,23.99773556705038,24.0,1.0,0.8704610429663826,1.02,0.192
85.30000000000001,23.99773556705038,23.998061984691454,24.0,1.0,0.8707521364095102,1.02,0.192
85.4,23.998061984691454,23.998385917324416,24.0,1.0,0.8710478725094807,1.02,0.192
85.5,23.998385917324416,23.998706502938663,24.0,1.0,0.8713472934077314,1.02,0.192
85.60000000000001,23.998706502938663,23.999022911458326,24.0,1.0,0.8716494555906859,1.02,0.192
85.7,23.999022911458326,23.99933434625499,24.0,1.0,0.8719534321807413,1.02,0.192
85.80000000000001,23.99933434625499,23.99964004552734,24.0,1.0,0.8722583151214348,1.02,0.192
85.9,23.99964004552734,23.999939283547203,24.0,1.0,0.8725632172533561,1.02,0.192
86.0,23.999939283547203,24.00023137177199,24.0,1.0,0.872867274277723,1.02,0.192
86.10000000000001,24.00023137177199,24.00051565982372,24.0,1.0,0.8731696466050266,1.02,0.192
86.2,24.00051565982372,24.0007915363354,24.0,1.0,0.8734695210864073,1.02,0.192
86.30000000000001,24.0007915363354,24.001058429665683,24.0,1.0,0.87376611262596,1.02,0.192
86.4,24.001058429665683,24.001315808483252,24.0,1.0,0.8740586656724312,1.02,0.192
86.5,24.001315808483252,24.00156318222257,24.0,1.0,0.8743464555892299,1.02,0.192
86.60000000000001,24.00156318222257,24.001800101413032,24.0,1.0,0.8746287899020062,1.02,0.192
86.7,24.001800101413032,24.002026157883872,24.0,1.0,0.8749050094234091,1.02,0.192
86.80000000000001,24.002026157883872,24.002240984847372,24.0,1.0,0.8751744892550364,1.02,0.192
86.9,24.002240984847372,24.002444256863345,24.0,1.0,0.875436639666876,1.02,0.192
87.0,24.002444256863345,24.002635689687978,24.0,1.0,0.8756909068549449,1.02,0.192
87.10000000000001,24.002635689687978,24.002815040010457,24.0,1.0,0.875936773578079,1.02,0.192
87.2,24.002815040010457,24.00298210508102,24.0,1.0,0.8761737596752089,1.02,0.192
87.30000000000001,24.00298210508102,24.003136722234235,24.0,1.0,0.8764014224647393,1.02,0.192
87.4,24.003136722234235,24.00327876831156,24.0,1.0,0.8766193570279149,1.02,0.192
87.5,24.00327876831156,24.00340815898744,24.0,1.0,0.8768271963783687,1.02,0.192
87.60000000000001,24.00340815898744,24.003524848003234,24.0,1.0,0.8770246115203255,1.02,0.192
87.7,24.003524848003234,24.00362882631359,24.0,1.0,0.8772113113980975,1.02,0.192
87.80000000000001,24.00362882631359,24.00372012114988,24.0,1.0,0.877387042739882,1.02,0.192
87.9,24.00372012114988,24.00379879500545,24.0,1.0,0.8775515897989736,1.02,0.192
88.0,24.00379879500545,24.003864944547647,24.0,1.0,0.8777047739957622,1.02,0.192
88.10000000000001,24.003864944547647,24.003918699461433,24.0,1.0,0.8778464534641168,1.02,0.192
88.2,24.003918699461433,24.003960221229747,24.0,1.0,0.8779765225058381,1.02,0.192
88.30000000000001,24.003960221229747,24.003989701855577,24.0,1.0,0.8780949109571289,1.02,0.192
88.4,24.003989701855577,24.00400736253092,24.0,1.0,0.8782015834711029,1.02,0.192
88.5,24.00400736253092,24.00401345225769,24.0,1.0,0.8782965387205469,1.02,0.192
88.60000000000001,24.00401345225769,24.004008246425748,24.0,1.0,0.8783798085252008,1.02,0.192
88.7,24.004008246425748,24.003992045353115,24.0,1.0,0.878451456907993,1.02,0.192
88.80000000000001,24.003992045353115,24.00396517279353,24.0,1.0,0.8785115790846874,1.02,0.192
88.9,24.00396517279353,24.003927974416328,24.0,1.0,0.8785603003915478,1.02,0.192
89.0,24.003927974416328,24.003880816263678,24.0,1.0,0.8785977751555939,1.02,0.192
89.10000000000001,24.003880816263678,24.003824083190114,24.0,1.0,0.878624185512153,1.02,0.192
89.2,24.003824083190114,24.00375817728921,24.0,1.0,0.8786397401743684,1.02,0.192
89.30000000000001,24.00375817728921,24.00368351631216,24.0,1.0,0.8786446731593993,1.02,0.192
89.4,24.00368351631216,24.00360053208294,24.0,1.0,0.8786392424760031,1.02,0.192
89.5,24.00360053208294,24.00350966891461,24.0,1.0,0.8786237287781914,1.02,0.192
89.60000000000001,24.00350966891461,24.003411382031196,24.0,1.0,0.8785984339896536,1.02,0.192
89.7,24.003411382031196,24.00330613599946,24.0,1.0,0.87856367990357,1.02,0.192
89.80000000000001,24.00330613599946,24.003194403174707,24.0,1.0,0.8785198067623882,1.02,0.192
89.9,24.003194403174707,24.00307666216469,24.0,1.0,0.8784671718220951,1.02,0.192
90.0,24.00307666216469,24.002953396315466,24.0,1.0,0.8784061479054414,1.02,0.192
90.10000000000001,24.002953396315466,24.002825092222857,24.0,1.0,0.8783371219484881,1.02,0.192
90.2,24.002825092222857,24.002692238273163,24.0,1.0,0.8782604935447058,1.02,0.192
90.30000000000001,24.002692238273163,24.00255532321639,24.0,1.0,0.8781766734908627,1.02,0.192
90.4,24.00255532321639,24.00241483477525,24.0,1.0,0.8780860823387109,1.02,0.192
90.5,24.00241483477525,24.002271258292875,24.0,1.0,0.8779891489564329,1.02,0.192
90.60000000000001,24.002271258292875,24.00212507542213,24.0,1.0,0.8778863091036325,1.02,0.192
90.7,24.00212507542213,24.00197676285909,24.0,1.0,0.8777780040235755,1.02,0.192
90.80000000000001,24.00197676285909,24.00182679112319,24.0,1.0,0.8776646790561714,1.02,0.192
90.9,24.00182679112319,24.001675623386188,24.0,1.0,0.8775467822751176,1.02,0.192
91.0,24.001675623386188,24.001523714352096,24.0,1.0,0.8774247631523906,1.02,0.192
91.10000000000001,24.001523714352096,24.00137150918985,24.0,1.0,0.8772990712531776,1.02,0.192
91.2,24.00137150918985,24.001219442520405,24.0,1.0,0.8771701549641296,1.02,0.192
91.30000000000001,24.001219442520405,24.001067937459712,24.0,1.0,0.8770384602576894,1.02,0.192
91.4,24.001067937459712,24.000917404718837,24.0,1.0,0.8769044294950095,1.02,0.192
91.5,24.000917404718837,24.000768241762263,24.0,1.0,0.8767685002699185,1.02,0.192
91.60000000000001,24.000768241762263,24.000620832025312,24.0,1.0,0.8766311042960475,1.02,0.192
91.7,24.000620832025312,24.00047554419131,24.0,1.0,0.8764926663392443,1.02,0.192
91.80000000000001,24.00047554419131,24.000332731529042,24.0,1.0,0.8763536031970356,1.02,0.192
91.9,24.000332731529042,24.000192731290777,24.0,1.0,0.8762143227268794,1.02,0.192
92.0,24.000192731290777,24.000055864171046,24.0,1.0,0.8760752229246325,1.02,0.192
92.10000000000001,24.000055864171046,23.999922433826093,24.0,1.0,0.8759366910545899,1.02,0.192
92.2,23.999922433826093,23.99979272645383,24.0,1.0,0.8757991028321994,1.02,0.192
92.30000000000001,23.99979272645383,23.999667010433885,24.0,1.0,0.8756628216604044,1.02,0.192
92.4,23.999667010433885,23.999545536027256,24.0,1.0,0.8755281979203918,1.02,0.192
92.5,23.999545536027256,23.999428535134847,24.0,1.0,0.875395568317353,1.02,0.192
92.60000000000001,23.999428535134847,23.999316221114068,24.0,1.0,0.8752652552816848,1.02,0.192
92.7,23.999316221114068,23.999208788652528,24.0,1.0,0.8751375664258804,1.02,0.192
92.80000000000001,23.999208788652528,23.999106413697685,24.0,1.0,0.875012794057238,1.02,0.192
92.9,23.999106413697685,23.99900925344125,24.0,1.0,0.8748912147462944,1.02,0.192
93.0,23.99900925344125,23.998917446356923,24.0,1.0,0.8747730889508035,1.02,0.192
93.10000000000001,23.998917446356923,23.99883111229004,24.0,1.0,0.8746586606948422,1.02,0.192
93.2,23.99883111229004,23.998750352597508,24.0,1.0,0.8745481573025913,1.02,0.192
93.30000000000001,23.998750352597508,23.99867525033633,24.0,1.0,0.8744417891860794,1.02,0.192
93.4,23.99867525033633,23.99860587049898,24.0,1.0,0.8743397496861353,1.02,0.192
93.5,23.99860587049898,23.998542260293725,24.0,1.0,0.8742422149656197,1.02,0.192
93.60000000000001,23.998542260293725,23.998484449467917,24.0,1.0,0.8741493439538981,1.02,0.192
93.7,23.998484449467917,23.998432450672325,24.0,1.0,0.8740612783413576,1.02,0.192
93.80000000000001,23.998432450672325,23.998386259864333,24.0,1.0,0.8739781426227633,1.02,0.192
93.9,23.998386259864333,23.9983458567479,24.0,1.0,0.8739000441880058,1.02,0.192
94.0,23.9983458567479,23.998311205248115,24.0,1.0,0.873827073458804,1.02,0.192
94.10000000000001,23.998311205248115,23.99828225401808,24.0,1.0,0.873759304069787,1.02,0.192
94.2,23.99828225401808,23.998258936975883,24.0,1.0,0.8736967930922979,1.02,0.192
94.30000000000001,23.998258936975883,23.99824117386936,24.0,1.0,0.8736395812991952,1.02,0.192
94.4,23.99824117386936,23.998228870866335,24.0,1.0,0.873587693468833,1.02,0.192
94.5,23.998228870866335,23.99822192116803,24.0,1.0,0.8735411387263808,1.02,0.192
94.60000000000001,23.99822192116803,23.99822020564331,24.0,1.0,0.8734999109205379,1.02,0.192
94.7,23.99822020564331,23.998223593481406,24.0,1.0,0.8734639890336737,1.02,0.192
94.80000000000001,23.998223593481406,23.998231942860865,24.0,1.0,0.8734333376233739,1.02,0.192
94.9,23.998231942860865,23.998245101632367,24.0,1.0,0.8734079072933516,1.02,0.192
95.0,23.998245101632367,23.998262908013125,24.0,1.0,0.8733876351916249,1.02,0.192
95.10000000000001,23.998262908013125,23.99828519129065,24.0,1.0,0.8733724455338495,1.02,0.192
95.2,23.99828519129065,23.998311772533608,24.0,1.0,0.873362250149704,1.02,0.192
95.30000000000001,23.998311772533608,23.99834246530762,24.0,1.0,0.8733569490501681,1.02,0.192
95.4,23.99834246530762,23.998377076393815,24.0,1.0,0.8733564310135659,1.02,0.192
95.5,23.998377076393815,23.99841540650808,24.0,1.0,0.8733605741882471,1.02,0.192
95.60000000000001,23.99841540650808,23.99845725101893,24.0,1.0,0.8733692467097524,1.02,0.192
95.7,23.99845725101893,23.998502400662012,24.0,1.0,0.8733823073303829,1.02,0.192
95.80000000000001,23.998502400662012,23.99855064224932,24.0,1.0,0.8733996060590372,1.02,0.192
95.9,23.99855064224932,23.998601759371255,24.0,1.0,0.8734209848092782,1.02,0.192
96.0,23.998601759371255,23.99865553308972,24.0,1.0,0.8734462780535794,1.02,0.192
96.10000000000001,23.99865553308972,23.99871174262055,24.0,1.0,0.8734753134817379,1.02,0.192
96.2,23.99871174262055,23.99877016600358,24.0,1.0,0.8735079126614981,1.02,0.192
96.30000000000001,23.99877016600358,23.998830580758842,24.0,1.0,0.8735438916994585,1.02,0.192
96.4,23.998830580758842,23.998892764527323,24.0,1.0,0.8735830619003941,1.02,0.192
96.5,23.998892764527323,23.998956495694937,24.0,1.0,0.8736252304231695,1.02,0.192
96.60000000000001,23.998956495694937,23.999021553998343,24.0,1.0,0.873670200931479,1.02,0.192
96.7,23.999021553998343,23.999087721111373,24.0,1.0,0.8737177742377211,1.02,0.192
96.80000000000001,23.999087721111373,23.999154781210922,24.0,1.0,0.8737677489383496,1.02,0.192
96.9,23.999154781210922,23.999222521521233,24.0,1.0,0.8738199220391402,1.02,0.192
97.0,23.999222521521233,23.99929073283557,24.0,1.0,0.8738740895688644,1.02,0.192
97.10000000000001,23.99929073283557,23.99935921001443,24.0,1.0,0.8739300471799295,1.02,0.192
97.2,23.99935921001443,23.99942775245946,24.0,1.0,0.8739875907346444,1.02,0.192
97.30000000000001,23.99942775245946,23.999496164562373,24.0,1.0,0.8740465168757985,1.02,0.192
97.4,23.999496164562373,23.999564256128245,24.0,1.0,0.8741066235803667,1.02,0.192
97.5,23.999564256128245,23.999631842772658,24.0,1.0,0.8741677106952184,1.02,0.192
97.60000000000001,23.999631842772658,23.999698746292225,24.0,1.0,0.8742295804537543,1.02,0.192
97.7,23.999698746292225,23.999764795008158,24.0,1.0,0.8742920379725235,1.02,0.192
97.80000000000001,23.999764795008158,23.999829824082592,24.0,1.0,0.8743548917269317,1.02,0.192
97.9,23.999829824082592,23.99989367580747,24.0,1.0,0.8744179540052408,1.02,0.192
98.0,23.99989367580747,23.999956199865885,24.0,1.0,0.87448104134012,1.02,0.192
98.10000000000001,23.999956199865885,24.00001725356584,24.0,1.0,0.8745439749171274,1.02,0.192
98.2,24.00001725356584,24.0000767020465,24.0,1.0,0.8746065809595459,1.02,0.192
98.30000000000001,24.0000767020465,24.00013441845702,24.0,1.0,0.8746686910891108,1.02,0.192
98.4,24.00013441845702,24.000190284108204,24.0,1.0,0.8747301426622163,1.02,0.192
98.5,24.000190284108204,24.00024418859721,24.0,1.0,0.8747907790813017,1.02,0.192
98.60000000000001,24.00024418859721,24.00029602990569,24.0,1.0,0.8748504500811558,1.02,0.192
98.7,24.00029602990569,24.000345714471727,24.0,1.0,0.8749090119899945,1.02,0.192
98.80000000000001,24.000345714471727,24.000393157236086,24.0,1.0,0.8749663279652089,1.02,0.192
98.9,24.000393157236086,24.000438281663264,24.0,1.0,0.8750222682037877,1.02,0.192
99.0,24.000438281663264,24.00048101973797,24.0,1.0,0.8750767101274439,1.02,0.192
99.10000000000001,24.00048101973797,24.00052131193764,24.0,1.0,0.8751295385426112,1.02,0.192
99.2,24.00052131193764,24.000559107181715,24.0,1.0,0.8751806457754783,1.02,0.192
99.30000000000001,24.000559107181715,24.000594362758385,24.0,1.0,0.8752299317823244,1.02,0.192
99.4,24.000594362758385,24.000627044229613,24.0,1.0,0.8752773042354884,1.02,0.192
99.5,24.000627044229613,24.000657125315275,24.0,1.0,0.8753226785853504,1.02,0.192
99.60000000000001,24.000657125315275,24.00068458775723,24.0,1.0,0.8753659780987784,1.02,0.192
99.7,24.00068458775723,24.00070942116429,24.0,1.0,0.8754071338745124,1.02,0.192
99.80000000000001,24.00070942116429,24.000731622838952,24.0,1.0,0.8754460848360684,1.02,0.192
99.9,24.000731622838952,24.000751197586897,24.0,1.0,0.87548277770273,1.02,0.192
100.0,24.000751197586897,24.000768157510215,24.0,1.0,0.8755171669393025,1.02,0.192
100.10000000000001,24.000768157510215,24.000782521785364,24.0,1.0,0.8755492146852832,1.02,0.192
100.2,24.000782521785364,24.00079431642688,24.0,1.0,0.875578890664214,1.02,0.192
100.30000000000001,24.00079431642688,24.000803574037867,24.0,1.0,0.8756061720739563,1.02,0.192
100.4,24.000803574037867,24.00081033354833,24.0,1.0,0.8756310434586903,1.02,0.192
100.5,24.00081033354833,24.00081463994238,24.0,1.0,0.8756534965634899,1.02,0.192
100.60000000000001,24.00081463994238,24.000816543975372,24.0,1.0,0.8756735301723149,1.02,0.192
100.7,24.000816543975372,24.000816101882048,24.0,1.0,0.8756911499302935,1.02,0.192
100.80000000000001,24.000816101882048,24.000813375076724,24.0,1.0,0.8757063681512386,1.02,0.192
100.9,24.000813375076724,24.00080842984657,24.0,1.0,0.8757192036112814,1.02,0.192
101.0,24.00080842984657,24.000801337039032,24.0,1.0,0.8757296813295763,1.02,0.192
101.10000000000001,24.000801337039032,24.000792171744465,24.0,1.0,0.8757378323370391,1.02,0.192
101.2,24.000792171744465,24.000781012974894,24.0,1.0,0.8757436934340737,1.02,0.192
101.30000000000001,24.000781012974894,24.00076794334004,24.0,1.0,0.8757473069382297,1.02,0.192
101.4,24.00076794334004,24.0007530487215,24.0,1.0,0.8757487204228079,1.02,0.192
101.5,24.0007530487215,24.000736417946065,24.0,1.0,0.8757479864473486,1.02,0.192
101.60000000000001,24.000736417946065,24.000718142459174,24.0,1.0,0.8757451622809704,1.02,0.192
101.7,24.000718142459174,24.00069831599935,24.0,1.0,0.8757403096195577,1.02,0.192
101.80000000000001,24.00069831599935,24.00067703427456,24.0,1.0,0.8757334942977256,1.02,0.192
101.9,24.00067703427456,24.000654394641327,24.0,1.0,0.8757247859965099,1.02,0.192
102.0,24.000654394641327,24.000630495787473,24.0,1.0,0.8757142579477257,1.02,0.192
102.10000000000001,24.000630495787473,24.00060543741925,24.0,1.0,0.875701986635914,1.02,0.192
102.2,24.00060543741925,24.00057931995366,24.0,1.0,0.875688051498776,1.02,0.192
102.30000000000001,24.00057931995366,24.00055224421668,24.0,1.0,0.8756725346269834,1.02,0.192
102.4,24.00055224421668,24.000524311148116,24.0,1.0,0.8756555204642272,1.02,0.192
102.5,24.000524311148116,24.000495621513693,24.0,1.0,0.8756370955083339,1.02,0.192
102.60000000000001,24.000495621513693,24.00046627562509,24.0,1.0,0.8756173480142855,1.02,0.192
102.7,24.00046627562509,24.000436373068442,24.0,1.0,0.8755963676999124,1.02,0.192
102.80000000000001,24.000436373068442,24.000406012441868,24.0,1.0,0.8755742454550459,1.02,0.192
102.9,24.000406012441868,24.000375291102557,24.0,1.0,0.8755510730548237,1.02,0.192
103.0,24.000375291102557,24.000344304923864,24.0,1.0,0.8755269428778959,1.02,0.192
103.10000000000001,24.000344304923864,24.000313148062826,24.0,1.0,0.8755019476301672,1.02,0.192
103.2,24.000313148062826,24.000281912738533,24.0,1.0,0.8754761800747148,1.02,0.192
103.30000000000001,24.000281912738533,24.00025068902165,24.0,1.0,0.8754497327685156,1.02,0.192
103.4,24.00025068902165,24.00021956463544,24.0,1.0,0.8754226978065124,1.02,0.192
103.5,24.00021956463544,24.000188624768494,24.0,1.0,0.8753951665735772,1.02,0.192
103.60000000000001,24.000188624768494,24.00015795189949,24.0,1.0,0.8753672295048476,1.02,0.192
103.7,24.00015795189949,24.000127625634054,24.0,1.0,0.875338975854932,1.02,0.192
103.80000000000001,24.000127625634054,24.000097722553974,24.0,1.0,0.8753104934763624,1.02,0.192
103.9,24.000097722553974,24.000068316078796,24.0,1.0,0.8752818686077174,1.02,0.192
104.0,24.000068316078796,24.00003947633992,24.0,1.0,0.8752531856717481,1.02,0.192
104.10000000000001,24.00003947633992,24.00001127006723,24.0,1.0,0.8752245270838228,1.02,0.192
104.2,24.00001127006723,23.999983760488202,24.0,1.0,0.8751959730709681,1.02,0.192
104.30000000000001,23.999983760488202,23.99995700723954,24.0,1.0,0.8751676015017339,1.02,0.192
104.4,23.99995700723954,23.99993106629119,24.0,1.0,0.8751394877270982,1.02,0.192
104.5,23.99993106629119,23.999905989882663,24.0,1.0,0.8751117044325708,1.02,0.192
104.60000000000001,23.999905989882663,23.999881826471547,24.0,1.0,0.8750843215016209,1.02,0.192
104.7,23.999881826471547,23.99985862069398,24.0,1.0,0.8750574058905367,1.02,0.192
104.80000000000001,23.99985862069398,23.99983641333697,24.0,1.0,0.8750310215147437,1.02,0.192
104.9,23.99983641333697,23.999815241322235,24.0,1.0,0.8750052291466603,1.02,0.192
105.0,23.999815241322235,23.999795137701444,24.0,1.0,0.8749800863250192,1.02,0.192
105.10000000000001,23.999795137701444,23.999776131662422,24.0,1.0,0.8749556472756799,1.02,0.192
105.2,23.999776131662422,23.99975824854617,24.0,1.0,0.8749319628437963,1.02,0.192
105.30000000000001,23.99975824854617,23.999741509874248,24.0,1.0,0.874909080437304,1.02,0.192
105.4,23.999741509874248,23.999725933386287,24.0,1.0,0.8748870439815306,1.02,0.192
105.5,23.999725933386287,23.99971153308716,24.0,1.0,0.8748658938848273,1.02,0.192
105.60000000000001,23.99971153308716,23.99969831930352,24.0,1.0,0.8748456670149927,1.02,0.192
105.7,23.99969831930352,23.999686298749232,24.0,1.0,0.874826396686305,1.02,0.192
105.80000000000001,23.999686298749232,23.999675474599357,24.0,1.0,0.8748081126569174,1.02,0.192
105.9,23.999675474599357,23.999665846572178,24.0,1.0,0.8747908411363525,1.02,0.192
106.0,23.999665846572178,23.999657411018905,24.0,1.0,0.8747746048028157,1.02,0.192
106.10000000000001,23.999657411018905,23.999650161020558,24.0,1.0,0.8747594228300404,1.02,0.192
106.2,23.999650161020558,23.999644086491593,24.0,1.0,0.8747453109233208,1.02,0.192
106.30000000000001,23.999644086491593,23.999639174289804,24.0,1.0,0.8747322813644148,1.02,0.192
106.4,23.999639174289804,23.99963540833201,24.0,1.0,0.8747203430649549,1.02,0.192
106.5,23.99963540833201,23.999632769715088,24.0,1.0,0.8747095016279809,1.02,0.192
106.60000000000001,23.999632769715088,23.999631236841825,24.0,1.0,0.8746997594172489,1.02,0.192
106.7,23.999631236841825,23.99963078555116,24.0,1.0,0.8746911156338837,1.02,0.192
106.80000000000001,23.99963078555116,23.999631389252304,24.0,1.0,0.8746835663999892,1.02,0.192
106.9,23.999631389252304,23.999633019062255,24.0,1.0,0.8746771048487987,1.02,0.192
107.0,23.999633019062255,23.999635643946263,24.0,1.0,0.874671721220944,1.02,0.192
107.10000000000001,23.999635643946263,23.999639230860744,24.0,1.0,0.8746674029664003,1.02,0.192
107.2,23.999639230860744,23.99964374489819,24.0,1.0,0.8746641348516973,1.02,0.192
107.30000000000001,23.99964374489819,23.99964914943361,24.0,1.0,0.8746618990719376,1.02,0.192
107.4,23.99964914943361,23.999655406272048,24.0,1.0,0.8746606753671895,1.02,0.192
107.5,23.999655406272048,23.999662475796754,24.0,1.0,0.874660441142821,1.02,0.192
107.60000000000001,23.999662475796754,23.999670317117534,24.0,1.0,0.8746611715933189,1.02,0.192
107.7,23.999670317117534,23.999678888218885,24.0,1.0,0.8746628398291715,1.02,0.192
107.80000000000001,23.999678888218885,23.999688146107506,24.0,1.0,0.8746654170063515,1.02,0.192
107.9,23.999688146107506,23.99969804695876,24.0,1.0,0.8746688724580091,1.02,0.192
108.0,23.99969804695876,23.999708546261722,24.0,1.0,0.8746731738278958,1.02,0.192
108.10000000000001,23.999708546261722,23.999719598962432,24.0,1.0,0.8746782872051432,1.02,0.192
108.2,23.999719598962432,23.999731159604995,24.0,1.0,0.8746841772599463,1.02,0.192
108.30000000000001,23.999731159604995,23.999743182470183,24.0,1.0,0.8746908073797758,1.02,0.192
108.4,23.999743182470183,23.999755621711216,24.0,1.0,0.8746981398056959,1.02,0.192
108.5,23.999755621711216,23.999768431486416,24.0,1.0,0.8747061357684046,1.02,0.192
108.60000000000001,23.999768431486416,23.999781566088426,24.0,1.0,0.8747147556236474,1.02,0.192
108.7,23.999781566088426,23.99979498006973,24.0,1.0,0.8747239589865959,1.02,0.192
108.80000000000001,23.99979498006973,23.99980862836421,24.0,1.0,0.8747337048648643,1.02,0.192
108.9,23.99980862836421,23.999822466404506,24.0,1.0,0.8747439517898272,1.02,0.192
109.0,23.999822466404506,23.999836450234938,24.0,1.0,0.8747546579458956,1.02,0.192
109.10000000000001,23.999836450234938,23.9998505366198,24.0,1.0,0.8747657812974463,1.02,0.192
109.2,23.9998505366198,23.999864683146843,24.0,1.0,0.8747772797131058,1.02,0.192
109.30000000000001,23.999864683146843,23.99987884832577,24.0,1.0,0.8747891110871092,1.02,0.192
109.4,23.99987884832577,23.999892991681598,24.0,1.0,0.8748012334574711,1.02,0.192
109.5,23.999892991681598,23.999907073842735,24.0,1.0,0.8748136051207012,1.02,0.192
109.60000000000001,23.999907073842735,23.999921056623705,24.0,1.0,0.8748261847428411,1.02,0.192
109.7,23.999921056623705,23.999934903102375,24.0,1.0,0.8748389314666061,1.02,0.192
109.80000000000001,23.999934903102375,23.999948577691647,24.0,1.0,0.8748518050144145,1.02,0.192
109.9,23.999948577691647,23.999962046205525,24.0,1.0,0.8748647657871522,1.02,0.192
110.0,23.999962046205525,23.999975275919535,24.0,1.0,0.8748777749584533,1.02,0.192
110.10000000000001,23.999975275919535,23.999988235625466,24.0,1.0,0.8748907945643991,1.02,0.192
110.2,23.999988235625466,24.00000089568043,24.0,1.0,0.8749037875884573,1.02,0.192
110.30000000000001,24.00000089568043,24.000013228050218,24.0,1.0,0.8749167180415843,1.02,0.192
110.4,24.000013228050218,24.000025206347043,24.0,1.0,0.8749295510373327,1.02,0.192
110.5,24.000025206347043,24.00003680586162,24.0,1.0,0.874942252861958,1.02,0.192
110.60000000000001,24.00003680586162,24.000048003589715,24.0,1.0,0.8749547910393681,1.02,0.192
110.7,24.000048003589715,24.000058778253198,24.0,1.0,0.8749671343909484,1.02,0.192
110.80000000000001,24.000058778253198,24.000069110315657,24.0,1.0,0.8749792530901627,1.02,0.192
110.9,24.000069110315657,24.000078981992726,24.0,1.0,0.8749911187119315,1.02,0.192
111.0,24.000078981992726,24.000088377257192,24.0,1.0,0.8750027042768018,1.02,0.192
111.10000000000001,24.000088377257192,24.000097281839004,24.0,1.0,0.8750139842898961,1.02,0.192
111.2,24.000097281839004,24.00010568322033,24.0,1.0,0.8750249347746527,1.02,0.192
111.30000000000001,24.00010568322033,24.000113570625796,24.0,1.0,0.8750355333014352,1.02,0.192
111.4,24.000113570625796,24.00012093500807,24.0,1.0,0.8750457590110264,1.02,0.192
111.5,24.00012093500807,24.00012776902891,24.0,1.0,0.8750555926331006,1.02,0.192
111.60000000000001,24.00012776902891,24.000134067035916,24.0,1.0,0.8750650164997134,1.02,0.192
111.7,24.000134067035916,24.000139825035077,24.0,1.0,0.8750740145539478,1.02,0.192
111.80000000000001,24.000139825035077,24.000145040659397,24.0,1.0,0.8750825723537664,1.02,0.192
111.9,24.000145040659397,24.000149713133695,24.0,1.0,0.8750906770712332,1.02,0.192
112.0,24.000149713133695,24.00015384323583,24.0,1.0,0.8750983174871834,1.02,0.192
112.10000000000001,24.00015384323583,24.000157433254547,24.0,1.0,0.875105483981488,1.02,0.192
112.2,24.000157433254547,24.00016048694415,24.0,1.0,0.8751121685190675,1.02,0.192
112.30000000000001,24.00016048694415,24.000163009476182,24.0,1.0,0.8751183646317907,1.02,0.192
112.4,24.000163009476182,24.000165007388365,24.0,1.0,0.8751240673964062,1.02,0.192
112.5,24.000165007388365,24.000166488531,24.0,1.0,0.8751292734086888,1.02,0.192
112.60000000000001,24.000166488531,24.000167462011042,24.0,1.0,0.8751339807539729,1.02,0.192
112.7,24.000167462011042,24.000167938134048,24.0,1.0,0.8751381889742271,1.02,0.192
112.80000000000001,24.000167938134048,24.000167928344265,24.0,1.0,0.8751418990318669,1.02,0.192
112.9,24.000167928344265,24.000167445163026,24.0,1.0,0.8751451132704978,1.02,0.192
113.0,24.000167445163026,24.000166502125698,24.0,1.0,0.8751478353727641,1.02,0.192
113.10000000000001,24.000166502125698,24.000165113717387,24.0,1.0,0.8751500703155027,1.02,0.192
113.2,24.000165113717387,24.000163295307626,24.0,1.0,0.8751518243223994,1.02,0.192
113.30000000000001,24.000163295307626,24.00016106308424,24.0,1.0,0.87515310481435,1.02,0.192
113.4,24.00016106308424,24.0001584339866,24.0,1.0,0.8751539203577122,1.02,0.192
113.5,24.0001584339866,24.00015542563848,24.0,1.0,0.8751542806106621,1.02,0.192
113.60000000000001,24.00015542563848,24.00015205628071,24.0,1.0,0.8751541962678385,1.02,0.192
113.7,24.00015205628071,24.000148344703824,24.0,1.0,0.8751536790035058,1.02,0.192
113.80000000000001,24.000148344703824,24.00014431018087,24.0,1.0,0.8751527414133939,1.02,0.192
113.9,24.00014431018087,24.000139972400603,24.0,1.0,0.8751513969554517,1.02,0.192
114.0,24.000139972400603,24.000135351401237,24.0,1.0,0.8751496598896733,1.02,0.192
114.10000000000001,24.000135351401237,24.00013046750489,24.0,1.0,0.8751475452172235,1.02,0.192
114.2,24.00013046750489,24.00012534125291,24.0,1.0,0.8751450686190417,1.02,0.192
114.30000000000001,24.00012534125291,24.00011999334229,24.0,1.0,0.8751422463940804,1.02,0.192
114.4,24.00011999334229,24.00011444456323,24.0,1.0,0.8751390953974209,1.02,0.192
114.5,24.00011444456323,24.000108715738065,24.0,1.0,0.8751356329783926,1.02,0.192
114.60000000000001,24.000108715738065,24.000102827661674,24.0,1.0,0.8751318769188948,1.02,0.192
114.7,24.000102827661674,24.000096801043497,24.0,1.0,0.8751278453720802,1.02,0.192
114.80000000000001,24.000096801043497,24.000090656451288,24.0,1.0,0.8751235568015748,1.02,0.192
114.9,24.000090656451288,24.0000844142567,24.0,1.0,0.8751190299213861,1.02,0.192
115.0,24.0000844142567,24.000078094582857,24.0,1.0,0.875114283636636,1.02,0.192
115.10000000000001,24.000078094582857,24.00007171725393,24.0,1.0,0.8751093369853061,1.02,0.192
115.2,24.00007171725393,24.000065301746897,24.0,1.0,0.8751042090810768,1.02,0.192
115.30000000000001,24.000065301746897,24.000058867145498,24.0,1.0,0.8750989190574425,1.02,0.192
115.4,24.000058867145498,24.000052432096492,24.0,1.0,0.8750934860132088,1.02,0.192
115.5,24.000052432096492,24.000046014768273,24.0,1.0,0.8750879289594757,1.02,0.192
115.60000000000001,24.000046014768273,24.000039632811905,24.0,1.0,0.8750822667682432,1.02,0.192
115.7,24.000039632811905,24.00003330332461,24.0,1.0,0.8750765181227366,1.02,0.192
115.80000000000001,24.00003330332461,24.000027042815766,24.0,1.0,0.875070701469528,1.02,0.192
115.9,24.000027042815766,24.000020867175436,24.0,1.0,0.87506483497257,1.02,0.192
116.0,24.000020867175436,24.000014791645455,24.0,1.0,0.8750589364692021,1.02,0.192
116.10000000000001,24.000014791645455,24.00000883079309,24.0,1.0,0.8750530234282138,1.02,0.192
116.2,24.00000883079309,24.000002998487275,24.0,1.0,0.8750471129100275,1.02,0.192
116.30000000000001,24.000002998487275,23.999997307877457,24.0,1.0,0.8750412215290534,1.02,0.192
116.4,23.999997307877457,23.999991771374965,24.0,1.0,0.8750353654182862,1.02,0.192
116.5,23.999991771374965,23.99998640063699,24.0,1.0,0.8750295601961436,1.02,0.192
116.60000000000001,23.99998640063699,23.999981206553077,24.0,1.0,0.8750238209356372,1.02,0.192
116.7,23.999981206553077,23.99997619923416,24.0,1.0,0.8750181621358667,1.02,0.192
116.80000000000001,23.99997619923416,23.999971388004024,24.0,1.0,0.8750125976958655,1.02,0.192
116.9,23.999971388004024,23.999966781393272,24.0,1.0,0.8750071408908057,1.02,0.192
117.0,23.999966781393272,23.99996238713564,24.0,1.0,0.87500180435059,1.02,0.192
117.10000000000001,23.99996238713564,23.999958212166668,24.0,1.0,0.8749966000408083,1.02,0.192
117.2,23.999958212166668,23.999954262624673,24.0,1.0,0.8749915392460574,1.02,0.192
117.30000000000001,23.999954262624673,23.999950543853927,24.0,1.0,0.8749866325556165,1.02,0.192
117.4,23.999950543853927,23.999947060409998,24.0,1.0,0.8749818898514514,1.02,0.192
117.5,23.999947060409998,23.999943816067184,24.0,1.0,0.874977320298515,1.02,0.192
117.60000000000001,23.999943816067184,23.99994081382797,24.0,1.0,0.8749729323373346,1.02,0.192
117.7,23.99994081382797,23.9999380559344,24.0,1.0,0.8749687336788329,1.02,0.192
117.80000000000001,23.9999380559344,23.999935543881314,24.0,1.0,0.8749647313013333,1.02,0.192
117.9,23.999935543881314,23.99993327843135,24.0,1.0,0.8749609314497064,1.02,0.192
118.0,23.99993327843135,23.99993125963163,24.0,1.0,0.8749573396366246,1.02,0.192
118.10000000000001,23.99993125963163,23.999929486832034,24.0,1.0,0.8749539606458381,1.02,0.192
118.2,23.999929486832034,23.999927958704973,24.0,1.0,0.8749507985374252,1.02,0.192
118.30000000000001,23.999927958704973,23.99992667326656,24.0,1.0,0.8749478566549581,1.02,0.192
118.4,23.99992667326656,23.999925627899092,24.0,1.0,0.8749451376344961,1.02,0.192
118.5,23.999925627899092,23.999924819374748,24.0,1.0,0.8749426434153403,1.02,0.192
118.60000000000001,23.999924819374748,23.999924243880383,24.0,1.0,0.8749403752525042,1.02,0.192
118.7,23.999924243880383,23.99992389704336,24.0,1.0,0.8749383337307552,1.02,0.192
118.80000000000001,23.99992389704336,23.999923773958276,24.0,1.0,0.8749365187802242,1.02,0.192
118.9,23.999923773958276,23.999923869214513,24.0,1.0,0.874934929693438,1.02,0.192
119.0,23.999923869214513,23.9999241769245,24.0,1.0,0.874933565143718,1.02,0.192
119.10000000000001,23.9999241769245,23.999924690752607,24.0,1.0,0.8749324232048573,1.02,0.192
119.2,23.999924690752607,23.999925403944538,24.0,1.0,0.8749315013719748,1.02,0.192
119.30000000000001,23.999925403944538,23.99992630935717,24.0,1.0,0.874930796583479,1.02,0.192
119.4,23.99992630935717,23.999927399488726,24.0,1.0,0.8749303052440232,1.02,0.192
119.5,23.999927399488726,23.999928666509152,24.0,1.0,0.8749300232483925,1.02,0.192
119.60000000000001,23.999928666509152,23.99993010229067,24.0,1.0,0.8749299460062031,1.02,0.192
119.7,23.99993010229067,23.999931698438367,24.0,1.0,0.874930068467331,1.02,0.192
119.80000000000001,23.999931698438367,23.999933446320775,24.0,1.0,0.8749303851479991,1.02,0.192
119.9,23.999933446320775,23.999935337100293,24.0,1.0,0.874930890157414,1.02,0.192
