time,temperature,next_temperature,setpoint,disturbance,command,kp,ki
0.0,28.0,28.009975041614634,24.0,0.0,0.5884615384615424,0.1442307692307702,0.028846153846153973
0.1,28.009975041614634,28.019900332501663,24.0,0.0,0.6014674820836953,0.1442307692307702,0.028846153846153973
0.2,28.019900332501663,28.029776120793873,24.0,0.0,0.6144948807669255,0.1442307692307702,0.028846153846153973
0.30000000000000004,28.029776120793873,28.03960265338649,24.0,0.0,0.627543627503669,0.1442307692307702,0.028846153846153973
0.4,28.03960265338649,28.049380175943334,24.0,0.0,0.6406136158200649,0.1442307692307702,0.028846153846153973
0.5,28.049380175943334,28.059108932902983,24.0,0.0,0.6537047397732927,0.1442307692307702,0.028846153846153973
0.6000000000000001,28.059108932902983,28.068789167484866,24.0,0.0,0.6668168939489239,0.1442307692307702,0.028846153846153973
0.7000000000000001,28.068789167484866,28.078421121695353,24.0,0.0,0.6799499734582864,0.1442307692307702,0.028846153846153973
0.8,28.078421121695353,28.0880050363338,24.0,0.0,0.6931038739358433,0.1442307692307702,0.028846153846153973
0.9,28.0880050363338,28.097541150998573,24.0,0.0,0.7062784915365824,0.1442307692307702,0.028846153846153973
1.0,28.097541150998573,28.107029704093033,24.0,0.0,0.7194737229334206,0.1442307692307702,0.028846153846153973
1.1,28.107029704093033,28.116470932831504,24.0,0.0,0.7326894653146208,0.1442307692307702,0.028846153846153973
1.2000000000000002,28.116470932831504,28.125865073245194,24.0,0.0,0.7459256163812218,0.1442307692307702,0.028846153846153973
1.3,28.125865073245194,28.135212360188106,24.0,0.0,0.7591820743444807,0.1442307692307702,0.028846153846153973
1.4000000000000001,28.135212360188106,28.144513027342896,24.0,0.0,0.7724587379233279,0.1442307692307702,0.028846153846153973
1.5,28.144513027342896,28.15376730722673,24.0,0.0,0.7857555063418349,0.1442307692307702,0.028846153846153973
1.6,28.15376730722673,28.162975431197086,24.0,0.0,0.7990722793266958,0.1442307692307702,0.028846153846153973
1.7000000000000002,28.162975431197086,28.172137629457545,24.0,0.0,0.8124089571047197,0.1442307692307702,0.028846153846153973
1.8,28.172137629457545,28.18125413106354,24.0,0.0,0.8257654404003365,0.1442307692307702,0.028846153846153973
1.9000000000000001,28.18125413106354,28.190325163928083,24.0,0.0,0.8391416304331152,0.1442307692307702,0.028846153846153973
2.0,28.190325163928083,28.175871241488405,24.0,0.0,1.0,0.2884615384615404,0.007211538461538493
2.1,28.175871241488405,28.16097046897217,24.0,0.0,1.0,0.2884615384615404,0.007211538461538493
2.2,28.16097046897217,28.14562421899292,24.0,0.0,1.0,0.2884615384615404,0.007211538461538493
2.3000000000000003,28.14562421899292,28.129833861587887,24.0,0.0,1.0,0.2884615384615404,0.007211538461538493
2.4000000000000004,28.129833861587887,28.11360076420953,24.0,0.0,1.0,0.2884615384615404,0.007211538461538493
2.5,28.11360076420953,28.09692629171725,24.0,0.0,1.0,0.2884615384615404,0.007211538461538493
2.6,28.09692629171725,28.07981180636924,24.0,0.0,1.0,0.2884615384615404,0.007211538461538493
2.7,28.07981180636924,28.062258667814472,24.0,0.0,1.0,0.2884615384615404,0.007211538461538493
2.8000000000000003,28.062258667814472,28.044268233084846,24.0,0.0,1.0,0.2884615384615404,0.007211538461538493
2.9000000000000004,28.044268233084846,28.02584185658747,24.0,0.0,1.0,0.2884615384615404,0.007211538461538493
3.0,28.02584185658747,28.006980890097086,24.0,0.0,1.0,0.2884615384615404,0.007211538461538493
3.1,28.006980890097086,27.987686682748635,24.0,0.0,1.0,0.2884615384615404,0.007211538461538493
3.2,27.987686682748635,27.967960581029967,24.0,0.0,1.0,0.2884615384615404,0.007211538461538493
3.3000000000000003,27.967960581029967,27.947803928774682,24.0,0.0,1.0,0.2884615384615404,0.007211538461538493
3.4000000000000004,27.947803928774682,27.927218067155117,24.0,0.0,1.0,0.2884615384615404,0.007211538461538493
3.5,27.927218067155117,27.906204334675458,24.0,0.0,1.0,0.2884615384615404,0.007211538461538493
3.6,27.906204334675458,27.884764067164994,24.0,0.0,1.0,0.2884615384615404,0.007211538461538493
3.7,27.884764067164994,27.862898597771505,24.0,0.0,1.0,0.2884615384615404,0.007211538461538493
3.8000000000000003,27.862898597771505,27.84060925695478,24.0,0.0,1.0,0.2884615384615404,0.007211538461538493
3.9000000000000004,27.84060925695478,27.817897372480274,24.0,0.0,1.0,0.2884615384615404,0.007211538461538493
4.0,27.817897372480274,27.788880488280192,24.0,0.0,0.7977475711349908,0.1442307692307702,0.028846153846153973
4.1000000000000005,27.788880488280192,27.76000832639382,24.0,0.0,0.8044919065530949,0.1442307692307702,0.028846153846153973
4.2,27.76000832639382,27.731280165015608,24.0,0.0,0.8111738302994658,0.1442307692307702,0.028846153846153973
4.3,27.731280165015608,27.702695285940024,24.0,0.0,0.8177936536536148,0.1442307692307702,0.028846153846153973
4.4,27.702695285940024,27.674252974543606,24.0,0.0,0.8243516863425403,0.1442307692307702,0.028846153846153973
4.5,27.674252974543606,27.645952519767086,24.0,0.0,0.8308482365484712,0.1442307692307702,0.028846153846153973
4.6000000000000005,27.645952519767086,27.61779321409762,24.0,0.0,0.8372836109165704,0.1442307692307702,0.028846153846153973
4.7,27.61779321409762,27.5897743535511,24.0,0.0,0.8436581145626023,0.1442307692307702,0.028846153846153973
4.800000000000001,27.5897743535511,27.561895237654554,24.0,0.0,0.8499720510805593,0.1442307692307702,0.028846153846153973
4.9,27.561895237654554,27.53415516942863,24.0,0.0,0.8562257225502532,0.1442307692307702,0.028846153846153973
5.0,27.53415516942863,27.50655345537018,24.0,0.0,0.8624194295448662,0.1442307692307702,0.028846153846153973
5.1000000000000005,27.50655345537018,27.479089405434916,24.0,0.0,0.8685534711384655,0.1442307692307702,0.028846153846153973
5.2,27.479089405434916,27.451762333020156,24.0,0.0,0.8746281449134798,0.1442307692307702,0.028846153846153973
5.300000000000001,27.451762333020156,27.42457155494767,24.0,0.0,0.8806437469681399,0.1442307692307702,0.028846153846153973
5.4,27.42457155494767,27.397516391446583,24.0,0.0,0.8866005719238802,0.1442307692307702,0.028846153846153973
5.5,27.397516391446583,27.370596166136405,24.0,0.0,0.8924989129327041,0.1442307692307702,0.028846153846153973
5.6000000000000005,27.370596166136405,27.343810206010097,24.0,0.0,0.8983390616845143,0.1442307692307702,0.028846153846153973
5.7,27.343810206010097,27.317157841417266,24.0,0.0,0.9041213084144029,0.1442307692307702,0.028846153846153973
5.800000000000001,27.317157841417266,27.290638406047407,24.0,0.0,0.9098459419099099,0.1442307692307702,0.028846153846153973
5.9,27.290638406047407,27.264251236913253,24.0,0.0,0.9155132495182399,0.1442307692307702,0.028846153846153973
6.0,27.264251236913253,27.24606557991256,24.0,0.0,1.0,0.5769230769230808,0.007211538461538493
6.1000000000000005,27.24606557991256,27.227701524148717,24.0,0.0,1.0,0.5769230769230808,0.007211538461538493
6.2,27.227701524148717,27.20916244962536,24.0,0.0,1.0,0.5769230769230808,0.007211538461538493
6.300000000000001,27.20916244962536,27.190451707068178,24.0,0.0,1.0,0.5769230769230808,0.007211538461538493
6.4,27.190451707068178,27.171572618132892,24.0,0.0,1.0,0.5769230769230808,0.007211538461538493
6.5,27.171572618132892,27.15252847561187,24.0,0.0,1.0,0.5769230769230808,0.007211538461538493
6.6000000000000005,27.15252847561187,27.13332254363942,24.0,0.0,1.0,0.5769230769230808,0.007211538461538493
6.7,27.13332254363942,27.11395805789574,24.0,0.0,1.0,0.5769230769230808,0.007211538461538493
6.800000000000001,27.11395805789574,27.094438225809554,24.0,0.0,1.0,0.5769230769230808,0.007211538461538493
6.9,27.094438225809554,27.074766226759436,24.0,0.0,1.0,0.5769230769230808,0.007211538461538493
7.0,27.074766226759436,27.05494521227382,24.0,0.0,1.0,0.5769230769230808,0.007211538461538493
7.1000000000000005,27.05494521227382,27.03497830622973,24.0,0.0,1.0,0.5769230769230808,0.007211538461538493
7.2,27.03497830622973,27.014868605050182,24.0,0.0,1.0,0.5769230769230808,0.007211538461538493
7.300000000000001,27.014868605050182,26.99461917790037,24.0,0.0,1.0,0.5769230769230808,0.007211538461538493
7.4,26.99461917790037,26.974233066882505,24.0,0.0,1.0,0.5769230769230808,0.007211538461538493
7.5,26.974233066882505,26.95371328722944,24.0,0.0,1.0,0.5769230769230808,0.007211538461538493
7.6000000000000005,26.95371328722944,26.933062827497018,24.0,0.0,1.0,0.5769230769230808,0.007211538461538493
7.7,26.933062827497018,26.912284649755165,24.0,0.0,1.0,0.5769230769230808,0.007211538461538493
7.800000000000001,26.912284649755165,26.891381689777752,24.0,0.0,1.0,0.5769230769230808,0.007211538461538493
7.9,26.891381689777752,26.870356857231215,24.0,0.0,1.0,0.5769230769230808,0.007211538461538493
8.0,26.870356857231215,26.84606585106671,24.0,0.0,0.8569656873264075,0.1442307692307702,0.007211538461538493
8.1,26.84606585106671,26.821895996800883,24.0,0.0,0.8555146281568157,0.1442307692307702,0.007211538461538493
8.200000000000001,26.821895996800883,26.797846690186116,24.0,0.0,0.8540636126353987,0.1442307692307702,0.007211538461538493
8.3,26.797846690186116,26.773917329988492,24.0,0.0,0.8526126405444607,0.1442307692307702,0.007211538461538493
8.4,26.773917329988492,26.750107317972763,24.0,0.0,0.8511617116673913,0.1442307692307702,0.007211538461538493
8.5,26.750107317972763,26.72641605888738,24.0,0.0,0.8497108257886605,0.1442307692307702,0.007211538461538493
8.6,26.72641605888738,26.70284296044964,24.0,0.0,0.8482599826938128,0.1442307692307702,0.007211538461538493
8.700000000000001,26.70284296044964,26.679387433330852,24.0,0.0,0.8468091821694629,0.1442307692307702,0.007211538461538493
8.8,26.679387433330852,26.656048891141616,24.0,0.0,0.8453584240032898,0.1442307692307702,0.007211538461538493
8.9,26.656048891141616,26.63282675041716,24.0,0.0,0.8439077079840308,0.1442307692307702,0.007211538461538493
9.0,26.63282675041716,26.609720430602756,24.0,0.0,0.8424570339014773,0.1442307692307702,0.007211538461538493
9.1,26.609720430602756,26.586729354039207,24.0,0.0,0.8410064015464693,0.1442307692307702,0.007211538461538493
9.200000000000001,26.586729354039207,26.5638529459484,24.0,0.0,0.8395558107108894,0.1442307692307702,0.007211538461538493
9.3,26.5638529459484,26.541090634418946,24.0,0.0,0.8381052611876592,0.1442307692307702,0.007211538461538493
9.4,26.541090634418946,26.518441850391866,24.0,0.0,0.8366547527707322,0.1442307692307702,0.007211538461538493
9.5,26.518441850391866,26.49590602764638,24.0,0.0,0.8352042852550897,0.1442307692307702,0.007211538461538493
9.600000000000001,26.49590602764638,26.47348260278575,24.0,0.0,0.8337538584367359,0.1442307692307702,0.007211538461538493
9.700000000000001,26.47348260278575,26.45117101522318,24.0,0.0,0.8323034721126923,0.1442307692307702,0.007211538461538493
9.8,26.45117101522318,26.428970707167828,24.0,0.0,0.8308531260809924,0.1442307692307702,0.007211538461538493
9.9,26.428970707167828,26.406881123610827,24.0,0.0,0.8294028201406778,0.1442307692307702,0.007211538461538493
10.0,26.406881123610827,26.3906088051964,24.0,0.0,1.0,0.5769230769230808,0.014423076923076986
10.100000000000001,26.3906088051964,26.37447554281106,24.0,0.0,1.0,0.5769230769230808,0.014423076923076986
10.200000000000001,26.37447554281106,26.35848064116839,24.0,0.0,1.0,0.5769230769230808,0.014423076923076986
10.3,26.35848064116839,26.342623408458433,24.0,0.0,1.0,0.5769230769230808,0.014423076923076986
10.4,26.342623408458433,26.326903156330278,24.0,0.0,1.0,0.5769230769230808,0.014423076923076986
10.5,26.326903156330278,26.31131919987478,24.0,0.0,1.0,0.5769230769230808,0.014423076923076986
10.600000000000001,26.31131919987478,26.295870857607355,24.0,0.0,1.0,0.5769230769230808,0.014423076923076986
10.700000000000001,26.295870857607355,26.280557451450846,24.0,0.0,1.0,0.5769230769230808,0.014423076923076986
10.8,26.280557451450846,26.265378306718496,24.0,0.0,1.0,0.5769230769230808,0.014423076923076986
10.9,26.265378306718496,26.250332752096988,24.0,0.0,1.0,0.5769230769230808,0.014423076923076986
11.0,26.250332752096988,26.235420119629584,24.0,0.0,1.0,0.5769230769230808,0.014423076923076986
11.100000000000001,26.235420119629584,26.220639744699337,24.0,0.0,1.0,0.5769230769230808,0.014423076923076986
11.200000000000001,26.220639744699337,26.205990966012397,24.0,0.0,1.0,0.5769230769230808,0.014423076923076986
11.3,26.205990966012397,26.191473125581396,24.0,0.0,1.0,0.5769230769230808,0.014423076923076986
11.4,26.191473125581396,26.177085568708904,24.0,0.0,1.0,0.5769230769230808,0.014423076923076986
11.5,26.177085568708904,26.162827643971,24.0,0.0,1.0,0.5769230769230808,0.014423076923076986
11.600000000000001,26.162827643971,26.148698703200882,24.0,0.0,1.0,0.5769230769230808,0.014423076923076986
11.700000000000001,26.148698703200882,26.134698101472598,24.0,0.0,1.0,0.5769230769230808,0.014423076923076986
11.8,26.134698101472598,26.120825197084837,24.0,0.0,1.0,0.5769230769230808,0.014423076923076986
11.9,26.120825197084837,26.1070793515448,24.0,0.0,1.0,0.5769230769230808,0.014423076923076986
12.0,26.1070793515448,26.086595207821667,24.0,0.0,0.786015239067469,0.1442307692307702,0.014423076923076986
12.100000000000001,26.086595207821667,26.066213229191572,24.0,0.0,0.7860703075802211,0.1442307692307702,0.014423076923076986
12.200000000000001,26.066213229191572,26.04593290610399,24.0,0.0,0.7861107143583684,0.1442307692307702,0.014423076923076986
12.3,26.04593290610399,26.025753731549784,24.0,0.0,0.7861365325276171,0.1442307692307702,0.014423076923076986
12.4,26.025753731549784,26.005675201048543,24.0,0.0,0.7861478348489574,0.1442307692307702,0.014423076923076986
12.5,26.005675201048543,25.985696812635958,24.0,0.0,0.786144693720483,0.1442307692307702,0.014423076923076986
12.600000000000001,25.985696812635958,25.965818066851277,24.0,0.0,0.7861271811792004,0.1442307692307702,0.014423076923076986
12.700000000000001,25.965818066851277,25.94603846672482,24.0,0.0,0.78609536890283,0.1442307692307702,0.014423076923076986
12.8,25.94603846672482,25.926357517765553,24.0,0.0,0.7860493282115978,0.1442307692307702,0.014423076923076986
12.9,25.926357517765553,25.90677472794873,24.0,0.0,0.7859891300700195,0.1442307692307702,0.014423076923076986
13.0,25.90677472794873,25.887289607703583,24.0,0.0,0.7859148450886728,0.1442307692307702,0.014423076923076986
13.100000000000001,25.887289607703583,25.86790166990109,24.0,0.0,0.7858265435259646,0.1442307692307702,0.014423076923076986
13.200000000000001,25.86790166990109,25.8486104298418,24.0,0.0,0.7857242952898857,0.1442307692307702,0.014423076923076986
13.3,25.8486104298418,25.8294154052437,24.0,0.0,0.7856081699397595,0.1442307692307702,0.014423076923076986
13.4,25.8294154052437,25.810316116230183,24.0,0.0,0.7854782366879814,0.1442307692307702,0.014423076923076986
13.5,25.810316116230183,25.791312085318026,24.0,0.0,0.7853345644017484,0.1442307692307702,0.014423076923076986
13.600000000000001,25.791312085318026,25.772402837405465,24.0,0.0,0.7851772216047805,0.1442307692307702,0.014423076923076986
13.700000000000001,25.772402837405465,25.753587899760323,24.0,0.0,0.7850062764790344,0.1442307692307702,0.014423076923076986
13.8,25.753587899760323,25.73486680200817,24.0,0.0,0.7848217968664086,0.1442307692307702,0.014423076923076986
13.9,25.73486680200817,25.716239076120594,24.0,0.0,0.7846238502704368,0.1442307692307702,0.014423076923076986
14.0,25.716239076120594,25.706242283984274,24.0,0.0,1.0,0.5769230769230808,0.014423076923076986
14.100000000000001,25.706242283984274,25.696293153813915,24.0,0.0,1.0,0.5769230769230808,0.014423076923076986
14.200000000000001,25.696293153813915,25.686392032900123,24.0,0.0,1.0,0.5769230769230808,0.014423076923076986
14.3,25.686392032900123,25.676539263883654,24.0,0.0,1.0,0.5769230769230808,0.014423076923076986
14.4,25.676539263883654,25.66673518479316,24.0,0.0,1.0,0.5769230769230808,0.014423076923076986
14.5,25.66673518479316,25.656980129082676,24.0,0.0,1.0,0.5769230769230808,0.014423076923076986
14.600000000000001,25.656980129082676,25.647274425668837,24.0,0.0,1.0,0.5769230769230808,0.014423076923076986
14.700000000000001,25.647274425668837,25.637618398967845,24.0,0.0,1.0,0.5769230769230808,0.014423076923076986
14.8,25.637618398967845,25.628012368932186,24.0,0.0,1.0,0.5769230769230808,0.014423076923076986
14.9,25.628012368932186,25.618456651087076,24.0,0.0,1.0,0.5769230769230808,0.014423076923076986
15.0,25.618456651087076,25.608951556566666,24.0,0.0,1.0,0.5769230769230808,0.014423076923076986
15.100000000000001,25.608951556566666,25.599497392150003,24.0,0.0,1.0,0.5769230769230808,0.014423076923076986
15.200000000000001,25.599497392150003,25.590094460296722,24.0,0.0,1.0,0.5769230769230808,0.014423076923076986
15.3,25.590094460296722,25.58074305918251,24.0,0.0,1.0,0.5769230769230808,0.014423076923076986
15.4,25.58074305918251,25.571443482734306,24.0,0.0,1.0,0.5769230769230808,0.014423076923076986
15.5,25.571443482734306,25.562196020665276,24.0,0.0,1.0,0.5769230769230808,0.014423076923076986
15.600000000000001,25.562196020665276,25.553000958509518,24.0,0.0,1.0,0.5769230769230808,0.014423076923076986
15.700000000000001,25.553000958509518,25.54385857765656,24.0,0.0,1.0,0.5769230769230808,0.014423076923076986
15.8,25.54385857765656,25.53476915538559,24.0,0.0,1.0,0.5769230769230808,0.014423076923076986
15.9,25.53476915538559,25.525732964899447,24.0,0.0,1.0,0.5769230769230808,0.014423076923076986
16.0,25.525732964899447,25.508148298375964,24.0,0.0,0.7555606042679041,0.1442307692307702,0.007211538461538493
16.1,25.508148298375964,25.49065133574266,24.0,0.0,0.7541119612344998,0.1442307692307702,0.007211538461538493
16.2,25.49065133574266,25.47324163957455,24.0,0.0,0.7526633497987412,0.1442307692307702,0.007211538461538493
16.3,25.47324163957455,25.45591877462833,24.0,0.0,0.751214769803034,0.1442307692307702,0.007211538461538493
16.400000000000002,25.45591877462833,25.43868230783147,24.0,0.0,0.7497662210905709,0.1442307692307702,0.007211538461538493
16.5,25.43868230783147,25.421531808271407,24.0,0.0,0.7483177035053254,0.1442307692307702,0.007211538461538493
16.6,25.421531808271407,25.404466847184754,24.0,0.0,0.7468692168920504,0.1442307692307702,0.007211538461538493
16.7,25.404466847184754,25.387486997946596,24.0,0.0,0.7454207610962721,0.1442307692307702,0.007211538461538493
16.8,25.387486997946596,25.37059183605982,24.0,0.0,0.7439723359642876,0.1442307692307702,0.007211538461538493
16.900000000000002,25.37059183605982,25.353780939144496,24.0,0.0,0.7425239413431611,0.1442307692307702,0.007211538461538493
17.0,25.353780939144496,25.33705388692733,24.0,0.0,0.7410755770807187,0.1442307692307702,0.007211538461538493
17.1,25.33705388692733,25.32041026123114,24.0,0.0,0.739627243025546,0.1442307692307702,0.007211538461538493
17.2,25.32041026123114,25.30384964596442,24.0,0.0,0.7381789390269833,0.1442307692307702,0.007211538461538493
17.3,25.30384964596442,25.28737162711092,24.0,0.0,0.7367306649351231,0.1442307692307702,0.007211538461538493
17.400000000000002,25.28737162711092,25.27097579271932,24.0,0.0,0.7352824206008043,0.1442307692307702,0.007211538461538493
17.5,25.27097579271932,25.2546617328929,24.0,0.0,0.7338342058756112,0.1442307692307702,0.007211538461538493
17.6,25.2546617328929,25.238429039779316,24.0,0.0,0.7323860206118675,0.1442307692307702,0.007211538461538493
17.7,25.238429039779316,25.222277307560393,24.0,0.0,0.7309378646626339,0.1442307692307702,0.007211538461538493
17.8,25.222277307560393,25.206206132441988,24.0,0.0,0.729489737881703,0.1442307692307702,0.007211538461538493
17.900000000000002,25.206206132441988,25.190215112643884,24.0,0.0,0.7280416401235978,0.1442307692307702,0.007211538461538493
18.0,25.190215112643884,25.18405702096849,24.0,0.0,1.0,0.5769230769230808,0.014423076923076986
18.1,25.18405702096849,25.17798744400163,24.0,0.0,1.0,0.5769230769230808,0.014423076923076986
18.2,25.17798744400163,25.172005939013605,24.0,0.0,1.0,0.5769230769230808,0.014423076923076986
18.3,25.172005939013605,25.166112065489123,24.0,0.0,1.0,0.5769230769230808,0.014423076923076986
18.400000000000002,25.166112065489123,25.16030538511623,24.0,0.0,1.0,0.5769230769230808,0.014423076923076986
18.5,25.16030538511623,25.15458546177529,24.0,0.0,1.0,0.5769230769230808,0.014423076923076986
18.6,25.15458546177529,25.148951861528012,24.0,0.0,1.0,0.5769230769230808,0.014423076923076986
18.7,25.148951861528012,25.143404152606546,24.0,0.0,1.0,0.5769230769230808,0.014423076923076986
18.8,25.143404152606546,25.137941905402627,24.0,0.0,1.0,0.5769230769230808,0.014423076923076986
18.900000000000002,25.137941905402627,25.132564692456775,24.0,0.0,1.0,0.5769230769230808,0.014423076923076986
19.0,25.132564692456775,25.12727208844754,24.0,0.0,1.0,0.5769230769230808,0.014423076923076986
19.1,25.12727208844754,25.122063670180815,24.0,0.0,1.0,0.5769230769230808,0.014423076923076986
19.200000000000003,25.122063670180815,25.11693901657919,24.0,0.0,1.0,0.5769230769230808,0.014423076923076986
19.3,25.11693901657919,25.111897708671382,24.0,0.0,1.0,0.5769230769230808,0.014423076923076986
19.400000000000002,25.111897708671382,25.10693932958167,24.0,0.0,1.0,0.5769230769230808,0.014423076923076986
19.5,25.10693932958167,25.102063464519443,24.0,0.0,1.0,0.5769230769230808,0.014423076923076986
19.6,25.102063464519443,25.097269700768752,24.0,0.0,1.0,0.5769230769230808,0.014423076923076986
19.700000000000003,25.097269700768752,25.092557627677945,24.0,0.0,1.0,0.5769230769230808,0.014423076923076986
19.8,25.092557627677945,25.087926836649334,24.0,0.0,1.0,0.5769230769230808,0.014423076923076986
19.900000000000002,25.087926836649334,25.08337692112893,24.0,0.0,1.0,0.5769230769230808,0.014423076923076986
20.0,25.08337692112893,25.067998514577997,24.0,0.0,0.7111071699254132,0.1442307692307702,0.007211538461538493
20.1,25.067998514577997,25.05269680814972,24.0,0.0,0.7096593217555031,0.1442307692307702,0.007211538461538493
20.200000000000003,25.05269680814972,25.03747141930064,24.0,0.0,0.7082115012188401,0.1442307692307702,0.007211538461538493
20.3,25.03747141930064,25.022321967395246,24.0,0.0,0.7067637081776033,0.1442307692307702,0.007211538461538493
20.400000000000002,25.022321967395246,25.00724807369645,24.0,0.0,0.7053159424946585,0.1442307692307702,0.007211538461538493
20.5,25.00724807369645,24.992249361356123,24.0,0.0,0.7038682040335553,0.1442307692307702,0.007211538461538493
20.6,24.992249361356123,24.977325455405676,24.0,0.0,0.7024204926585247,0.1442307692307702,0.007211538461538493
20.700000000000003,24.977325455405676,24.962475982746685,24.0,0.0,0.700972808234474,0.1442307692307702,0.007211538461538493
20.8,24.962475982746685,24.947700572141557,24.0,0.0,0.699525150626985,0.1442307692307702,0.007211538461538493
20.900000000000002,24.947700572141557,24.932998854204257,24.0,0.0,0.6980775197023088,0.1442307692307702,0.007211538461538493
21.0,24.932998854204257,24.918370461391074,24.0,0.0,0.696629915327365,0.1442307692307702,0.007211538461538493
21.1,24.918370461391074,24.903815027991424,24.0,0.0,0.6951823373697359,0.1442307692307702,0.007211538461538493
21.200000000000003,24.903815027991424,24.889332190118715,24.0,0.0,0.6937347856976648,0.1442307692307702,0.007211538461538493
21.3,24.889332190118715,24.874921585701244,24.0,0.0,0.6922872601800519,0.1442307692307702,0.007211538461538493
21.400000000000002,24.874921585701244,24.86058285447315,24.0,0.0,0.6908397606864513,0.1442307692307702,0.007211538461538493
21.5,24.86058285447315,24.84631563796541,24.0,0.0,0.6893922870870673,0.1442307692307702,0.007211538461538493
21.6,24.84631563796541,24.832119579496865,24.0,0.0,0.687944839252753,0.1442307692307702,0.007211538461538493
21.700000000000003,24.832119579496865,24.817994324165312,24.0,0.0,0.6864974170550038,0.1442307692307702,0.007211538461538493
21.8,24.817994324165312,24.803939518838636,24.0,0.0,0.6850500203659566,0.1442307692307702,0.007211538461538493
21.900000000000002,24.803939518838636,24.789954812145968,24.0,0.0,0.6836026490583869,0.1442307692307702,0.007211538461538493
22.0,24.789954812145968,24.787566726477568,24.0,0.0,1.0,0.5769230769230808,0.007211538461538493
22.1,24.787566726477568,24.785248320819115,24.0,0.0,1.0,0.5769230769230808,0.007211538461538493
22.200000000000003,24.785248320819115,24.78299924653754,24.0,0.0,1.0,0.5769230769230808,0.007211538461538493
22.3,24.78299924653754,24.780819156744084,24.0,0.0,1.0,0.5769230769230808,0.007211538461538493
22.400000000000002,24.780819156744084,24.778707706285577,24.0,0.0,1.0,0.5769230769230808,0.007211538461538493
22.5,24.778707706285577,24.776664551735752,24.0,0.0,1.0,0.5769230769230808,0.007211538461538493
22.6,24.776664551735752,24.774689351386606,24.0,0.0,1.0,0.5769230769230808,0.007211538461538493
22.700000000000003,24.774689351386606,24.772781765239795,24.0,0.0,1.0,0.5769230769230808,0.007211538461538493
22.8,24.772781765239795,24.7709414549981,24.0,0.0,1.0,0.5769230769230808,0.007211538461538493
22.900000000000002,24.7709414549981,24.76916808405689,24.0,0.0,1.0,0.5769230769230808,0.007211538461538493
23.0,24.76916808405689,24.767461317495677,24.0,0.0,1.0,0.5769230769230808,0.007211538461538493
23.1,24.767461317495677,24.76582082206967,24.0,0.0,1.0,0.5769230769230808,0.007211538461538493
23.200000000000003,24.76582082206967,24.76424626620141,24.0,0.0,1.0,0.5769230769230808,0.007211538461538493
23.3,24.76424626620141,24.762737319972413,24.0,0.0,1.0,0.5769230769230808,0.007211538461538493
23.400000000000002,24.762737319972413,24.76129365511487,24.0,0.0,1.0,0.5769230769230808,0.007211538461538493
23.5,24.76129365511487,24.759914945003402,24.0,0.0,1.0,0.5769230769230808,0.007211538461538493
23.6,24.759914945003402,24.758600864646834,24.0,0.0,1.0,0.5769230769230808,0.007211538461538493
23.700000000000003,24.758600864646834,24.75735109068001,24.0,0.0,1.0,0.5769230769230808,0.007211538461538493
23.8,24.75735109068001,24.756165301355676,24.0,0.0,1.0,0.5769230769230808,0.007211538461538493
23.900000000000002,24.756165301355676,24.75504317653637,24.0,0.0,1.0,0.5769230769230808,0.007211538461538493
24.0,24.75504317653637,24.741302341368336,24.0,0.0,0.7876287593129301,0.2884615384615404,0.028846153846153973
24.1,24.741302341368336,24.727630038901612,24.0,0.0,0.7858034289991753,0.2884615384615404,0.028846153846153973
24.200000000000003,24.727630038901612,24.714025927327924,24.0,0.0,0.7839584283998368,0.2884615384615404,0.028846153846153973
24.3,24.714025927327924,24.700489666543778,24.0,0.0,0.7820938556208726,0.2884615384615404,0.028846153846153973
24.400000000000002,24.700489666543778,24.687020918141943,24.0,0.0,0.7802098082789375,0.2884615384615404,0.028846153846153973
24.5,24.687020918141943,24.67361934540301,24.0,0.0,0.7783063835038178,0.2884615384615404,0.028846153846153973
24.6,24.67361934540301,24.66028461328697,24.0,0.0,0.7763836779408653,0.2884615384615404,0.028846153846153973
24.700000000000003,24.66028461328697,24.647016388424813,24.0,0.0,0.7744417877534115,0.2884615384615404,0.028846153846153973
24.8,24.647016388424813,24.633814339110234,24.0,0.0,0.772480808625169,0.2884615384615404,0.028846153846153973
24.900000000000002,24.633814339110234,24.62067813529131,24.0,0.0,0.7705008357626277,0.2884615384615404,0.028846153846153973
25.0,24.62067813529131,24.607607448562263,24.0,0.0,0.7685019638974323,0.2884615384615404,0.028846153846153973
25.1,24.607607448562263,24.59460195215524,24.0,0.0,0.766484287288752,0.2884615384615404,0.028846153846153973
25.200000000000003,24.59460195215524,24.58166132093216,24.0,0.0,0.7644478997256358,0.2884615384615404,0.028846153846153973
25.3,24.58166132093216,24.568785231376562,24.0,0.0,0.7623928945293589,0.2884615384615404,0.028846153846153973
25.400000000000002,24.568785231376562,24.55597336158554,24.0,0.0,0.7603193645557537,0.2884615384615404,0.028846153846153973
25.5,24.55597336158554,24.543225391261682,24.0,0.0,0.7582274021975324,0.2884615384615404,0.028846153846153973
25.6,24.543225391261682,24.530541001705068,24.0,0.0,0.7561170993865974,0.2884615384615404,0.028846153846153973
25.700000000000003,24.530541001705068,24.517919875805294,24.0,0.0,0.7539885475963386,0.2884615384615404,0.028846153846153973
25.8,24.517919875805294,24.505361698033557,24.0,0.0,0.7518418378439191,0.2884615384615404,0.028846153846153973
25.900000000000002,24.505361698033557,24.492866154434758,24.0,0.0,0.7496770606925534,0.2884615384615404,0.028846153846153973
26.0,24.492866154434758,24.488906580474076,24.0,0.0,0.7464280092850402,0.2884615384615404,0.007211538461538493
26.1,24.488906580474076,24.485039585954272,24.0,0.0,0.7456384013496085,0.2884615384615404,0.007211538461538493
26.200000000000003,24.485039585954272,24.48126549398113,24.0,0.0,0.7448727103241514,0.2884615384615404,0.007211538461538493
26.3,24.48126549398113,24.477584622134486,24.0,0.0,0.7441310964092892,0.2884615384615404,0.007211538461538493
26.400000000000002,24.477584622134486,24.473997282515324,24.0,0.0,0.7434137184406427,0.2884615384615404,0.007211538461538493
26.5,24.473997282515324,24.470503781792527,24.0,0.0,0.7427207338984675,0.2884615384615404,0.007211538461538493
26.6,24.470503781792527,24.467104421249285,24.0,0.0,0.7420522989172225,0.2884615384615404,0.007211538461538493
26.700000000000003,24.467104421249285,24.46379949682921,24.0,0.0,0.741408568295073,0.2884615384615404,0.007211538461538493
26.8,24.46379949682921,24.460589299182086,24.0,0.0,0.7407896955033417,0.2884615384615404,0.007211538461538493
26.900000000000002,24.460589299182086,24.45747411370932,24.0,0.0,0.740195832695889,0.2884615384615404,0.007211538461538493
27.0,24.45747411370932,24.45445422060907,24.0,0.0,0.7396271307184393,0.2884615384615404,0.007211538461538493
27.1,24.45445422060907,24.451529894921038,24.0,0.0,0.7390837391178444,0.2884615384615404,0.007211538461538493
27.200000000000003,24.451529894921038,24.448701406570965,24.0,0.0,0.738565806151288,0.2884615384615404,0.007211538461538493
27.3,24.448701406570965,24.445969020414797,24.0,0.0,0.7380734787954288,0.2884615384615404,0.007211538461538493
27.400000000000002,24.445969020414797,24.44333299628254,24.0,0.0,0.7376069027554871,0.2884615384615404,0.007211538461538493
27.5,24.44333299628254,24.440793589021805,24.0,0.0,0.7371662224742703,0.2884615384615404,0.007211538461538493
27.6,24.440793589021805,24.438351048541058,24.0,0.0,0.7367515811411416,0.2884615384615404,0.007211538461538493
27.700000000000003,24.438351048541058,24.43600561985253,24.0,0.0,0.7363631207009318,0.2884615384615404,0.007211538461538493
27.8,24.43600561985253,24.433757543114847,24.0,0.0,0.7360009818627884,0.2884615384615404,0.007211538461538493
27.900000000000002,24.433757543114847,24.431607053675354,24.0,0.0,0.7356653041089725,0.2884615384615404,0.007211538461538493
28.0,24.431607053675354,24.42959692753868,24.0,0.0,0.7353562257035958,0.2884615384615404,0.007211538461538493
28.1,24.42959692753868,24.427628332435997,24.0,0.0,0.7350861871022993,0.2884615384615404,0.007211538461538493
28.200000000000003,24.427628332435997,24.425700106941722,24.0,0.0,0.7348267089470326,0.2884615384615404,0.007211538461538493
28.3,24.425700106941722,24.42381108903087,24.0,0.0,0.7345774853238823,0.2884615384615404,0.007211538461538493
28.400000000000002,24.42381108903087,24.421960116136518,24.0,0.0,0.7343382093080338,0.2884615384615404,0.007211538461538493
28.5,24.421960116136518,24.420146025206577,24.0,0.0,0.7341085729799536,0.2884615384615404,0.007211538461538493
28.6,24.420146025206577,24.418367652759912,24.0,0.0,0.7338882674414178,0.2884615384615404,0.007211538461538493
28.700000000000003,24.418367652759912,24.416623834941806,24.0,0.0,0.7336769828313893,0.2884615384615404,0.007211538461538493
28.8,24.416623834941806,24.41491340757876,24.0,0.0,0.7334744083417494,0.2884615384615404,0.007211538461538493
28.900000000000002,24.41491340757876,24.413235206232645,24.0,0.0,0.7332802322328743,0.2884615384615404,0.007211538461538493
29.0,24.413235206232645,24.411588066254232,24.0,0.0,0.7330941418490671,0.2884615384615404,0.007211538461538493
29.1,24.411588066254232,24.409970822836048,24.0,0.0,0.7329158236338428,0.2884615384615404,0.007211538461538493
29.200000000000003,24.409970822836048,24.408382311064642,24.0,0.0,0.7327449631450655,0.2884615384615404,0.007211538461538493
29.3,24.408382311064642,24.4068213659722,24.0,0.0,0.732581245069947,0.2884615384615404,0.007211538461538493
29.400000000000002,24.4068213659722,24.405286822587545,24.0,0.0,0.7324243532398954,0.2884615384615404,0.007211538461538493
29.5,24.405286822587545,24.403777515986526,24.0,0.0,0.7322739706452266,0.2884615384615404,0.007211538461538493
29.6,24.403777515986526,24.402292281341797,24.0,0.0,0.7321297794497307,0.2884615384615404,0.007211538461538493
29.700000000000003,24.402292281341797,24.40082995397199,24.0,0.0,0.7319914610051034,0.2884615384615404,0.007211538461538493
29.8,24.40082995397199,24.39938936939029,24.0,0.0,0.7318586958652348,0.2884615384615404,0.007211538461538493
29.900000000000002,24.39938936939029,24.397969363352416,24.0,0.0,0.7317311638003621,0.2884615384615404,0.007211538461538493
30.0,24.397969363352416,24.39656877190403,24.0,0.0,0.675070107815586,0.1442307692307702,0.028846153846153973
30.1,24.39656877190403,24.395185940519774,24.0,0.0,0.6760120478140994,0.1442307692307702,0.028846153846153973
30.200000000000003,24.395185940519774,24.393820359257408,24.0,0.0,0.6769525604236389,0.1442307692307702,0.028846153846153973
30.3,24.393820359257408,24.392471532924052,24.0,0.0,0.6778916218548094,0.1442307692307702,0.028846153846153973
30.400000000000002,24.392471532924052,24.39113898104296,24.0,0.0,0.6788292090170871,0.1442307692307702,0.028846153846153973
30.5,24.39113898104296,24.389822237819818,24.0,0.0,0.6797652995564767,0.1442307692307702,0.028846153846153973
30.6,24.389822237819818,24.38852085210856,24.0,0.0,0.6806998718930036,0.1442307692307702,0.028846153846153973
30.700000000000003,24.38852085210856,24.387234387376726,24.0,0.0,0.6816329052580392,0.1442307692307702,0.028846153846153973
30.8,24.387234387376726,24.385962421670364,24.0,0.0,0.6825643797314576,0.1442307692307702,0.028846153846153973
30.900000000000002,24.385962421670364,24.384704547578497,24.0,0.0,0.6834942762786275,0.1442307692307702,0.028846153846153973
31.0,24.384704547578497,24.383460372197128,24.0,0.0,0.6844225767872386,0.1442307692307702,0.028846153846153973
31.1,24.383460372197128,24.382229517092828,24.0,0.0,0.6853492641039558,0.1442307692307702,0.028846153846153973
31.200000000000003,24.382229517092828,24.381011618265916,24.0,0.0,0.6862743220709111,0.1442307692307702,0.028846153846153973
31.3,24.381011618265916,24.379806326113194,24.0,0.0,0.6871977355620275,0.1442307692307702,0.028846153846153973
31.400000000000002,24.379806326113194,24.3786133053903,24.0,0.0,0.688119490519173,0.1442307692307702,0.028846153846153973
31.5,24.3786133053903,24.377432235173643,24.0,0.0,0.6890395739881505,0.1442307692307702,0.028846153846153973
31.6,24.377432235173643,24.37626280882197,24.0,0.0,0.6899579741545184,0.1442307692307702,0.028846153846153973
31.700000000000003,24.37626280882197,24.375104733937523,24.0,0.0,0.6908746803792443,0.1442307692307702,0.028846153846153973
31.8,24.375104733937523,24.373957732326836,24.0,0.0,0.6917896832341919,0.1442307692307702,0.028846153846153973
31.900000000000002,24.373957732326836,24.37282153996117,24.0,0.0,0.6927029745374396,0.1442307692307702,0.028846153846153973
32.0,24.37282153996117,24.373951799944074,24.0,0.0,0.8541249748092166,0.5769230769230808,0.007211538461538493
32.1,24.373951799944074,24.37503883916906,24.0,0.0,0.8550467246550826,0.5769230769230808,0.007211538461538493
32.2,24.37503883916906,24.376082930153622,24.0,0.0,0.8559443233708225,0.5769230769230808,0.007211538461538493
32.300000000000004,24.376082930153622,24.37708434500525,24.0,0.0,0.856817897205776,0.5769230769230808,0.007211538461538493
32.4,24.37708434500525,24.37804335539563,24.0,0.0,0.8576675723689792,0.5769230769230808,0.007211538461538493
32.5,24.37804335539563,24.378960232533387,24.0,0.0,0.8584934750139539,0.5769230769230808,0.007211538461538493
32.6,24.378960232533387,24.37983524713555,24.0,0.0,0.8592957312226606,0.5769230769230808,0.007211538461538493
32.7,24.37983524713555,24.3806686693976,24.0,0.0,0.860074466988669,0.5769230769230808,0.007211538461538493
32.800000000000004,24.3806686693976,24.381460768962235,24.0,0.0,0.860829808199514,0.5769230769230808,0.007211538461538493
32.9,24.381460768962235,24.382211814886787,24.0,0.0,0.8615618806182663,0.5769230769230808,0.007211538461538493
33.0,24.382211814886787,24.382922075609347,24.0,0.0,0.8622708098643207,0.5769230769230808,0.007211538461538493
33.1,24.382922075609347,24.383591818913583,24.0,0.0,0.8629567213934004,0.5769230769230808,0.007211538461538493
33.2,24.383591818913583,24.38422131189229,24.0,0.0,0.8636197404767917,0.5769230769230808,0.007211538461538493
33.300000000000004,24.38422131189229,24.38481082090966,24.0,0.0,0.8642599921798141,0.5769230769230808,0.007211538461538493
33.4,24.38481082090966,24.385360611562316,24.0,0.0,0.8648776013395298,0.5769230769230808,0.007211538461538493
33.5,24.385360611562316,24.385870948639084,24.0,0.0,0.8654726925417078,0.5769230769230808,0.007211538461538493
33.6,24.385870948639084,24.38634209607955,24.0,0.0,0.8660453900970352,0.5769230769230808,0.007211538461538493
33.7,24.38634209607955,24.38677431693139,24.0,0.0,0.8665958180165912,0.5769230769230808,0.007211538461538493
33.800000000000004,24.38677431693139,24.38716787330652,24.0,0.0,0.8671240999865947,0.5769230769230808,0.007211538461538493
33.9,24.38716787330652,24.387523026336016,24.0,0.0,0.8676303593424195,0.5769230769230808,0.007211538461538493
34.0,24.387523026336016,24.38143564335147,24.0,0.0,0.7571676218384771,0.2884615384615404,0.028846153846153973
34.1,24.38143564335147,24.37534184334394,24.0,0.0,0.7565119411026024,0.2884615384615404,0.028846153846153973
34.2,24.37534184334394,24.369242621952573,24.0,0.0,0.7558368310331532,0.2884615384615404,0.028846153846153973
34.300000000000004,24.369242621952573,24.363138964813373,24.0,0.0,0.7551425631951223,0.2884615384615404,0.028846153846153973
34.4,24.363138964813373,24.35703184761071,24.0,0.0,0.754429409111161,0.2884615384615404,0.028846153846153973
34.5,24.35703184761071,24.350922236129154,24.0,0.0,0.7536976402477312,0.2884615384615404,0.028846153846153973
34.6,24.350922236129154,24.344811086305718,24.0,0.0,0.7529475280015012,0.2884615384615404,0.028846153846153973
34.7,24.344811086305718,24.338699344282492,24.0,0.0,0.7521793436860073,0.2884615384615404,0.028846153846153973
34.800000000000004,24.338699344282492,24.33258794645973,24.0,0.0,0.751393358518584,0.2884615384615404,0.028846153846153973
34.9,24.33258794645973,24.3264778195494,24.0,0.0,0.7505898436075744,0.2884615384615404,0.028846153846153973
35.0,24.3264778195494,24.320369880629247,24.0,0.0,0.7497690699398336,0.2884615384615404,0.028846153846153973
35.1,24.320369880629247,24.314265037197362,24.0,0.0,0.7489313083685278,0.2884615384615404,0.028846153846153973
35.2,24.314265037197362,24.308164187227327,24.0,0.0,0.7480768296012457,0.2884615384615404,0.028846153846153973
35.300000000000004,24.308164187227327,24.302068219223933,24.0,0.0,0.7472059041884296,0.2884615384615404,0.028846153846153973
35.4,24.302068219223933,24.29597801227952,24.0,0.0,0.7463188025121352,0.2884615384615404,0.028846153846153973
35.5,24.29597801227952,24.289894436130936,24.0,0.0,0.7454157947751298,0.2884615384615404,0.028846153846153973
35.6,24.289894436130936,24.28381835121719,24.0,0.0,0.7444971509903392,0.2884615384615404,0.028846153846153973
35.7,24.28381835121719,24.27775060873776,24.0,0.0,0.743563140970654,0.2884615384615404,0.028846153846153973
35.800000000000004,24.27775060873776,24.271692050711664,24.0,0.0,0.7426140343191012,0.2884615384615404,0.028846153846153973
35.9,24.271692050711664,24.265643510037215,24.0,0.0,0.7416501004193952,0.2884615384615404,0.028846153846153973
36.0,24.265643510037215,24.26403261819911,24.0,0.0,0.7400968989099656,0.2884615384615404,0.007211538461538493
36.1,24.26403261819911,24.26245592248807,24.0,0.0,0.739822626710175,0.2884615384615404,0.007211538461538493
36.2,24.26245592248807,24.260914027583844,24.0,0.0,0.7395570817376305,0.2884615384615404,0.007211538461538493
36.300000000000004,24.260914027583844,24.259407524314838,24.0,0.0,0.7393004635159193,0.2884615384615404,0.007211538461538493
36.4,24.259407524314838,24.257936989728893,24.0,0.0,0.7390529679991253,0.2884615384615404,0.007211538461538493
36.5,24.257936989728893,24.256502987164254,24.0,0.0,0.7388147875823112,0.2884615384615404,0.007211538461538493
36.6,24.256502987164254,24.25510606632073,24.0,0.0,0.7385861111121009,0.2884615384615404,0.007211538461538493
36.7,24.25510606632073,24.25374676333104,24.0,0.0,0.7383671238973739,0.2884615384615404,0.007211538461538493
36.800000000000004,24.25374676333104,24.25242560083231,24.0,0.0,0.7381580077200575,0.2884615384615404,0.007211538461538493
36.9,24.25242560083231,24.251143088037733,24.0,0.0,0.7379589408460241,0.2884615384615404,0.007211538461538493
37.0,24.251143088037733,24.249899720808372,24.0,0.0,0.7377700980360768,0.2884615384615404,0.007211538461538493
37.1,24.249899720808372,24.248695981725085,24.0,0.0,0.7375916505570366,0.2884615384615404,0.007211538461538493
37.2,24.248695981725085,24.247532340160575,24.0,0.0,0.7374237661929094,0.2884615384615404,0.007211538461538493
37.300000000000004,24.247532340160575,24.246409252351523,24.0,0.0,0.7372666092561473,0.2884615384615404,0.007211538461538493
37.4,24.246409252351523,24.245327161470836,24.0,0.0,0.7371203405989819,0.2884615384615404,0.007211538461538493
37.5,24.245327161470836,24.244286497699953,24.0,0.0,0.7369851176248445,0.2884615384615404,0.007211538461538493
37.6,24.244286497699953,24.243287678301208,24.0,0.0,0.7368610942998541,0.2884615384615404,0.007211538461538493
37.7,24.243287678301208,24.24233110769026,24.0,0.0,0.7367484211643756,0.2884615384615404,0.007211538461538493
37.800000000000004,24.24233110769026,24.241417177508517,24.0,0.0,0.7366472453446478,0.2884615384615404,0.007211538461538493
37.9,24.241417177508517,24.240546266695628,24.0,0.0,0.7365577105644638,0.2884615384615404,0.007211538461538493
38.0,24.240546266695628,24.23974167256731,24.0,0.0,0.7023061966720368,0.1442307692307702,0.028846153846153973
38.1,24.23974167256731,24.23895203487537,24.0,0.0,0.7028817119590118,0.1442307692307702,0.028846153846153973
38.2,24.23895203487537,24.23817693080646,24.0,0.0,0.7034571066232768,0.1442307692307702,0.028846153846153973
38.300000000000004,24.23817693080646,24.237415931694983,24.0,0.0,0.7040323616060487,0.1442307692307702,0.028846153846153973
38.400000000000006,24.237415931694983,24.236668603194726,24.0,0.0,0.7046074557679365,0.1442307692307702,0.028846153846153973
38.5,24.236668603194726,24.235934505449194,24.0,0.0,0.7051823658973073,0.1442307692307702,0.028846153846153973
38.6,24.235934505449194,24.23521319326067,24.0,0.0,0.705757066718959,0.1442307692307702,0.028846153846153973
38.7,24.23521319326067,24.234504216258014,24.0,0.0,0.7063315309030969,0.1442307692307702,0.028846153846153973
38.800000000000004,24.234504216258014,24.233807119063194,24.0,0.0,0.7069057290746118,0.1442307692307702,0.028846153846153973
38.900000000000006,24.233807119063194,24.233121441456547,24.0,0.0,0.7074796298226567,0.1442307692307702,0.028846153846153973
39.0,24.233121441456547,24.232446718540782,24.0,0.0,0.7080531997105148,0.1442307692307702,0.028846153846153973
39.1,24.232446718540782,24.231782480903718,24.0,0.0,0.7086264032857627,0.1442307692307702,0.028846153846153973
39.2,24.231782480903718,24.23112825477976,24.0,0.0,0.7091992030907159,0.1442307692307702,0.028846153846153973
39.300000000000004,24.23112825477976,24.23048356221015,24.0,0.0,0.709771559673164,0.1442307692307702,0.028846153846153973
39.400000000000006,24.23048356221015,24.229847921201912,24.0,0.0,0.7103434315973839,0.1442307692307702,0.028846153846153973
39.5,24.229847921201912,24.229220845885607,24.0,0.0,0.7109147754554321,0.1442307692307702,0.028846153846153973
39.6,24.229220845885607,24.2286018466718,24.0,0.0,0.7114855458787118,0.1442307692307702,0.028846153846153973
39.7,24.2286018466718,24.227990430406315,24.0,0.0,0.7120556955498123,0.1442307692307702,0.028846153846153973
39.800000000000004,24.227990430406315,24.227386100524225,24.0,0.0,0.7126251752146163,0.1442307692307702,0.028846153846153973
39.900000000000006,24.227386100524225,24.226788357202626,24.0,0.0,0.7131939336946731,0.1442307692307702,0.028846153846153973
40.0,24.226788357202626,24.227560236244045,24.0,0.0,0.811400847647408,0.5769230769230808,0.007211538461538493
40.1,24.227560236244045,24.228305302366937,24.0,0.0,0.8120102684185952,0.5769230769230808,0.007211538461538493
40.2,24.228305302366937,24.229023694114154,24.0,0.0,0.8126047575056247,0.5769230769230808,0.007211538461538493
40.300000000000004,24.229023694114154,24.229715550098017,24.0,0.0,0.813184375600736,0.5769230769230808,0.007211538461538493
40.400000000000006,24.229715550098017,24.230381009082976,24.0,0.0,0.8137491835362085,0.5769230769230808,0.007211538461538493
40.5,24.230381009082976,24.231020210067538,24.0,0.0,0.8142992423321577,0.5769230769230808,0.007211538461538493
40.6,24.231020210067538,24.231633292365444,24.0,0.0,0.8148346132439729,0.5769230769230808,0.007211538461538493
40.7,24.231633292365444,24.23222039568606,24.0,0.0,0.8153553578093748,0.5769230769230808,0.007211538461538493
40.800000000000004,24.23222039568606,24.232781660214023,24.0,0.0,0.8158615378950805,0.5769230769230808,0.007211538461538493
40.900000000000006,24.232781660214023,24.233317226688097,24.0,0.0,0.8163532157430984,0.5769230769230808,0.007211538461538493
41.0,24.233317226688097,24.23382723647924,24.0,0.0,0.816830454016618,0.5769230769230808,0.007211538461538493
41.1,24.23382723647924,24.234311831667867,24.0,0.0,0.8172933158455074,0.5769230769230808,0.007211538461538493
41.2,24.234311831667867,24.234771155120345,24.0,0.0,0.8177418648713991,0.5769230769230808,0.007211538461538493
41.300000000000004,24.234771155120345,24.235205350564634,24.0,0.0,0.8181761652923869,0.5769230769230808,0.007211538461538493
41.400000000000006,24.235205350564634,24.235614562665138,24.0,0.0,0.8185962819072875,0.5769230769230808,0.007211538461538493
41.5,24.235614562665138,24.235998937096735,24.0,0.0,0.8190022801595,0.5769230769230808,0.007211538461538493
41.6,24.235998937096735,24.23635862061796,24.0,0.0,0.8193942261804431,0.5769230769230808,0.007211538461538493
41.7,24.23635862061796,24.236693761143353,24.0,0.0,0.819772186832557,0.5769230769230808,0.007211538461538493
41.800000000000004,24.236693761143353,24.237004507814984,24.0,0.0,0.8201362297518779,0.5769230769230808,0.007211538461538493
41.900000000000006,24.237004507814984,24.237291011073093,24.0,0.0,0.820486423390185,0.5769230769230808,0.007211538461538493
42.0,24.237291011073093,24.23365761317615,24.0,0.0,0.7528868769153356,0.2884615384615404,0.028846153846153973
42.1,24.23365761317615,24.230018020936605,24.0,0.0,0.7525127937138405,0.2884615384615404,0.028846153846153973
42.2,24.230018020936605,24.226372861025553,24.0,0.0,0.7521264248589814,0.2884615384615404,0.028846153846153973
42.300000000000004,24.226372861025553,24.222722754566927,24.0,0.0,0.7517279350606747,0.2884615384615404,0.028846153846153973
42.400000000000006,24.222722754566927,24.21906831715957,24.0,0.0,0.7513174892203989,0.2884615384615404,0.028846153846153973
42.5,24.21906831715957,24.215410158897303,24.0,0.0,0.7508952524216219,0.2884615384615404,0.028846153846153973
42.6,24.215410158897303,24.211748884386985,24.0,0.0,0.7504613899197097,0.2884615384615404,0.028846153846153973
42.7,24.211748884386985,24.208085092764627,24.0,0.0,0.7500160671313113,0.2884615384615404,0.028846153846153973
42.800000000000004,24.208085092764627,24.20441937770954,24.0,0.0,0.7495594496232213,0.2884615384615404,0.028846153846153973
42.900000000000006,24.20441937770954,24.200752327456588,24.0,0.0,0.7490917031007243,0.2884615384615404,0.028846153846153973
43.0,24.200752327456588,24.197084524806517,24.0,0.0,0.7486129933954201,0.2884615384615404,0.028846153846153973
43.1,24.197084524806517,24.19341654713446,24.0,0.0,0.7481234864525339,0.2884615384615404,0.028846153846153973
43.2,24.19341654713446,24.189748966396568,24.0,0.0,0.7476233483177134,0.2884615384615404,0.028846153846153973
43.300000000000004,24.189748966396568,24.18608234913483,24.0,0.0,0.7471127451233112,0.2884615384615404,0.028846153846153973
43.400000000000006,24.18608234913483,24.182417256480107,24.0,0.0,0.7465918430741598,0.2884615384615404,0.028846153846153973
43.5,24.182417256480107,24.178754244153417,24.0,0.0,0.7460608084328367,0.2884615384615404,0.028846153846153973
43.6,24.178754244153417,24.175093862465445,24.0,0.0,0.7455198075044264,0.2884615384615404,0.028846153846153973
43.7,24.175093862465445,24.17143665631437,24.0,0.0,0.7449690066207771,0.2884615384615404,0.028846153846153973
43.800000000000004,24.17143665631437,24.16778316518199,24.0,0.0,0.7444085721242584,0.2884615384615404,0.028846153846153973
43.900000000000006,24.16778316518199,24.164133923128194,24.0,0.0,0.7438386703510201,0.2884615384615404,0.028846153846153973
44.0,24.164133923128194,24.163200114901937,24.0,0.0,0.7195863056241127,0.1442307692307702,0.028846153846153973
44.1,24.163200114901937,24.16228589004565,24.0,0.0,0.7199223913075428,0.1442307692307702,0.028846153846153973
44.2,24.16228589004565,24.161391641086478,24.0,0.0,0.7202586643284021,0.1442307692307702,0.028846153846153973
44.300000000000004,24.161391641086478,24.16051775202188,24.0,0.0,0.7205952389239635,0.1442307692307702,0.028846153846153973
44.400000000000006,24.16051775202188,24.159664598354528,24.0,0.0,0.7209322292089406,0.1442307692307702,0.028846153846153973
44.5,24.159664598354528,24.158832547127396,24.0,0.0,0.7212697491560179,0.1442307692307702,0.028846153846153973
44.6,24.158832547127396,24.15802195695912,24.0,0.0,0.7216079125765107,0.1442307692307702,0.028846153846153973
44.7,24.15802195695912,24.15723317807956,24.0,0.0,0.7219468331011608,0.1442307692307702,0.028846153846153973
44.800000000000004,24.15723317807956,24.156466552365657,24.0,0.0,0.7222866241610691,0.1442307692307702,0.028846153846153973
44.900000000000006,24.156466552365657,24.15572241337756,24.0,0.0,0.7226273989687724,0.1442307692307702,0.028846153846153973
45.0,24.15572241337756,24.155001086395075,24.0,0.0,0.722969270499463,0.1442307692307702,0.028846153846153973
45.1,24.155001086395075,24.154302888454428,24.0,0.0,0.7233123514723595,0.1442307692307702,0.028846153846153973
45.2,24.154302888454428,24.153628128385368,24.0,0.0,0.723656754332231,0.1442307692307702,0.028846153846153973
45.300000000000004,24.153628128385368,24.152977106848645,24.0,0.0,0.7240025912310742,0.1442307692307702,0.028846153846153973
45.400000000000006,24.152977106848645,24.152350116373853,24.0,0.0,0.7243499740099566,0.1442307692307702,0.028846153846153973
45.5,24.152350116373853,24.15174744139768,24.0,0.0,0.7246990141810169,0.1442307692307702,0.028846153846153973
45.6,24.15174744139768,24.151169358302592,24.0,0.0,0.7250498229096393,0.1442307692307702,0.028846153846153973
45.7,24.151169358302592,24.150616135455913,24.0,0.0,0.7254025109967974,0.1442307692307702,0.028846153846153973
45.800000000000004,24.150616135455913,24.150088033249393,24.0,0.0,0.7257571888615721,0.1442307692307702,0.028846153846153973
45.900000000000006,24.150088033249393,24.149585304139233,24.0,0.0,0.7261139665238512,0.1442307692307702,0.028846153846153973
46.0,24.149585304139233,24.150052755790586,24.0,0.0,0.7262572055523944,0.1442307692307702,0.014423076923076986
46.1,24.150052755790586,24.15050446614239,24.0,0.0,0.7265410487075759,0.1442307692307702,0.014423076923076986
46.2,24.15050446614239,24.150940506229908,24.0,0.0,0.7268232729883299,0.1442307692307702,0.014423076923076986
46.300000000000004,24.150940506229908,24.151360942176026,24.0,0.0,0.7271038660387843,0.1442307692307702,0.014423076923076986
46.400000000000006,24.151360942176026,24.15176583522065,24.0,0.0,0.7273828148899206,0.1442307692307702,0.014423076923076986
46.5,24.15176583522065,24.15215524175072,24.0,0.0,0.7276601059567713,0.1442307692307702,0.014423076923076986
46.6,24.15215524175072,24.152529213330848,24.0,0.0,0.7279357250357487,0.1442307692307702,0.014423076923076986
46.7,24.152529213330848,24.15288779673459,24.0,0.0,0.7282096573021096,0.1442307692307702,0.014423076923076986
46.800000000000004,24.15288779673459,24.153231033976294,24.0,0.0,0.728481887307555,0.1442307692307702,0.014423076923076986
46.900000000000006,24.153231033976294,24.15355896234356,24.0,0.0,0.728752398977959,0.1442307692307702,0.014423076923076986
47.0,24.15355896234356,24.153871614430287,24.0,0.0,0.7290211756112333,0.1442307692307702,0.014423076923076986
47.1,24.153871614430287,24.1541690181703,24.0,0.0,0.729288199875324,0.1442307692307702,0.014423076923076986
47.2,24.1541690181703,24.154451196871534,24.0,0.0,0.729553453806341,0.1442307692307702,0.014423076923076986
47.300000000000004,24.154451196871534,24.154718169250792,24.0,0.0,0.7298169188068143,0.1442307692307702,0.014423076923076986
47.400000000000006,24.154718169250792,24.154969949469052,24.0,0.0,0.7300785756440882,0.1442307692307702,0.014423076923076986
47.5,24.154969949469052,24.15520654716731,24.0,0.0,0.7303384044488408,0.1442307692307702,0.014423076923076986
47.6,24.15520654716731,24.155427967502956,24.0,0.0,0.7305963847137347,0.1442307692307702,0.014423076923076986
47.7,24.155427967502956,24.155634211186687,24.0,0.0,0.7308524952921974,0.1442307692307702,0.014423076923076986
47.800000000000004,24.155634211186687,24.15582527451991,24.0,0.0,0.7311067143973318,0.1442307692307702,0.014423076923076986
47.900000000000006,24.15582527451991,24.15600114943267,24.0,0.0,0.7313590196009502,0.1442307692307702,0.014423076923076986
48.0,24.15600114943267,24.15617043190456,24.0,0.0,0.7318343894905771,0.1442307692307702,0.028846153846153973
48.1,24.15617043190456,24.156327544687457,24.0,0.0,0.7323092968622091,0.1442307692307702,0.028846153846153973
48.2,24.156327544687457,24.1564726130713,24.0,0.0,0.732782902200187,0.1442307692307702,0.028846153846153973
48.300000000000004,24.1564726130713,24.15660576221414,24.0,0.0,0.7332551888317164,0.1442307692307702,0.028846153846153973
48.400000000000006,24.15660576221414,24.156727117167268,24.0,0.0,0.7337261404260129,0.1442307692307702,0.028846153846153973
48.5,24.156727117167268,24.156836802900315,24.0,0.0,0.7341957409976194,0.1442307692307702,0.028846153846153973
48.6,24.156836802900315,24.15693494432636,24.0,0.0,0.7346639749097906,0.1442307692307702,0.028846153846153973
48.7,24.15693494432636,24.15702166632697,24.0,0.0,0.7351308268779498,0.1442307692307702,0.028846153846153973
48.800000000000004,24.15702166632697,24.157097093777267,24.0,0.0,0.7355962819732117,0.1442307692307702,0.028846153846153973
48.900000000000006,24.157097093777267,24.15716135157091,24.0,0.0,0.7360603256259776,0.1442307692307702,0.028846153846153973
49.0,24.15716135157091,24.15721456464506,24.0,0.0,0.7365229436295921,0.1442307692307702,0.028846153846153973
49.1,24.15721456464506,24.157256858005308,24.0,0.0,0.7369841221440707,0.1442307692307702,0.028846153846153973
49.2,24.157256858005308,24.15728835675054,24.0,0.0,0.737443847699891,0.1442307692307702,0.028846153846153973
49.300000000000004,24.15728835675054,24.157309186097752,24.0,0.0,0.7379021072018495,0.1442307692307702,0.028846153846153973
49.400000000000006,24.157309186097752,24.1573194714068,24.0,0.0,0.738358887932979,0.1442307692307702,0.028846153846153973
49.5,24.1573194714068,24.157319338205095,24.0,0.0,0.7388141775585346,0.1442307692307702,0.028846153846153973
49.6,24.157319338205095,24.157308912212223,24.0,0.0,0.739267964130034,0.1442307692307702,0.028846153846153973
49.7,24.157308912212223,24.157288319364493,24.0,0.0,0.7397202360893665,0.1442307692307702,0.028846153846153973
49.800000000000004,24.157288319364493,24.15725768583941,24.0,0.0,0.740170982272957,0.1442307692307702,0.028846153846153973
49.900000000000006,24.15725768583941,24.15721713808005,24.0,0.0,0.7406201919159916,0.1442307692307702,0.028846153846153973
50.0,24.15721713808005,24.157157825215755,24.0,0.0,0.7408410991690837,0.1442307692307702,0.014423076923076986
50.1,24.157157825215755,24.157079859292423,24.0,0.0,0.7410592143692563,0.1442307692307702,0.014423076923076986
50.2,24.157079859292423,24.156983385293938,24.0,0.0,0.7412745267735243,0.1442307692307702,0.014423076923076986
50.300000000000004,24.156983385293938,24.156868548146313,24.0,0.0,0.7414870305986859,0.1442307692307702,0.014423076923076986
50.400000000000006,24.156868548146313,24.156735492704346,24.0,0.0,0.7416967202622204,0.1442307692307702,0.014423076923076986
50.5,24.156735492704346,24.156584363738187,24.0,0.0,0.7419035903802602,0.1442307692307702,0.014423076923076986
50.6,24.156584363738187,24.156415305919854,24.0,0.0,0.7421076357655328,0.1442307692307702,0.014423076923076986
50.7,24.156415305919854,24.156228463809665,24.0,0.0,0.742308851425273,0.1442307692307702,0.014423076923076986
50.800000000000004,24.156228463809665,24.15602398184261,24.0,0.0,0.7425072325591059,0.1442307692307702,0.014423076923076986
50.900000000000006,24.15602398184261,24.15580200431463,24.0,0.0,0.7427027745568996,0.1442307692307702,0.014423076923076986
51.0,24.15580200431463,24.155562675368838,24.0,0.0,0.7428954729965872,0.1442307692307702,0.014423076923076986
51.1,24.155562675368838,24.15530613898165,24.0,0.0,0.743085323641957,0.1442307692307702,0.014423076923076986
51.2,24.15530613898165,24.155032538948827,24.0,0.0,0.7432723224404131,0.1442307692307702,0.014423076923076986
51.300000000000004,24.155032538948827,24.154742018871453,24.0,0.0,0.7434564655207013,0.1442307692307702,0.014423076923076986
51.400000000000006,24.154742018871453,24.1544347221418,24.0,0.0,0.743637749190606,0.1442307692307702,0.014423076923076986
51.5,24.1544347221418,24.154110791929135,24.0,0.0,0.7438161699346107,0.1442307692307702,0.014423076923076986
51.6,24.154110791929135,24.153770371165407,24.0,0.0,0.7439917244115278,0.1442307692307702,0.014423076923076986
51.7,24.153770371165407,24.15341360253086,24.0,0.0,0.7441644094520942,0.1442307692307702,0.014423076923076986
51.800000000000004,24.15341360253086,24.153040628439545,24.0,0.0,0.744334222056531,0.1442307692307702,0.014423076923076986
51.900000000000006,24.153040628439545,24.15265159102474,24.0,0.0,0.7445011593920713,0.1442307692307702,0.014423076923076986
52.0,24.15265159102474,24.152255679705963,24.0,0.0,0.7448853893544303,0.1442307692307702,0.028846153846153973
52.1,24.152255679705963,24.151853040170334,24.0,0.0,0.745267485836451,0.1442307692307702,0.028846153846153973
52.2,24.151853040170334,24.151443817806996,24.0,0.0,0.7456474504423805,0.1442307692307702,0.028846153846153973
52.300000000000004,24.151443817806996,24.151028157510712,24.0,0.0,0.7460252851528807,0.1442307692307702,0.028846153846153973
52.400000000000006,24.151028157510712,24.150606203676325,24.0,0.0,0.7464009922952745,0.1442307692307702,0.028846153846153973
52.5,24.150606203676325,24.150178100193322,24.0,0.0,0.7467745745413042,0.1442307692307702,0.028846153846153973
52.6,24.150178100193322,24.149743990440513,24.0,0.0,0.7471460349048903,0.1442307692307702,0.028846153846153973
52.7,24.149743990440513,24.14930401728081,24.0,0.0,0.7475153767398904,0.1442307692307702,0.028846153846153973
52.800000000000004,24.14930401728081,24.148858323056132,24.0,0.0,0.7478826037378585,0.1442307692307702,0.028846153846153973
52.900000000000006,24.148858323056132,24.148407049582413,24.0,0.0,0.7482477199258074,0.1442307692307702,0.028846153846153973
53.0,24.148407049582413,24.147950338144714,24.0,0.0,0.7486107296639705,0.1442307692307702,0.028846153846153973
53.1,24.147950338144714,24.14748832949246,24.0,0.0,0.7489716376435658,0.1442307692307702,0.028846153846153973
53.2,24.14748832949246,24.147021163834786,24.0,0.0,0.7493304488845652,0.1442307692307702,0.028846153846153973
53.300000000000004,24.147021163834786,24.146548980835995,24.0,0.0,0.7496871687334625,0.1442307692307702,0.028846153846153973
53.400000000000006,24.146548980835995,24.14607191961113,24.0,0.0,0.7500418028610484,0.1442307692307702,0.028846153846153973
53.5,24.14607191961113,24.145590118721667,24.0,0.0,0.7503943572601867,0.1442307692307702,0.028846153846153973
53.6,24.145590118721667,24.145103716171313,24.0,0.0,0.7507448382435957,0.1442307692307702,0.028846153846153973
53.7,24.145103716171313,24.144612849401934,24.0,0.0,0.7510932524416348,0.1442307692307702,0.028846153846153973
53.800000000000004,24.144612849401934,24.144117655289598,24.0,0.0,0.7514396068000954,0.1442307692307702,0.028846153846153973
53.900000000000006,24.144117655289598,24.143618270140724,24.0,0.0,0.7517839085779977,0.1442307692307702,0.028846153846153973
54.0,24.143618270140724,24.143106044846213,24.0,0.0,0.751919023609613,0.1442307692307702,0.014423076923076986
54.1,24.143106044846213,24.142581128572782,24.0,0.0,0.7520515479106636,0.1442307692307702,0.014423076923076986
54.2,24.142581128572782,24.142043669679165,24.0,0.0,0.7521814846912834,0.1442307692307702,0.014423076923076986
54.300000000000004,24.142043669679165,24.141493815705118,24.0,0.0,0.752308837259049,0.1442307692307702,0.014423076923076986
54.400000000000006,24.141493815705118,24.140931713361685,24.0,0.0,0.7524336090162131,0.1442307692307702,0.014423076923076986
54.5,24.140931713361685,24.140357508521582,24.0,0.0,0.7525558034571049,0.1442307692307702,0.014423076923076986
54.6,24.140357508521582,24.13977134620973,24.0,0.0,0.7526754241655347,0.1442307692307702,0.014423076923076986
54.7,24.13977134620973,24.13917337059391,24.0,0.0,0.7527924748122047,0.1442307692307702,0.014423076923076986
54.800000000000004,24.13917337059391,24.138563724975565,24.0,0.0,0.7529069591521255,0.1442307692307702,0.014423076923076986
54.900000000000006,24.138563724975565,24.137942551780753,24.0,0.0,0.7530188810220407,0.1442307692307702,0.014423076923076986
55.0,24.137942551780753,24.137309992551195,24.0,0.0,0.7531282443378574,0.1442307692307702,0.014423076923076986
55.1,24.137309992551195,24.136666187935496,24.0,0.0,0.7532350530920814,0.1442307692307702,0.014423076923076986
55.2,24.136666187935496,24.13601127768047,24.0,0.0,0.7533393113512626,0.1442307692307702,0.014423076923076986
55.300000000000004,24.13601127768047,24.13534540062262,24.0,0.0,0.7534410232534422,0.1442307692307702,0.014423076923076986
55.400000000000006,24.13534540062262,24.134668694679725,24.0,0.0,0.7535401930056116,0.1442307692307702,0.014423076923076986
55.5,24.134668694679725,24.133981296842588,24.0,0.0,0.7536368248811747,0.1442307692307702,0.014423076923076986
55.6,24.133981296842588,24.13328334316689,24.0,0.0,0.7537309232174183,0.1442307692307702,0.014423076923076986
55.7,24.13328334316689,24.132574968765176,24.0,0.0,0.753822492412991,0.1442307692307702,0.014423076923076986
55.800000000000004,24.132574968765176,24.131856307798973,24.0,0.0,0.7539115369253859,0.1442307692307702,0.014423076923076986
55.900000000000006,24.131856307798973,24.13112749347104,24.0,0.0,0.753998061268432,0.1442307692307702,0.014423076923076986
56.0,24.13112749347104,24.13039692300748,24.0,0.0,0.7542711962023007,0.1442307692307702,0.028846153846153973
56.1,24.13039692300748,24.12966470853764,24.0,0.0,0.754541970432578,0.1442307692307702,0.028846153846153973
56.2,24.12966470853764,24.128930961503524,24.0,0.0,0.7548103953894402,0.1442307692307702,0.028846153846153973
56.300000000000004,24.128930961503524,24.128195792659355,24.0,0.0,0.7550764827253953,0.1442307692307702,0.028846153846153973
56.400000000000006,24.128195792659355,24.127459312071213,24.0,0.0,0.7553402443132344,0.1442307692307702,0.028846153846153973
56.5,24.127459312071213,24.126721629116798,24.0,0.0,0.7556016922439963,0.1442307692307702,0.028846153846153973
56.6,24.126721629116798,24.12598285248529,24.0,0.0,0.7558608388249464,0.1442307692307702,0.028846153846153973
56.7,24.12598285248529,24.125243090177317,24.0,0.0,0.7561176965775711,0.1442307692307702,0.028846153846153973
56.800000000000004,24.125243090177317,24.124502449505027,24.0,0.0,0.7563722782355865,0.1442307692307702,0.028846153846153973
56.900000000000006,24.124502449505027,24.12376103709226,24.0,0.0,0.756624596742963,0.1442307692307702,0.028846153846153973
57.0,24.12376103709226,24.123018958874827,24.0,0.0,0.756874665251965,0.1442307692307702,0.028846153846153973
57.1,24.123018958874827,24.122276320100866,24.0,0.0,0.7571224971212046,0.1442307692307702,0.028846153846153973
57.2,24.122276320100866,24.121533225331348,24.0,0.0,0.7573681059137128,0.1442307692307702,0.028846153846153973
57.300000000000004,24.121533225331348,24.120789778440628,24.0,0.0,0.7576115053950265,0.1442307692307702,0.028846153846153973
57.400000000000006,24.120789778440628,24.120046082617126,24.0,0.0,0.7578527095312899,0.1442307692307702,0.028846153846153973
57.5,24.120046082617126,24.119302240364096,24.0,0.0,0.7580917324873727,0.1442307692307702,0.028846153846153973
57.6,24.119302240364096,24.1185583535005,24.0,0.0,0.7583285886250052,0.1442307692307702,0.028846153846153973
57.7,24.1185583535005,24.11781452316197,24.0,0.0,0.7585632925009302,0.1442307692307702,0.028846153846153973
57.800000000000004,24.11781452316197,24.117070849801866,24.0,0.0,0.7587958588650713,0.1442307692307702,0.028846153846153973
57.900000000000006,24.117070849801866,24.116327433192428,24.0,0.0,0.7590263026587153,0.1442307692307702,0.028846153846153973
58.0,24.116327433192428,24.11557682625947,24.0,0.0,0.7590868590609968,0.1442307692307702,0.014423076923076986
58.1,24.11557682625947,24.114819159057348,24.0,0.0,0.759145295791233,0.1442307692307702,0.014423076923076986
58.2,24.114819159057348,24.1140545605357,24.0,0.0,0.7592016214241826,0.1442307692307702,0.014423076923076986
58.300000000000004,24.1140545605357,24.113283158536092,24.0,0.0,0.7592558445612559,0.1442307692307702,0.014423076923076986
58.400000000000006,24.113283158536092,24.112505079788747,24.0,0.0,0.7593079738284318,0.1442307692307702,0.014423076923076986
58.5,24.112505079788747,24.111720449909388,24.0,0.0,0.7593580178741832,0.1442307692307702,0.014423076923076986
58.6,24.111720449909388,24.11092939339616,24.0,0.0,0.7594059853674143,0.1442307692307702,0.014423076923076986
58.7,24.11092939339616,24.110132033626666,24.0,0.0,0.7594518849954046,0.1442307692307702,0.014423076923076986
58.800000000000004,24.110132033626666,24.10932849285508,24.0,0.0,0.7594957254617662,0.1442307692307702,0.014423076923076986
58.900000000000006,24.10932849285508,24.108518892209368,24.0,0.0,0.7595375154844055,0.1442307692307702,0.014423076923076986
59.0,24.108518892209368,24.107703351688585,24.0,0.0,0.7595772637934989,0.1442307692307702,0.014423076923076986
59.1,24.107703351688585,24.106881990160282,24.0,0.0,0.7596149791294752,0.1442307692307702,0.014423076923076986
59.2,24.106881990160282,24.106054925357988,24.0,0.0,0.759650670241009,0.1442307692307702,0.014423076923076986
59.300000000000004,24.106054925357988,24.105222273878784,24.0,0.0,0.7596843458830213,0.1442307692307702,0.014423076923076986
59.400000000000006,24.105222273878784,24.10438415118097,24.0,0.0,0.759716014814692,0.1442307692307702,0.014423076923076986
59.5,24.10438415118097,24.103540671581815,24.0,0.0,0.7597456857974797,0.1442307692307702,0.014423076923076986
59.6,24.103540671581815,24.102691948255394,24.0,0.0,0.7597733675931523,0.1442307692307702,0.014423076923076986
59.7,24.102691948255394,24.101838093230505,24.0,0.0,0.7597990689618254,0.1442307692307702,0.014423076923076986
59.800000000000004,24.101838093230505,24.100979217388677,24.0,0.0,0.7598227986600102,0.1442307692307702,0.014423076923076986
59.900000000000006,24.100979217388677,24.100115430462257,24.0,0.0,0.7598445654386726,0.1442307692307702,0.014423076923076986
60.0,24.100115430462257,24.10424105628789,24.0,1.0,0.7600087752967724,0.1442307692307702,0.028846153846153973
60.1,24.10424105628789,24.108343773833614,24.0,1.0,0.7609045128378383,0.1442307692307702,0.028846153846153973
60.2,24.108343773833614,24.11242378158808,24.0,1.0,0.7618087810622224,0.1442307692307702,0.028846153846153973
60.300000000000004,24.11242378158808,24.116481276706782,24.0,1.0,0.7627215430890824,0.1442307692307702,0.028846153846153973
60.400000000000006,24.116481276706782,24.120516455017714,24.0,1.0,0.7636427624140107,0.1442307692307702,0.028846153846153973
60.5,24.120516455017714,24.124529511027106,24.0,1.0,0.7645724029060232,0.1442307692307702,0.028846153846153973
60.6,24.124529511027106,24.128520637925185,24.0,1.0,0.7655104288045713,0.1442307692307702,0.028846153846153973
60.7,24.128520637925185,24.132490027592016,24.0,1.0,0.7664568047165784,0.1442307692307702,0.028846153846153973
60.800000000000004,24.132490027592016,24.136437870603388,24.0,1.0,0.7674114956135023,0.1442307692307702,0.028846153846153973
60.900000000000006,24.136437870603388,24.140364356236738,24.0,1.0,0.7683744668284214,0.1442307692307702,0.028846153846153973
61.0,24.140364356236738,24.14426967247714,24.0,1.0,0.7693456840531451,0.1442307692307702,0.028846153846153973
61.1,24.14426967247714,24.14815400602335,24.0,1.0,0.7703251133353488,0.1442307692307702,0.028846153846153973
61.2,24.14815400602335,24.152017542293887,24.0,1.0,0.7713127210757349,0.1442307692307702,0.028846153846153973
61.300000000000004,24.152017542293887,24.15586046543316,24.0,1.0,0.7723084740252177,0.1442307692307702,0.028846153846153973
61.400000000000006,24.15586046543316,24.159682958317674,24.0,1.0,0.7733123392821317,0.1442307692307702,0.028846153846153973
61.5,24.159682958317674,24.163485202562235,24.0,1.0,0.7743242842894683,0.1442307692307702,0.028846153846153973
61.6,24.163485202562235,24.167267378526258,24.0,1.0,0.7753442768321326,0.1442307692307702,0.028846153846153973
61.7,24.167267378526258,24.171029665320074,24.0,1.0,0.7763722850342308,0.1442307692307702,0.028846153846153973
61.800000000000004,24.171029665320074,24.174772240811315,24.0,1.0,0.7774082773563775,0.1442307692307702,0.028846153846153973
61.900000000000006,24.174772240811315,24.178495281631328,24.0,1.0,0.7784522225930315,0.1442307692307702,0.028846153846153973
62.0,24.178495281631328,24.182193201707115,24.0,1.0,0.8564801800733652,0.5769230769230808,0.014423076923076986
62.1,24.182193201707115,24.18583693825259,24.0,1.0,0.8588763741580121,0.5769230769230808,0.014423076923076986
62.2,24.18583693825259,24.189426421133547,24.0,1.0,0.8612465639028806,0.5769230769230808,0.014423076923076986
62.300000000000004,24.189426421133547,24.192961582037142,24.0,1.0,0.8635906305954529,0.5769230769230808,0.014423076923076986
62.400000000000006,24.192961582037142,24.196442354447765,24.0,1.0,0.8659084564754655,0.5769230769230808,0.014423076923076986
62.5,24.196442354447765,24.199868673623186,24.0,1.0,0.8681999247235858,0.5769230769230808,0.014423076923076986
62.6,24.199868673623186,24.203240476570933,24.0,1.0,0.8704649194502084,0.5769230769230808,0.014423076923076986
62.7,24.203240476570933,24.206557702024895,24.0,1.0,0.8727033256843475,0.5769230769230808,0.014423076923076986
62.800000000000004,24.206557702024895,24.20982029042218,24.0,1.0,0.8749150293626309,0.5769230769230808,0.014423076923076986
62.900000000000006,24.20982029042218,24.213028183880176,24.0,1.0,0.8770999173184036,0.5769230769230808,0.014423076923076986
63.0,24.213028183880176,24.21618132617387,24.0,1.0,0.8792578772709215,0.5769230769230808,0.014423076923076986
63.1,24.21618132617387,24.219279662713372,24.0,1.0,0.8813887978146498,0.5769230769230808,0.014423076923076986
63.2,24.219279662713372,24.22232314052168,24.0,1.0,0.8834925684086605,0.5769230769230808,0.014423076923076986
63.300000000000004,24.22232314052168,24.225311708212658,24.0,1.0,0.8855690793661293,0.5769230769230808,0.014423076923076986
63.400000000000006,24.225311708212658,24.228245315969236,24.0,1.0,0.8876182218439228,0.5769230769230808,0.014423076923076986
63.5,24.228245315969236,24.23112391552185,24.0,1.0,0.8896398878322889,0.5769230769230808,0.014423076923076986
63.6,24.23112391552185,24.23394746012706,24.0,1.0,0.8916339701446451,0.5769230769230808,0.014423076923076986
63.7,24.23394746012706,24.236715904546415,24.0,1.0,0.8936003624074494,0.5769230769230808,0.014423076923076986
63.800000000000004,24.236715904546415,24.239429205025523,24.0,1.0,0.8955389590501739,0.5769230769230808,0.014423076923076986
63.900000000000006,24.239429205025523,24.24208731927332,24.0,1.0,0.8974496552953692,0.5769230769230808,0.014423076923076986
64.0,24.24208731927332,24.241618847629113,24.0,1.0,0.7944084441080024,0.1442307692307702,0.007211538461538493
64.10000000000001,24.241618847629113,24.241057103954134,24.0,1.0,0.7945151204436665,0.1442307692307702,0.007211538461538493
64.2,24.241057103954134,24.240403591022062,24.0,1.0,0.794607938978973,0.1442307692307702,0.007211538461538493
64.3,24.240403591022062,24.239659808848113,24.0,1.0,0.7946870502803728,0.1442307692307702,0.007211538461538493
64.4,24.239659808848113,24.2388272546648,24.0,1.0,0.7947526055982034,0.1442307692307702,0.007211538461538493
64.5,24.2388272546648,24.237907422898264,24.0,1.0,0.7948047568611855,0.1442307692307702,0.007211538461538493
64.60000000000001,24.237907422898264,24.236901805145184,24.0,1.0,0.7948436566709869,0.1442307692307702,0.007211538461538493
64.7,24.236901805145184,24.235811890150227,24.0,1.0,0.7948694582968493,0.1442307692307702,0.007211538461538493
64.8,24.235811890150227,24.234639163784067,24.0,1.0,0.7948823156702812,0.1442307692307702,0.007211538461538493
64.9,24.234639163784067,24.233385109021928,24.0,1.0,0.7948823833798139,0.1442307692307702,0.007211538461538493
65.0,24.233385109021928,24.232051205922694,24.0,1.0,0.7948698166658194,0.1442307692307702,0.007211538461538493
65.10000000000001,24.232051205922694,24.230638931608517,24.0,1.0,0.7948447714153934,0.1442307692307702,0.007211538461538493
65.2,24.230638931608517,24.229149760244976,24.0,1.0,0.7948074041572971,0.1442307692307702,0.007211538461538493
65.3,24.229149760244976,24.22758516302174,24.0,1.0,0.7947578720569629,0.1442307692307702,0.007211538461538493
65.4,24.22758516302174,24.22594660813375,24.0,1.0,0.7946963329115599,0.1442307692307702,0.007211538461538493
65.5,24.22594660813375,24.224235560762896,24.0,1.0,0.7946229451451194,0.1442307692307702,0.007211538461538493
65.60000000000001,24.224235560762896,24.222453483060214,24.0,1.0,0.7945378678037195,0.1442307692307702,0.007211538461538493
65.7,24.222453483060214,24.220601834128544,24.0,1.0,0.7944412605507318,0.1442307692307702,0.007211538461538493
65.8,24.220601834128544,24.21868207000571,24.0,1.0,0.7943332836621222,0.1442307692307702,0.007211538461538493
65.9,24.21868207000571,24.216695643648148,24.0,1.0,0.7942140980218135,0.1442307692307702,0.007211538461538493
66.0,24.216695643648148,24.21883048611184,24.0,1.0,0.8880026741309531,0.5769230769230808,0.014423076923076986
66.10000000000001,24.21883048611184,24.220950424600776,24.0,1.0,0.8895499349072836,0.5769230769230808,0.014423076923076986
66.2,24.220950424600776,24.22305608637738,24.0,1.0,0.8910916548402281,0.5769230769230808,0.014423076923076986
66.3,24.22305608637738,24.225148089567963,24.0,1.0,0.8926281752205436,0.5769230769230808,0.014423076923076986
66.4,24.225148089567963,24.22722704318101,24.0,1.0,0.89415983295968,0.5769230769230808,0.014423076923076986
66.5,24.22722704318101,24.229293547125582,24.0,1.0,0.8956869605871798,0.5769230769230808,0.014423076923076986
66.60000000000001,24.229293547125582,24.231348192229845,24.0,1.0,0.897209886248172,0.5769230769230808,0.014423076923076986
66.7,24.231348192229845,24.233391560259733,24.0,1.0,0.8987289337009627,0.5769230769230808,0.014423076923076986
66.8,24.233391560259733,24.235424223937713,24.0,1.0,0.9002444223147342,0.5769230769230808,0.014423076923076986
66.9,24.235424223937713,24.237446746961684,24.0,1.0,0.901756667067325,0.5769230769230808,0.014423076923076986
67.0,24.237446746961684,24.23945968402397,24.0,1.0,0.9032659785431184,0.5769230769230808,0.014423076923076986
67.10000000000001,24.23945968402397,24.241463580830434,24.0,1.0,0.9047726629310103,0.5769230769230808,0.014423076923076986
67.2,24.241463580830434,24.2434589741197,24.0,1.0,0.9062770220224758,0.5769230769230808,0.014423076923076986
67.3,24.2434589741197,24.245446391682464,24.0,1.0,0.9077793532097256,0.5769230769230808,0.014423076923076986
67.4,24.245446391682464,24.247426352380927,24.0,1.0,0.9092799494839384,0.5769230769230808,0.014423076923076986
67.5,24.247426352380927,24.249399366168305,24.0,1.0,0.9107790994336014,0.5769230769230808,0.014423076923076986
67.60000000000001,24.249399366168305,24.25136593410845,24.0,1.0,0.9122770872429083,0.5769230769230808,0.014423076923076986
67.7,24.25136593410845,24.25332654839555,24.0,1.0,0.9137741926902634,0.5769230769230808,0.014423076923076986
67.8,24.25332654839555,24.255281692373927,24.0,1.0,0.915270691146853,0.5769230769230808,0.014423076923076986
67.9,24.255281692373927,24.257231840557917,24.0,1.0,0.9167668535753029,0.5769230769230808,0.014423076923076986
68.0,24.257231840557917,24.2554300825386,24.0,1.0,0.8067752040942923,0.1442307692307702,0.007211538461538493
68.10000000000001,24.2554300825386,24.25357557486236,24.0,1.0,0.8066995395356443,0.1442307692307702,0.007211538461538493
68.2,24.25357557486236,24.25166880169979,24.0,1.0,0.8066149294680587,0.1442307692307702,0.007211538461538493
68.3,24.25166880169979,24.2497102311891,24.0,1.0,0.8065214060323753,0.1442307692307702,0.007211538461538493
68.4,24.2497102311891,24.247700315690835,24.0,1.0,0.8064189993946715,0.1442307692307702,0.007211538461538493
68.5,24.247700315690835,24.2456394920414,24.0,1.0,0.8063077377716222,0.1442307692307702,0.007211538461538493
68.60000000000001,24.2456394920414,24.243528181805416,24.0,1.0,0.8061876474558679,0.1442307692307702,0.007211538461538493
68.7,24.243528181805416,24.241366791526943,24.0,1.0,0.8060587528414033,0.1442307692307702,0.007211538461538493
68.8,24.241366791526943,24.2391557129795,24.0,1.0,0.8059210764489746,0.1442307692307702,0.007211538461538493
68.9,24.2391557129795,24.236895323414963,24.0,1.0,0.805774638951492,0.1442307692307702,0.007211538461538493
69.0,24.236895323414963,24.23458598581129,24.0,1.0,0.8056194591994543,0.1442307692307702,0.007211538461538493
69.10000000000001,24.23458598581129,24.23222804911909,24.0,1.0,0.8054555542463846,0.1442307692307702,0.007211538461538493
69.2,24.23222804911909,24.22982184850704,24.0,1.0,0.8052829393742783,0.1442307692307702,0.007211538461538493
69.3,24.22982184850704,24.227367705606163,24.0,1.0,0.8051016281190597,0.1442307692307702,0.007211538461538493
69.4,24.227367705606163,24.22486592875294,24.0,1.0,0.804911632296053,0.1442307692307702,0.007211538461538493
69.5,24.22486592875294,24.22231681323129,24.0,1.0,0.8047129620254581,0.1442307692307702,0.007211538461538493
69.60000000000001,24.22231681323129,24.2197206415134,24.0,1.0,0.8045056257578389,0.1442307692307702,0.007211538461538493
69.7,24.2197206415134,24.21707768349942,24.0,1.0,0.8042896302996193,0.1442307692307702,0.007211538461538493
69.8,24.21707768349942,24.214388196756,24.0,1.0,0.8040649808385877,0.1442307692307702,0.007211538461538493
69.9,24.214388196756,24.211652426753734,24.0,1.0,0.8038316809694092,0.1442307692307702,0.007211538461538493
70.0,24.211652426753734,24.213318986584618,24.0,1.0,0.8341165250393952,0.2884615384615404,0.007211538461538493
70.10000000000001,24.213318986584618,24.214980253442153,24.0,1.0,0.8347510992597833,0.2884615384615404,0.007211538461538493
70.2,24.214980253442153,24.21663661065245,24.0,1.0,0.8353853446899202,0.2884615384615404,0.007211538461538493
70.3,24.21663661065245,24.21828843834735,24.0,1.0,0.8360193683640342,0.2884615384615404,0.007211538461538493
70.4,24.21828843834735,24.219936113559143,24.0,1.0,0.8366532766690635,0.2884615384615404,0.007211538461538493
70.5,24.219936113559143,24.22158001031381,24.0,1.0,0.8372871753697434,0.2884615384615404,0.007211538461538493
70.60000000000001,24.22158001031381,24.2232204997228,24.0,1.0,0.8379211696333355,0.2884615384615404,0.007211538461538493
70.7,24.2232204997228,24.2248579500733,24.0,1.0,0.8385553640539976,0.2884615384615404,0.007211538461538493
70.8,24.2248579500733,24.22649272691708,24.0,1.0,0.839189862676791,0.2884615384615404,0.007211538461538493
70.9,24.22649272691708,24.22812519315786,24.0,1.0,0.8398247690213311,0.2884615384615404,0.007211538461538493
71.0,24.22812519315786,24.22975570913724,24.0,1.0,0.840460186105084,0.2884615384615404,0.007211538461538493
71.10000000000001,24.22975570913724,24.231384632719156,24.0,1.0,0.8410962164663018,0.2884615384615404,0.007211538461538493
71.2,24.231384632719156,24.233012319372943,24.0,1.0,0.8417329621866037,0.2884615384615404,0.007211538461538493
71.3,24.233012319372943,24.23463912225494,24.0,1.0,0.8423705249132055,0.2884615384615404,0.007211538461538493
71.4,24.23463912225494,24.23626539228868,24.0,1.0,0.8430090058807924,0.2884615384615404,0.007211538461538493
71.5,24.23626539228868,24.237891478243654,24.0,1.0,0.8436485059330407,0.2884615384615404,0.007211538461538493
71.60000000000001,24.237891478243654,24.239517726812682,24.0,1.0,0.844289125543786,0.2884615384615404,0.007211538461538493
71.7,24.239517726812682,24.241144482687872,24.0,1.0,0.8449309648378418,0.2884615384615404,0.007211538461538493
71.8,24.241144482687872,24.242772088635178,24.0,1.0,0.8455741236114696,0.2884615384615404,0.007211538461538493
71.9,24.242772088635178,24.24440088556757,24.0,1.0,0.8462187013524965,0.2884615384615404,0.007211538461538493
72.0,24.24440088556757,24.244813188521803,24.0,1.0,0.8121434214498854,0.1442307692307702,0.028846153846153973
72.10000000000001,24.244813188521803,24.24519811548945,24.0,1.0,0.8129090801120976,0.1442307692307702,0.028846153846153973
72.2,24.24519811548945,24.245555816127602,24.0,1.0,0.8136719006809587,0.1442307692307702,0.028846153846153973
72.3,24.245555816127602,24.24588643507624,24.0,1.0,0.8144318262041371,0.1442307692307702,0.028846153846153973
72.4,24.24588643507624,24.246190112009103,24.0,1.0,0.8151887994229106,0.1442307692307702,0.028846153846153973
72.5,24.246190112009103,24.24646698168327,24.0,1.0,0.8159427627651765,0.1442307692307702,0.028846153846153973
72.60000000000001,24.24646698168327,24.246717173987527,24.0,1.0,0.8166936583384217,0.1442307692307702,0.028846153846153973
72.7,24.246717173987527,24.246940813989507,24.0,1.0,0.8174414279226536,0.1442307692307702,0.028846153846153973
72.8,24.246940813989507,24.24713802198166,24.0,1.0,0.8181860129632936,0.1442307692307702,0.028846153846153973
72.9,24.24713802198166,24.247308913526012,24.0,1.0,0.8189273545640318,0.1442307692307702,0.028846153846153973
73.0,24.247308913526012,24.24745359949782,24.0,1.0,0.8196653934796386,0.1442307692307702,0.028846153846153973
73.10000000000001,24.24745359949782,24.24757218612805,24.0,1.0,0.8204000701087392,0.1442307692307702,0.028846153846153973
73.2,24.24757218612805,24.24766477504476,24.0,1.0,0.8211313244865455,0.1442307692307702,0.028846153846153973
73.3,24.24766477504476,24.247731463313404,24.0,1.0,0.8218590962775464,0.1442307692307702,0.028846153846153973
73.4,24.247731463313404,24.247772343476033,24.0,1.0,0.8225833247681585,0.1442307692307702,0.028846153846153973
73.5,24.247772343476033,24.247787503589464,24.0,1.0,0.823303948859334,0.1442307692307702,0.028846153846153973
73.60000000000001,24.247787503589464,24.24777702726241,24.0,1.0,0.8240209070591253,0.1442307692307702,0.028846153846153973
73.7,24.24777702726241,24.24774099369158,24.0,1.0,0.8247341374752108,0.1442307692307702,0.028846153846153973
73.8,24.24774099369158,24.247679477696806,24.0,1.0,0.8254435778073747,0.1442307692307702,0.028846153846153973
73.9,24.247679477696806,24.247592549755176,24.0,1.0,0.8261491653399464,0.1442307692307702,0.028846153846153973
74.0,24.247592549755176,24.2488656647087,24.0,1.0,0.9334465716965825,0.5769230769230808,0.007211538461538493
74.10000000000001,24.2488656647087,24.25010188006683,24.0,1.0,0.9343605315241263,0.5769230769230808,0.007211538461538493
74.2,24.25010188006683,24.251301493107462,24.0,1.0,0.9352540946250187,0.5769230769230808,0.007211538461538493
74.3,24.251301493107462,24.252464801898224,24.0,1.0,0.9361274061098366,0.5769230769230808,0.007211538461538493
74.4,24.252464801898224,24.25359210530475,24.0,1.0,0.9369806117597219,0.5769230769230808,0.007211538461538493
74.5,24.25359210530475,24.254683702999223,24.0,1.0,0.9378138580317361,0.5769230769230808,0.007211538461538493
74.60000000000001,24.254683702999223,24.255739895469116,24.0,1.0,0.9386272920643639,0.5769230769230808,0.007211538461538493
74.7,24.255739895469116,24.256760984026204,24.0,1.0,0.9394210616831499,0.5769230769230808,0.007211538461538493
74.8,24.256760984026204,24.257747270815806,24.0,1.0,0.940195315406489,0.5769230769230808,0.007211538461538493
74.9,24.257747270815806,24.25869905882625,24.0,1.0,0.9409502024515588,0.5769230769230808,0.007211538461538493
75.0,24.25869905882625,24.2596166518986,24.0,1.0,0.9416858727403912,0.5769230769230808,0.007211538461538493
75.10000000000001,24.2596166518986,24.260500354736617,24.0,1.0,0.9424024769060978,0.5769230769230808,0.007211538461538493
75.2,24.260500354736617,24.26135047291694,24.0,1.0,0.9431001662992351,0.5769230769230808,0.007211538461538493
75.3,24.26135047291694,24.26216731289955,24.0,1.0,0.9437790929943141,0.5769230769230808,0.007211538461538493
75.4,24.26216731289955,24.262951182038417,24.0,1.0,0.9444394097964677,0.5769230769230808,0.007211538461538493
75.5,24.262951182038417,24.263702388592453,24.0,1.0,0.9450812702482458,0.5769230769230808,0.007211538461538493
75.60000000000001,24.263702388592453,24.264421241736656,24.0,1.0,0.9457048286365782,0.5769230769230808,0.007211538461538493
75.7,24.264421241736656,24.26510805157352,24.0,1.0,0.9463102399998711,0.5769230769230808,0.007211538461538493
75.8,24.26510805157352,24.265763129144684,24.0,1.0,0.9468976601352543,0.5769230769230808,0.007211538461538493
75.9,24.265763129144684,24.266386786442833,24.0,1.0,0.947467245605982,0.5769230769230808,0.007211538461538493
76.0,24.266386786442833,24.26272614886303,24.0,1.0,0.8717531290726814,0.2884615384615404,0.028846153846153973
76.10000000000001,24.26272614886303,24.25904730164007,24.0,1.0,0.8714550398156126,0.2884615384615404,0.028846153846153973
76.2,24.25904730164007,24.255351149427714,24.0,1.0,0.8711410857175663,0.2884615384615404,0.028846153846153973
76.3,24.255351149427714,24.25163858657781,24.0,1.0,0.8708114778181204,0.2884615384615404,0.028846153846153973
76.4,24.25163858657781,24.247910497164913,24.0,1.0,0.8704664267650067,0.2884615384615404,0.028846153846153973
76.5,24.247910497164913,24.24416775501058,24.0,1.0,0.8701061427915703,0.2884615384615404,0.028846153846153973
76.60000000000001,24.24416775501058,24.240411223707312,24.0,1.0,0.869730835694197,0.2884615384615404,0.028846153846153973
76.7,24.240411223707312,24.236641756642165,24.0,1.0,0.8693407148097179,0.2884615384615404,0.028846153846153973
76.80000000000001,24.236641756642165,24.232860197019995,24.0,1.0,0.8689359889927777,0.2884615384615404,0.028846153846153973
76.9,24.232860197019995,24.22906737788637,24.0,1.0,0.8685168665931711,0.2884615384615404,0.028846153846153973
77.0,24.22906737788637,24.225264122150108,24.0,1.0,0.8680835554331436,0.2884615384615404,0.028846153846153973
77.10000000000001,24.225264122150108,24.221451242605472,24.0,1.0,0.8676362627846549,0.2884615384615404,0.028846153846153973
77.2,24.221451242605472,24.217629541953976,24.0,1.0,0.8671751953466026,0.2884615384615404,0.028846153846153973
77.30000000000001,24.217629541953976,24.21379981282585,24.0,1.0,0.8667005592219997,0.2884615384615404,0.028846153846153973
77.4,24.21379981282585,24.20996283780112,24.0,1.0,0.8662125598951153,0.2884615384615404,0.028846153846153973
77.5,24.20996283780112,24.20611938943029,24.0,1.0,0.865711402208561,0.2884615384615404,0.028846153846153973
77.60000000000001,24.20611938943029,24.202270230254694,24.0,1.0,0.865197290340333,0.2884615384615404,0.028846153846153973
77.7,24.202270230254694,24.198416112826404,24.0,1.0,0.8646704277807992,0.2884615384615404,0.028846153846153973
77.80000000000001,24.198416112826404,24.1945577797278,24.0,1.0,0.8641310173096378,0.2884615384615404,0.028846153846153973
77.9,24.1945577797278,24.19069596359071,24.0,1.0,0.8635792609727163,0.2884615384615404,0.028846153846153973
78.0,24.19069596359071,24.1898744141949,24.0,1.0,0.8355111345410229,0.1442307692307702,0.028846153846153973
78.10000000000001,24.1898744141949,24.18906885610477,24.0,1.0,0.8359403564960356,0.1442307692307702,0.028846153846153973
78.2,24.18906885610477,24.188279842573152,24.0,1.0,0.8363695611641078,0.1442307692307702,0.028846153846153973
78.30000000000001,24.188279842573152,24.18750791567299,24.0,1.0,0.8367988760660083,0.1442307692307702,0.028846153846153973
78.4,24.18750791567299,24.186753606368764,24.0,1.0,0.8372284286736957,0.1442307692307702,0.028846153846153973
78.5,24.186753606368764,24.1860174345884,24.0,1.0,0.8376583463885728,0.1442307692307702,0.028846153846153973
78.60000000000001,24.1860174345884,24.185299909295765,24.0,1.0,0.8380887565200253,0.1442307692307702,0.028846153846153973
78.7,24.185299909295765,24.184601528563686,24.0,1.0,0.8385197862642483,0.1442307692307702,0.028846153846153973
78.80000000000001,24.184601528563686,24.183922779647506,24.0,1.0,0.8389515626833629,0.1442307692307702,0.028846153846153973
78.9,24.183922779647506,24.18326413905918,24.0,1.0,0.8393842126848201,0.1442307692307702,0.028846153846153973
79.0,24.18326413905918,24.182626072641906,24.0,1.0,0.8398178630010976,0.1442307692307702,0.028846153846153973
79.10000000000001,24.182626072641906,24.182009035645294,24.0,1.0,0.8402526401696886,0.1442307692307702,0.028846153846153973
79.2,24.182009035645294,24.18141347280107,24.0,1.0,0.8406886705133848,0.1442307692307702,0.028846153846153973
79.30000000000001,24.18141347280107,24.1808398183993,24.0,1.0,0.8411260801208554,0.1442307692307702,0.028846153846153973
79.4,24.1808398183993,24.180288496365172,24.0,1.0,0.8415649948275213,0.1442307692307702,0.028846153846153973
79.5,24.180288496365172,24.179759920336277,24.0,1.0,0.8420055401967295,0.1442307692307702,0.028846153846153973
79.60000000000001,24.179759920336277,24.179254493740444,24.0,1.0,0.8424478415012243,0.1442307692307702,0.028846153846153973
79.7,24.179254493740444,24.178772609874102,24.0,1.0,0.8428920237049227,0.1442307692307702,0.028846153846153973
79.80000000000001,24.178772609874102,24.178314651981157,24.0,1.0,0.8433382114449909,0.1442307692307702,0.028846153846153973
79.9,24.178314651981157,24.17788099333242,24.0,1.0,0.8437865290142235,0.1442307692307702,0.028846153846153973
80.0,24.17788099333242,24.17856942048202,24.0,1.0,0.843980541218731,0.1442307692307702,0.014423076923076986
80.10000000000001,24.17856942048202,24.179237288059436,24.0,1.0,0.8443373856448494,0.1442307692307702,0.014423076923076986
80.2,24.179237288059436,24.179884699295712,24.0,1.0,0.844692228018601,0.1442307692307702,0.014423076923076986
80.30000000000001,24.179884699295712,24.180511751818926,24.0,1.0,0.8450450537247404,0.1442307692307702,0.014423076923076986
80.4,24.180511751818926,24.181118537684085,24.0,1.0,0.8453958474807121,0.1442307692307702,0.014423076923076986
80.5,24.181118537684085,24.18170514340373,24.0,1.0,0.8457445933329235,0.1442307692307702,0.014423076923076986
80.60000000000001,24.18170514340373,24.18227164997925,24.0,1.0,0.8460912746531659,0.1442307692307702,0.014423076923076986
80.7,24.18227164997925,24.182818132932894,24.0,1.0,0.8464358741351822,0.1442307692307702,0.014423076923076986
80.80000000000001,24.182818132932894,24.183344662340442,24.0,1.0,0.8467783737913803,0.1442307692307702,0.014423076923076986
80.9,24.183344662340442,24.183851302864536,24.0,1.0,0.8471187549496908,0.1442307692307702,0.014423076923076986
81.0,24.183851302864536,24.18433811378867,24.0,1.0,0.8474569982505666,0.1442307692307702,0.014423076923076986
81.10000000000001,24.18433811378867,24.18480514905179,24.0,1.0,0.8477930836441273,0.1442307692307702,0.014423076923076986
81.2,24.18480514905179,24.185252457283525,24.0,1.0,0.8481269903874405,0.1442307692307702,0.014423076923076986
81.30000000000001,24.185252457283525,24.185680081839998,24.0,1.0,0.8484586970419459,0.1442307692307702,0.014423076923076986
81.4,24.185680081839998,24.18608806084024,24.0,1.0,0.8487881814710141,0.1442307692307702,0.014423076923076986
81.5,24.18608806084024,24.186476427203168,24.0,1.0,0.8491154208376457,0.1442307692307702,0.014423076923076986
81.60000000000001,24.186476427203168,24.186845208685103,24.0,1.0,0.8494403916023031,0.1442307692307702,0.014423076923076986
81.7,24.186845208685103,24.18719442791786,24.0,1.0,0.849763069520878,0.1442307692307702,0.014423076923076986
81.80000000000001,24.18719442791786,24.187524102447323,24.0,1.0,0.8500834296427917,0.1442307692307702,0.014423076923076986
81.9,24.187524102447323,24.187834244772574,24.0,1.0,0.850401446309225,0.1442307692307702,0.014423076923076986
82.0,24.187834244772574,24.18813509913727,24.0,1.0,0.8509880079275955,0.1442307692307702,0.028846153846153973
82.10000000000001,24.18813509913727,24.18842021483256,24.0,1.0,0.8515740977853995,0.1442307692307702,0.028846153846153973
82.2,24.18842021483256,24.18868975023761,24.0,1.0,0.8521587400919297,0.1442307692307702,0.028846153846153973
82.30000000000001,24.18868975023761,24.188943863524813,24.0,1.0,0.8527419127471896,0.1442307692307702,0.028846153846153973
82.4,24.188943863524813,24.18918271268745,24.0,1.0,0.8533235940776267,0.1442307692307702,0.028846153846153973
82.5,24.18918271268745,24.189406455567365,24.0,1.0,0.8539037628396058,0.1442307692307702,0.028846153846153973
82.60000000000001,24.189406455567365,24.189615249882625,24.0,1.0,0.8544823982229607,0.1442307692307702,0.028846153846153973
82.7,24.189615249882625,24.1898092532552,24.0,1.0,0.8550594798546307,0.1442307692307702,0.028846153846153973
82.80000000000001,24.1898092532552,24.189988623238623,24.0,1.0,0.8556349878023728,0.1442307692307702,0.028846153846153973
82.9,24.189988623238623,24.190153517345646,24.0,1.0,0.856208902578555,0.1442307692307702,0.028846153846153973
83.0,24.190153517345646,24.19030409307587,24.0,1.0,0.8567812051440266,0.1442307692307702,0.028846153846153973
83.10000000000001,24.19030409307587,24.19044050794336,24.0,1.0,0.8573518769120662,0.1442307692307702,0.028846153846153973
83.2,24.19044050794336,24.19056291950422,24.0,1.0,0.8579208997524064,0.1442307692307702,0.028846153846153973
83.30000000000001,24.19056291950422,24.190671485384144,24.0,1.0,0.858488255995331,0.1442307692307702,0.028846153846153973
83.4,24.190671485384144,24.190766363305915,24.0,1.0,0.859053928435851,0.1442307692307702,0.028846153846153973
83.5,24.190766363305915,24.190847711116877,24.0,1.0,0.8596179003379506,0.1442307692307702,0.028846153846153973
83.60000000000001,24.190847711116877,24.190915686816336,24.0,1.0,0.8601801554389072,0.1442307692307702,0.028846153846153973
83.7,24.190915686816336,24.190970448582917,24.0,1.0,0.860740677953684,0.1442307692307702,0.028846153846153973
83.80000000000001,24.190970448582917,24.191012154801854,24.0,1.0,0.8612994525793917,0.1442307692307702,0.028846153846153973
83.9,24.191012154801854,24.19104096409223,24.0,1.0,0.8618564644998206,0.1442307692307702,0.028846153846153973
84.0,24.19104096409223,24.19104622578946,24.0,1.0,0.8621361595379888,0.1442307692307702,0.014423076923076986
84.10000000000001,24.19104622578946,24.19102807616098,24.0,1.0,0.8624124658776701,0.1442307692307702,0.014423076923076986
84.2,24.19102807616098,24.1909866897288,24.0,1.0,0.8626853694064868,0.1442307692307702,0.014423076923076986
84.30000000000001,24.1909866897288,24.190922241026293,24.0,1.0,0.8629548617812619,0.1442307692307702,0.014423076923076986
84.4,24.190922241026293,24.19083490458112,24.0,1.0,0.8632209349121883,0.1442307692307702,0.014423076923076986
84.5,24.19083490458112,24.190724854898107,24.0,1.0,0.8634835809603573,0.1442307692307702,0.014423076923076986
84.60000000000001,24.190724854898107,24.190592266442064,24.0,1.0,0.8637427923352565,0.1442307692307702,0.014423076923076986
84.7,24.190592266442064,24.19043731362054,24.0,1.0,0.8639985616922341,0.1442307692307702,0.014423076923076986
84.80000000000001,24.19043731362054,24.190260170766525,24.0,1.0,0.8642508819299284,0.1442307692307702,0.014423076923076986
84.9,24.190260170766525,24.190061012121078,24.0,1.0,0.8644997461876665,0.1442307692307702,0.014423076923076986
85.0,24.190061012121078,24.189840011815892,24.0,1.0,0.8647451478428246,0.1442307692307702,0.014423076923076986
85.10000000000001,24.189840011815892,24.189597343855787,24.0,1.0,0.8649870805081574,0.1442307692307702,0.014423076923076986
85.2,24.189597343855787,24.189333182101137,24.0,1.0,0.8652255380290881,0.1442307692307702,0.014423076923076986
85.30000000000001,24.189333182101137,24.1890477002502,24.0,1.0,0.8654605144809672,0.1442307692307702,0.014423076923076986
85.4,24.1890477002502,24.188741071821397,24.0,1.0,0.8656920041662889,0.1442307692307702,0.014423076923076986
85.5,24.188741071821397,24.18841347013549,24.0,1.0,0.8659200016118771,0.1442307692307702,0.014423076923076986
85.60000000000001,24.18841347013549,24.18806506829769,24.0,1.0,0.8661445015660283,0.1442307692307702,0.014423076923076986
85.7,24.18806506829769,24.18769603917966,24.0,1.0,0.866365498995621,0.1442307692307702,0.014423076923076986
85.80000000000001,24.18769603917966,24.187306555401456,24.0,1.0,0.8665829890831835,0.1442307692307702,0.014423076923076986
85.9,24.187306555401456,24.186896789313355,24.0,1.0,0.8667969672239255,0.1442307692307702,0.014423076923076986
86.0,24.186896789313355,24.186477907063566,24.0,1.0,0.8672769916996226,0.1442307692307702,0.028846153846153973
86.10000000000001,24.186477907063566,24.186050089328763,24.0,1.0,0.8677544930301249,0.1442307692307702,0.028846153846153973
86.2,24.186050089328763,24.18561351644759,24.0,1.0,0.8682294714991304,0.1442307692307702,0.028846153846153973
86.30000000000001,24.18561351644759,24.18516836819213,24.0,1.0,0.8687019278617907,0.1442307692307702,0.028846153846153973
86.4,24.18516836819213,24.184714823760643,24.0,1.0,0.8691718633101152,0.1442307692307702,0.028846153846153973
86.5,24.184714823760643,24.184253061770406,24.0,1.0,0.869639279470268,0.1442307692307702,0.028846153846153973
86.60000000000001,24.184253061770406,24.183783260250696,24.0,1.0,0.8701041783998599,0.1442307692307702,0.028846153846153973
86.7,24.183783260250696,24.183305596635922,24.0,1.0,0.8705665625852402,0.1442307692307702,0.028846153846153973
86.80000000000001,24.183305596635922,24.18282024775888,24.0,1.0,0.87102643493879,0.1442307692307702,0.028846153846153973
86.9,24.18282024775888,24.18232738984415,24.0,1.0,0.8714837987962134,0.1442307692307702,0.028846153846153973
87.0,24.18232738984415,24.181827198501637,24.0,1.0,0.8719386579138317,0.1442307692307702,0.028846153846153973
87.10000000000001,24.181827198501637,24.181319848720236,24.0,1.0,0.8723910164658777,0.1442307692307702,0.028846153846153973
87.2,24.181319848720236,24.180805514861646,24.0,1.0,0.8728408790417916,0.1442307692307702,0.028846153846153973
87.30000000000001,24.180805514861646,24.180284370654334,24.0,1.0,0.873288250643519,0.1442307692307702,0.028846153846153973
87.4,24.180284370654334,24.179756589187622,24.0,1.0,0.8737331366828134,0.1442307692307702,0.028846153846153973
87.5,24.179756589187622,24.179222342905927,24.0,1.0,0.8741755429785404,0.1442307692307702,0.028846153846153973
87.60000000000001,24.179222342905927,24.178681803603137,24.0,1.0,0.874615475753986,0.1442307692307702,0.028846153846153973
87.7,24.178681803603137,24.178135142417137,24.0,1.0,0.8750529416341696,0.1442307692307702,0.028846153846153973
87.80000000000001,24.178135142417137,24.17758252982448,24.0,1.0,0.8754879476431613,0.1442307692307702,0.028846153846153973
87.9,24.17758252982448,24.177024135635197,24.0,1.0,0.8759205012014065,0.1442307692307702,0.028846153846153973
88.0,24.177024135635197,24.176449373392064,24.0,1.0,0.8760952868505029,0.1442307692307702,0.014423076923076986
88.10000000000001,24.176449373392064,24.175858425405007,24.0,1.0,0.8762668827385973,0.1442307692307702,0.014423076923076986
88.2,24.175858425405007,24.175251473063355,24.0,1.0,0.8764352918155676,0.1442307692307702,0.014423076923076986
88.30000000000001,24.175251473063355,24.17462869682162,24.0,1.0,0.8766005171601322,0.1442307692307702,0.014423076923076986
88.4,24.17462869682162,24.17399027618674,24.0,1.0,0.8767625619764517,0.1442307692307702,0.014423076923076986
88.5,24.17399027618674,24.17333638970546,24.0,1.0,0.8769214295909209,0.1442307692307702,0.014423076923076986
88.60000000000001,24.17333638970546,24.172667214951936,24.0,1.0,0.8770771234489657,0.1442307692307702,0.014423076923076986
88.7,24.172667214951936,24.171982928515455,24.0,1.0,0.8772296471118494,0.1442307692307702,0.014423076923076986
88.80000000000001,24.171982928515455,24.171283705988355,24.0,1.0,0.8773790042534849,0.1442307692307702,0.014423076923076986
88.9,24.171283705988355,24.170569721954116,24.0,1.0,0.8775251986572518,0.1442307692307702,0.014423076923076986
89.0,24.170569721954116,24.169841149975596,24.0,1.0,0.8776682342128242,0.1442307692307702,0.014423076923076986
89.10000000000001,24.169841149975596,24.169098162583452,24.0,1.0,0.8778081149130026,0.1442307692307702,0.014423076923076986
89.2,24.169098162583452,24.168340931264726,24.0,1.0,0.877944844850554,0.1442307692307702,0.014423076923076986
89.30000000000001,24.168340931264726,24.16756962645158,24.0,1.0,0.8780784282150619,0.1442307692307702,0.014423076923076986
89.4,24.16756962645158,24.166784417510215,24.0,1.0,0.8782088692897788,0.1442307692307702,0.014423076923076986
89.5,24.166784417510215,24.16598547272994,24.0,1.0,0.8783361724484907,0.1442307692307702,0.014423076923076986
89.60000000000001,24.16598547272994,24.16517295931241,24.0,1.0,0.8784603421523884,0.1442307692307702,0.014423076923076986
89.7,24.16517295931241,24.16434704336102,24.0,1.0,0.8785813829469455,0.1442307692307702,0.014423076923076986
89.80000000000001,24.16434704336102,24.16350788987045,24.0,1.0,0.878699299458804,0.1442307692307702,0.014423076923076986
89.9,24.16350788987045,24.162655662716396,24.0,1.0,0.8788140963926695,0.1442307692307702,0.014423076923076986
90.0,24.162655662716396,24.161800712086514,24.0,1.0,0.8791603780417477,0.1442307692307702,0.028846153846153973
90.10000000000001,24.161800712086514,24.16094317883619,24.0,1.0,0.8795038006780719,0.1442307692307702,0.028846153846153973
90.2,24.16094317883619,24.160083203000593,24.0,1.0,0.8798443771674568,0.1442307692307702,0.028846153846153973
90.30000000000001,24.160083203000593,24.159220923793615,24.0,1.0,0.8801821206613625,0.1442307692307702,0.028846153846153973
90.4,24.159220923793615,24.15835647960698,24.0,1.0,0.8805170445943761,0.1442307692307702,0.028846153846153973
90.5,24.15835647960698,24.15749000800945,24.0,1.0,0.8808491626817084,0.1442307692307702,0.028846153846153973
90.60000000000001,24.15749000800945,24.15662164574619,24.0,1.0,0.8811784889167075,0.1442307692307702,0.028846153846153973
90.7,24.15662164574619,24.155751528738246,24.0,1.0,0.8815050375683895,0.1442307692307702,0.028846153846153973
90.80000000000001,24.155751528738246,24.154879792082173,24.0,1.0,0.8818288231789889,0.1442307692307702,0.028846153846153973
90.9,24.154879792082173,24.154006570049766,24.0,1.0,0.882149860561523,0.1442307692307702,0.028846153846153973
91.0,24.154006570049766,24.153131996087936,24.0,1.0,0.8824681647973771,0.1442307692307702,0.028846153846153973
91.10000000000001,24.153131996087936,24.152256202818716,24.0,1.0,0.8827837512339053,0.1442307692307702,0.028846153846153973
91.2,24.152256202818716,24.151379322039382,24.0,1.0,0.8830966354820525,0.1442307692307702,0.028846153846153973
91.30000000000001,24.151379322039382,24.150501484722703,24.0,1.0,0.883406833413993,0.1442307692307702,0.028846153846153973
91.4,24.150501484722703,24.14962282101731,24.0,1.0,0.8837143611607875,0.1442307692307702,0.028846153846153973
91.5,24.14962282101731,24.14874346024821,24.0,1.0,0.8840192351100596,0.1442307692307702,0.028846153846153973
91.60000000000001,24.14874346024821,24.147863530917384,24.0,1.0,0.8843214719036937,0.1442307692307702,0.028846153846153973
91.7,24.147863530917384,24.146983160704554,24.0,1.0,0.884621088435548,0.1442307692307702,0.028846153846153973
91.80000000000001,24.146983160704554,24.14610247646803,24.0,1.0,0.8849181018491914,0.1442307692307702,0.028846153846153973
91.9,24.14610247646803,24.145221604245688,24.0,1.0,0.8852125295356583,0.1442307692307702,0.028846153846153973
92.0,24.145221604245688,24.144331308696444,24.0,1.0,0.8852949348943285,0.1442307692307702,0.014423076923076986
92.10000000000001,24.144331308696444,24.143431750894422,24.0,1.0,0.8853746970391921,0.1442307692307702,0.014423076923076986
92.2,24.143431750894422,24.142523090597038,24.0,1.0,0.8854518258430751,0.1442307692307702,0.014423076923076986
92.30000000000001,24.142523090597038,24.141605486240167,24.0,1.0,0.8855263312193136,0.1442307692307702,0.014423076923076986
92.4,24.141605486240167,24.14067909493344,24.0,1.0,0.8855982231191497,0.1442307692307702,0.014423076923076986
92.5,24.14067909493344,24.13974407245566,24.0,1.0,0.8856675115291411,0.1442307692307702,0.014423076923076986
92.60000000000001,24.13974407245566,24.13880057325035,24.0,1.0,0.8857342064685801,0.1442307692307702,0.014423076923076986
92.7,24.13880057325035,24.137848750421398,24.0,1.0,0.8857983179869254,0.1442307692307702,0.014423076923076986
92.80000000000001,24.137848750421398,24.13688875572885,24.0,1.0,0.8858598561612421,0.1442307692307702,0.014423076923076986
92.9,24.13688875572885,24.135920739584805,24.0,1.0,0.8859188310936567,0.1442307692307702,0.014423076923076986
93.0,24.135920739584805,24.134944851049426,24.0,1.0,0.8859752529088204,0.1442307692307702,0.014423076923076986
93.10000000000001,24.134944851049426,24.133961237827073,24.0,1.0,0.8860291317513851,0.1442307692307702,0.014423076923076986
93.2,24.133961237827073,24.13297004626255,24.0,1.0,0.8860804777834886,0.1442307692307702,0.014423076923076986
93.30000000000001,24.13297004626255,24.131971421337457,24.0,1.0,0.8861293011822533,0.1442307692307702,0.014423076923076986
93.4,24.131971421337457,24.13096550666667,24.0,1.0,0.886175612137294,0.1442307692307702,0.014423076923076986
93.5,24.13096550666667,24.129952444494908,24.0,1.0,0.886219420848238,0.1442307692307702,0.014423076923076986
93.60000000000001,24.129952444494908,24.12893237569343,24.0,1.0,0.8862607375222554,0.1442307692307702,0.014423076923076986
93.7,24.12893237569343,24.127905439756834,24.0,1.0,0.8862995723716003,0.1442307692307702,0.014423076923076986
93.80000000000001,24.127905439756834,24.12687177479994,24.0,1.0,0.8863359356111633,0.1442307692307702,0.014423076923076986
93.9,24.12687177479994,24.12583151755483,24.0,1.0,0.8863698374560345,0.1442307692307702,0.014423076923076986
94.0,24.12583151755483,24.124793160626844,24.0,1.0,0.8865827758847823,0.1442307692307702,0.028846153846153973
94.10000000000001,24.124793160626844,24.123756800002784,24.0,1.0,0.8867929931373619,0.1442307692307702,0.028846153846153973
94.2,24.123756800002784,24.12272253079679,24.0,1.0,0.8870005088165921,0.1442307692307702,0.028846153846153973
94.30000000000001,24.12272253079679,24.121690447253066,24.0,1.0,0.8872053426737951,0.1442307692307702,0.028846153846153973
94.4,24.121690447253066,24.12066064274872,24.0,1.0,0.8874075146066803,0.1442307692307702,0.028846153846153973
94.5,24.12066064274872,24.119633209796675,24.0,1.0,0.8876070446572519,0.1442307692307702,0.028846153846153973
94.60000000000001,24.119633209796675,24.118608240048673,24.0,1.0,0.8878039530097356,0.1442307692307702,0.028846153846153973
94.7,24.118608240048673,24.11758582429836,24.0,1.0,0.8879982599885295,0.1442307692307702,0.028846153846153973
94.80000000000001,24.11758582429836,24.116566052484476,24.0,1.0,0.8881899860561719,0.1442307692307702,0.028846153846153973
94.9,24.116566052484476,24.115549013694114,24.0,1.0,0.8883791518113362,0.1442307692307702,0.028846153846153973
95.0,24.115549013694114,24.114534796166062,24.0,1.0,0.888565777986844,0.1442307692307702,0.028846153846153973
95.10000000000001,24.114534796166062,24.11352348729425,24.0,1.0,0.8887498854477001,0.1442307692307702,0.028846153846153973
95.2,24.11352348729425,24.112515173631248,24.0,1.0,0.8889314951891527,0.1442307692307702,0.028846153846153973
95.30000000000001,24.112515173631248,24.111509940891885,24.0,1.0,0.8891106283347717,0.1442307692307702,0.028846153846153973
95.4,24.111509940891885,24.11050787395691,24.0,1.0,0.8892873061345518,0.1442307692307702,0.028846153846153973
95.5,24.11050787395691,24.109509056876764,24.0,1.0,0.8894615499630366,0.1442307692307702,0.028846153846153973
95.60000000000001,24.109509056876764,24.108513572875417,24.0,1.0,0.8896333813174679,0.1442307692307702,0.028846153846153973
95.7,24.108513572875417,24.10752150435429,24.0,1.0,0.8898028218159528,0.1442307692307702,0.028846153846153973
95.80000000000001,24.10752150435429,24.10653293289624,24.0,1.0,0.8899698931956582,0.1442307692307702,0.028846153846153973
95.9,24.10653293289624,24.105547939269652,24.0,1.0,0.890134617311025,0.1442307692307702,0.028846153846153973
96.0,24.105547939269652,24.10455936204052,24.0,1.0,0.8901447835272907,0.1442307692307702,0.014423076923076986
96.10000000000001,24.10455936204052,24.103567327657515,24.0,1.0,0.8901530070452626,0.1442307692307702,0.014423076923076986
96.2,24.103567327657515,24.102571961156496,24.0,1.0,0.8901593011164508,0.1442307692307702,0.014423076923076986
96.30000000000001,24.102571961156496,24.10157338616161,24.0,1.0,0.8901636789689333,0.1442307692307702,0.014423076923076986
96.4,24.10157338616161,24.100571724886517,24.0,1.0,0.8901661538054811,0.1442307692307702,0.014423076923076986
96.5,24.100571724886517,24.099567098135644,24.0,1.0,0.8901667388016982,0.1442307692307702,0.014423076923076986
96.60000000000001,24.099567098135644,24.09855962530555,24.0,1.0,0.8901654471041717,0.1442307692307702,0.014423076923076986
96.7,24.09855962530555,24.097549424386365,24.0,1.0,0.8901622918286375,0.1442307692307702,0.014423076923076986
96.80000000000001,24.097549424386365,24.09653661196327,24.0,1.0,0.8901572860581582,0.1442307692307702,0.014423076923076986
96.9,24.09653661196327,24.09552130321809,24.0,1.0,0.8901504428413127,0.1442307692307702,0.014423076923076986
97.0,24.09552130321809,24.094503611930932,24.0,1.0,0.8901417751903993,0.1442307692307702,0.014423076923076986
97.10000000000001,24.094503611930932,24.09348365048191,24.0,1.0,0.8901312960796521,0.1442307692307702,0.014423076923076986
97.2,24.09348365048191,24.092461529852926,24.0,1.0,0.8901190184434691,0.1442307692307702,0.014423076923076986
97.30000000000001,24.092461529852926,24.091437359629516,24.0,1.0,0.8901049551746534,0.1442307692307702,0.014423076923076986
97.4,24.091437359629516,24.090411248002784,24.0,1.0,0.8900891191226658,0.1442307692307702,0.014423076923076986
97.5,24.090411248002784,24.08938330177138,24.0,1.0,0.8900715230918912,0.1442307692307702,0.014423076923076986
97.60000000000001,24.08938330177138,24.08835362634355,24.0,1.0,0.8900521798399168,0.1442307692307702,0.014423076923076986
97.7,24.08835362634355,24.087322325739247,24.0,1.0,0.8900311020758214,0.1442307692307702,0.014423076923076986
97.80000000000001,24.087322325739247,24.086289502592305,24.0,1.0,0.8900083024584784,0.1442307692307702,0.014423076923076986
97.9,24.086289502592305,24.085255258152674,24.0,1.0,0.8899837935948698,0.1442307692307702,0.014423076923076986
98.0,24.085255258152674,24.084225766394987,24.0,1.0,0.8900805523530558,0.1442307692307702,0.028846153846153973
98.10000000000001,24.084225766394987,24.083201081129125,24.0,1.0,0.8901750269064518,0.1442307692307702,0.028846153846153973
98.2,24.083201081129125,24.08218125536786,24.0,1.0,0.8902672388809789,0.1442307692307702,0.028846153846153973
98.30000000000001,24.08218125536786,24.08116634133176,24.0,1.0,0.8903572099405115,0.1442307692307702,0.028846153846153973
98.4,24.08116634133176,24.08015639045414,24.0,1.0,0.8904449617853,0.1442307692307702,0.028846153846153973
98.5,24.08015639045414,24.07915145338609,24.0,1.0,0.8905305161504148,0.1442307692307702,0.028846153846153973
98.60000000000001,24.07915145338609,24.07815158000152,24.0,1.0,0.8906138948042136,0.1442307692307702,0.028846153846153973
98.7,24.07815158000152,24.077156819402283,24.0,1.0,0.8906951195468282,0.1442307692307702,0.028846153846153973
98.80000000000001,24.077156819402283,24.076167219923306,24.0,1.0,0.8907742122086756,0.1442307692307702,0.028846153846153973
98.9,24.076167219923306,24.075182829137812,24.0,1.0,0.8908511946489864,0.1442307692307702,0.028846153846153973
99.0,24.075182829137812,24.07420369386256,24.0,1.0,0.8909260887543609,0.1442307692307702,0.028846153846153973
99.10000000000001,24.07420369386256,24.07322986016313,24.0,1.0,0.8909989164373416,0.1442307692307702,0.028846153846153973
99.2,24.07322986016313,24.072261373359268,24.0,1.0,0.8910696996350099,0.1442307692307702,0.028846153846153973
99.30000000000001,24.072261373359268,24.071298278030255,24.0,1.0,0.8911384603076045,0.1442307692307702,0.028846153846153973
99.4,24.071298278030255,24.070340618020346,24.0,1.0,0.8912052204371611,0.1442307692307702,0.028846153846153973
99.5,24.070340618020346,24.06938843644422,24.0,1.0,0.8912700020261751,0.1442307692307702,0.028846153846153973
99.60000000000001,24.06938843644422,24.06844177569249,24.0,1.0,0.8913328270962847,0.1442307692307702,0.028846153846153973
99.7,24.06844177569249,24.067500677437256,24.0,1.0,0.8913937176869751,0.1442307692307702,0.028846153846153973
99.80000000000001,24.067500677437256,24.066565182637675,24.0,1.0,0.8914526958543082,0.1442307692307702,0.028846153846153973
99.9,24.066565182637675,24.06563533154561,24.0,1.0,0.8915097836696696,0.1442307692307702,0.028846153846153973
100.0,24.06563533154561,24.06470625741466,24.0,1.0,0.8914703368749666,0.1442307692307702,0.014423076923076986
100.10000000000001,24.06470625741466,24.06377804750986,24.0,1.0,0.8914296621311966,0.1442307692307702,0.014423076923076986
100.2,24.06377804750986,24.06285078779814,24.0,1.0,0.8913877732711435,0.1442307692307702,0.014423076923076986
100.30000000000001,24.06285078779814,24.061924562953276,24.0,1.0,0.8913446840643544,0.1442307692307702,0.014423076923076986
100.4,24.061924562953276,24.060999456360882,24.0,1.0,0.8913004082159893,0.1442307692307702,0.014423076923076986
100.5,24.060999456360882,24.060075550123457,24.0,1.0,0.8912549593656838,0.1442307692307702,0.014423076923076986
100.60000000000001,24.060075550123457,24.05915292506545,24.0,1.0,0.8912083510864255,0.1442307692307702,0.014423076923076986
100.7,24.05915292506545,24.058231660738368,24.0,1.0,0.8911605968834421,0.1442307692307702,0.014423076923076986
100.80000000000001,24.058231660738368,24.057311835425914,24.0,1.0,0.8911117101931008,0.1442307692307702,0.014423076923076986
100.9,24.057311835425914,24.05639352614916,24.0,1.0,0.8910617043818225,0.1442307692307702,0.014423076923076986
101.0,24.05639352614916,24.055476808671763,24.0,1.0,0.8910105927450062,0.1442307692307702,0.014423076923076986
101.10000000000001,24.055476808671763,24.054561757505184,24.0,1.0,0.8909583885059656,0.1442307692307702,0.014423076923076986
101.2,24.054561757505184,24.053648445913968,24.0,1.0,0.8909051048148798,0.1442307692307702,0.014423076923076986
101.30000000000001,24.053648445913968,24.052736945921033,24.0,1.0,0.8908507547477535,0.1442307692307702,0.014423076923076986
101.4,24.052736945921033,24.051827328313,24.0,1.0,0.8907953513053894,0.1442307692307702,0.014423076923076986
101.5,24.051827328313,24.050919662645526,24.0,1.0,0.8907389074123744,0.1442307692307702,0.014423076923076986
101.60000000000001,24.050919662645526,24.0500140172487,24.0,1.0,0.8906814359160737,0.1442307692307702,0.014423076923076986
101.7,24.0500140172487,24.04911045923243,24.0,1.0,0.89062294958564,0.1442307692307702,0.014423076923076986
101.80000000000001,24.04911045923243,24.048209054491874,24.0,1.0,0.8905634611110327,0.1442307692307702,0.014423076923076986
101.9,24.048209054491874,24.04730986771288,24.0,1.0,0.8905029831020465,0.1442307692307702,0.014423076923076986
102.0,24.04730986771288,24.04641673958033,24.0,1.0,0.8905097634734785,0.1442307692307702,0.028846153846153973
102.10000000000001,24.04641673958033,24.045529688871973,24.0,1.0,0.8905148413569964,0.1442307692307702,0.028846153846153973
102.2,24.045529688871973,24.04464873371997,24.0,1.0,0.8905182369919603,0.1442307692307702,0.028846153846153973
102.30000000000001,24.04464873371997,24.04377389161664,24.0,1.0,0.8905199705769214,0.1442307692307702,0.028846153846153973
102.4,24.04377389161664,24.042905179420227,24.0,1.0,0.8905200622686047,0.1442307692307702,0.028846153846153973
102.5,24.042905179420227,24.04204261336066,24.0,1.0,0.8905185321809109,0.1442307692307702,0.028846153846153973
102.60000000000001,24.04204261336066,24.041186209045364,24.0,1.0,0.8905154003839368,0.1442307692307702,0.028846153846153973
102.7,24.041186209045364,24.040335981465056,24.0,1.0,0.8905106869030154,0.1442307692307702,0.028846153846153973
102.80000000000001,24.040335981465056,24.03949194499958,24.0,1.0,0.8905044117177741,0.1442307692307702,0.028846153846153973
102.9,24.03949194499958,24.03865411342373,24.0,1.0,0.8904965947612137,0.1442307692307702,0.028846153846153973
103.0,24.03865411342373,24.037822499913112,24.0,1.0,0.8904872559188037,0.1442307692307702,0.028846153846153973
103.10000000000001,24.037822499913112,24.036997117050014,24.0,1.0,0.8904764150275988,0.1442307692307702,0.028846153846153973
103.2,24.036997117050014,24.03617797682926,24.0,1.0,0.8904640918753731,0.1442307692307702,0.028846153846153973
103.30000000000001,24.03617797682926,24.03536509066413,24.0,1.0,0.8904503061997721,0.1442307692307702,0.028846153846153973
103.4,24.03536509066413,24.034558469392234,24.0,1.0,0.890435077687486,0.1442307692307702,0.028846153846153973
103.5,24.034558469392234,24.03375812328144,24.0,1.0,0.8904184259734402,0.1442307692307702,0.028846153846153973
103.60000000000001,24.03375812328144,24.0329640620358,24.0,1.0,0.8904003706400031,0.1442307692307702,0.028846153846153973
103.7,24.0329640620358,24.03217629480146,24.0,1.0,0.8903809312162158,0.1442307692307702,0.028846153846153973
103.80000000000001,24.03217629480146,24.031394830172633,24.0,1.0,0.8903601271770365,0.1442307692307702,0.028846153846153973
103.9,24.031394830172633,24.030619676197528,24.0,1.0,0.8903379779426076,0.1442307692307702,0.028846153846153973
104.0,24.030619676197528,24.029848117781054,24.0,1.0,0.8902703398830215,0.1442307692307702,0.014423076923076986
104.10000000000001,24.029848117781054,24.02908020491984,24.0,1.0,0.8902021075889834,0.1442307692307702,0.014423076923076986
104.2,24.02908020491984,24.028315986553597,24.0,1.0,0.8901332935295582,0.1442307692307702,0.014423076923076986
104.30000000000001,24.028315986553597,24.027555510572032,24.0,1.0,0.8900639100919563,0.1442307692307702,0.014423076923076986
104.4,24.027555510572032,24.026798823821732,24.0,1.0,0.8899939695810171,0.1442307692307702,0.014423076923076986
104.5,24.026798823821732,24.0260459721131,24.0,1.0,0.8899234842186974,0.1442307692307702,0.014423076923076986
104.60000000000001,24.0260459721131,24.025297000227248,24.0,1.0,0.8898524661435769,0.1442307692307702,0.014423076923076986
104.7,24.025297000227248,24.024551951922934,24.0,1.0,0.8897809274103684,0.1442307692307702,0.014423076923076986
104.80000000000001,24.024551951922934,24.02381086994348,24.0,1.0,0.8897088799894427,0.1442307692307702,0.014423076923076986
104.9,24.02381086994348,24.02307379602368,24.0,1.0,0.8896363357663628,0.1442307692307702,0.014423076923076986
105.0,24.02307379602368,24.02234077089676,24.0,1.0,0.8895633065414262,0.1442307692307702,0.014423076923076986
105.10000000000001,24.02234077089676,24.02161183430128,24.0,1.0,0.8894898040292216,0.1442307692307702,0.014423076923076986
105.2,24.02161183430128,24.02088702498806,24.0,1.0,0.8894158398581923,0.1442307692307702,0.014423076923076986
105.30000000000001,24.02088702498806,24.020166380727122,24.0,1.0,0.8893414255702108,0.1442307692307702,0.014423076923076986
105.4,24.020166380727122,24.019449938314608,24.0,1.0,0.8892665726201627,0.1442307692307702,0.014423076923076986
105.5,24.019449938314608,24.018737733579695,24.0,1.0,0.8891912923755424,0.1442307692307702,0.014423076923076986
105.60000000000001,24.018737733579695,24.018029801391524,24.0,1.0,0.8891155961160544,0.1442307692307702,0.014423076923076986
105.7,24.018029801391524,24.017326175666117,24.0,1.0,0.8890394950332292,0.1442307692307702,0.014423076923076986
105.80000000000001,24.017326175666117,24.01662688937328,24.0,1.0,0.8889630002300446,0.1442307692307702,0.014423076923076986
105.9,24.01662688937328,24.015931974543523,24.0,1.0,0.8888861227205587,0.1442307692307702,0.014423076923076986
106.0,24.015931974543523,24.015243224385774,24.0,1.0,0.8888318522389884,0.1442307692307702,0.028846153846153973
106.10000000000001,24.015243224385774,24.01456063186366,24.0,1.0,0.8887764841135026,0.1442307692307702,0.028846153846153973
106.2,24.01456063186366,24.013884189478375,24.0,1.0,0.8887200350916505,0.1442307692307702,0.028846153846153973
106.30000000000001,24.013884189478375,24.013213889274272,24.0,1.0,0.8886625218326529,0.1442307692307702,0.028846153846153973
106.4,24.013213889274272,24.012549722844415,24.0,1.0,0.8886039609068908,0.1442307692307702,0.028846153846153973
106.5,24.012549722844415,24.011891681336134,24.0,1.0,0.888544368795405,0.1442307692307702,0.028846153846153973
106.60000000000001,24.011891681336134,24.01123975545659,24.0,1.0,0.888483761889411,0.1442307692307702,0.028846153846153973
106.7,24.01123975545659,24.010593935478294,24.0,1.0,0.8884221564898321,0.1442307692307702,0.028846153846153973
106.80000000000001,24.010593935478294,24.00995421124467,24.0,1.0,0.8883595688068423,0.1442307692307702,0.028846153846153973
106.9,24.00995421124467,24.009320572175543,24.0,1.0,0.888296014959429,0.1442307692307702,0.028846153846153973
107.0,24.009320572175543,24.008693007272694,24.0,1.0,0.8882315109749654,0.1442307692307702,0.028846153846153973
107.10000000000001,24.008693007272694,24.008071505125326,24.0,1.0,0.8881660727888026,0.1442307692307702,0.028846153846153973
107.2,24.008071505125326,24.007456053915586,24.0,1.0,0.8880997162438705,0.1442307692307702,0.028846153846153973
107.30000000000001,24.007456053915586,24.006846641424037,24.0,1.0,0.8880324570902992,0.1442307692307702,0.028846153846153973
107.4,24.006846641424037,24.006243255035137,24.0,1.0,0.8879643109850489,0.1442307692307702,0.028846153846153973
107.5,24.006243255035137,24.005645881742698,24.0,1.0,0.887895293491559,0.1442307692307702,0.028846153846153973
107.60000000000001,24.005645881742698,24.00505450815534,24.0,1.0,0.8878254200794072,0.1442307692307702,0.028846153846153973
107.7,24.00505450815534,24.004469120501923,24.0,1.0,0.8877547061239863,0.1442307692307702,0.028846153846153973
107.80000000000001,24.004469120501923,24.00388970463699,24.0,1.0,0.8876831669061914,0.1442307692307702,0.028846153846153973
107.9,24.00388970463699,24.003316246046165,24.0,1.0,0.887610817612125,0.1442307692307702,0.028846153846153973
108.0,24.003316246046165,24.002747812993242,24.0,1.0,0.8875328902856303,0.1442307692307702,0.014423076923076986
108.10000000000001,24.002747812993242,24.00218442420942,24.0,1.0,0.8874548679409682,0.1442307692307702,0.014423076923076986
108.2,24.00218442420942,24.00162609766425,24.0,1.0,0.8873767605551423,0.1442307692307702,0.014423076923076986
108.30000000000001,24.00162609766425,24.00107285057295,24.0,1.0,0.8872985780212198,0.1442307692307702,0.014423076923076986
108.4,24.00107285057295,24.000524699403712,24.0,1.0,0.8872203301483009,0.1442307692307702,0.014423076923076986
108.5,24.000524699403712,23.999981659885005,24.0,1.0,0.8871420266614933,0.1442307692307702,0.014423076923076986
108.60000000000001,23.999981659885005,23.999443747012837,24.0,1.0,0.8870636772018985,0.1442307692307702,0.014423076923076986
108.7,23.999443747012837,23.998910975058006,24.0,1.0,0.8869852913266042,0.1442307692307702,0.014423076923076986
108.80000000000001,23.998910975058006,23.998383357573356,24.0,1.0,0.8869068785086835,0.1442307692307702,0.014423076923076986
108.9,23.998383357573356,23.99786090740098,24.0,1.0,0.8868284481372052,0.1442307692307702,0.014423076923076986
109.0,23.99786090740098,23.997343636679428,24.0,1.0,0.8867500095172485,0.1442307692307702,0.014423076923076986
109.10000000000001,23.997343636679428,23.996831556850882,24.0,1.0,0.8866715718699276,0.1442307692307702,0.014423076923076986
109.2,23.996831556850882,23.996324678668326,24.0,1.0,0.8865931443324222,0.1442307692307702,0.014423076923076986
109.30000000000001,23.996324678668326,23.995823012202674,24.0,1.0,0.8865147359580176,0.1442307692307702,0.014423076923076986
109.4,23.995823012202674,23.9953265668499,24.0,1.0,0.8864363557161485,0.1442307692307702,0.014423076923076986
109.5,23.9953265668499,23.994835351338132,24.0,1.0,0.886358012492455,0.1442307692307702,0.014423076923076986
109.60000000000001,23.994835351338132,23.994349373734728,24.0,1.0,0.8862797150888415,0.1442307692307702,0.014423076923076986
109.7,23.994349373734728,23.993868641453325,24.0,1.0,0.886201472223545,0.1442307692307702,0.014423076923076986
109.80000000000001,23.993868641453325,23.993393161260876,24.0,1.0,0.886123292531208,0.1442307692307702,0.014423076923076986
109.9,23.993393161260876,23.992922939284657,24.0,1.0,0.8860451845629618,0.1442307692307702,0.014423076923076986
110.0,23.992922939284657,23.992458171863625,24.0,1.0,0.8859569494874052,0.1442307692307702,0.028846153846153973
110.10000000000001,23.992458171863625,23.991998835584315,24.0,1.0,0.885868160451286,0.1442307692307702,0.028846153846153973
110.2,23.991998835584315,23.991544906751955,24.0,1.0,0.8857788297444174,0.1442307692307702,0.028846153846153973
110.30000000000001,23.991544906751955,23.991096361395208,24.0,1.0,0.8856889695476883,0.1442307692307702,0.028846153846153973
110.4,23.991096361395208,23.990653175270914,24.0,1.0,0.8855985919329514,0.1442307692307702,0.028846153846153973
110.5,23.990653175270914,23.990215323868796,24.0,1.0,0.8855077088629213,0.1442307692307702,0.028846153846153973
110.60000000000001,23.990215323868796,23.989782782416135,24.0,1.0,0.8854163321910833,0.1442307692307702,0.028846153846153973
110.7,23.989782782416135,23.98935552588244,24.0,1.0,0.8853244736616116,0.1442307692307702,0.028846153846153973
110.80000000000001,23.98935552588244,23.988933528984088,24.0,1.0,0.8852321449092974,0.1442307692307702,0.028846153846153973
110.9,23.988933528984088,23.988516766188923,24.0,1.0,0.8851393574594889,0.1442307692307702,0.028846153846153973
111.0,23.988516766188923,23.988105211720864,24.0,1.0,0.8850461227280388,0.1442307692307702,0.028846153846153973
111.10000000000001,23.988105211720864,23.987698839564462,24.0,1.0,0.8849524520212637,0.1442307692307702,0.028846153846153973
111.2,23.987698839564462,23.98729762346945,24.0,1.0,0.8848583565359109,0.1442307692307702,0.028846153846153973
111.30000000000001,23.98729762346945,23.986901536955244,24.0,1.0,0.884763847359138,0.1442307692307702,0.028846153846153973
111.4,23.986901536955244,23.98651055331547,24.0,1.0,0.8846689354684988,0.1442307692307702,0.028846153846153973
111.5,23.98651055331547,23.9861246456224,24.0,1.0,0.8845736317319413,0.1442307692307702,0.028846153846153973
111.60000000000001,23.9861246456224,23.98574378673142,24.0,1.0,0.8844779469078131,0.1442307692307702,0.028846153846153973
111.7,23.98574378673142,23.98536794928543,24.0,1.0,0.8843818916448776,0.1442307692307702,0.028846153846153973
111.80000000000001,23.98536794928543,23.98499710571926,24.0,1.0,0.884285476482337,0.1442307692307702,0.028846153846153973
111.9,23.98499710571926,23.98463122826403,24.0,1.0,0.884188711849868,0.1442307692307702,0.028846153846153973
112.0,23.98463122826403,23.98427069622442,24.0,1.0,0.8841137745653598,0.1442307692307702,0.014423076923076986
112.10000000000001,23.98427069622442,23.983915505043182,24.0,1.0,0.8840390882561248,0.1442307692307702,0.014423076923076986
112.2,23.983915505043182,23.983565649695425,24.0,1.0,0.8839646599680275,0.1442307692307702,0.014423076923076986
112.30000000000001,23.983565649695425,23.9832211246953,24.0,1.0,0.8838904966722386,0.1442307692307702,0.014423076923076986
112.4,23.9832211246953,23.982881924102657,24.0,1.0,0.8838166052655314,0.1442307692307702,0.014423076923076986
112.5,23.982881924102657,23.982548041529647,24.0,1.0,0.8837429925705865,0.1442307692307702,0.014423076923076986
112.60000000000001,23.982548041529647,23.982219470147335,24.0,1.0,0.883669665336301,0.1442307692307702,0.014423076923076986
112.7,23.982219470147335,23.981896202692244,24.0,1.0,0.8835966302381031,0.1442307692307702,0.014423076923076986
112.80000000000001,23.981896202692244,23.9815782314729,24.0,1.0,0.8835238938782711,0.1442307692307702,0.014423076923076986
112.9,23.9815782314729,23.981265548376317,24.0,1.0,0.8834514627862591,0.1442307692307702,0.014423076923076986
113.0,23.981265548376317,23.980958144874492,24.0,1.0,0.8833793434190258,0.1442307692307702,0.014423076923076986
113.10000000000001,23.980958144874492,23.98065601203082,24.0,1.0,0.88330754216137,0.1442307692307702,0.014423076923076986
113.2,23.98065601203082,23.980359140506522,24.0,1.0,0.8832360653262694,0.1442307692307702,0.014423076923076986
113.30000000000001,23.980359140506522,23.980067520567015,24.0,1.0,0.8831649191552261,0.1442307692307702,0.014423076923076986
113.4,23.980067520567015,23.97978114208826,24.0,1.0,0.8830941098186151,0.1442307692307702,0.014423076923076986
113.5,23.97978114208826,23.979499994563078,24.0,1.0,0.8830236434160373,0.1442307692307702,0.014423076923076986
113.60000000000001,23.979499994563078,23.979224067107438,24.0,1.0,0.8829535259766789,0.1442307692307702,0.014423076923076986
113.7,23.979224067107438,23.978953348466703,24.0,1.0,0.8828837634596742,0.1442307692307702,0.014423076923076986
113.80000000000001,23.978953348466703,23.978687827021858,24.0,1.0,0.882814361754472,0.1442307692307702,0.014423076923076986
113.9,23.978687827021858,23.978427490795685,24.0,1.0,0.8827453266812085,0.1442307692307702,0.014423076923076986
114.0,23.978427490795685,23.978171443011984,24.0,1.0,0.8826455497951136,0.1442307692307702,0.028846153846153973
114.10000000000001,23.978171443011984,23.977919652268103,24.0,1.0,0.882545652834999,0.1442307692307702,0.028846153846153973
114.2,23.977919652268103,23.97767208703688,24.0,1.0,0.8824456435515586,0.1442307692307702,0.028846153846153973
114.30000000000001,23.97767208703688,23.977428715670246,24.0,1.0,0.8823455295865847,0.1442307692307702,0.028846153846153973
114.4,23.977428715670246,23.977189506402794,24.0,1.0,0.8822453184731384,0.1442307692307702,0.028846153846153973
114.5,23.977189506402794,23.976954427355324,24.0,1.0,0.8821450176357255,0.1442307692307702,0.028846153846153973
114.60000000000001,23.976954427355324,23.976723446538347,24.0,1.0,0.8820446343904806,0.1442307692307702,0.028846153846153973
114.7,23.976723446538347,23.976496531855577,24.0,1.0,0.8819441759453542,0.1442307692307702,0.028846153846153973
114.80000000000001,23.976496531855577,23.976273651107373,24.0,1.0,0.8818436494003075,0.1442307692307702,0.028846153846153973
114.9,23.976273651107373,23.976054771994168,24.0,1.0,0.8817430617475107,0.1442307692307702,0.028846153846153973
115.0,23.976054771994168,23.97583986211985,24.0,1.0,0.8816424198715508,0.1442307692307702,0.028846153846153973
115.10000000000001,23.97583986211985,23.975628888995136,24.0,1.0,0.8815417305496395,0.1442307692307702,0.028846153846153973
115.2,23.975628888995136,23.97542182004089,24.0,1.0,0.8814410004518298,0.1442307692307702,0.028846153846153973
115.30000000000001,23.97542182004089,23.975218622591427,24.0,1.0,0.8813402361412391,0.1442307692307702,0.028846153846153973
115.4,23.975218622591427,23.97501926389779,24.0,1.0,0.8812394440742728,0.1442307692307702,0.028846153846153973
115.5,23.97501926389779,23.974823711130977,24.0,1.0,0.881138630600857,0.1442307692307702,0.028846153846153973
115.60000000000001,23.974823711130977,23.97463193138516,24.0,1.0,0.8810378019646754,0.1442307692307702,0.028846153846153973
115.7,23.97463193138516,23.97444389168086,24.0,1.0,0.8809369643034093,0.1442307692307702,0.028846153846153973
115.80000000000001,23.97444389168086,23.974259558968086,24.0,1.0,0.8808361236489836,0.1442307692307702,0.028846153846153973
115.9,23.974259558968086,23.974078900129467,24.0,1.0,0.8807352859278185,0.1442307692307702,0.028846153846153973
116.0,23.974078900129467,23.973903123444927,24.0,1.0,0.8806718431628197,0.1442307692307702,0.014423076923076986
116.10000000000001,23.973903123444927,23.973732209355596,24.0,1.0,0.8806088510305952,0.1442307692307702,0.014423076923076986
116.2,23.973732209355596,23.9735661380909,24.0,1.0,0.8805463137235121,0.1442307692307702,0.014423076923076986
116.30000000000001,23.9735661380909,23.973404889673958,24.0,1.0,0.8804842353748887,0.1442307692307702,0.014423076923076986
116.4,23.973404889673958,23.97324844392696,24.0,1.0,0.8804226200594751,0.1442307692307702,0.014423076923076986
116.5,23.97324844392696,23.973096780476485,24.0,1.0,0.8803614717939373,0.1442307692307702,0.014423076923076986
116.60000000000001,23.973096780476485,23.972949878758822,24.0,1.0,0.8803007945373446,0.1442307692307702,0.014423076923076986
116.7,23.972949878758822,23.972807718025216,24.0,1.0,0.8802405921916607,0.1442307692307702,0.014423076923076986
116.80000000000001,23.972807718025216,23.972670277347106,24.0,1.0,0.8801808686022347,0.1442307692307702,0.014423076923076986
116.9,23.972670277347106,23.97253753562133,24.0,1.0,0.8801216275582964,0.1442307692307702,0.014423076923076986
117.0,23.97253753562133,23.97240947157528,24.0,1.0,0.8800628727934557,0.1442307692307702,0.014423076923076986
117.10000000000001,23.97240947157528,23.972286063772025,24.0,1.0,0.8800046079862011,0.1442307692307702,0.014423076923076986
117.2,23.972286063772025,23.972167290615428,24.0,1.0,0.8799468367604028,0.1442307692307702,0.014423076923076986
117.30000000000001,23.972167290615428,23.972053130355185,24.0,1.0,0.8798895626858197,0.1442307692307702,0.014423076923076986
117.4,23.972053130355185,23.971943561091866,24.0,1.0,0.8798327892786048,0.1442307692307702,0.014423076923076986
117.5,23.971943561091866,23.971838560781897,24.0,1.0,0.8797765200018162,0.1442307692307702,0.014423076923076986
117.60000000000001,23.971838560781897,23.971738107242526,24.0,1.0,0.8797207582659292,0.1442307692307702,0.014423076923076986
117.7,23.971738107242526,23.971642178156745,24.0,1.0,0.8796655074293506,0.1442307692307702,0.014423076923076986
117.80000000000001,23.971642178156745,23.971550751078173,24.0,1.0,0.8796107707989351,0.1442307692307702,0.014423076923076986
117.9,23.971550751078173,23.971463803435917,24.0,1.0,0.8795565516305038,0.1442307692307702,0.014423076923076986
118.0,23.971463803435917,23.971379820823717,24.0,1.0,0.8794616951535513,0.1442307692307702,0.028846153846153973
118.10000000000001,23.971379820823717,23.971298770473105,24.0,1.0,0.8793670240676293,0.1442307692307702,0.028846153846153973
118.2,23.971298770473105,23.971220619611767,24.0,1.0,0.8792725421049634,0.1442307692307702,0.028846153846153973
118.30000000000001,23.971220619611767,23.97114533546592,24.0,1.0,0.879178252902689,0.1442307692307702,0.028846153846153973
118.4,23.97114533546592,23.971072885262657,24.0,1.0,0.8790841600031897,0.1442307692307702,0.028846153846153973
118.5,23.971072885262657,23.971003236232264,24.0,1.0,0.8789902668544384,0.1442307692307702,0.028846153846153973
118.60000000000001,23.971003236232264,23.970936355610498,24.0,1.0,0.8788965768103401,0.1442307692307702,0.028846153846153973
118.7,23.970936355610498,23.970872210640838,24.0,1.0,0.8788030931310772,0.1442307692307702,0.028846153846153973
118.80000000000001,23.970872210640838,23.97081076857671,24.0,1.0,0.8787098189834556,0.1442307692307702,0.028846153846153973
118.9,23.97081076857671,23.970751996683667,24.0,1.0,0.8786167574412543,0.1442307692307702,0.028846153846153973
119.0,23.970751996683667,23.970695862241563,24.0,1.0,0.8785239114855763,0.1442307692307702,0.028846153846153973
119.10000000000001,23.970695862241563,23.970642332546664,24.0,1.0,0.8784312840052003,0.1442307692307702,0.028846153846153973
119.2,23.970642332546664,23.97059137491376,24.0,1.0,0.8783388777969361,0.1442307692307702,0.028846153846153973
119.30000000000001,23.97059137491376,23.97054295667822,24.0,1.0,0.87824669556598,0.1442307692307702,0.028846153846153973
119.4,23.97054295667822,23.970497045198034,24.0,1.0,0.8781547399262719,0.1442307692307702,0.028846153846153973
119.5,23.970497045198034,23.97045360785582,24.0,1.0,0.8780630134008548,0.1442307692307702,0.028846153846153973
119.60000000000001,23.97045360785582,23.970412612060798,24.0,1.0,0.8779715184222351,0.1442307692307702,0.028846153846153973
119.7,23.970412612060798,23.970374025250734,24.0,1.0,0.8778802573327439,0.1442307692307702,0.028846153846153973
119.80000000000001,23.970374025250734,23.970337814893853,24.0,1.0,0.8777892323849004,0.1442307692307702,0.028846153846153973
119.9,23.970337814893853,23.970303948490727,24.0,1.0,0.8776984457417746,0.1442307692307702,0.028846153846153973
