time,temperature,next_temperature,setpoint,disturbance,command,kp,ki
0.0,28.0,28.009975041614634,24.0,0.0,1.0,1.0341153754368666,0.23782390270900378
0.1,28.009975041614634,28.019900332501663,24.0,0.0,1.0,1.0341153754368666,0.23782390270900378
0.2,28.019900332501663,28.029776120793873,24.0,0.0,1.0,1.0341153754368666,0.23782390270900378
0.30000000000000004,28.029776120793873,28.03960265338649,24.0,0.0,1.0,1.0341153754368666,0.23782390270900378
0.4,28.03960265338649,28.049380175943334,24.0,0.0,1.0,1.0341153754368666,0.23782390270900378
0.5,28.049380175943334,28.059108932902983,24.0,0.0,1.0,1.0341153754368666,0.23782390270900378
0.6000000000000001,28.059108932902983,28.068789167484866,24.0,0.0,1.0,1.0341153754368666,0.23782390270900378
0.7000000000000001,28.068789167484866,28.078421121695353,24.0,0.0,1.0,1.0341153754368666,0.23782390270900378
0.8,28.078421121695353,28.0880050363338,24.0,0.0,1.0,1.0341153754368666,0.23782390270900378
0.9,28.0880050363338,28.097541150998573,24.0,0.0,1.0,1.0341153754368666,0.23782390270900378
1.0,28.097541150998573,28.107029704093033,24.0,0.0,1.0,1.0341153754368666,0.23782390270900378
1.1,28.107029704093033,28.116470932831504,24.0,0.0,1.0,1.0341153754368666,0.23782390270900378
1.2000000000000002,28.116470932831504,28.125865073245194,24.0,0.0,1.0,1.0341153754368666,0.23782390270900378
1.3,28.125865073245194,28.135212360188106,24.0,0.0,1.0,1.0341153754368666,0.23782390270900378
1.4000000000000001,28.135212360188106,28.144513027342896,24.0,0.0,1.0,1.0341153754368666,0.23782390270900378
1.5,28.144513027342896,28.15376730722673,24.0,0.0,1.0,1.0341153754368666,0.23782390270900378
1.6,28.15376730722673,28.162975431197086,24.0,0.0,1.0,1.0341153754368666,0.23782390270900378
1.7000000000000002,28.162975431197086,28.172137629457545,24.0,0.0,1.0,1.0341153754368666,0.23782390270900378
1.8,28.172137629457545,28.18125413106354,24.0,0.0,1.0,1.0341153754368666,0.23782390270900378
1.9000000000000001,28.18125413106354,28.190325163928083,24.0,0.0,1.0,1.0341153754368666,0.23782390270900378
2.0,28.190325163928083,28.15945078836893,24.0,0.0,1.0,1.0341153754368666,0.23782390270900378
2.1,28.15945078836893,28.12873039940029,24.0,0.0,1.0,1.0341153754368666,0.23782390270900378
2.2,28.12873039940029,28.09816322901084,24.0,0.0,1.0,1.0341153754368666,0.23782390270900378
2.3000000000000003,28.09816322901084,28.06774851301973,24.0,0.0,1.0,1.0341153754368666,0.23782390270900378
2.4000000000000004,28.06774851301973,28.037485491057474,24.0,0.0,1.0,1.0341153754368666,0.23782390270900378
2.5,28.037485491057474,28.007373406546947,24.0,0.0,1.0,1.0341153754368666,0.23782390270900378
2.6,28.007373406546947,27.97741150668447,24.0,0.0,1.0,1.0341153754368666,0.23782390270900378
2.7,27.97741150668447,27.94759904242098,24.0,0.0,1.0,1.0341153754368666,0.23782390270900378
2.8000000000000003,27.94759904242098,27.917935268443323,24.0,0.0,1.0,1.0341153754368666,0.23782390270900378
2.9000000000000004,27.917935268443323,27.888419443155602,24.0,0.0,1.0,1.0341153754368666,0.23782390270900378
3.0,27.888419443155602,27.85905082866065,24.0,0.0,1.0,1.0341153754368666,0.23782390270900378
3.1,27.85905082866065,27.82982869074157,24.0,0.0,1.0,1.0341153754368666,0.23782390270900378
3.2,27.82982869074157,27.8007522988434,24.0,0.0,1.0,1.0341153754368666,0.23782390270900378
3.3000000000000003,27.8007522988434,27.771820926054822,24.0,0.0,1.0,1.0341153754368666,0.23782390270900378
3.4000000000000004,27.771820926054822,27.74303384909001,24.0,0.0,1.0,1.0341153754368666,0.23782390270900378
3.5,27.74303384909001,27.714390348270545,24.0,0.0,1.0,1.0341153754368666,0.23782390270900378
3.6,27.714390348270545,27.68588970750741,24.0,0.0,1.0,1.0341153754368666,0.23782390270900378
3.7,27.68588970750741,27.657531214283104,24.0,0.0,1.0,1.0341153754368666,0.23782390270900378
3.8000000000000003,27.657531214283104,27.629314159633818,24.0,0.0,1.0,1.0341153754368666,0.23782390270900378
3.9000000000000004,27.629314159633818,27.601237838131716,24.0,0.0,1.0,1.0341153754368666,0.23782390270900378
4.0,27.601237838131716,27.5733015478673,24.0,0.0,1.0,1.0341153754368666,0.23782390270900378
4.1000000000000005,27.5733015478673,27.545504590431854,24.0,0.0,1.0,1.0341153754368666,0.23782390270900378
4.2,27.545504590431854,27.517846270899998,24.0,0.0,1.0,1.0341153754368666,0.23782390270900378
4.3,27.517846270899998,27.490325897812305,24.0,0.0,1.0,1.0341153754368666,0.23782390270900378
4.4,27.490325897812305,27.46294278315801,24.0,0.0,1.0,1.0341153754368666,0.23782390270900378
4.5,27.46294278315801,27.43569624235782,24.0,0.0,1.0,1.0341153754368666,0.23782390270900378
4.6000000000000005,27.43569624235782,27.4085855942468,24.0,0.0,1.0,1.0341153754368666,0.23782390270900378
4.7,27.4085855942468,27.38161016105734,24.0,0.0,1.0,1.0341153754368666,0.23782390270900378
4.800000000000001,27.38161016105734,27.354769268402194,24.0,0.0,1.0,1.0341153754368666,0.23782390270900378
4.9,27.354769268402194,27.32806224525765,24.0,0.0,1.0,1.0341153754368666,0.23782390270900378
5.0,27.32806224525765,27.301488423946743,24.0,0.0,1.0,1.0341153754368666,0.23782390270900378
5.1000000000000005,27.301488423946743,27.275047140122556,24.0,0.0,1.0,1.0341153754368666,0.23782390270900378
5.2,27.275047140122556,27.248737732751614,24.0,0.0,1.0,1.0341153754368666,0.23782390270900378
5.300000000000001,27.248737732751614,27.22255954409736,24.0,0.0,1.0,1.0341153754368666,0.23782390270900378
5.4,27.22255954409736,27.19651191970372,24.0,0.0,1.0,1.0341153754368666,0.23782390270900378
5.5,27.19651191970372,27.170594208378724,24.0,0.0,1.0,1.0341153754368666,0.23782390270900378
5.6000000000000005,27.170594208378724,27.144805762178237,24.0,0.0,1.0,1.0341153754368666,0.23782390270900378
5.7,27.144805762178237,27.119145936389764,24.0,0.0,1.0,1.0341153754368666,0.23782390270900378
5.800000000000001,27.119145936389764,27.093614089516322,24.0,0.0,1.0,1.0341153754368666,0.23782390270900378
5.9,27.093614089516322,27.068209583260412,24.0,0.0,1.0,1.0341153754368666,0.23782390270900378
6.0,27.068209583260412,27.042931782508056,24.0,0.0,1.0,1.0341153754368666,0.23782390270900378
6.1000000000000005,27.042931782508056,27.01778005531291,24.0,0.0,1.0,1.0341153754368666,0.23782390270900378
6.2,27.01778005531291,26.992753772880494,24.0,0.0,1.0,1.0341153754368666,0.23782390270900378
6.300000000000001,26.992753772880494,26.96785230955244,24.0,0.0,1.0,1.0341153754368666,0.23782390270900378
6.4,26.96785230955244,26.943075042790866,24.0,0.0,1.0,1.0341153754368666,0.23782390270900378
6.5,26.943075042790866,26.918421353162813,24.0,0.0,1.0,1.0341153754368666,0.23782390270900378
6.6000000000000005,26.918421353162813,26.893890624324758,24.0,0.0,1.0,1.0341153754368666,0.23782390270900378
6.7,26.893890624324758,26.8694822430072,24.0,0.0,1.0,1.0341153754368666,0.23782390270900378
6.800000000000001,26.8694822430072,26.84519559899934,24.0,0.0,1.0,1.0341153754368666,0.23782390270900378
6.9,26.84519559899934,26.821030085133806,24.0,0.0,1.0,1.0341153754368666,0.23782390270900378
7.0,26.821030085133806,26.796985097271495,24.0,0.0,1.0,1.0341153754368666,0.23782390270900378
7.1000000000000005,26.796985097271495,26.77306003428646,24.0,0.0,1.0,1.0341153754368666,0.23782390270900378
7.2,26.77306003428646,26.74925429805088,24.0,0.0,1.0,1.0341153754368666,0.23782390270900378
7.300000000000001,26.74925429805088,26.725567293420106,24.0,0.0,1.0,1.0341153754368666,0.23782390270900378
7.4,26.725567293420106,26.70199842821779,24.0,0.0,1.0,1.0341153754368666,0.23782390270900378
7.5,26.70199842821779,26.67854711322108,24.0,0.0,1.0,1.0341153754368666,0.23782390270900378
7.6000000000000005,26.67854711322108,26.655212762145872,24.0,0.0,1.0,1.0341153754368666,0.23782390270900378
7.7,26.655212762145872,26.63199479163218,24.0,0.0,1.0,1.0341153754368666,0.23782390270900378
7.800000000000001,26.63199479163218,26.60889262122953,24.0,0.0,1.0,1.0341153754368666,0.23782390270900378
7.9,26.60889262122953,26.585905673382456,24.0,0.0,1.0,1.0341153754368666,0.23782390270900378
8.0,26.585905673382456,26.563033373416065,24.0,0.0,1.0,1.0341153754368666,0.23782390270900378
8.1,26.563033373416065,26.54027514952167,24.0,0.0,1.0,1.0341153754368666,0.23782390270900378
8.200000000000001,26.54027514952167,26.517630432742482,24.0,0.0,1.0,1.0341153754368666,0.23782390270900378
8.3,26.517630432742482,26.495098656959406,24.0,0.0,1.0,1.0341153754368666,0.23782390270900378
8.4,26.495098656959406,26.472679258876877,24.0,0.0,1.0,1.0341153754368666,0.23782390270900378
8.5,26.472679258876877,26.45037167800877,24.0,0.0,1.0,1.0341153754368666,0.23782390270900378
8.6,26.45037167800877,26.428175356664404,24.0,0.0,1.0,1.0341153754368666,0.23782390270900378
8.700000000000001,26.428175356664404,26.40608973993459,24.0,0.0,1.0,1.0341153754368666,0.23782390270900378
8.8,26.40608973993459,26.384114275677756,24.0,0.0,1.0,1.0341153754368666,0.23782390270900378
8.9,26.384114275677756,26.362248414506155,24.0,0.0,1.0,1.0341153754368666,0.23782390270900378
9.0,26.362248414506155,26.340491609772116,24.0,0.0,1.0,1.0341153754368666,0.23782390270900378
9.1,26.340491609772116,26.31884331755439,24.0,0.0,1.0,1.0341153754368666,0.23782390270900378
9.200000000000001,26.31884331755439,26.297302996644543,24.0,0.0,1.0,1.0341153754368666,0.23782390270900378
9.3,26.297302996644543,26.27587010853343,24.0,0.0,1.0,1.0341153754368666,0.23782390270900378
9.4,26.27587010853343,26.25454411739773,24.0,0.0,1.0,1.0341153754368666,0.23782390270900378
9.5,26.25454411739773,26.23332449008656,24.0,0.0,1.0,1.0341153754368666,0.23782390270900378
9.600000000000001,26.23332449008656,26.212210696108126,24.0,0.0,1.0,1.0341153754368666,0.23782390270900378
9.700000000000001,26.212210696108126,26.19120220761648,24.0,0.0,1.0,1.0341153754368666,0.23782390270900378
9.8,26.19120220761648,26.170298499398317,24.0,0.0,1.0,1.0341153754368666,0.23782390270900378
9.9,26.170298499398317,26.14949904885984,24.0,0.0,1.0,1.0341153754368666,0.23782390270900378
10.0,26.14949904885984,26.128803336013707,24.0,0.0,1.0,1.0341153754368666,0.23782390270900378
10.100000000000001,26.128803336013707,26.108210843466015,24.0,0.0,1.0,1.0341153754368666,0.23782390270900378
10.200000000000001,26.108210843466015,26.08772105640338,24.0,0.0,1.0,1.0341153754368666,0.23782390270900378
10.3,26.08772105640338,26.06733346258006,24.0,0.0,1.0,1.0341153754368666,0.23782390270900378
10.4,26.06733346258006,26.04704755230514,24.0,0.0,1.0,1.0341153754368666,0.23782390270900378
10.5,26.04704755230514,26.026862818429816,24.0,0.0,1.0,1.0341153754368666,0.23782390270900378
10.600000000000001,26.026862818429816,26.006778756334683,24.0,0.0,1.0,1.0341153754368666,0.23782390270900378
10.700000000000001,26.006778756334683,25.986794863917144,24.0,0.0,1.0,1.0341153754368666,0.23782390270900378
10.8,25.986794863917144,25.96691064157885,24.0,0.0,1.0,1.0341153754368666,0.23782390270900378
10.9,25.96691064157885,25.947125592213204,24.0,0.0,1.0,1.0341153754368666,0.23782390270900378
11.0,25.947125592213204,25.927439221192945,24.0,0.0,1.0,1.0341153754368666,0.23782390270900378
11.100000000000001,25.927439221192945,25.90785103635777,24.0,0.0,1.0,1.0341153754368666,0.23782390270900378
11.200000000000001,25.90785103635777,25.888360548002037,24.0,0.0,1.0,1.0341153754368666,0.23782390270900378
11.3,25.888360548002037,25.868967268862523,24.0,0.0,1.0,1.0341153754368666,0.23782390270900378
11.4,25.868967268862523,25.84967071410624,24.0,0.0,1.0,1.0341153754368666,0.23782390270900378
11.5,25.84967071410624,25.830470401318312,24.0,0.0,1.0,1.0341153754368666,0.23782390270900378
11.600000000000001,25.830470401318312,25.81136585048992,24.0,0.0,1.0,1.0341153754368666,0.23782390270900378
11.700000000000001,25.81136585048992,25.792356584006303,24.0,0.0,1.0,1.0341153754368666,0.23782390270900378
11.8,25.792356584006303,25.773442126634805,24.0,0.0,1.0,1.0341153754368666,0.23782390270900378
11.9,25.773442126634805,25.754622005513006,24.0,0.0,1.0,1.0341153754368666,0.23782390270900378
12.0,25.754622005513006,25.735895750136898,24.0,0.0,1.0,1.0341153754368666,0.23782390270900378
12.100000000000001,25.735895750136898,25.71726289234912,24.0,0.0,1.0,1.0341153754368666,0.23782390270900378
12.200000000000001,25.71726289234912,25.698722966327257,24.0,0.0,1.0,1.0341153754368666,0.23782390270900378
12.3,25.698722966327257,25.680275508572194,24.0,0.0,1.0,1.0341153754368666,0.23782390270900378
12.4,25.680275508572194,25.66192005789653,24.0,0.0,1.0,1.0341153754368666,0.23782390270900378
12.5,25.66192005789653,25.643656155413037,24.0,0.0,1.0,1.0341153754368666,0.23782390270900378
12.600000000000001,25.643656155413037,25.625483344523204,24.0,0.0,1.0,1.0341153754368666,0.23782390270900378
12.700000000000001,25.625483344523204,25.60740117090581,24.0,0.0,1.0,1.0341153754368666,0.23782390270900378
12.8,25.60740117090581,25.589409182505577,24.0,0.0,1.0,1.0341153754368666,0.23782390270900378
12.9,25.589409182505577,25.571506929521853,24.0,0.0,1.0,1.0341153754368666,0.23782390270900378
13.0,25.571506929521853,25.553693964397382,24.0,0.0,1.0,1.0341153754368666,0.23782390270900378
13.100000000000001,25.553693964397382,25.535969841807113,24.0,0.0,1.0,1.0341153754368666,0.23782390270900378
13.200000000000001,25.535969841807113,25.51833411864705,24.0,0.0,1.0,1.0341153754368666,0.23782390270900378
13.3,25.51833411864705,25.5007863540232,24.0,0.0,1.0,1.0341153754368666,0.23782390270900378
13.4,25.5007863540232,25.483326109240537,24.0,0.0,1.0,1.0341153754368666,0.23782390270900378
13.5,25.483326109240537,25.465952947792026,24.0,0.0,1.0,1.0341153754368666,0.23782390270900378
13.600000000000001,25.465952947792026,25.44866643534773,24.0,0.0,1.0,1.0341153754368666,0.23782390270900378
13.700000000000001,25.44866643534773,25.431466139743932,24.0,0.0,1.0,1.0341153754368666,0.23782390270900378
13.8,25.431466139743932,25.414351630972355,24.0,0.0,1.0,1.0341153754368666,0.23782390270900378
13.9,25.414351630972355,25.397322481169383,24.0,0.0,1.0,1.0341153754368666,0.23782390270900378
14.0,25.397322481169383,25.380378264605383,24.0,0.0,1.0,1.0341153754368666,0.23782390270900378
14.100000000000001,25.380378264605383,25.36351855767406,24.0,0.0,1.0,1.0341153754368666,0.23782390270900378
14.200000000000001,25.36351855767406,25.34674293888186,24.0,0.0,1.0,1.0341153754368666,0.23782390270900378
14.3,25.34674293888186,25.330050988837442,24.0,0.0,1.0,1.0341153754368666,0.23782390270900378
14.4,25.330050988837442,25.313442290241188,24.0,0.0,1.0,1.0341153754368666,0.23782390270900378
14.5,25.313442290241188,25.296916427874763,24.0,0.0,1.0,1.0341153754368666,0.23782390270900378
14.600000000000001,25.296916427874763,25.28047298859075,24.0,0.0,1.0,1.0341153754368666,0.23782390270900378
14.700000000000001,25.28047298859075,25.264111561302308,24.0,0.0,1.0,1.0341153754368666,0.23782390270900378
14.8,25.264111561302308,25.247831736972906,24.0,0.0,1.0,1.0341153754368666,0.23782390270900378
14.9,25.247831736972906,25.231633108606086,24.0,0.0,1.0,1.0341153754368666,0.23782390270900378
15.0,25.231633108606086,25.215515271235297,24.0,0.0,1.0,1.0341153754368666,0.23782390270900378
15.100000000000001,25.215515271235297,25.199477821913764,24.0,0.0,1.0,1.0341153754368666,0.23782390270900378
15.200000000000001,25.199477821913764,25.183520359704417,24.0,0.0,1.0,1.0341153754368666,0.23782390270900378
15.3,25.183520359704417,25.167642485669873,24.0,0.0,1.0,1.0341153754368666,0.23782390270900378
15.4,25.167642485669873,25.15184380286245,24.0,0.0,1.0,1.0341153754368666,0.23782390270900378
15.5,25.15184380286245,25.13612391631426,24.0,0.0,1.0,1.0341153754368666,0.23782390270900378
15.600000000000001,25.13612391631426,25.120482433027316,24.0,0.0,1.0,1.0341153754368666,0.23782390270900378
15.700000000000001,25.120482433027316,25.104918961963723,24.0,0.0,1.0,1.0341153754368666,0.23782390270900378
15.8,25.104918961963723,25.08943311403589,24.0,0.0,1.0,1.0341153754368666,0.23782390270900378
15.9,25.08943311403589,25.074024502096822,24.0,0.0,1.0,1.0341153754368666,0.23782390270900378
16.0,25.074024502096822,25.05869274093041,24.0,0.0,1.0,1.0341153754368666,0.23782390270900378
16.1,25.05869274093041,25.04343744724183,24.0,0.0,1.0,1.0341153754368666,0.23782390270900378
16.2,25.04343744724183,25.02825823964794,24.0,0.0,1.0,1.0341153754368666,0.23782390270900378
16.3,25.02825823964794,25.013154738667765,24.0,0.0,1.0,1.0341153754368666,0.23782390270900378
16.400000000000002,25.013154738667765,24.99812656671299,24.0,0.0,1.0,1.0341153754368666,0.23782390270900378
16.5,24.99812656671299,24.983173348078537,24.0,0.0,1.0,1.0341153754368666,0.23782390270900378
16.6,24.983173348078537,24.96829470893316,24.0,0.0,1.0,1.0341153754368666,0.23782390270900378
16.7,24.96829470893316,24.953490277310106,24.0,0.0,1.0,1.0341153754368666,0.23782390270900378
16.8,24.953490277310106,24.93875968309781,24.0,0.0,0.9860189560959423,1.0341153754368666,0.23782390270900378
16.900000000000002,24.93875968309781,24.924102558030654,24.0,0.0,0.993111771285705,1.0341153754368666,0.23782390270900378
17.0,24.924102558030654,24.909518535679744,24.0,0.0,0.99993198057948,1.0341153754368666,0.23782390270900378
17.1,24.909518535679744,24.895007251443765,24.0,0.0,0.9848504188306892,1.0341153754368666,0.23782390270900378
17.2,24.895007251443765,24.880568342539853,24.0,0.0,0.9911294884340499,1.0341153754368666,0.23782390270900378
17.3,24.880568342539853,24.866201447994534,24.0,0.0,0.9971400107144647,1.0341153754368666,0.23782390270900378
17.400000000000002,24.866201447994534,24.8519062086347,24.0,0.0,0.9822829841678706,1.0341153754368666,0.23782390270900378
17.5,24.8519062086347,24.837682267078613,24.0,0.0,0.9877604232782677,1.0341153754368666,0.23782390270900378
17.6,24.837682267078613,24.823529267727,24.0,0.0,0.99297331321448,1.0341153754368666,0.23782390270900378
17.7,24.823529267727,24.809446856754143,24.0,0.0,0.9979229734210221,1.0341153754368666,0.23782390270900378
17.8,24.809446856754143,24.795434682099028,24.0,0.0,0.9833601357107692,1.0341153754368666,0.23782390270900378
17.900000000000002,24.795434682099028,24.78149239345656,24.0,0.0,0.9877872685012972,1.0341153754368666,0.23782390270900378
18.0,24.78149239345656,24.767619642268798,24.0,0.0,0.9919550905422658,1.0341153754368666,0.23782390270900378
18.1,24.767619642268798,24.75381608171624,24.0,0.0,0.9958648951514367,1.0341153754368666,0.23782390270900378
18.2,24.75381608171624,24.740081366709155,24.0,0.0,0.9995179691961208,1.0341153754368666,0.23782390270900378
18.3,24.740081366709155,24.72641515387895,24.0,0.0,0.9853146892300497,1.0341153754368666,0.23782390270900378
18.400000000000002,24.72641515387895,24.71281710156959,24.0,0.0,0.9884581371065869,1.0341153754368666,0.23782390270900378
18.5,24.71281710156959,24.699286869829066,24.0,0.0,0.9913486766387845,1.0341153754368666,0.23782390270900378
18.6,24.699286869829066,24.685824120400873,24.0,0.0,0.9939875692122749,1.0341153754368666,0.23782390270900378
18.7,24.685824120400873,24.672428516715577,24.0,0.0,0.9963760699214973,1.0341153754368666,0.23782390270900378
18.8,24.672428516715577,24.659657569861423,24.0,0.0,0.9985154276010859,1.0341153754368666,0.23782390270900378
18.900000000000002,24.659657569861423,24.646667313863706,24.0,0.0,0.9853087951003183,1.0341153754368666,0.23782390270900378
19.0,24.646667313863706,24.633469719551965,24.0,0.0,0.9872546660759591,1.0341153754368666,0.23782390270900378
19.1,24.633469719551965,24.62093970534069,24.0,0.0,0.9886722549745922,1.0341153754368666,0.23782390270900378
19.200000000000003,24.62093970534069,24.60822164891363,24.0,0.0,0.9904822050313797,1.0341153754368666,0.23782390270900378
19.3,24.60822164891363,24.59532720321814,24.0,0.0,0.9917952319601597,1.0341153754368666,0.23782390270900378
19.400000000000002,24.59532720321814,24.58308986667114,24.0,0.0,0.9926191912945348,1.0341153754368666,0.23782390270900378
19.5,24.58308986667114,24.570695013362528,24.0,0.0,0.993831644189068,1.0341153754368666,0.23782390270900378
19.6,24.570695013362528,24.558153984466507,24.0,0.0,0.9945864273397906,1.0341153754368666,0.23782390270900378
19.700000000000003,24.558153984466507,24.545478011946898,24.0,0.0,0.9948917924244585,1.0341153754368666,0.23782390270900378
19.8,24.545478011946898,24.53344632075273,24.0,0.0,0.994756145307631,1.0341153754368666,0.23782390270900378
19.900000000000002,24.53344632075273,24.521297994533466,24.0,0.0,0.9950006170399518,1.0341153754368666,0.23782390270900378
20.0,24.521297994533466,24.509043961550788,24.0,0.0,0.9948355584642198,1.0341153754368666,0.23782390270900378
20.1,24.509043961550788,24.49669504395786,24.0,0.0,0.9942697567043677,1.0341153754368666,0.23782390270900378
20.200000000000003,24.49669504395786,24.484261958585908,24.0,0.0,0.9933121465325467,1.0341153754368666,0.23782390270900378
20.3,24.484261958585908,24.47245759672085,24.0,0.0,0.9919718086777318,1.0341153754368666,0.23782390270900378
20.400000000000002,24.47245759672085,24.460586685262683,24.0,0.0,0.991000907527523,1.0341153754368666,0.23782390270900378
20.5,24.460586685262683,24.448659647213926,24.0,0.0,0.9896788677706796,1.0341153754368666,0.23782390270900378
20.6,24.448659647213926,24.43668680326266,24.0,0.0,0.9880151331698857,1.0341153754368666,0.23782390270900378
20.700000000000003,24.43668680326266,24.424678372543838,24.0,0.0,0.9860192871335193,1.0341153754368666,0.23782390270900378
20.8,24.424678372543838,24.41264447339556,24.0,0.0,0.9837010510877653,1.0341153754368666,0.23782390270900378
20.900000000000002,24.41264447339556,24.401197540404812,24.0,0.0,0.9810702828614974,1.0341153754368666,0.23782390270900378
21.0,24.401197540404812,24.389730058654703,24.0,0.0,0.9787742699358029,1.0341153754368666,0.23782390270900378
21.1,24.389730058654703,24.378263209175405,24.0,0.0,0.9761842830956998,1.0341153754368666,0.23782390270900378
21.200000000000003,24.378263209175405,24.36678133353793,24.0,0.0,0.9733222410070702,1.0341153754368666,0.23782390270900378
21.3,24.36678133353793,24.355304334001083,24.0,0.0,0.9701715936897835,1.0341153754368666,0.23782390270900378
21.400000000000002,24.355304334001083,24.343851700123633,24.0,0.0,0.966753038341005,1.0341153754368666,0.23782390270900378
21.5,24.343851700123633,24.332407809423632,24.0,0.0,0.9630873088867373,1.0341153754368666,0.23782390270900378
21.6,24.332407809423632,24.32099087939326,24.0,0.0,0.9591584578118555,1.0341153754368666,0.23782390270900378
21.700000000000003,24.32099087939326,24.30961870742126,24.0,0.0,0.9549859652942915,1.0341153754368666,0.23782390270900378
21.8,24.30961870742126,24.298308666736137,24.0,0.0,0.9505893003409992,1.0341153754368666,0.23782390270900378
21.900000000000002,24.298308666736137,24.287045280651448,24.0,0.0,0.9459879065052061,1.0341153754368666,0.23782390270900378
22.0,24.287045280651448,24.275844656803862,24.0,0.0,0.9411668886654203,1.0341153754368666,0.23782390270900378
22.1,24.275844656803862,24.264722471885175,24.0,0.0,0.9361443966123992,1.0341153754368666,0.23782390270900378
22.200000000000003,24.264722471885175,24.25369396790045,24.0,0.0,0.9309385073193838,1.0341153754368666,0.23782390270900378
22.3,24.25369396790045,24.24277394851234,24.0,0.0,0.9255672107346941,1.0341153754368666,0.23782390270900378
22.400000000000002,24.24277394851234,24.231947132065653,24.0,0.0,0.9200483955765093,1.0341153754368666,0.23782390270900378
22.5,24.231947132065653,24.22122706419763,24.0,0.0,0.9143684754389583,1.0341153754368666,0.23782390270900378
22.6,24.22122706419763,24.210626846178673,24.0,0.0,0.9085439968101441,1.0341153754368666,0.23782390270900378
22.700000000000003,24.210626846178673,24.200159131556724,24.0,0.0,0.902591358231107,1.0341153754368666,0.23782390270900378
22.8,24.200159131556724,24.18983612288337,24.0,0.0,0.8965267961778303,1.0341153754368666,0.23782390270900378
22.900000000000002,24.18983612288337,24.179669568520712,24.0,0.0,0.8903663709498746,1.0341153754368666,0.23782390270900378
23.0,24.179669568520712,24.169645331357405,24.0,0.0,0.8841259525665981,1.0341153754368666,0.23782390270900378
23.1,24.169645331357405,24.159774431191572,24.0,0.0,0.8777943062669745,1.0341153754368666,0.23782390270900378
23.200000000000003,24.159774431191572,24.15006695830145,24.0,0.0,0.8713864745139935,1.0341153754368666,0.23782390270900378
23.3,24.15006695830145,24.14053361298677,24.0,0.0,0.8649167785107754,1.0341153754368666,0.23782390270900378
23.400000000000002,24.14053361298677,24.131184216357667,24.0,0.0,0.8584004247717438,1.0341153754368666,0.23782390270900378
23.5,24.131184216357667,24.12202771325421,24.0,0.0,0.8518519441973328,1.0341153754368666,0.23782390270900378
23.6,24.12202771325421,24.113073640212377,24.0,0.0,0.8452851742532881,1.0341153754368666,0.23782390270900378
23.700000000000003,24.113073640212377,24.10433070894215,24.0,0.0,0.8387147910888277,1.0341153754368666,0.23782390270900378
23.8,24.10433070894215,24.09580681088705,24.0,0.0,0.8321548250732002,1.0341153754368666,0.23782390270900378
23.900000000000002,24.09580681088705,24.08750902233085,24.0,0.0,0.825618646002892,1.0341153754368666,0.23782390270900378
24.0,24.08750902233085,24.079444978582035,24.0,0.0,0.8191189489960964,1.0341153754368666,0.23782390270900378
24.1,24.079444978582035,24.07162155268816,24.0,0.0,0.812669188852954,1.0341153754368666,0.23782390270900378
24.200000000000003,24.07162155268816,24.06404486214307,24.0,0.0,0.8062821955653446,1.0341153754368666,0.23782390270900378
24.3,24.06404486214307,24.056720276127553,24.0,0.0,0.7999701632840728,1.0341153754368666,0.23782390270900378
24.400000000000002,24.056720276127553,24.04965242328066,24.0,0.0,0.7937446400098549,1.0341153754368666,0.23782390270900378
24.5,24.04965242328066,24.042846451255862,24.0,0.0,0.7876165180179125,1.0341153754368666,0.23782390270900378
24.6,24.042846451255862,24.036306821824976,24.0,0.0,0.7815973487277671,1.0341153754368666,0.23782390270900378
24.700000000000003,24.036306821824976,24.03003732020212,24.0,0.0,0.775698080389766,1.0341153754368666,0.23782390270900378
24.8,24.03003732020212,24.024041064884482,24.0,0.0,0.7699290516369822,1.0341153754368666,0.23782390270900378
24.900000000000002,24.024041064884482,24.01832051800706,24.0,0.0,0.7642999858055797,1.0341153754368666,0.23782390270900378
25.0,24.01832051800706,24.01287749620848,24.0,0.0,0.7588199860329375,1.0341153754368666,0.23782390270900378
25.1,24.01287749620848,24.007714255335685,24.0,0.0,0.7534975311427295,1.0341153754368666,0.23782390270900378
25.200000000000003,24.007714255335685,24.00283243978776,24.0,0.0,0.7483416078001326,1.0341153754368666,0.23782390270900378
25.3,24.00283243978776,23.998233114343922,24.0,0.0,0.7433606094704276,1.0341153754368666,0.23782390270900378
25.400000000000002,23.998233114343922,23.993916731730327,24.0,0.0,0.73856235554808,1.0341153754368666,0.23782390270900378
25.5,23.993916731730327,23.9898831626298,24.0,0.0,0.7339540432609809,1.0341153754368666,0.23782390270900378
25.6,23.9898831626298,23.98613172625295,24.0,0.0,0.7295422648615922,1.0341153754368666,0.23782390270900378
25.700000000000003,23.98613172625295,23.982661159625046,24.0,0.0,0.7253330261256837,1.0341153754368666,0.23782390270900378
25.8,23.982661159625046,23.979469646256398,24.0,0.0,0.7213317007456483,1.0341153754368666,0.23782390270900378
25.900000000000002,23.979469646256398,23.97655484525999,24.0,0.0,0.717543046815087,1.0341153754368666,0.23782390270900378
26.0,23.97655484525999,23.9739139208867,24.0,0.0,0.7139712244683747,1.0341153754368666,0.23782390270900378
26.1,23.9739139208867,23.971543514682004,24.0,0.0,0.710619814654481,1.0341153754368666,0.23782390270900378
26.200000000000003,23.971543514682004,23.96943977302292,24.0,0.0,0.7074917779126018,1.0341153754368666,0.23782390270900378
26.3,23.96943977302292,23.96759837495785,24.0,0.0,0.7045894710722593,1.0341153754368666,0.23782390270900378
26.400000000000002,23.96759837495785,23.966014560318875,24.0,0.0,0.7019146649287056,1.0341153754368666,0.23782390270900378
26.5,23.966014560318875,23.964683158075925,24.0,0.0,0.6994685628686766,1.0341153754368666,0.23782390270900378
26.6,23.964683158075925,23.963598562085984,24.0,0.0,0.6972518204205764,1.0341153754368666,0.23782390270900378
26.700000000000003,23.963598562085984,23.96275475732978,24.0,0.0,0.6952645098283486,1.0341153754368666,0.23782390270900378
26.8,23.96275475732978,23.962145346274895,24.0,0.0,0.6935061374591732,1.0341153754368666,0.23782390270900378
26.900000000000002,23.962145346274895,23.961763575334004,24.0,0.0,0.691975661968895,1.0341153754368666,0.23782390270900378
27.0,23.961763575334004,23.961602361386745,24.0,0.0,0.6906715131950544,1.0341153754368666,0.23782390270900378
27.1,23.961602361386745,23.96165431833349,24.0,0.0,0.6895916117464782,1.0341153754368666,0.23782390270900378
27.200000000000003,23.96165431833349,23.961911738343503,24.0,0.0,0.6887333892573713,1.0341153754368666,0.23782390270900378
27.3,23.961911738343503,23.962366617128342,24.0,0.0,0.6880937613442148,1.0341153754368666,0.23782390270900378
27.400000000000002,23.962366617128342,23.96301067832599,24.0,0.0,0.6876691466909098,1.0341153754368666,0.23782390270900378
27.5,23.96301067832599,23.96383539968236,24.0,0.0,0.6874554857942119,1.0341153754368666,0.23782390270900378
27.6,23.96383539968236,23.96483203841632,24.0,0.0,0.68744826219054,1.0341153754368666,0.23782390270900378
27.700000000000003,23.96483203841632,23.96599165572008,24.0,0.0,0.6876425234416677,1.0341153754368666,0.23782390270900378
27.8,23.96599165572008,23.967305142957134,24.0,0.0,0.6880329018089796,1.0341153754368666,0.23782390270900378
27.900000000000002,23.967305142957134,23.96876324707174,24.0,0.0,0.6886136373062106,1.0341153754368666,0.23782390270900378
28.0,23.96876324707174,23.970356595167935,24.0,0.0,0.6893786005411789,1.0341153754368666,0.23782390270900378
28.1,23.970356595167935,23.97207571821679,24.0,0.0,0.6903213152832012,1.0341153754368666,0.23782390270900378
28.200000000000003,23.97207571821679,23.973911076290356,24.0,0.0,0.6914349806928863,1.0341153754368666,0.23782390270900378
28.3,23.973911076290356,23.975853083003386,24.0,0.0,0.6927124957307838,1.0341153754368666,0.23782390270900378
28.400000000000002,23.975853083003386,23.9778921291279,24.0,0.0,0.694146483328077,1.0341153754368666,0.23782390270900378
28.5,23.9778921291279,23.980018605346807,24.0,0.0,0.6957293142635209,1.0341153754368666,0.23782390270900378
28.6,23.980018605346807,23.982222924114,24.0,0.0,0.6974531306911957,1.0341153754368666,0.23782390270900378
28.700000000000003,23.982222924114,23.984495542818916,24.0,0.0,0.6993098692641196,1.0341153754368666,0.23782390270900378
28.8,23.984495542818916,23.98682698614098,24.0,0.0,0.7012912861577582,1.0341153754368666,0.23782390270900378
28.900000000000002,23.98682698614098,23.989207867567785,24.0,0.0,0.7033889817874243,1.0341153754368666,0.23782390270900378
29.0,23.989207867567785,23.991628910052096,24.0,0.0,0.705594425172618,1.0341153754368666,0.23782390270900378
29.1,23.991628910052096,23.9940809657842,24.0,0.0,0.7078989779020962,1.0341153754368666,0.23782390270900378
29.200000000000003,23.9940809657842,23.99655503505749,24.0,0.0,0.7102939176543454,1.0341153754368666,0.23782390270900378
29.3,23.99655503505749,23.99904228611901,24.0,0.0,0.7127704612290185,1.0341153754368666,0.23782390270900378
29.400000000000002,23.99904228611901,24.001534074159455,24.0,0.0,0.7153197890690229,1.0341153754368666,0.23782390270900378
29.5,24.001534074159455,24.004021959460545,24.0,0.0,0.717933069344341,1.0341153754368666,0.23782390270900378
29.6,24.004021959460545,24.006497724604916,24.0,0.0,0.7206014815960656,1.0341153754368666,0.23782390270900378
29.700000000000003,24.006497724604916,24.008953390762862,24.0,0.0,0.7233162398202577,1.0341153754368666,0.23782390270900378
29.8,24.008953390762862,24.01138123307291,24.0,0.0,0.7260686149844999,1.0341153754368666,0.23782390270900378
29.900000000000002,24.01138123307291,24.013773795025912,24.0,0.0,0.728849956973161,1.0341153754368666,0.23782390270900378
30.0,24.013773795025912,24.01612390186598,24.0,0.0,0.7316517158442631,1.0341153754368666,0.23782390270900378
30.1,24.01612390186598,24.018424673024157,24.0,0.0,0.7344654623883644,1.0341153754368666,0.23782390270900378
30.200000000000003,24.018424673024157,24.020669533603083,24.0,0.0,0.7372829079828697,1.0341153754368666,0.23782390270900378
30.3,24.020669533603083,24.022852224830498,24.0,0.0,0.7400959237381157,1.0341153754368666,0.23782390270900378
30.400000000000002,24.022852224830498,24.024966813496167,24.0,0.0,0.7428965588256934,1.0341153754368666,0.23782390270900378
30.5,24.024966813496167,24.027007700389067,24.0,0.0,0.7456770579799735,1.0341153754368666,0.23782390270900378
30.6,24.027007700389067,24.028969627753714,24.0,0.0,0.7484298781664209,1.0341153754368666,0.23782390270900378
30.700000000000003,24.028969627753714,24.03084768578668,24.0,0.0,0.7511477044129341,1.0341153754368666,0.23782390270900378
30.8,24.03084768578668,24.032637318102246,24.0,0.0,0.7538234648031186,1.0341153754368666,0.23782390270900378
30.900000000000002,24.032637318102246,24.0343343261846,24.0,0.0,0.7564503445335287,1.0341153754368666,0.23782390270900378
31.0,24.0343343261846,24.035934872845647,24.0,0.0,0.7590217990287407,1.0341153754368666,0.23782390270900378
31.1,24.035934872845647,24.037435484709402,24.0,0.0,0.7615315661103857,1.0341153754368666,0.23782390270900378
31.200000000000003,24.037435484709402,24.03883305374549,24.0,0.0,0.7639736772185964,1.0341153754368666,0.23782390270900378
31.3,24.03883305374549,24.040124837876057,24.0,0.0,0.7663424676866342,1.0341153754368666,0.23782390270900378
31.400000000000002,24.040124837876057,24.041308460601222,24.0,0.0,0.7686325860717255,1.0341153754368666,0.23782390270900378
31.5,24.041308460601222,24.04238190966543,24.0,0.0,0.7708390024620434,1.0341153754368666,0.23782390270900378
31.6,24.04238190966543,24.04334353478707,24.0,0.0,0.7729570157601784,1.0341153754368666,0.23782390270900378
31.700000000000003,24.04334353478707,24.04419204447837,24.0,0.0,0.7749822599438991,1.0341153754368666,0.23782390270900378
31.8,24.04419204447837,24.044926501982715,24.0,0.0,0.7769107093105316,1.0341153754368666,0.23782390270900378
31.900000000000002,24.044926501982715,24.045546320356653,24.0,0.0,0.778738682712041,1.0341153754368666,0.23782390270900378
32.0,24.045546320356653,24.04605125672822,24.0,0.0,0.7804628467886339,1.0341153754368666,0.23782390270900378
32.1,24.04605125672822,24.046441405763645,24.0,0.0,0.7820802182140639,1.0341153754368666,0.23782390270900378
32.2,24.046441405763645,24.04671719237443,24.0,0.0,0.7835881649669092,1.0341153754368666,0.23782390270900378
32.300000000000004,24.04671719237443,24.04687936369687,24.0,0.0,0.7849844066428717,1.0341153754368666,0.23782390270900378
32.4,24.04687936369687,24.046928980380283,24.0,0.0,0.7862670138239526,1.0341153754368666,0.23782390270900378
32.5,24.046928980380283,24.04686740722036,24.0,0.0,0.787434406525567,1.0341153754368666,0.23782390270900378
32.6,24.04686740722036,24.046696303174183,24.0,0.0,0.7884853517436774,1.0341153754368666,0.23782390270900378
32.7,24.046696303174183,24.046417610793355,24.0,0.0,0.7894189601250222,1.0341153754368666,0.23782390270900378
32.800000000000004,24.046417610793355,24.046033545111605,24.0,0.0,0.7902346817843213,1.0341153754368666,0.23782390270900378
32.9,24.046033545111605,24.045546582026923,24.0,0.0,0.790932301293043,1.0341153754368666,0.23782390270900378
33.0,24.045546582026923,24.04495944621836,24.0,0.0,0.7915119318691723,1.0341153754368666,0.23782390270900378
33.1,24.04495944621836,24.044275098637527,24.0,0.0,0.7919740087983974,1.0341153754368666,0.23782390270900378
33.2,24.044275098637527,24.043496723614766,24.0,0.0,0.7923192821179951,1.0341153754368666,0.23782390270900378
33.300000000000004,24.043496723614766,24.04262771561965,24.0,0.0,0.792548808595613,1.0341153754368666,0.23782390270900378
33.4,24.04262771561965,24.041671665715214,24.0,0.0,0.7926639430357082,1.0341153754368666,0.23782390270900378
33.5,24.041671665715214,24.040632347748318,24.0,0.0,0.792666328947125,1.0341153754368666,0.23782390270900378
33.6,24.040632347748318,24.03951370431825,24.0,0.0,0.7925578886093635,1.0341153754368666,0.23782390270900378
33.7,24.03951370431825,24.038319832565517,24.0,0.0,0.792340812575844,1.0341153754368666,0.23782390270900378
33.800000000000004,24.038319832565517,24.037054969822254,24.0,0.0,0.7920175486532318,1.0341153754368666,0.23782390270900378
33.9,24.037054969822254,24.03572347916524,24.0,0.0,0.791590790396396,1.0341153754368666,0.23782390270900378
34.0,24.03572347916524,24.03432983491193,24.0,0.0,0.7910634651590712,1.0341153754368666,0.23782390270900378
34.1,24.03432983491193,24.032878608099228,24.0,0.0,0.7904387217406428,1.0341153754368666,0.23782390270900378
34.2,24.032878608099228,24.031374451984,24.0,0.0,0.7897199176697619,1.0341153754368666,0.23782390270900378
34.300000000000004,24.031374451984,24.029822087603407,24.0,0.0,0.7889106061655664,1.0341153754368666,0.23782390270900378
34.4,24.029822087603407,24.028226289432435,24.0,0.0,0.7880145228173914,1.0341153754368666,0.23782390270900378
34.5,24.028226289432435,24.02659187117493,24.0,0.0,0.7870355720238777,1.0341153754368666,0.23782390270900378
34.6,24.02659187117493,24.02492367172335,24.0,0.0,0.7859778132322116,1.0341153754368666,0.23782390270900378
34.7,24.02492367172335,24.023226541321424,24.0,0.0,0.7848454470179467,1.0341153754368666,0.23782390270900378
34.800000000000004,24.023226541321424,24.0215053279627,24.0,0.0,0.7836428010455432,1.0341153754368666,0.23782390270900378
34.9,24.0215053279627,24.019764864056896,24.0,0.0,0.7823743159493917,1.0341153754368666,0.23782390270900378
35.0,24.019764864056896,24.01800995339456,24.0,0.0,0.781044531174659,1.0341153754368666,0.23782390270900378
35.1,24.01800995339456,24.016245358439278,24.0,0.0,0.7796580708166105,1.0341153754368666,0.23782390270900378
35.2,24.016245358439278,24.014475787975126,24.0,0.0,0.7782196294964276,1.0341153754368666,0.23782390270900378
35.300000000000004,24.014475787975126,24.01270588513582,24.0,0.0,0.7767339583106325,1.0341153754368666,0.23782390270900378
35.4,24.01270588513582,24.010940215840428,24.0,0.0,0.7752058508905133,1.0341153754368666,0.23782390270900378
35.5,24.010940215840428,24.00918325765912,24.0,0.0,0.7736401296069774,1.0341153754368666,0.23782390270900378
35.6,24.00918325765912,24.00743938913083,24.0,0.0,0.7720416319552955,1.0341153754368666,0.23782390270900378
35.7,24.00743938913083,24.00571287955298,24.0,0.0,0.7704151971531363,1.0341153754368666,0.23782390270900378
35.800000000000004,24.00571287955298,24.004007879261895,24.0,0.0,0.7687656529839425,1.0341153754368666,0.23782390270900378
35.9,24.004007879261895,24.002328410420724,24.0,0.0,0.7670978029165715,1.0341153754368666,0.23782390270900378
36.0,24.002328410420724,24.00067835833009,24.0,0.0,0.7654164135306855,1.0341153754368666,0.23782390270900378
36.1,24.00067835833009,23.999061463274984,24.0,0.0,0.763726202276041,1.0341153754368666,0.23782390270900378
36.2,23.999061463274984,23.997481312919685,24.0,0.0,0.7620318255924085,1.0341153754368666,0.23782390270900378
36.300000000000004,23.997481312919685,23.9959413352609,24.0,0.0,0.7603378674153778,1.0341153754368666,0.23782390270900378
36.4,23.9959413352609,23.99444479214748,24.0,0.0,0.7586488280917929,1.0341153754368666,0.23782390270900378
36.5,23.99444479214748,23.992994773373592,24.0,0.0,0.7569691137270179,1.0341153754368666,0.23782390270900378
36.6,23.992994773373592,23.991594191350373,24.0,0.0,0.7553030259847033,1.0341153754368666,0.23782390270900378
36.7,23.991594191350373,23.990245776359576,24.0,0.0,0.7536547523580839,1.0341153754368666,0.23782390270900378
36.800000000000004,23.990245776359576,23.988952072391093,24.0,0.0,0.7520283569302246,1.0341153754368666,0.23782390270900378
36.9,23.988952072391093,23.98771543356456,24.0,0.0,0.7504277716390738,1.0341153754368666,0.23782390270900378
37.0,23.98771543356456,23.986538021133768,24.0,0.0,0.748856788061417,1.0341153754368666,0.23782390270900378
37.1,23.986538021133768,23.98542180107105,24.0,0.0,0.7473190497282891,1.0341153754368666,0.23782390270900378
37.2,23.98542180107105,23.984368542227234,24.0,0.0,0.7458180449826844,1.0341153754368666,0.23782390270900378
37.300000000000004,23.984368542227234,23.983379815061433,24.0,0.0,0.7443571003887259,1.0341153754368666,0.23782390270900378
37.4,23.983379815061433,23.982456990933375,24.0,0.0,0.7429393746998755,1.0341153754368666,0.23782390270900378
37.5,23.982456990933375,23.981601241949697,24.0,0.0,0.7415678533920789,1.0341153754368666,0.23782390270900378
37.6,23.981601241949697,23.98081354135427,24.0,0.0,0.7402453437660905,1.0341153754368666,0.23782390270900378
37.7,23.98081354135427,23.98009466445129,24.0,0.0,0.7389744706216888,1.0341153754368666,0.23782390270900378
37.800000000000004,23.98009466445129,23.979445190048754,24.0,0.0,0.7377576725047784,1.0341153754368666,0.23782390270900378
37.9,23.979445190048754,23.97886550240863,24.0,0.0,0.7365971985269586,1.0341153754368666,0.23782390270900378
38.0,23.97886550240863,23.97835579368905,24.0,0.0,0.7354951057554595,1.0341153754368666,0.23782390270900378
38.1,23.97835579368905,23.977916066862726,24.0,0.0,0.7344532571699567,1.0341153754368666,0.23782390270900378
38.2,23.977916066862726,23.97754613909482,24.0,0.0,0.7334733201812744,1.0341153754368666,0.23782390270900378
38.300000000000004,23.97754613909482,23.97724564556259,24.0,0.0,0.7325567657055461,1.0341153754368666,0.23782390270900378
38.400000000000006,23.97724564556259,23.97701404369827,24.0,0.0,0.7317048677860555,1.0341153754368666,0.23782390270900378
38.5,23.97701404369827,23.976850617835822,24.0,0.0,0.7309187037536632,1.0341153754368666,0.23782390270900378
38.6,23.976850617835822,23.976754484241518,24.0,0.0,0.7301991549154048,1.0341153754368666,0.23782390270900378
38.7,23.976754484241518,23.976724596507587,24.0,0.0,0.7295469077596218,1.0341153754368666,0.23782390270900378
38.800000000000004,23.976724596507587,23.976759751287652,24.0,0.0,0.7289624556648581,1.0341153754368666,0.23782390270900378
38.900000000000006,23.976759751287652,23.976858594352066,24.0,0.0,0.7284461010985733,1.0341153754368666,0.23782390270900378
39.0,23.976858594352066,23.977019626940894,24.0,0.0,0.727997958290703,1.0341153754368666,0.23782390270900378
39.1,23.977019626940894,23.977241212391796,24.0,0.0,0.7276179563660937,1.0341153754368666,0.23782390270900378
39.2,23.977241212391796,23.977521583019854,24.0,0.0,0.7273058429188535,1.0341153754368666,0.23782390270900378
39.300000000000004,23.977521583019854,23.977858847226056,24.0,0.0,0.7270611880108554,1.0341153754368666,0.23782390270900378
39.400000000000006,23.977858847226056,23.978250996810992,24.0,0.0,0.7268833885757556,1.0341153754368666,0.23782390270900378
39.5,23.978250996810992,23.978695914470194,24.0,0.0,0.7267716732091652,1.0341153754368666,0.23782390270900378
39.6,23.978695914470194,23.979191381447535,24.0,0.0,0.7267251073249148,1.0341153754368666,0.23782390270900378
39.7,23.979191381447535,23.979735085323025,24.0,0.0,0.7267425986567915,1.0341153754368666,0.23782390270900378
39.800000000000004,23.979735085323025,23.980324627911536,24.0,0.0,0.7268229030844658,1.0341153754368666,0.23782390270900378
39.900000000000006,23.980324627911536,23.980957533249004,24.0,0.0,0.7269646307619866,1.0341153754368666,0.23782390270900378
40.0,23.980957533249004,23.981631255642966,24.0,0.0,0.7271662525266661,1.0341153754368666,0.23782390270900378
40.1,23.981631255642966,23.982343187764457,24.0,0.0,0.7274261065659533,1.0341153754368666,0.23782390270900378
40.2,23.982343187764457,23.983090668758646,24.0,0.0,0.7277424053195279,1.0341153754368666,0.23782390270900378
40.300000000000004,23.983090668758646,23.983870992351974,24.0,0.0,0.7281132425936637,1.0341153754368666,0.23782390270900378
40.400000000000006,23.983870992351974,23.984681414933938,24.0,0.0,0.7285366008647736,1.0341153754368666,0.23782390270900378
40.5,23.984681414933938,23.985519163592166,24.0,0.0,0.7290103587489443,1.0341153754368666,0.23782390270900378
40.6,23.985519163592166,23.986381444079953,24.0,0.0,0.7295322986142688,1.0341153754368666,0.23782390270900378
40.7,23.986381444079953,23.987265448695954,24.0,0.0,0.7301001143128123,1.0341153754368666,0.23782390270900378
40.800000000000004,23.987265448695954,23.988168364056406,24.0,0.0,0.7307114190091385,1.0341153754368666,0.23782390270900378
40.900000000000006,23.988168364056406,23.98908737874086,24.0,0.0,0.7313637530825465,1.0341153754368666,0.23782390270900378
41.0,23.98908737874086,23.99001969079308,24.0,0.0,0.7320545920803277,1.0341153754368666,0.23782390270900378
41.1,23.99001969079308,23.99096251505959,24.0,0.0,0.7327813546996513,1.0341153754368666,0.23782390270900378
41.2,23.99096251505959,23.991913090348948,24.0,0.0,0.7335414107760635,1.0341153754368666,0.23782390270900378
41.300000000000004,23.991913090348948,23.992868686395827,24.0,0.0,0.734332089256893,1.0341153754368666,0.23782390270900378
41.400000000000006,23.992868686395827,23.993826610614597,24.0,0.0,0.7351506861383984,1.0341153754368666,0.23782390270900378
41.5,23.993826610614597,23.994784214628115,24.0,0.0,0.7359944723458745,1.0341153754368666,0.23782390270900378
41.6,23.994784214628115,23.995738900558226,24.0,0.0,0.7368607015365499,1.0341153754368666,0.23782390270900378
41.7,23.995738900558226,23.99668812706534,24.0,0.0,0.7377466178056836,1.0341153754368666,0.23782390270900378
41.800000000000004,23.99668812706534,23.99762941512547,24.0,0.0,0.7386494632768026,1.0341153754368666,0.23782390270900378
41.900000000000006,23.99762941512547,23.998560353533886,24.0,0.0,0.7395664855578413,1.0341153754368666,0.23782390270900378
42.0,23.998560353533886,23.99947860412565,24.0,0.0,0.74049494504546,1.0341153754368666,0.23782390270900378
42.1,23.99947860412565,24.000381906704057,24.0,0.0,0.7414321220607366,1.0341153754368666,0.23782390270900378
42.2,24.000381906704057,24.001268083669142,24.0,0.0,0.7423753238000227,1.0341153754368666,0.23782390270900378
42.300000000000004,24.001268083669142,24.00213504433921,24.0,0.0,0.7433218910856915,1.0341153754368666,0.23782390270900378
42.400000000000006,24.00213504433921,24.002980788959405,24.0,0.0,0.7442692049022269,1.0341153754368666,0.23782390270900378
42.5,24.002980788959405,24.00380341239227,24.0,0.0,0.7452146927040131,1.0341153754368666,0.23782390270900378
42.6,24.00380341239227,24.00460110748614,24.0,0.0,0.7461558344820064,1.0341153754368666,0.23782390270900378
42.7,24.00460110748614,24.00537216811824,24.0,0.0,0.7470901685774006,1.0341153754368666,0.23782390270900378
42.800000000000004,24.00537216811824,24.006114991910252,24.0,0.0,0.7480152972312386,1.0341153754368666,0.23782390270900378
42.900000000000006,24.006114991910252,24.006828082615034,24.0,0.0,0.7489288918599126,1.0341153754368666,0.23782390270900378
43.0,24.006828082615034,24.00751005217408,24.0,0.0,0.7498286980473612,1.0341153754368666,0.23782390270900378
43.1,24.00751005217408,24.00815962244627,24.0,0.0,0.7507125402457098,1.0341153754368666,0.23782390270900378
43.2,24.00815962244627,24.00877562660925,24.0,0.0,0.7515783261770901,1.0341153754368666,0.23782390270900378
43.300000000000004,24.00877562660925,24.009357010235647,24.0,0.0,0.752424050930252,1.0341153754368666,0.23782390270900378
43.400000000000006,24.009357010235647,24.009902832047274,24.0,0.0,0.7532478007465292,1.0341153754368666,0.23782390270900378
43.5,24.009902832047274,24.010412264351125,24.0,0.0,0.7540477564907173,1.0341153754368666,0.23782390270900378
43.6,24.010412264351125,24.01088459316186,24.0,0.0,0.7548221968032757,1.0341153754368666,0.23782390270900378
43.7,24.01088459316186,24.011319218016222,24.0,0.0,0.755569500931236,1.0341153754368666,0.23782390270900378
43.800000000000004,24.011319218016222,24.011715651485492,24.0,0.0,0.7562881512361005,1.0341153754368666,0.23782390270900378
43.900000000000006,24.011715651485492,24.012073518392928,24.0,0.0,0.7569767353779159,1.0341153754368666,0.23782390270900378
44.0,24.012073518392928,24.01239255474361,24.0,0.0,0.7576339481756187,1.0341153754368666,0.23782390270900378
44.1,24.01239255474361,24.01267260637494,24.0,0.0,0.758258593144548,1.0341153754368666,0.23782390270900378
44.2,24.01267260637494,24.012913627336534,24.0,0.0,0.7588495837129831,1.0341153754368666,0.23782390270900378
44.300000000000004,24.012913627336534,24.013115678008806,24.0,0.0,0.7594059441202987,1.0341153754368666,0.23782390270900378
44.400000000000006,24.013115678008806,24.013278922970176,24.0,0.0,0.7599268100001849,1.0341153754368666,0.23782390270900378
44.5,24.013278922970176,24.01340362862323,24.0,0.0,0.7604114286531551,1.0341153754368666,0.23782390270900378
44.6,24.01340362862323,24.013490160590642,24.0,0.0,0.7608591590133458,1.0341153754368666,0.23782390270900378
44.7,24.013490160590642,24.01353898089213,24.0,0.0,0.761269471315297,1.0341153754368666,0.23782390270900378
44.800000000000004,24.01353898089213,24.013550644914062,24.0,0.0,0.7616419464671449,1.0341153754368666,0.23782390270900378
44.900000000000006,24.013550644914062,24.013525798183686,24.0,0.0,0.761976275137334,1.0341153754368666,0.23782390270900378
45.0,24.013525798183686,24.013465172960235,24.0,0.0,0.7622722565625524,1.0341153754368666,0.23782390270900378
45.1,24.013465172960235,24.01336958465551,24.0,0.0,0.7625297970852478,1.0341153754368666,0.23782390270900378
45.2,24.01336958465551,24.013239928096663,24.0,0.0,0.7627489084296579,1.0341153754368666,0.23782390270900378
45.300000000000004,24.013239928096663,24.013077173644174,24.0,0.0,0.762929705725781,1.0341153754368666,0.23782390270900378
45.400000000000006,24.013077173644174,24.01288236317811,24.0,0.0,0.763072405291287,1.0341153754368666,0.23782390270900378
45.5,24.01288236317811,24.01265660596595,24.0,0.0,0.7631773221817487,1.0341153754368666,0.23782390270900378
45.6,24.01265660596595,24.0124010744252,24.0,0.0,0.7632448675201255,1.0341153754368666,0.23782390270900378
45.7,24.0124010744252,24.012116999794223,24.0,0.0,0.7632755456166835,1.0341153754368666,0.23782390270900378
45.800000000000004,24.012116999794223,24.01180566772459,24.0,0.0,0.7632699508910386,1.0341153754368666,0.23782390270900378
45.900000000000006,24.01180566772459,24.011468413808256,24.0,0.0,0.7632287646082001,1.0341153754368666,0.23782390270900378
46.0,24.011468413808256,24.011106619052818,24.0,0.0,0.7631527514408678,1.0341153754368666,0.23782390270900378
46.1,24.011106619052818,24.010721705318012,24.0,0.0,0.763042755870421,1.0341153754368666,0.23782390270900378
46.2,24.010721705318012,24.01031513072641,24.0,0.0,0.7628996984392844,1.0341153754368666,0.23782390270900378
46.300000000000004,24.01031513072641,24.009888385061185,24.0,0.0,0.7627245718674788,1.0341153754368666,0.23782390270900378
46.400000000000006,24.009888385061185,24.00944298516353,24.0,0.0,0.762518437046341,1.0341153754368666,0.23782390270900378
46.5,24.00944298516353,24.008980470342212,24.0,0.0,0.7622824189224408,1.0341153754368666,0.23782390270900378
46.6,24.008980470342212,24.008502397807288,24.0,0.0,0.7620177022848424,1.0341153754368666,0.23782390270900378
46.7,24.008502397807288,24.008010338139933,24.0,0.0,0.7617255274687939,1.0341153754368666,0.23782390270900378
46.800000000000004,24.008010338139933,24.007505870809844,24.0,0.0,0.7614071859889955,1.0341153754368666,0.23782390270900378
46.900000000000006,24.007505870809844,24.00699057975147,24.0,0.0,0.7610640161154679,1.0341153754368666,0.23782390270900378
47.0,24.00699057975147,24.006466049009838,24.0,0.0,0.7606973984050477,1.0341153754368666,0.23782390270900378
47.1,24.006466049009838,24.005933858466467,24.0,0.0,0.760308751201299,1.0341153754368666,0.23782390270900378
47.2,24.005933858466467,24.00539557965539,24.0,0.0,0.7598995261155987,1.0341153754368666,0.23782390270900378
47.300000000000004,24.00539557965539,24.00485277167887,24.0,0.0,0.7594712035018933,1.0341153754368666,0.23782390270900378
47.400000000000006,24.00485277167887,24.004306977232012,24.0,0.0,0.7590252879374279,1.0341153754368666,0.23782390270900378
47.5,24.004306977232012,24.00375971874492,24.0,0.0,0.7585633037215241,1.0341153754368666,0.23782390270900378
47.6,24.00375971874492,24.003212494650676,24.0,0.0,0.7580867904041843,1.0341153754368666,0.23782390270900378
47.7,24.003212494650676,24.002666775786828,24.0,0.0,0.757597298356042,1.0341153754368666,0.23782390270900378
47.800000000000004,24.002666775786828,24.002124001937652,24.0,0.0,0.7570963843907988,1.0341153754368666,0.23782390270900378
47.900000000000006,24.002124001937652,24.001585578523887,24.0,0.0,0.7565856074509981,1.0341153754368666,0.23782390270900378
48.0,24.001585578523887,24.001052873446127,24.0,0.0,0.7560665243675887,1.0341153754368666,0.23782390270900378
48.1,24.001052873446127,24.0005272140876,24.0,0.0,0.755540685703306,1.0341153754368666,0.23782390270900378
48.2,24.0005272140876,24.000009884481376,24.0,0.0,0.7550096316895991,1.0341153754368666,0.23782390270900378
48.300000000000004,24.000009884481376,23.999502122646692,24.0,0.0,0.7544748882662266,1.0341153754368666,0.23782390270900378
48.400000000000006,23.999502122646692,23.999005118098403,24.0,0.0,0.7539379632323973,1.0341153754368666,0.23782390270900378
48.5,23.999005118098403,23.99852000953307,24.0,0.0,0.7534003425176914,1.0341153754368666,0.23782390270900378
48.6,23.99852000953307,23.998047882694703,24.0,0.0,0.7528634865806435,1.0341153754368666,0.23782390270900378
48.7,23.998047882694703,23.99758976842256,24.0,0.0,0.7523288269423221,1.0341153754368666,0.23782390270900378
48.800000000000004,23.99758976842256,23.99714664088292,24.0,0.0,0.7517977628617749,1.0341153754368666,0.23782390270900378
48.900000000000006,23.99714664088292,23.99671941598618,24.0,0.0,0.7512716581596485,1.0341153754368666,0.23782390270900378
49.0,23.99671941598618,23.996308949990176,24.0,0.0,0.7507518381958275,1.0341153754368666,0.23782390270900378
49.1,23.996308949990176,23.99591603828999,24.0,0.0,0.7502395870064217,1.0341153754368666,0.23782390270900378
49.2,23.99591603828999,23.995541414394122,24.0,0.0,0.7497361446048323,1.0341153754368666,0.23782390270900378
49.300000000000004,23.995541414394122,23.995185749086314,24.0,0.0,0.7492427044511728,1.0341153754368666,0.23782390270900378
49.400000000000006,23.995185749086314,23.99484964977188,24.0,0.0,0.7487604110937679,1.0341153754368666,0.23782390270900378
49.5,23.99484964977188,23.994533660006883,24.0,0.0,0.7482903579858801,1.0341153754368666,0.23782390270900378
49.6,23.994533660006883,23.994238259208096,24.0,0.0,0.7478335854803475,1.0341153754368666,0.23782390270900378
49.7,23.994238259208096,23.99396386254114,24.0,0.0,0.7473910790042523,1.0341153754368666,0.23782390270900378
49.800000000000004,23.99396386254114,23.993710820983864,24.0,0.0,0.7469637674152086,1.0341153754368666,0.23782390270900378
49.900000000000006,23.993710820983864,23.993479421561542,24.0,0.0,0.7465525215403601,1.0341153754368666,0.23782390270900378
50.0,23.993479421561542,23.99326988775009,24.0,0.0,0.7461581528986541,1.0341153754368666,0.23782390270900378
50.1,23.99326988775009,23.993082380043113,24.0,0.0,0.7457814126064617,1.0341153754368666,0.23782390270900378
50.2,23.993082380043113,23.992916996678275,24.0,0.0,0.7454229904661049,1.0341153754368666,0.23782390270900378
50.300000000000004,23.992916996678275,23.992773774518014,24.0,0.0,0.7450835142363975,1.0341153754368666,0.23782390270900378
50.400000000000006,23.992773774518014,23.992652690079485,24.0,0.0,0.7447635490837698,1.0341153754368666,0.23782390270900378
50.5,23.992652690079485,23.99255366070812,24.0,0.0,0.7444635972121898,1.0341153754368666,0.23782390270900378
50.6,23.99255366070812,23.992476545889055,24.0,0.0,0.744184097669511,1.0341153754368666,0.23782390270900378
50.7,23.992476545889055,23.992421148690322,24.0,0.0,0.7439254263275914,1.0341153754368666,0.23782390270900378
50.800000000000004,23.992421148690322,23.992387217331487,24.0,0.0,0.7436878960329745,1.0341153754368666,0.23782390270900378
50.900000000000006,23.992387217331487,23.9923744468712,24.0,0.0,0.743471756924623,1.0341153754368666,0.23782390270900378
51.0,23.9923744468712,23.992382481006935,24.0,0.0,0.7432771969147477,1.0341153754368666,0.23782390270900378
51.1,23.992382481006935,23.992410913979974,24.0,0.0,0.7431043423284509,1.0341153754368666,0.23782390270900378
51.2,23.992410913979974,23.992459292578594,24.0,0.0,0.7429532586975124,1.0341153754368666,0.23782390270900378
51.300000000000004,23.992459292578594,23.992527118232218,24.0,0.0,0.7428239517033733,1.0341153754368666,0.23782390270900378
51.400000000000006,23.992527118232218,23.992613849189222,24.0,0.0,0.7427163682639846,1.0341153754368666,0.23782390270900378
51.5,23.992613849189222,23.992718902771024,24.0,0.0,0.7426303977589679,1.0341153754368666,0.23782390270900378
51.6,23.992718902771024,23.992841657694907,24.0,0.0,0.7425658733872539,1.0341153754368666,0.23782390270900378
51.7,23.992841657694907,23.992981456458107,24.0,0.0,0.7425225736510591,1.0341153754368666,0.23782390270900378
51.800000000000004,23.992981456458107,23.993137607775598,24.0,0.0,0.7425002239599051,1.0341153754368666,0.23782390270900378
51.900000000000006,23.993137607775598,23.993309389064006,24.0,0.0,0.7424984983481441,1.0341153754368666,0.23782390270900378
52.0,23.993309389064006,23.993496048964115,24.0,0.0,0.7425170212992687,1.0341153754368666,0.23782390270900378
52.1,23.993496048964115,23.99369680989446,24.0,0.0,0.7425553696701106,1.0341153754368666,0.23782390270900378
52.2,23.99369680989446,23.993910870628547,24.0,0.0,0.7426130747079247,1.0341153754368666,0.23782390270900378
52.300000000000004,23.993910870628547,23.994137408888346,24.0,0.0,0.7426896241532003,1.0341153754368666,0.23782390270900378
52.400000000000006,23.994137408888346,23.99437558394671,24.0,0.0,0.742784464420967,1.0341153754368666,0.23782390270900378
52.5,23.99437558394671,23.99462453923162,24.0,0.0,0.7428970028532412,1.0341153754368666,0.23782390270900378
52.6,23.99462453923162,23.994883404925144,24.0,0.0,0.7430266100352834,1.0341153754368666,0.23782390270900378
52.7,23.994883404925144,23.995151300550237,24.0,0.0,0.7431726221682017,1.0341153754368666,0.23782390270900378
52.800000000000004,23.995151300550237,23.99542733753862,24.0,0.0,0.7433343434905023,1.0341153754368666,0.23782390270900378
52.900000000000006,23.99542733753862,23.995710621773178,24.0,0.0,0.7435110487411435,1.0341153754368666,0.23782390270900378
53.0,23.995710621773178,23.996000256098505,24.0,0.0,0.7437019856567101,1.0341153754368666,0.23782390270900378
53.1,23.996000256098505,23.996295342793374,24.0,0.0,0.7439063774953358,1.0341153754368666,0.23782390270900378
53.2,23.996295342793374,23.996594985999234,24.0,0.0,0.7441234255800793,1.0341153754368666,0.23782390270900378
53.300000000000004,23.996594985999234,23.996898294098962,24.0,0.0,0.7443523118545604,1.0341153754368666,0.23782390270900378
53.400000000000006,23.996898294098962,23.997204382040373,24.0,0.0,0.7445922014437394,1.0341153754368666,0.23782390270900378
53.5,23.997204382040373,23.997512373599267,24.0,0.0,0.7448422452128238,1.0341153754368666,0.23782390270900378
53.6,23.997512373599267,23.997821403577024,24.0,0.0,0.7451015823174714,1.0341153754368666,0.23782390270900378
53.7,23.997821403577024,23.99813061992802,24.0,0.0,0.7453693427385666,1.0341153754368666,0.23782390270900378
53.800000000000004,23.99813061992802,23.998439185812426,24.0,0.0,0.745644649795031,1.0341153754368666,0.23782390270900378
53.900000000000006,23.998439185812426,23.998746281570263,24.0,0.0,0.7459266226282817,1.0341153754368666,0.23782390270900378
54.0,23.998746281570263,23.999051106612782,24.0,0.0,0.7462143786522061,1.0341153754368666,0.23782390270900378
54.1,23.999051106612782,23.99935288122768,24.0,0.0,0.7465070359626333,1.0341153754368666,0.23782390270900378
54.2,23.99935288122768,23.99965084829479,24.0,0.0,0.7468037157006199,1.0341153754368666,0.23782390270900378
54.300000000000004,23.99965084829479,23.99994427490935,24.0,0.0,0.7471035443639776,1.0341153754368666,0.23782390270900378
54.400000000000006,23.99994427490935,24.00023245391009,24.0,0.0,0.7474056560618006,1.0341153754368666,0.23782390270900378
54.5,24.00023245391009,24.000514705309886,24.0,0.0,0.7477091947069545,1.0341153754368666,0.23782390270900378
54.6,24.000514705309886,24.000790377626817,24.0,0.0,0.7480133161417759,1.0341153754368666,0.23782390270900378
54.7,24.000790377626817,24.00105884911392,24.0,0.0,0.7483171901924792,1.0341153754368666,0.23782390270900378
54.800000000000004,24.00105884911392,24.001319528886217,24.0,0.0,0.7486200026480249,1.0341153754368666,0.23782390270900378
54.900000000000006,24.001319528886217,24.001571857943812,24.0,0.0,0.7489209571595674,1.0341153754368666,0.23782390270900378
55.0,24.001571857943812,24.001815310090265,24.0,0.0,0.7492192770567662,1.0341153754368666,0.23782390270900378
55.1,24.001815310090265,24.00204939274569,24.0,0.0,0.7495142070776257,1.0341153754368666,0.23782390270900378
55.2,24.00204939274569,24.002273647654288,24.0,0.0,0.7498050150088197,1.0341153754368666,0.23782390270900378
55.300000000000004,24.002273647654288,24.002487651486412,24.0,0.0,0.7500909932336713,1.0341153754368666,0.23782390270900378
55.400000000000006,24.002487651486412,24.00269101633543,24.0,0.0,0.7503714601853807,1.0341153754368666,0.23782390270900378
55.5,24.00269101633543,24.002883390110025,24.0,0.0,0.7506457617032877,1.0341153754368666,0.23782390270900378
55.6,24.002883390110025,24.003064456822774,24.0,0.0,0.7509132722903277,1.0341153754368666,0.23782390270900378
55.7,24.003064456822774,24.00323393677615,24.0,0.0,0.7511733962700884,1.0341153754368666,0.23782390270900378
55.800000000000004,24.00323393677615,24.003391586647354,24.0,0.0,0.7514255688422268,1.0341153754368666,0.23782390270900378
55.900000000000006,24.003391586647354,24.00353719947356,24.0,0.0,0.7516692570352572,1.0341153754368666,0.23782390270900378
56.0,24.00353719947356,24.00367060453951,24.0,0.0,0.7519039605560434,1.0341153754368666,0.23782390270900378
56.1,24.00367060453951,24.00379166716952,24.0,0.0,0.7521292125355946,1.0341153754368666,0.23782390270900378
56.2,24.00379166716952,24.003900288426212,24.0,0.0,0.7523445801710795,1.0341153754368666,0.23782390270900378
56.300000000000004,24.003900288426212,24.00399640471855,24.0,0.0,0.7525496652642464,1.0341153754368666,0.23782390270900378
56.400000000000006,24.00399640471855,24.004079987321845,24.0,0.0,0.7527441046566788,1.0341153754368666,0.23782390270900378
56.5,24.004079987321845,24.0041510418127,24.0,0.0,0.7529275705626541,1.0341153754368666,0.23782390270900378
56.6,24.0041510418127,24.00420960742193,24.0,0.0,0.7530997708005631,1.0341153754368666,0.23782390270900378
56.7,24.00420960742193,24.004255756308762,24.0,0.0,0.7532604489241351,1.0341153754368666,0.23782390270900378
56.800000000000004,24.004255756308762,24.004289592759676,24.0,0.0,0.7534093842549993,1.0341153754368666,0.23782390270900378
56.900000000000006,24.004289592759676,24.004311252315482,24.0,0.0,0.7535463918182534,1.0341153754368666,0.23782390270900378
57.0,24.004311252315482,24.004320900830244,24.0,0.0,0.7536713221830604,1.0341153754368666,0.23782390270900378
57.1,24.004320900830244,24.004318733465915,24.0,0.0,0.753784061210393,1.0341153754368666,0.23782390270900378
57.2,24.004318733465915,24.004304973626496,24.0,0.0,0.7538845297103787,1.0341153754368666,0.23782390270900378
57.300000000000004,24.004304973626496,24.004279871835788,24.0,0.0,0.7539726830117632,1.0341153754368666,0.23782390270900378
57.400000000000006,24.004279871835788,24.004243704562725,24.0,0.0,0.754048510446349,1.0341153754368666,0.23782390270900378
57.5,24.004243704562725,24.004196772998466,24.0,0.0,0.7541120347512924,1.0341153754368666,0.23782390270900378
57.6,24.004196772998466,24.004139401789406,24.0,0.0,0.754163311392426,1.0341153754368666,0.23782390270900378
57.7,24.004139401789406,24.00407193773035,24.0,0.0,0.7542024278118734,1.0341153754368666,0.23782390270900378
57.800000000000004,24.00407193773035,24.00399474842209,24.0,0.0,0.7542295026033784,1.0341153754368666,0.23782390270900378
57.900000000000006,24.00399474842209,24.003908220897646,24.0,0.0,0.7542446846188948,1.0341153754368666,0.23782390270900378
58.0,24.003908220897646,24.003812760221482,24.0,0.0,0.7542481520101204,1.0341153754368666,0.23782390270900378
58.1,24.003812760221482,24.00370878806595,24.0,0.0,0.7542401112087465,1.0341153754368666,0.23782390270900378
58.2,24.00370878806595,24.0035967412692,24.0,0.0,0.7542207958493097,1.0341153754368666,0.23782390270900378
58.300000000000004,24.0035967412692,24.003477070378825,24.0,0.0,0.7541904656385886,1.0341153754368666,0.23782390270900378
58.400000000000006,24.003477070378825,24.00335023818538,24.0,0.0,0.754149405175609,1.0341153754368666,0.23782390270900378
58.5,24.00335023818538,24.003216718249952,24.0,0.0,0.7540979227262927,1.0341153754368666,0.23782390270900378
58.6,24.003216718249952,24.003076993429822,24.0,0.0,0.7540363489569512,1.0341153754368666,0.23782390270900378
58.7,24.003076993429822,24.002931554406263,24.0,0.0,0.7539650356307335,1.0341153754368666,0.23782390270900378
58.800000000000004,24.002931554406263,24.00278089821837,24.0,0.0,0.753884354271273,1.0341153754368666,0.23782390270900378
58.900000000000006,24.00278089821837,24.002625526806767,24.0,0.0,0.7537946947976992,1.0341153754368666,0.23782390270900378
59.0,24.002625526806767,24.00246594557096,24.0,0.0,0.7536964641352442,1.0341153754368666,0.23782390270900378
59.1,24.00246594557096,24.002302661943933,24.0,0.0,0.7535900848056212,1.0341153754368666,0.23782390270900378
59.2,24.002302661943933,24.002136183987517,24.0,0.0,0.7534759935013668,1.0341153754368666,0.23782390270900378
59.300000000000004,24.002136183987517,24.001967019011975,24.0,0.0,0.7533546396482474,1.0341153754368666,0.23782390270900378
59.400000000000006,24.001967019011975,24.001795672223004,24.0,0.0,0.753226483959867,1.0341153754368666,0.23782390270900378
59.5,24.001795672223004,24.00162264539937,24.0,0.0,0.7530919969884666,1.0341153754368666,0.23782390270900378
59.6,24.00162264539937,24.0014484356041,24.0,0.0,0.7529516576759416,1.0341153754368666,0.23782390270900378
59.7,24.0014484356041,24.001273533932164,24.0,0.0,0.7528059519089217,1.0341153754368666,0.23782390270900378
59.800000000000004,24.001273533932164,24.00109842429727,24.0,0.0,0.7526553710817805,1.0341153754368666,0.23782390270900378
59.900000000000006,24.00109842429727,24.000923582260373,24.0,0.0,0.7525004106712687,1.0341153754368666,0.23782390270900378
60.0,24.000923582260373,24.005736994709604,24.0,1.0,0.7523415688264066,1.0341153754368666,0.23782390270900378
60.1,24.005736994709604,24.010526720993404,24.0,1.0,0.7574556320956413,1.0341153754368666,0.23782390270900378
60.2,24.010526720993404,24.01529332910376,24.0,1.0,0.7626591122767908,1.0341153754368666,0.23782390270900378
60.300000000000004,24.01529332910376,24.02003737383744,24.0,1.0,0.7679520469336779,1.0341153754368666,0.23782390270900378
60.400000000000006,24.02003737383744,24.024759395868607,24.0,1.0,0.7733344731791431,1.0341153754368666,0.23782390270900378
60.5,24.024759395868607,24.029459920874938,24.0,1.0,0.7788064263801436,1.0341153754368666,0.23782390270900378
60.6,24.029459920874938,24.03413945871864,24.0,1.0,0.7843679388974141,1.0341153754368666,0.23782390270900378
60.7,24.03413945871864,24.03879850268357,24.0,1.0,0.7900190388624102,1.0341153754368666,0.23782390270900378
60.800000000000004,24.03879850268357,24.043437528769452,24.0,1.0,0.7957597489941258,1.0341153754368666,0.23782390270900378
60.900000000000006,24.043437528769452,24.048056995044128,24.0,1.0,0.8015900854581884,1.0341153754368666,0.23782390270900378
61.0,24.048056995044128,24.05265734105442,24.0,1.0,0.8075100567705288,1.0341153754368666,0.23782390270900378
61.1,24.05265734105442,24.057238987296227,24.0,1.0,0.8135196627476858,1.0341153754368666,0.23782390270900378
61.2,24.057238987296227,24.0618023347441,24.0,1.0,0.8196188935057407,1.0341153754368666,0.23782390270900378
61.300000000000004,24.0618023347441,24.066347764440568,24.0,1.0,0.825807728509585,1.0341153754368666,0.23782390270900378
61.400000000000006,24.066347764440568,24.070875637145146,24.0,1.0,0.8320861356741962,1.0341153754368666,0.23782390270900378
61.5,24.070875637145146,24.075386293042943,24.0,1.0,0.8384540705193062,1.0341153754368666,0.23782390270900378
61.6,24.075386293042943,24.079880051512525,24.0,1.0,0.8449114753787461,1.0341153754368666,0.23782390270900378
61.7,24.079880051512525,24.084357210952593,24.0,1.0,0.8514582786655713,1.0341153754368666,0.23782390270900378
61.800000000000004,24.084357210952593,24.088818048666866,24.0,1.0,0.858094394193867,1.0341153754368666,0.23782390270900378
61.900000000000006,24.088818048666866,24.093262820806395,24.0,1.0,0.8648197205580206,1.0341153754368666,0.23782390270900378
62.0,24.093262820806395,24.097691762368445,24.0,1.0,0.8716341405700033,1.0341153754368666,0.23782390270900378
62.1,24.097691762368445,24.101894562516577,24.0,1.0,0.8785375207551294,1.0341153754368666,0.23782390270900378
62.2,24.101894562516577,24.10586878138613,24.0,1.0,0.8853069972604529,1.0341153754368666,0.23782390270900378
62.300000000000004,24.10586878138613,24.10961198978251,24.0,1.0,0.8919346107752368,1.0341153754368666,0.23782390270900378
62.400000000000006,24.10961198978251,24.113121769145987,24.0,1.0,0.8984123552507784,1.0341153754368666,0.23782390270900378
62.5,24.113121769145987,24.116395711568284,24.0,1.0,0.9047321781169047,1.0341153754368666,0.23782390270900378
62.6,24.116395711568284,24.119431419859428,24.0,1.0,0.9108859805524728,1.0341153754368666,0.23782390270900378
62.7,24.119431419859428,24.12222650766303,24.0,1.0,0.9168656178093904,1.0341153754368666,0.23782390270900378
62.800000000000004,24.12222650766303,24.124778599618207,24.0,1.0,0.9226628995894821,1.0341153754368666,0.23782390270900378
62.900000000000006,24.124778599618207,24.127085331566228,24.0,1.0,0.9282695904734364,1.0341153754368666,0.23782390270900378
63.0,24.127085331566228,24.12914435079987,24.0,1.0,0.9336774104009113,1.0341153754368666,0.23782390270900378
63.1,24.12914435079987,24.130953316353402,24.0,1.0,0.9388780352007448,1.0341153754368666,0.23782390270900378
63.2,24.130953316353402,24.13250989933108,24.0,1.0,0.9438630971700739,1.0341153754368666,0.23782390270900378
63.300000000000004,24.13250989933108,24.13381178327193,24.0,1.0,0.9486241857010831,1.0341153754368666,0.23782390270900378
63.400000000000006,24.13381178327193,24.134856664548575,24.0,1.0,0.9531528479539695,1.0341153754368666,0.23782390270900378
63.5,24.134856664548575,24.135642252797794,24.0,1.0,0.9574405895745801,1.0341153754368666,0.23782390270900378
63.6,24.135642252797794,24.136166271380493,24.0,1.0,0.961478875455121,1.0341153754368666,0.23782390270900378
63.7,24.136166271380493,24.13642645786869,24.0,1.0,0.9652591305362084,1.0341153754368666,0.23782390270900378
63.800000000000004,24.13642645786869,24.13642056455715,24.0,1.0,0.9687727406484448,1.0341153754368666,0.23782390270900378
63.900000000000006,24.13642056455715,24.136146358997202,24.0,1.0,0.9720110533916417,1.0341153754368666,0.23782390270900378
64.0,24.136146358997202,24.135601624550397,24.0,1.0,0.9749653790497039,1.0341153754368666,0.23782390270900378
64.10000000000001,24.135601624550397,24.134784160959466,24.0,1.0,0.9776269915391581,1.0341153754368666,0.23782390270900378
64.2,24.134784160959466,24.133700671245805,24.0,1.0,0.9799871293891909,1.0341153754368666,0.23782390270900378
64.3,24.133700671245805,24.13235814257717,24.0,1.0,0.9820463975602154,1.0341153754368666,0.23782390270900378
64.4,24.13235814257717,24.130763846715357,24.0,1.0,0.9838058610243184,1.0341153754368666,0.23782390270900378
64.5,24.130763846715357,24.12892534045298,24.0,1.0,0.98526705199653,1.0341153754368666,0.23782390270900378
64.60000000000001,24.12892534045298,24.126850466037308,24.0,1.0,0.9864319771652302,1.0341153754368666,0.23782390270900378
64.7,24.126850466037308,24.124547351579043,24.0,1.0,0.9873031249192274,1.0341153754368666,0.23782390270900378
64.8,24.124547351579043,24.12202441144403,24.0,1.0,0.9878834725690049,1.0341153754368666,0.23782390270900378
64.9,24.12202441144403,24.119290346625885,24.0,1.0,0.9881764935596207,1.0341153754368666,0.23782390270900378
65.0,24.119290346625885,24.116354145097624,24.0,1.0,0.9881861646727429,1.0341153754368666,0.23782390270900378
65.10000000000001,24.116354145097624,24.113225082140378,24.0,1.0,0.9879169732153358,1.0341153754368666,0.23782390270900378
65.2,24.113225082140378,24.109912720647355,24.0,1.0,0.987373924192455,1.0341153754368666,0.23782390270900378
65.3,24.109912720647355,24.10642691140129,24.0,1.0,0.9865625474616865,1.0341153754368666,0.23782390270900378
65.4,24.10642691140129,24.102777793323643,24.0,1.0,0.9854889048667623,1.0341153754368666,0.23782390270900378
65.5,24.102777793323643,24.098975793693945,24.0,1.0,0.9841595973478883,1.0341153754368666,0.23782390270900378
65.60000000000001,24.098975793693945,24.09503162833767,24.0,1.0,0.9825817720264144,1.0341153754368666,0.23782390270900378
65.7,24.09503162833767,24.090956301781183,24.0,1.0,0.9807631292614286,1.0341153754368666,0.23782390270900378
65.8,24.090956301781183,24.086761107372347,24.0,1.0,0.978711929675999,1.0341153754368666,0.23782390270900378
65.9,24.086761107372347,24.082457627365415,24.0,1.0,0.9764370011507388,1.0341153754368666,0.23782390270900378
66.0,24.082457627365415,24.078057732969032,24.0,1.0,0.9739477457825019,1.0341153754368666,0.23782390270900378
66.10000000000001,24.078057732969032,24.073573584356126,24.0,1.0,0.971254146806036,1.0341153754368666,0.23782390270900378
66.2,24.073573584356126,24.069017630634647,24.0,1.0,0.9683667754764717,1.0341153754368666,0.23782390270900378
66.3,24.069017630634647,24.064402234684344,24.0,1.0,0.9652967979106379,1.0341153754368666,0.23782390270900378
66.4,24.064402234684344,24.059739655232285,24.0,1.0,0.9620555850742818,1.0341153754368666,0.23782390270900378
66.5,24.059739655232285,24.055042028729236,24.0,1.0,0.9586546917690943,1.0341153754368666,0.23782390270900378
66.60000000000001,24.055042028729236,24.050321351027975,24.0,1.0,0.9551058349827728,1.0341153754368666,0.23782390270900378
66.7,24.050321351027975,24.04558945886458,24.0,1.0,0.951420871598523,1.0341153754368666,0.23782390270900378
66.8,24.04558945886458,24.04085801114398,24.0,1.0,0.9476117754604033,1.0341153754368666,0.23782390270900378
66.9,24.04085801114398,24.03613847003103,24.0,1.0,0.9436906137911725,1.0341153754368666,0.23782390270900378
67.0,24.03613847003103,24.03144208184856,24.0,1.0,0.9396695229593377,1.0341153754368666,0.23782390270900378
67.10000000000001,24.03144208184856,24.02677985778383,24.0,1.0,0.9355606835922773,1.0341153754368666,0.23782390270900378
67.2,24.02677985778383,24.022162554405035,24.0,1.0,0.9313762950324215,1.0341153754368666,0.23782390270900378
67.3,24.022162554405035,24.017600653989536,24.0,1.0,0.927128549133615,1.0341153754368666,0.23782390270900378
67.4,24.017600653989536,24.013104344665535,24.0,1.0,0.9228296033949375,1.0341153754368666,0.23782390270900378
67.5,24.013104344665535,24.008683500369123,24.0,1.0,0.9184915534293484,1.0341153754368666,0.23782390270900378
67.60000000000001,24.008683500369123,24.004347660618592,24.0,1.0,0.9141264047647124,1.0341153754368666,0.23782390270900378
67.7,24.004347660618592,24.000106010108087,24.0,1.0,0.9097460439748541,1.0341153754368666,0.23782390270900378
67.8,24.000106010108087,23.99596735812266,24.0,1.0,0.905362209138475,1.0341153754368666,0.23782390270900378
67.9,23.99596735812266,23.99194011777696,24.0,1.0,0.9009864596238113,1.0341153754368666,0.23782390270900378
68.0,23.99194011777696,23.988032285079832,24.0,1.0,0.8966301451971778,1.0341153754368666,0.23782390270900378
68.10000000000001,23.988032285079832,23.984251417827128,24.0,1.0,0.8923043744535615,1.0341153754368666,0.23782390270900378
68.2,23.984251417827128,23.98060461432519,24.0,1.0,0.8880199825676057,1.0341153754368666,0.23782390270900378
68.3,23.98060461432519,23.9770984919475,24.0,1.0,0.8837874983634829,1.0341153754368666,0.23782390270900378
68.4,23.9770984919475,23.97373918135982,24.0,1.0,0.8796171107022537,1.0341153754368666,0.23782390270900378
68.5,23.97373918135982,23.97053232161258,24.0,1.0,0.8755186509349323,1.0341153754368666,0.23782390270900378
68.60000000000001,23.97053232161258,23.96748305612157,24.0,1.0,0.8715015761356537,1.0341153754368666,0.23782390270900378
68.7,23.96748305612157,23.964596029558066,24.0,1.0,0.8675749531578761,1.0341153754368666,0.23782390270900378
68.8,23.964596029558066,23.961875385669586,24.0,1.0,0.8637474435570737,1.0341153754368666,0.23782390270900378
68.9,23.961875385669586,23.959324766052422,24.0,1.0,0.8600272894239743,1.0341153754368666,0.23782390270900378
69.0,23.959324766052422,23.956947309897206,24.0,1.0,0.8564223001728726,1.0341153754368666,0.23782390270900378
69.10000000000001,23.956947309897206,23.95474565472873,24.0,1.0,0.8529398403301,1.0341153754368666,0.23782390270900378
69.2,23.95474565472873,23.952721938161282,24.0,1.0,0.8495868183682723,1.0341153754368666,0.23782390270900378
69.3,23.952721938161282,23.95087780069076,24.0,1.0,0.8463696766324493,1.0341153754368666,0.23782390270900378
69.4,23.95087780069076,23.94921438954481,24.0,1.0,0.8432943824048238,1.0341153754368666,0.23782390270900378
69.5,23.94921438954481,23.947732363612296,24.0,1.0,0.8403664201551344,1.0341153754368666,0.23782390270900378
69.60000000000001,23.947732363612296,23.946431899473293,24.0,1.0,0.8375907850244156,1.0341153754368666,0.23782390270900378
69.7,23.946431899473293,23.945312698550907,24.0,1.0,0.834971977590271,1.0341153754368666,0.23782390270900378
69.8,23.945312698550907,23.944373995406107,24.0,1.0,0.8325139999623044,1.0341153754368666,0.23782390270900378
69.9,23.944373995406107,23.94361456719679,24.0,1.0,0.8302203532568321,1.0341153754368666,0.23782390270900378
70.0,23.94361456719679,23.943032744322235,24.0,1.0,0.8280940365005169,1.0341153754368666,0.23782390270900378
70.10000000000001,23.943032744322235,23.942626422274106,24.0,1.0,0.8261375470129684,1.0341153754368666,0.23782390270900378
70.2,23.942626422274106,23.94239307471507,24.0,1.0,0.8243528823189046,1.0341153754368666,0.23782390270900378
70.3,23.94239307471507,23.942329767806118,24.0,1.0,0.8227415436408525,1.0341153754368666,0.23782390270900378
70.4,23.942329767806118,23.942433175803572,24.0,1.0,0.8213045410238851,1.0341153754368666,0.23782390270900378
70.5,23.942433175803572,23.942699597278427,24.0,1.0,0.8200424001442994,1.0341153754368666,0.23782390270900378
70.60000000000001,23.942699597278427,23.943124971923798,24.0,1.0,0.8189551701475892,1.0341153754368666,0.23782390270900378
70.7,23.943124971923798,23.943704897914706,24.0,1.0,0.8180424324943113,1.0341153754368666,0.23782390270900378
70.8,23.943704897914706,23.944434649782863,24.0,1.0,0.8173033107899931,1.0341153754368666,0.23782390270900378
70.9,23.944434649782863,23.945309196767557,24.0,1.0,0.8167364815727046,1.0341153754368666,0.23782390270900378
71.0,23.945309196767557,23.946323221602167,24.0,1.0,0.8163401860294152,1.0341153754368666,0.23782390270900378
71.10000000000001,23.946323221602167,23.947471139694226,24.0,1.0,0.8161122426096188,1.0341153754368666,0.23782390270900378
71.2,23.947471139694226,23.948747118655334,24.0,1.0,0.8160500605020815,1.0341153754368666,0.23782390270900378
71.3,23.948747118655334,23.950145098135604,24.0,1.0,0.8161506539378497,1.0341153754368666,0.23782390270900378
71.4,23.950145098135604,23.951658809915717,24.0,1.0,0.8164106572798857,1.0341153754368666,0.23782390270900378
71.5,23.951658809915717,23.95328179820798,24.0,1.0,0.8168263408569364,1.0341153754368666,0.23782390270900378
71.60000000000001,23.95328179820798,23.955007440116105,24.0,1.0,0.8173936274963457,1.0341153754368666,0.23782390270900378
71.7,23.955007440116105,23.956828966201854,24.0,1.0,0.8181081097075924,1.0341153754368666,0.23782390270900378
71.8,23.956828966201854,23.958739481104857,24.0,1.0,0.8189650674654388,1.0341153754368666,0.23782390270900378
71.9,23.958739481104857,23.960731984160375,24.0,1.0,0.8199594865384908,1.0341153754368666,0.23782390270900378
72.0,23.960731984160375,23.962799389957965,24.0,1.0,0.8210860773059457,1.0341153754368666,0.23782390270900378
72.10000000000001,23.962799389957965,23.96493454878235,24.0,1.0,0.8223392940021651,1.0341153754368666,0.23782390270900378
72.2,23.96493454878235,23.967130266876037,24.0,1.0,0.8237133543255768,1.0341153754368666,0.23782390270900378
72.3,23.967130266876037,23.96937932646152,24.0,1.0,0.8252022593451301,1.0341153754368666,0.23782390270900378
72.4,23.96937932646152,23.97167450545914,24.0,1.0,0.826799813634303,1.0341153754368666,0.23782390270900378
72.5,23.97167450545914,23.974008596834945,24.0,1.0,0.8284996455593351,1.0341153754368666,0.23782390270900378
72.60000000000001,23.974008596834945,23.976374427539294,24.0,1.0,0.8302952276449691,1.0341153754368666,0.23782390270900378
72.7,23.976374427539294,23.978764876998078,24.0,1.0,0.8321798969673831,1.0341153754368666,0.23782390270900378
72.8,23.978764876998078,23.98117289511948,24.0,1.0,0.8341468755242333,1.0341153754368666,0.23782390270900378
72.9,23.98117289511948,23.983591519780525,24.0,1.0,0.836189290531968,1.0341153754368666,0.23782390270900378
73.0,23.983591519780525,23.98601389375889,24.0,1.0,0.8383001946010318,1.0341153754368666,0.23782390270900378
73.10000000000001,23.98601389375889,23.98843328107703,24.0,1.0,0.8404725857401216,1.0341153754368666,0.23782390270900378
73.2,23.98843328107703,23.990843082727018,24.0,1.0,0.8426994271413654,1.0341153754368666,0.23782390270900378
73.3,23.990843082727018,23.993236851746303,24.0,1.0,0.8449736666991079,1.0341153754368666,0.23782390270900378
73.4,23.993236851746303,23.99560830761617,24.0,1.0,0.8472882562159658,1.0341153754368666,0.23782390270900378
73.5,23.99560830761617,23.997951349956622,24.0,1.0,0.8496361702509427,1.0341153754368666,0.23782390270900378
73.60000000000001,23.997951349956622,24.000260071493308,24.0,1.0,0.8520104245656444,1.0341153754368666,0.23782390270900378
73.7,24.000260071493308,24.002528770274132,24.0,1.0,0.8544040941260854,1.0341153754368666,0.23782390270900378
73.8,24.002528770274132,24.004751961115396,24.0,1.0,0.8568103306191356,1.0341153754368666,0.23782390270900378
73.9,24.004751961115396,24.006924386259534,24.0,1.0,0.8592223794444152,1.0341153754368666,0.23782390270900378
74.0,24.006924386259534,24.009041025228914,24.0,1.0,0.861633596144365,1.0341153754368666,0.23782390270900378
74.10000000000001,24.009041025228914,24.011097103862603,24.0,1.0,0.8640374622372923,1.0341153754368666,0.23782390270900378
74.2,24.011097103862603,24.013088102525696,24.0,1.0,0.8664276004204349,1.0341153754368666,0.23782390270900378
74.3,24.013088102525696,24.01500976348341,24.0,1.0,0.8687977891125851,1.0341153754368666,0.23782390270900378
74.4,24.01500976348341,24.016858097435048,24.0,1.0,0.871141976308369,1.0341153754368666,0.23782390270900378
74.5,24.016858097435048,24.01862938920588,24.0,1.0,0.8734542927191256,1.0341153754368666,0.23782390270900378
74.60000000000001,24.01862938920588,24.020320202598047,24.0,1.0,0.8757290641783316,1.0341153754368666,0.23782390270900378
74.7,24.020320202598047,24.021927384403554,24.0,1.0,0.8779608232927355,1.0341153754368666,0.23782390270900378
74.8,24.021927384403554,24.023448067584525,24.0,1.0,0.8801443203224386,1.0341153754368666,0.23782390270900378
74.9,24.023448067584525,24.024879673627705,24.0,1.0,0.8822745332754423,1.0341153754368666,0.23782390270900378
75.0,24.024879673627705,24.026219914082223,24.0,1.0,0.88434667720429,1.0341153754368666,0.23782390270900378
75.10000000000001,24.026219914082223,24.027466791291523,24.0,1.0,0.8863562126946619,1.0341153754368666,0.23782390270900378
75.2,24.027466791291523,24.028618598332212,24.0,1.0,0.8882988535380661,1.0341153754368666,0.23782390270900378
75.3,24.028618598332212,24.0296739181744,24.0,1.0,0.8901705735829215,1.0341153754368666,0.23782390270900378
75.4,24.0296739181744,24.03063162207991,24.0,1.0,0.8919676127606215,1.0341153754368666,0.23782390270900378
75.5,24.03063162207991,24.031490867256437,24.0,1.0,0.89368648228536,1.0341153754368666,0.23782390270900378
75.60000000000001,24.031490867256437,24.032251093787398,24.0,1.0,0.8953239690287393,1.0341153754368666,0.23782390270900378
75.7,24.032251093787398,24.03291202085881,24.0,1.0,0.8968771390723362,1.0341153754368666,0.23782390270900378
75.8,24.03291202085881,24.033473642306088,24.0,1.0,0.8983433404435937,1.0341153754368666,0.23782390270900378
75.9,24.033473642306088,24.033936221505076,24.0,1.0,0.8997202050425116,1.0341153754368666,0.23782390270900378
76.0,24.033936221505076,24.03430028563299,24.0,1.0,0.9010056497686959,1.0341153754368666,0.23782390270900378
76.10000000000001,24.03430028563299,24.034566619326238,24.0,1.0,0.9021978768603448,1.0341153754368666,0.23782390270900378
76.2,24.034566619326238,24.034736257763285,24.0,1.0,0.9032953734586907,1.0341153754368666,0.23782390270900378
76.3,24.034736257763285,24.03481047920174,24.0,1.0,0.904296910413383,1.0341153754368666,0.23782390270900378
76.4,24.03481047920174,24.034790796999907,24.0,1.0,0.9052015403459709,1.0341153754368666,0.23782390270900378
76.5,24.034790796999907,24.03467895115377,24.0,1.0,0.9060085949905188,1.0341153754368666,0.23782390270900378
76.60000000000001,24.03467895115377,24.03447689938124,24.0,1.0,0.9067176818318726,1.0341153754368666,0.23782390270900378
76.7,24.03447689938124,24.034186807785968,24.0,1.0,0.9073286800636812,1.0341153754368666,0.23782390270900378
76.80000000000001,24.034186807785968,24.033811041133617,24.0,1.0,0.907841735889608,1.0341153754368666,0.23782390270900378
76.9,24.033811041133617,24.033352152773848,24.0,1.0,0.908257257192541,1.0341153754368666,0.23782390270900378
77.0,24.033352152773848,24.032812874241635,24.0,1.0,0.9085759075977364,1.0341153754368666,0.23782390270900378
77.10000000000001,24.032812874241635,24.032196104571753,24.0,1.0,0.9087985999570571,1.0341153754368666,0.23782390270900378
77.2,24.032196104571753,24.03150489936041,24.0,1.0,0.9089264892824568,1.0341153754368666,0.23782390270900378
77.30000000000001,24.03150489936041,24.03074245960809,24.0,1.0,0.9089609651578598,1.0341153754368666,0.23782390270900378
77.4,24.03074245960809,24.02991212037757,24.0,1.0,0.9089036436594267,1.0341153754368666,0.23782390270900378
77.5,24.02991212037757,24.029017339301085,24.0,1.0,0.9087563588149692,1.0341153754368666,0.23782390270900378
77.60000000000001,24.029017339301085,24.028061684970204,24.0,1.0,0.9085211536340067,1.0341153754368666,0.23782390270900378
77.7,24.028061684970204,24.027048825241906,24.0,1.0,0.908200270740461,1.0341153754368666,0.23782390270900378
77.80000000000001,24.027048825241906,24.0259825154938,24.0,1.0,0.907796142640539,1.0341153754368666,0.23782390270900378
77.9,24.0259825154938,24.024866586861066,24.0,1.0,0.9073113816587394,1.0341153754368666,0.23782390270900378
78.0,24.024866586861066,24.023704934487057,24.0,1.0,0.9067487695751724,1.0341153754368666,0.23782390270900378
78.10000000000001,24.023704934487057,24.02250150581902,24.0,1.0,0.9061112469976146,1.0341153754368666,0.23782390270900378
78.2,24.02250150581902,24.02126028897954,24.0,1.0,0.9054019025018255,1.0341153754368666,0.23782390270900378
78.30000000000001,24.02126028897954,24.019985301243672,24.0,1.0,0.9046239615736534,1.0341153754368666,0.23782390270900378
78.4,24.019985301243672,24.01868057765077,24.0,1.0,0.9037807753863568,1.0341153754368666,0.23782390270900378
78.5,24.01868057765077,24.017350159779276,24.0,1.0,0.9028758094464179,1.0341153754368666,0.23782390270900378
78.60000000000001,24.017350159779276,24.015998084711597,24.0,1.0,0.9019126321408839,1.0341153754368666,0.23782390270900378
78.7,24.015998084711597,24.014628374215295,24.0,1.0,0.9008949032188504,1.0341153754368666,0.23782390270900378
78.80000000000001,24.014628374215295,24.013245024165737,24.0,1.0,0.899826362239344,1.0341153754368666,0.23782390270900378
78.9,24.013245024165737,24.01185199423418,24.0,1.0,0.8987108170173419,1.0341153754368666,0.23782390270900378
79.0,24.01185199423418,24.010453197864184,24.0,1.0,0.8975521320990417,1.0341153754368666,0.23782390270900378
79.10000000000001,24.010453197864184,24.00905249255798,24.0,1.0,0.8963542172969069,1.0341153754368666,0.23782390270900378
79.2,24.00905249255798,24.007653670493266,24.0,1.0,0.8951210163142447,1.0341153754368666,0.23782390270900378
79.30000000000001,24.007653670493266,24.006260449489538,24.0,1.0,0.8938564954882983,1.0341153754368666,0.23782390270900378
79.4,24.006260449489538,24.004876464341883,24.0,1.0,0.8925646326799935,1.0341153754368666,0.23782390270900378
79.5,24.004876464341883,24.00350525853876,24.0,1.0,0.8912494063375483,1.0341153754368666,0.23782390270900378
79.60000000000001,24.00350525853876,24.002150276378984,24.0,1.0,0.8899147847602181,1.0341153754368666,0.23782390270900378
79.7,24.002150276378984,24.00081485550179,24.0,1.0,0.8885647155873875,1.0341153754368666,0.23782390270900378
79.80000000000001,24.00081485550179,23.999502219842466,24.0,1.0,0.8872031155371601,1.0341153754368666,0.23782390270900378
79.9,23.999502219842466,23.99821547302467,24.0,1.0,0.8858338604175301,1.0341153754368666,0.23782390270900378
80.0,23.99821547302467,23.996957592199188,24.0,1.0,0.8844607754319752,1.0341153754368666,0.23782390270900378
80.10000000000001,23.996957592199188,23.99573142233746,24.0,1.0,0.8830876258001961,1.0341153754368666,0.23782390270900378
80.2,23.99573142233746,23.994539670986892,24.0,1.0,0.8817181077134144,1.0341153754368666,0.23782390270900378
80.30000000000001,23.994539670986892,23.99338490349351,24.0,1.0,0.8803558396424973,1.0341153754368666,0.23782390270900378
80.4,23.99338490349351,23.992269538696256,24.0,1.0,0.879004354015739,1.0341153754368666,0.23782390270900378
80.5,23.992269538696256,23.99119584509578,24.0,1.0,0.8776670892819777,1.0341153754368666,0.23782390270900378
80.60000000000001,23.99119584509578,23.9901659374993,24.0,1.0,0.876347382373281,1.0341153754368666,0.23782390270900378
80.7,23.9901659374993,23.98918177414178,24.0,1.0,0.8750484615801394,1.0341153754368666,0.23782390270900378
80.80000000000001,23.98918177414178,23.988245154282435,24.0,1.0,0.873773439850789,1.0341153754368666,0.23782390270900378
80.9,23.988245154282435,23.98735771627418,24.0,1.0,0.872525308524871,1.0341153754368666,0.23782390270900378
81.0,23.98735771627418,23.98652093610257,24.0,1.0,0.8713069315103035,1.0341153754368666,0.23782390270900378
81.10000000000001,23.98652093610257,23.985736126389483,24.0,1.0,0.8701210399108853,1.0341153754368666,0.23782390270900378
81.2,23.985736126389483,23.985004435855654,24.0,1.0,0.8689702271108114,1.0341153754368666,0.23782390270900378
81.30000000000001,23.985004435855654,23.984326849235032,24.0,1.0,0.8678569443209038,1.0341153754368666,0.23782390270900378
81.4,23.984326849235032,23.983704187632874,24.0,1.0,0.8667834965900613,1.0341153754368666,0.23782390270900378
81.5,23.983704187632874,23.983137109318406,24.0,1.0,0.8657520392840793,1.0341153754368666,0.23782390270900378
81.60000000000001,23.983137109318406,23.982626110941926,24.0,1.0,0.864764575032726,1.0341153754368666,0.23782390270900378
81.7,23.982626110941926,23.982171529165207,24.0,1.0,0.8638229511446819,1.0341153754368666,0.23782390270900378
81.80000000000001,23.982171529165207,23.98177354269321,24.0,1.0,0.8629288574886571,1.0341153754368666,0.23782390270900378
81.9,23.98177354269321,23.981432174694223,24.0,1.0,0.8620838248378251,1.0341153754368666,0.23782390270900378
82.0,23.981432174694223,23.98114729559472,24.0,1.0,0.8612892236734853,1.0341153754368666,0.23782390270900378
82.10000000000001,23.98114729559472,23.980918626234534,24.0,1.0,0.8605462634427201,1.0341153754368666,0.23782390270900378
82.2,23.980918626234534,23.98074574136717,24.0,1.0,0.8598559922636645,1.0341153754368666,0.23782390270900378
82.30000000000001,23.98074574136717,23.98062807348947,24.0,1.0,0.8592192970709599,1.0341153754368666,0.23782390270900378
82.4,23.98062807348947,23.980564916984232,24.0,1.0,0.8586369041928634,1.0341153754368666,0.23782390270900378
82.5,23.980564916984232,23.980555432558855,24.0,1.0,0.8581093803505097,1.0341153754368666,0.23782390270900378
82.60000000000001,23.980555432558855,23.98059865196258,24.0,1.0,0.8576371340688663,1.0341153754368666,0.23782390270900378
82.7,23.98059865196258,23.980693482964494,24.0,1.0,0.8572204174879683,1.0341153754368666,0.23782390270900378
82.80000000000001,23.980693482964494,23.980838714574052,24.0,1.0,0.8568593285622047,1.0341153754368666,0.23782390270900378
82.9,23.980838714574052,23.9810330224856,24.0,1.0,0.8565538136345562,1.0341153754368666,0.23782390270900378
83.0,23.9810330224856,23.981274974728088,24.0,1.0,0.8563036703719513,1.0341153754368666,0.23782390270900378
83.10000000000001,23.981274974728088,23.981563037500948,24.0,1.0,0.8561085510471791,1.0341153754368666,0.23782390270900378
83.2,23.981563037500948,23.98189558117702,24.0,1.0,0.8559679661521222,1.0341153754368666,0.23782390270900378
83.30000000000001,23.98189558117702,23.982270886453225,24.0,1.0,0.855881288326478,1.0341153754368666,0.23782390270900378
83.4,23.982270886453225,23.982687150629697,24.0,1.0,0.855847756585557,1.0341153754368666,0.23782390270900378
83.5,23.982687150629697,23.983142493998134,24.0,1.0,0.8558664808302646,1.0341153754368666,0.23782390270900378
83.60000000000001,23.983142493998134,23.983634966320047,24.0,1.0,0.8559364466219376,1.0341153754368666,0.23782390270900378
83.7,23.983634966320047,23.98416255337588,24.0,1.0,0.8560565202042315,1.0341153754368666,0.23782390270900378
83.80000000000001,23.98416255337588,23.984723183566,24.0,1.0,0.8562254537540426,1.0341153754368666,0.23782390270900378
83.9,23.984723183566,23.98531473454481,24.0,1.0,0.8564418908430483,1.0341153754368666,0.23782390270900378
84.0,23.98531473454481,23.985935039869535,24.0,1.0,0.8567043720913046,1.0341153754368666,0.23782390270900378
84.10000000000001,23.985935039869535,23.986581895645422,24.0,1.0,0.857011340994099,1.0341153754368666,0.23782390270900378
84.2,23.986581895645422,23.987253067149613,24.0,1.0,0.8573611499031779,1.0341153754368666,0.23782390270900378
84.30000000000001,23.987253067149613,23.987946295416137,24.0,1.0,0.8577520661434119,1.0341153754368666,0.23782390270900378
84.4,23.987946295416137,23.988659303765036,24.0,1.0,0.8581822782458881,1.0341153754368666,0.23782390270900378
84.5,23.988659303765036,23.98938980425908,24.0,1.0,0.8586499022784964,1.0341153754368666,0.23782390270900378
84.60000000000001,23.98938980425908,23.990135504071958,24.0,1.0,0.8591529882551897,1.0341153754368666,0.23782390270900378
84.7,23.990135504071958,23.990894111752446,24.0,1.0,0.859689526605161,1.0341153754368666,0.23782390270900378
84.80000000000001,23.990894111752446,23.991663343369588,24.0,1.0,0.860257454683412,1.0341153754368666,0.23782390270900378
84.9,23.991663343369588,23.992440928524502,24.0,1.0,0.8608546633044313,1.0341153754368666,0.23782390270900378
85.0,23.992440928524502,23.993224616215095,24.0,1.0,0.8614790032809235,1.0341153754368666,0.23782390270900378
85.10000000000001,23.993224616215095,23.99401218054056,24.0,1.0,0.8621282919498982,1.0341153754368666,0.23782390270900378
85.2,23.99401218054056,23.99480142623328,24.0,1.0,0.8628003196687533,1.0341153754368666,0.23782390270900378
85.30000000000001,23.99480142623328,23.995590194006358,24.0,1.0,0.8634928562644189,1.0341153754368666,0.23782390270900378
85.4,23.995590194006358,23.9963763657058,24.0,1.0,0.8642036574190473,1.0341153754368666,0.23782390270900378
85.5,23.9963763657058,23.99715786925705,24.0,1.0,0.8649304709761898,1.0341153754368666,0.23782390270900378
85.60000000000001,23.99715786925705,23.997932683396346,24.0,1.0,0.8656710431519684,1.0341153754368666,0.23782390270900378
85.7,23.997932683396346,23.998698842178076,24.0,1.0,0.866423124636237,1.0341153754368666,0.23782390270900378
85.80000000000001,23.998698842178076,23.999454439250183,24.0,1.0,0.8671844765693246,1.0341153754368666,0.23782390270900378
85.9,23.999454439250183,24.00019763189029,24.0,1.0,0.8679528763805571,1.0341153754368666,0.23782390270900378
86.0,24.00019763189029,24.000926644796145,24.0,1.0,0.8687261234753494,1.0341153754368666,0.23782390270900378
86.10000000000001,24.000926644796145,24.001639773624646,24.0,1.0,0.8695020447583692,1.0341153754368666,0.23782390270900378
86.2,24.001639773624646,24.002335388274574,24.0,1.0,0.8702784999808866,1.0341153754368666,0.23782390270900378
86.30000000000001,24.002335388274574,24.003011935908905,24.0,1.0,0.871053386901136,1.0341153754368666,0.23782390270900378
86.4,24.003011935908905,24.00366794371333,24.0,1.0,0.8718246462472697,1.0341153754368666,0.23782390270900378
86.5,24.00366794371333,24.004302021388444,24.0,1.0,0.872590266473116,1.0341153754368666,0.23782390270900378
86.60000000000001,24.004302021388444,24.004912863373743,24.0,1.0,0.8733482882977847,1.0341153754368666,0.23782390270900378
86.7,24.004912863373743,24.005499250802455,24.0,1.0,0.8740968090208471,1.0341153754368666,0.23782390270900378
86.80000000000001,24.005499250802455,24.006060053186808,24.0,1.0,0.8748339866056221,1.0341153754368666,0.23782390270900378
86.9,24.006060053186808,24.00659422983421,24.0,1.0,0.8755580435238142,1.0341153754368666,0.23782390270900378
87.0,24.00659422983421,24.00710083099548,24.0,1.0,0.8762672703555456,1.0341153754368666,0.23782390270900378
87.10000000000001,24.00710083099548,24.007578998746947,24.0,1.0,0.876960029139611,1.0341153754368666,0.23782390270900378
87.2,24.007578998746947,24.008027967608957,24.0,1.0,0.8776347564695038,1.0341153754368666,0.23782390270900378
87.30000000000001,24.008027967608957,24.00844706490398,24.0,1.0,0.8782899663315588,1.0341153754368666,0.23782390270900378
87.4,24.00844706490398,24.008835710858133,24.0,1.0,0.8789242526823359,1.0341153754368666,0.23782390270900378
87.5,24.008835710858133,24.00919341845059,24.0,1.0,0.879536291763076,1.0341153754368666,0.23782390270900378
87.60000000000001,24.00919341845059,24.009519793015897,24.0,1.0,0.8801248441498617,1.0341153754368666,0.23782390270900378
87.7,24.009519793015897,24.009814531604857,24.0,1.0,0.8806887565388004,1.0341153754368666,0.23782390270900378
87.80000000000001,24.009814531604857,24.010077422110108,24.0,1.0,0.8812269632663304,1.0341153754368666,0.23782390270900378
87.9,24.010077422110108,24.010308342163118,24.0,1.0,0.8817384875654141,1.0341153754368666,0.23782390270900378
88.0,24.010308342163118,24.010507257809763,24.0,1.0,0.8822224425590977,1.0341153754368666,0.23782390270900378
88.10000000000001,24.010507257809763,24.01067422197213,24.0,1.0,0.8826780319936177,1.0341153754368666,0.23782390270900378
88.2,24.01067422197213,24.01080937270464,24.0,1.0,0.8831045507138487,1.0341153754368666,0.23782390270900378
88.30000000000001,24.01080937270464,24.010912931252953,24.0,1.0,0.8835013848845817,1.0341153754368666,0.23782390270900378
88.4,24.010912931252953,24.01098519992456,24.0,1.0,0.8838680119617088,1.0341153754368666,0.23782390270900378
88.5,24.01098519992456,24.011026559780206,24.0,1.0,0.8842040004179879,1.0341153754368666,0.23782390270900378
88.60000000000001,24.011026559780206,24.011037468155727,24.0,1.0,0.8845090092286766,1.0341153754368666,0.23782390270900378
88.7,24.011037468155727,24.011018456024054,24.0,1.0,0.8847827871228071,1.0341153754368666,0.23782390270900378
88.80000000000001,24.011018456024054,24.01097012520744,24.0,1.0,0.8850251716064705,1.0341153754368666,0.23782390270900378
88.9,24.01097012520744,24.01089314545022,24.0,1.0,0.8852360877649059,1.0341153754368666,0.23782390270900378
89.0,24.01089314545022,24.010788251362495,24.0,1.0,0.885415546850741,1.0341153754368666,0.23782390270900378
89.10000000000001,24.010788251362495,24.010656239245417,24.0,1.0,0.8855636446660773,1.0341153754368666,0.23782390270900378
89.2,24.010656239245417,24.010497963808742,24.0,1.0,0.8856805597466177,1.0341153754368666,0.23782390270900378
89.30000000000001,24.010497963808742,24.010314334791538,24.0,1.0,0.8857665513563473,1.0341153754368666,0.23782390270900378
89.4,24.010314334791538,24.0101063134969,24.0,1.0,0.885821957301677,1.0341153754368666,0.23782390270900378
89.5,24.0101063134969,24.0098749092516,24.0,1.0,0.8858471915742591,1.0341153754368666,0.23782390270900378
89.60000000000001,24.0098749092516,24.009621175801584,24.0,1.0,0.8858427418319625,1.0341153754368666,0.23782390270900378
89.7,24.009621175801584,24.009346207654243,24.0,1.0,0.8858091667278165,1.0341153754368666,0.23782390270900378
89.80000000000001,24.009346207654243,24.00905113637824,24.0,1.0,0.8857470930968818,1.0341153754368666,0.23782390270900378
89.9,24.00905113637824,24.008737126871683,24.0,1.0,0.8856572130112595,1.0341153754368666,0.23782390270900378
90.0,24.008737126871683,24.008405373609268,24.0,1.0,0.8855402807136045,1.0341153754368666,0.23782390270900378
90.10000000000001,24.008405373609268,24.00805709687888,24.0,1.0,0.885397109439638,1.0341153754368666,0.23782390270900378
90.2,24.00805709687888,24.007693539017996,24.0,1.0,0.8852285681402602,1.0341153754368666,0.23782390270900378
90.30000000000001,24.007693539017996,24.00731596066004,24.0,1.0,0.8850355781139506,1.0341153754368666,0.23782390270900378
90.4,24.00731596066004,24.006925637000595,24.0,1.0,0.8848191095601802,1.0341153754368666,0.23782390270900378
90.5,24.006925637000595,24.00652385409319,24.0,1.0,0.8845801780645737,1.0341153754368666,0.23782390270900378
90.60000000000001,24.00652385409319,24.006111905184074,24.0,1.0,0.8843198410265515,1.0341153754368666,0.23782390270900378
90.7,24.006111905184074,24.00569108709517,24.0,1.0,0.884039194040128,1.0341153754368666,0.23782390270900378
90.80000000000001,24.00569108709517,24.00526269666399,24.0,1.0,0.8837393672384922,1.0341153754368666,0.23782390270900378
90.9,24.00526269666399,24.00482802724917,24.0,1.0,0.883421521612861,1.0341153754368666,0.23782390270900378
91.0,24.00482802724917,24.00438836530971,24.0,1.0,0.883086845316043,1.0341153754368666,0.23782390270900378
91.10000000000001,24.00438836530971,24.003944987065832,24.0,1.0,0.8827365499608963,1.0341153754368666,0.23782390270900378
91.2,24.003944987065832,24.003499155248996,24.0,1.0,0.8823718669237832,1.0341153754368666,0.23782390270900378
91.30000000000001,24.003499155248996,24.00305211594808,24.0,1.0,0.8819940436628835,1.0341153754368666,0.23782390270900378
91.4,24.00305211594808,24.00260509555854,24.0,1.0,0.8816043400610113,1.0341153754368666,0.23782390270900378
91.5,24.00260509555854,24.002159297840816,24.0,1.0,0.8812040248023203,1.0341153754368666,0.23782390270900378
91.60000000000001,24.002159297840816,24.00171590109394,24.0,1.0,0.8807943717920488,1.0341153754368666,0.23782390270900378
91.7,24.00171590109394,24.001276055449814,24.0,1.0,0.8803766566281699,1.0341153754368666,0.23782390270900378
91.80000000000001,24.001276055449814,24.000840880293197,24.0,1.0,0.8799521531334737,1.0341153754368666,0.23782390270900378
91.9,24.000840880293197,24.000411461812103,24.0,1.0,0.8795221299563112,1.0341153754368666,0.23782390270900378
92.0,24.000411461812103,23.99998885068276,24.0,1.0,0.8790878472479123,1.0341153754368666,0.23782390270900378
92.10000000000001,23.99998885068276,23.999574059892883,24.0,1.0,0.878650553423816,1.0341153754368666,0.23782390270900378
92.2,23.999574059892883,23.9991680627066,24.0,1.0,0.878211482016553,1.0341153754368666,0.23782390270900378
92.30000000000001,23.9991680627066,23.998771790773908,24.0,1.0,0.8777718486264433,1.0341153754368666,0.23782390270900378
92.4,23.998771790773908,23.998386132387054,24.0,1.0,0.8773328479768415,1.0341153754368666,0.23782390270900378
92.5,23.998386132387054,23.998011930885877,24.0,1.0,0.876895651079913,1.0341153754368666,0.23782390270900378
92.60000000000001,23.998011930885877,23.997649983213623,24.0,1.0,0.8764614025184763,1.0341153754368666,0.23782390270900378
92.7,23.997649983213623,23.99730103862439,24.0,1.0,0.8760312178491386,1.0341153754368666,0.23782390270900378
92.80000000000001,23.99730103862439,23.99696579754285,24.0,1.0,0.8756061811314753,1.0341153754368666,0.23782390270900378
92.9,23.99696579754285,23.99664491057655,24.0,1.0,0.8751873425875795,1.0341153754368666,0.23782390270900378
93.0,23.99664491057655,23.996338977680626,24.0,1.0,0.8747757163958894,1.0341153754368666,0.23782390270900378
93.10000000000001,23.996338977680626,23.996048547474366,24.0,1.0,0.8743722786227733,1.0341153754368666,0.23782390270900378
93.2,23.996048547474366,23.995774116708688,24.0,1.0,0.8739779652948875,1.0341153754368666,0.23782390270900378
93.30000000000001,23.995774116708688,23.995516129883164,24.0,1.0,0.8735936706149334,1.0341153754368666,0.23782390270900378
93.4,23.995516129883164,23.995274979010887,24.0,1.0,0.8732202453229564,1.0341153754368666,0.23782390270900378
93.5,23.995274979010887,23.99505100352906,24.0,1.0,0.8728584952049332,1.0341153754368666,0.23782390270900378
93.60000000000001,23.99505100352906,23.994844490352907,24.0,1.0,0.8725091797499339,1.0341153754368666,0.23782390270900378
93.7,23.994844490352907,23.99465567407009,24.0,1.0,0.8721730109567716,1.0341153754368666,0.23782390270900378
93.80000000000001,23.99465567407009,23.99448473727251,24.0,1.0,0.8718506522905759,1.0341153754368666,0.23782390270900378
93.9,23.99448473727251,23.994331811022118,24.0,1.0,0.8715427177893419,1.0341153754368666,0.23782390270900378
94.0,23.994331811022118,23.994196975446936,24.0,1.0,0.8712497713201006,1.0341153754368666,0.23782390270900378
94.10000000000001,23.994196975446936,23.994080260463363,24.0,1.0,0.8709723259839769,1.0341153754368666,0.23782390270900378
94.2,23.994080260463363,23.993981646620437,24.0,1.0,0.8707108436689578,1.0341153754368666,0.23782390270900378
94.30000000000001,23.993981646620437,23.99390106606155,24.0,1.0,0.8704657347488959,1.0341153754368666,0.23782390270900378
94.4,23.99390106606155,23.993838403598872,24.0,1.0,0.8702373579268291,1.0341153754368666,0.23782390270900378
94.5,23.993838403598872,23.993793497895492,24.0,1.0,0.8700260202204073,1.0341153754368666,0.23782390270900378
94.60000000000001,23.993793497895492,23.99376614275013,24.0,1.0,0.8698319770868309,1.0341153754368666,0.23782390270900378
94.7,23.99376614275013,23.99375608847904,24.0,1.0,0.869655432684404,1.0341153754368666,0.23782390270900378
94.80000000000001,23.99375608847904,23.99376304338962,24.0,1.0,0.8694965402674723,1.0341153754368666,0.23782390270900378
94.9,23.99376304338962,23.99378667534006,24.0,1.0,0.8693554027112289,1.0341153754368666,0.23782390270900378
95.0,23.99378667534006,23.993826613379223,24.0,1.0,0.869232073162589,1.0341153754368666,0.23782390270900378
95.10000000000001,23.993826613379223,23.993882449460887,24.0,1.0,0.8691265558130428,1.0341153754368666,0.23782390270900378
95.2,23.993882449460887,23.993953740226353,24.0,1.0,0.8690388067891726,1.0341153754368666,0.23782390270900378
95.30000000000001,23.993953740226353,23.99404000884934,24.0,1.0,0.8689687351562507,1.0341153754368666,0.23782390270900378
95.4,23.99404000884934,23.994140746937084,24.0,1.0,0.8689162040301428,1.0341153754368666,0.23782390270900378
95.5,23.994140746937084,23.994255416481447,24.0,1.0,0.8688810317925342,1.0341153754368666,0.23782390270900378
95.60000000000001,23.994255416481447,23.99438345185387,24.0,1.0,0.8688629934042723,1.0341153754368666,0.23782390270900378
95.7,23.99438345185387,23.994524261838016,24.0,1.0,0.8688618218115085,1.0341153754368666,0.23782390270900378
95.80000000000001,23.994524261838016,23.994677231693878,24.0,1.0,0.8688772094391389,1.0341153754368666,0.23782390270900378
95.9,23.994677231693878,23.994841725247255,24.0,1.0,0.8689088097658857,1.0341153754368666,0.23782390270900378
96.0,23.994841725247255,23.9950170869985,24.0,1.0,0.8689562389752994,1.0341153754368666,0.23782390270900378
96.10000000000001,23.9950170869985,23.995202644244458,24.0,1.0,0.8690190776768392,1.0341153754368666,0.23782390270900378
96.2,23.995202644244458,23.995397709207683,24.0,1.0,0.8690968726910594,1.0341153754368666,0.23782390270900378
96.30000000000001,23.995397709207683,23.995601581167058,24.0,1.0,0.869189138892977,1.0341153754368666,0.23782390270900378
96.4,23.995601581167058,23.99581354858401,24.0,1.0,0.8692953611075271,1.0341153754368666,0.23782390270900378
96.5,23.99581354858401,23.996032891218725,24.0,1.0,0.8694149960510635,1.0341153754368666,0.23782390270900378
96.60000000000001,23.996032891218725,23.996258882230812,24.0,1.0,0.8695474743128276,1.0341153754368666,0.23782390270900378
96.7,23.996258882230812,23.99649079025907,24.0,1.0,0.8696922023703011,1.0341153754368666,0.23782390270900378
96.80000000000001,23.99649079025907,23.996727881475096,24.0,1.0,0.8698485646324089,1.0341153754368666,0.23782390270900378
96.9,23.996727881475096,23.996969421605737,24.0,1.0,0.8700159255045097,1.0341153754368666,0.23782390270900378
97.0,23.996969421605737,23.99721467791947,24.0,1.0,0.8701936314692722,1.0341153754368666,0.23782390270900378
97.10000000000001,23.99721467791947,23.997462921172044,24.0,1.0,0.8703810131774766,1.0341153754368666,0.23782390270900378
97.2,23.997462921172044,23.99771342750689,24.0,1.0,0.8705773875429779,1.0341153754368666,0.23782390270900378
97.30000000000001,23.99771342750689,23.997965480306,24.0,1.0,0.8707820598360739,1.0341153754368666,0.23782390270900378
97.4,23.997965480306,23.998218371987203,24.0,1.0,0.8709943257696777,1.0341153754368666,0.23782390270900378
97.5,23.998218371987203,23.99847140574402,24.0,1.0,0.8712134735728121,1.0341153754368666,0.23782390270900378
97.60000000000001,23.99847140574402,23.998723897224405,24.0,1.0,0.8714387860460794,1.0341153754368666,0.23782390270900378
97.7,23.998723897224405,23.998975176145024,24.0,1.0,0.8716695425938773,1.0341153754368666,0.23782390270900378
97.80000000000001,23.998975176145024,23.999224587837894,24.0,1.0,0.8719050212283341,1.0341153754368666,0.23782390270900378
97.9,23.999224587837894,23.999471494726457,24.0,1.0,0.872144500540085,1.0341153754368666,0.23782390270900378
98.0,23.999471494726457,23.999715277728427,24.0,1.0,0.8723872616311737,1.0341153754368666,0.23782390270900378
98.10000000000001,23.999715277728427,23.99995533758295,24.0,1.0,0.8726325900055999,1.0341153754368666,0.23782390270900378
98.2,23.99995533758295,24.000191096099936,24.0,1.0,0.8728797774131544,1.0341153754368666,0.23782390270900378
98.30000000000001,24.000191096099936,24.0004219973296,24.0,1.0,0.8731281236424878,1.0341153754368666,0.23782390270900378
98.4,24.0004219973296,24.000647508650534,24.0,1.0,0.8733769382594759,1.0341153754368666,0.23782390270900378
98.5,24.000647508650534,24.0008671217749,24.0,1.0,0.8736255422872201,1.0341153754368666,0.23782390270900378
98.60000000000001,24.0008671217749,24.001080353669543,24.0,1.0,0.8738732698242366,1.0341153754368666,0.23782390270900378
98.7,24.001080353669543,24.00128674739209,24.0,1.0,0.8741194695976217,1.0341153754368666,0.23782390270900378
98.80000000000001,24.00128674739209,24.001485872841364,24.0,1.0,0.8743635064481594,1.0341153754368666,0.23782390270900378
98.9,24.001485872841364,24.001677327421664,24.0,1.0,0.8746047627447011,1.0341153754368666,0.23782390270900378
99.0,24.001677327421664,24.001860736620685,24.0,1.0,0.8748426397252409,1.0341153754368666,0.23782390270900378
99.10000000000001,24.001860736620685,24.00203575450116,24.0,1.0,0.8750765587624497,1.0341153754368666,0.23782390270900378
99.2,24.00203575450116,24.002202064106445,24.0,1.0,0.8753059625516689,1.0341153754368666,0.23782390270900378
99.30000000000001,24.002202064106445,24.002359377780547,24.0,1.0,0.8755303162195567,1.0341153754368666,0.23782390270900378
99.4,24.002359377780547,24.00250743740334,24.0,1.0,0.8757491083518849,1.0341153754368666,0.23782390270900378
99.5,24.00250743740334,24.002646014541863,24.0,1.0,0.8759618519392047,1.0341153754368666,0.23782390270900378
99.60000000000001,24.002646014541863,24.002774910518834,24.0,1.0,0.8761680852393311,1.0341153754368666,0.23782390270900378
99.7,24.002774910518834,24.00289395639977,24.0,1.0,0.8763673725558745,1.0341153754368666,0.23782390270900378
99.80000000000001,24.00289395639977,24.003003012900187,24.0,1.0,0.8765593049322593,1.0341153754368666,0.23782390270900378
99.9,24.003003012900187,24.003101970214637,24.0,1.0,0.8767435007609126,1.0341153754368666,0.23782390270900378
100.0,24.003101970214637,24.003190747769477,24.0,1.0,0.8769196063075498,1.0341153754368666,0.23782390270900378
100.10000000000001,24.003190747769477,24.003269293901436,24.0,1.0,0.8770872961507131,1.0341153754368666,0.23782390270900378
100.2,24.003269293901436,24.003337585464223,24.0,1.0,0.8772462735369277,1.0341153754368666,0.23782390270900378
100.30000000000001,24.003337585464223,24.003395627365528,24.0,1.0,0.877396270652091,1.0341153754368666,0.23782390270900378
100.4,24.003395627365528,24.003443452037008,24.0,1.0,0.8775370488098714,1.0341153754368666,0.23782390270900378
100.5,24.003443452037008,24.003481118839854,24.0,1.0,0.8776683985581972,1.0341153754368666,0.23782390270900378
100.60000000000001,24.003481118839854,24.003508713408774,24.0,1.0,0.8777901397049932,1.0341153754368666,0.23782390270900378
100.7,24.003508713408774,24.003526346937267,24.0,1.0,0.8779021212646279,1.0341153754368666,0.23782390270900378
100.80000000000001,24.003526346937267,24.003534155407213,24.0,1.0,0.8780042213266588,1.0341153754368666,0.23782390270900378
100.9,24.003534155407213,24.003532298765858,24.0,1.0,0.8780963468486601,1.0341153754368666,0.23782390270900378
101.0,24.003532298765858,24.00352096005342,24.0,1.0,0.8781784333750919,1.0341153754368666,0.23782390270900378
101.10000000000001,24.00352096005342,24.00350034448453,24.0,1.0,0.8782504446843423,1.0341153754368666,0.23782390270900378
101.2,24.00350034448453,24.00347067848684,24.0,1.0,0.8783123723661905,1.0341153754368666,0.23782390270900378
101.30000000000001,24.00347067848684,24.003432208700232,24.0,1.0,0.87836423533213,1.0341153754368666,0.23782390270900378
101.4,24.003432208700232,24.003385200939988,24.0,1.0,0.878406079261111,1.0341153754368666,0.23782390270900378
101.5,24.003385200939988,24.00332993912738,24.0,1.0,0.8784379759833777,1.0341153754368666,0.23782390270900378
101.60000000000001,24.00332993912738,24.003266724191207,24.0,1.0,0.8784600228051903,1.0341153754368666,0.23782390270900378
101.7,24.003266724191207,24.003195872943742,24.0,1.0,0.8784723417773596,1.0341153754368666,0.23782390270900378
101.80000000000001,24.003195872943742,24.003117716934582,24.0,1.0,0.8784750789105918,1.0341153754368666,0.23782390270900378
101.9,24.003117716934582,24.00303260128592,24.0,1.0,0.8784684033407296,1.0341153754368666,0.23782390270900378
102.0,24.00303260128592,24.0029408835127,24.0,1.0,0.8784525064470752,1.0341153754368666,0.23782390270900378
102.10000000000001,24.0029408835127,24.002842932331127,24.0,1.0,0.878427600927028,1.0341153754368666,0.23782390270900378
102.2,24.002842932331127,24.002739126458938,24.0,1.0,0.878393919830334,1.0341153754368666,0.23782390270900378
102.30000000000001,24.002739126458938,24.00262985341083,24.0,1.0,0.8783517155562899,1.0341153754368666,0.23782390270900378
102.4,24.00262985341083,24.002515508292397,24.0,1.0,0.8783012588172933,1.0341153754368666,0.23782390270900378
102.5,24.002515508292397,24.0023964925958,24.0,1.0,0.8782428375721547,1.0341153754368666,0.23782390270900378
102.60000000000001,24.0023964925958,24.002273213000443,24.0,1.0,0.8781767559325794,1.0341153754368666,0.23782390270900378
102.7,24.002273213000443,24.002146080181763,24.0,1.0,0.8781033330462885,1.0341153754368666,0.23782390270900378
102.80000000000001,24.002146080181763,24.00201550763119,24.0,1.0,0.8780229019602047,1.0341153754368666,0.23782390270900378
102.9,24.00201550763119,24.001881910490265,24.0,1.0,0.8779358084671246,1.0341153754368666,0.23782390270900378
103.0,24.001881910490265,24.001745704401795,24.0,1.0,0.8778424099393158,1.0341153754368666,0.23782390270900378
103.10000000000001,24.001745704401795,24.001607304380798,24.0,1.0,0.8777430741523818,1.0341153754368666,0.23782390270900378
103.2,24.001607304380798,24.00146712370797,24.0,1.0,0.8776381781027759,1.0341153754368666,0.23782390270900378
103.30000000000001,24.00146712370797,24.001325572848195,24.0,1.0,0.8775281068222661,1.0341153754368666,0.23782390270900378
103.4,24.001325572848195,24.001183058396546,24.0,1.0,0.877413252192573,1.0341153754368666,0.23782390270900378
103.5,24.001183058396546,24.00103998205416,24.0,1.0,0.8772940117634002,1.0341153754368666,0.23782390270900378
103.60000000000001,24.00103998205416,24.000896739636147,24.0,1.0,0.877170787576964,1.0341153754368666,0.23782390270900378
103.7,24.000896739636147,24.000753720113636,24.0,1.0,0.8770439850020809,1.0341153754368666,0.23782390270900378
103.80000000000001,24.000753720113636,24.000611304691898,24.0,1.0,0.876914011580762,1.0341153754368666,0.23782390270900378
103.9,24.000611304691898,24.000469865926387,24.0,1.0,0.8767812758902004,1.0341153754368666,0.23782390270900378
104.0,24.000469865926387,24.000329766878366,24.0,1.0,0.8766461864229397,1.0341153754368666,0.23782390270900378
104.10000000000001,24.000329766878366,24.000191360311657,24.0,1.0,0.8765091504878965,1.0341153754368666,0.23782390270900378
104.2,24.000191360311657,24.000054987931943,24.0,1.0,0.8763705731348155,1.0341153754368666,0.23782390270900378
104.30000000000001,24.000054987931943,23.99992097966987,24.0,1.0,0.8762308561046258,1.0341153754368666,0.23782390270900378
104.4,23.99992097966987,23.999789653009078,24.0,1.0,0.8760903968080501,1.0341153754368666,0.23782390270900378
104.5,23.999789653009078,23.999661312360146,24.0,1.0,0.8759495873346896,1.0341153754368666,0.23782390270900378
104.60000000000001,23.999661312360146,23.999536248481288,24.0,1.0,0.8758088134947052,1.0341153754368666,0.23782390270900378
104.7,23.999536248481288,23.999414737946513,24.0,1.0,0.8756684538950593,1.0341153754368666,0.23782390270900378
104.80000000000001,23.999414737946513,23.999297042661784,24.0,1.0,0.8755288790522037,1.0341153754368666,0.23782390270900378
104.9,23.999297042661784,23.999183409429605,24.0,1.0,0.8753904505428879,1.0341153754368666,0.23782390270900378
105.0,23.999183409429605,23.999074069562344,24.0,1.0,0.8752535201946949,1.0341153754368666,0.23782390270900378
105.10000000000001,23.999074069562344,23.99896923854438,24.0,1.0,0.8751184293177795,1.0341153754368666,0.23782390270900378
105.2,23.99896923854438,23.99886911574314,24.0,1.0,0.8749855079790664,1.0341153754368666,0.23782390270900378
105.30000000000001,23.99886911574314,23.99877388416887,24.0,1.0,0.8748550743201253,1.0341153754368666,0.23782390270900378
105.4,23.99877388416887,23.9986837102829,24.0,1.0,0.8747274339197315,1.0341153754368666,0.23782390270900378
105.5,23.9986837102829,23.998598743854036,24.0,1.0,0.8746028792020266,1.0341153754368666,0.23782390270900378
105.60000000000001,23.998598743854036,23.998519117862553,24.0,1.0,0.8744816888910084,1.0341153754368666,0.23782390270900378
105.7,23.998519117862553,23.998444948451205,24.0,1.0,0.8743641275119944,1.0341153754368666,0.23782390270900378
105.80000000000001,23.998444948451205,23.998376334922487,24.0,1.0,0.8742504449405069,1.0341153754368666,0.23782390270900378
105.9,23.998376334922487,23.998313359781317,24.0,1.0,0.8741408759989537,1.0341153754368666,0.23782390270900378
106.0,23.998313359781317,23.998256088822206,24.0,1.0,0.8740356401012729,1.0341153754368666,0.23782390270900378
106.10000000000001,23.998256088822206,23.998204571259812,24.0,1.0,0.873934940945662,1.0341153754368666,0.23782390270900378
106.2,23.998204571259812,23.99815883990179,24.0,1.0,0.8738389662552828,1.0341153754368666,0.23782390270900378
106.30000000000001,23.99815883990179,23.998118911362628,24.0,1.0,0.8737478875668065,1.0341153754368666,0.23782390270900378
106.4,23.998118911362628,23.9980847863172,24.0,1.0,0.8736618600664312,1.0341153754368666,0.23782390270900378
106.5,23.9980847863172,23.99805644979257,24.0,1.0,0.8735810224730104,1.0341153754368666,0.23782390270900378
106.60000000000001,23.99805644979257,23.9980338714966,24.0,1.0,0.873505496967661,1.0341153754368666,0.23782390270900378
106.7,23.9980338714966,23.998017006181737,24.0,1.0,0.8734353891692541,1.0341153754368666,0.23782390270900378
106.80000000000001,23.998017006181737,23.998005794042445,24.0,1.0,0.873370788154953,1.0341153754368666,0.23782390270900378
106.9,23.998005794042445,23.998000161144496,24.0,1.0,0.8733117665249568,1.0341153754368666,0.23782390270900378
107.0,23.998000161144496,23.99800001988443,24.0,1.0,0.873258380510439,1.0341153754368666,0.23782390270900378
107.10000000000001,23.99800001988443,23.998005269477378,24.0,1.0,0.8732106701235894,1.0341153754368666,0.23782390270900378
107.2,23.998005269477378,23.998015796471414,24.0,1.0,0.8731686593485983,1.0341153754368666,0.23782390270900378
107.30000000000001,23.998015796471414,23.99803147528655,24.0,1.0,0.8731323563722939,1.0341153754368666,0.23782390270900378
107.4,23.99803147528655,23.99805216877649,24.0,1.0,0.8731017538531006,1.0341153754368666,0.23782390270900378
107.5,23.99805216877649,23.99807772881119,24.0,1.0,0.8730768292268799,1.0341153754368666,0.23782390270900378
107.60000000000001,23.99807772881119,23.998107996878268,24.0,1.0,0.8730575450481414,1.0341153754368666,0.23782390270900378
107.7,23.998107996878268,23.998142804701324,24.0,1.0,0.8730438493650572,1.0341153754368666,0.23782390270900378
107.80000000000001,23.998142804701324,23.998181974873162,24.0,1.0,0.8730356761266623,1.0341153754368666,0.23782390270900378
107.9,23.998181974873162,23.998225321501963,24.0,1.0,0.8730329456205304,1.0341153754368666,0.23782390270900378
108.0,23.998225321501963,23.998272650868383,24.0,1.0,0.8730355649392002,1.0341153754368666,0.23782390270900378
108.10000000000001,23.998272650868383,23.998323762091676,24.0,1.0,0.8730434284735433,1.0341153754368666,0.23782390270900378
108.2,23.998323762091676,23.9983784478028,24.0,1.0,0.8730564184312851,1.0341153754368666,0.23782390270900378
108.30000000000001,23.9983784478028,23.998436494822634,24.0,1.0,0.8730744053787767,1.0341153754368666,0.23782390270900378
108.4,23.998436494822634,23.998497684843333,24.0,1.0,0.873097248804167,1.0341153754368666,0.23782390270900378
108.5,23.998497684843333,23.998561795110962,24.0,1.0,0.8731247977000287,1.0341153754368666,0.23782390270900378
108.60000000000001,23.998561795110962,23.998628599107533,24.0,1.0,0.8731568911635474,1.0341153754368666,0.23782390270900378
108.7,23.998628599107533,23.99869786723061,24.0,1.0,0.8731933590122997,1.0341153754368666,0.23782390270900378
108.80000000000001,23.99869786723061,23.998769367468707,24.0,1.0,0.8732340224136954,1.0341153754368666,0.23782390270900378
108.9,23.998769367468707,23.99884286607074,24.0,1.0,0.8732786945261192,1.0341153754368666,0.23782390270900378
109.0,23.99884286607074,23.99891812820783,24.0,1.0,0.8733271811498513,1.0341153754368666,0.23782390270900378
109.10000000000001,23.99891812820783,23.998994918625822,24.0,1.0,0.8733792813858212,1.0341153754368666,0.23782390270900378
109.2,23.998994918625822,23.999073002286924,24.0,1.0,0.8734347883002587,1.0341153754368666,0.23782390270900378
109.30000000000001,23.999073002286924,23.999152144998938,24.0,1.0,0.8734934895933815,1.0341153754368666,0.23782390270900378
109.4,23.999152144998938,23.999232114030637,24.0,1.0,0.8735551682702006,1.0341153754368666,0.23782390270900378
109.5,23.999232114030637,23.999312678711863,24.0,1.0,0.8736196033116322,1.0341153754368666,0.23782390270900378
109.60000000000001,23.999312678711863,23.999393611017005,24.0,1.0,0.87368657034409,1.0341153754368666,0.23782390270900378
109.7,23.999393611017005,23.99947468613063,24.0,1.0,0.8737558423057574,1.0341153754368666,0.23782390270900378
109.80000000000001,23.99947468613063,23.999555682994007,24.0,1.0,0.8738271901078648,1.0341153754368666,0.23782390270900378
109.9,23.999555682994007,23.999636384831494,24.0,1.0,0.8739003832892057,1.0341153754368666,0.23782390270900378
110.0,23.999636384831494,23.999716579655637,24.0,1.0,0.8739751906623306,1.0341153754368666,0.23782390270900378
110.10000000000001,23.999716579655637,23.999796060750096,24.0,1.0,0.8740513809497672,1.0341153754368666,0.23782390270900378
110.2,23.999796060750096,23.999874627129465,24.0,1.0,0.8741287234087718,1.0341153754368666,0.23782390270900378
110.30000000000001,23.999874627129465,23.999952083975185,24.0,1.0,0.8742069884431327,1.0341153754368666,0.23782390270900378
110.4,23.999952083975185,24.0000282430468,24.0,1.0,0.8742859482006218,1.0341153754368666,0.23782390270900378
110.5,24.0000282430468,24.000102923067928,24.0,1.0,0.8743653771547188,1.0341153754368666,0.23782390270900378
110.60000000000001,24.000102923067928,24.000175950086362,24.0,1.0,0.8744450526693754,1.0341153754368666,0.23782390270900378
110.7,24.000175950086362,24.000247157807785,24.0,1.0,0.8745247555455825,1.0341153754368666,0.23782390270900378
110.80000000000001,24.000247157807785,24.000316387902732,24.0,1.0,0.8746042705485986,1.0341153754368666,0.23782390270900378
110.9,24.000316387902732,24.000383490286417,24.0,1.0,0.8746833869148063,1.0341153754368666,0.23782390270900378
111.0,24.000383490286417,24.00044832337121,24.0,1.0,0.8747618988371603,1.0341153754368666,0.23782390270900378
111.10000000000001,24.00044832337121,24.000510754291554,24.0,1.0,0.8748396059283627,1.0341153754368666,0.23782390270900378
111.2,24.000510754291554,24.00057065910126,24.0,1.0,0.874916313660888,1.0341153754368666,0.23782390270900378
111.30000000000001,24.00057065910126,24.000627922943114,24.0,1.0,0.874991833783126,1.0341153754368666,0.23782390270900378
111.4,24.000627922943114,24.000682440190893,24.0,1.0,0.8750659847109361,1.0341153754368666,0.23782390270900378
111.5,24.000682440190893,24.000734114563887,24.0,1.0,0.8751385918940475,1.0341153754368666,0.23782390270900378
111.60000000000001,24.000734114563887,24.000782859214127,24.0,1.0,0.8752094881567385,1.0341153754368666,0.23782390270900378
111.7,24.000782859214127,24.000828596786608,24.0,1.0,0.8752785140123792,1.0341153754368666,0.23782390270900378
111.80000000000001,24.000828596786608,24.000871259452815,24.0,1.0,0.8753455179514738,1.0341153754368666,0.23782390270900378
111.9,24.000871259452815,24.000910788917967,24.0,1.0,0.8754103567028895,1.0341153754368666,0.23782390270900378
112.0,24.000910788917967,24.00094713640245,24.0,1.0,0.8754728954680873,1.0341153754368666,0.23782390270900378
112.10000000000001,24.00094713640245,24.000980262597945,24.0,1.0,0.8755330081282112,1.0341153754368666,0.23782390270900378
112.2,24.000980262597945,24.00101013759886,24.0,1.0,0.8755905774239766,1.0341153754368666,0.23782390270900378
112.30000000000001,24.00101013759886,24.001036740809692,24.0,1.0,0.8756454951083683,1.0341153754368666,0.23782390270900378
112.4,24.001036740809692,24.001060060828987,24.0,1.0,0.8756976620722701,1.0341153754368666,0.23782390270900378
112.5,24.001060060828987,24.001080095310712,24.0,1.0,0.8757469884431246,1.0341153754368666,0.23782390270900378
112.60000000000001,24.001080095310712,24.001096850803744,24.0,1.0,0.8757933936569247,1.0341153754368666,0.23782390270900378
112.7,24.001096850803744,24.001110342570378,24.0,1.0,0.8758368065037759,1.0341153754368666,0.23782390270900378
112.80000000000001,24.001110342570378,24.001120594384687,24.0,1.0,0.8758771651474367,1.0341153754368666,0.23782390270900378
112.9,24.001120594384687,24.00112763831168,24.0,1.0,0.8759144171192322,1.0341153754368666,0.23782390270900378
113.0,24.00112763831168,24.001131514468167,24.0,1.0,0.8759485192868508,1.0341153754368666,0.23782390270900378
113.10000000000001,24.001131514468167,24.00113227076637,24.0,1.0,0.875979437798551,1.0341153754368666,0.23782390270900378
113.2,24.00113227076637,24.001129962641222,24.0,1.0,0.8760071480034091,1.0341153754368666,0.23782390270900378
113.30000000000001,24.001129962641222,24.00112465276245,24.0,1.0,0.8760316343482311,1.0341153754368666,0.23782390270900378
113.4,24.00112465276245,24.001116410732447,24.0,1.0,0.876052890251866,1.0341153754368666,0.23782390270900378
113.5,24.001116410732447,24.001105312771045,24.0,1.0,0.8760709179576572,1.0341153754368666,0.23782390270900378
113.60000000000001,24.001105312771045,24.001091441388276,24.0,1.0,0.8760857283648285,1.0341153754368666,0.23782390270900378
113.7,24.001091441388276,24.001074885046187,24.0,1.0,0.8760973408396817,1.0341153754368666,0.23782390270900378
113.80000000000001,24.001074885046187,24.001055737810876,24.0,1.0,0.8761057830074309,1.0341153754368666,0.23782390270900378
113.9,24.001055737810876,24.001034098995824,24.0,1.0,0.8761110905256415,1.0341153754368666,0.23782390270900378
114.0,24.001034098995824,24.001010072797673,24.0,1.0,0.8761133068401867,1.0341153754368666,0.23782390270900378
114.10000000000001,24.001010072797673,24.00098376792554,24.0,1.0,0.8761124829247418,1.0341153754368666,0.23782390270900378
114.2,24.00098376792554,24.00095529722502,24.0,1.0,0.8761086770047614,1.0341153754368666,0.23782390270900378
114.30000000000001,24.00095529722502,24.00092477729796,24.0,1.0,0.8761019542670336,1.0341153754368666,0.23782390270900378
114.4,24.00092477729796,24.00089232811913,24.0,1.0,0.8760923865558189,1.0341153754368666,0.23782390270900378
114.5,24.00089232811913,24.000858072650843,24.0,1.0,0.8760800520566474,1.0341153754368666,0.23782390270900378
114.60000000000001,24.000858072650843,24.000822136456662,24.0,1.0,0.8760650349688632,1.0341153754368666,0.23782390270900378
114.7,24.000822136456662,24.000784647315182,24.0,1.0,0.8760474251679948,1.0341153754368666,0.23782390270900378
114.80000000000001,24.000784647315182,24.000745734834975,24.0,1.0,0.876027317859053,1.0341153754368666,0.23782390270900378
114.9,24.000745734834975,24.0007055300717,24.0,1.0,0.8760048132218586,1.0341153754368666,0.23782390270900378
115.0,24.0007055300717,24.00066416514835,24.0,1.0,0.8759800160495013,1.0341153754368666,0.23782390270900378
115.10000000000001,24.00066416514835,24.000621772879654,24.0,1.0,0.8759530353810258,1.0341153754368666,0.23782390270900378
115.2,24.000621772879654,24.000578486401494,24.0,1.0,0.875923984129451,1.0341153754368666,0.23782390270900378
115.30000000000001,24.000578486401494,24.000534438806312,24.0,1.0,0.875892978706204,1.0341153754368666,0.23782390270900378
115.4,24.000534438806312,24.00048976278533,24.0,1.0,0.8758601386430429,1.0341153754368666,0.23782390270900378
115.5,24.00048976278533,24.000444590278477,24.0,1.0,0.8758255862125347,1.0341153754368666,0.23782390270900378
115.60000000000001,24.000444590278477,24.000399052132728,24.0,1.0,0.8757894460481621,1.0341153754368666,0.23782390270900378
115.7,24.000399052132728,24.000353277769747,24.0,1.0,0.8757518447650338,1.0341153754368666,0.23782390270900378
115.80000000000001,24.000353277769747,24.000307394863455,24.0,1.0,0.8757129105822685,1.0341153754368666,0.23782390270900378
115.9,24.000307394863455,24.000261529028254,24.0,1.0,0.875672772948012,1.0341153754368666,0.23782390270900378
116.0,24.000261529028254,24.00021580351854,24.0,1.0,0.8756315621680407,1.0341153754368666,0.23782390270900378
116.10000000000001,24.00021580351854,24.00017033894012,24.0,1.0,0.8755894090388948,1.0341153754368666,0.23782390270900378
116.2,24.00017033894012,24.000125252974073,24.0,1.0,0.875546444486465,1.0341153754368666,0.23782390270900378
116.30000000000001,24.000125252974073,24.000080660113575,24.0,1.0,0.8755027992108716,1.0341153754368666,0.23782390270900378
116.4,24.000080660113575,24.000036671414165,24.0,1.0,0.8754586033384968,1.0341153754368666,0.23782390270900378
116.5,24.000036671414165,23.999993394257878,24.0,1.0,0.8754139860819747,1.0341153754368666,0.23782390270900378
116.60000000000001,23.999993394257878,23.99995093213161,24.0,1.0,0.875369075408916,1.0341153754368666,0.23782390270900378
116.7,23.99995093213161,23.99990938442007,24.0,1.0,0.8753239977200741,1.0341153754368666,0.23782390270900378
116.80000000000001,23.99990938442007,23.99986884621358,24.0,1.0,0.8752788775376702,1.0341153754368666,0.23782390270900378
116.9,23.99986884621358,23.999829408131006,24.0,1.0,0.8752338372045109,1.0341153754368666,0.23782390270900378
117.0,23.999829408131006,23.999791156157997,24.0,1.0,0.875188996594538,1.0341153754368666,0.23782390270900378
117.10000000000001,23.999791156157997,23.999754171500662,24.0,1.0,0.8751444728353518,1.0341153754368666,0.23782390270900378
117.2,23.999754171500662,23.999718530454846,24.0,1.0,0.8751003800432354,1.0341153754368666,0.23782390270900378
117.30000000000001,23.999718530454846,23.999684304291037,24.0,1.0,0.8750568290711882,1.0341153754368666,0.23782390270900378
117.4,23.999684304291037,23.99965155915492,24.0,1.0,0.8750139272703938,1.0341153754368666,0.23782390270900378
117.5,23.99965155915492,23.999620355983577,24.0,1.0,0.8749717782655001,1.0341153754368666,0.23782390270900378
117.60000000000001,23.999620355983577,23.999590750437278,24.0,1.0,0.8749304817440896,1.0341153754368666,0.23782390270900378
117.7,23.999590750437278,23.99956279284671,24.0,1.0,0.8748901332606449,1.0341153754368666,0.23782390270900378
117.80000000000001,23.99956279284671,23.999536528175582,24.0,1.0,0.8748508240552296,1.0341153754368666,0.23782390270900378
117.9,23.999536528175582,23.999511995998336,24.0,1.0,0.8748126408871778,1.0341153754368666,0.23782390270900378
118.0,23.999511995998336,23.999489230492816,24.0,1.0,0.8747756658838733,1.0341153754368666,0.23782390270900378
118.10000000000001,23.999489230492816,23.999468260447596,24.0,1.0,0.8747399764048275,1.0341153754368666,0.23782390270900378
118.2,23.999468260447596,23.999449109283706,24.0,1.0,0.8747056449210837,1.0341153754368666,0.23782390270900378
118.30000000000001,23.999449109283706,23.999431795090405,24.0,1.0,0.8746727389100358,1.0341153754368666,0.23782390270900378
118.4,23.999431795090405,23.99941633067467,24.0,1.0,0.8746413207656167,1.0341153754368666,0.23782390270900378
118.5,23.99941633067467,23.99940272362399,24.0,1.0,0.8746114477238482,1.0341153754368666,0.23782390270900378
118.60000000000001,23.99940272362399,23.99939097638209,24.0,1.0,0.8745831718036529,1.0341153754368666,0.23782390270900378
118.7,23.99939097638209,23.999381086337095,24.0,1.0,0.8745565397628207,1.0341153754368666,0.23782390270900378
118.80000000000001,23.999381086337095,23.999373045921693,24.0,1.0,0.8745315930689511,1.0341153754368666,0.23782390270900378
118.9,23.999373045921693,23.99936684272482,24.0,1.0,0.8745083678851868,1.0341153754368666,0.23782390270900378
119.0,23.99936684272482,23.999362459614325,24.0,1.0,0.8744868950705038,1.0341153754368666,0.23782390270900378
119.10000000000001,23.999362459614325,23.999359874870084,24.0,1.0,0.8744672001942813,1.0341153754368666,0.23782390270900378
119.2,23.999359874870084,23.999359062327056,24.0,1.0,0.8744493035648583,1.0341153754368666,0.23782390270900378
119.30000000000001,23.999359062327056,23.999359991527637,24.0,1.0,0.8744332202717421,1.0341153754368666,0.23782390270900378
119.4,23.999359991527637,23.999362627882803,24.0,1.0,0.8744189602410838,1.0341153754368666,0.23782390270900378
119.5,23.999362627882803,23.999366932841404,24.0,1.0,0.8744065283040573,1.0341153754368666,0.23782390270900378
119.60000000000001,23.999366932841404,23.999372864067013,24.0,1.0,0.874395924277704,1.0341153754368666,0.23782390270900378
119.7,23.999372864067013,23.999380375621715,24.0,1.0,0.8743871430577896,1.0341153754368666,0.23782390270900378
119.80000000000001,23.999380375621715,23.999389418156223,24.0,1.0,0.8743801747232154,1.0341153754368666,0.23782390270900378
119.9,23.999389418156223,23.99939993910566,24.0,1.0,0.8743750046514819,1.0341153754368666,0.23782390270900378
