time,temperature,next_temperature,setpoint,disturbance,command,kp,ki
0.0,28.0,28.009975041614634,24.0,0.0,1.0,0.2753578836984474,0.009974113551053211
0.1,28.009975041614634,28.019900332501663,24.0,0.0,1.0,0.2753578836984474,0.009974113551053211
0.2,28.019900332501663,28.029776120793873,24.0,0.0,1.0,0.2753578836984474,0.009974113551053211
0.30000000000000004,28.029776120793873,28.03960265338649,24.0,0.0,1.0,0.2753578836984474,0.009974113551053211
0.4,28.03960265338649,28.049380175943334,24.0,0.0,1.0,0.2753578836984474,0.009974113551053211
0.5,28.049380175943334,28.059108932902983,24.0,0.0,1.0,0.2753578836984474,0.009974113551053211
0.6000000000000001,28.059108932902983,28.068789167484866,24.0,0.0,1.0,0.2753578836984474,0.009974113551053211
0.7000000000000001,28.068789167484866,28.078421121695353,24.0,0.0,1.0,0.2753578836984474,0.009974113551053211
0.8,28.078421121695353,28.0880050363338,24.0,0.0,1.0,0.2753578836984474,0.009974113551053211
0.9,28.0880050363338,28.097541150998573,24.0,0.0,1.0,0.2753578836984474,0.009974113551053211
1.0,28.097541150998573,28.107029704093033,24.0,0.0,1.0,0.2753578836984474,0.009974113551053211
1.1,28.107029704093033,28.116470932831504,24.0,0.0,1.0,0.2753578836984474,0.009974113551053211
1.2000000000000002,28.116470932831504,28.125865073245194,24.0,0.0,1.0,0.2753578836984474,0.009974113551053211
1.3,28.125865073245194,28.135212360188106,24.0,0.0,1.0,0.2753578836984474,0.009974113551053211
1.4000000000000001,28.135212360188106,28.144513027342896,24.0,0.0,1.0,0.2753578836984474,0.009974113551053211
1.5,28.144513027342896,28.15376730722673,24.0,0.0,1.0,0.2753578836984474,0.009974113551053211
1.6,28.15376730722673,28.162975431197086,24.0,0.0,1.0,0.2753578836984474,0.009974113551053211
1.7000000000000002,28.162975431197086,28.172137629457545,24.0,0.0,1.0,0.2753578836984474,0.009974113551053211
1.8,28.172137629457545,28.18125413106354,24.0,0.0,1.0,0.2753578836984474,0.009974113551053211
1.9000000000000001,28.18125413106354,28.190325163928083,24.0,0.0,1.0,0.2753578836984474,0.009974113551053211
2.0,28.190325163928083,28.19935095482747,24.0,0.0,1.0,0.3089825670345243,0.008914591682096094
2.1,28.19935095482747,28.208331729406943,24.0,0.0,1.0,0.3089825670345243,0.008914591682096094
2.2,28.208331729406943,28.217267712186338,24.0,0.0,1.0,0.3089825670345243,0.008914591682096094
2.3000000000000003,28.217267712186338,28.226159126565687,24.0,0.0,1.0,0.3089825670345243,0.008914591682096094
2.4000000000000004,28.226159126565687,28.23500619483081,24.0,0.0,1.0,0.3089825670345243,0.008914591682096094
2.5,28.23500619483081,28.243809138158877,24.0,0.0,1.0,0.3089825670345243,0.008914591682096094
2.6,28.243809138158877,28.25256817662393,24.0,0.0,1.0,0.3089825670345243,0.008914591682096094
2.7,28.25256817662393,28.261283529202387,24.0,0.0,1.0,0.3089825670345243,0.008914591682096094
2.8000000000000003,28.261283529202387,28.269955413778515,24.0,0.0,1.0,0.3089825670345243,0.008914591682096094
2.9000000000000004,28.269955413778515,28.27858404714988,24.0,0.0,1.0,0.3089825670345243,0.008914591682096094
3.0,28.27858404714988,28.28716964503277,24.0,0.0,1.0,0.3089825670345243,0.008914591682096094
3.1,28.28716964503277,28.295712422067574,24.0,0.0,1.0,0.3089825670345243,0.008914591682096094
3.2,28.295712422067574,28.304212591824164,24.0,0.0,1.0,0.3089825670345243,0.008914591682096094
3.3000000000000003,28.304212591824164,28.31267036680723,24.0,0.0,1.0,0.3089825670345243,0.008914591682096094
3.4000000000000004,28.31267036680723,28.32108595846158,24.0,0.0,1.0,0.3089825670345243,0.008914591682096094
3.5,28.32108595846158,28.329459577177452,24.0,0.0,1.0,0.3089825670345243,0.008914591682096094
3.6,28.329459577177452,28.337791432295745,24.0,0.0,1.0,0.3089825670345243,0.008914591682096094
3.7,28.337791432295745,28.346081732113273,24.0,0.0,1.0,0.3089825670345243,0.008914591682096094
3.8000000000000003,28.346081732113273,28.354330683887962,24.0,0.0,1.0,0.3089825670345243,0.008914591682096094
3.9000000000000004,28.354330683887962,28.362538493844035,24.0,0.0,1.0,0.3089825670345243,0.008914591682096094
4.0,28.362538493844035,28.37070536717717,24.0,0.0,1.0,0.3286141757209201,0.008386940606045345
4.1000000000000005,28.37070536717717,28.378831508059626,24.0,0.0,1.0,0.3286141757209201,0.008386940606045345
4.2,28.378831508059626,28.386917119645346,24.0,0.0,1.0,0.3286141757209201,0.008386940606045345
4.3,28.386917119645346,28.394962404075045,24.0,0.0,1.0,0.3286141757209201,0.008386940606045345
4.4,28.394962404075045,28.402967562481248,24.0,0.0,1.0,0.3286141757209201,0.008386940606045345
4.5,28.402967562481248,28.410932794993332,24.0,0.0,1.0,0.3286141757209201,0.008386940606045345
4.6000000000000005,28.410932794993332,28.418858300742528,24.0,0.0,1.0,0.3286141757209201,0.008386940606045345
4.7,28.418858300742528,28.42674427786689,24.0,0.0,1.0,0.3286141757209201,0.008386940606045345
4.800000000000001,28.42674427786689,28.43459092351626,24.0,0.0,1.0,0.3286141757209201,0.008386940606045345
4.9,28.43459092351626,28.442398433857186,24.0,0.0,1.0,0.3286141757209201,0.008386940606045345
5.0,28.442398433857186,28.410266837619293,24.0,0.0,1.0,0.3286141757209201,0.008386940606045345
5.1000000000000005,28.410266837619293,28.37829549838621,24.0,0.0,1.0,0.3286141757209201,0.008386940606045345
5.2,28.37829549838621,28.34648361687279,24.0,0.0,1.0,0.3286141757209201,0.008386940606045345
5.300000000000001,28.34648361687279,28.314830397780334,24.0,0.0,1.0,0.3286141757209201,0.008386940606045345
5.4,28.314830397780334,28.283335049776724,24.0,0.0,1.0,0.3286141757209201,0.008386940606045345
5.5,28.283335049776724,28.251996785476614,24.0,0.0,1.0,0.3286141757209201,0.008386940606045345
5.6000000000000005,28.251996785476614,28.220814821421765,24.0,0.0,1.0,0.3286141757209201,0.008386940606045345
5.7,28.220814821421765,28.189788378061454,24.0,0.0,1.0,0.3286141757209201,0.008386940606045345
5.800000000000001,28.189788378061454,28.15891667973298,24.0,0.0,1.0,0.3286141757209201,0.008386940606045345
5.9,28.15891667973298,28.128198954642276,24.0,0.0,1.0,0.3286141757209201,0.008386940606045345
6.0,28.128198954642276,28.097634434844615,24.0,0.0,1.0,0.3613283328480675,0.010834309734721718
6.1000000000000005,28.097634434844615,28.06722235622541,24.0,0.0,1.0,0.3613283328480675,0.010834309734721718
6.2,28.06722235622541,28.036961958481115,24.0,0.0,1.0,0.3613283328480675,0.010834309734721718
6.300000000000001,28.036961958481115,28.006852485100204,24.0,0.0,1.0,0.3613283328480675,0.010834309734721718
6.4,28.006852485100204,27.97689318334428,24.0,0.0,1.0,0.3613283328480675,0.010834309734721718
6.5,27.97689318334428,27.947083304229235,24.0,0.0,1.0,0.3613283328480675,0.010834309734721718
6.6000000000000005,27.947083304229235,27.917422102506542,24.0,0.0,1.0,0.3613283328480675,0.010834309734721718
6.7,27.917422102506542,27.88790883664461,24.0,0.0,1.0,0.3613283328480675,0.010834309734721718
6.800000000000001,27.88790883664461,27.858542768810253,24.0,0.0,1.0,0.3613283328480675,0.010834309734721718
6.9,27.858542768810253,27.82932316485025,24.0,0.0,1.0,0.3613283328480675,0.010834309734721718
7.0,27.82932316485025,27.80024929427298,24.0,0.0,1.0,0.3613283328480675,0.010834309734721718
7.1000000000000005,27.80024929427298,27.771320430230162,24.0,0.0,1.0,0.3613283328480675,0.010834309734721718
7.2,27.771320430230162,27.74253584949869,24.0,0.0,1.0,0.3613283328480675,0.010834309734721718
7.300000000000001,27.74253584949869,27.713894832462547,24.0,0.0,1.0,0.3613283328480675,0.010834309734721718
7.4,27.713894832462547,27.685396663094814,24.0,0.0,1.0,0.3613283328480675,0.010834309734721718
7.5,27.685396663094814,27.657040628939775,24.0,0.0,1.0,0.3613283328480675,0.010834309734721718
7.6000000000000005,27.657040628939775,27.628826021095097,24.0,0.0,1.0,0.3613283328480675,0.010834309734721718
7.7,27.628826021095097,27.600752134194114,24.0,0.0,1.0,0.3613283328480675,0.010834309734721718
7.800000000000001,27.600752134194114,27.57281826638819,24.0,0.0,1.0,0.3613283328480675,0.010834309734721718
7.9,27.57281826638819,27.54502371932918,24.0,0.0,1.0,0.3613283328480675,0.010834309734721718
8.0,27.54502371932918,27.517367798151955,24.0,0.0,1.0,0.28522917145194526,0.02831276003091544
8.1,27.517367798151955,27.48984981145705,24.0,0.0,1.0,0.28522917145194526,0.02831276003091544
8.200000000000001,27.48984981145705,27.462469071293356,24.0,0.0,0.9954069702136213,0.28522917145194526,0.02831276003091544
8.3,27.462469071293356,27.43522489314095,24.0,0.0,0.9974003899759898,0.28522917145194526,0.02831276003091544
8.4,27.43522489314095,27.408116595893958,24.0,0.0,0.999355625419863,0.28522917145194526,0.02831276003091544
8.5,27.408116595893958,27.381143501843535,24.0,0.0,0.99162354825663,0.28522917145194526,0.02831276003091544
8.6,27.381143501843535,27.354304936660927,24.0,0.0,0.9935029854489111,0.28522917145194526,0.02831276003091544
8.700000000000001,27.354304936660927,27.327600229380607,24.0,0.0,0.9953448068131363,0.28522917145194526,0.02831276003091544
8.8,27.327600229380607,27.301028712383502,24.0,0.0,0.9971491999590312,0.28522917145194526,0.02831276003091544
8.9,27.301028712383502,27.274589721380302,24.0,0.0,0.9989163515606131,0.28522917145194526,0.02831276003091544
9.0,27.274589721380302,27.248282595394855,24.0,0.0,0.9913751800627449,0.28522917145194526,0.02831276003091544
9.1,27.248282595394855,27.22210667674764,24.0,0.0,0.9930684048782353,0.28522917145194526,0.02831276003091544
9.200000000000001,27.22210667674764,27.19606131103933,24.0,0.0,0.9947249426037732,0.28522917145194526,0.02831276003091544
9.3,27.19606131103933,27.17014584713442,24.0,0.0,0.996344976216984,0.28522917145194526,0.02831276003091544
9.4,27.17014584713442,27.144359637144973,24.0,0.0,0.9979286877828861,0.28522917145194526,0.02831276003091544
9.5,27.144359637144973,27.118702036414387,24.0,0.0,0.9994762584584482,0.28522917145194526,0.02831276003091544
9.600000000000001,27.118702036414387,27.09317240350131,24.0,0.0,0.9921579622606184,0.28522917145194526,0.02831276003091544
9.700000000000001,27.09317240350131,27.067770100163592,24.0,0.0,0.9936337910168072,0.28522917145194526,0.02831276003091544
9.8,27.067770100163592,27.042494491342325,24.0,0.0,0.995074016950414,0.28522917145194526,0.02831276003091544
9.9,27.042494491342325,27.01734494514597,24.0,0.0,0.9964788176312561,0.28522917145194526,0.02831276003091544
10.0,27.01734494514597,26.992320832834565,24.0,0.0,0.8437966042244224,0.2341308750248481,0.028741683183978357
10.100000000000001,26.992320832834565,26.967421528803996,24.0,0.0,0.8465381206484475,0.2341308750248481,0.028741683183978357
10.200000000000001,26.967421528803996,26.94264641057037,24.0,0.0,0.8492372937536807,0.2341308750248481,0.028741683183978357
10.3,26.94264641057037,26.917994858754433,24.0,0.0,0.851894334728306,0.2341308750248481,0.028741683183978357
10.4,26.917994858754433,26.893466257066116,24.0,0.0,0.8545094537072003,0.2341308750248481,0.028741683183978357
10.5,26.893466257066116,26.869059992289092,24.0,0.0,0.8570828597771913,0.2341308750248481,0.028741683183978357
10.600000000000001,26.869059992289092,26.844775454265474,24.0,0.0,0.8596147609822786,0.2341308750248481,0.028741683183978357
10.700000000000001,26.844775454265474,26.820612035880544,24.0,0.0,0.8621053643288403,0.2341308750248481,0.028741683183978357
10.8,26.820612035880544,26.796569133047583,24.0,0.0,0.8645548757908046,0.2341308750248481,0.028741683183978357
10.9,26.796569133047583,26.77264614469277,24.0,0.0,0.866963500314801,0.2341308750248481,0.028741683183978357
11.0,26.77264614469277,26.74884247274015,24.0,0.0,0.8693314418252834,0.2341308750248481,0.028741683183978357
11.100000000000001,26.74884247274015,26.725157522096687,24.0,0.0,0.8716589032296279,0.2341308750248481,0.028741683183978357
11.200000000000001,26.725157522096687,26.701590700637375,24.0,0.0,0.8739460864232074,0.2341308750248481,0.028741683183978357
11.3,26.701590700637375,26.678141419190453,24.0,0.0,0.8761931922944344,0.2341308750248481,0.028741683183978357
11.4,26.678141419190453,26.654809091522665,24.0,0.0,0.8784004207297889,0.2341308750248481,0.028741683183978357
11.5,26.654809091522665,26.631593134324604,24.0,0.0,0.8805679706188121,0.2341308750248481,0.028741683183978357
11.600000000000001,26.631593134324604,26.608492967196128,24.0,0.0,0.8826960398590795,0.2341308750248481,0.028741683183978357
11.700000000000001,26.608492967196128,26.58550801263186,24.0,0.0,0.8847848253611479,0.2341308750248481,0.028741683183978357
11.8,26.58550801263186,26.562637696006735,24.0,0.0,0.8868345230534795,0.2341308750248481,0.028741683183978357
11.9,26.562637696006735,26.53988144556165,24.0,0.0,0.8888453278873387,0.2341308750248481,0.028741683183978357
12.0,26.53988144556165,26.517238692389157,24.0,0.0,0.9077489204947129,0.2407985616691562,0.028727324483665755
12.100000000000001,26.517238692389157,26.494708870419245,24.0,0.0,0.9095279313704567,0.2407985616691562,0.028727324483665755
12.200000000000001,26.494708870419245,26.472291416405195,24.0,0.0,0.9112694137667212,0.2407985616691562,0.028727324483665755
12.3,26.472291416405195,26.449985769909485,24.0,0.0,0.9129735548575788,0.2407985616691562,0.028727324483665755
12.4,26.449985769909485,26.427791373289793,24.0,0.0,0.9146405408835667,0.2407985616691562,0.028727324483665755
12.5,26.427791373289793,26.40570767168505,24.0,0.0,0.9162705571563439,0.2407985616691562,0.028727324483665755
12.600000000000001,26.40570767168505,26.383734113001562,24.0,0.0,0.9178637880633251,0.2407985616691562,0.028727324483665755
12.700000000000001,26.383734113001562,26.361870147899218,24.0,0.0,0.9194204170722864,0.2407985616691562,0.028727324483665755
12.8,26.361870147899218,26.34011522977775,24.0,0.0,0.9209406267359557,0.2407985616691562,0.028727324483665755
12.9,26.34011522977775,26.31846881476308,24.0,0.0,0.9224245986965756,0.2407985616691562,0.028727324483665755
13.0,26.31846881476308,26.296930361693697,24.0,0.0,0.9238725136904449,0.2407985616691562,0.028727324483665755
13.100000000000001,26.296930361693697,26.275499332107152,24.0,0.0,0.9252845515524348,0.2407985616691562,0.028727324483665755
13.200000000000001,26.275499332107152,26.25435845287962,24.0,0.0,0.9266608912204864,0.2407985616691562,0.028727324483665755
13.3,26.25435845287962,26.23324347644678,24.0,0.0,0.9280463665879124,0.2407985616691562,0.028727324483665755
13.4,26.23324347644678,26.212155797178568,24.0,0.0,0.9293774216330977,0.2407985616691562,0.028727324483665755
13.5,26.212155797178568,26.19148180431537,24.0,0.0,0.9306544705357688,0.2407985616691562,0.028727324483665755
13.600000000000001,26.19148180431537,26.170835933564923,24.0,0.0,0.931971743679614,0.2407985616691562,0.028727324483665755
13.700000000000001,26.170835933564923,26.15021954554541,24.0,0.0,0.9332364785249314,0.2407985616691562,0.028727324483665755
13.8,26.15021954554541,26.129633986603242,24.0,0.0,0.9344490874026199,0.2407985616691562,0.028727324483665755
13.9,26.129633986603242,26.109080588921564,24.0,0.0,0.9356099830746493,0.2407985616691562,0.028727324483665755
14.0,26.109080588921564,26.088930595736542,24.0,0.0,0.9343516784260075,0.2396793779650526,0.028691993127568954
14.100000000000001,26.088930595736542,26.06881354110981,24.0,0.0,0.9355156988231056,0.2396793779650526,0.028691993127568954
14.200000000000001,26.06881354110981,26.04873072458062,24.0,0.0,0.9366298940740562,0.2396793779650526,0.028691993127568954
14.3,26.04873072458062,26.028683431905897,24.0,0.0,0.9376946738875436,0.2396793779650526,0.028691993127568954
14.4,26.028683431905897,26.00867293516542,24.0,0.0,0.9387104483580087,0.2396793779650526,0.028691993127568954
14.5,26.00867293516542,25.988700492866244,24.0,0.0,0.9396776279516097,0.2396793779650526,0.028691993127568954
14.600000000000001,25.988700492866244,25.96911966477509,24.0,0.0,0.9405966234923111,0.2396793779650526,0.028691993127568954
14.700000000000001,25.96911966477509,25.94957761065843,24.0,0.0,0.9415532995842912,0.2396793779650526,0.028691993127568954
14.8,25.94957761065843,25.930075557688806,24.0,0.0,0.9424631989501184,0.2396793779650526,0.028691993127568954
14.9,25.930075557688806,25.910614719833145,24.0,0.0,0.943326730489007,0.2396793779650526,0.028691993127568954
15.0,25.910614719833145,25.89734298904141,24.0,0.0,0.9441443034181719,0.2396793779650526,0.028691993127568954
15.100000000000001,25.89734298904141,25.884028064321477,24.0,0.0,0.9464071984377107,0.2396793779650526,0.028691993127568954
15.200000000000001,25.884028064321477,25.870671850609437,24.0,0.0,0.9486215375905518,0.2396793779650526,0.028691993127568954
15.3,25.870671850609437,25.857276234914018,24.0,0.0,0.9507876589842439,0.2396793779650526,0.028691993127568954
15.4,25.857276234914018,25.84384308644804,24.0,0.0,0.952905901843722,0.2396793779650526,0.028691993127568954
15.5,25.84384308644804,25.830374256758986,24.0,0.0,0.9549766064917524,0.2396793779650526,0.028691993127568954
15.600000000000001,25.830374256758986,25.816871579858717,24.0,0.0,0.9570001143295438,0.2396793779650526,0.028691993127568954
15.700000000000001,25.816871579858717,25.803336872352332,24.0,0.0,0.9589767678175223,0.2396793779650526,0.028691993127568954
15.8,25.803336872352332,25.789771933566183,24.0,0.0,0.9609069104562756,0.2396793779650526,0.028691993127568954
15.9,25.789771933566183,25.776178545675034,24.0,0.0,0.9627908867676569,0.2396793779650526,0.028691993127568954
16.0,25.776178545675034,25.762558473828403,24.0,0.0,0.9500511454358626,0.23148364550079412,0.028574816444330017
16.1,25.762558473828403,25.748913466276043,24.0,0.0,0.9519348000390261,0.23148364550079412,0.028574816444330017
16.2,25.748913466276043,25.73524525449262,24.0,0.0,0.9537736920755057,0.23148364550079412,0.028574816444330017
16.3,25.73524525449262,25.721555553301556,24.0,0.0,0.9555681560477043,0.23148364550079412,0.028574816444330017
16.400000000000002,25.721555553301556,25.707846060998047,24.0,0.0,0.9573185275036108,0.23148364550079412,0.028574816444330017
16.5,25.707846060998047,25.69411845947128,24.0,0.0,0.9590251430180488,0.23148364550079412,0.028574816444330017
16.6,25.69411845947128,25.68037441432584,24.0,0.0,0.9606883401740847,0.23148364550079412,0.028574816444330017
16.7,25.68037441432584,25.66661557500231,24.0,0.0,0.9623084575446016,0.23148364550079412,0.028574816444330017
16.8,25.66661557500231,25.652843574897076,24.0,0.0,0.9638858346740267,0.23148364550079412,0.028574816444330017
16.900000000000002,25.652843574897076,25.63906003148134,24.0,0.0,0.9654208120602171,0.23148364550079412,0.028574816444330017
17.0,25.63906003148134,25.62459097728349,24.0,0.0,0.9669137311365055,0.23148364550079412,0.028574816444330017
17.1,25.62459097728349,25.61012310496444,24.0,0.0,0.9682066206211377,0.23148364550079412,0.028574816444330017
17.2,25.61012310496444,25.595657906022122,24.0,0.0,0.9694584420117978,0.23148364550079412,0.028574816444330017
17.3,25.595657906022122,25.581196857047317,24.0,0.0,0.9706695482049883,0.23148364550079412,0.028574816444330017
17.400000000000002,25.581196857047317,25.56674141983525,24.0,0.0,0.9718402928657828,0.23148364550079412,0.028574816444330017
17.5,25.56674141983525,25.55229304149644,24.0,0.0,0.9729710304113777,0.23148364550079412,0.028574816444330017
17.6,25.55229304149644,25.537853154566836,24.0,0.0,0.9740621159947926,0.23148364550079412,0.028574816444330017
17.7,25.537853154566836,25.523423177117174,24.0,0.0,0.9751139054887166,0.23148364550079412,0.028574816444330017
17.8,25.523423177117174,25.509004512861658,24.0,0.0,0.9761267554694906,0.23148364550079412,0.028574816444330017
17.900000000000002,25.509004512861658,25.494598551265884,24.0,0.0,0.9771010232012407,0.23148364550079412,0.028574816444330017
18.0,25.494598551265884,25.480206667654045,24.0,0.0,0.9757100789740742,0.22994779314687452,0.02836402443655286
18.1,25.480206667654045,25.465830223315436,24.0,0.0,0.9765991589075538,0.22994779314687452,0.02836402443655286
18.2,25.465830223315436,25.451470565610244,24.0,0.0,0.9774510116859875,0.22994779314687452,0.02836402443655286
18.3,25.451470565610244,25.437127246298857,24.0,0.0,0.9782659947455246,0.22994779314687452,0.02836402443655286
18.400000000000002,25.437127246298857,25.422802355273113,24.0,0.0,0.979044051356716,0.22994779314687452,0.02836402443655286
18.5,25.422802355273113,25.40849795547563,24.0,0.0,0.9797857143556119,0.22994779314687452,0.02836402443655286
18.6,25.40849795547563,25.394212339752066,24.0,0.0,0.9804915162326849,0.22994779314687452,0.02836402443655286
18.7,25.394212339752066,25.37994751070331,24.0,0.0,0.981161117710754,0.22994779314687452,0.02836402443655286
18.8,25.37994751070331,25.36570544449018,24.0,0.0,0.98179503824285,0.22994779314687452,0.02836402443655286
18.900000000000002,25.36570544449018,25.351488090948074,24.0,0.0,0.9823937968073546,0.22994779314687452,0.02836402443655286
19.0,25.351488090948074,25.33739185331752,24.0,0.0,0.9829579118596941,0.22994779314687452,0.02836402443655286
19.1,25.33739185331752,25.323319476357845,24.0,0.0,0.9835098946457488,0.22994779314687452,0.02836402443655286
19.200000000000003,25.323319476357845,25.309272829095086,24.0,0.0,0.9840274492160187,0.22994779314687452,0.02836402443655286
19.3,25.309272829095086,25.295253754886023,24.0,0.0,0.9845110783286914,0.22994779314687452,0.02836402443655286
19.400000000000002,25.295253754886023,25.28126407153082,24.0,0.0,0.9849612840678674,0.22994779314687452,0.02836402443655286
19.5,25.28126407153082,25.267305571385663,24.0,0.0,0.9853785677969729,0.22994779314687452,0.02836402443655286
19.6,25.267305571385663,25.25338002147537,24.0,0.0,0.9857634301124897,0.22994779314687452,0.02836402443655286
19.700000000000003,25.25338002147537,25.239485753999688,24.0,0.0,0.9861163707980024,0.22994779314687452,0.02836402443655286
19.8,25.239485753999688,25.225624479335988,24.0,0.0,0.9864370950760977,0.22994779314687452,0.02836402443655286
19.900000000000002,25.225624479335988,25.211797883015944,24.0,0.0,0.9867260898251695,0.22994779314687452,0.02836402443655286
20.0,25.211797883015944,25.198007625836777,24.0,0.0,0.9987982172471226,0.2397533893040111,0.02780267332343809
20.1,25.198007625836777,25.18419585796427,24.0,0.0,0.9988227378150561,0.2397533893040111,0.02780267332343809
20.200000000000003,25.18419585796427,25.17036462407062,24.0,0.0,0.9988037007143371,0.2397533893040111,0.02780267332343809
20.3,25.17036462407062,25.156515945139624,24.0,0.0,0.9987415420413122,0.2397533893040111,0.02780267332343809
20.400000000000002,25.156515945139624,25.142651818540262,24.0,0.0,0.9986366978318296,0.2397533893040111,0.02780267332343809
20.5,25.142651818540262,25.128774218100645,24.0,0.0,0.9984896040132234,0.2397533893040111,0.02780267332343809
20.6,25.128774218100645,25.11488509418242,24.0,0.0,0.9983006963565955,0.2397533893040111,0.02780267332343809
20.700000000000003,25.11488509418242,25.10098637375553,24.0,0.0,0.99807041042941,0.2397533893040111,0.02780267332343809
20.8,25.10098637375553,25.08707996047339,24.0,0.0,0.9977991815483822,0.2397533893040111,0.02780267332343809
20.900000000000002,25.08707996047339,25.07316773474842,24.0,0.0,0.9974874447326767,0.2397533893040111,0.02780267332343809
21.0,25.07316773474842,25.059833214338507,24.0,0.0,0.9971356346573994,0.2397533893040111,0.02780267332343809
21.1,25.059833214338507,25.046490041994378,24.0,0.0,0.9968852578579375,0.2397533893040111,0.02780267332343809
21.200000000000003,25.046490041994378,25.033140046901597,24.0,0.0,0.996595709141745,0.2397533893040111,0.02780267332343809
21.3,25.033140046901597,25.019785035775925,24.0,0.0,0.9962674080931954,0.2397533893040111,0.02780267332343809
21.400000000000002,25.019785035775925,25.006426792933667,24.0,0.0,0.9959007739326038,0.2397533893040111,0.02780267332343809
21.5,25.006426792933667,24.993067080362426,24.0,0.0,0.9954962254708153,0.2397533893040111,0.02780267332343809
21.6,24.993067080362426,24.979707637792238,24.0,0.0,0.9950541810640906,0.2397533893040111,0.02780267332343809
21.700000000000003,24.979707637792238,24.966350182767076,24.0,0.0,0.9945750585692773,0.2397533893040111,0.02780267332343809
21.8,24.966350182767076,24.952996410716754,24.0,0.0,0.9940592752992706,0.2397533893040111,0.02780267332343809
21.900000000000002,24.952996410716754,24.93964799502917,24.0,0.0,0.9935072479787693,0.2397533893040111,0.02780267332343809
22.0,24.93964799502917,24.926306587122916,24.0,0.0,1.0,0.2504707750881693,0.02664869184218897
22.1,24.926306587122916,24.912980133260547,24.0,0.0,0.9995043432399866,0.2504707750881693,0.02664869184218897
22.200000000000003,24.912980133260547,24.899670197482237,24.0,0.0,0.9985994286348323,0.2504707750881693,0.02664869184218897
22.3,24.899670197482237,24.88637832194686,24.0,0.0,0.9976631820892959,0.2504707750881693,0.02664869184218897
22.400000000000002,24.88637832194686,24.87310602701044,24.0,0.0,0.9966960379972907,0.2504707750881693,0.02664869184218897
22.5,24.87310602701044,24.859854811304885,24.0,0.0,0.9956984293433024,0.2504707750881693,0.02664869184218897
22.6,24.859854811304885,24.846626151816984,24.0,0.0,0.9946707876642203,0.2504707750881693,0.02664869184218897
22.700000000000003,24.846626151816984,24.833421503967646,24.0,0.0,0.9936135430114394,0.2504707750881693,0.02664869184218897
22.8,24.833421503967646,24.82024230169138,24.0,0.0,0.9925271239132379,0.2504707750881693,0.02664869184218897
22.900000000000002,24.82024230169138,24.807089957516016,24.0,0.0,0.991411957337428,0.2504707750881693,0.02664869184218897
23.0,24.807089957516016,24.794058709837092,24.0,0.0,0.9902684686542753,0.2504707750881693,0.02664869184218897
23.1,24.794058709837092,24.78105698133977,24.0,0.0,0.9891205845340747,0.2504707750881693,0.02664869184218897
23.200000000000003,24.78105698133977,24.7680861101662,24.0,0.0,0.9879454462005559,0.2504707750881693,0.02664869184218897
23.3,24.7680861101662,24.755147413522764,24.0,0.0,0.9867434710499519,0.2504707750881693,0.02664869184218897
23.400000000000002,24.755147413522764,24.742242204309754,24.0,0.0,0.9855150747448786,0.2504707750881693,0.02664869184218897
23.5,24.742242204309754,24.729371767619106,24.0,0.0,0.984260675368113,0.2504707750881693,0.02664869184218897
23.6,24.729371767619106,24.71653736088687,24.0,0.0,0.9829806874618507,0.2504707750881693,0.02664869184218897
23.700000000000003,24.71653736088687,24.703740248814825,24.0,0.0,0.9816755219922,0.2504707750881693,0.02664869184218897
23.8,24.703740248814825,24.69098166907076,24.0,0.0,0.9803455951153854,0.2504707750881693,0.02664869184218897
23.900000000000002,24.69098166907076,24.678262832442247,24.0,0.0,0.9789913195146318,0.2504707750881693,0.02664869184218897
24.0,24.678262832442247,24.665584922991574,24.0,0.0,0.9969871504833346,0.2792664388737727,0.024334214953883868
24.1,24.665584922991574,24.652948220673036,24.0,0.0,0.9950662845172951,0.2792664388737727,0.024334214953883868
24.200000000000003,24.652948220673036,24.64035389365674,24.0,0.0,0.9931261758972505,0.2792664388737727,0.024334214953883868
24.3,24.64035389365674,24.627803084226393,24.0,0.0,0.9911672539708779,0.2792664388737727,0.024334214953883868
24.400000000000002,24.627803084226393,24.615296908935296,24.0,0.0,0.9891899436363091,0.2792664388737727,0.024334214953883868
24.5,24.615296908935296,24.60283645876343,24.0,0.0,0.9871946653230823,0.2792664388737727,0.024334214953883868
24.6,24.60283645876343,24.590422799275615,24.0,0.0,0.9851818349737802,0.2792664388737727,0.024334214953883868
24.700000000000003,24.590422799275615,24.578056970780686,24.0,0.0,0.9831518640263508,0.2792664388737727,0.024334214953883868
24.8,24.578056970780686,24.565740020160593,24.0,0.0,0.9811051593971052,0.2792664388737727,0.024334214953883868
24.900000000000002,24.565740020160593,24.553472969649405,24.0,0.0,0.9790421323855079,0.2792664388737727,0.024334214953883868
25.0,24.553472969649405,24.540785421414242,24.0,0.0,0.9769631898952251,0.2792664388737727,0.024334214953883868
25.1,24.540785421414242,24.528160174215152,24.0,0.0,0.9747359423504138,0.2792664388737727,0.024334214953883868
25.200000000000003,24.528160174215152,24.515598655282655,24.0,0.0,0.9724953708461662,0.2792664388737727,0.024334214953883868
25.3,24.515598655282655,24.503102267328607,24.0,0.0,0.9702420290378007,0.2792664388737727,0.024334214953883868
25.400000000000002,24.503102267328607,24.490672388670905,24.0,0.0,0.9679764671467845,0.2792664388737727,0.024334214953883868
25.5,24.490672388670905,24.478310373359488,24.0,0.0,0.9656992319362002,0.2792664388737727,0.024334214953883868
25.6,24.478310373359488,24.4660175513036,24.0,0.0,0.9634108666868779,0.2792664388737727,0.024334214953883868
25.700000000000003,24.4660175513036,24.453795228400327,24.0,0.0,0.9611119111741918,0.2792664388737727,0.024334214953883868
25.8,24.453795228400327,24.441644686664347,24.0,0.0,0.9588029016455233,0.2792664388737727,0.024334214953883868
25.900000000000002,24.441644686664347,24.429567184358934,24.0,0.0,0.956484370798382,0.2792664388737727,0.024334214953883868
26.0,24.429567184358934,24.417563956128134,24.0,0.0,0.9793403957051314,0.3382217662954772,0.021034939247506327
26.1,24.417563956128134,24.405630584323866,24.0,0.0,0.976158985896573,0.3382217662954772,0.021034939247506327
26.200000000000003,24.405630584323866,24.39376828350175,24.0,0.0,0.972976101276891,0.3382217662954772,0.021034939247506327
26.3,24.39376828350175,24.381978245418292,24.0,0.0,0.969792302132612,0.3382217662954772,0.021034939247506327
26.400000000000002,24.381978245418292,24.370261639159132,24.0,0.0,0.9666081435459583,0.3382217662954772,0.021034939247506327
26.5,24.370261639159132,24.358619611268445,24.0,0.0,0.963424175390536,0.3382217662954772,0.021034939247506327
26.6,24.358619611268445,24.34705328587951,24.0,0.0,0.9602409423276861,0.3382217662954772,0.021034939247506327
26.700000000000003,24.34705328587951,24.335563764846416,24.0,0.0,0.9570589838035051,0.3382217662954772,0.021034939247506327
26.8,24.335563764846416,24.32415212787687,24.0,0.0,0.9538788340465235,0.3382217662954772,0.021034939247506327
26.900000000000002,24.32415212787687,24.312819432666135,24.0,0.0,0.9507010220660455,0.3382217662954772,0.021034939247506327
27.0,24.312819432666135,24.301284197622145,24.0,0.0,0.947526071651139,0.3382217662954772,0.021034939247506327
27.1,24.301284197622145,24.289826271590183,24.0,0.0,0.9442583535592488,0.3382217662954772,0.021034939247506327
27.200000000000003,24.289826271590183,24.278461598446093,24.0,0.0,0.9409926813801587,0.3382217662954772,0.021034939247506327
27.3,24.278461598446093,24.26719096323879,24.0,0.0,0.9377346438366014,0.3382217662954772,0.021034939247506327
27.400000000000002,24.26719096323879,24.256015129769352,24.0,0.0,0.9344847042574363,0.3382217662954772,0.021034939247506327
27.5,24.256015129769352,24.24493484075324,24.0,0.0,0.9312433203916932,0.3382217662954772,0.021034939247506327
27.6,24.24493484075324,24.2339508179832,24.0,0.0,0.9280109444190832,0.3382217662954772,0.021034939247506327
27.700000000000003,24.2339508179832,24.223063762492906,24.0,0.0,0.924788022961089,0.3382217662954772,0.021034939247506327
27.8,24.223063762492906,24.212274354721266,24.0,0.0,0.9215749970926409,0.3382217662954772,0.021034939247506327
27.900000000000002,24.212274354721266,24.201583254677388,24.0,0.0,0.9183723023543714,0.3382217662954772,0.021034939247506327
28.0,24.201583254677388,24.19099110210623,24.0,0.0,0.9280715175035791,0.40237188225845444,0.019028799120990515
28.1,24.19099110210623,24.18049757888389,24.0,0.0,0.9241729662679417,0.40237188225845444,0.019028799120990515
28.200000000000003,24.18049757888389,24.170103280542083,24.0,0.0,0.9202941327944864,0.40237188225845444,0.019028799120990515
28.3,24.170103280542083,24.159808782988122,24.0,0.0,0.9164354455214629,0.40237188225845444,0.019028799120990515
28.400000000000002,24.159808782988122,24.14961464267196,24.0,0.0,0.9125973260866957,0.40237188225845444,0.019028799120990515
28.5,24.14961464267196,24.139521396586677,24.0,0.0,0.9087801893577709,0.40237188225845444,0.019028799120990515
28.6,24.139521396586677,24.129529562506782,24.0,0.0,0.9049844433952106,0.40237188225845444,0.019028799120990515
28.700000000000003,24.129529562506782,24.119639639226758,24.0,0.0,0.9012104895117864,0.40237188225845444,0.019028799120990515
28.8,24.119639639226758,24.10985210644864,24.0,0.0,0.8974587223323867,0.40237188225845444,0.019028799120990515
28.900000000000002,24.10985210644864,24.100167425015805,24.0,0.0,0.8937295297124512,0.40237188225845444,0.019028799120990515
29.0,24.100167425015805,24.089813009481915,24.0,0.0,0.8900232927961577,0.40237188225845444,0.019028799120990515
29.1,24.089813009481915,24.07958687968274,24.0,0.0,0.8860278704996887,0.40237188225845444,0.019028799120990515
29.200000000000003,24.07958687968274,24.069489163575604,24.0,0.0,0.8820646076787902,0.40237188225845444,0.019028799120990515
29.3,24.069489163575604,24.0595199713486,24.0,0.0,0.8781338001757268,0.40237188225845444,0.019028799120990515
29.400000000000002,24.0595199713486,24.04967939568675,24.0,0.0,0.8742357368925989,0.40237188225845444,0.019028799120990515
29.5,24.04967939568675,24.039967512037595,24.0,0.0,0.8703706998651306,0.40237188225845444,0.019028799120990515
29.6,24.039967512037595,24.030384378876214,24.0,0.0,0.8665389643367386,0.40237188225845444,0.019028799120990515
29.700000000000003,24.030384378876214,24.02093003796958,24.0,0.0,0.8627407988328653,0.40237188225845444,0.019028799120990515
29.8,24.02093003796958,24.01160451464034,24.0,0.0,0.8589764652355621,0.40237188225845444,0.019028799120990515
29.900000000000002,24.01160451464034,24.002407817673912,24.0,0.0,0.8552462188583287,0.40237188225845444,0.019028799120990515
30.0,24.002407817673912,23.993339939576384,24.0,0.0,0.8516685941498756,0.4515052885676938,0.018951918358400516
30.1,23.993339939576384,23.984406155257325,24.0,0.0,0.8475617771406131,0.4515052885676938,0.018951918358400516
30.200000000000003,23.984406155257325,23.97560632754943,24.0,0.0,0.8434985729463894,0.4515052885676938,0.018951918358400516
30.3,23.97560632754943,23.96694029787857,24.0,0.0,0.8394791735089151,0.4515052885676938,0.018951918358400516
30.400000000000002,23.96694029787857,23.958407886507583,24.0,0.0,0.8355037608040817,0.4515052885676938,0.018951918358400516
30.5,23.958407886507583,23.950008892779813,24.0,0.0,0.8315725069119203,0.4515052885676938,0.018951918358400516
30.6,23.950008892779813,23.941743095362387,24.0,0.0,0.827685574086917,0.4515052885676938,0.018951918358400516
30.700000000000003,23.941743095362387,23.933610252489206,24.0,0.0,0.8238431148286695,0.4515052885676938,0.018951918358400516
30.8,23.933610252489206,23.925610102203628,24.0,0.0,0.8200452719528722,0.4515052885676938,0.018951918358400516
30.900000000000002,23.925610102203628,23.917742362600798,24.0,0.0,0.8162921786626245,0.4515052885676938,0.018951918358400516
31.0,23.917742362600798,23.909001904314586,24.0,0.0,0.812583958620039,0.4515052885676938,0.018951918358400516
31.1,23.909001904314586,23.900431978026877,24.0,0.0,0.8084651366312889,0.4515052885676938,0.018951918358400516
31.200000000000003,23.900431978026877,23.892031792050986,24.0,0.0,0.8044070690873987,0.4515052885676938,0.018951918358400516
31.3,23.892031792050986,23.883800536293265,24.0,0.0,0.8004097202280966,0.4515052885676938,0.018951918358400516
31.400000000000002,23.883800536293265,23.875737382552543,24.0,0.0,0.7964730444469863,0.4515052885676938,0.018951918358400516
31.5,23.875737382552543,23.867841484818275,24.0,0.0,0.7925969863924298,0.4515052885676938,0.018951918358400516
31.6,23.867841484818275,23.860111979567332,24.0,0.0,0.7887814810684086,0.4515052885676938,0.018951918358400516
31.700000000000003,23.860111979567332,23.852547986059438,24.0,0.0,0.7850264539353404,0.4515052885676938,0.018951918358400516
31.8,23.852547986059438,23.845148606631216,24.0,0.0,0.7813318210108363,0.4515052885676938,0.018951918358400516
31.900000000000002,23.845148606631216,23.83791292698885,24.0,0.0,0.7776974889703943,0.4515052885676938,0.018951918358400516
32.0,23.83791292698885,23.83084001649931,24.0,0.0,0.7689726356168552,0.4831790368890939,0.019989291305104927
32.1,23.83084001649931,23.823932764793806,24.0,0.0,0.76521701471978,0.4831790368890939,0.019989291305104927
32.2,23.823932764793806,23.81719026401345,24.0,0.0,0.7615276295677825,0.4831790368890939,0.019989291305104927
32.300000000000004,23.81719026401345,23.81061138783635,24.0,0.0,0.7579043708279022,0.4831790368890939,0.019989291305104927
32.4,23.81061138783635,23.804194997071257,24.0,0.0,0.7543470213589967,0.4831790368890939,0.019989291305104927
32.5,23.804194997071257,23.797939939944413,24.0,0.0,0.750855355524561,0.4831790368890939,0.019989291305104927
32.6,23.797939939944413,23.791845052384506,24.0,0.0,0.7474291393061688,0.4831790368890939,0.019989291305104927
32.7,23.791845052384506,23.785909158305778,24.0,0.0,0.7440681304165769,0.4831790368890939,0.019989291305104927
32.800000000000004,23.785909158305778,23.780131069889265,24.0,0.0,0.7407720784125031,0.4831790368890939,0.019989291305104927
32.9,23.780131069889265,23.774509587862127,24.0,0.0,0.73754072480706,0.4831790368890939,0.019989291305104927
33.0,23.774509587862127,23.7685291427946,24.0,0.0,0.734373803181825,0.4831790368890939,0.019989291305104927
33.1,23.7685291427946,23.762734078164527,24.0,0.0,0.7310214836545963,0.4831790368890939,0.019989291305104927
33.2,23.762734078164527,23.757122682641135,24.0,0.0,0.7277471521450942,0.4831790368890939,0.019989291305104927
33.300000000000004,23.757122682641135,23.75169323633418,24.0,0.0,0.724550348915689,0.4831790368890939,0.019989291305104927
33.4,23.75169323633418,23.74644401110799,24.0,0.0,0.721430606655059,0.4831790368890939,0.019989291305104927
33.5,23.74644401110799,23.741373270892716,24.0,0.0,0.7183874506134426,0.4831790368890939,0.019989291305104927
33.6,23.741373270892716,23.736479271995513,24.0,0.0,0.7154203987371706,0.4831790368890939,0.019989291305104927
33.7,23.736479271995513,23.731760263407796,24.0,0.0,0.7125289618037826,0.4831790368890939,0.019989291305104927
33.800000000000004,23.731760263407796,23.727214487108572,24.0,0.0,0.7097126435558636,0.4831790368890939,0.019989291305104927
33.9,23.727214487108572,23.72284017836952,24.0,0.0,0.7069709408335911,0.4831790368890939,0.019989291305104927
34.0,23.72284017836952,23.718635566056214,24.0,0.0,0.7016161989422097,0.4927797480505435,0.020935076785084394
34.1,23.718635566056214,23.71461134234901,24.0,0.0,0.6989552125428884,0.4927797480505435,0.020935076785084394
34.2,23.71461134234901,23.710765324387552,24.0,0.0,0.6963746932522012,0.4927797480505435,0.020935076785084394
34.300000000000004,23.710765324387552,23.707095328394388,24.0,0.0,0.693873938475871,0.4927797480505435,0.020935076785084394
34.4,23.707095328394388,23.70359916995647,24.0,0.0,0.6914522405959358,0.4927797480505435,0.020935076785084394
34.5,23.70359916995647,23.700274664302267,24.0,0.0,0.689108887108141,0.4927797480505435,0.020935076785084394
34.6,23.700274664302267,23.697119626574597,24.0,0.0,0.6868431607577439,0.4927797480505435,0.020935076785084394
34.7,23.697119626574597,23.694131872099085,24.0,0.0,0.6846543396737774,0.4927797480505435,0.020935076785084394
34.800000000000004,23.694131872099085,23.691309216648325,24.0,0.0,0.682541697501726,0.4927797480505435,0.020935076785084394
34.9,23.691309216648325,23.688649476701737,24.0,0.0,0.6805045035346353,0.4927797480505435,0.020935076785084394
35.0,23.688649476701737,23.686145750084872,24.0,0.0,0.6785420228426435,0.4927797480505435,0.020935076785084394
35.1,23.686145750084872,23.683818373538887,24.0,0.0,0.6766511807890674,0.4927797480505435,0.020935076785084394
35.2,23.683818373538887,23.681664727355557,24.0,0.0,0.6748423680983187,0.4927797480505435,0.020935076785084394
35.300000000000004,23.681664727355557,23.679682197233994,24.0,0.0,0.6731146575370859,0.4927797480505435,0.020935076785084394
35.4,23.679682197233994,23.67786817465133,24.0,0.0,0.6714671190636261,0.4927797480505435,0.020935076785084394
35.5,23.67786817465133,23.67622005722873,24.0,0.0,0.6698988200225233,0.4927797480505435,0.020935076785084394
35.6,23.67622005722873,23.674735249092798,24.0,0.0,0.6684088253379177,0.4927797480505435,0.020935076785084394
35.7,23.674735249092798,23.673411161232355,24.0,0.0,0.6669961977052178,0.4927797480505435,0.020935076785084394
35.800000000000004,23.673411161232355,23.672245211850594,24.0,0.0,0.6656599977812768,0.4927797480505435,0.020935076785084394
35.9,23.672245211850594,23.67123482671265,24.0,0.0,0.6643992843730342,0.4927797480505435,0.020935076785084394
36.0,23.67123482671265,23.67037743948857,24.0,0.0,0.6705663658824773,0.4702019585765006,0.023050252499308022
36.1,23.67037743948857,23.66968867018407,24.0,0.0,0.6694034324055306,0.4702019585765006,0.023050252499308022
36.2,23.66968867018407,23.66916525370131,24.0,0.0,0.6683181957739837,0.4702019585765006,0.023050252499308022
36.300000000000004,23.66916525370131,23.668803942654026,24.0,0.0,0.6673095018748655,0.4702019585765006,0.023050252499308022
36.4,23.668803942654026,23.668601507672072,24.0,0.0,0.6663761974379181,0.4702019585765006,0.023050252499308022
36.5,23.668601507672072,23.668554737700383,24.0,0.0,0.665517130220314,0.4702019585765006,0.023050252499308022
36.6,23.668554737700383,23.668660440292452,24.0,0.0,0.6647311491894524,0.4702019585765006,0.023050252499308022
36.7,23.668660440292452,23.66891544189831,24.0,0.0,0.6640171047038433,0.4702019585765006,0.023050252499308022
36.800000000000004,23.66891544189831,23.66931658814704,24.0,0.0,0.6633738486920712,0.4702019585765006,0.023050252499308022
36.9,23.66931658814704,23.66986074412389,24.0,0.0,0.6628002348298455,0.4702019585765006,0.023050252499308022
37.0,23.66986074412389,23.670750309212615,24.0,0.0,0.662295118715144,0.4702019585765006,0.023050252499308022
37.1,23.670750309212615,23.6717852874759,24.0,0.0,0.6619544651113461,0.4702019585765006,0.023050252499308022
37.2,23.6717852874759,23.672962310845254,24.0,0.0,0.6616845707180598,0.4702019585765006,0.023050252499308022
37.300000000000004,23.672962310845254,23.674278032412907,24.0,0.0,0.6614841792804399,0.4702019585765006,0.023050252499308022
37.4,23.674278032412907,23.675729130627825,24.0,0.0,0.6613520367787467,0.4702019585765006,0.023050252499308022
37.5,23.675729130627825,23.677312309508213,24.0,0.0,0.6612868934597681,0.4702019585765006,0.023050252499308022
37.6,23.677312309508213,23.679024298848432,24.0,0.0,0.661287503995678,0.4702019585765006,0.023050252499308022
37.7,23.679024298848432,23.680861854420357,24.0,0.0,0.6613526276407424,0.4702019585765006,0.023050252499308022
37.800000000000004,23.680861854420357,23.68282175816925,24.0,0.0,0.6614810283858774,0.4702019585765006,0.023050252499308022
37.9,23.68282175816925,23.68490081840416,24.0,0.0,0.6616714751110802,0.4702019585765006,0.023050252499308022
38.0,23.68490081840416,23.687095869982898,24.0,0.0,0.6869921185422848,0.39031768235170045,0.026290288024965098
38.1,23.687095869982898,23.68941373180337,24.0,0.0,0.6870262520169053,0.39031768235170045,0.026290288024965098
38.2,23.68941373180337,23.691850679612056,24.0,0.0,0.6871144142259347,0.39031768235170045,0.026290288024965098
38.300000000000004,23.691850679612056,23.69440302607383,24.0,0.0,0.6872554646078634,0.39031768235170045,0.026290288024965098
38.400000000000006,23.69440302607383,23.697067120890022,24.0,0.0,0.6874482673169734,0.39031768235170045,0.026290288024965098
38.5,23.697067120890022,23.699839350910505,24.0,0.0,0.6876916913667919,0.39031768235170045,0.026290288024965098
38.6,23.699839350910505,23.702716140239833,24.0,0.0,0.6879846107715002,0.39031768235170045,0.026290288024965098
38.7,23.702716140239833,23.70569395033747,24.0,0.0,0.6883259046853106,0.39031768235170045,0.026290288024965098
38.800000000000004,23.70569395033747,23.708769280112175,24.0,0.0,0.6887144575397919,0.39031768235170045,0.026290288024965098
38.900000000000006,23.708769280112175,23.71193866601064,24.0,0.0,0.6891491591791655,0.39031768235170045,0.026290288024965098
39.0,23.71193866601064,23.715305899623797,24.0,0.0,0.6896289049935882,0.39031768235170045,0.026290288024965098
39.1,23.715305899623797,23.718762512889523,24.0,0.0,0.6901947268236229,0.39031768235170045,0.026290288024965098
39.2,23.718762512889523,23.722304849373913,24.0,0.0,0.6908045226483321,0.39031768235170045,0.026290288024965098
39.300000000000004,23.722304849373913,23.725929298913226,24.0,0.0,0.6914570906657196,0.39031768235170045,0.026290288024965098
39.400000000000006,23.725929298913226,23.729632297583567,24.0,0.0,0.6921512376426273,0.39031768235170045,0.026290288024965098
39.5,23.729632297583567,23.733410327665226,24.0,0.0,0.6928857790244689,0.39031768235170045,0.026290288024965098
39.6,23.733410327665226,23.737259917601772,24.0,0.0,0.6936595390427807,0.39031768235170045,0.026290288024965098
39.7,23.737259917601772,23.74117764195401,24.0,0.0,0.6944713508206226,0.39031768235170045,0.026290288024965098
39.800000000000004,23.74117764195401,23.745160121348857,24.0,0.0,0.695320056475848,0.39031768235170045,0.026290288024965098
39.900000000000006,23.745160121348857,23.74920402242325,24.0,0.0,0.6962045072222592,0.39031768235170045,0.026290288024965098
40.0,23.74920402242325,23.753306057763176,24.0,0.0,0.7223397720673507,0.28965180148261216,0.027502006123757843
40.1,23.753306057763176,23.757463079029176,24.0,0.0,0.7228494761622966,0.28965180148261216,0.027502006123757843
40.2,23.757463079029176,23.761671538992566,24.0,0.0,0.7233865396722172,0.28965180148261216,0.027502006123757843
40.300000000000004,23.761671538992566,23.765927945113308,24.0,0.0,0.7239500766026714,0.28965180148261216,0.027502006123757843
40.400000000000006,23.765927945113308,23.770228859379298,24.0,0.0,0.7245392071946966,0.28965180148261216,0.027502006123757843
40.5,23.770228859379298,23.77457089813869,24.0,0.0,0.7251530580282214,0.28965180148261216,0.027502006123757843
40.6,23.77457089813869,23.778950731925363,24.0,0.0,0.7257907621230008,0.28965180148261216,0.027502006123757843
40.7,23.778950731925363,23.78336508527758,24.0,0.0,0.7264514590370805,0.28965180148261216,0.027502006123757843
40.800000000000004,23.78336508527758,23.78781073654999,24.0,0.0,0.7271342949627996,0.28965180148261216,0.027502006123757843
40.900000000000006,23.78781073654999,23.792284517719022,24.0,0.0,0.7278384228203364,0.28965180148261216,0.027502006123757843
41.0,23.792284517719022,23.796489918232595,24.0,0.0,0.7285630023488167,0.28965180148261216,0.027502006123757843
41.1,23.796489918232595,23.800720745462915,24.0,0.0,0.7292214106320277,0.28965180148261216,0.027502006123757843
41.2,23.800720745462915,23.804973772476636,24.0,0.0,0.7298988194331897,0.28965180148261216,0.027502006123757843
41.300000000000004,23.804973772476636,23.809245834484113,24.0,0.0,0.7305943551191042,0.28965180148261216,0.027502006123757843
41.400000000000006,23.809245834484113,23.813533828495828,24.0,0.0,0.7313071533528003,0.28965180148261216,0.027502006123757843
41.5,23.813533828495828,23.81783471297317,24.0,0.0,0.7320363591639821,0.28965180148261216,0.027502006123757843
41.6,23.81783471297317,23.822145507473657,24.0,0.0,0.732781127016878,0.28965180148261216,0.027502006123757843
41.7,23.822145507473657,23.82646329229071,24.0,0.0,0.7335406208755056,0.28965180148261216,0.027502006123757843
41.800000000000004,23.82646329229071,23.830785208088095,24.0,0.0,0.7343140142663679,0.28965180148261216,0.027502006123757843
41.900000000000006,23.830785208088095,23.835108455529095,24.0,0.0,0.735100490338597,0.28965180148261216,0.027502006123757843
42.0,23.835108455529095,23.839430294900588,24.0,0.0,0.7433163087058257,0.244654449400085,0.02766066178618983
42.1,23.839430294900588,23.843744171143783,24.0,0.0,0.7439295195070674,0.244654449400085,0.02766066178618983
42.2,23.843744171143783,23.848047300670675,24.0,0.0,0.7445527145607151,0.244654449400085,0.02766066178618983
42.300000000000004,23.848047300670675,23.852336963901234,24.0,0.0,0.7451851831234495,0.244654449400085,0.02766066178618983
42.400000000000006,23.852336963901234,23.856610504854988,24.0,0.0,0.7458262225892486,0.244654449400085,0.02766066178618983
42.5,23.856610504854988,23.860865330663586,24.0,0.0,0.7464751385653882,0.244654449400085,0.02766066178618983
42.6,23.860865330663586,23.865098911079446,24.0,0.0,0.7471312449277593,0.244654449400085,0.02766066178618983
42.7,23.865098911079446,23.869308777980613,24.0,0.0,0.7477938638738706,0.244654449400085,0.02766066178618983
42.800000000000004,23.869308777980613,23.87349252487191,24.0,0.0,0.748462325973553,0.244654449400085,0.02766066178618983
42.900000000000006,23.87349252487191,23.877647806382498,24.0,0.0,0.7491359702173782,0.244654449400085,0.02766066178618983
43.0,23.877647806382498,23.880772065452348,24.0,0.0,0.7498141440628083,0.244654449400085,0.02766066178618983
43.1,23.880772065452348,23.883879380283762,24.0,0.0,0.7502487155880267,0.244654449400085,0.02766066178618983
43.2,23.883879380283762,23.886967679630985,24.0,0.0,0.7506877366683817,0.244654449400085,0.02766066178618983
43.300000000000004,23.886967679630985,23.890034948087234,24.0,0.0,0.7511306479662955,0.244654449400085,0.02766066178618983
43.400000000000006,23.890034948087234,23.89307922561805,24.0,0.0,0.7515768982306953,0.244654449400085,0.02766066178618983
43.5,23.89307922561805,23.89609860709123,24.0,0.0,0.7520259443360083,0.244654449400085,0.02766066178618983
43.6,23.89609860709123,23.89909124180348,24.0,0.0,0.7524772513190217,0.244654449400085,0.02766066178618983
43.7,23.89909124180348,23.90205533300386,24.0,0.0,0.752930292413629,0.244654449400085,0.02766066178618983
43.800000000000004,23.90205533300386,23.904989137414134,24.0,0.0,0.7533845490834761,0.244654449400085,0.02766066178618983
43.900000000000006,23.904989137414134,23.907890964746095,24.0,0.0,0.7538395110525186,0.244654449400085,0.02766066178618983
44.0,23.907890964746095,23.910759177216004,24.0,0.0,0.7541834023435728,0.2459095298035133,0.027190539048035582
44.1,23.910759177216004,23.913590508031337,24.0,0.0,0.7546460725157661,0.2459095298035133,0.027190539048035582
44.2,23.913590508031337,23.916383386570406,24.0,0.0,0.7551073716787334,0.2459095298035133,0.027190539048035582
44.300000000000004,23.916383386570406,23.919136297997127,24.0,0.0,0.7555668090478218,0.2459095298035133,0.027190539048035582
44.400000000000006,23.919136297997127,23.921847782640903,24.0,0.0,0.7560239034376699,0.2459095298035133,0.027190539048035582
44.5,23.921847782640903,23.924516435375192,24.0,0.0,0.7564781832597108,0.2459095298035133,0.027190539048035582
44.6,23.924516435375192,23.927140904994914,24.0,0.0,0.7569291865176673,0.2459095298035133,0.027190539048035582
44.7,23.927140904994914,23.92971989359273,24.0,0.0,0.7573764608010627,0.2459095298035133,0.027190539048035582
44.800000000000004,23.92971989359273,23.932252155934332,24.0,0.0,0.7578195632767631,0.2459095298035133,0.027190539048035582
44.900000000000006,23.932252155934332,23.934736498832812,24.0,0.0,0.7582580606785773,0.2459095298035133,0.027190539048035582
45.0,23.934736498832812,23.936165649601637,24.0,0.0,0.7586915292949233,0.2459095298035133,0.027190539048035582
45.1,23.936165649601637,23.937567335173032,24.0,0.0,0.7588694020487922,0.2459095298035133,0.027190539048035582
45.2,23.937567335173032,23.93894060088503,24.0,0.0,0.7590443321075011,0.2459095298035133,0.027190539048035582
45.300000000000004,23.93894060088503,23.940284532188382,24.0,0.0,0.7592160074354452,0.2459095298035133,0.027190539048035582
45.400000000000006,23.940284532188382,23.94159825419771,24.0,0.0,0.7593841233744106,0.2459095298035133,0.027190539048035582
45.5,23.94159825419771,23.942880931240744,24.0,0.0,0.7595483826410461,0.2459095298035133,0.027190539048035582
45.6,23.942880931240744,23.944131766405803,24.0,0.0,0.7597084953226395,0.2459095298035133,0.027190539048035582
45.7,23.944131766405803,23.945350001087597,24.0,0.0,0.7598641788712323,0.2459095298035133,0.027190539048035582
45.800000000000004,23.945350001087597,23.94653491453147,24.0,0.0,0.7600151580960821,0.2459095298035133,0.027190539048035582
45.900000000000006,23.94653491453147,23.947685823376162,24.0,0.0,0.7601611651545087,0.2459095298035133,0.027190539048035582
46.0,23.947685823376162,23.948802081195243,24.0,0.0,0.7587107959466804,0.27645050478168615,0.02593230174995905
46.1,23.948802081195243,23.94988650105513,24.0,0.0,0.7588866179962905,0.27645050478168615,0.02593230174995905
46.2,23.94988650105513,23.950938483624473,24.0,0.0,0.7590564505763129,0.27645050478168615,0.02593230174995905
46.300000000000004,23.950938483624473,23.951957467419216,24.0,0.0,0.7592200438839334,0.27645050478168615,0.02593230174995905
46.400000000000006,23.951957467419216,23.952942928242905,24.0,0.0,0.759377157123183,0.27645050478168615,0.02593230174995905
46.5,23.952942928242905,23.953894378626984,24.0,0.0,0.7595275584469068,0.27645050478168615,0.02593230174995905
46.6,23.953894378626984,23.954811367271173,24.0,0.0,0.7596710248972787,0.27645050478168615,0.02593230174995905
46.7,23.954811367271173,23.955693478484033,24.0,0.0,0.7598073423448846,0.27645050478168615,0.02593230174995905
46.800000000000004,23.955693478484033,23.95654033162383,24.0,0.0,0.759936305426409,0.27645050478168615,0.02593230174995905
46.900000000000006,23.95654033162383,23.957351580539775,24.0,0.0,0.7600577174809537,0.27645050478168615,0.02593230174995905
47.0,23.957351580539775,23.957830970814427,24.0,0.0,0.76017139048501,0.27645050478168615,0.02593230174995905
47.1,23.957830970814427,23.958283502907065,24.0,0.0,0.7601945641694907,0.27645050478168615,0.02593230174995905
47.2,23.958283502907065,23.9587089124001,24.0,0.0,0.7602114864158739,0.27645050478168615,0.02593230174995905
47.300000000000004,23.9587089124001,23.959106964553502,24.0,0.0,0.7602220137906394,0.27645050478168615,0.02593230174995905
47.400000000000006,23.959106964553502,23.959477453832115,24.0,0.0,0.7602260104559103,0.27645050478168615,0.02593230174995905
47.5,23.959477453832115,23.959820203432276,24.0,0.0,0.7602233481145088,0.27645050478168615,0.02593230174995905
47.6,23.959820203432276,23.960135064808604,24.0,0.0,0.7602139059536025,0.27645050478168615,0.02593230174995905
47.7,23.960135064808604,23.960421917201018,24.0,0.0,0.760197570587162,0.27645050478168615,0.02593230174995905
47.800000000000004,23.960421917201018,23.960680667162105,24.0,0.0,0.7601742359972598,0.27645050478168615,0.02593230174995905
47.900000000000006,23.960680667162105,23.960911248084916,24.0,0.0,0.7601438034742387,0.27645050478168615,0.02593230174995905
48.0,23.960911248084916,23.961113619731254,24.0,0.0,0.7588690951449817,0.308241177873634,0.02450700095629166
48.1,23.961113619731254,23.961297642568603,24.0,0.0,0.758836175563774,0.308241177873634,0.02450700095629166
48.2,23.961297642568603,23.961463230574036,24.0,0.0,0.7587980511088559,0.308241177873634,0.02450700095629166
48.300000000000004,23.961463230574036,23.961610320471333,24.0,0.0,0.758754650086175,0.308241177873634,0.02450700095629166
48.400000000000006,23.961610320471333,23.961738871294877,24.0,0.0,0.7587059076580791,0.308241177873634,0.02450700095629166
48.5,23.961738871294877,23.961848863954163,24.0,0.0,0.7586517657635682,0.308241177873634,0.02450700095629166
48.6,23.961848863954163,23.961940300799025,24.0,0.0,0.7585921730376682,0.308241177873634,0.02450700095629166
48.7,23.961940300799025,23.962013205185634,24.0,0.0,0.758527084729958,0.308241177873634,0.02450700095629166
48.800000000000004,23.962013205185634,23.962067621043357,24.0,0.0,0.7584564626222744,0.308241177873634,0.02450700095629166
48.900000000000006,23.962067621043357,23.962103612442558,24.0,0.0,0.7583802749456171,0.308241177873634,0.02450700095629166
49.0,23.962103612442558,23.962125703014152,24.0,0.0,0.7582984962962893,0.308241177873634,0.02450700095629166
49.1,23.962125703014152,23.962129222791674,24.0,0.0,0.7582124869768524,0.308241177873634,0.02450700095629166
49.2,23.962129222791674,23.96211431910084,24.0,0.0,0.7581207619998956,0.308241177873634,0.02450700095629166
49.300000000000004,23.96211431910084,23.962081158114973,24.0,0.0,0.7580233216268761,0.308241177873634,0.02450700095629166
49.400000000000006,23.962081158114973,23.96202992437797,24.0,0.0,0.7579201723360989,0.308241177873634,0.02450700095629166
49.5,23.96202992437797,23.96196082032978,24.0,0.0,0.7578113267207,0.308241177873634,0.02450700095629166
49.6,23.96196082032978,23.9618740658344,24.0,0.0,0.7576968033862345,0.308241177873634,0.02450700095629166
49.7,23.9618740658344,23.961769897710514,24.0,0.0,0.7575766268478878,0.308241177873634,0.02450700095629166
49.800000000000004,23.961769897710514,23.961648569264774,24.0,0.0,0.7574508274273474,0.308241177873634,0.02450700095629166
49.900000000000006,23.961648569264774,23.961510349827858,24.0,0.0,0.7573194411493526,0.308241177873634,0.02450700095629166
50.0,23.961510349827858,23.96135552429331,24.0,0.0,0.7565570985700396,0.3245521718100768,0.02388517595977748
50.1,23.96135552429331,23.961194373801852,24.0,0.0,0.7564145465963378,0.3245521718100768,0.02388517595977748
50.2,23.961194373801852,23.96102704731336,24.0,0.0,0.7562695569333496,0.3245521718100768,0.02388517595977748
50.300000000000004,23.96102704731336,23.96085370549505,24.0,0.0,0.7561221631748494,0.3245521718100768,0.02388517595977748
50.400000000000006,23.96085370549505,23.960674520368716,24.0,0.0,0.7559724030980087,0.3245521718100768,0.02388517595977748
50.5,23.960674520368716,23.96048967495985,24.0,0.0,0.755820318576031,0.3245521718100768,0.02388517595977748
50.6,23.96048967495985,23.960299362948657,24.0,0.0,0.7556659554905529,0.3245521718100768,0.02388517595977748
50.7,23.960299362948657,23.960103788323075,24.0,0.0,0.7555093636438304,0.3245521718100768,0.02388517595977748
50.800000000000004,23.960103788323075,23.959903165033804,24.0,0.0,0.7553505966707434,0.3245521718100768,0.02388517595977748
50.900000000000006,23.959903165033804,23.959697716651426,24.0,0.0,0.7551897119506353,0.3245521718100768,0.02388517595977748
51.0,23.959697716651426,23.95955116291995,24.0,0.0,0.7550267705190037,0.3245521718100768,0.02388517595977748
51.1,23.95955116291995,23.959398324799213,24.0,0.0,0.7548825934280637,0.3245521718100768,0.02388517595977748
51.2,23.959398324799213,23.95923947261357,24.0,0.0,0.7547360116683999,0.3245521718100768,0.02388517595977748
51.300000000000004,23.95923947261357,23.959074885306304,24.0,0.0,0.7545870986096692,0.3245521718100768,0.02388517595977748
51.400000000000006,23.959074885306304,23.958904850037257,24.0,0.0,0.7544359310850798,0.3245521718100768,0.02388517595977748
51.5,23.958904850037257,23.9587296617848,24.0,0.0,0.7542825892804309,0.3245521718100768,0.02388517595977748
51.6,23.9587296617848,23.958549622952148,24.0,0.0,0.7541271566236017,0.3245521718100768,0.02388517595977748
51.7,23.958549622952148,23.95836504297807,24.0,0.0,0.7539697196745153,0.3245521718100768,0.02388517595977748
51.800000000000004,23.95836504297807,23.95817623795203,24.0,0.0,0.7538103680156008,0.3245521718100768,0.02388517595977748
51.900000000000006,23.95817623795203,23.957983530233804,24.0,0.0,0.7536491941427699,0.3245521718100768,0.02388517595977748
52.0,23.957983530233804,23.957787248077548,24.0,0.0,0.7532679410200853,0.32976002673990734,0.0237748995951176
52.1,23.957787248077548,23.95759102024876,24.0,0.0,0.7531028546171307,0.32976002673990734,0.0237748995951176
52.2,23.95759102024876,23.957395095909902,24.0,0.0,0.7529373195995108,0.32976002673990734,0.0237748995951176
52.300000000000004,23.957395095909902,23.957199728703756,24.0,0.0,0.75277141885259,0.32976002673990734,0.0237748995951176
52.400000000000006,23.957199728703756,23.95700517642801,24.0,0.0,0.752605237342196,0.32976002673990734,0.0237748995951176
52.5,23.95700517642801,23.956811700713647,24.0,0.0,0.7524388620171898,0.32976002673990734,0.0237748995951176
52.6,23.956811700713647,23.95661956670723,24.0,0.0,0.7522723817125267,0.32976002673990734,0.0237748995951176
52.7,23.95661956670723,23.956429042757005,24.0,0.0,0.7521058870528398,0.32976002673990734,0.0237748995951176
52.800000000000004,23.956429042757005,23.95624040010297,24.0,0.0,0.7519394703565478,0.32976002673990734,0.0237748995951176
52.900000000000006,23.95624040010297,23.95605391257083,24.0,0.0,0.7517732255405217,0.32976002673990734,0.0237748995951176
53.0,23.95605391257083,23.955919216223663,24.0,0.0,0.7516072480253139,0.32976002673990734,0.0237748995951176
53.1,23.955919216223663,23.9557865051741,24.0,0.0,0.7514580289334344,0.32976002673990734,0.0237748995951176
53.2,23.9557865051741,23.955655977195754,24.0,0.0,0.7513091489941583,0.32976002673990734,0.0237748995951176
53.300000000000004,23.955655977195754,23.955527831936447,24.0,0.0,0.7511606786155473,0.32976002673990734,0.0237748995951176
53.400000000000006,23.955527831936447,23.95540227063528,24.0,0.0,0.7510126892983628,0.32976002673990734,0.0237748995951176
53.5,23.95540227063528,23.95527949584432,24.0,0.0,0.7508652535465505,0.32976002673990734,0.0237748995951176
53.6,23.95527949584432,23.955159711154867,24.0,0.0,0.7507184447785863,0.32976002673990734,0.0237748995951176
53.7,23.955159711154867,23.955043120928355,24.0,0.0,0.7505723372396784,0.32976002673990734,0.0237748995951176
53.800000000000004,23.955043120928355,23.954929930031877,24.0,0.0,0.7504270059148626,0.32976002673990734,0.0237748995951176
53.900000000000006,23.954929930031877,23.954820343578334,24.0,0.0,0.7502825264429895,0.32976002673990734,0.0237748995951176
54.0,23.954820343578334,23.95471456667123,24.0,0.0,0.7501127863093253,0.33033026328332066,0.023869108188057247
54.1,23.95471456667123,23.95461274911481,24.0,0.0,0.7499697527050052,0.33033026328332066,0.023869108188057247
54.2,23.95461274911481,23.95451509921742,24.0,0.0,0.7498277839646125,0.33033026328332066,0.023869108188057247
54.300000000000004,23.95451509921742,23.95442182423803,24.0,0.0,0.7496869588465286,0.33033026328332066,0.023869108188057247
54.400000000000006,23.95442182423803,23.95433313014341,24.0,0.0,0.7495473562572006,0.33033026328332066,0.023869108188057247
54.5,23.95433313014341,23.954249221370606,24.0,0.0,0.7494090551678521,0.33033026328332066,0.023869108188057247
54.6,23.954249221370606,23.95417030059466,24.0,0.0,0.7492721345323604,0.33033026328332066,0.023869108188057247
54.7,23.95417030059466,23.954096568501615,24.0,0.0,0.7491366732063309,0.33033026328332066,0.023869108188057247
54.800000000000004,23.954096568501615,23.954028223566734,24.0,0.0,0.7490027498673588,0.33033026328332066,0.023869108188057247
54.900000000000006,23.954028223566734,23.953965461838003,24.0,0.0,0.7488704429364971,0.33033026328332066,0.023869108188057247
55.0,23.953965461838003,23.953933430730512,24.0,0.0,0.7487398305009435,0.33033026328332066,0.023869108188057247
55.1,23.953933430730512,23.953907247226315,24.0,0.0,0.7486192928641981,0.33033026328332066,0.023869108188057247
55.2,23.953907247226315,23.953886979424578,24.0,0.0,0.7485006243700991,0.33033026328332066,0.023869108188057247
55.300000000000004,23.953886979424578,23.953872693744422,24.0,0.0,0.7483838616341159,0.33033026328332066,0.023869108188057247
55.400000000000006,23.953872693744422,23.95386445476639,24.0,0.0,0.7482690408752851,0.33033026328332066,0.023869108188057247
55.5,23.95386445476639,23.953862325078173,24.0,0.0,0.7481561978594526,0.33033026328332066,0.023869108188057247
55.6,23.953862325078173,23.95386636512463,24.0,0.0,0.7480453678435581,0.33033026328332066,0.023869108188057247
55.7,23.95386636512463,23.953876633062016,24.0,0.0,0.7479365855209726,0.33033026328332066,0.023869108188057247
55.800000000000004,23.953876633062016,23.953893184616508,24.0,0.0,0.7478298849678892,0.33033026328332066,0.023869108188057247
55.900000000000006,23.953893184616508,23.95391607294689,24.0,0.0,0.7477252995907826,0.33033026328332066,0.023869108188057247
56.0,23.95391607294689,23.953945348511493,24.0,0.0,0.7477230430875094,0.3281391846847144,0.024041075677485296
56.1,23.953945348511493,23.953980230753537,24.0,0.0,0.747621929211236,0.3281391846847144,0.024041075677485296
56.2,23.953980230753537,23.954020787656283,24.0,0.0,0.7475227389661889,0.3281391846847144,0.024041075677485296
56.300000000000004,23.954020787656283,23.954067083936465,24.0,0.0,0.7474255083028348,0.3281391846847144,0.024041075677485296
56.400000000000006,23.954067083936465,23.95411918092238,24.0,0.0,0.7473302722553505,0.3281391846847144,0.024041075677485296
56.5,23.95411918092238,23.954177136437025,24.0,0.0,0.747237064893474,0.3281391846847144,0.024041075677485296
56.6,23.954177136437025,23.954241004686214,24.0,0.0,0.74714591927573,0.3281391846847144,0.024041075677485296
56.7,23.954241004686214,23.954310836151656,24.0,0.0,0.7470568674040197,0.3281391846847144,0.024041075677485296
56.800000000000004,23.954310836151656,23.954386677488927,24.0,0.0,0.7469699401795833,0.3281391846847144,0.024041075677485296
56.900000000000006,23.954386677488927,23.954468571430304,24.0,0.0,0.7468851673603217,0.3281391846847144,0.024041075677485296
57.0,23.954468571430304,23.954565268987004,24.0,0.0,0.7468025775194811,0.3281391846847144,0.024041075677485296
57.1,23.954565268987004,23.954668071237585,24.0,0.0,0.7467250777962305,0.3281391846847144,0.024041075677485296
57.2,23.954668071237585,23.95477696563456,24.0,0.0,0.7466498284099216,0.3281391846847144,0.024041075677485296
57.300000000000004,23.95477696563456,23.954891936385884,24.0,0.0,0.7465768398894078,0.3281391846847144,0.024041075677485296
57.400000000000006,23.954891936385884,23.95501296438812,24.0,0.0,0.7465061216609084,0.3281391846847144,0.024041075677485296
57.5,23.95501296438812,23.95514002716384,24.0,0.0,0.7464376820181213,0.3281391846847144,0.024041075677485296
57.6,23.95514002716384,23.95527309880319,24.0,0.0,0.7463715280935648,0.3281391846847144,0.024041075677485296
57.7,23.95527309880319,23.955412149909606,24.0,0.0,0.7463076658311567,0.3281391846847144,0.024041075677485296
57.800000000000004,23.955412149909606,23.955557147549616,24.0,0.0,0.7462460999600136,0.3281391846847144,0.024041075677485296
57.900000000000006,23.955557147549616,23.955708055206713,24.0,0.0,0.7461868339694794,0.3281391846847144,0.024041075677485296
58.0,23.955708055206713,23.955864832739216,24.0,0.0,0.7462844726880907,0.3246316354122641,0.02421121406769622
58.1,23.955864832739216,23.95602678220712,24.0,0.0,0.7462285110366165,0.3246316354122641,0.02421121406769622
58.2,23.95602678220712,23.95619386428304,24.0,0.0,0.7461746204583127,0.3246316354122641,0.02421121406769622
58.300000000000004,23.95619386428304,23.956366037026452,24.0,0.0,0.7461228006129352,0.3246316354122641,0.02421121406769622
58.400000000000006,23.956366037026452,23.956543255853113,24.0,0.0,0.7460730502103848,0.3246316354122641,0.02421121406769622
58.5,23.956543255853113,23.95672547350823,24.0,0.0,0.746025366994387,0.3246316354122641,0.02421121406769622
58.6,23.95672547350823,23.956912640043278,24.0,0.0,0.7459797477273112,0.3246316354122641,0.02421121406769622
58.7,23.956912640043278,23.95710470279646,24.0,0.0,0.7459361881761264,0.3246316354122641,0.02421121406769622
58.800000000000004,23.95710470279646,23.957301606376717,24.0,0.0,0.7458946830994846,0.3246316354122641,0.02421121406769622
58.900000000000006,23.957301606376717,23.957503292651246,24.0,0.0,0.7458552262359258,0.3246316354122641,0.02421121406769622
59.0,23.957503292651246,23.957710745670873,24.0,0.0,0.7458178102931872,0.3246316354122641,0.02421121406769622
59.1,23.957710745670873,23.95792287107887,24.0,0.0,0.7457827686872873,0.3246316354122641,0.02421121406769622
59.2,23.95792287107887,23.958139603083357,24.0,0.0,0.7457497574678319,0.3246316354122641,0.02421121406769622
59.300000000000004,23.958139603083357,23.958360873078114,24.0,0.0,0.7457187664298234,0.3246316354122641,0.02421121406769622
59.400000000000006,23.958360873078114,23.95858660965072,24.0,0.0,0.7456897842885393,0.3246316354122641,0.02421121406769622
59.5,23.95858660965072,23.95881673859396,24.0,0.0,0.7456627986753751,0.3246316354122641,0.02421121406769622
59.6,23.95881673859396,23.959051182920454,24.0,0.0,0.7456377961347841,0.3246316354122641,0.02421121406769622
59.7,23.959051182920454,23.95928986288045,24.0,0.0,0.745614762122294,0.3246316354122641,0.02421121406769622
59.800000000000004,23.95928986288045,23.959532695982695,24.0,0.0,0.7455936810035948,0.3246316354122641,0.02421121406769622
59.900000000000006,23.959532695982695,23.959779597018354,24.0,0.0,0.7455745360546783,0.3246316354122641,0.02421121406769622
60.0,23.959779597018354,23.9650179988952,24.0,1.0,0.7457286513587296,0.32035766632894674,0.02435016423046508
60.1,23.9650179988952,23.97023508360546,24.0,1.0,0.7473216318120876,0.32035766632894674,0.02435016423046508
60.2,23.97023508360546,23.97543088288984,24.0,1.0,0.7489204868346556,0.32035766632894674,0.02435016423046508
60.300000000000004,23.97543088288984,23.98060542686978,24.0,1.0,0.7505251747644501,0.32035766632894674,0.02435016423046508
60.400000000000006,23.98060542686978,23.98575874407134,24.0,1.0,0.7521356534940903,0.32035766632894674,0.02435016423046508
60.5,23.98575874407134,23.99089086145125,24.0,1.0,0.7537518804745641,0.32035766632894674,0.02435016423046508
60.6,23.99089086145125,23.99600180442502,24.0,1.0,0.7553738127197517,0.32035766632894674,0.02435016423046508
60.7,23.99600180442502,24.001091596897147,24.0,1.0,0.7570014068116819,0.32035766632894674,0.02435016423046508
60.800000000000004,24.001091596897147,24.006160261293243,24.0,1.0,0.7586346189065231,0.32035766632894674,0.02435016423046508
60.900000000000006,24.006160261293243,24.01120781859415,24.0,1.0,0.76027340474128,0.32035766632894674,0.02435016423046508
61.0,24.01120781859415,24.016230291132853,24.0,1.0,0.761917719641204,0.32035766632894674,0.02435016423046508
61.1,24.016230291132853,24.021231748445757,24.0,1.0,0.7635662282483632,0.32035766632894674,0.02435016423046508
61.2,24.021231748445757,24.026212218593535,24.0,1.0,0.7652201830975243,0.32035766632894674,0.02435016423046508
61.300000000000004,24.026212218593535,24.031171728062475,24.0,1.0,0.7668795420740473,0.32035766632894674,0.02435016423046508
61.400000000000006,24.031171728062475,24.03611030180889,24.0,1.0,0.7685442626234198,0.32035766632894674,0.02435016423046508
61.5,24.03611030180889,24.041027963305243,24.0,1.0,0.7702143017617606,0.32035766632894674,0.02435016423046508
61.6,24.041027963305243,24.045924734587878,24.0,1.0,0.7718896160869806,0.32035766632894674,0.02435016423046508
61.7,24.045924734587878,24.050800636306356,24.0,1.0,0.7735701617905776,0.32035766632894674,0.02435016423046508
61.800000000000004,24.050800636306356,24.055655687774284,24.0,1.0,0.7752558946700657,0.32035766632894674,0.02435016423046508
61.900000000000006,24.055655687774284,24.060489907021594,24.0,1.0,0.7769467701420043,0.32035766632894674,0.02435016423046508
62.0,24.060489907021594,24.06530331084822,24.0,1.0,0.7711239987888449,0.19570287538334108,0.027923032562304318
62.1,24.06530331084822,24.070095799974965,24.0,1.0,0.7722483424056205,0.19570287538334108,0.027923032562304318
62.2,24.070095799974965,24.07486738892551,24.0,1.0,0.7733819750384864,0.19570287538334108,0.027923032562304318
62.300000000000004,24.07486738892551,24.079618091731,24.0,1.0,0.7745248411701379,0.19570287538334108,0.027923032562304318
62.400000000000006,24.079618091731,24.084347921976487,24.0,1.0,0.7756768852260589,0.19570287538334108,0.027923032562304318
62.5,24.084347921976487,24.089056892848348,24.0,1.0,0.7768380515823672,0.19570287538334108,0.027923032562304318
62.6,24.089056892848348,24.093745017182606,24.0,1.0,0.7780082845739769,0.19570287538334108,0.027923032562304318
62.7,24.093745017182606,24.0984123075141,24.0,1.0,0.77918752850308,0.19570287538334108,0.027923032562304318
62.800000000000004,24.0984123075141,24.10305877612646,24.0,1.0,0.780375727647927,0.19570287538334108,0.027923032562304318
62.900000000000006,24.10305877612646,24.107684435102822,24.0,1.0,0.7815728262719054,0.19570287538334108,0.027923032562304318
63.0,24.107684435102822,24.112283127707666,24.0,1.0,0.7827787686329052,0.19570287538334108,0.027923032562304318
63.1,24.112283127707666,24.116861117116667,24.0,1.0,0.7839922745417952,0.19570287538334108,0.027923032562304318
63.2,24.116861117116667,24.12141842395128,24.0,1.0,0.7852145119104625,0.19570287538334108,0.027923032562304318
63.300000000000004,24.12141842395128,24.125955068743686,24.0,1.0,0.786445427022566,0.19570287538334108,0.027923032562304318
63.400000000000006,24.125955068743686,24.130471071975137,24.0,1.0,0.7876849662016244,0.19570287538334108,0.027923032562304318
63.5,24.130471071975137,24.13496645411476,24.0,1.0,0.7889330758183799,0.19570287538334108,0.027923032562304318
63.6,24.13496645411476,24.139441235658776,24.0,1.0,0.7901897022983576,0.19570287538334108,0.027923032562304318
63.7,24.139441235658776,24.143895437170077,24.0,1.0,0.7914547921296166,0.19570287538334108,0.027923032562304318
63.800000000000004,24.143895437170077,24.148329079318128,24.0,1.0,0.7927282918706816,0.19570287538334108,0.027923032562304318
63.900000000000006,24.148329079318128,24.152742182919134,24.0,1.0,0.7940101481586496,0.19570287538334108,0.027923032562304318
64.0,24.152742182919134,24.15713476897645,24.0,1.0,0.7953424297814887,0.19601684139336042,0.027541095523536164
64.10000000000001,24.15713476897645,24.161506845085317,24.0,1.0,0.7966362169942376,0.19601684139336042,0.027541095523536164
64.2,24.161506845085317,24.16585843252677,24.0,1.0,0.7979380250882487,0.19601684139336042,0.027541095523536164
64.3,24.16585843252677,24.17018955288289,24.0,1.0,0.7992478018069294,0.19601684139336042,0.027541095523536164
64.4,24.17018955288289,24.174500228078376,24.0,1.0,0.8005654950121361,0.19601684139336042,0.027541095523536164
64.5,24.174500228078376,24.178790480422087,24.0,1.0,0.8018910526932668,0.19601684139336042,0.027541095523536164
64.60000000000001,24.178790480422087,24.1830603326485,24.0,1.0,0.8032244229764619,0.19601684139336042,0.027541095523536164
64.7,24.1830603326485,24.187309807959018,24.0,1.0,0.8045655541339036,0.19601684139336042,0.027541095523536164
64.8,24.187309807959018,24.19153893006315,24.0,1.0,0.8059143945932002,0.19601684139336042,0.027541095523536164
64.9,24.19153893006315,24.19574772321944,24.0,1.0,0.8072708929468535,0.19601684139336042,0.027541095523536164
65.0,24.19574772321944,24.199929375706006,24.0,1.0,0.8086349979617978,0.19601684139336042,0.027541095523536164
65.10000000000001,24.199929375706006,24.20402661192853,24.0,1.0,0.810005299677447,0.19601684139336042,0.027541095523536164
65.2,24.20402661192853,24.208039618518598,24.0,1.0,0.8113703386210754,0.19601684139336042,0.027541095523536164
65.3,24.208039618518598,24.211968582839287,24.0,1.0,0.8127299193979813,0.19601684139336042,0.027541095523536164
65.4,24.211968582839287,24.215813692999284,24.0,1.0,0.8140838472728665,0.19601684139336042,0.027541095523536164
65.5,24.215813692999284,24.219575137866794,24.0,1.0,0.8154319281746567,0.19601684139336042,0.027541095523536164
65.60000000000001,24.219575137866794,24.223253107083195,24.0,1.0,0.8167739687013197,0.19601684139336042,0.027541095523536164
65.7,24.223253107083195,24.226847791076406,24.0,1.0,0.8181097761246711,0.19601684139336042,0.027541095523536164
65.8,24.226847791076406,24.23035938107396,24.0,1.0,0.8194391583951613,0.19601684139336042,0.027541095523536164
65.9,24.23035938107396,24.233788069115736,24.0,1.0,0.8207619241466405,0.19601684139336042,0.027541095523536164
66.0,24.233788069115736,24.237134048066345,24.0,1.0,0.8216690906164387,0.19431159681660504,0.02710795760847935
66.10000000000001,24.237134048066345,24.240397563109482,24.0,1.0,0.8229620751014972,0.19431159681660504,0.02710795760847935
66.2,24.240397563109482,24.243578808229643,24.0,1.0,0.8242478826157597,0.19431159681660504,0.02710795760847935
66.3,24.243578808229643,24.246677978124193,24.0,1.0,0.8255263278357043,0.19431159681660504,0.02710795760847935
66.4,24.246677978124193,24.249695268217383,24.0,1.0,0.8267972261041141,0.19431159681660504,0.02710795760847935
66.5,24.249695268217383,24.25263087467384,24.0,1.0,0.8280603934347682,0.19431159681660504,0.02710795760847935
66.60000000000001,24.25263087467384,24.255484994411567,24.0,1.0,0.8293156465170728,0.19431159681660504,0.02710795760847935
66.7,24.255484994411567,24.258257825114402,24.0,1.0,0.8305628027206274,0.19431159681660504,0.02710795760847935
66.8,24.258257825114402,24.260949565243916,24.0,1.0,0.8318016800997232,0.19431159681660504,0.02710795760847935
66.9,24.260949565243916,24.263560414050733,24.0,1.0,0.8330320973977627,0.19431159681660504,0.02710795760847935
67.0,24.263560414050733,24.26639057074104,24.0,1.0,0.8342538740515981,0.19431159681660504,0.02710795760847935
67.10000000000001,24.26639057074104,24.269161750468506,24.0,1.0,0.8355259367472279,0.19431159681660504,0.02710795760847935
67.2,24.269161750468506,24.271873876748664,24.0,1.0,0.8367940516372896,0.19431159681660504,0.02710795760847935
67.3,24.271873876748664,24.274526875693674,24.0,1.0,0.8380580437781311,0.19431159681660504,0.02710795760847935
67.4,24.274526875693674,24.277120676001644,24.0,1.0,0.839317738530358,0.19431159681660504,0.02710795760847935
67.5,24.277120676001644,24.279655208945705,24.0,1.0,0.8405729615637716,0.19431159681660504,0.02710795760847935
67.60000000000001,24.279655208945705,24.28213040836281,24.0,1.0,0.8418235388622255,0.19431159681660504,0.02710795760847935
67.7,24.28213040836281,24.284546210642254,24.0,1.0,0.8430692967283989,0.19431159681660504,0.02710795760847935
67.8,24.284546210642254,24.286902554713897,24.0,1.0,0.8443100617884852,0.19431159681660504,0.02710795760847935
67.9,24.286902554713897,24.28919938203609,24.0,1.0,0.8455456609967904,0.19431159681660504,0.02710795760847935
68.0,24.28919938203609,24.29143663658328,24.0,1.0,0.8493762569090999,0.2034240405889497,0.025898486180985617
68.10000000000001,24.29143663658328,24.293614313689105,24.0,1.0,0.8505861450394336,0.2034240405889497,0.025898486180985617
68.2,24.293614313689105,24.295732362110588,24.0,1.0,0.8517895535399601,0.2034240405889497,0.025898486180985617
68.3,24.295732362110588,24.29779073300363,24.0,1.0,0.8529863175573603,0.2034240405889497,0.025898486180985617
68.4,24.29779073300363,24.299789379909438,24.0,1.0,0.8541762725998058,0.2034240405889497,0.025898486180985617
68.5,24.299789379909438,24.30172825874075,24.0,1.0,0.8553592545403748,0.2034240405889497,0.025898486180985617
68.60000000000001,24.30172825874075,24.303607327767818,24.0,1.0,0.8565350996203934,0.2034240405889497,0.025898486180985617
68.7,24.303607327767818,24.305426547604164,24.0,1.0,0.8577036444526893,0.2034240405889497,0.025898486180985617
68.8,24.305426547604164,24.30718588119207,24.0,1.0,0.8588647260247616,0.2034240405889497,0.025898486180985617
68.9,24.30718588119207,24.30888529378783,24.0,1.0,0.8600181817018618,0.2034240405889497,0.025898486180985617
69.0,24.30888529378783,24.31052307226939,24.0,1.0,0.861163849229987,0.2034240405889497,0.025898486180985617
69.10000000000001,24.31052307226939,24.312101059971546,24.0,1.0,0.8623012204959,0.2034240405889497,0.025898486180985617
69.2,24.312101059971546,24.313619235067556,24.0,1.0,0.8634305156291465,0.2034240405889497,0.025898486180985617
69.3,24.313619235067556,24.315077577924587,24.0,1.0,0.8645515752840471,0.2034240405889497,0.025898486180985617
69.4,24.315077577924587,24.316476071088044,24.0,1.0,0.8656642405103703,0.2034240405889497,0.025898486180985617
69.5,24.316476071088044,24.31781469926562,24.0,1.0,0.8667683527557853,0.2034240405889497,0.025898486180985617
69.60000000000001,24.31781469926562,24.31909344931106,24.0,1.0,0.8678637538682189,0.2034240405889497,0.025898486180985617
69.7,24.31909344931106,24.320312310207616,24.0,1.0,0.8689502860981081,0.2034240405889497,0.025898486180985617
69.8,24.320312310207616,24.321471273051234,24.0,1.0,0.870027792100552,0.2034240405889497,0.025898486180985617
69.9,24.321471273051234,24.322570331033447,24.0,1.0,0.8710961149373635,0.2034240405889497,0.025898486180985617
70.0,24.322570331033447,24.32360947942394,24.0,1.0,0.8748394416705405,0.21188046663959412,0.02455153778526831
70.10000000000001,24.32360947942394,24.324588769773662,24.0,1.0,0.8758541279526008,0.21188046663959412,0.02455153778526831
70.2,24.324588769773662,24.325508710611313,24.0,1.0,0.8768585357934526,0.21188046663959412,0.02455153778526831
70.3,24.325508710611313,24.326369815725585,24.0,1.0,0.8778526272282157,0.21188046663959412,0.02455153778526831
70.4,24.326369815725585,24.3271726041126,24.0,1.0,0.8788363666679291,0.21188046663959412,0.02455153778526831
70.5,24.3271726041126,24.32791759992345,24.0,1.0,0.8798097209012005,0.21188046663959412,0.02455153778526831
70.60000000000001,24.32791759992345,24.328605332411783,24.0,1.0,0.880772659095745,0.21188046663959412,0.02455153778526831
70.7,24.328605332411783,24.329236335881472,24.0,1.0,0.8817251527998112,0.21188046663959412,0.02455153778526831
70.8,24.329236335881472,24.32981114963435,24.0,1.0,0.8826671759434879,0.21188046663959412,0.02455153778526831
70.9,24.32981114963435,24.330330317918,24.0,1.0,0.8835987048399033,0.21188046663959412,0.02455153778526831
71.0,24.330330317918,24.330810700745886,24.0,1.0,0.8845197181863064,0.21188046663959412,0.02455153778526831
71.10000000000001,24.330810700745886,24.33123709735824,24.0,1.0,0.8854336930659575,0.21188046663959412,0.02455153778526831
71.2,24.33123709735824,24.331610063374765,24.0,1.0,0.8863372761903242,0.21188046663959412,0.02455153778526831
71.3,24.331610063374765,24.33193015903844,24.0,1.0,0.8872304541040381,0.21188046663959412,0.02455153778526831
71.4,24.33193015903844,24.332197949165867,24.0,1.0,0.888113215706797,0.21188046663959412,0.02455153778526831
71.5,24.332197949165867,24.332414003097703,24.0,1.0,0.8889855522540713,0.21188046663959412,0.02455153778526831
71.60000000000001,24.332414003097703,24.332578894649128,24.0,1.0,0.8898474573577088,0.21188046663959412,0.02455153778526831
71.7,24.332578894649128,24.332693202060387,24.0,1.0,0.8906989269864256,0.21188046663959412,0.02455153778526831
71.8,24.332693202060387,24.33275750794741,24.0,1.0,0.8915399594661924,0.21188046663959412,0.02455153778526831
71.9,24.33275750794741,24.332772399252477,24.0,1.0,0.8923705554805126,0.21188046663959412,0.02455153778526831
72.0,24.332772399252477,24.332738467194986,24.0,1.0,0.8975751744467068,0.2252021932155452,0.023089681607876986
72.10000000000001,24.332738467194986,24.332653948861036,24.0,1.0,0.898335815399562,0.2252021932155452,0.023089681607876986
72.2,24.332653948861036,24.332519254068835,24.0,1.0,0.8990848690618702,0.2252021932155452,0.023089681607876986
72.3,24.332519254068835,24.33233479757289,24.0,1.0,0.8998223118697456,0.2252021932155452,0.023089681607876986
72.4,24.33233479757289,24.332100999027258,24.0,1.0,0.9005481223286237,0.2252021932155452,0.023089681607876986
72.5,24.332100999027258,24.33181828294876,24.0,1.0,0.9012622810162962,0.2252021932155452,0.023089681607876986
72.60000000000001,24.33181828294876,24.331487078680208,24.0,1.0,0.9019647705858571,0.2252021932155452,0.023089681607876986
72.7,24.331487078680208,24.33110782035361,24.0,1.0,0.9026555757685621,0.2252021932155452,0.023089681607876986
72.8,24.33110782035361,24.33068094685337,24.0,1.0,0.9033346833766009,0.2252021932155452,0.023089681607876986
72.9,24.33068094685337,24.33020690177951,24.0,1.0,0.9040020823057852,0.2252021932155452,0.023089681607876986
73.0,24.33020690177951,24.32958237960078,24.0,1.0,0.9046577635381496,0.2252021932155452,0.023089681607876986
73.10000000000001,24.32958237960078,24.328912697501618,24.0,1.0,0.905278114994643,0.2252021932155452,0.023089681607876986
73.2,24.328912697501618,24.32819833925637,24.0,1.0,0.9058867500633647,0.2252021932155452,0.023089681607876986
73.3,24.32819833925637,24.32743979280423,24.0,1.0,0.9064836745355598,0.2252021932155452,0.023089681607876986
73.4,24.32743979280423,24.32663755021403,24.0,1.0,0.907068896267042,0.2252021932155452,0.023089681607876986
73.5,24.32663755021403,24.325792107649097,24.0,1.0,0.9076424251797999,0.2252021932155452,0.023089681607876986
73.60000000000001,24.325792107649097,24.324903965332123,24.0,1.0,0.9082042732635367,0.2252021932155452,0.023089681607876986
73.7,24.324903965332123,24.323973627510114,24.0,1.0,0.9087544545771321,0.2252021932155452,0.023089681607876986
73.8,24.323973627510114,24.32300160241935,24.0,1.0,0.9092929852500401,0.2252021932155452,0.023089681607876986
73.9,24.32300160241935,24.321988402250433,24.0,1.0,0.9098198834836092,0.2252021932155452,0.023089681607876986
74.0,24.321988402250433,24.320934543113363,24.0,1.0,0.9154174569455545,0.24114983703380233,0.021453940720351585
74.10000000000001,24.320934543113363,24.319840558817834,24.0,1.0,0.9158518500527003,0.24114983703380233,0.021453940720351585
74.2,24.319840558817834,24.31870697172794,24.0,1.0,0.9162742199570001,0.24114983703380233,0.021453940720351585
74.3,24.31870697172794,24.317534307960408,24.0,1.0,0.9166846076628703,0.24114983703380233,0.021453940720351585
74.4,24.317534307960408,24.31632309735007,24.0,1.0,0.9170830562084001,0.24114983703380233,0.021453940720351585
74.5,24.31632309735007,24.315073873415475,24.0,1.0,0.9174696106650067,0.24114983703380233,0.021453940720351585
74.60000000000001,24.315073873415475,24.31378717332452,24.0,1.0,0.9178443181370386,0.24114983703380233,0.021453940720351585
74.7,24.31378717332452,24.312463537860207,24.0,1.0,0.9182072277613247,0.24114983703380233,0.021453940720351585
74.8,24.312463537860207,24.311103511386456,24.0,1.0,0.9185583907066658,0.24114983703380233,0.021453940720351585
74.9,24.311103511386456,24.309707641814022,24.0,1.0,0.9188978601732769,0.24114983703380233,0.021453940720351585
75.0,24.309707641814022,24.30816937481036,24.0,1.0,0.9192256913921758,0.24114983703380233,0.021453940720351585
75.10000000000001,24.30816937481036,24.306598293793833,24.0,1.0,0.9195158833048296,0.24114983703380233,0.021453940720351585
75.2,24.306598293793833,24.30499497253652,24.0,1.0,0.9197947915357282,0.24114983703380233,0.021453940720351585
75.3,24.30499497253652,24.303359983463615,24.0,1.0,0.9200624852818947,0.24114983703380233,0.021453940720351585
75.4,24.303359983463615,24.301693897565336,24.0,1.0,0.9203190346436272,0.24114983703380233,0.021453940720351585
75.5,24.301693897565336,24.29999728430921,24.0,1.0,0.9205645106001789,0.24114983703380233,0.021453940720351585
75.60000000000001,24.29999728430921,24.29827071155275,24.0,1.0,0.9207989849853383,0.24114983703380233,0.021453940720351585
75.7,24.29827071155275,24.296514745456495,24.0,1.0,0.9210225304629178,0.24114983703380233,0.021453940720351585
75.8,24.296514745456495,24.294729950397443,24.0,1.0,0.9212352205021425,0.24114983703380233,0.021453940720351585
75.9,24.294729950397443,24.292916888882857,24.0,1.0,0.9214371293529473,0.24114983703380233,0.021453940720351585
76.0,24.292916888882857,24.291076121464467,24.0,1.0,0.9269006819741642,0.2593165544341976,0.019781507650981293
76.10000000000001,24.291076121464467,24.28920806716204,24.0,1.0,0.9269991329620894,0.2593165544341976,0.019781507650981293
76.2,24.28920806716204,24.287313276702246,24.0,1.0,0.9270868127162171,0.2593165544341976,0.019781507650981293
76.3,24.287313276702246,24.28539229860186,24.0,1.0,0.9271638111609399,0.2593165544341976,0.019781507650981293
76.4,24.28539229860186,24.283445679084828,24.0,1.0,0.9272302187326366,0.2593165544341976,0.019781507650981293
76.5,24.283445679084828,24.281473961999694,24.0,1.0,0.927286126353631,0.2593165544341976,0.019781507650981293
76.60000000000001,24.281473961999694,24.279477688737444,24.0,1.0,0.9273316254060799,0.2593165544341976,0.019781507650981293
76.7,24.279477688737444,24.277457398149707,24.0,1.0,0.9273668077058079,0.2593165544341976,0.019781507650981293
76.80000000000001,24.277457398149707,24.275413626467373,24.0,1.0,0.927391765476072,0.2593165544341976,0.019781507650981293
76.9,24.275413626467373,24.273346907219597,24.0,1.0,0.9274065913212738,0.2593165544341976,0.019781507650981293
77.0,24.273346907219597,24.27108283061397,24.0,1.0,0.9274113782006115,0.2593165544341976,0.019781507650981293
77.10000000000001,24.27108283061397,24.26879969643689,24.0,1.0,0.9273605083650492,0.2593165544341976,0.019781507650981293
77.2,24.26879969643689,24.26649806207321,24.0,1.0,0.9273001802021025,0.2593165544341976,0.019781507650981293
77.30000000000001,24.26649806207321,24.264178483068022,24.0,1.0,0.9272305016547332,0.2593165544341976,0.019781507650981293
77.4,24.264178483068022,24.26184151305326,24.0,1.0,0.9271515812877733,0.2593165544341976,0.019781507650981293
77.5,24.26184151305326,24.259487703674555,24.0,1.0,0.9270635282651096,0.2593165544341976,0.019781507650981293
77.60000000000001,24.259487703674555,24.257117604518342,24.0,1.0,0.9269664523267866,0.2593165544341976,0.019781507650981293
77.7,24.257117604518342,24.254731763039207,24.0,1.0,0.9268604637660283,0.2593165544341976,0.019781507650981293
77.80000000000001,24.254731763039207,24.252330724487486,24.0,1.0,0.9267456734061834,0.2593165544341976,0.019781507650981293
77.9,24.252330724487486,24.249915031837133,24.0,1.0,0.9266221925775903,0.2593165544341976,0.019781507650981293
78.0,24.249915031837133,24.247485225713824,24.0,1.0,0.9311834787625399,0.2782129850307686,0.01861485569879369
78.10000000000001,24.247485225713824,24.245042786172736,24.0,1.0,0.9309681653243524,0.2782129850307686,0.01861485569879369
78.2,24.245042786172736,24.242588243709125,24.0,1.0,0.9307447905393327,0.2782129850307686,0.01861485569879369
78.30000000000001,24.242588243709125,24.24012212594132,24.0,1.0,0.9305134794687339,0.2782129850307686,0.01861485569879369
78.4,24.24012212594132,24.23764495754269,24.0,1.0,0.9302743573555636,0.2782129850307686,0.01861485569879369
78.5,24.23764495754269,24.23515726017391,24.0,1.0,0.930027549600178,0.2782129850307686,0.01861485569879369
78.60000000000001,24.23515726017391,24.232659552415452,24.0,1.0,0.929773181735822,0.2782129850307686,0.01861485569879369
78.7,24.232659552415452,24.230152349700415,24.0,1.0,0.9295113794041229,0.2782129850307686,0.01861485569879369
78.80000000000001,24.230152349700415,24.227636164247595,24.0,1.0,0.9292422683305362,0.2782129850307686,0.01861485569879369
78.9,24.227636164247595,24.22511150499485,24.0,1.0,0.928965974299746,0.2782129850307686,0.01861485569879369
79.0,24.22511150499485,24.22237609341976,24.0,1.0,0.9286826231310158,0.2782129850307686,0.01861485569879369
79.10000000000001,24.22237609341976,24.219636992409537,24.0,1.0,0.9283355460004098,0.2782129850307686,0.01861485569879369
79.2,24.219636992409537,24.216894700093107,24.0,1.0,0.9279823436240366,0.2782129850307686,0.01861485569879369
79.30000000000001,24.216894700093107,24.21414971047889,24.0,1.0,0.9276231486472623,0.2782129850307686,0.01861485569879369
79.4,24.21414971047889,24.211402513394194,24.0,1.0,0.9272580934886625,0.2782129850307686,0.01861485569879369
79.5,24.211402513394194,24.20865359442496,24.0,1.0,0.9268873103153813,0.2782129850307686,0.01861485569879369
79.60000000000001,24.20865359442496,24.205903434855774,24.0,1.0,0.9265109310184682,0.2782129850307686,0.01861485569879369
79.7,24.205903434855774,24.203152511610245,24.0,1.0,0.9261290871881869,0.2782129850307686,0.01861485569879369
79.80000000000001,24.203152511610245,24.200401297191668,24.0,1.0,0.925741910089305,0.2782129850307686,0.01861485569879369
79.9,24.200401297191668,24.197650259624023,24.0,1.0,0.9253495306363604,0.2782129850307686,0.01861485569879369
80.0,24.197650259624023,24.194899862393285,24.0,1.0,0.9291843224937225,0.2997041031480925,0.017831555402926125
80.10000000000001,24.194899862393285,24.192151604120344,24.0,1.0,0.9287075539278121,0.2997041031480925,0.017831555402926125
80.2,24.192151604120344,24.18940592435788,24.0,1.0,0.9282265258443643,0.2997041031480925,0.017831555402926125
80.30000000000001,24.18940592435788,24.186663257705334,24.0,1.0,0.9277413745770066,0.2997041031480925,0.017831555402926125
80.4,24.186663257705334,24.183924033797545,24.0,1.0,0.9272522357498169,0.2997041031480925,0.017831555402926125
80.5,24.183924033797545,24.181188677294465,24.0,1.0,0.9267592442650704,0.2997041031480925,0.017831555402926125
80.60000000000001,24.181188677294465,24.17845760787186,24.0,1.0,0.9262625342912801,0.2997041031480925,0.017831555402926125
80.7,24.17845760787186,24.17573124021306,24.0,1.0,0.9257622392515272,0.2997041031480925,0.017831555402926125
80.80000000000001,24.17573124021306,24.17300998400172,24.0,1.0,0.9252584918120834,0.2997041031480925,0.017831555402926125
80.9,24.17300998400172,24.1702942439156,24.0,1.0,0.9247514238713258,0.2997041031480925,0.017831555402926125
81.0,24.1702942439156,24.167374051980623,24.0,1.0,0.9242411665489497,0.2997041031480925,0.017831555402926125
81.10000000000001,24.167374051980623,24.164464496352878,24.0,1.0,0.9236644270121479,0.2997041031480925,0.017831555402926125
81.2,24.164464496352878,24.16156595375758,24.0,1.0,0.9230856870300281,0.2997041031480925,0.017831555402926125
81.30000000000001,24.16156595375758,24.158678795453028,24.0,1.0,0.9225050791466336,0.2997041031480925,0.017831555402926125
81.4,24.158678795453028,24.155803387237427,24.0,1.0,0.92192273492956,0.2997041031480925,0.017831555402926125
81.5,24.155803387237427,24.15294008945675,24.0,1.0,0.9213387849622674,0.2997041031480925,0.017831555402926125
81.60000000000001,24.15294008945675,24.150089257013562,24.0,1.0,0.920753358836711,0.2997041031480925,0.017831555402926125
81.7,24.150089257013562,24.14725123937689,24.0,1.0,0.9201665851462824,0.2997041031480925,0.017831555402926125
81.80000000000001,24.14725123937689,24.144426380593043,24.0,1.0,0.9195785914790745,0.2997041031480925,0.017831555402926125
81.9,24.144426380593043,24.141615019297465,24.0,1.0,0.9189895044114608,0.2997041031480925,0.017831555402926125
82.0,24.141615019297465,24.138817488727565,24.0,1.0,0.9212271237014933,0.3197022171294722,0.017523742156303024
82.10000000000001,24.138817488727565,24.136035940614498,24.0,1.0,0.9205760071637334,0.3197022171294722,0.017523742156303024
82.2,24.136035940614498,24.133270672634264,24.0,1.0,0.9199251259396657,0.3197022171294722,0.017523742156303024
82.30000000000001,24.133270672634264,24.130521976671258,24.0,1.0,0.9192746037258518,0.3197022171294722,0.017523742156303024
82.4,24.130521976671258,24.127790138822338,24.0,1.0,0.9186245628787555,0.3197022171294722,0.017523742156303024
82.5,24.127790138822338,24.125075439401794,24.0,1.0,0.9179751244059017,0.3197022171294722,0.017523742156303024
82.60000000000001,24.125075439401794,24.122378152947196,24.0,1.0,0.9173264079573301,0.3197022171294722,0.017523742156303024
82.7,24.122378152947196,24.11969854822613,24.0,1.0,0.9166785318173428,0.3197022171294722,0.017523742156303024
82.80000000000001,24.11969854822613,24.11703688824383,24.0,1.0,0.916031612896547,0.3197022171294722,0.017523742156303024
82.9,24.11703688824383,24.114393430251692,24.0,1.0,0.9153857667241977,0.3197022171294722,0.017523742156303024
83.0,24.114393430251692,24.111581160483247,24.0,1.0,0.9147411074408327,0.3197022171294722,0.017523742156303024
83.10000000000001,24.111581160483247,24.10879150801081,24.0,1.0,0.9140375505092757,0.3197022171294722,0.017523742156303024
83.2,24.10879150801081,24.10602468167923,24.0,1.0,0.9133363358623346,0.3197022171294722,0.017523742156303024
83.30000000000001,24.10602468167923,24.10328088430177,24.0,1.0,0.9126375702681113,0.3197022171294722,0.017523742156303024
83.4,24.10328088430177,24.10056031268294,24.0,1.0,0.9119413589218016,0.3197022171294722,0.017523742156303024
83.5,24.10056031268294,24.09786315764219,24.0,1.0,0.9112478054424632,0.3197022171294722,0.017523742156303024
83.60000000000001,24.09786315764219,24.095189604038456,24.0,1.0,0.9105570118701061,0.3197022171294722,0.017523742156303024
83.7,24.095189604038456,24.092539830795566,24.0,1.0,0.9098690786630905,0.3197022171294722,0.017523742156303024
83.80000000000001,24.092539830795566,24.08991401092849,24.0,1.0,0.9091841046958531,0.3197022171294722,0.017523742156303024
83.9,24.08991401092849,24.087312311570457,24.0,1.0,0.9085021872569408,0.3197022171294722,0.017523742156303024
84.0,24.087312311570457,24.084734894000906,24.0,1.0,0.909233569962172,0.33584881470245537,0.01756396061960964
84.10000000000001,24.084734894000906,24.082184179790396,24.0,1.0,0.9085167753605788,0.33584881470245537,0.01756396061960964
84.2,24.082184179790396,24.079660280153696,24.0,1.0,0.9078044689860736,0.33584881470245537,0.01756396061960964
84.30000000000001,24.079660280153696,24.077163300458313,24.0,1.0,0.9070967352870168,0.33584881470245537,0.01756396061960964
84.4,24.077163300458313,24.074693340262712,24.0,1.0,0.9063936569330391,0.33584881470245537,0.01756396061960964
84.5,24.074693340262712,24.072250493355313,24.0,1.0,0.9056953148176764,0.33584881470245537,0.01756396061960964
84.60000000000001,24.072250493355313,24.069834847794294,24.0,1.0,0.9050017880613307,0.33584881470245537,0.01756396061960964
84.7,24.069834847794294,24.06744648594816,24.0,1.0,0.9043131540145748,0.33584881470245537,0.01756396061960964
84.80000000000001,24.06744648594816,24.065085484537125,24.0,1.0,0.9036294882617827,0.33584881470245537,0.01756396061960964
84.9,24.065085484537125,24.062751914675243,24.0,1.0,0.9029508646251074,0.33584881470245537,0.01756396061960964
85.0,24.062751914675243,24.06027697470816,24.0,1.0,0.902277355168785,0.33584881470245537,0.01756396061960964
85.10000000000001,24.06027697470816,24.0578334017008,24.0,1.0,0.9015520197553847,0.33584881470245537,0.01756396061960964
85.2,24.0578334017008,24.05542120916526,24.0,1.0,0.9008329270162214,0.33584881470245537,0.01756396061960964
85.30000000000001,24.05542120916526,24.053040405106508,24.0,1.0,0.9001201366058529,0.33584881470245537,0.01756396061960964
85.4,24.053040405106508,24.050690992078163,24.0,1.0,0.899413706343336,0.33584881470245537,0.01756396061960964
85.5,24.050690992078163,24.048372967238485,24.0,1.0,0.8987136922213829,0.33584881470245537,0.01756396061960964
85.60000000000001,24.048372967238485,24.046086322406563,24.0,1.0,0.8980201484156894,0.33584881470245537,0.01756396061960964
85.7,24.046086322406563,24.043831044118683,24.0,1.0,0.8973331272944278,0.33584881470245537,0.01756396061960964
85.80000000000001,24.043831044118683,24.041607113684876,24.0,1.0,0.8966526794279008,0.33584881470245537,0.01756396061960964
85.9,24.041607113684876,24.039414507245624,24.0,1.0,0.8959788535983516,0.33584881470245537,0.01756396061960964
86.0,24.039414507245624,24.03725319582871,24.0,1.0,0.8956960879061656,0.34555542605977807,0.01802312976520787
86.10000000000001,24.03725319582871,24.035125676000984,24.0,1.0,0.8950163769369054,0.34555542605977807,0.01802312976520787
86.2,24.035125676000984,24.033031859044286,24.0,1.0,0.89434450837805,0.34555542605977807,0.01802312976520787
86.30000000000001,24.033031859044286,24.03097165139442,24.0,1.0,0.8936805123156811,0.34555542605977807,0.01802312976520787
86.4,24.03097165139442,24.028944954704276,24.0,1.0,0.8930244169926727,0.34555542605977807,0.01802312976520787
86.5,24.028944954704276,24.02695166590694,24.0,1.0,0.8923762488218842,0.34555542605977807,0.01802312976520787
86.60000000000001,24.02695166590694,24.024991677278813,24.0,1.0,0.8917360323994632,0.34555542605977807,0.01802312976520787
86.7,24.024991677278813,24.023064876502673,24.0,1.0,0.8911037905182633,0.34555542605977807,0.01802312976520787
86.80000000000001,24.023064876502673,24.021171146730694,24.0,1.0,0.8904795441813547,0.34555542605977807,0.01802312976520787
86.9,24.021171146730694,24.019310366647414,24.0,1.0,0.889863312615637,0.34555542605977807,0.01802312976520787
87.0,24.019310366647414,24.017369585861374,24.0,1.0,0.8892551132855455,0.34555542605977807,0.01802312976520787
87.10000000000001,24.017369585861374,24.015464464418127,24.0,1.0,0.8886157713841316,0.34555542605977807,0.01802312976520787
87.2,24.015464464418127,24.013594815076903,24.0,1.0,0.8879853181370104,0.34555542605977807,0.01802312976520787
87.30000000000001,24.013594815076903,24.01176044659529,24.0,1.0,0.8873637527739481,0.34555542605977807,0.01802312976520787
87.4,24.01176044659529,24.00996116380265,24.0,1.0,0.8867510727972417,0.34555542605977807,0.01802312976520787
87.5,24.00996116380265,24.008196767673546,24.0,1.0,0.886147274000012,0.34555542605977807,0.01802312976520787
87.60000000000001,24.008196767673546,24.00646705540113,24.0,1.0,0.8855523504846248,0.34555542605977807,0.01802312976520787
87.7,24.00646705540113,24.004771820470495,24.0,1.0,0.8849662946812391,0.34555542605977807,0.01802312976520787
87.80000000000001,24.004771820470495,24.003110852731975,24.0,1.0,0.8843890973664672,0.34555542605977807,0.01802312976520787
87.9,24.003110852731975,24.001483938474394,24.0,1.0,0.8838207476821582,0.34555542605977807,0.01802312976520787
88.0,24.001483938474394,23.99989086049824,24.0,1.0,0.8832637054739568,0.34714106605833156,0.01882725657219433
88.10000000000001,23.99989086049824,23.998333800070323,24.0,1.0,0.8827104772072607,0.34714106605833156,0.01882725657219433
88.2,23.998333800070323,23.996812484094825,24.0,1.0,0.8821668205930387,0.34714106605833156,0.01882725657219433
88.30000000000001,23.996812484094825,23.995326636577932,24.0,1.0,0.8816327081255151,0.34714106605833156,0.01882725657219433
88.4,23.995326636577932,23.993875978705056,24.0,1.0,0.8811081107732806,0.34714106605833156,0.01882725657219433
88.5,23.993875978705056,23.99246022891778,24.0,1.0,0.8805929980007869,0.34714106605833156,0.01882725657219433
88.60000000000001,23.99246022891778,23.991079102990547,24.0,1.0,0.8800873377898936,0.34714106605833156,0.01882725657219433
88.7,23.991079102990547,23.989732314107087,24.0,1.0,0.8795910966614685,0.34714106605833156,0.01882725657219433
88.80000000000001,23.989732314107087,23.98841957293652,24.0,1.0,0.8791042396970379,0.34714106605833156,0.01882725657219433
88.9,23.98841957293652,23.98714058770918,24.0,1.0,0.8786267305604751,0.34714106605833156,0.01882725657219433
89.0,23.98714058770918,23.98583879915559,24.0,1.0,0.8781585315197266,0.34714106605833156,0.01882725657219433
89.10000000000001,23.98583879915559,23.98457210352342,24.0,1.0,0.8776799655972839,0.34714106605833156,0.01882725657219433
89.2,23.98457210352342,23.983340146704982,24.0,1.0,0.877211197028627,0.34714106605833156,0.01882725657219433
89.30000000000001,23.983340146704982,23.98214257298921,24.0,1.0,0.8767521682920931,0.34714106605833156,0.01882725657219433
89.4,23.98214257298921,23.980979025140623,24.0,1.0,0.8763028206397118,0.34714106605833156,0.01882725657219433
89.5,23.980979025140623,23.979849144477786,24.0,1.0,0.87586309412175,0.34714106605833156,0.01882725657219433
89.60000000000001,23.979849144477786,23.978752570951286,24.0,1.0,0.8754329276112273,0.34714106605833156,0.01882725657219433
89.7,23.978752570951286,23.977688943221164,24.0,1.0,0.8750122588284068,0.34714106605833156,0.01882725657219433
89.80000000000001,23.977688943221164,23.976657898733812,24.0,1.0,0.8746010243652458,0.34714106605833156,0.01882725657219433
89.9,23.976657898733812,23.97565907379836,24.0,1.0,0.8741991597098057,0.34714106605833156,0.01882725657219433
90.0,23.97565907379836,23.974692103662477,24.0,1.0,0.8739217198865796,0.34230426372683725,0.01990019546894187
90.10000000000001,23.974692103662477,23.973758897314,24.0,1.0,0.8735403586777674,0.34230426372683725,0.01990019546894187
90.2,23.973758897314,23.972859037271594,24.0,1.0,0.8731686978584693,0.34230426372683725,0.01990019546894187
90.30000000000001,23.972859037271594,23.9719921057559,24.0,1.0,0.8728066608828453,0.34230426372683725,0.01990019546894187
90.4,23.9719921057559,23.97115768476424,24.0,1.0,0.8724541702716506,0.34230426372683725,0.01990019546894187
90.5,23.97115768476424,23.97035535614463,24.0,1.0,0.8721111476373659,0.34230426372683725,0.01990019546894187
90.60000000000001,23.97035535614463,23.969584701668996,24.0,1.0,0.8717775137092304,0.34230426372683725,0.01990019546894187
90.7,23.969584701668996,23.968845303105695,24.0,1.0,0.8714531883581573,0.34230426372683725,0.01990019546894187
90.80000000000001,23.968845303105695,23.968136742291254,24.0,1.0,0.8711380906215488,0.34230426372683725,0.01990019546894187
90.9,23.968136742291254,23.967458601201383,24.0,1.0,0.8708321387279876,0.34230426372683725,0.01990019546894187
91.0,23.967458601201383,23.966795124752494,24.0,1.0,0.8705352501218238,0.34230426372683725,0.01990019546894187
91.10000000000001,23.966795124752494,23.966162077987015,24.0,1.0,0.8702420609536922,0.34230426372683725,0.01990019546894187
91.2,23.966162077987015,23.96555899622279,24.0,1.0,0.869958028220498,0.34230426372683725,0.01990019546894187
91.30000000000001,23.96555899622279,23.964985415894827,24.0,1.0,0.8696830524904964,0.34230426372683725,0.01990019546894187
91.4,23.964985415894827,23.964440874623286,24.0,1.0,0.8694170337918493,0.34230426372683725,0.01990019546894187
91.5,23.964440874623286,23.963924911280575,24.0,1.0,0.8691598716382555,0.34230426372683725,0.01990019546894187
91.60000000000001,23.963924911280575,23.963437066057594,24.0,1.0,0.8689114650544113,0.34230426372683725,0.01990019546894187
91.7,23.963437066057594,23.962976880529116,24.0,1.0,0.8686717126013089,0.34230426372683725,0.01990019546894187
91.80000000000001,23.962976880529116,23.96254389771829,24.0,1.0,0.8684405124013713,0.34230426372683725,0.01990019546894187
91.9,23.96254389771829,23.96213766216029,24.0,1.0,0.8682177621634146,0.34230426372683725,0.01990019546894187
92.0,23.96213766216029,23.961757719965103,24.0,1.0,0.8683639348807811,0.332676816492823,0.020941332016172227
92.10000000000001,23.961757719965103,23.961405182587807,24.0,1.0,0.868157452492508,0.332676816492823,0.020941332016172227
92.2,23.961405182587807,23.961079558687523,24.0,1.0,0.8679593487915812,0.332676816492823,0.020941332016172227
92.30000000000001,23.961079558687523,23.960780359404666,24.0,1.0,0.8677695166806865,0.332676816492823,0.020941332016172227
92.4,23.960780359404666,23.960507098417516,24.0,1.0,0.8675878488642425,0.332676816492823,0.020941332016172227
92.5,23.960507098417516,23.96025929199774,24.0,1.0,0.8674142378725336,0.332676816492823,0.020941332016172227
92.60000000000001,23.96025929199774,23.960036459064934,24.0,1.0,0.867248576085613,0.332676816492823,0.020941332016172227
92.7,23.960036459064934,23.959838121240125,24.0,1.0,0.8670907557569909,0.332676816492823,0.020941332016172227
92.80000000000001,23.959838121240125,23.959663802898284,24.0,1.0,0.866940669037093,0.332676816492823,0.020941332016172227
92.9,23.959663802898284,23.95951303121981,24.0,1.0,0.8667982079964952,0.332676816492823,0.020941332016172227
93.0,23.95951303121981,23.95938523759505,24.0,1.0,0.8666632646489278,0.332676816492823,0.020941332016172227
93.10000000000001,23.95938523759505,23.959280155243587,24.0,1.0,0.8665356979502468,0.332676816492823,0.020941332016172227
93.2,23.959280155243587,23.95919728898194,24.0,1.0,0.8664154667092231,0.332676816492823,0.020941332016172227
93.30000000000001,23.95919728898194,23.95913614719386,24.0,1.0,0.866302452713245,0.332676816492823,0.020941332016172227
93.4,23.95913614719386,23.959096241873397,24.0,1.0,0.8661965379069243,0.332676816492823,0.020941332016172227
93.5,23.959096241873397,23.959077088666916,24.0,1.0,0.8660976044139876,0.332676816492823,0.020941332016172227
93.60000000000001,23.959077088666916,23.95907820691404,24.0,1.0,0.8660055345589006,0.332676816492823,0.020941332016172227
93.7,23.95907820691404,23.959099119687508,24.0,1.0,0.8659202108882226,0.332676816492823,0.020941332016172227
93.80000000000001,23.959099119687508,23.959139353832008,24.0,1.0,0.8658415161916865,0.332676816492823,0.020941332016172227
93.9,23.959139353832008,23.95919844000191,24.0,1.0,0.8657693335230129,0.332676816492823,0.020941332016172227
94.0,23.95919844000191,23.95927591269797,24.0,1.0,0.8661499498002099,0.32165712654256023,0.021729772678985886
94.10000000000001,23.95927591269797,23.95937209385731,24.0,1.0,0.8660863769290467,0.32165712654256023,0.021729772678985886
94.2,23.95937209385731,23.95948649925504,24.0,1.0,0.866029030767898,0.32165712654256023,0.021729772678985886
94.30000000000001,23.95948649925504,23.959618649376463,24.0,1.0,0.8659777951632303,0.32165712654256023,0.021729772678985886
94.4,23.959618649376463,23.959768069442536,24.0,1.0,0.8659325544346076,0.32165712654256023,0.021729772678985886
94.5,23.959768069442536,23.959934289434184,24.0,1.0,0.8658931933931634,0.32165712654256023,0.021729772678985886
94.60000000000001,23.959934289434184,23.96011684411554,24.0,1.0,0.8658595973597693,0.32165712654256023,0.021729772678985886
94.7,23.96011684411554,23.960315273056082,24.0,1.0,0.8658316521829019,0.32165712654256023,0.021729772678985886
94.80000000000001,23.960315273056082,23.96052912065169,24.0,1.0,0.865809244256208,0.32165712654256023,0.021729772678985886
94.9,23.96052912065169,23.960757936144606,24.0,1.0,0.865792260535761,0.32165712654256023,0.021729772678985886
95.0,23.960757936144606,23.960996680310622,24.0,1.0,0.8657805885570181,0.32165712654256023,0.021729772678985886
95.10000000000001,23.960996680310622,23.961249450110852,24.0,1.0,0.8657726289923798,0.32165712654256023,0.021729772678985886
95.2,23.961249450110852,23.961515788545004,24.0,1.0,0.865769730135971,0.32165712654256023,0.021729772678985886
95.30000000000001,23.961515788545004,23.961795243946263,24.0,1.0,0.8657717744747233,0.32165712654256023,0.021729772678985886
95.4,23.961795243946263,23.962087369991956,24.0,1.0,0.8657786452296586,0.32165712654256023,0.021729772678985886
95.5,23.962087369991956,23.962391725713125,24.0,1.0,0.8657902263709307,0.32165712654256023,0.021729772678985886
95.60000000000001,23.962391725713125,23.96270787550307,24.0,1.0,0.8658064026325387,0.32165712654256023,0.021729772678985886
95.7,23.96270787550307,23.963035389124855,24.0,1.0,0.8658270595267261,0.32165712654256023,0.021729772678985886
95.80000000000001,23.963035389124855,23.963373841717775,24.0,1.0,0.8658520833580642,0.32165712654256023,0.021729772678985886
95.9,23.963373841717775,23.96372281380283,24.0,1.0,0.8658813612372163,0.32165712654256023,0.021729772678985886
96.0,23.96372281380283,23.964081891287154,24.0,1.0,0.8662640120060106,0.31198172827009124,0.022216390640526777
96.10000000000001,23.964081891287154,23.964450876161667,24.0,1.0,0.8662962405467302,0.31198172827009124,0.022216390640526777
96.2,23.964450876161667,23.964829353669774,24.0,1.0,0.8663323797633741,0.31198172827009124,0.022216390640526777
96.30000000000001,23.964829353669774,23.965216915090835,24.0,1.0,0.8663723213486695,0.31198172827009124,0.022216390640526777
96.4,23.965216915090835,23.9656131577316,24.0,1.0,0.8664159579704204,0.31198172827009124,0.022216390640526777
96.5,23.9656131577316,23.966017684916682,24.0,1.0,0.8664631832822275,0.31198172827009124,0.022216390640526777
96.60000000000001,23.966017684916682,23.96643010597806,24.0,1.0,0.8665138919338858,0.31198172827009124,0.022216390640526777
96.7,23.96643010597806,23.9668500362436,24.0,1.0,0.8665679795814539,0.31198172827009124,0.022216390640526777
96.80000000000001,23.9668500362436,23.967277097024663,24.0,1.0,0.8666253428969969,0.31198172827009124,0.022216390640526777
96.9,23.967277097024663,23.96771091560277,24.0,1.0,0.8666858795780105,0.31198172827009124,0.022216390640526777
97.0,23.96771091560277,23.968136738185937,24.0,1.0,0.8667494883565242,0.31198172827009124,0.022216390640526777
97.10000000000001,23.968136738185937,23.968568675651774,24.0,1.0,0.866811548554803,0.31198172827009124,0.022216390640526777
97.2,23.968568675651774,23.969006363191156,24.0,1.0,0.8668764760938927,0.31198172827009124,0.022216390640526777
97.30000000000001,23.969006363191156,23.96944944208765,24.0,1.0,0.8669441699345997,0.31198172827009124,0.022216390640526777
97.4,23.96944944208765,23.969897559695045,24.0,1.0,0.8670145301416017,0.31198172827009124,0.022216390640526777
97.5,23.969897559695045,23.970350369414017,24.0,1.0,0.86708745788992,0.31198172827009124,0.022216390640526777
97.60000000000001,23.970350369414017,23.97080753066797,24.0,1.0,0.867162855471078,0.31198172827009124,0.022216390640526777
97.7,23.97080753066797,23.971268708878036,24.0,1.0,0.8672406262989396,0.31198172827009124,0.022216390640526777
97.80000000000001,23.971268708878036,23.97173357543729,24.0,1.0,0.8673206749152396,0.31198172827009124,0.022216390640526777
97.9,23.97173357543729,23.972201807684144,24.0,1.0,0.8674029069948014,0.31198172827009124,0.022216390640526777
98.0,23.972201807684144,23.972673088874952,24.0,1.0,0.8676783414209713,0.3050850779132917,0.02243307466896953
98.10000000000001,23.972673088874952,23.97314710947353,24.0,1.0,0.8677608196160143,0.3050850779132917,0.02243307466896953
98.2,23.97314710947353,23.97362356313104,24.0,1.0,0.867845196937438,0.3050850779132917,0.02243307466896953
98.30000000000001,23.97362356313104,23.974102149743267,24.0,1.0,0.8679313853808829,0.3050850779132917,0.02243307466896953
98.4,23.974102149743267,23.974582575413212,24.0,1.0,0.8680192981739052,0.3050850779132917,0.02243307466896953
98.5,23.974582575413212,23.97506455241297,24.0,1.0,0.8681088497784871,0.3050850779132917,0.02243307466896953
98.60000000000001,23.97506455241297,23.975547799144955,24.0,1.0,0.8681999558932484,0.3050850779132917,0.02243307466896953
98.7,23.975547799144955,23.976032040102474,24.0,1.0,0.8682925334553672,0.3050850779132917,0.02243307466896953
98.80000000000001,23.976032040102474,23.97651700582963,24.0,1.0,0.8683865006422162,0.3050850779132917,0.02243307466896953
98.9,23.97651700582963,23.977002432880628,24.0,1.0,0.8684817768727038,0.3050850779132917,0.02243307466896953
99.0,23.977002432880628,23.977470252201293,24.0,1.0,0.8685782828083389,0.3050850779132917,0.02243307466896953
99.10000000000001,23.977470252201293,23.9779382748315,24.0,1.0,0.8686704663507692,0.3050850779132917,0.02243307466896953
99.2,23.9779382748315,23.97840625131048,24.0,1.0,0.8687637618385684,0.3050850779132917,0.02243307466896953
99.30000000000001,23.97840625131048,23.97887393805619,24.0,1.0,0.8688580930614461,0.3050850779132917,0.02243307466896953
99.4,23.97887393805619,23.979341097317125,24.0,1.0,0.8689533850561947,0.3050850779132917,0.02243307466896953
99.5,23.979341097317125,23.97980749712363,24.0,1.0,0.8690495641050687,0.3050850779132917,0.02243307466896953
99.60000000000001,23.97980749712363,23.98027291123872,24.0,1.0,0.8691465577338974,0.3050850779132917,0.02243307466896953
99.7,23.98027291123872,23.980737119108436,24.0,1.0,0.8692442947099435,0.3050850779132917,0.02243307466896953
99.80000000000001,23.980737119108436,23.98119990581175,24.0,1.0,0.8693427050395055,0.3050850779132917,0.02243307466896953
99.9,23.98119990581175,23.981661062010023,24.0,1.0,0.8694417199652721,0.3050850779132917,0.02243307466896953
100.0,23.981661062010023,23.982120383896056,24.0,1.0,0.8696134847764623,0.30114547812525233,0.022452303252764812
100.10000000000001,23.982120383896056,23.98257773249258,24.0,1.0,0.8697116636291643,0.30114547812525233,0.022452303252764812
100.2,23.98257773249258,23.983032915718315,24.0,1.0,0.8698102750875915,0.30114547812525233,0.022452303252764812
100.30000000000001,23.983032915718315,23.983485747138786,24.0,1.0,0.8699092564455795,0.30114547812525233,0.022452303252764812
100.4,23.983485747138786,23.98393604590886,24.0,1.0,0.8700085462788841,0.30114547812525233,0.022452303252764812
100.5,23.98393604590886,23.98438363671498,24.0,1.0,0.8701080844404275,0.30114547812525233,0.022452303252764812
100.60000000000001,23.98438363671498,23.984828349717112,24.0,1.0,0.8702078120553235,0.30114547812525233,0.022452303252764812
100.7,23.984828349717112,23.98527002049038,24.0,1.0,0.8703076715156793,0.30114547812525233,0.022452303252764812
100.80000000000001,23.98527002049038,23.985708489966438,24.0,1.0,0.870407606475183,0.30114547812525233,0.022452303252764812
100.9,23.985708489966438,23.986143604374607,24.0,1.0,0.8705075618434727,0.30114547812525233,0.022452303252764812
101.0,23.986143604374607,23.986561280811245,24.0,1.0,0.8706074837803031,0.30114547812525233,0.022452303252764812
101.10000000000001,23.986561280811245,23.986975588153822,24.0,1.0,0.8707030921306603,0.30114547812525233,0.022452303252764812
101.2,23.986975588153822,23.98738638716915,24.0,1.0,0.8707986161089856,0.30114547812525233,0.022452303252764812
101.30000000000001,23.98738638716915,23.98779354363994,24.0,1.0,0.8708940059088306,0.30114547812525233,0.022452303252764812
101.4,23.98779354363994,23.988196928300884,24.0,1.0,0.8709892129329144,0.30114547812525233,0.022452303252764812
101.5,23.988196928300884,23.988596416774637,24.0,1.0,0.8710841897849929,0.30114547812525233,0.022452303252764812
101.60000000000001,23.988596416774637,23.988991889507673,24.0,1.0,0.8711788902615525,0.30114547812525233,0.022452303252764812
101.7,23.988991889507673,23.989383231706086,24.0,1.0,0.8712732693433268,0.30114547812525233,0.022452303252764812
101.80000000000001,23.989383231706086,23.989770333271302,24.0,1.0,0.8713672831866482,0.30114547812525233,0.022452303252764812
101.9,23.989770333271302,23.990153088735756,24.0,1.0,0.8714608891146317,0.30114547812525233,0.022452303252764812
102.0,23.990153088735756,23.990531397198517,24.0,1.0,0.8715696671566178,0.29956911094832683,0.022351560283530622
102.10000000000001,23.990531397198517,23.990905342627705,24.0,1.0,0.8716618328818394,0.29956911094832683,0.022351560283530622
102.2,23.990905342627705,23.991274832376668,24.0,1.0,0.8717535274033532,0.29956911094832683,0.022351560283530622
102.30000000000001,23.991274832376668,23.991639778292306,24.0,1.0,0.8718447130079428,0.29956911094832683,0.022351560283530622
102.4,23.991639778292306,23.992000096648628,24.0,1.0,0.8719353531314865,0.29956911094832683,0.022351560283530622
102.5,23.992000096648628,23.992355708080353,24.0,1.0,0.8720254123489461,0.29956911094832683,0.022351560283530622
102.60000000000001,23.992355708080353,23.992706537516625,24.0,1.0,0.8721148563642245,0.29956911094832683,0.022351560283530622
102.7,23.992706537516625,23.993052514114805,24.0,1.0,0.8722036519999057,0.29956911094832683,0.022351560283530622
102.80000000000001,23.993052514114805,23.993393571194385,24.0,1.0,0.872291767186873,0.29956911094832683,0.022351560283530622
102.9,23.993393571194385,23.993729646171023,24.0,1.0,0.8723791709538148,0.29956911094832683,0.022351560283530622
103.0,23.993729646171023,23.99405305508727,24.0,1.0,0.8724658334166172,0.29956911094832683,0.022351560283530622
103.10000000000001,23.99405305508727,23.994371560101108,24.0,1.0,0.8725494243883585,0.29956911094832683,0.022351560283530622
103.2,23.994371560101108,23.99468510989539,24.0,1.0,0.872632258210816,0.29956911094832683,0.022351560283530622
103.30000000000001,23.99468510989539,23.994993656920308,24.0,1.0,0.8727143084352696,0.29956911094832683,0.022351560283530622
103.4,23.994993656920308,23.995297157325446,24.0,1.0,0.8727955496352955,0.29956911094832683,0.022351560283530622
103.5,23.995297157325446,23.995595570892068,24.0,1.0,0.8728759573946809,0.29956911094832683,0.022351560283530622
103.60000000000001,23.995595570892068,23.99588886096567,24.0,1.0,0.8729555082952567,0.29956911094832683,0.022351560283530622
103.7,23.99588886096567,23.996176994388794,24.0,1.0,0.87303417990466,0.29956911094832683,0.022351560283530622
103.80000000000001,23.996176994388794,23.996459941434075,24.0,1.0,0.873111950764021,0.29956911094832683,0.022351560283530622
103.9,23.996459941434075,23.996737675737624,24.0,1.0,0.8731888003755771,0.29956911094832683,0.022351560283530622
104.0,23.996737675737624,23.99701017423266,24.0,1.0,0.8732647833935863,0.2995620122585211,0.022195091690224527
104.10000000000001,23.99701017423266,23.997277635497095,24.0,1.0,0.8733397776453923,0.2995620122585211,0.022195091690224527
104.2,23.997277635497095,23.997540040287415,24.0,1.0,0.8734138565669922,0.2995620122585211,0.022195091690224527
104.30000000000001,23.997540040287415,23.997797372496887,24.0,1.0,0.8734870031708691,0.2995620122585211,0.022195091690224527
104.4,23.997797372496887,23.998049619090157,24.0,1.0,0.8735592013734185,0.2995620122585211,0.022195091690224527
104.5,23.998049619090157,23.998296770038234,24.0,1.0,0.8736304359821713,0.2995620122585211,0.022195091690224527
104.60000000000001,23.998296770038234,23.99853881825388,24.0,1.0,0.8737006926829918,0.2995620122585211,0.022195091690224527
104.7,23.99853881825388,23.9987757595274,24.0,1.0,0.8737699580272513,0.2995620122585211,0.022195091690224527
104.80000000000001,23.9987757595274,23.99900759246286,24.0,1.0,0.8738382194189803,0.2995620122585211,0.022195091690224527
104.9,23.99900759246286,23.99923431841471,24.0,1.0,0.8739054651020061,0.2995620122585211,0.022195091690224527
105.0,23.99923431841471,23.9994530601216,24.0,1.0,0.8739716841470747,0.2995620122585211,0.022195091690224527
105.10000000000001,23.9994530601216,23.99966679349711,24.0,1.0,0.8740359969148799,0.2995620122585211,0.022195091690224527
105.2,23.99966679349711,23.999875526259355,24.0,1.0,0.8740992837600462,0.2995620122585211,0.022195091690224527
105.30000000000001,23.999875526259355,24.000079268589946,24.0,1.0,0.8741615358957203,0.2995620122585211,0.022195091690224527
105.4,24.000079268589946,24.000278033070547,24.0,1.0,0.8742227452956166,0.2995620122585211,0.022195091690224527
105.5,24.000278033070547,24.00047183461995,24.0,1.0,0.8742829046803402,0.2995620122585211,0.022195091690224527
105.60000000000001,24.00047183461995,24.00066069043166,24.0,1.0,0.8743420075037237,0.2995620122585211,0.022195091690224527
105.7,24.00066069043166,24.000844619911987,24.0,1.0,0.8744000479391765,0.2995620122585211,0.022195091690224527
105.80000000000001,24.000844619911987,24.001023644618684,24.0,1.0,0.8744570208660566,0.2995620122585211,0.022195091690224527
105.9,24.001023644618684,24.0011977882001,24.0,1.0,0.8745129218560556,0.2995620122585211,0.022195091690224527
106.0,24.0011977882001,24.001367076334866,24.0,1.0,0.8745687732776426,0.3004351980239096,0.02203000755926412
106.10000000000001,24.001367076334866,24.001531705352445,24.0,1.0,0.8746226450621336,0.3004351980239096,0.02203000755926412
106.2,24.001531705352445,24.001691701856736,24.0,1.0,0.8746754797616798,0.3004351980239096,0.02203000755926412
106.30000000000001,24.001691701856736,24.00184709430624,24.0,1.0,0.8747272751635987,0.3004351980239096,0.02203000755926412
106.4,24.00184709430624,24.00199791295656,24.0,1.0,0.8747780296750897,0.3004351980239096,0.02203000755926412
106.5,24.00199791295656,24.002144189803516,24.0,1.0,0.8748277423099186,0.3004351980239096,0.02203000755926412
106.60000000000001,24.002144189803516,24.002285958526876,24.0,1.0,0.8748764126751577,0.3004351980239096,0.02203000755926412
106.7,24.002285958526876,24.002423254434706,24.0,1.0,0.8749240409579967,0.3004351980239096,0.02203000755926412
106.80000000000001,24.002423254434706,24.002556114408343,24.0,1.0,0.8749706279126049,0.3004351980239096,0.02203000755926412
106.9,24.002556114408343,24.002684576847987,24.0,1.0,0.8750161748470676,0.3004351980239096,0.02203000755926412
107.0,24.002684576847987,24.002808058316557,24.0,1.0,0.8750606836103861,0.3004351980239096,0.02203000755926412
107.10000000000001,24.002808058316557,24.002927246490955,24.0,1.0,0.8751039679444423,0.3004351980239096,0.02203000755926412
107.2,24.002927246490955,24.003042181585183,24.0,1.0,0.8751462249934522,0.3004351980239096,0.02203000755926412
107.30000000000001,24.003042181585183,24.003152905117435,24.0,1.0,0.8751874574695783,0.3004351980239096,0.02203000755926412
107.4,24.003152905117435,24.00325945985775,24.0,1.0,0.8752276685682734,0.3004351980239096,0.02203000755926412
107.5,24.00325945985775,24.00336188977631,24.0,1.0,0.8752668619553103,0.3004351980239096,0.02203000755926412
107.60000000000001,24.00336188977631,24.003460239992425,24.0,1.0,0.875305041753896,0.3004351980239096,0.02203000755926412
107.7,24.003460239992425,24.003554556724144,24.0,1.0,0.8753422125318686,0.3004351980239096,0.02203000755926412
107.80000000000001,24.003554556724144,24.003644887238572,24.0,1.0,0.8753783792889899,0.3004351980239096,0.02203000755926412
107.9,24.003644887238572,24.00373127980283,24.0,1.0,0.8754135474443216,0.3004351980239096,0.02203000755926412
108.0,24.00373127980283,24.00381378363569,24.0,1.0,0.8754523673248641,0.30169446446921544,0.021884817995477316
108.10000000000001,24.00381378363569,24.003892540685275,24.0,1.0,0.8754856046706088,0.30169446446921544,0.021884817995477316
108.2,24.003892540685275,24.003967599849133,24.0,1.0,0.8755178839909504,0.30169446446921544,0.021884817995477316
108.30000000000001,24.003967599849133,24.004039010836237,24.0,1.0,0.875549211945252,0.30169446446921544,0.021884817995477316
108.4,24.004039010836237,24.00410682412215,24.0,1.0,0.8755795955464668,0.30169446446921544,0.021884817995477316
108.5,24.00410682412215,24.004171090904908,24.0,1.0,0.8756090421492895,0.30169446446921544,0.021884817995477316
108.60000000000001,24.004171090904908,24.004231863061573,24.0,1.0,0.8756375594384264,0.30169446446921544,0.021884817995477316
108.7,24.004231863061573,24.00428919310553,24.0,1.0,0.8756651554169746,0.30169446446921544,0.021884817995477316
108.80000000000001,24.00428919310553,24.00434313414447,24.0,1.0,0.8756918383949308,0.30169446446921544,0.021884817995477316
108.9,24.00434313414447,24.00439373983906,24.0,1.0,0.8757176169778145,0.30169446446921544,0.021884817995477316
109.0,24.00439373983906,24.00444106140163,24.0,1.0,0.8757425000554125,0.30169446446921544,0.021884817995477316
109.10000000000001,24.00444106140163,24.00448515466379,24.0,1.0,0.8757664958909378,0.30169446446921544,0.021884817995477316
109.2,24.00448515466379,24.004526072248584,24.0,1.0,0.8757896142634022,0.30169446446921544,0.021884817995477316
109.30000000000001,24.004526072248584,24.004563867194403,24.0,1.0,0.8758118640989735,0.30169446446921544,0.021884817995477316
109.4,24.004563867194403,24.004598592916842,24.0,1.0,0.8758332545652023,0.30169446446921544,0.021884817995477316
109.5,24.004598592916842,24.004630303171272,24.0,1.0,0.8758537950603391,0.30169446446921544,0.021884817995477316
109.60000000000001,24.004630303171272,24.00465905201609,24.0,1.0,0.8758734952027841,0.30169446446921544,0.021884817995477316
109.7,24.00465905201609,24.004684893776684,24.0,1.0,0.8758923648206663,0.30169446446921544,0.021884817995477316
109.80000000000001,24.004684893776684,24.004707883010063,24.0,1.0,0.8759104139415524,0.30169446446921544,0.021884817995477316
109.9,24.004707883010063,24.004728074470215,24.0,1.0,0.8759276527822872,0.30169446446921544,0.021884817995477316
110.0,24.004728074470215,24.00474552307412,24.0,1.0,0.8759503032259157,0.3030194879482822,0.021772039023809274
110.10000000000001,24.00474552307412,24.00476031856261,24.0,1.0,0.8759659224642924,0.3030194879482822,0.021772039023809274
110.2,24.00476031856261,24.004772515102637,24.0,1.0,0.8759807699697896,0.3030194879482822,0.021772039023809274
110.30000000000001,24.004772515102637,24.004782166941588,24.0,1.0,0.8759948564976089,0.3030194879482822,0.021772039023809274
110.4,24.004782166941588,24.00478932837655,24.0,1.0,0.8760081929454326,0.3030194879482822,0.021772039023809274
110.5,24.00478932837655,24.00479405372424,24.0,1.0,0.8760207903442189,0.3030194879482822,0.021772039023809274
110.60000000000001,24.00479405372424,24.004796397291667,24.0,1.0,0.8760326598491329,0.3030194879482822,0.021772039023809274
110.7,24.004796397291667,24.004796413347467,24.0,1.0,0.8760438127306356,0.3030194879482822,0.021772039023809274
110.80000000000001,24.004796413347467,24.004794156093926,24.0,1.0,0.8760542603657134,0.3030194879482822,0.021772039023809274
110.9,24.004794156093926,24.004789679639675,24.0,1.0,0.8760640142292575,0.3030194879482822,0.021772039023809274
111.0,24.004789679639675,24.004782997030816,24.0,1.0,0.8760730858855853,0.3030194879482822,0.021772039023809274
111.10000000000001,24.004782997030816,24.00477419825844,24.0,1.0,0.8760814744846712,0.3030194879482822,0.021772039023809274
111.2,24.00477419825844,24.004763335256815,24.0,1.0,0.8760892026882499,0.3030194879482822,0.021772039023809274
111.30000000000001,24.004763335256815,24.00475045978948,24.0,1.0,0.8760962817391699,0.3030194879482822,0.021772039023809274
111.4,24.00475045978948,24.00473562342535,24.0,1.0,0.8761027229412429,0.3030194879482822,0.021772039023809274
111.5,24.00473562342535,24.00471887751549,24.0,1.0,0.8761085376515831,0.3030194879482822,0.021772039023809274
111.60000000000001,24.00471887751549,24.004700273170528,24.0,1.0,0.8761137372730935,0.3030194879482822,0.021772039023809274
111.7,24.004700273170528,24.00467986123871,24.0,1.0,0.8761183332470985,0.3030194879482822,0.021772039023809274
111.80000000000001,24.00467986123871,24.00465769228458,24.0,1.0,0.8761223370461226,0.3030194879482822,0.021772039023809274
111.9,24.00465769228458,24.004633816568308,24.0,1.0,0.8761257601668124,0.3030194879482822,0.021772039023809274
112.0,24.004633816568308,24.0046082840256,24.0,1.0,0.8761341091276236,0.30421306130330367,0.0216947908802961
112.10000000000001,24.0046082840256,24.004581151774847,24.0,1.0,0.8761363393704688,0.30421306130330367,0.0216947908802961
112.2,24.004581151774847,24.00455246878347,24.0,1.0,0.8761380240983816,0.30421306130330367,0.0216947908802961
112.30000000000001,24.00455246878347,24.004522283666446,24.0,1.0,0.8761391748435919,0.30421306130330367,0.0216947908802961
112.4,24.004522283666446,24.004490644668792,24.0,1.0,0.8761398031365811,0.30421306130330367,0.0216947908802961
112.5,24.004490644668792,24.004457599648628,24.0,1.0,0.8761399204999488,0.30421306130330367,0.0216947908802961
112.60000000000001,24.004457599648628,24.004423196060873,24.0,1.0,0.8761395384424244,0.30421306130330367,0.0216947908802961
112.7,24.004423196060873,24.0043874809415,24.0,1.0,0.8761386684530301,0.30421306130330367,0.0216947908802961
112.80000000000001,24.0043874809415,24.004350500892397,24.0,1.0,0.8761373219953822,0.30421306130330367,0.0216947908802961
112.9,24.004350500892397,24.004312302066808,24.0,1.0,0.876135510502146,0.30421306130330367,0.0216947908802961
113.0,24.004312302066808,24.00427274483896,24.0,1.0,0.8761332453696307,0.30421306130330367,0.0216947908802961
113.10000000000001,24.00427274483896,24.004232058727982,24.0,1.0,0.8761304811748273,0.30421306130330367,0.0216947908802961
113.2,24.004232058727982,24.004190287589573,24.0,1.0,0.8761272852913636,0.30421306130330367,0.0216947908802961
113.30000000000001,24.004190287589573,24.004147474794994,24.0,1.0,0.8761236687067724,0.30421306130330367,0.0216947908802961
113.4,24.004147474794994,24.004103663219375,24.0,1.0,0.8761196423553065,0.30421306130330367,0.0216947908802961
113.5,24.004103663219375,24.004058895230546,24.0,1.0,0.8761152171133056,0.30421306130330367,0.0216947908802961
113.60000000000001,24.004058895230546,24.00401321267841,24.0,1.0,0.8761104037946988,0.30421306130330367,0.0216947908802961
113.7,24.00401321267841,24.003966656884813,24.0,1.0,0.8761052131466466,0.30421306130330367,0.0216947908802961
113.80000000000001,24.003966656884813,24.003919268633943,24.0,1.0,0.8760996558453165,0.30421306130330367,0.0216947908802961
113.9,24.003919268633943,24.003871088163212,24.0,1.0,0.8760937424917912,0.30421306130330367,0.0216947908802961
114.0,24.003871088163212,24.003822155154644,24.0,1.0,0.8760911560373347,0.305166179911657,0.021650418495846212
114.10000000000001,24.003822155154644,24.003772508762644,24.0,1.0,0.8760844984639039,0.305166179911657,0.021650418495846212
114.2,24.003772508762644,24.003722187556146,24.0,1.0,0.8760775157034599,0.305166179911657,0.021650418495846212
114.30000000000001,24.003722187556146,24.00367122955557,24.0,1.0,0.8760702180649355,0.305166179911657,0.021650418495846212
114.4,24.00367122955557,24.00361967222592,24.0,1.0,0.8760626157721914,0.305166179911657,0.021650418495846212
114.5,24.00361967222592,24.003567552470347,24.0,1.0,0.876054718960706,0.305166179911657,0.021650418495846212
114.60000000000001,24.003567552470347,24.00351490662418,24.0,1.0,0.8760465376743989,0.305166179911657,0.021650418495846212
114.7,24.00351490662418,24.00346177044937,24.0,1.0,0.8760380818625744,0.305166179911657,0.021650418495846212
114.80000000000001,24.00346177044937,24.00340817912941,24.0,1.0,0.8760293613769892,0.305166179911657,0.021650418495846212
114.9,24.00340817912941,24.003354167264657,24.0,1.0,0.8760203859690463,0.305166179911657,0.021650418495846212
115.0,24.003354167264657,24.003299521028733,24.0,1.0,0.8760111652871087,0.305166179911657,0.021650418495846212
115.10000000000001,24.003299521028733,24.003244524131837,24.0,1.0,0.876001632705156,0.305166179911657,0.021650418495846212
115.2,24.003244524131837,24.003189209115167,24.0,1.0,0.8759918740427506,0.305166179911657,0.021650418495846212
115.30000000000001,24.003189209115167,24.00313360792849,24.0,1.0,0.875981898541623,0.305166179911657,0.021650418495846212
115.4,24.00313360792849,24.0030777519274,24.0,1.0,0.8759717153321916,0.305166179911657,0.021650418495846212
115.5,24.0030777519274,24.003021671870968,24.0,1.0,0.8759613334314393,0.305166179911657,0.021650418495846212
115.60000000000001,24.003021671870968,24.002965397919763,24.0,1.0,0.8759507617409051,0.305166179911657,0.021650418495846212
115.7,24.002965397919763,24.002908959634233,24.0,1.0,0.8759400090447842,0.305166179911657,0.021650418495846212
115.80000000000001,24.002908959634233,24.002852385973448,24.0,1.0,0.8759290840081352,0.305166179911657,0.021650418495846212
115.9,24.002852385973448,24.002795705294194,24.0,1.0,0.8759179951751934,0.305166179911657,0.021650418495846212
116.0,24.002795705294194,24.00273894535041,24.0,1.0,0.8759086217575133,0.30583708803518805,0.02163299294223665
116.10000000000001,24.00273894535041,24.002682133791524,24.0,1.0,0.8758971876201325,0.30583708803518805,0.02163299294223665
116.2,24.002682133791524,24.002625297224863,24.0,1.0,0.8758856147965346,0.30583708803518805,0.02163299294223665
116.30000000000001,24.002625297224863,24.00256846167645,24.0,1.0,0.875873911370127,0.30583708803518805,0.02163299294223665
116.4,24.00256846167645,24.002511652591483,24.0,1.0,0.8758620853028353,0.30583708803518805,0.02163299294223665
116.5,24.002511652591483,24.0024548948351,24.0,1.0,0.8758501444339936,0.30583708803518805,0.02163299294223665
116.60000000000001,24.0024548948351,24.002398212693443,24.0,1.0,0.8758380964793222,0.30583708803518805,0.02163299294223665
116.7,24.002398212693443,24.00234162987502,24.0,1.0,0.8758259490300011,0.30583708803518805,0.02163299294223665
116.80000000000001,24.00234162987502,24.00228516951233,24.0,1.0,0.8758137095518376,0.30583708803518805,0.02163299294223665
116.9,24.00228516951233,24.00222885416379,24.0,1.0,0.8758013853845166,0.30583708803518805,0.02163299294223665
117.0,24.00222885416379,24.002172486564298,24.0,1.0,0.8757889837409466,0.30583708803518805,0.02163299294223665
117.10000000000001,24.002172486564298,24.00211631111232,24.0,1.0,0.8757764441771099,0.30583708803518805,0.02163299294223665
117.2,24.00211631111232,24.002060348615654,24.0,1.0,0.8757638418547937,0.30583708803518805,0.02163299294223665
117.30000000000001,24.002060348615654,24.00200461931818,24.0,1.0,0.87575118359848,0.30583708803518805,0.02163299294223665
117.4,24.00200461931818,24.00194914290274,24.0,1.0,0.8757384761039781,0.30583708803518805,0.02163299294223665
117.5,24.00194914290274,24.001893938494256,24.0,1.0,0.8757257259380911,0.30583708803518805,0.02163299294223665
117.60000000000001,24.001893938494256,24.00183902466307,24.0,1.0,0.8757129395383619,0.30583708803518805,0.02163299294223665
117.7,24.00183902466307,24.001784419428482,24.0,1.0,0.8757001232128951,0.30583708803518805,0.02163299294223665
117.80000000000001,24.001784419428482,24.00173014026252,24.0,1.0,0.8756872831402474,0.30583708803518805,0.02163299294223665
117.9,24.00173014026252,24.00167620409391,24.0,1.0,0.8756744253693974,0.30583708803518805,0.02163299294223665
118.0,24.00167620409391,24.00162262731223,24.0,1.0,0.8756622214915838,0.3062340019835832,0.02163515863739542
118.10000000000001,24.00162262731223,24.001569428037694,24.0,1.0,0.875649325039247,0.3062340019835832,0.02163515863739542
118.2,24.001569428037694,24.00151662161193,24.0,1.0,0.8756364290949599,0.3062340019835832,0.02163515863739542
118.30000000000001,24.00151662161193,24.00146422286164,24.0,1.0,0.8756235392067845,0.3062340019835832,0.02163515863739542
118.4,24.00146422286164,24.0014122461033,24.0,1.0,0.875610660797173,0.3062340019835832,0.02163515863739542
118.5,24.0014122461033,24.001360705148016,24.0,1.0,0.8755977991633046,0.3062340019835832,0.02163515863739542
118.60000000000001,24.001360705148016,24.001309613306532,24.0,1.0,0.8755849594774757,0.3062340019835832,0.02163515863739542
118.7,24.001309613306532,24.001258983394393,24.0,1.0,0.8755721467875532,0.3062340019835832,0.02163515863739542
118.80000000000001,24.001258983394393,24.001208827737244,24.0,1.0,0.8755593660174851,0.3062340019835832,0.02163515863739542
118.9,24.001208827737244,24.001159158176268,24.0,1.0,0.8755466219678602,0.3062340019835832,0.02163515863739542
119.0,24.001159158176268,24.001109839543222,24.0,1.0,0.8755339193165287,0.3062340019835832,0.02163515863739542
119.10000000000001,24.001109839543222,24.001061032526174,24.0,1.0,0.8755212174296166,0.3062340019835832,0.02163515863739542
119.2,24.001061032526174,24.001012747548444,24.0,1.0,0.8755085666221634,0.3062340019835832,0.02163515863739542
119.30000000000001,24.001012747548444,24.000964994570037,24.0,1.0,0.8754959712155844,0.3062340019835832,0.02163515863739542
119.4,24.000964994570037,24.00091778309335,24.0,1.0,0.875483435410961,0.3062340019835832,0.02163515863739542
119.5,24.00091778309335,24.000871122168977,24.0,1.0,0.8754709632897973,0.3062340019835832,0.02163515863739542
119.60000000000001,24.000871122168977,24.00082502040162,24.0,1.0,0.8754585588148225,0.3062340019835832,0.02163515863739542
119.7,24.00082502040162,24.000779485956087,24.0,1.0,0.8754462258308332,0.3062340019835832,0.02163515863739542
119.80000000000001,24.000779485956087,24.000734526563374,24.0,1.0,0.8754339680655809,0.3062340019835832,0.02163515863739542
119.9,24.000734526563374,24.00069014952684,24.0,1.0,0.8754217891306958,0.3062340019835832,0.02163515863739542
