time,temperature,next_temperature,setpoint,disturbance,command,kp,ki
0.0,28.0,28.009975041614634,24.0,0.0,1.0,0.634256712216447,0.037467601201599775
0.1,28.009975041614634,28.019900332501663,24.0,0.0,1.0,0.634256712216447,0.037467601201599775
0.2,28.019900332501663,28.029776120793873,24.0,0.0,1.0,0.634256712216447,0.037467601201599775
0.30000000000000004,28.029776120793873,28.03960265338649,24.0,0.0,1.0,0.634256712216447,0.037467601201599775
0.4,28.03960265338649,28.049380175943334,24.0,0.0,1.0,0.634256712216447,0.037467601201599775
0.5,28.049380175943334,28.059108932902983,24.0,0.0,1.0,0.634256712216447,0.037467601201599775
0.6000000000000001,28.059108932902983,28.068789167484866,24.0,0.0,1.0,0.634256712216447,0.037467601201599775
0.7000000000000001,28.068789167484866,28.078421121695353,24.0,0.0,1.0,0.634256712216447,0.037467601201599775
0.8,28.078421121695353,28.0880050363338,24.0,0.0,1.0,0.634256712216447,0.037467601201599775
0.9,28.0880050363338,28.097541150998573,24.0,0.0,1.0,0.634256712216447,0.037467601201599775
1.0,28.097541150998573,28.107029704093033,24.0,0.0,1.0,0.634256712216447,0.037467601201599775
1.1,28.107029704093033,28.116470932831504,24.0,0.0,1.0,0.634256712216447,0.037467601201599775
1.2000000000000002,28.116470932831504,28.125865073245194,24.0,0.0,1.0,0.634256712216447,0.037467601201599775
1.3,28.125865073245194,28.135212360188106,24.0,0.0,1.0,0.634256712216447,0.037467601201599775
1.4000000000000001,28.135212360188106,28.144513027342896,24.0,0.0,1.0,0.634256712216447,0.037467601201599775
1.5,28.144513027342896,28.15376730722673,24.0,0.0,1.0,0.634256712216447,0.037467601201599775
1.6,28.15376730722673,28.162975431197086,24.0,0.0,1.0,0.634256712216447,0.037467601201599775
1.7000000000000002,28.162975431197086,28.172137629457545,24.0,0.0,1.0,0.634256712216447,0.037467601201599775
1.8,28.172137629457545,28.18125413106354,24.0,0.0,1.0,0.634256712216447,0.037467601201599775
1.9000000000000001,28.18125413106354,28.190325163928083,24.0,0.0,1.0,0.634256712216447,0.037467601201599775
2.0,28.190325163928083,28.19935095482747,24.0,0.0,1.0,0.634256712216447,0.037467601201599775
2.1,28.19935095482747,28.208331729406943,24.0,0.0,1.0,0.634256712216447,0.037467601201599775
2.2,28.208331729406943,28.217267712186338,24.0,0.0,1.0,0.634256712216447,0.037467601201599775
2.3000000000000003,28.217267712186338,28.226159126565687,24.0,0.0,1.0,0.634256712216447,0.037467601201599775
2.4000000000000004,28.226159126565687,28.23500619483081,24.0,0.0,1.0,0.634256712216447,0.037467601201599775
2.5,28.23500619483081,28.243809138158877,24.0,0.0,1.0,0.634256712216447,0.037467601201599775
2.6,28.243809138158877,28.25256817662393,24.0,0.0,1.0,0.634256712216447,0.037467601201599775
2.7,28.25256817662393,28.261283529202387,24.0,0.0,1.0,0.634256712216447,0.037467601201599775
2.8000000000000003,28.261283529202387,28.269955413778515,24.0,0.0,1.0,0.634256712216447,0.037467601201599775
2.9000000000000004,28.269955413778515,28.27858404714988,24.0,0.0,1.0,0.634256712216447,0.037467601201599775
3.0,28.27858404714988,28.28716964503277,24.0,0.0,1.0,0.634256712216447,0.037467601201599775
3.1,28.28716964503277,28.295712422067574,24.0,0.0,1.0,0.634256712216447,0.037467601201599775
3.2,28.295712422067574,28.304212591824164,24.0,0.0,1.0,0.634256712216447,0.037467601201599775
3.3000000000000003,28.304212591824164,28.31267036680723,24.0,0.0,1.0,0.634256712216447,0.037467601201599775
3.4000000000000004,28.31267036680723,28.32108595846158,24.0,0.0,1.0,0.634256712216447,0.037467601201599775
3.5,28.32108595846158,28.329459577177452,24.0,0.0,1.0,0.634256712216447,0.037467601201599775
3.6,28.329459577177452,28.337791432295745,24.0,0.0,1.0,0.634256712216447,0.037467601201599775
3.7,28.337791432295745,28.346081732113273,24.0,0.0,1.0,0.634256712216447,0.037467601201599775
3.8000000000000003,28.346081732113273,28.354330683887962,24.0,0.0,1.0,0.634256712216447,0.037467601201599775
3.9000000000000004,28.354330683887962,28.362538493844035,24.0,0.0,1.0,0.634256712216447,0.037467601201599775
4.0,28.362538493844035,28.37070536717717,24.0,0.0,1.0,0.634256712216447,0.037467601201599775
4.1000000000000005,28.37070536717717,28.378831508059626,24.0,0.0,1.0,0.634256712216447,0.037467601201599775
4.2,28.378831508059626,28.386917119645346,24.0,0.0,1.0,0.634256712216447,0.037467601201599775
4.3,28.386917119645346,28.394962404075045,24.0,0.0,1.0,0.634256712216447,0.037467601201599775
4.4,28.394962404075045,28.402967562481248,24.0,0.0,1.0,0.634256712216447,0.037467601201599775
4.5,28.402967562481248,28.410932794993332,24.0,0.0,1.0,0.634256712216447,0.037467601201599775
4.6000000000000005,28.410932794993332,28.418858300742528,24.0,0.0,1.0,0.634256712216447,0.037467601201599775
4.7,28.418858300742528,28.42674427786689,24.0,0.0,1.0,0.634256712216447,0.037467601201599775
4.800000000000001,28.42674427786689,28.43459092351626,24.0,0.0,1.0,0.634256712216447,0.037467601201599775
4.9,28.43459092351626,28.442398433857186,24.0,0.0,1.0,0.634256712216447,0.037467601201599775
5.0,28.442398433857186,28.410266837619293,24.0,0.0,1.0,0.634256712216447,0.037467601201599775
5.1000000000000005,28.410266837619293,28.37829549838621,24.0,0.0,1.0,0.634256712216447,0.037467601201599775
5.2,28.37829549838621,28.34648361687279,24.0,0.0,1.0,0.634256712216447,0.037467601201599775
5.300000000000001,28.34648361687279,28.314830397780334,24.0,0.0,1.0,0.634256712216447,0.037467601201599775
5.4,28.314830397780334,28.283335049776724,24.0,0.0,1.0,0.634256712216447,0.037467601201599775
5.5,28.283335049776724,28.251996785476614,24.0,0.0,1.0,0.634256712216447,0.037467601201599775
5.6000000000000005,28.251996785476614,28.220814821421765,24.0,0.0,1.0,0.634256712216447,0.037467601201599775
5.7,28.220814821421765,28.189788378061454,24.0,0.0,1.0,0.634256712216447,0.037467601201599775
5.800000000000001,28.189788378061454,28.15891667973298,24.0,0.0,1.0,0.634256712216447,0.037467601201599775
5.9,28.15891667973298,28.128198954642276,24.0,0.0,1.0,0.634256712216447,0.037467601201599775
6.0,28.128198954642276,28.097634434844615,24.0,0.0,1.0,0.634256712216447,0.037467601201599775
6.1000000000000005,28.097634434844615,28.06722235622541,24.0,0.0,1.0,0.634256712216447,0.037467601201599775
6.2,28.06722235622541,28.036961958481115,24.0,0.0,1.0,0.634256712216447,0.037467601201599775
6.300000000000001,28.036961958481115,28.006852485100204,24.0,0.0,1.0,0.634256712216447,0.037467601201599775
6.4,28.006852485100204,27.97689318334428,24.0,0.0,1.0,0.634256712216447,0.037467601201599775
6.5,27.97689318334428,27.947083304229235,24.0,0.0,1.0,0.634256712216447,0.037467601201599775
6.6000000000000005,27.947083304229235,27.917422102506542,24.0,0.0,1.0,0.634256712216447,0.037467601201599775
6.7,27.917422102506542,27.88790883664461,24.0,0.0,1.0,0.634256712216447,0.037467601201599775
6.800000000000001,27.88790883664461,27.858542768810253,24.0,0.0,1.0,0.634256712216447,0.037467601201599775
6.9,27.858542768810253,27.82932316485025,24.0,0.0,1.0,0.634256712216447,0.037467601201599775
7.0,27.82932316485025,27.80024929427298,24.0,0.0,1.0,0.634256712216447,0.037467601201599775
7.1000000000000005,27.80024929427298,27.771320430230162,24.0,0.0,1.0,0.634256712216447,0.037467601201599775
7.2,27.771320430230162,27.74253584949869,24.0,0.0,1.0,0.634256712216447,0.037467601201599775
7.300000000000001,27.74253584949869,27.713894832462547,24.0,0.0,1.0,0.634256712216447,0.037467601201599775
7.4,27.713894832462547,27.685396663094814,24.0,0.0,1.0,0.634256712216447,0.037467601201599775
7.5,27.685396663094814,27.657040628939775,24.0,0.0,1.0,0.634256712216447,0.037467601201599775
7.6000000000000005,27.657040628939775,27.628826021095097,24.0,0.0,1.0,0.634256712216447,0.037467601201599775
7.7,27.628826021095097,27.600752134194114,24.0,0.0,1.0,0.634256712216447,0.037467601201599775
7.800000000000001,27.600752134194114,27.57281826638819,24.0,0.0,1.0,0.634256712216447,0.037467601201599775
7.9,27.57281826638819,27.54502371932918,24.0,0.0,1.0,0.634256712216447,0.037467601201599775
8.0,27.54502371932918,27.517367798151955,24.0,0.0,1.0,0.634256712216447,0.037467601201599775
8.1,27.517367798151955,27.48984981145705,24.0,0.0,1.0,0.634256712216447,0.037467601201599775
8.200000000000001,27.48984981145705,27.462469071293356,24.0,0.0,1.0,0.634256712216447,0.037467601201599775
8.3,27.462469071293356,27.43522489314095,24.0,0.0,1.0,0.634256712216447,0.037467601201599775
8.4,27.43522489314095,27.408116595893958,24.0,0.0,1.0,0.634256712216447,0.037467601201599775
8.5,27.408116595893958,27.381143501843535,24.0,0.0,1.0,0.634256712216447,0.037467601201599775
8.6,27.381143501843535,27.354304936660927,24.0,0.0,1.0,0.634256712216447,0.037467601201599775
8.700000000000001,27.354304936660927,27.327600229380607,24.0,0.0,1.0,0.634256712216447,0.037467601201599775
8.8,27.327600229380607,27.301028712383502,24.0,0.0,1.0,0.634256712216447,0.037467601201599775
8.9,27.301028712383502,27.274589721380302,24.0,0.0,1.0,0.634256712216447,0.037467601201599775
9.0,27.274589721380302,27.248282595394855,24.0,0.0,1.0,0.634256712216447,0.037467601201599775
9.1,27.248282595394855,27.22210667674764,24.0,0.0,1.0,0.634256712216447,0.037467601201599775
9.200000000000001,27.22210667674764,27.19606131103933,24.0,0.0,1.0,0.634256712216447,0.037467601201599775
9.3,27.19606131103933,27.17014584713442,24.0,0.0,1.0,0.634256712216447,0.037467601201599775
9.4,27.17014584713442,27.144359637144973,24.0,0.0,1.0,0.634256712216447,0.037467601201599775
9.5,27.144359637144973,27.118702036414387,24.0,0.0,1.0,0.634256712216447,0.037467601201599775
9.600000000000001,27.118702036414387,27.09317240350131,24.0,0.0,1.0,0.634256712216447,0.037467601201599775
9.700000000000001,27.09317240350131,27.067770100163592,24.0,0.0,1.0,0.634256712216447,0.037467601201599775
9.8,27.067770100163592,27.042494491342325,24.0,0.0,1.0,0.634256712216447,0.037467601201599775
9.9,27.042494491342325,27.01734494514597,24.0,0.0,1.0,0.634256712216447,0.037467601201599775
10.0,27.01734494514597,26.992320832834565,24.0,0.0,1.0,0.634256712216447,0.037467601201599775
10.100000000000001,26.992320832834565,26.967421528803996,24.0,0.0,1.0,0.634256712216447,0.037467601201599775
10.200000000000001,26.967421528803996,26.94264641057037,24.0,0.0,1.0,0.634256712216447,0.037467601201599775
10.3,26.94264641057037,26.917994858754433,24.0,0.0,1.0,0.634256712216447,0.037467601201599775
10.4,26.917994858754433,26.893466257066116,24.0,0.0,1.0,0.634256712216447,0.037467601201599775
10.5,26.893466257066116,26.869059992289092,24.0,0.0,1.0,0.634256712216447,0.037467601201599775
10.600000000000001,26.869059992289092,26.844775454265474,24.0,0.0,1.0,0.634256712216447,0.037467601201599775
10.700000000000001,26.844775454265474,26.820612035880544,24.0,0.0,1.0,0.634256712216447,0.037467601201599775
10.8,26.820612035880544,26.796569133047583,24.0,0.0,1.0,0.634256712216447,0.037467601201599775
10.9,26.796569133047583,26.77264614469277,24.0,0.0,1.0,0.634256712216447,0.037467601201599775
11.0,26.77264614469277,26.74884247274015,24.0,0.0,1.0,0.634256712216447,0.037467601201599775
11.100000000000001,26.74884247274015,26.725157522096687,24.0,0.0,1.0,0.634256712216447,0.037467601201599775
11.200000000000001,26.725157522096687,26.701590700637375,24.0,0.0,1.0,0.634256712216447,0.037467601201599775
11.3,26.701590700637375,26.678141419190453,24.0,0.0,1.0,0.634256712216447,0.037467601201599775
11.4,26.678141419190453,26.654809091522665,24.0,0.0,1.0,0.634256712216447,0.037467601201599775
11.5,26.654809091522665,26.631593134324604,24.0,0.0,1.0,0.634256712216447,0.037467601201599775
11.600000000000001,26.631593134324604,26.608492967196128,24.0,0.0,1.0,0.634256712216447,0.037467601201599775
11.700000000000001,26.608492967196128,26.58550801263186,24.0,0.0,1.0,0.634256712216447,0.037467601201599775
11.8,26.58550801263186,26.562637696006735,24.0,0.0,1.0,0.634256712216447,0.037467601201599775
11.9,26.562637696006735,26.53988144556165,24.0,0.0,1.0,0.634256712216447,0.037467601201599775
12.0,26.53988144556165,26.517238692389157,24.0,0.0,1.0,0.634256712216447,0.037467601201599775
12.100000000000001,26.517238692389157,26.494708870419245,24.0,0.0,1.0,0.634256712216447,0.037467601201599775
12.200000000000001,26.494708870419245,26.472291416405195,24.0,0.0,1.0,0.634256712216447,0.037467601201599775
12.3,26.472291416405195,26.449985769909485,24.0,0.0,1.0,0.634256712216447,0.037467601201599775
12.4,26.449985769909485,26.427791373289793,24.0,0.0,1.0,0.634256712216447,0.037467601201599775
12.5,26.427791373289793,26.40570767168505,24.0,0.0,1.0,0.634256712216447,0.037467601201599775
12.600000000000001,26.40570767168505,26.383734113001562,24.0,0.0,1.0,0.634256712216447,0.037467601201599775
12.700000000000001,26.383734113001562,26.361870147899218,24.0,0.0,1.0,0.634256712216447,0.037467601201599775
12.8,26.361870147899218,26.34011522977775,24.0,0.0,1.0,0.634256712216447,0.037467601201599775
12.9,26.34011522977775,26.31846881476308,24.0,0.0,1.0,0.634256712216447,0.037467601201599775
13.0,26.31846881476308,26.296930361693697,24.0,0.0,1.0,0.634256712216447,0.037467601201599775
13.100000000000001,26.296930361693697,26.275499332107152,24.0,0.0,1.0,0.634256712216447,0.037467601201599775
13.200000000000001,26.275499332107152,26.254175190226597,24.0,0.0,1.0,0.634256712216447,0.037467601201599775
13.3,26.254175190226597,26.232957402947367,24.0,0.0,1.0,0.634256712216447,0.037467601201599775
13.4,26.232957402947367,26.211845439823676,24.0,0.0,1.0,0.634256712216447,0.037467601201599775
13.5,26.211845439823676,26.19083877305535,24.0,0.0,1.0,0.634256712216447,0.037467601201599775
13.600000000000001,26.19083877305535,26.169936877474623,24.0,0.0,1.0,0.634256712216447,0.037467601201599775
13.700000000000001,26.169936877474623,26.149139230533017,24.0,0.0,1.0,0.634256712216447,0.037467601201599775
13.8,26.149139230533017,26.128445312288274,24.0,0.0,1.0,0.634256712216447,0.037467601201599775
13.9,26.128445312288274,26.107854605391363,24.0,0.0,1.0,0.634256712216447,0.037467601201599775
14.0,26.107854605391363,26.08736659507354,24.0,0.0,1.0,0.634256712216447,0.037467601201599775
14.100000000000001,26.08736659507354,26.066980769133476,24.0,0.0,1.0,0.634256712216447,0.037467601201599775
14.200000000000001,26.066980769133476,26.04669661792446,24.0,0.0,1.0,0.634256712216447,0.037467601201599775
14.3,26.04669661792446,26.02651363434166,24.0,0.0,1.0,0.634256712216447,0.037467601201599775
14.4,26.02651363434166,26.006431313809433,24.0,0.0,1.0,0.634256712216447,0.037467601201599775
14.5,26.006431313809433,25.98644915426872,24.0,0.0,1.0,0.634256712216447,0.037467601201599775
14.600000000000001,25.98644915426872,25.96656665616449,24.0,0.0,1.0,0.634256712216447,0.037467601201599775
14.700000000000001,25.96656665616449,25.946783322433255,24.0,0.0,1.0,0.634256712216447,0.037467601201599775
14.8,25.946783322433255,25.927098658490646,24.0,0.0,1.0,0.634256712216447,0.037467601201599775
14.9,25.927098658490646,25.907512172219036,24.0,0.0,1.0,0.634256712216447,0.037467601201599775
15.0,25.907512172219036,25.888023373955246,24.0,0.0,1.0,0.634256712216447,0.037467601201599775
15.100000000000001,25.888023373955246,25.868631776478306,24.0,0.0,1.0,0.634256712216447,0.037467601201599775
15.200000000000001,25.868631776478306,25.849336894997272,24.0,0.0,1.0,0.634256712216447,0.037467601201599775
15.3,25.849336894997272,25.830138247139097,24.0,0.0,1.0,0.634256712216447,0.037467601201599775
15.4,25.830138247139097,25.811035352936585,24.0,0.0,1.0,0.634256712216447,0.037467601201599775
15.5,25.811035352936585,25.79202773481639,24.0,0.0,1.0,0.634256712216447,0.037467601201599775
15.600000000000001,25.79202773481639,25.77311491758707,24.0,0.0,1.0,0.634256712216447,0.037467601201599775
15.700000000000001,25.77311491758707,25.754296428427203,24.0,0.0,1.0,0.634256712216447,0.037467601201599775
15.8,25.754296428427203,25.735571796873586,24.0,0.0,1.0,0.634256712216447,0.037467601201599775
15.9,25.735571796873586,25.71694055480945,24.0,0.0,1.0,0.634256712216447,0.037467601201599775
16.0,25.71694055480945,25.698402236452775,24.0,0.0,1.0,0.634256712216447,0.037467601201599775
16.1,25.698402236452775,25.679956378344638,24.0,0.0,1.0,0.634256712216447,0.037467601201599775
16.2,25.679956378344638,25.661602519337624,24.0,0.0,1.0,0.634256712216447,0.037467601201599775
16.3,25.661602519337624,25.6433402005843,24.0,0.0,1.0,0.634256712216447,0.037467601201599775
16.400000000000002,25.6433402005843,25.625168965525752,24.0,0.0,1.0,0.634256712216447,0.037467601201599775
16.5,25.625168965525752,25.60708835988015,24.0,0.0,1.0,0.634256712216447,0.037467601201599775
16.6,25.60708835988015,25.589097931631414,24.0,0.0,1.0,0.634256712216447,0.037467601201599775
16.7,25.589097931631414,25.5711972310179,24.0,0.0,1.0,0.634256712216447,0.037467601201599775
16.8,25.5711972310179,25.553385810521164,24.0,0.0,0.9965423899889995,0.634256712216447,0.037467601201599775
16.900000000000002,25.553385810521164,25.535663224854762,24.0,0.0,0.9910655409909169,0.634256712216447,0.037467601201599775
17.0,25.535663224854762,25.51802903095313,24.0,0.0,0.9855786338030528,0.634256712216447,0.037467601201599775
17.1,25.51802903095313,25.500482787960504,24.0,0.0,0.9800817185908368,0.634256712216447,0.037467601201599775
17.2,25.500482787960504,25.483024057219893,24.0,0.0,0.9745748452694997,0.634256712216447,0.037467601201599775
17.3,25.483024057219893,25.465652402262123,24.0,0.0,0.9690580635053171,0.634256712216447,0.037467601201599775
17.400000000000002,25.465652402262123,25.44836738879491,24.0,0.0,0.9635314227168554,0.634256712216447,0.037467601201599775
17.5,25.44836738879491,25.43116858469202,24.0,0.0,0.9579949720762012,0.634256712216447,0.037467601201599775
17.6,25.43116858469202,25.414055559982454,24.0,0.0,0.9524487605101976,0.634256712216447,0.037467601201599775
17.7,25.414055559982454,25.3970278868397,24.0,0.0,0.946892836701662,0.634256712216447,0.037467601201599775
17.8,25.3970278868397,25.38008513957105,24.0,0.0,0.9413272490906058,0.634256712216447,0.037467601201599775
17.900000000000002,25.38008513957105,25.363226894606935,24.0,0.0,0.9357520458754474,0.634256712216447,0.037467601201599775
18.0,25.363226894606935,25.346452730490352,24.0,0.0,0.9301672750142107,0.634256712216447,0.037467601201599775
18.1,25.346452730490352,25.329762227866325,24.0,0.0,0.9245729842257292,0.634256712216447,0.037467601201599775
18.2,25.329762227866325,25.313154969471423,24.0,0.0,0.9189692209908388,0.634256712216447,0.037467601201599775
18.3,25.313154969471423,25.296630540123317,24.0,0.0,0.9133560325535645,0.634256712216447,0.037467601201599775
18.400000000000002,25.296630540123317,25.28018852671041,24.0,0.0,0.9077334659222973,0.634256712216447,0.037467601201599775
18.5,25.28018852671041,25.26382851818152,24.0,0.0,0.9021015678709738,0.634256712216447,0.037467601201599775
18.6,25.26382851818152,25.247550105535574,24.0,0.0,0.8964603849402492,0.634256712216447,0.037467601201599775
18.7,25.247550105535574,25.231352881811407,24.0,0.0,0.8908099634386512,0.634256712216447,0.037467601201599775
18.8,25.231352881811407,25.215236442077586,24.0,0.0,0.8851503494437423,0.634256712216447,0.037467601201599775
18.900000000000002,25.215236442077586,25.19920038342228,24.0,0.0,0.8794815888032756,0.634256712216447,0.037467601201599775
19.0,25.19920038342228,25.183244304943184,24.0,0.0,0.8738037271363382,0.634256712216447,0.037467601201599775
19.1,25.183244304943184,25.167367807737506,24.0,0.0,0.8681168098344867,0.634256712216447,0.037467601201599775
19.200000000000003,25.167367807737506,25.15157049489199,24.0,0.0,0.8624208820628892,0.634256712216447,0.037467601201599775
19.3,25.15157049489199,25.135851971472984,24.0,0.0,0.8567159887614508,0.634256712216447,0.037467601201599775
19.400000000000002,25.135851971472984,25.120211844516596,24.0,0.0,0.8510021746459363,0.634256712216447,0.037467601201599775
19.5,25.120211844516596,25.10464972301883,24.0,0.0,0.8452794842090954,0.634256712216447,0.037467601201599775
19.6,25.10464972301883,25.089165217925842,24.0,0.0,0.8395479617217625,0.634256712216447,0.037467601201599775
19.700000000000003,25.089165217925842,25.073757942124196,24.0,0.0,0.8338076512339745,0.634256712216447,0.037467601201599775
19.8,25.073757942124196,25.058427510431194,24.0,0.0,0.8280585965760663,0.634256712216447,0.037467601201599775
19.900000000000002,25.058427510431194,25.043173539585247,24.0,0.0,0.822300841359768,0.634256712216447,0.037467601201599775
20.0,25.043173539585247,25.02799564823629,24.0,0.0,0.8165344289792962,0.634256712216447,0.037467601201599775
20.1,25.02799564823629,25.012893456936244,24.0,0.0,0.810759402612437,0.634256712216447,0.037467601201599775
20.200000000000003,25.012893456936244,24.997866588129543,24.0,0.0,0.8049758052216265,0.634256712216447,0.037467601201599775
20.3,24.997866588129543,24.982914666143685,24.0,0.0,0.7991836795550248,0.634256712216447,0.037467601201599775
20.400000000000002,24.982914666143685,24.968037317179842,24.0,0.0,0.793383068147585,0.634256712216447,0.037467601201599775
20.5,24.968037317179842,24.953234169303514,24.0,0.0,0.7875740133221172,0.634256712216447,0.037467601201599775
20.6,24.953234169303514,24.93850485243523,24.0,0.0,0.7817565571903433,0.634256712216447,0.037467601201599775
20.700000000000003,24.93850485243523,24.923848998341306,24.0,0.0,0.7759307416539525,0.634256712216447,0.037467601201599775
20.8,24.923848998341306,24.909266240624625,24.0,0.0,0.7700966084056514,0.634256712216447,0.037467601201599775
20.900000000000002,24.909266240624625,24.894756214715482,24.0,0.0,0.7642541989302002,0.634256712216447,0.037467601201599775
21.0,24.894756214715482,24.880318557862477,24.0,0.0,0.758403554505453,0.634256712216447,0.037467601201599775
21.1,24.880318557862477,24.865952909123436,24.0,0.0,0.7525447162033927,0.634256712216447,0.037467601201599775
21.200000000000003,24.865952909123436,24.85165890935639,24.0,0.0,0.7466777248911526,0.634256712216447,0.037467601201599775
21.3,24.85165890935639,24.837436201210604,24.0,0.0,0.7408026212320397,0.634256712216447,0.037467601201599775
21.400000000000002,24.837436201210604,24.823284429117628,24.0,0.0,0.7349194456865525,0.634256712216447,0.037467601201599775
21.5,24.823284429117628,24.80920323928243,24.0,0.0,0.7290282385133916,0.634256712216447,0.037467601201599775
21.6,24.80920323928243,24.795192279674524,24.0,0.0,0.7231290397704702,0.634256712216447,0.037467601201599775
21.700000000000003,24.795192279674524,24.78125120001919,24.0,0.0,0.7172218893159065,0.634256712216447,0.037467601201599775
21.8,24.78125120001919,24.767517611003704,24.0,0.0,0.711306826809027,0.634256712216447,0.037467601201599775
21.900000000000002,24.767517611003704,24.754071045735884,24.0,0.0,0.7054719101695612,0.634256712216447,0.037467601201599775
22.0,24.754071045735884,24.740910474002263,24.0,0.0,0.6997686592141203,0.634256712216447,0.037467601201599775
22.1,24.740910474002263,24.728034868725974,24.0,0.0,0.6941974920720655,0.634256712216447,0.037467601201599775
22.200000000000003,24.728034868725974,24.715443205961098,24.0,0.0,0.6887588250139581,0.634256712216447,0.037467601201599775
22.3,24.715443205961098,24.703134464886965,24.0,0.0,0.6834530724597039,0.634256712216447,0.037467601201599775
22.400000000000002,24.703134464886965,24.691107627802467,24.0,0.0,0.6782806469866494,0.634256712216447,0.037467601201599775
22.5,24.691107627802467,24.679361680120326,24.0,0.0,0.6732419593376614,0.634256712216447,0.037467601201599775
22.6,24.679361680120326,24.66789561036135,24.0,0.0,0.6683374184291604,0.634256712216447,0.037467601201599775
22.700000000000003,24.66789561036135,24.656708410148664,24.0,0.0,0.6635674313591187,0.634256712216447,0.037467601201599775
22.8,24.656708410148664,24.645799074201935,24.0,0.0,0.6589324034150326,0.634256712216447,0.037467601201599775
22.900000000000002,24.645799074201935,24.635166600331562,24.0,0.0,0.6544327380818522,0.634256712216447,0.037467601201599775
23.0,24.635166600331562,24.624809989432848,24.0,0.0,0.6500688370498817,0.634256712216447,0.037467601201599775
23.1,24.624809989432848,24.614728245480162,24.0,0.0,0.6458411002226426,0.634256712216447,0.037467601201599775
23.200000000000003,24.614728245480162,24.60492037552108,24.0,0.0,0.641749925724705,0.634256712216447,0.037467601201599775
23.3,24.60492037552108,24.595385389670504,24.0,0.0,0.6377957099094853,0.634256712216447,0.037467601201599775
23.400000000000002,24.595385389670504,24.586122301104766,24.0,0.0,0.6339788473670127,0.634256712216447,0.037467601201599775
23.5,24.586122301104766,24.577130126055714,24.0,0.0,0.6302997309316534,0.634256712216447,0.037467601201599775
23.6,24.577130126055714,24.568407883804785,24.0,0.0,0.6267587516898154,0.634256712216447,0.037467601201599775
23.700000000000003,24.568407883804785,24.55995459667704,24.0,0.0,0.62335629898761,0.634256712216447,0.037467601201599775
23.8,24.55995459667704,24.551769290035224,24.0,0.0,0.6200927604384758,0.634256712216447,0.037467601201599775
23.900000000000002,24.551769290035224,24.543850992273768,24.0,0.0,0.6169685219307866,0.634256712216447,0.037467601201599775
24.0,24.543850992273768,24.536198734812796,24.0,0.0,0.6139839676354151,0.634256712216447,0.037467601201599775
24.1,24.536198734812796,24.52881155209211,24.0,0.0,0.6111394800132621,0.634256712216447,0.037467601201599775
24.200000000000003,24.52881155209211,24.521688481565178,24.0,0.0,0.6084354398227572,0.634256712216447,0.037467601201599775
24.3,24.521688481565178,24.514828563693065,24.0,0.0,0.6058722261273337,0.634256712216447,0.037467601201599775
24.400000000000002,24.514828563693065,24.508230841938396,24.0,0.0,0.603450216302857,0.634256712216447,0.037467601201599775
24.5,24.508230841938396,24.50189436275928,24.0,0.0,0.6011697860450314,0.634256712216447,0.037467601201599775
24.6,24.50189436275928,24.495818175603222,24.0,0.0,0.5990313093767774,0.634256712216447,0.037467601201599775
24.700000000000003,24.495818175603222,24.49000133290102,24.0,0.0,0.5970351586555649,0.634256712216447,0.037467601201599775
24.8,24.49000133290102,24.484442890060656,24.0,0.0,0.5951817045807244,0.634256712216447,0.037467601201599775
24.900000000000002,24.484442890060656,24.479141905461173,24.0,0.0,0.5934713162007264,0.634256712216447,0.037467601201599775
25.0,24.479141905461173,24.47409744044653,24.0,0.0,0.5919043609204278,0.634256712216447,0.037467601201599775
25.1,24.47409744044653,24.46930855931945,24.0,0.0,0.5904812045082851,0.634256712216447,0.037467601201599775
25.200000000000003,24.46930855931945,24.464774329335256,24.0,0.0,0.5892022111035358,0.634256712216447,0.037467601201599775
25.3,24.464774329335256,24.4604938206957,24.0,0.0,0.5880677432233545,0.634256712216447,0.037467601201599775
25.400000000000002,24.4604938206957,24.456466106542766,24.0,0.0,0.5870781617699778,0.634256712216447,0.037467601201599775
25.5,24.456466106542766,24.45269026295248,24.0,0.0,0.5862338260377901,0.634256712216447,0.037467601201599775
25.6,24.45269026295248,24.44916536892869,24.0,0.0,0.5855350937203865,0.634256712216447,0.037467601201599775
25.700000000000003,24.44916536892869,24.445890506396843,24.0,0.0,0.5849823209176045,0.634256712216447,0.037467601201599775
25.8,24.445890506396843,24.442864760197764,24.0,0.0,0.5845758621425206,0.634256712216447,0.037467601201599775
25.900000000000002,24.442864760197764,24.440087218081402,24.0,0.0,0.5843160703284248,0.634256712216447,0.037467601201599775
26.0,24.440087218081402,24.437556970700577,24.0,0.0,0.5842032968357576,0.634256712216447,0.037467601201599775
26.1,24.437556970700577,24.435273111604715,24.0,0.0,0.5842378914590198,0.634256712216447,0.037467601201599775
26.200000000000003,24.435273111604715,24.433234737233583,24.0,0.0,0.5844202024336518,0.634256712216447,0.037467601201599775
26.3,24.433234737233583,24.431440946911003,24.0,0.0,0.584750576442886,0.634256712216447,0.037467601201599775
26.400000000000002,24.431440946911003,24.42989084283855,24.0,0.0,0.5852293586245709,0.634256712216447,0.037467601201599775
26.5,24.42989084283855,24.428583530089263,24.0,0.0,0.5858568925779526,0.634256712216447,0.037467601201599775
26.6,24.428583530089263,24.427518116601327,24.0,0.0,0.5866335203704472,0.634256712216447,0.037467601201599775
26.700000000000003,24.427518116601327,24.426693713171765,24.0,0.0,0.5875595825443657,0.634256712216447,0.037467601201599775
26.8,24.426693713171765,24.426109433450097,24.0,0.0,0.5886354181236271,0.634256712216447,0.037467601201599775
26.900000000000002,24.426109433450097,24.425760881980885,24.0,0.0,0.5898613646204219,0.634256712216447,0.037467601201599775
27.0,24.425760881980885,24.425641629581857,24.0,0.0,0.5912355174048513,0.634256712216447,0.037467601201599775
27.1,24.425641629581857,24.425745262452985,24.0,0.0,0.5927546578535172,0.634256712216447,0.037467601201599775
27.200000000000003,24.425745262452985,24.42606538217394,24.0,0.0,0.5944155530683418,0.634256712216447,0.037467601201599775
27.3,24.42606538217394,24.426595605701234,24.0,0.0,0.5962149559325818,0.634256712216447,0.037467601201599775
27.400000000000002,24.426595605701234,24.42732956536502,24.0,0.0,0.5981496051666187,0.634256712216447,0.037467601201599775
27.5,24.42732956536502,24.42826090886564,24.0,0.0,0.6002162253835467,0.634256712216447,0.037467601201599775
27.6,24.42826090886564,24.429383299269823,24.0,0.0,0.6024115271445539,0.634256712216447,0.037467601201599775
27.700000000000003,24.429383299269823,24.43069041500661,24.0,0.0,0.604732207014102,0.634256712216447,0.037467601201599775
27.8,24.43069041500661,24.43217594986297,24.0,0.0,0.6071749476148842,0.634256712216447,0.037467601201599775
27.900000000000002,24.43217594986297,24.433833612979125,24.0,0.0,0.6097364176826015,0.634256712216447,0.037467601201599775
28.0,24.433833612979125,24.435657128843584,24.0,0.0,0.6124132721205118,0.634256712216447,0.037467601201599775
28.1,24.435657128843584,24.437640237287876,24.0,0.0,0.6152021520537924,0.634256712216447,0.037467601201599775
28.200000000000003,24.437640237287876,24.43977669348102,24.0,0.0,0.6180996848836857,0.634256712216447,0.037467601201599775
28.3,24.43977669348102,24.442060267923683,24.0,0.0,0.621102484341453,0.634256712216447,0.037467601201599775
28.400000000000002,24.442060267923683,24.444484746442093,24.0,0.0,0.6242071505421225,0.634256712216447,0.037467601201599775
28.5,24.444484746442093,24.447043930181636,24.0,0.0,0.6274102700380373,0.634256712216447,0.037467601201599775
28.6,24.447043930181636,24.449731635600205,24.0,0.0,0.6307084158722015,0.634256712216447,0.037467601201599775
28.700000000000003,24.449731635600205,24.45254169446126,24.0,0.0,0.634098147631431,0.634256712216447,0.037467601201599775
28.8,24.45254169446126,24.45546795382663,24.0,0.0,0.6375760114992954,0.634256712216447,0.037467601201599775
28.900000000000002,24.45546795382663,24.45850427604904,24.0,0.0,0.6411385403088763,0.634256712216447,0.037467601201599775
29.0,24.45850427604904,24.46164453876438,24.0,0.0,0.6447822535953155,0.634256712216447,0.037467601201599775
29.1,24.46164453876438,24.464882634883697,24.0,0.0,0.6485036576481735,0.634256712216447,0.037467601201599775
29.200000000000003,24.464882634883697,24.468212472584955,24.0,0.0,0.6522992455635903,0.634256712216447,0.037467601201599775
29.3,24.468212472584955,24.47162797530451,24.0,0.0,0.6561654972962476,0.634256712216447,0.037467601201599775
29.400000000000002,24.47162797530451,24.475123081728345,24.0,0.0,0.6600988797111418,0.634256712216447,0.037467601201599775
29.5,24.475123081728345,24.478691745783053,24.0,0.0,0.6640958466351568,0.634256712216447,0.037467601201599775
29.6,24.478691745783053,24.482327936626564,24.0,0.0,0.6681528389084503,0.634256712216447,0.037467601201599775
29.700000000000003,24.482327936626564,24.486025638638637,24.0,0.0,0.6722662844356392,0.634256712216447,0.037467601201599775
29.8,24.486025638638637,24.489778851411092,24.0,0.0,0.6764325982367988,0.634256712216447,0.037467601201599775
29.900000000000002,24.489778851411092,24.493581589737822,24.0,0.0,0.68064818249827,0.634256712216447,0.037467601201599775
30.0,24.493581589737822,24.49742788360454,24.0,0.0,0.6849094266232759,0.634256712216447,0.037467601201599775
30.1,24.49742788360454,24.50131177817831,24.0,0.0,0.6892127072823444,0.634256712216447,0.037467601201599775
30.200000000000003,24.50131177817831,24.505227333796824,24.0,0.0,0.6935543884635427,0.634256712216447,0.037467601201599775
30.3,24.505227333796824,24.509168625957482,24.0,0.0,0.6979308215225279,0.634256712216447,0.037467601201599775
30.400000000000002,24.509168625957482,24.513129745306195,24.0,0.0,0.7023383452324052,0.634256712216447,0.037467601201599775
30.5,24.513129745306195,24.517104797625997,24.0,0.0,0.7067732858333977,0.634256712216447,0.037467601201599775
30.6,24.517104797625997,24.521087903825418,24.0,0.0,0.7112319570823322,0.634256712216447,0.037467601201599775
30.700000000000003,24.521087903825418,24.525073199926638,24.0,0.0,0.7157106603019365,0.634256712216447,0.037467601201599775
30.8,24.525073199926638,24.529054837053412,24.0,0.0,0.7202056844299554,0.634256712216447,0.037467601201599775
30.900000000000002,24.529054837053412,24.533026981418796,24.0,0.0,0.7247133060680715,0.634256712216447,0.037467601201599775
31.0,24.533026981418796,24.536983814312638,24.0,0.0,0.7292297895306585,0.634256712216447,0.037467601201599775
31.1,24.536983814312638,24.540919532088864,24.0,0.0,0.7337513868933344,0.634256712216447,0.037467601201599775
31.200000000000003,24.540919532088864,24.544828346152556,24.0,0.0,0.7382743380413417,0.634256712216447,0.037467601201599775
31.3,24.544828346152556,24.54870448294681,24.0,0.0,0.7427948707177414,0.634256712216447,0.037467601201599775
31.400000000000002,24.54870448294681,24.552542183939405,24.0,0.0,0.7473092005714244,0.634256712216447,0.037467601201599775
31.5,24.552542183939405,24.55633570560925,24.0,0.0,0.7518135312049474,0.634256712216447,0.037467601201599775
31.6,24.55633570560925,24.560079319432635,24.0,0.0,0.756304054222183,0.634256712216447,0.037467601201599775
31.700000000000003,24.560079319432635,24.56376731186929,24.0,0.0,0.7607769492757879,0.634256712216447,0.037467601201599775
31.8,24.56376731186929,24.56739398434824,24.0,0.0,0.7652283841145024,0.634256712216447,0.037467601201599775
31.900000000000002,24.56739398434824,24.570953653253444,24.0,0.0,0.7696545146302605,0.634256712216447,0.037467601201599775
32.0,24.570953653253444,24.57444073931108,24.0,0.0,0.774051484905124,0.634256712216447,0.037467601201599775
32.1,24.57444073931108,24.57784981949767,24.0,0.0,0.7784154842967017,0.634256712216447,0.037467601201599775
32.2,24.57784981949767,24.58117562683035,24.0,0.0,0.7827427809466656,0.634256712216447,0.037467601201599775
32.300000000000004,24.58117562683035,24.584413050155952,24.0,0.0,0.7870297222323752,0.634256712216447,0.037467601201599775
32.4,24.584413050155952,24.58755713393888,24.0,0.0,0.7912727352169489,0.634256712216447,0.037467601201599775
32.5,24.58755713393888,24.590603078047856,24.0,0.0,0.7954683270977996,0.634256712216447,0.037467601201599775
32.6,24.590603078047856,24.59354623754152,24.0,0.0,0.7996130856536272,0.634256712216447,0.037467601201599775
32.7,24.59354623754152,24.59638212245288,24.0,0.0,0.8037036796898991,0.634256712216447,0.037467601201599775
32.800000000000004,24.59638212245288,24.59910639757265,24.0,0.0,0.807736859482785,0.634256712216447,0.037467601201599775
32.9,24.59910639757265,24.601714882231494,24.0,0.0,0.811709457221582,0.634256712216447,0.037467601201599775
33.0,24.601714882231494,24.60420355008117,24.0,0.0,0.8156183874496187,0.634256712216447,0.037467601201599775
33.1,24.60420355008117,24.606568528874593,24.0,0.0,0.8194606475036559,0.634256712216447,0.037467601201599775
33.2,24.606568528874593,24.60880610024484,24.0,0.0,0.8232333179517657,0.634256712216447,0.037467601201599775
33.300000000000004,24.60880610024484,24.610912699483116,24.0,0.0,0.8269335630297163,0.634256712216447,0.037467601201599775
33.4,24.610912699483116,24.612884915315654,24.0,0.0,0.8305586310758646,0.634256712216447,0.037467601201599775
33.5,24.612884915315654,24.614719489679615,24.0,0.0,0.8341058549645435,0.634256712216447,0.037467601201599775
33.6,24.614719489679615,24.616413317497976,24.0,0.0,0.837572652537963,0.634256712216447,0.037467601201599775
33.7,24.616413317497976,24.617963446453405,24.0,0.0,0.8409565270366341,0.634256712216447,0.037467601201599775
33.800000000000004,24.617963446453405,24.61936707676117,24.0,0.0,0.8442550675283046,0.634256712216447,0.037467601201599775
33.9,24.61936707676117,24.62062156094105,24.0,0.0,0.8474659493354226,0.634256712216447,0.037467601201599775
34.0,24.62062156094105,24.621724403588328,24.0,0.0,0.850586934461127,0.634256712216447,0.037467601201599775
34.1,24.621724403588328,24.622673261143785,24.0,0.0,0.8536158720137764,0.634256712216447,0.037467601201599775
34.2,24.622673261143785,24.623465941662808,24.0,0.0,0.8565506986300059,0.634256712216447,0.037467601201599775
34.300000000000004,24.623465941662808,24.624100404583544,24.0,0.0,0.8593894388963397,0.634256712216447,0.037467601201599775
34.4,24.624100404583544,24.624574760494163,24.0,0.0,0.8621302057693383,0.634256712216447,0.037467601201599775
34.5,24.624574760494163,24.62488727089921,24.0,0.0,0.8647712009943059,0.634256712216447,0.037467601201599775
34.6,24.62488727089921,24.625036347985088,24.0,0.0,0.8673107155225465,0.634256712216447,0.037467601201599775
34.7,24.625036347985088,24.62502055438464,24.0,0.0,0.8697471299271818,0.634256712216447,0.037467601201599775
34.800000000000004,24.62502055438464,24.62483860294092,24.0,0.0,0.872078914817537,0.634256712216447,0.037467601201599775
34.9,24.62483860294092,24.624489356470058,24.0,0.0,0.8743046312520946,0.634256712216447,0.037467601201599775
35.0,24.624489356470058,24.623971827523327,24.0,0.0,0.8764229311500191,0.634256712216447,0.037467601201599775
35.1,24.623971827523327,24.62328517814837,24.0,0.0,0.8784325577012569,0.634256712216447,0.037467601201599775
35.2,24.62328517814837,24.622428719649623,24.0,0.0,0.8803323457752252,0.634256712216447,0.037467601201599775
35.300000000000004,24.622428719649623,24.62140191234791,24.0,0.0,0.8821212223280843,0.634256712216447,0.037467601201599775
35.4,24.62140191234791,24.620204365339283,24.0,0.0,0.8837982068085963,0.634256712216447,0.037467601201599775
35.5,24.620204365339283,24.61883583625307,24.0,0.0,0.8853624115625827,0.634256712216447,0.037467601201599775
35.6,24.61883583625307,24.61729623100913,24.0,0.0,0.8868130422359868,0.634256712216447,0.037467601201599775
35.7,24.61729623100913,24.615585603574402,24.0,0.0,0.8881493981765256,0.634256712216447,0.037467601201599775
35.800000000000004,24.615585603574402,24.613704155718654,24.0,0.0,0.8893708728339642,0.634256712216447,0.037467601201599775
35.9,24.613704155718654,24.61165223676954,24.0,0.0,0.8904769541589939,0.634256712216447,0.037467601201599775
36.0,24.61165223676954,24.609430343366917,24.0,0.0,0.891467225000729,0.634256712216447,0.037467601201599775
36.1,24.609430343366917,24.60703911921644,24.0,0.0,0.8923413635028282,0.634256712216447,0.037467601201599775
36.2,24.60703911921644,24.604479354842482,24.0,0.0,0.8930991434982324,0.634256712216447,0.037467601201599775
36.300000000000004,24.604479354842482,24.60175198734033,24.0,0.0,0.89374043490254,0.634256712216447,0.037467601201599775
36.4,24.60175198734033,24.59885810012773,24.0,0.0,0.894265204106012,0.634256712216447,0.037467601201599775
36.5,24.59885810012773,24.59579892269576,24.0,0.0,0.8946735143642183,0.634256712216447,0.037467601201599775
36.6,24.59579892269576,24.59257583035901,24.0,0.0,0.8949655261873198,0.634256712216447,0.037467601201599775
36.7,24.59257583035901,24.58919034400516,24.0,0.0,0.8951414977280026,0.634256712216447,0.037467601201599775
36.800000000000004,24.58919034400516,24.5856441298439,24.0,0.0,0.8952017851680583,0.634256712216447,0.037467601201599775
36.9,24.5856441298439,24.58193899915521,24.0,0.0,0.8951468431036262,0.634256712216447,0.037467601201599775
37.0,24.58193899915521,24.578076908037044,24.0,0.0,0.8949772249290857,0.634256712216447,0.037467601201599775
37.1,24.578076908037044,24.574059954876542,24.0,0.0,0.8946935832196166,0.634256712216447,0.037467601201599775
37.2,24.574059954876542,24.56989037649686,24.0,0.0,0.8942966686604216,0.634256712216447,0.037467601201599775
37.300000000000004,24.56989037649686,24.565570544305206,24.0,0.0,0.8937873281215176,0.634256712216447,0.037467601201599775
37.4,24.565570544305206,24.561102960442124,24.0,0.0,0.8931665027188518,0.634256712216447,0.037467601201599775
37.5,24.561102960442124,24.55649025393208,24.0,0.0,0.8924352258617902,0.634256712216447,0.037467601201599775
37.6,24.55649025393208,24.55173517683542,24.0,0.0,0.8915946212870001,0.634256712216447,0.037467601201599775
37.7,24.55173517683542,24.54684060040176,24.0,0.0,0.8906459010787948,0.634256712216447,0.037467601201599775
37.800000000000004,24.54684060040176,24.541809511224816,24.0,0.0,0.8895903636759592,0.634256712216447,0.037467601201599775
37.9,24.541809511224816,24.53664500739877,24.0,0.0,0.8884293918651024,0.634256712216447,0.037467601201599775
38.0,24.53664500739877,24.531350294676248,24.0,0.0,0.8871644507605707,0.634256712216447,0.037467601201599775
38.1,24.531350294676248,24.52592868262786,24.0,0.0,0.8857970857709805,0.634256712216447,0.037467601201599775
38.2,24.52592868262786,24.520383580803504,24.0,0.0,0.8843289205523757,0.634256712216447,0.037467601201599775
38.300000000000004,24.520383580803504,24.514718494895327,24.0,0.0,0.8827616549480946,0.634256712216447,0.037467601201599775
38.400000000000006,24.514718494895327,24.508937022902526,24.0,0.0,0.881097062915333,0.634256712216447,0.037467601201599775
38.5,24.508937022902526,24.503042851297963,24.0,0.0,0.8793369904384917,0.634256712216447,0.037467601201599775
38.6,24.503042851297963,24.49703975119666,24.0,0.0,0.8774833534293167,0.634256712216447,0.037467601201599775
38.7,24.49703975119666,24.49093157452625,24.0,0.0,0.8755381356138758,0.634256712216447,0.037467601201599775
38.800000000000004,24.49093157452625,24.48472225019939,24.0,0.0,0.8735033864064272,0.634256712216447,0.037467601201599775
38.900000000000006,24.48472225019939,24.478415780288227,24.0,0.0,0.8713812187701883,0.634256712216447,0.037467601201599775
39.0,24.478415780288227,24.472016236200936,24.0,0.0,0.8691738070650814,0.634256712216447,0.037467601201599775
39.1,24.472016236200936,24.465527754860396,24.0,0.0,0.8668833848824578,0.634256712216447,0.037467601201599775
39.2,24.465527754860396,24.458954534885034,24.0,0.0,0.8645122428668677,0.634256712216447,0.037467601201599775
39.300000000000004,24.458954534885034,24.45230083277191,24.0,0.0,0.862062726524893,0.634256712216447,0.037467601201599775
39.400000000000006,24.45230083277191,24.44557095908207,24.0,0.0,0.8595372340211007,0.634256712216447,0.037467601201599775
39.5,24.44557095908207,24.438769274628193,24.0,0.0,0.8569382139611396,0.634256712216447,0.037467601201599775
39.6,24.438769274628193,24.431900186664652,24.0,0.0,0.8542681631620188,0.634256712216447,0.037467601201599775
39.7,24.431900186664652,24.42496814507995,24.0,0.0,0.8515296244096229,0.634256712216447,0.037467601201599775
39.800000000000004,24.42496814507995,24.41797763859162,24.0,0.0,0.8487251842034866,0.634256712216447,0.037467601201599775
39.900000000000006,24.41797763859162,24.410933190943624,24.0,0.0,0.8458574704888631,0.634256712216447,0.037467601201599775
40.0,24.410933190943624,24.403839357106314,24.0,0.0,0.8429291503761421,0.634256712216447,0.037467601201599775
40.1,24.403839357106314,24.396700719478957,24.0,0.0,0.8399429278476374,0.634256712216447,0.037467601201599775
40.2,24.396700719478957,24.389521884094915,24.0,0.0,0.836901541451788,0.634256712216447,0.037467601201599775
40.300000000000004,24.389521884094915,24.38230747682949,24.0,0.0,0.8338077619848184,0.634256712216447,0.037467601201599775
40.400000000000006,24.38230747682949,24.375062139610492,24.0,0.0,0.8306643901598826,0.634256712216447,0.037467601201599775
40.5,24.375062139610492,24.36779052663157,24.0,0.0,0.8274742542637366,0.634256712216447,0.037467601201599775
40.6,24.36779052663157,24.360497300568344,24.0,0.0,0.8242402078009708,0.634256712216447,0.037467601201599775
40.7,24.360497300568344,24.353187128797387,24.0,0.0,0.8209651271258528,0.634256712216447,0.037467601201599775
40.800000000000004,24.353187128797387,24.345864679618085,24.0,0.0,0.8176519090618,0.634256712216447,0.037467601201599775
40.900000000000006,24.345864679618085,24.33853461847744,24.0,0.0,0.8143034685085289,0.634256712216447,0.037467601201599775
41.0,24.33853461847744,24.33120160419783,24.0,0.0,0.810922736036922,0.634256712216447,0.037467601201599775
41.1,24.33120160419783,24.32387028520778,24.0,0.0,0.8075126554716421,0.634256712216447,0.037467601201599775
41.2,24.32387028520778,24.31654529577578,24.0,0.0,0.8040761814615236,0.634256712216447,0.037467601201599775
41.300000000000004,24.31654529577578,24.309231252247205,24.0,0.0,0.8006162770378,0.634256712216447,0.037467601201599775
41.400000000000006,24.309231252247205,24.301932749284344,24.0,0.0,0.7971359111601859,0.634256712216447,0.037467601201599775
41.5,24.301932749284344,24.294654356109604,24.0,0.0,0.7936380562508484,0.634256712216447,0.037467601201599775
41.6,24.294654356109604,24.287400612751917,24.0,0.0,0.7901256857163219,0.634256712216447,0.037467601201599775
41.7,24.287400612751917,24.28017602629639,24.0,0.0,0.7866017714573821,0.634256712216447,0.037467601201599775
41.800000000000004,24.28017602629639,24.272985067137245,24.0,0.0,0.7830692813669295,0.634256712216447,0.037467601201599775
41.900000000000006,24.272985067137245,24.265832165234045,24.0,0.0,0.7795311768159157,0.634256712216447,0.037467601201599775
42.0,24.265832165234045,24.25872170637132,24.0,0.0,0.7759904101273396,0.634256712216447,0.037467601201599775
42.1,24.25872170637132,24.25165802842154,24.0,0.0,0.7724499220383683,0.634256712216447,0.037467601201599775
42.2,24.25165802842154,24.244645417669496,24.0,0.0,0.7689126391505948,0.634256712216447,0.037467601201599775
42.300000000000004,24.244645417669496,24.237688105231776,24.0,0.0,0.7653814714054525,0.634256712216447,0.037467601201599775
42.400000000000006,24.237688105231776,24.23079026357151,24.0,0.0,0.7618593096065605,0.634256712216447,0.037467601201599775
42.5,24.23079026357151,24.223956003108377,24.0,0.0,0.7583490229894018,0.634256712216447,0.037467601201599775
42.6,24.223956003108377,24.217189368923965,24.0,0.0,0.7548534568387408,0.634256712216447,0.037467601201599775
42.7,24.217189368923965,24.210494337562572,24.0,0.0,0.7513754301541711,0.634256712216447,0.037467601201599775
42.800000000000004,24.210494337562572,24.203874813927477,24.0,0.0,0.7479177333642073,0.634256712216447,0.037467601201599775
42.900000000000006,24.203874813927477,24.197334628272753,24.0,0.0,0.7444831260893015,0.634256712216447,0.037467601201599775
43.0,24.197334628272753,24.190877533290696,24.0,0.0,0.7410743349541895,0.634256712216447,0.037467601201599775
43.1,24.190877533290696,24.184507201294913,24.0,0.0,0.7376940514499688,0.634256712216447,0.037467601201599775
43.2,24.184507201294913,24.178227221499117,24.0,0.0,0.7343449298462907,0.634256712216447,0.037467601201599775
43.300000000000004,24.178227221499117,24.17204109739172,24.0,0.0,0.7310295851540634,0.634256712216447,0.037467601201599775
43.400000000000006,24.17204109739172,24.165952244206217,24.0,0.0,0.7277505911390783,0.634256712216447,0.037467601201599775
43.5,24.165952244206217,24.159963986487476,24.0,0.0,0.7245104783869156,0.634256712216447,0.037467601201599775
43.6,24.159963986487476,24.154079555753924,24.0,0.0,0.7213117324195553,0.634256712216447,0.037467601201599775
43.7,24.154079555753924,24.14830208825573,24.0,0.0,0.718156791864058,0.634256712216447,0.037467601201599775
43.800000000000004,24.14830208825573,24.142634622828975,24.0,0.0,0.7150480466737285,0.634256712216447,0.037467601201599775
43.900000000000006,24.142634622828975,24.1370800988459,24.0,0.0,0.7119878364021248,0.634256712216447,0.037467601201599775
44.0,24.1370800988459,24.13164135426124,24.0,0.0,0.7089784485303152,0.634256712216447,0.037467601201599775
44.1,24.13164135426124,24.12632112375471,24.0,0.0,0.7060221168477745,0.634256712216447,0.037467601201599775
44.2,24.12632112375471,24.121122036969652,24.0,0.0,0.7031210198872868,0.634256712216447,0.037467601201599775
44.300000000000004,24.121122036969652,24.1160466168479,24.0,0.0,0.7002772794142581,0.634256712216447,0.037467601201599775
44.400000000000006,24.1160466168479,24.111097278060903,24.0,0.0,0.6974929589708035,0.634256712216447,0.037467601201599775
44.5,24.111097278060903,24.10627632553711,24.0,0.0,0.6947700624750147,0.634256712216447,0.037467601201599775
44.6,24.10627632553711,24.101585953085678,24.0,0.0,0.6921105328757613,0.634256712216447,0.037467601201599775
44.7,24.101585953085678,24.097028242116515,24.0,0.0,0.6895162508634356,0.634256712216447,0.037467601201599775
44.800000000000004,24.097028242116515,24.092605160456692,24.0,0.0,0.6869890336369929,0.634256712216447,0.037467601201599775
44.900000000000006,24.092605160456692,24.08831856126325,24.0,0.0,0.684530633727689,0.634256712216447,0.037467601201599775
45.0,24.08831856126325,24.08417018203242,24.0,0.0,0.6821427378798778,0.634256712216447,0.037467601201599775
45.1,24.08417018203242,24.08016164370529,24.0,0.0,0.67982696598925,0.634256712216447,0.037467601201599775
45.2,24.08016164370529,24.07629444986993,24.0,0.0,0.6775848700988916,0.634256712216447,0.037467601201599775
45.300000000000004,24.07629444986993,24.07256998606001,24.0,0.0,0.675417933453536,0.634256712216447,0.037467601201599775
45.400000000000006,24.07256998606001,24.068989519149895,24.0,0.0,0.6733275696123769,0.634256712216447,0.037467601201599775
45.5,24.068989519149895,24.065554196846275,24.0,0.0,0.6713151216208272,0.634256712216447,0.037467601201599775
45.6,24.065554196846275,24.062265047276323,24.0,0.0,0.6693818612415822,0.634256712216447,0.037467601201599775
45.7,24.062265047276323,24.05912297867239,24.0,0.0,0.6675289882453712,0.634256712216447,0.037467601201599775
45.800000000000004,24.05912297867239,24.05612877915327,24.0,0.0,0.6657576297617577,0.634256712216447,0.037467601201599775
45.900000000000006,24.05612877915327,24.053283116602,24.0,0.0,0.6640688396903638,0.634256712216447,0.037467601201599775
46.0,24.053283116602,24.050586538640285,24.0,0.0,0.6624635981728803,0.634256712216447,0.037467601201599775
46.1,24.050586538640285,24.048039472699454,24.0,0.0,0.6609428111262423,0.634256712216447,0.037467601201599775
46.2,24.048039472699454,24.045642226188036,24.0,0.0,0.659507309837316,0.634256712216447,0.037467601201599775
46.300000000000004,24.045642226188036,24.04339498675591,24.0,0.0,0.6581578506194886,0.634256712216447,0.037467601201599775
46.400000000000006,24.04339498675591,24.041297822655064,24.0,0.0,0.656895114531497,0.634256712216447,0.037467601201599775
46.5,24.041297822655064,24.03935068319694,24.0,0.0,0.6557197071588896,0.634256712216447,0.037467601201599775
46.6,24.03935068319694,24.03755339930637,24.0,0.0,0.654632158458456,0.634256712216447,0.037467601201599775
46.7,24.03755339930637,24.035905684172114,24.0,0.0,0.6536329226660003,0.634256712216447,0.037467601201599775
46.800000000000004,24.035905684172114,24.034407133994,24.0,0.0,0.652722378267822,0.634256712216447,0.037467601201599775
46.900000000000006,24.034407133994,24.033057228826614,24.0,0.0,0.6519008280362586,0.634256712216447,0.037467601201599775
47.0,24.033057228826614,24.0318553335196,24.0,0.0,0.6511684991296379,0.634256712216447,0.037467601201599775
47.1,24.0318553335196,24.030800698754536,24.0,0.0,0.6505255432570294,0.634256712216447,0.037467601201599775
47.2,24.030800698754536,24.02989246217834,24.0,0.0,0.6499720369081164,0.634256712216447,0.037467601201599775
47.300000000000004,24.02989246217834,24.029129649631788,24.0,0.0,0.6495079816485657,0.634256712216447,0.037467601201599775
47.400000000000006,24.029129649631788,24.028511176470754,24.0,0.0,0.6491333044803075,0.634256712216447,0.037467601201599775
47.5,24.028511176470754,24.028035848977822,24.0,0.0,0.6488478582655759,0.634256712216447,0.037467601201599775
47.6,24.028035848977822,24.02770236586193,24.0,0.0,0.6486514222135676,0.634256712216447,0.037467601201599775
47.7,24.02770236586193,24.027509319843677,24.0,0.0,0.6485437024285481,0.634256712216447,0.037467601201599775
47.800000000000004,24.027509319843677,24.027455199323942,24.0,0.0,0.6485243325182272,0.634256712216447,0.037467601201599775
47.900000000000006,24.027455199323942,24.02753839013341,24.0,0.0,0.6485928742612345,0.634256712216447,0.037467601201599775
48.0,24.02753839013341,24.0277571773607,24.0,0.0,0.6487488183324606,0.634256712216447,0.037467601201599775
48.1,24.0277571773607,24.02810974725664,24.0,0.0,0.6489915850850997,0.634256712216447,0.037467601201599775
48.2,24.02810974725664,24.028594189212363,24.0,0.0,0.6493205253881328,0.634256712216447,0.037467601201599775
48.300000000000004,24.028594189212363,24.02920849780884,24.0,0.0,0.6497349215180389,0.634256712216447,0.037467601201599775
48.400000000000006,24.02920849780884,24.02995057493542,24.0,0.0,0.6502339881034855,0.634256712216447,0.037467601201599775
48.5,24.02995057493542,24.030818231975047,24.0,0.0,0.650816873121746,0.634256712216447,0.037467601201599775
48.6,24.030818231975047,24.031809192053693,24.0,0.0,0.6514826589455696,0.634256712216447,0.037467601201599775
48.7,24.031809192053693,24.03292109235166,24.0,0.0,0.6522303634392305,0.634256712216447,0.037467601201599775
48.800000000000004,24.03292109235166,24.034151486474325,24.0,0.0,0.6530589411024672,0.634256712216447,0.037467601201599775
48.900000000000006,24.034151486474325,24.035497846879938,24.0,0.0,0.6539672842610053,0.634256712216447,0.037467601201599775
49.0,24.035497846879938,24.036957567362037,24.0,0.0,0.6549542243023688,0.634256712216447,0.037467601201599775
49.1,24.036957567362037,24.038527965584098,24.0,0.0,0.6560185329556305,0.634256712216447,0.037467601201599775
49.2,24.038527965584098,24.040206285663988,24.0,0.0,0.6571589236137866,0.634256712216447,0.037467601201599775
49.300000000000004,24.040206285663988,24.041989700805797,24.0,0.0,0.65837405269741,0.634256712216447,0.037467601201599775
49.400000000000006,24.041989700805797,24.043875315976646,24.0,0.0,0.6596625210582072,0.634256712216447,0.037467601201599775
49.5,24.043875315976646,24.045860170626025,24.0,0.0,0.661022875421136,0.634256712216447,0.037467601201599775
49.6,24.045860170626025,24.047941241445255,24.0,0.0,0.6624536098636841,0.634256712216447,0.037467601201599775
49.7,24.047941241445255,24.050115445164604,24.0,0.0,0.6639531673309366,0.634256712216447,0.037467601201599775
49.800000000000004,24.050115445164604,24.052379641385674,24.0,0.0,0.6655199411850065,0.634256712216447,0.037467601201599775
49.900000000000006,24.052379641385674,24.05473063544658,24.0,0.0,0.6671522767874474,0.634256712216447,0.037467601201599775
50.0,24.05473063544658,24.057165181317508,24.0,0.0,0.6688484731132016,0.634256712216447,0.037467601201599775
50.1,24.057165181317508,24.059679984524163,24.0,0.0,0.6706067843946575,0.634256712216447,0.037467601201599775
50.2,24.059679984524163,24.06227170509674,24.0,0.0,0.6724254217943686,0.634256712216447,0.037467601201599775
50.300000000000004,24.06227170509674,24.06493696054189,24.0,0.0,0.6743025551049866,0.634256712216447,0.037467601201599775
50.400000000000006,24.06493696054189,24.06767232883527,24.0,0.0,0.6762363144749259,0.634256712216447,0.037467601201599775
50.5,24.06767232883527,24.07047435143222,24.0,0.0,0.6782247921583041,0.634256712216447,0.037467601201599775
50.6,24.07047435143222,24.07333953629411,24.0,0.0,0.6802660442876438,0.634256712216447,0.037467601201599775
50.7,24.07333953629411,24.07626436092786,24.0,0.0,0.6823580926678559,0.634256712216447,0.037467601201599775
50.800000000000004,24.07626436092786,24.079245275436243,24.0,0.0,0.6844989265899806,0.634256712216447,0.037467601201599775
50.900000000000006,24.079245275436243,24.082278705576453,24.0,0.0,0.6866865046631825,0.634256712216447,0.037467601201599775
51.0,24.082278705576453,24.085361055824475,24.0,0.0,0.6889187566634425,0.634256712216447,0.037467601201599775
51.1,24.085361055824475,24.088488712442807,24.0,0.0,0.6911935853974303,0.634256712216447,0.037467601201599775
51.2,24.088488712442807,24.091658046549057,24.0,0.0,0.6935088685799806,0.634256712216447,0.037467601201599775
51.300000000000004,24.091658046549057,24.094865417182927,24.0,0.0,0.695862460723628,0.634256712216447,0.037467601201599775
51.400000000000006,24.094865417182927,24.09810717436913,24.0,0.0,0.6982521950386092,0.634256712216447,0.037467601201599775
51.5,24.09810717436913,24.101379662173738,24.0,0.0,0.7006758853417621,0.634256712216447,0.037467601201599775
51.6,24.101379662173738,24.104679221751507,24.0,0.0,0.703131327972709,0.634256712216447,0.037467601201599775
51.7,24.104679221751507,24.108002194381676,24.0,0.0,0.7056163037157352,0.634256712216447,0.037467601201599775
51.800000000000004,24.108002194381676,24.111344924489767,24.0,0.0,0.7081285797257306,0.634256712216447,0.037467601201599775
51.900000000000006,24.111344924489767,24.114703762652884,24.0,0.0,0.710665911456576,0.634256712216447,0.037467601201599775
52.0,24.114703762652884,24.118075068586048,24.0,0.0,0.7132260445903212,0.634256712216447,0.037467601201599775
52.1,24.118075068586048,24.121455214107066,24.0,0.0,0.7158067169655293,0.634256712216447,0.037467601201599775
52.2,24.121455214107066,24.124840586077426,24.0,0.0,0.7184056605031048,0.634256712216447,0.037467601201599775
52.300000000000004,24.124840586077426,24.128227589316744,24.0,0.0,0.7210206031279474,0.634256712216447,0.037467601201599775
52.400000000000006,24.128227589316744,24.131612649488314,24.0,0.0,0.72364927068474,0.634256712216447,0.037467601201599775
52.5,24.131612649488314,24.134992215953325,24.0,0.0,0.7262893888462266,0.634256712216447,0.037467601201599775
52.6,24.134992215953325,24.13836276459145,24.0,0.0,0.7289386850123072,0.634256712216447,0.037467601201599775
52.7,24.13836276459145,24.14172080058546,24.0,0.0,0.7315948901983755,0.634256712216447,0.037467601201599775
52.800000000000004,24.14172080058546,24.145062861167727,24.0,0.0,0.7342557409112727,0.634256712216447,0.037467601201599775
52.900000000000006,24.145062861167727,24.148385518326343,24.0,0.0,0.7369189810113486,0.634256712216447,0.037467601201599775
53.0,24.148385518326343,24.151685381468845,24.0,0.0,0.7395823635590694,0.634256712216447,0.037467601201599775
53.1,24.151685381468845,24.15495910004142,24.0,0.0,0.7422436526446954,0.634256712216447,0.037467601201599775
53.2,24.15495910004142,24.158203366101652,24.0,0.0,0.7449006251995504,0.634256712216447,0.037467601201599775
53.300000000000004,24.158203366101652,24.16141491684284,24.0,0.0,0.7475510727874533,0.634256712216447,0.037467601201599775
53.400000000000006,24.16141491684284,24.16459053706805,24.0,0.0,0.7501928033749012,0.634256712216447,0.037467601201599775
53.5,24.16459053706805,24.16772706161206,24.0,0.0,0.7528236430786336,0.634256712216447,0.037467601201599775
53.6,24.16772706161206,24.170821377709444,24.0,0.0,0.7554414378892218,0.634256712216447,0.037467601201599775
53.7,24.170821377709444,24.17387042730715,24.0,0.0,0.7580440553693805,0.634256712216447,0.037467601201599775
53.800000000000004,24.17387042730715,24.176871209319856,24.0,0.0,0.7606293863257161,0.634256712216447,0.037467601201599775
53.900000000000006,24.176871209319856,24.17982078182661,24.0,0.0,0.763195346452657,0.634256712216447,0.037467601201599775
54.0,24.17982078182661,24.18271626420718,24.0,0.0,0.7657398779473588,0.634256712216447,0.037467601201599775
54.1,24.18271626420718,24.1855548392167,24.0,0.0,0.7682609510943755,0.634256712216447,0.037467601201599775
54.2,24.1855548392167,24.188333754997206,24.0,0.0,0.7707565658189732,0.634256712216447,0.037467601201599775
54.300000000000004,24.188333754997206,24.191050327024733,24.0,0.0,0.7732247532079473,0.634256712216447,0.037467601201599775
54.400000000000006,24.191050327024733,24.193701939990675,24.0,0.0,0.7756635769968656,0.634256712216447,0.037467601201599775
54.5,24.193701939990675,24.19628604961625,24.0,0.0,0.7780711350226686,0.634256712216447,0.037467601201599775
54.6,24.19628604961625,24.198800184398888,24.0,0.0,0.7804455606406397,0.634256712216447,0.037467601201599775
54.7,24.198800184398888,24.201241947289425,24.0,0.0,0.7827850241047298,0.634256712216447,0.037467601201599775
54.800000000000004,24.201241947289425,24.203609017299158,24.0,0.0,0.7850877339103017,0.634256712216447,0.037467601201599775
54.900000000000006,24.203609017299158,24.205899151035712,24.0,0.0,0.7873519380983823,0.634256712216447,0.037467601201599775
55.0,24.205899151035712,24.20811018416686,24.0,0.0,0.7895759255205409,0.634256712216447,0.037467601201599775
55.1,24.20811018416686,24.210240032811445,24.0,0.0,0.7917580270635391,0.634256712216447,0.037467601201599775
55.2,24.210240032811445,24.212286694856623,24.0,0.0,0.7938966168329719,0.634256712216447,0.037467601201599775
55.300000000000004,24.212286694856623,24.214248251200704,24.0,0.0,0.7959901132950938,0.634256712216447,0.037467601201599775
55.400000000000006,24.214248251200704,24.216122866920955,24.0,0.0,0.7980369803761311,0.634256712216447,0.037467601201599775
55.5,24.216122866920955,24.21790879236573,24.0,0.0,0.8000357285183607,0.634256712216447,0.037467601201599775
55.6,24.21790879236573,24.219604364170443,24.0,0.0,0.8019849156922955,0.634256712216447,0.037467601201599775
55.7,24.219604364170443,24.221208006196893,24.0,0.0,0.8038831483643669,0.634256712216447,0.037467601201599775
55.800000000000004,24.221208006196893,24.222718230395515,24.0,0.0,0.8057290824195132,0.634256712216447,0.037467601201599775
55.900000000000006,24.222718230395515,24.22413363759026,24.0,0.0,0.8075214240381194,0.634256712216447,0.037467601201599775
56.0,24.22413363759026,24.22545291818578,24.0,0.0,0.8092589305268157,0.634256712216447,0.037467601201599775
56.1,24.22545291818578,24.22667485279673,24.0,0.0,0.8109404111026537,0.634256712216447,0.037467601201599775
56.2,24.22667485279673,24.227798312799003,24.0,0.0,0.81256472763024,0.634256712216447,0.037467601201599775
56.300000000000004,24.227798312799003,24.22882226080283,24.0,0.0,0.8141307953114231,0.634256712216447,0.037467601201599775
56.400000000000006,24.22882226080283,24.229745751047723,24.0,0.0,0.8156375833271916,0.634256712216447,0.037467601201599775
56.5,24.229745751047723,24.230567929719264,24.0,0.0,0.8170841154314837,0.634256712216447,0.037467601201599775
56.6,24.230567929719264,24.23128803518787,24.0,0.0,0.8184694704966098,0.634256712216447,0.037467601201599775
56.7,24.23128803518787,24.231905398169673,24.0,0.0,0.8197927830100888,0.634256712216447,0.037467601201599775
56.800000000000004,24.231905398169673,24.23241944180977,24.0,0.0,0.8210532435226833,0.634256712216447,0.037467601201599775
56.900000000000006,24.23241944180977,24.2328296816881,24.0,0.0,0.8222500990475106,0.634256712216447,0.037467601201599775
57.0,24.2328296816881,24.233135725748305,24.0,0.0,0.8233826534100972,0.634256712216447,0.037467601201599775
57.1,24.233135725748305,24.233337274150045,24.0,0.0,0.8244502675493353,0.634256712216447,0.037467601201599775
57.2,24.233337274150045,24.233434119045175,24.0,0.0,0.825452359769308,0.634256712216447,0.037467601201599775
57.300000000000004,24.233434119045175,24.23342614427836,24.0,0.0,0.8263884059420107,0.634256712216447,0.037467601201599775
57.400000000000006,24.23342614427836,24.233313325012784,24.0,0.0,0.827257939661016,0.634256712216447,0.037467601201599775
57.5,24.233313325012784,24.233095727281526,24.0,0.0,0.8280605523462158,0.634256712216447,0.037467601201599775
57.6,24.233095727281526,24.232773507465456,24.0,0.0,0.8287958932997608,0.634256712216447,0.037467601201599775
57.7,24.232773507465456,24.232346911698354,24.0,0.0,0.8294636697134106,0.634256712216447,0.037467601201599775
57.800000000000004,24.232346911698354,24.23181627520015,24.0,0.0,0.8300636466275165,0.634256712216447,0.037467601201599775
57.900000000000006,24.23181627520015,24.231182021539208,24.0,0.0,0.8305956468419071,0.634256712216447,0.037467601201599775
58.0,24.231182021539208,24.230444661824603,24.0,0.0,0.8310595507790085,0.634256712216447,0.037467601201599775
58.1,24.230444661824603,24.229604793829402,24.0,0.0,0.8314552962995301,0.634256712216447,0.037467601201599775
58.2,24.229604793829402,24.22866310104609,24.0,0.0,0.8317828784711161,0.634256712216447,0.037467601201599775
58.300000000000004,24.22866310104609,24.227620351675185,24.0,0.0,0.832042349290407,0.634256712216447,0.037467601201599775
58.400000000000006,24.227620351675185,24.226477397548283,24.0,0.0,0.8322338173589434,0.634256712216447,0.037467601201599775
58.5,24.226477397548283,24.225235172986768,24.0,0.0,0.832357447513452,0.634256712216447,0.037467601201599775
58.6,24.225235172986768,24.2238946935974,24.0,0.0,0.8324134604110347,0.634256712216447,0.037467601201599775
58.7,24.2238946935974,24.222457055006196,24.0,0.0,0.8324021320698275,0.634256712216447,0.037467601201599775
58.800000000000004,24.222457055006196,24.22092343153187,24.0,0.0,0.8323237933657592,0.634256712216447,0.037467601201599775
58.900000000000006,24.22092343153187,24.21929507480034,24.0,0.0,0.8321788294860273,0.634256712216447,0.037467601201599775
59.0,24.21929507480034,24.217573312301692,24.0,0.0,0.8319676793399811,0.634256712216447,0.037467601201599775
59.1,24.217573312301692,24.215759545891114,24.0,0.0,0.8316908349281147,0.634256712216447,0.037467601201599775
59.2,24.215759545891114,24.21385525023532,24.0,0.0,0.8313488406699014,0.634256712216447,0.037467601201599775
59.300000000000004,24.21385525023532,24.211861971206062,24.0,0.0,0.8309422926912375,0.634256712216447,0.037467601201599775
59.400000000000006,24.211861971206062,24.209781324222295,24.0,0.0,0.8304718380723043,0.634256712216447,0.037467601201599775
59.5,24.209781324222295,24.207614992542666,24.0,0.0,0.8299381740566474,0.634256712216447,0.037467601201599775
59.6,24.207614992542666,24.205364725509963,24.0,0.0,0.829342047222362,0.634256712216447,0.037467601201599775
59.7,24.205364725509963,24.203032336749267,24.0,0.0,0.8286842526162188,0.634256712216447,0.037467601201599775
59.800000000000004,24.203032336749267,24.200619702321497,24.0,0.0,0.8279656328516845,0.634256712216447,0.037467601201599775
59.900000000000006,24.200619702321497,24.198128758834137,24.0,0.0,0.8271870771717231,0.634256712216447,0.037467601201599775
60.0,24.198128758834137,24.20054902231822,24.0,1.0,0.8263495204773702,0.634256712216447,0.037467601201599775
60.1,24.20054902231822,24.202870148473025,24.0,1.0,0.8286359979164414,0.634256712216447,0.037467601201599775
60.2,24.202870148473025,24.20509436787505,24.0,1.0,0.8308682935418967,0.634256712216447,0.037467601201599775
60.300000000000004,24.20509436787505,24.207223963079205,24.0,1.0,0.8330474590254959,0.634256712216447,0.037467601201599775
60.400000000000006,24.207223963079205,24.209261266545717,24.0,1.0,0.8351745875588428,0.634256712216447,0.037467601201599775
60.5,24.209261266545717,24.211208658535217,24.0,1.0,0.8372508127254874,0.634256712216447,0.037467601201599775
60.6,24.211208658535217,24.21306856497395,24.0,1.0,0.8392773073449764,0.634256712216447,0.037467601201599775
60.7,24.21306856497395,24.214843455291025,24.0,1.0,0.8412552822899406,0.634256712216447,0.037467601201599775
60.800000000000004,24.214843455291025,24.216535840229643,24.0,1.0,0.843185985277356,0.634256712216447,0.037467601201599775
60.900000000000006,24.216535840229643,24.21814826963423,24.0,1.0,0.8450706996350864,0.634256712216447,0.037467601201599775
61.0,24.21814826963423,24.219683330215492,24.0,1.0,0.846910743044869,0.634256712216447,0.037467601201599775
61.1,24.219683330215492,24.221143643295292,24.0,1.0,0.8487074662629083,0.634256712216447,0.037467601201599775
61.2,24.221143643295292,24.222531862533387,24.0,1.0,0.8504622518192346,0.634256712216447,0.037467601201599775
61.300000000000004,24.222531862533387,24.223850671637983,24.0,1.0,0.8521765126970293,0.634256712216447,0.037467601201599775
61.400000000000006,24.223850671637983,24.225102782062084,24.0,1.0,0.8538516909931158,0.634256712216447,0.037467601201599775
61.5,24.225102782062084,24.226290930687643,24.0,1.0,0.8554892565608053,0.634256712216447,0.037467601201599775
61.6,24.226290930687643,24.227417877499505,24.0,1.0,0.8570907056363312,0.634256712216447,0.037467601201599775
61.7,24.227417877499505,24.228486403251132,24.0,1.0,0.8586575594500921,0.634256712216447,0.037467601201599775
61.800000000000004,24.228486403251132,24.229499307124073,24.0,1.0,0.860191362823938,0.634256712216447,0.037467601201599775
61.900000000000006,24.229499307124073,24.2304594043832,24.0,1.0,0.8616936827557172,0.634256712216447,0.037467601201599775
62.0,24.2304594043832,24.23136952402968,24.0,1.0,0.8631661069923586,0.634256712216447,0.037467601201599775
62.1,24.23136952402968,24.23223250645362,24.0,1.0,0.8646102425927137,0.634256712216447,0.037467601201599775
62.2,24.23223250645362,24.23305120108838,24.0,1.0,0.8660277144814071,0.634256712216447,0.037467601201599775
62.300000000000004,24.23305120108838,24.23382846406851,24.0,1.0,0.8674201639949521,0.634256712216447,0.037467601201599775
62.400000000000006,24.23382846406851,24.234567155893224,24.0,1.0,0.8687892474213867,0.634256712216447,0.037467601201599775
62.5,24.234567155893224,24.235270139097352,24.0,1.0,0.8701366345346717,0.634256712216447,0.037467601201599775
62.6,24.235270139097352,24.23594027593167,24.0,1.0,0.8714640071251,0.634256712216447,0.037467601201599775
62.7,24.23594027593167,24.236580426054523,24.0,1.0,0.8727730575269709,0.634256712216447,0.037467601201599775
62.800000000000004,24.236580426054523,24.237193444236574,24.0,1.0,0.8740654871447673,0.634256712216447,0.037467601201599775
62.900000000000006,24.237193444236574,24.237782178080575,24.0,1.0,0.8753430049790729,0.634256712216447,0.037467601201599775
63.0,24.237782178080575,24.23834946575797,24.0,1.0,0.8766073261534566,0.634256712216447,0.037467601201599775
63.1,24.23834946575797,24.238898133764128,24.0,1.0,0.8778601704435655,0.634256712216447,0.037467601201599775
63.2,24.238898133764128,24.23943099469401,24.0,1.0,0.8791032608096172,0.634256712216447,0.037467601201599775
63.300000000000004,24.23943099469401,24.23995084504004,24.0,1.0,0.8803383219335235,0.634256712216447,0.037467601201599775
63.400000000000006,24.23995084504004,24.240460463013843,24.0,1.0,0.8815670787618339,0.634256712216447,0.037467601201599775
63.5,24.240460463013843,24.240962606393655,24.0,1.0,0.8827912550556811,0.634256712216447,0.037467601201599775
63.6,24.240962606393655,24.241460010398974,24.0,1.0,0.8840125719489076,0.634256712216447,0.037467601201599775
63.7,24.241460010398974,24.241955385594167,24.0,1.0,0.885232746515541,0.634256712216447,0.037467601201599775
63.800000000000004,24.241955385594167,24.2424514158226,24.0,1.0,0.8864534903477598,0.634256712216447,0.037467601201599775
63.900000000000006,24.2424514158226,24.242950756172878,24.0,1.0,0.8876765081454863,0.634256712216447,0.037467601201599775
64.0,24.242950756172878,24.243456030978745,24.0,1.0,0.8889034963187215,0.634256712216447,0.037467601201599775
64.10000000000001,24.243456030978745,24.24396983185412,24.0,1.0,0.8901361416037403,0.634256712216447,0.037467601201599775
64.2,24.24396983185412,24.24449471576477,24.0,1.0,0.8913761196942025,0.634256712216447,0.037467601201599775
64.3,24.24449471576477,24.245033203138014,24.0,1.0,0.892625093888284,0.634256712216447,0.037467601201599775
64.4,24.245033203138014,24.245587776011888,24.0,1.0,0.8938847137528407,0.634256712216447,0.037467601201599775
64.5,24.245587776011888,24.246160876225073,24.0,1.0,0.8951566138056685,0.634256712216447,0.037467601201599775
64.60000000000001,24.246160876225073,24.246754903648938,24.0,1.0,0.8964424122168372,0.634256712216447,0.037467601201599775
64.7,24.246754903648938,24.247372214462946,24.0,1.0,0.8977437095301102,0.634256712216447,0.037467601201599775
64.8,24.247372214462946,24.248015119474648,24.0,1.0,0.8990620874054037,0.634256712216447,0.037467601201599775
64.9,24.248015119474648,24.248685882485457,24.0,1.0,0.9003991073832376,0.634256712216447,0.037467601201599775
65.0,24.248685882485457,24.249386718703317,24.0,1.0,0.9017563096720933,0.634256712216447,0.037467601201599775
65.10000000000001,24.249386718703317,24.249992828655532,24.0,1.0,0.9031352119595702,0.634256712216447,0.037467601201599775
65.2,24.249992828655532,24.250506846654712,24.0,1.0,0.9044563044258367,0.634256712216447,0.037467601201599775
65.3,24.250506846654712,24.25093135191289,24.0,1.0,0.9057209128548895,0.634256712216447,0.037467601201599775
65.4,24.25093135191289,24.2512688671597,24.0,1.0,0.9069303377465046,0.634256712216447,0.037467601201599775
65.5,24.2512688671597,24.251521857312436,24.0,1.0,0.9080858532281801,0.634256712216447,0.037467601201599775
65.60000000000001,24.251521857312436,24.25169272819888,24.0,1.0,0.9091887059950058,0.634256712216447,0.037467601201599775
65.7,24.25169272819888,24.251783825333664,24.0,1.0,0.9102401142782043,0.634256712216447,0.037467601201599775
65.8,24.251783825333664,24.251797432749015,24.0,1.0,0.9112412668430668,0.634256712216447,0.037467601201599775
65.9,24.251797432749015,24.251735771880497,24.0,1.0,0.9121933220169718,0.634256712216447,0.037467601201599775
66.0,24.251735771880497,24.251601000508504,24.0,1.0,0.9130974067481329,0.634256712216447,0.037467601201599775
66.10000000000001,24.251601000508504,24.25139521175605,24.0,1.0,0.9139546156957293,0.634256712216447,0.037467601201599775
66.2,24.25139521175605,24.251120433143488,24.0,1.0,0.9147660103519942,0.634256712216447,0.037467601201599775
66.3,24.251120433143488,24.250778625700594,24.0,1.0,0.9155326181968614,0.634256712216447,0.037467601201599775
66.4,24.250778625700594,24.250371683136574,24.0,1.0,0.9162554318856841,0.634256712216447,0.037467601201599775
66.5,24.250371683136574,24.24990143106832,24.0,1.0,0.9169354084705614,0.634256712216447,0.037467601201599775
66.60000000000001,24.24990143106832,24.249369626307352,24.0,1.0,0.9175734686557352,0.634256712216447,0.037467601201599775
66.7,24.249369626307352,24.24877795620571,24.0,1.0,0.9181704960875303,0.634256712216447,0.037467601201599775
66.8,24.24877795620571,24.248128038061083,24.0,1.0,0.9187273366792328,0.634256712216447,0.037467601201599775
66.9,24.248128038061083,24.24742141858137,24.0,1.0,0.919244797971312,0.634256712216447,0.037467601201599775
67.0,24.24742141858137,24.246659573408877,24.0,1.0,0.9197236485273363,0.634256712216447,0.037467601201599775
67.10000000000001,24.246659573408877,24.24584390670419,24.0,1.0,0.920164617365916,0.634256712216447,0.037467601201599775
67.2,24.24584390670419,24.24497575078986,24.0,1.0,0.9205683934289615,0.634256712216447,0.037467601201599775
67.3,24.24497575078986,24.244056365853837,24.0,1.0,0.9209356250865113,0.634256712216447,0.037467601201599775
67.4,24.244056365853837,24.2430869397127,24.0,1.0,0.9212669196783807,0.634256712216447,0.037467601201599775
67.5,24.2430869397127,24.242068587634513,24.0,1.0,0.9215628430928144,0.634256712216447,0.037467601201599775
67.60000000000001,24.242068587634513,24.241002352221194,24.0,1.0,0.921823919382317,0.634256712216447,0.037467601201599775
67.7,24.241002352221194,24.239889203350245,24.0,1.0,0.9220506304167838,0.634256712216447,0.037467601201599775
67.8,24.239889203350245,24.238730038175564,24.0,1.0,0.9222434155740575,0.634256712216447,0.037467601201599775
67.9,24.238730038175564,24.23752568118707,24.0,1.0,0.9224026714679694,0.634256712216447,0.037467601201599775
68.0,24.23752568118707,24.2362768843288,24.0,1.0,0.922528751713897,0.634256712216447,0.037467601201599775
68.10000000000001,24.2362768843288,24.234984327175123,24.0,1.0,0.9226219667318631,0.634256712216447,0.037467601201599775
68.2,24.234984327175123,24.23364861716462,24.0,1.0,0.9226825835871434,0.634256712216447,0.037467601201599775
68.3,24.23364861716462,24.23227028989115,24.0,1.0,0.922710825868329,0.634256712216447,0.037467601201599775
68.4,24.23227028989115,24.230849809451655,24.0,1.0,0.9227068736027633,0.634256712216447,0.037467601201599775
68.5,24.230849809451655,24.229387568850008,24.0,1.0,0.9226708632092409,0.634256712216447,0.037467601201599775
68.60000000000001,24.229387568850008,24.227883890456447,24.0,1.0,0.9226028874877985,0.634256712216447,0.037467601201599775
68.7,24.227883890456447,24.226339026521845,24.0,1.0,0.9225029956464564,0.634256712216447,0.037467601201599775
68.8,24.226339026521845,24.224753159746154,24.0,1.0,0.9223711933646823,0.634256712216447,0.037467601201599775
68.9,24.224753159746154,24.22312640390029,24.0,1.0,0.9222074428933358,0.634256712216447,0.037467601201599775
69.0,24.22312640390029,24.221458804500703,24.0,1.0,0.9220116631908486,0.634256712216447,0.037467601201599775
69.10000000000001,24.221458804500703,24.21975033953576,24.0,1.0,0.9217837300953328,0.634256712216447,0.037467601201599775
69.2,24.21975033953576,24.218000920243167,24.0,1.0,0.9215234765322959,0.634256712216447,0.037467601201599775
69.3,24.218000920243167,24.21621039193745,24.0,1.0,0.9212306927576126,0.634256712216447,0.037467601201599775
69.4,24.21621039193745,24.214378534886645,24.0,1.0,0.9209051266353745,0.634256712216447,0.037467601201599775
69.5,24.214378534886645,24.21250506523717,24.0,1.0,0.9205464839502111,0.634256712216447,0.037467601201599775
69.60000000000001,24.21250506523717,24.210589635985915,24.0,1.0,0.9201544287536606,0.634256712216447,0.037467601201599775
69.7,24.210589635985915,24.208631837998492,24.0,1.0,0.9197285837441072,0.634256712216447,0.037467601201599775
69.8,24.208631837998492,24.20663120107259,24.0,1.0,0.9192685306798289,0.634256712216447,0.037467601201599775
69.9,24.20663120107259,24.20458719504531,24.0,1.0,0.9187738108246264,0.634256712216447,0.037467601201599775
70.0,24.20458719504531,24.202499230943378,24.0,1.0,0.9182439254255045,0.634256712216447,0.037467601201599775
70.10000000000001,24.202499230943378,24.20036666217505,24.0,1.0,0.9176783362218488,0.634256712216447,0.037467601201599775
70.2,24.20036666217505,24.198192017828514,24.0,1.0,0.9170764659855207,0.634256712216447,0.037467601201599775
70.3,24.198192017828514,24.19597776147908,24.0,1.0,0.916439761160581,0.634256712216447,0.037467601201599775
70.4,24.19597776147908,24.19372629252477,24.0,1.0,0.9157696358695335,0.634256712216447,0.037467601201599775
70.5,24.19372629252477,24.19143994755865,24.0,1.0,0.9150674725199719,0.634256712216447,0.037467601201599775
70.60000000000001,24.19143994755865,24.189121001776645,24.0,1.0,0.9143346224396866,0.634256712216447,0.037467601201599775
70.7,24.189121001776645,24.186771670419464,24.0,1.0,0.9135724065395256,0.634256712216447,0.037467601201599775
70.8,24.186771670419464,24.18439411024732,24.0,1.0,0.9127821160033166,0.634256712216447,0.037467601201599775
70.9,24.18439411024732,24.181990421046095,24.0,1.0,0.9119650130041037,0.634256712216447,0.037467601201599775
71.0,24.181990421046095,24.179562647163504,24.0,1.0,0.9111223314459701,0.634256712216447,0.037467601201599775
71.10000000000001,24.179562647163504,24.17711277907397,24.0,1.0,0.9102552777306556,0.634256712216447,0.037467601201599775
71.2,24.17711277907397,24.17464275497066,24.0,1.0,0.9093650315482285,0.634256712216447,0.037467601201599775
71.3,24.17464275497066,24.17215446238334,24.0,1.0,0.9084527466909664,0.634256712216447,0.037467601201599775
71.4,24.17215446238334,24.16964973982057,24.0,1.0,0.9075195518896662,0.634256712216447,0.037467601201599775
71.5,24.16964973982057,24.167130378434777,24.0,1.0,0.9065665516715453,0.634256712216447,0.037467601201599775
71.60000000000001,24.167130378434777,24.164598123708718,24.0,1.0,0.9055948272388934,0.634256712216447,0.037467601201599775
71.7,24.164598123708718,24.162054677161883,24.0,1.0,0.9046054373676135,0.634256712216447,0.037467601201599775
71.8,24.162054677161883,24.159501698075324,24.0,1.0,0.9035994193247956,0.634256712216447,0.037467601201599775
71.9,24.159501698075324,24.15694080523339,24.0,1.0,0.9025777898044438,0.634256712216447,0.037467601201599775
72.0,24.15694080523339,24.154373578680897,24.0,1.0,0.901541545880454,0.634256712216447,0.037467601201599775
72.10000000000001,24.154373578680897,24.15180156149419,24.0,1.0,0.9004916659759629,0.634256712216447,0.037467601201599775
72.2,24.15180156149419,24.14922626156459,24.0,1.0,0.8994291108481417,0.634256712216447,0.037467601201599775
72.3,24.14922626156459,24.14664915339271,24.0,1.0,0.8983548245875335,0.634256712216447,0.037467601201599775
72.4,24.14664915339271,24.144071679892097,24.0,1.0,0.8972697356309972,0.634256712216447,0.037467601201599775
72.5,24.144071679892097,24.141495254200702,24.0,1.0,0.8961747577873385,0.634256712216447,0.037467601201599775
72.60000000000001,24.141495254200702,24.138921261498645,24.0,1.0,0.8950707912746757,0.634256712216447,0.037467601201599775
72.7,24.138921261498645,24.136351060830734,24.0,1.0,0.8939587237686251,0.634256712216447,0.037467601201599775
72.8,24.136351060830734,24.133785986932267,24.0,1.0,0.8928394314603214,0.634256712216447,0.037467601201599775
72.9,24.133785986932267,24.131227352056563,24.0,1.0,0.8917137801233618,0.634256712216447,0.037467601201599775
73.0,24.131227352056563,24.12867644780274,24.0,1.0,0.8905826261886948,0.634256712216447,0.037467601201599775
73.10000000000001,24.12867644780274,24.126134546942225,24.0,1.0,0.8894468178265171,0.634256712216447,0.037467601201599775
73.2,24.126134546942225,24.123602905242528,24.0,1.0,0.8883071960342048,0.634256712216447,0.037467601201599775
73.3,24.123602905242528,24.121082763286765,24.0,1.0,0.8871645957293435,0.634256712216447,0.037467601201599775
73.4,24.121082763286765,24.118575348287496,24.0,1.0,0.886019846846884,0.634256712216447,0.037467601201599775
73.5,24.118575348287496,24.116081875893407,24.0,1.0,0.8848737754394835,0.634256712216447,0.037467601201599775
73.60000000000001,24.116081875893407,24.113603551987367,24.0,1.0,0.8837272047800766,0.634256712216447,0.037467601201599775
73.7,24.113603551987367,24.111141574474473,24.0,1.0,0.8825809564657191,0.634256712216447,0.037467601201599775
73.8,24.111141574474473,24.108697135058634,24.0,1.0,0.881435851521773,0.634256712216447,0.037467601201599775
73.9,24.108697135058634,24.10627142100631,24.0,1.0,0.8802927115054837,0.634256712216447,0.037467601201599775
74.0,24.10627142100631,24.10386561689601,24.0,1.0,0.8791523596080177,0.634256712216447,0.037467601201599775
74.10000000000001,24.10386561689601,24.10148090635222,24.0,1.0,0.878015621754024,0.634256712216447,0.037467601201599775
74.2,24.10148090635222,24.099118473762374,24.0,1.0,0.87688332769781,0.634256712216447,0.037467601201599775
74.3,24.099118473762374,24.096779505975572,24.0,1.0,0.8757563121152061,0.634256712216447,0.037467601201599775
74.4,24.096779505975572,24.094465193981744,24.0,1.0,0.8746354156902071,0.634256712216447,0.037467601201599775
74.5,24.094465193981744,24.09217673456998,24.0,1.0,0.8735214861955125,0.634256712216447,0.037467601201599775
74.60000000000001,24.09217673456998,24.08991533196475,24.0,1.0,0.8724153795660586,0.634256712216447,0.037467601201599775
74.7,24.08991533196475,24.087682199438834,24.0,1.0,0.8713179609646654,0.634256712216447,0.037467601201599775
74.8,24.087682199438834,24.085478560901702,24.0,1.0,0.8702301058389397,0.634256712216447,0.037467601201599775
74.9,24.085478560901702,24.083305652462197,24.0,1.0,0.86915270096858,0.634256712216447,0.037467601201599775
75.0,24.083305652462197,24.081164723964378,24.0,1.0,0.8680866455022216,0.634256712216447,0.037467601201599775
75.10000000000001,24.081164723964378,24.07905704049536,24.0,1.0,0.8670328519830174,0.634256712216447,0.037467601201599775
75.2,24.07905704049536,24.076983883864116,24.0,1.0,0.8659922473621117,0.634256712216447,0.037467601201599775
75.3,24.076983883864116,24.074946471773206,24.0,1.0,0.864965773999226,0.634256712216447,0.037467601201599775
75.4,24.074946471773206,24.072945959428154,24.0,1.0,0.8639543381566017,0.634256712216447,0.037467601201599775
75.5,24.072945959428154,24.070983441114578,24.0,1.0,0.8629588107855927,0.634256712216447,0.037467601201599775
75.60000000000001,24.070983441114578,24.069059951742116,24.0,1.0,0.8619800282987193,0.634256712216447,0.037467601201599775
75.7,24.069059951742116,24.067176468354216,24.0,1.0,0.8610187933264457,0.634256712216447,0.037467601201599775
75.8,24.067176468354216,24.06533391160285,24.0,1.0,0.8600758754579648,0.634256712216447,0.037467601201599775
75.9,24.06533391160285,24.0635331471873,24.0,1.0,0.8591520119652584,0.634256712216447,0.037467601201599775
76.0,24.0635331471873,24.061774987256186,24.0,1.0,0.8582479085097655,0.634256712216447,0.037467601201599775
76.10000000000001,24.061774987256186,24.06006019177188,24.0,1.0,0.8573642398309812,0.634256712216447,0.037467601201599775
76.2,24.06006019177188,24.058389469836598,24.0,1.0,0.8565016504163206,0.634256712216447,0.037467601201599775
76.3,24.058389469836598,24.056763480979395,24.0,1.0,0.855660755151643,0.634256712216447,0.037467601201599775
76.4,24.056763480979395,24.05518283640336,24.0,1.0,0.8548421399517879,0.634256712216447,0.037467601201599775
76.5,24.05518283640336,24.053648100192376,24.0,1.0,0.8540463623705633,0.634256712216447,0.037467601201599775
76.60000000000001,24.053648100192376,24.052159790476793,24.0,1.0,0.8532739521895876,0.634256712216447,0.037467601201599775
76.7,24.052159790476793,24.050718380557438,24.0,1.0,0.8525254119854564,0.634256712216447,0.037467601201599775
76.80000000000001,24.050718380557438,24.04932429998742,24.0,1.0,0.8518012176746818,0.634256712216447,0.037467601201599775
76.9,24.04932429998742,24.04797793561117,24.0,1.0,0.851101819035924,0.634256712216447,0.037467601201599775
77.0,24.04797793561117,24.04667963256032,24.0,1.0,0.8504276402089939,0.634256712216447,0.037467601201599775
77.10000000000001,24.04667963256032,24.0454296952059,24.0,1.0,0.8497790801702028,0.634256712216447,0.037467601201599775
77.2,24.0454296952059,24.044228388066514,24.0,1.0,0.8491565131835807,0.634256712216447,0.037467601201599775
77.30000000000001,24.044228388066514,24.043075936672107,24.0,1.0,0.8485602892275781,0.634256712216447,0.037467601201599775
77.4,24.043075936672107,24.041972528382995,24.0,1.0,0.8479907343968336,0.634256712216447,0.037467601201599775
77.5,24.041972528382995,24.040918313163914,24.0,1.0,0.8474481512786372,0.634256712216447,0.037467601201599775
77.60000000000001,24.040918313163914,24.039913404312795,24.0,1.0,0.8469328193037606,0.634256712216447,0.037467601201599775
77.7,24.039913404312795,24.038957879144085,24.0,1.0,0.8464449950713119,0.634256712216447,0.037467601201599775
77.80000000000001,24.038957879144085,24.038051779626453,24.0,1.0,0.845984912647309,0.634256712216447,0.037467601201599775
77.9,24.038051779626453,24.037195112974736,24.0,1.0,0.8455527838367204,0.634256712216447,0.037467601201599775
78.0,24.037195112974736,24.036387852196054,24.0,1.0,0.8451487984286951,0.634256712216447,0.037467601201599775
78.10000000000001,24.036387852196054,24.035629936590016,24.0,1.0,0.8447731244147733,0.634256712216447,0.037467601201599775
78.2,24.035629936590016,24.03492127220305,24.0,1.0,0.8444259081798499,0.634256712216447,0.037467601201599775
78.30000000000001,24.03492127220305,24.034261732236818,24.0,1.0,0.8441072746657434,0.634256712216447,0.037467601201599775
78.4,24.034261732236818,24.033651157410855,24.0,1.0,0.8438173275071781,0.634256712216447,0.037467601201599775
78.5,24.033651157410855,24.03308935627947,24.0,1.0,0.843556149140085,0.634256712216447,0.037467601201599775
78.60000000000001,24.03308935627947,24.032576105503082,24.0,1.0,0.843323800882082,0.634256712216447,0.037467601201599775
78.7,24.032576105503082,24.03211115007417,24.0,1.0,0.843120322985078,0.634256712216447,0.037467601201599775
78.80000000000001,24.03211115007417,24.031694203498006,24.0,1.0,0.8429457346599183,0.634256712216447,0.037467601201599775
78.9,24.031694203498006,24.031324947928503,24.0,1.0,0.842800034073058,0.634256712216447,0.037467601201599775
79.0,24.031324947928503,24.031003034259367,24.0,1.0,0.8426831983152423,0.634256712216447,0.037467601201599775
79.10000000000001,24.031003034259367,24.030728082170945,24.0,1.0,0.8425951833422053,0.634256712216447,0.037467601201599775
79.2,24.030728082170945,24.03049968013311,24.0,1.0,0.8425359238874331,0.634256712216447,0.037467601201599775
79.30000000000001,24.03049968013311,24.03031738536454,24.0,1.0,0.8425053333470534,0.634256712216447,0.037467601201599775
79.4,24.03031738536454,24.03018072374886,24.0,1.0,0.8425033036369166,0.634256712216447,0.037467601201599775
79.5,24.03018072374886,24.030089189708093,24.0,1.0,0.8425297050220085,0.634256712216447,0.037467601201599775
79.60000000000001,24.030089189708093,24.030042246033894,24.0,1.0,0.8425843859183022,0.634256712216447,0.037467601201599775
79.7,24.030042246033894,24.03003932367712,24.0,1.0,0.8426671726672049,0.634256712216447,0.037467601201599775
79.80000000000001,24.03003932367712,24.03007982149626,24.0,1.0,0.8427778692827954,0.634256712216447,0.037467601201599775
79.9,24.03007982149626,24.03016310596535,24.0,1.0,0.8429162571720182,0.634256712216447,0.037467601201599775
80.0,24.03016310596535,24.030288510841984,24.0,1.0,0.8430820948280943,0.634256712216447,0.037467601201599775
80.10000000000001,24.030288510841984,24.030455336796013,24.0,1.0,0.843275117497366,0.634256712216447,0.037467601201599775
80.2,24.030455336796013,24.030662850999718,24.0,1.0,0.843495036819834,0.634256712216447,0.037467601201599775
80.30000000000001,24.030662850999718,24.030910286680058,24.0,1.0,0.8437415404437103,0.634256712216447,0.037467601201599775
80.4,24.030910286680058,24.031196844728278,24.0,1.0,0.8440142916142431,0.634256712216447,0.037467601201599775
80.5,24.031196844728278,24.031521695270087,24.0,1.0,0.8443129300734691,0.634256712216447,0.037467601201599775
80.60000000000001,24.031521695270087,24.03188397919721,24.0,1.0,0.8446370729408361,0.634256712216447,0.037467601201599775
80.7,24.03188397919721,24.032282809661112,24.0,1.0,0.8449863155750711,0.634256712216447,0.037467601201599775
80.80000000000001,24.032282809661112,24.032717273529684,24.0,1.0,0.8453602324176416,0.634256712216447,0.037467601201599775
80.9,24.032717273529684,24.033186432807817,24.0,1.0,0.8457583778182005,0.634256712216447,0.037467601201599775
81.0,24.033186432807817,24.033689326022657,24.0,1.0,0.8461802868424295,0.634256712216447,0.037467601201599775
81.10000000000001,24.033689326022657,24.034224969574502,24.0,1.0,0.8466254760626866,0.634256712216447,0.037467601201599775
81.2,24.034224969574502,24.034792359054215,24.0,1.0,0.8470934443319156,0.634256712216447,0.037467601201599775
81.30000000000001,24.034792359054215,24.035390470528128,24.0,1.0,0.847583673541255,0.634256712216447,0.037467601201599775
81.4,24.035390470528128,24.03601826179136,24.0,1.0,0.8480956293618463,0.634256712216447,0.037467601201599775
81.5,24.03601826179136,24.036674673590557,24.0,1.0,0.8486287619712986,0.634256712216447,0.037467601201599775
81.60000000000001,24.036674673590557,24.037358630817046,24.0,1.0,0.8491825067653473,0.634256712216447,0.037467601201599775
81.7,24.037358630817046,24.03806904367138,24.0,1.0,0.8497562850552058,0.634256712216447,0.037467601201599775
81.80000000000001,24.03806904367138,24.03880480880037,24.0,1.0,0.8503495047511535,0.634256712216447,0.037467601201599775
81.9,24.03880480880037,24.03956481040758,24.0,1.0,0.8509615610329139,0.634256712216447,0.037467601201599775
82.0,24.03956481040758,24.040347921338373,24.0,1.0,0.8515918370073778,0.634256712216447,0.037467601201599775
82.10000000000001,24.040347921338373,24.04115300414061,24.0,1.0,0.8522397043542458,0.634256712216447,0.037467601201599775
82.2,24.04115300414061,24.04197891210202,24.0,1.0,0.8529045239601939,0.634256712216447,0.037467601201599775
82.30000000000001,24.04197891210202,24.042824490265378,24.0,1.0,0.8535856465421428,0.634256712216447,0.037467601201599775
82.4,24.042824490265378,24.043688576422607,24.0,1.0,0.8542824132602482,0.634256712216447,0.037467601201599775
82.5,24.043688576422607,24.04457000208888,24.0,1.0,0.8549941563212506,0.634256712216447,0.037467601201599775
82.60000000000001,24.04457000208888,24.04546759345788,24.0,1.0,0.8557201995727853,0.634256712216447,0.037467601201599775
82.7,24.04546759345788,24.04638017233933,24.0,1.0,0.8564598590893289,0.634256712216447,0.037467601201599775
82.80000000000001,24.04638017233933,24.04730655707992,24.0,1.0,0.8572124437504032,0.634256712216447,0.037467601201599775
82.9,24.04730655707992,24.048245563468818,24.0,1.0,0.857977255811707,0.634256712216447,0.037467601201599775
83.0,24.048245563468818,24.04919600562884,24.0,1.0,0.8587535914698589,0.634256712216447,0.037467601201599775
83.10000000000001,24.04919600562884,24.0501566968945,24.0,1.0,0.8595407414213876,0.634256712216447,0.037467601201599775
83.2,24.0501566968945,24.051126450678055,24.0,1.0,0.860337991416684,0.634256712216447,0.037467601201599775
83.30000000000001,24.051126450678055,24.05210408132469,24.0,1.0,0.8611446228095865,0.634256712216447,0.037467601201599775
83.4,24.05210408132469,24.05308840495802,24.0,1.0,0.8619599131032877,0.634256712216447,0.037467601201599775
83.5,24.05308840495802,24.054078240317075,24.0,1.0,0.8627831364932618,0.634256712216447,0.037467601201599775
83.60000000000001,24.054078240317075,24.05507240958585,24.0,1.0,0.8636135644079191,0.634256712216447,0.037467601201599775
83.7,24.05507240958585,24.05606973921667,24.0,1.0,0.8644504660476766,0.634256712216447,0.037467601201599775
83.80000000000001,24.05606973921667,24.057069060748443,24.0,1.0,0.8652931089231616,0.634256712216447,0.037467601201599775
83.9,24.057069060748443,24.05806921162095,24.0,1.0,0.8661407593932576,0.634256712216447,0.037467601201599775
84.0,24.05806921162095,24.059069035986354,24.0,1.0,0.8669926832036847,0.634256712216447,0.037467601201599775
84.10000000000001,24.059069035986354,24.06006738551901,24.0,1.0,0.8678481460268501,0.634256712216447,0.037467601201599775
84.2,24.06006738551901,24.061063120224706,24.0,1.0,0.8687064140036592,0.634256712216447,0.037467601201599775
84.30000000000001,24.061063120224706,24.062055109250494,24.0,1.0,0.8695667542880049,0.634256712216447,0.037467601201599775
84.4,24.062055109250494,24.063042231696148,24.0,1.0,0.870428435594648,0.634256712216447,0.037467601201599775
84.5,24.063042231696148,24.064023377428402,24.0,1.0,0.8712907287511885,0.634256712216447,0.037467601201599775
84.60000000000001,24.064023377428402,24.06499744789904,24.0,1.0,0.87215290725484,0.634256712216447,0.037467601201599775
84.7,24.06499744789904,24.065963356967874,24.0,1.0,0.8730142478347135,0.634256712216447,0.037467601201599775
84.80000000000001,24.065963356967874,24.06692003173174,24.0,1.0,0.873874031020292,0.634256712216447,0.037467601201599775
84.9,24.06692003173174,24.067866413360502,24.0,1.0,0.8747315417168148,0.634256712216447,0.037467601201599775
85.0,24.067866413360502,24.068801457941117,24.0,1.0,0.8755860697882525,0.634256712216447,0.037467601201599775
85.10000000000001,24.068801457941117,24.069724137330795,24.0,1.0,0.8764369106485518,0.634256712216447,0.037467601201599775
85.2,24.069724137330795,24.070633440020245,24.0,1.0,0.8772833658618424,0.634256712216447,0.037467601201599775
85.30000000000001,24.070633440020245,24.071528372007986,24.0,1.0,0.8781247437522804,0.634256712216447,0.037467601201599775
85.4,24.071528372007986,24.07240795768671,24.0,1.0,0.8789603600241818,0.634256712216447,0.037467601201599775
85.5,24.07240795768671,24.073271240689326,24.0,1.0,0.879789538393125,0.634256712216447,0.037467601201599775
85.60000000000001,24.073271240689326,24.07411728469564,24.0,1.0,0.8806116111946458,0.634256712216447,0.037467601201599775
85.7,24.07411728469564,24.074945174200625,24.0,1.0,0.8814259199709922,0.634256712216447,0.037467601201599775
85.80000000000001,24.074945174200625,24.07575401524522,24.0,1.0,0.8822318160363966,0.634256712216447,0.037467601201599775
85.9,24.07575401524522,24.076542936110517,24.0,1.0,0.8830286610213098,0.634256712216447,0.037467601201599775
86.0,24.076542936110517,24.077311087976287,24.0,1.0,0.8838158273960308,0.634256712216447,0.037467601201599775
86.10000000000001,24.077311087976287,24.07805764554465,24.0,1.0,0.8845926989741731,0.634256712216447,0.037467601201599775
86.2,24.07805764554465,24.078781807629767,24.0,1.0,0.8853586713963634,0.634256712216447,0.037467601201599775
86.30000000000001,24.078781807629767,24.079482797714363,24.0,1.0,0.8861131525946027,0.634256712216447,0.037467601201599775
86.4,24.079482797714363,24.080159864473863,24.0,1.0,0.8868555632376697,0.634256712216447,0.037467601201599775
86.5,24.080159864473863,24.08081228226895,24.0,1.0,0.8875853371579496,0.634256712216447,0.037467601201599775
86.60000000000001,24.08081228226895,24.08143935160725,24.0,1.0,0.888301921760078,0.634256712216447,0.037467601201599775
86.7,24.08143935160725,24.082040399574904,24.0,1.0,0.8890047784117339,0.634256712216447,0.037467601201599775
86.80000000000001,24.082040399574904,24.082614780238696,24.0,1.0,0.8896933828169508,0.634256712216447,0.037467601201599775
86.9,24.082614780238696,24.083161875019453,24.0,1.0,0.8903672253722625,0.634256712216447,0.037467601201599775
87.0,24.083161875019453,24.083681093037313,24.0,1.0,0.8910258115060166,0.634256712216447,0.037467601201599775
87.10000000000001,24.083681093037313,24.084171871429522,24.0,1.0,0.8916686620011518,0.634256712216447,0.037467601201599775
87.2,24.084171871429522,24.084633675641346,24.0,1.0,0.8922953133017324,0.634256712216447,0.037467601201599775
87.30000000000001,24.084633675641346,24.085065999690656,24.0,1.0,0.892905317803527,0.634256712216447,0.037467601201599775
87.4,24.085065999690656,24.08546836640674,24.0,1.0,0.893498244128877,0.634256712216447,0.037467601201599775
87.5,24.08546836640674,24.085840327643844,24.0,1.0,0.894073677386114,0.634256712216447,0.037467601201599775
87.60000000000001,24.085840327643844,24.086181464469945,24.0,1.0,0.8946312194137488,0.634256712216447,0.037467601201599775
87.7,24.086181464469945,24.086491387331197,24.0,1.0,0.8951704890096607,0.634256712216447,0.037467601201599775
87.80000000000001,24.086491387331197,24.08676973619248,24.0,1.0,0.895691122145469,0.634256712216447,0.037467601201599775
87.9,24.08676973619248,24.08701618065447,24.0,1.0,0.8961927721662781,0.634256712216447,0.037467601201599775
88.0,24.08701618065447,24.08723042004759,24.0,1.0,0.8966751099759684,0.634256712216447,0.037467601201599775
88.10000000000001,24.08723042004759,24.087412183503183,24.0,1.0,0.8971378242081751,0.634256712216447,0.037467601201599775
88.2,24.087412183503183,24.087561230002237,24.0,1.0,0.8975806213830868,0.634256712216447,0.037467601201599775
88.30000000000001,24.087561230002237,24.08767734840193,24.0,1.0,0.8980032260501886,0.634256712216447,0.037467601201599775
88.4,24.08767734840193,24.087760357440256,24.0,1.0,0.8984053809170388,0.634256712216447,0.037467601201599775
88.5,24.087760357440256,24.087810105718987,24.0,1.0,0.8987868469641608,0.634256712216447,0.037467601201599775
88.60000000000001,24.087810105718987,24.087826471665114,24.0,1.0,0.8991474035461217,0.634256712216447,0.037467601201599775
88.7,24.087826471665114,24.08780936347101,24.0,1.0,0.8994868484788338,0.634256712216447,0.037467601201599775
88.80000000000001,24.08780936347101,24.087758719013383,24.0,1.0,0.8998049981131191,0.634256712216447,0.037467601201599775
88.9,24.087758719013383,24.087674505751185,24.0,1.0,0.9001016873945286,0.634256712216447,0.037467601201599775
89.0,24.087674505751185,24.08755672060254,24.0,1.0,0.900376769909425,0.634256712216447,0.037467601201599775
89.10000000000001,24.08755672060254,24.08740538980073,24.0,1.0,0.9006301179173024,0.634256712216447,0.037467601201599775
89.2,24.08740538980073,24.0872205687293,24.0,1.0,0.9008616223692818,0.634256712216447,0.037467601201599775
89.30000000000001,24.0872205687293,24.087002341736255,24.0,1.0,0.9010711929127418,0.634256712216447,0.037467601201599775
89.4,24.087002341736255,24.08675082192731,24.0,1.0,0.9012587578819942,0.634256712216447,0.037467601201599775
89.5,24.08675082192731,24.086466150938165,24.0,1.0,0.9014242642749039,0.634256712216447,0.037467601201599775
89.60000000000001,24.086466150938165,24.086148498685688,24.0,1.0,0.9015676777153437,0.634256712216447,0.037467601201599775
89.7,24.086148498685688,24.085798063097915,24.0,1.0,0.9016889824013469,0.634256712216447,0.037467601201599775
89.80000000000001,24.085798063097915,24.085415069822705,24.0,1.0,0.9017881810388044,0.634256712216447,0.037467601201599775
89.9,24.085415069822705,24.08499977191489,24.0,1.0,0.9018652947605413,0.634256712216447,0.037467601201599775
90.0,24.08499977191489,24.08455244950174,24.0,1.0,0.9019203630305741,0.634256712216447,0.037467601201599775
90.10000000000001,24.08455244950174,24.084073409426477,24.0,1.0,0.9019534435333628,0.634256712216447,0.037467601201599775
90.2,24.084073409426477,24.083562984869648,24.0,1.0,0.9019646120478119,0.634256712216447,0.037467601201599775
90.30000000000001,24.083562984869648,24.08302153494803,24.0,1.0,0.901953962305794,0.634256712216447,0.037467601201599775
90.4,24.08302153494803,24.082449444290823,24.0,1.0,0.9019216058349374,0.634256712216447,0.037467601201599775
90.5,24.082449444290823,24.081847122592727,24.0,1.0,0.9018676717854051,0.634256712216447,0.037467601201599775
90.60000000000001,24.081847122592727,24.081215004145008,24.0,1.0,0.9017923067403542,0.634256712216447,0.037467601201599775
90.7,24.081215004145008,24.080553547345477,24.0,1.0,0.9016956745106619,0.634256712216447,0.037467601201599775
90.80000000000001,24.080553547345477,24.079863234188338,24.0,1.0,0.9015779559144498,0.634256712216447,0.037467601201599775
90.9,24.079863234188338,24.079144569734893,24.0,1.0,0.9014393485419264,0.634256712216447,0.037467601201599775
91.0,24.079144569734893,24.078398081565982,24.0,1.0,0.9012800665061079,0.634256712216447,0.037467601201599775
91.10000000000001,24.078398081565982,24.077624319217062,24.0,1.0,0.9011003401798944,0.634256712216447,0.037467601201599775
91.2,24.077624319217062,24.07682385359681,24.0,1.0,0.9009004159200281,0.634256712216447,0.037467601201599775
91.30000000000001,24.07682385359681,24.075997276390094,24.0,1.0,0.9006805557784187,0.634256712216447,0.037467601201599775
91.4,24.075997276390094,24.075145199446155,24.0,1.0,0.900441037201313,0.634256712216447,0.037467601201599775
91.5,24.075145199446155,24.07426825415281,24.0,1.0,0.9001821527168009,0.634256712216447,0.037467601201599775
91.60000000000001,24.07426825415281,24.073367090797454,24.0,1.0,0.8999042096111035,0.634256712216447,0.037467601201599775
91.7,24.073367090797454,24.072442377915685,24.0,1.0,0.8996075295940983,0.634256712216447,0.037467601201599775
91.80000000000001,24.072442377915685,24.071494801628262,24.0,1.0,0.8992924484545473,0.634256712216447,0.037467601201599775
91.9,24.071494801628262,24.070525064967168,24.0,1.0,0.8989593157054515,0.634256712216447,0.037467601201599775
92.0,24.070525064967168,24.069533887191483,24.0,1.0,0.8986084942199607,0.634256712216447,0.037467601201599775
92.10000000000001,24.069533887191483,24.068522003093815,24.0,1.0,0.8982403598582617,0.634256712216447,0.037467601201599775
92.2,24.068522003093815,24.067490162297933,24.0,1.0,0.8978553010858761,0.634256712216447,0.037467601201599775
92.30000000000001,24.067490162297933,24.06643912854833,24.0,1.0,0.8974537185837501,0.634256712216447,0.037467601201599775
92.4,24.06643912854833,24.06536967899234,24.0,1.0,0.8970360248505606,0.634256712216447,0.037467601201599775
92.5,24.06536967899234,24.064282603455517,24.0,1.0,0.8966026437976143,0.634256712216447,0.037467601201599775
92.60000000000001,24.064282603455517,24.063178703710843,24.0,1.0,0.8961540103367451,0.634256712216447,0.037467601201599775
92.7,24.063178703710843,24.06205879274247,24.0,1.0,0.8956905699615788,0.634256712216447,0.037467601201599775
92.80000000000001,24.06205879274247,24.060923694004572,24.0,1.0,0.8952127783225557,0.634256712216447,0.037467601201599775
92.9,24.060923694004572,24.059774240675914,24.0,1.0,0.894721100796085,0.634256712216447,0.037467601201599775
93.0,24.059774240675914,24.058611274910753,24.0,1.0,0.8942160120481816,0.634256712216447,0.037467601201599775
93.10000000000001,24.058611274910753,24.057435647086656,24.0,1.0,0.8936979955929776,0.634256712216447,0.037467601201599775
93.2,24.057435647086656,24.056248215049806,24.0,1.0,0.8931675433464557,0.634256712216447,0.037467601201599775
93.30000000000001,24.056248215049806,24.055049843358383,24.0,1.0,0.8926251551757612,0.634256712216447,0.037467601201599775
93.4,24.055049843358383,24.05384140252458,24.0,1.0,0.8920713384444623,0.634256712216447,0.037467601201599775
93.5,24.05384140252458,24.0526237682558,24.0,1.0,0.8915066075540987,0.634256712216447,0.037467601201599775
93.60000000000001,24.0526237682558,24.05139782069563,24.0,1.0,0.8909314834823735,0.634256712216447,0.037467601201599775
93.7,24.05139782069563,24.05016444366511,24.0,1.0,0.8903464933183565,0.634256712216447,0.037467601201599775
93.80000000000001,24.05016444366511,24.048924523904827,24.0,1.0,0.8897521697950302,0.634256712216447,0.037467601201599775
93.9,24.048924523904827,24.04767895031843,24.0,1.0,0.8891490508195248,0.634256712216447,0.037467601201599775
94.0,24.04767895031843,24.04642861321808,24.0,1.0,0.8885376790014183,0.634256712216447,0.037467601201599775
94.10000000000001,24.04642861321808,24.045174403572346,24.0,1.0,0.8879186011794268,0.634256712216447,0.037467601201599775
94.2,24.045174403572346,24.04391721225715,24.0,1.0,0.8872923679468508,0.634256712216447,0.037467601201599775
94.30000000000001,24.04391721225715,24.042657929310227,24.0,1.0,0.8866595331761205,0.634256712216447,0.037467601201599775
94.4,24.042657929310227,24.04139744318971,24.0,1.0,0.8860206535428036,0.634256712216447,0.037467601201599775
94.5,24.04139744318971,24.040136640037318,24.0,1.0,0.885376288049429,0.634256712216447,0.037467601201599775
94.60000000000001,24.040136640037318,24.038876402946737,24.0,1.0,0.8847269975494904,0.634256712216447,0.037467601201599775
94.7,24.038876402946737,24.037617611237703,24.0,1.0,0.8840733442719818,0.634256712216447,0.037467601201599775
94.80000000000001,24.037617611237703,24.036361139736364,24.0,1.0,0.8834158913468455,0.634256712216447,0.037467601201599775
94.9,24.036361139736364,24.03510785806245,24.0,1.0,0.8827552023317002,0.634256712216447,0.037467601201599775
95.0,24.03510785806245,24.03385862992382,24.0,1.0,0.8820918407402147,0.634256712216447,0.037467601201599775
95.10000000000001,24.03385862992382,24.032614312418957,24.0,1.0,0.8814263695725212,0.634256712216447,0.037467601201599775
95.2,24.032614312418957,24.031375755347952,24.0,1.0,0.8807593508480512,0.634256712216447,0.037467601201599775
95.30000000000001,24.031375755347952,24.030143800532592,24.0,1.0,0.8800913451411807,0.634256712216447,0.037467601201599775
95.4,24.030143800532592,24.028919281146077,24.0,1.0,0.8794229111200969,0.634256712216447,0.037467601201599775
95.5,24.028919281146077,24.02770302105304,24.0,1.0,0.8787546050892625,0.634256712216447,0.037467601201599775
95.60000000000001,24.02770302105304,24.026495834160364,24.0,1.0,0.8780869805359416,0.634256712216447,0.037467601201599775
95.7,24.026495834160364,24.025298523779483,24.0,1.0,0.8774205876811454,0.634256712216447,0.037467601201599775
95.80000000000001,24.025298523779483,24.024111882000625,24.0,1.0,0.8767559730354609,0.634256712216447,0.037467601201599775
95.9,24.024111882000625,24.022936689079565,24.0,1.0,0.8760936789601256,0.634256712216447,0.037467601201599775
96.0,24.022936689079565,24.021773712837394,24.0,1.0,0.8754342432337257,0.634256712216447,0.037467601201599775
96.10000000000001,24.021773712837394,24.020623708073764,24.0,1.0,0.8747781986249077,0.634256712216447,0.037467601201599775
96.2,24.020623708073764,24.019487415994067,24.0,1.0,0.8741260724714348,0.634256712216447,0.037467601201599775
96.30000000000001,24.019487415994067,24.01836556365101,24.0,1.0,0.8734783862659407,0.634256712216447,0.037467601201599775
96.4,24.01836556365101,24.01725886340095,24.0,1.0,0.8728356552487123,0.634256712216447,0.037467601201599775
96.5,24.01725886340095,24.01616801237544,24.0,1.0,0.8721983880078108,0.634256712216447,0.037467601201599775
96.60000000000001,24.01616801237544,24.015093691968303,24.0,1.0,0.8715670860868441,0.634256712216447,0.037467601201599775
96.7,24.015093691968303,24.014036567338614,24.0,1.0,0.8709422436006784,0.634256712216447,0.037467601201599775
96.80000000000001,24.014036567338614,24.012997286929927,24.0,1.0,0.870324346859377,0.634256712216447,0.037467601201599775
96.9,24.012997286929927,24.011976482006045,24.0,1.0,0.8697138740006315,0.634256712216447,0.037467601201599775
97.0,24.011976482006045,24.010974766203628,24.0,1.0,0.8691112946309555,0.634256712216447,0.037467601201599775
97.10000000000001,24.010974766203628,24.00999273510193,24.0,1.0,0.868517069475879,0.634256712216447,0.037467601201599775
97.2,24.00999273510193,24.009030965809902,24.0,1.0,0.8679316500393943,0.634256712216447,0.037467601201599775
97.30000000000001,24.009030965809902,24.00809001657091,24.0,1.0,0.8673554782728641,0.634256712216447,0.037467601201599775
97.4,24.00809001657091,24.00717042638531,24.0,1.0,0.8667889862536382,0.634256712216447,0.037467601201599775
97.5,24.00717042638531,24.006272714651047,24.0,1.0,0.8662325958735583,0.634256712216447,0.037467601201599775
97.60000000000001,24.006272714651047,24.005397380822505,24.0,1.0,0.8656867185375653,0.634256712216447,0.037467601201599775
97.7,24.005397380822505,24.00454490408776,24.0,1.0,0.8651517548726012,0.634256712216447,0.037467601201599775
97.80000000000001,24.00454490408776,24.003715743064394,24.0,1.0,0.8646280944469662,0.634256712216447,0.037467601201599775
97.9,24.003715743064394,24.002910335514034,24.0,1.0,0.8641161155003192,0.634256712216447,0.037467601201599775
98.0,24.002910335514034,24.00212909807571,24.0,1.0,0.8636161846844742,0.634256712216447,0.037467601201599775
98.10000000000001,24.00212909807571,24.001372426018154,24.0,1.0,0.8631286568151438,0.634256712216447,0.037467601201599775
98.2,24.001372426018154,24.000640693011167,24.0,1.0,0.8626538746347654,0.634256712216447,0.037467601201599775
98.30000000000001,24.000640693011167,23.999934250916073,24.0,1.0,0.8621921685865572,0.634256712216447,0.037467601201599775
98.4,23.999934250916073,23.99925342959539,24.0,1.0,0.861743856599906,0.634256712216447,0.037467601201599775
98.5,23.99925342959539,23.998598536741746,24.0,1.0,0.8613092438872247,0.634256712216447,0.037467601201599775
98.60000000000001,23.998598536741746,23.99796985772603,24.0,1.0,0.8608886227523712,0.634256712216447,0.037467601201599775
98.7,23.99796985772603,23.997367655464906,24.0,1.0,0.8604822724107137,0.634256712216447,0.037467601201599775
98.80000000000001,23.997367655464906,23.9967921703076,24.0,1.0,0.8600904588209572,0.634256712216447,0.037467601201599775
98.9,23.9967921703076,23.996243619942007,24.0,1.0,0.8597134345287912,0.634256712216447,0.037467601201599775
99.0,23.996243619942007,23.995722199320088,24.0,1.0,0.8593514385224275,0.634256712216447,0.037467601201599775
99.10000000000001,23.995722199320088,23.99522808060252,24.0,1.0,0.859004696100098,0.634256712216447,0.037467601201599775
99.2,23.99522808060252,23.994761413122557,24.0,1.0,0.858673418749553,0.634256712216447,0.037467601201599775
99.30000000000001,23.994761413122557,23.994322323369055,24.0,1.0,0.8583578040396155,0.634256712216447,0.037467601201599775
99.4,23.994322323369055,23.99391091498855,24.0,1.0,0.8580580355238151,0.634256712216447,0.037467601201599775
99.5,23.99391091498855,23.99352726880635,24.0,1.0,0.857774282656129,0.634256712216447,0.037467601201599775
99.60000000000001,23.99352726880635,23.99317144286649,24.0,1.0,0.8575067007188473,0.634256712216447,0.037467601201599775
99.7,23.99317144286649,23.99284347249049,24.0,1.0,0.8572554307625646,0.634256712216447,0.037467601201599775
99.80000000000001,23.99284347249049,23.992543370354717,24.0,1.0,0.8570205995583079,0.634256712216447,0.037467601201599775
99.9,23.992543370354717,23.99227112658627,24.0,1.0,0.8568023195617567,0.634256712216447,0.037467601201599775
100.0,23.99227112658627,23.99202670887721,24.0,1.0,0.8566006888895803,0.634256712216447,0.037467601201599775
100.10000000000001,23.99202670887721,23.991810062616917,24.0,1.0,0.8564157913078176,0.634256712216447,0.037467601201599775
100.2,23.991810062616917,23.991621111042495,24.0,1.0,0.8562476962322776,0.634256712216447,0.037467601201599775
100.30000000000001,23.991621111042495,23.991459755406883,24.0,1.0,0.856096458740919,0.634256712216447,0.037467601201599775
100.4,23.991459755406883,23.991325875164566,24.0,1.0,0.8559621195981203,0.634256712216447,0.037467601201599775
100.5,23.991325875164566,23.99121932817462,24.0,1.0,0.8558447052907874,0.634256712216447,0.037467601201599775
100.60000000000001,23.99121932817462,23.99113995092081,24.0,1.0,0.8557442280762233,0.634256712216447,0.037467601201599775
100.7,23.99113995092081,23.991087558748543,24.0,1.0,0.8556606860416456,0.634256712216447,0.037467601201599775
100.80000000000001,23.991087558748543,23.991061946118318,24.0,1.0,0.8555940631752627,0.634256712216447,0.037467601201599775
100.9,23.991061946118318,23.99106288687547,24.0,1.0,0.8555443294487894,0.634256712216447,0.037467601201599775
101.0,23.99106288687547,23.991090134535824,24.0,1.0,0.8555114409112823,0.634256712216447,0.037467601201599775
101.10000000000001,23.991090134535824,23.991143422587005,24.0,1.0,0.8554953397941578,0.634256712216447,0.037467601201599775
101.2,23.991143422587005,23.991222464804995,24.0,1.0,0.8554959546272479,0.634256712216447,0.037467601201599775
101.30000000000001,23.991222464804995,23.99132695558569,24.0,1.0,0.855513200365735,0.634256712216447,0.037467601201599775
101.4,23.99132695558569,23.99145657029102,24.0,1.0,0.8555469785278245,0.634256712216447,0.037467601201599775
101.5,23.99145657029102,23.9916109656093,24.0,1.0,0.8555971773429588,0.634256712216447,0.037467601201599775
101.60000000000001,23.9916109656093,23.99178977992945,24.0,1.0,0.8556636719104107,0.634256712216447,0.037467601201599775
101.7,23.99178977992945,23.991992633728668,24.0,1.0,0.8557463243680689,0.634256712216447,0.037467601201599775
101.80000000000001,23.991992633728668,23.992219129973172,24.0,1.0,0.8558449840712072,0.634256712216447,0.037467601201599775
101.9,23.992219129973172,23.992468854531626,24.0,1.0,0.8559594877810595,0.634256712216447,0.037467601201599775
102.0,23.992468854531626,23.992741376600804,24.0,1.0,0.8560896598629643,0.634256712216447,0.037467601201599775
102.10000000000001,23.992741376600804,23.993036249143092,24.0,1.0,0.8562353124938882,0.634256712216447,0.037467601201599775
102.2,23.993036249143092,23.993353009335404,24.0,1.0,0.856396245879085,0.634256712216447,0.037467601201599775
102.30000000000001,23.993353009335404,23.99369117902906,24.0,1.0,0.8565722484776809,0.634256712216447,0.037467601201599775
102.4,23.99369117902906,23.994050265220196,24.0,1.0,0.8567630972369311,0.634256712216447,0.037467601201599775
102.5,23.994050265220196,23.994429760530263,24.0,1.0,0.8569685578349245,0.634256712216447,0.037467601201599775
102.60000000000001,23.994429760530263,23.994829143696148,24.0,1.0,0.8571883849314844,0.634256712216447,0.037467601201599775
102.7,23.994829143696148,23.995247880069464,24.0,1.0,0.8574223224270067,0.634256712216447,0.037467601201599775
102.80000000000001,23.995247880069464,23.995685422124556,24.0,1.0,0.8576701037289894,0.634256712216447,0.037467601201599775
102.9,23.995685422124556,23.996141209974738,24.0,1.0,0.8579314520259896,0.634256712216447,0.037467601201599775
103.0,23.996141209974738,23.996614671896303,24.0,1.0,0.8582060805687355,0.634256712216447,0.037467601201599775
103.10000000000001,23.996614671896303,23.997105224859823,24.0,1.0,0.8584936929581347,0.634256712216447,0.037467601201599775
103.2,23.997105224859823,23.997612275068256,24.0,1.0,0.8587939834398927,0.634256712216447,0.037467601201599775
103.30000000000001,23.997612275068256,23.998135218501403,24.0,1.0,0.8591066372054702,0.634256712216447,0.037467601201599775
103.4,23.998135218501403,23.99867344146619,24.0,1.0,0.8594313306991014,0.634256712216447,0.037467601201599775
103.5,23.99867344146619,23.999226321152324,24.0,1.0,0.8597677319305761,0.634256712216447,0.037467601201599775
103.60000000000001,23.999226321152324,23.999793226192814,24.0,1.0,0.8601155007935016,0.634256712216447,0.037467601201599775
103.7,23.999793226192814,24.00037351722889,24.0,1.0,0.8604742893887669,0.634256712216447,0.037467601201599775
103.80000000000001,24.00037351722889,24.000966547478804,24.0,1.0,0.8608437423528948,0.634256712216447,0.037467601201599775
103.9,24.000966547478804,24.001571663310024,24.0,1.0,0.8612234971909974,0.634256712216447,0.037467601201599775
104.0,24.001571663310024,24.002188204814356,24.0,1.0,0.8616131846140297,0.634256712216447,0.037467601201599775
104.10000000000001,24.002188204814356,24.002815506385474,24.0,1.0,0.8620124288800455,0.634256712216447,0.037467601201599775
104.2,24.002815506385474,24.003452897298384,24.0,1.0,0.8624208481391541,0.634256712216447,0.037467601201599775
104.30000000000001,24.003452897298384,24.00409970229032,24.0,1.0,0.8628380547818698,0.634256712216447,0.037467601201599775
104.4,24.00409970229032,24.004755242142576,24.0,1.0,0.8632636557905451,0.634256712216447,0.037467601201599775
104.5,24.004755242142576,24.005418834262834,24.0,1.0,0.863697253093586,0.634256712216447,0.037467601201599775
104.60000000000001,24.005418834262834,24.006089793267424,24.0,1.0,0.8641384439221474,0.634256712216447,0.037467601201599775
104.7,24.006089793267424,24.006767431563098,24.0,1.0,0.8645868211689856,0.634256712216447,0.037467601201599775
104.80000000000001,24.006767431563098,24.007451059927813,24.0,1.0,0.865041973749168,0.634256712216447,0.037467601201599775
104.9,24.007451059927813,24.008139988090033,24.0,1.0,0.8655034869623408,0.634256712216447,0.037467601201599775
105.0,24.008139988090033,24.00883352530609,24.0,1.0,0.8659709428562177,0.634256712216447,0.037467601201599775
105.10000000000001,24.00883352530609,24.009530980935143,24.0,1.0,0.8664439205910118,0.634256712216447,0.037467601201599775
105.2,24.009530980935143,24.01023166501123,24.0,1.0,0.8669219968044848,0.634256712216447,0.037467601201599775
105.30000000000001,24.01023166501123,24.010934888811985,24.0,1.0,0.8674047459773128,0.634256712216447,0.037467601201599775
105.4,24.010934888811985,24.011639965423562,24.0,1.0,0.8678917407984513,0.634256712216447,0.037467601201599775
105.5,24.011639965423562,24.012346210301274,24.0,1.0,0.8683825525302202,0.634256712216447,0.037467601201599775
105.60000000000001,24.012346210301274,24.013052941825553,24.0,1.0,0.8688767513727694,0.634256712216447,0.037467601201599775
105.7,24.013052941825553,24.013759481852734,24.0,1.0,0.8693739068276607,0.634256712216447,0.037467601201599775
105.80000000000001,24.013759481852734,24.014465156260286,24.0,1.0,0.86987358806023,0.634256712216447,0.037467601201599775
105.9,24.014465156260286,24.01516929548601,24.0,1.0,0.8703753642604671,0.634256712216447,0.037467601201599775
106.0,24.01516929548601,24.015871235060818,24.0,1.0,0.870878805002096,0.634256712216447,0.037467601201599775
106.10000000000001,24.015871235060818,24.016570316134644,24.0,1.0,0.8713834805995712,0.634256712216447,0.037467601201599775
106.2,24.016570316134644,24.017265885995126,24.0,1.0,0.8718889624627004,0.634256712216447,0.037467601201599775
106.30000000000001,24.017265885995126,24.01795729857862,24.0,1.0,0.8723948234486127,0.634256712216447,0.037467601201599775
106.4,24.01795729857862,24.018643914973175,24.0,1.0,0.872900638210784,0.634256712216447,0.037467601201599775
106.5,24.018643914973175,24.019325103913097,24.0,1.0,0.8734059835448545,0.634256712216447,0.037467601201599775
106.60000000000001,24.019325103913097,24.020000242264697,24.0,1.0,0.8739104387309471,0.634256712216447,0.037467601201599775
106.7,24.020000242264697,24.020668715502904,24.0,1.0,0.8744135858722348,0.634256712216447,0.037467601201599775
106.80000000000001,24.020668715502904,24.02132991817835,24.0,1.0,0.8749150102294858,0.634256712216447,0.037467601201599775
106.9,24.02132991817835,24.021983254374607,24.0,1.0,0.8754143005513194,0.634256712216447,0.037467601201599775
107.0,24.021983254374607,24.022628138155255,24.0,1.0,0.8759110493999323,0.634256712216447,0.037467601201599775
107.10000000000001,24.022628138155255,24.023263994000413,24.0,1.0,0.8764048534720413,0.634256712216447,0.037467601201599775
107.2,24.023263994000413,24.023890257232452,24.0,1.0,0.8768953139147908,0.634256712216447,0.037467601201599775
107.30000000000001,24.023890257232452,24.02450637443061,24.0,1.0,0.877382036636385,0.634256712216447,0.037467601201599775
107.4,24.02450637443061,24.02511180383416,24.0,1.0,0.877864632611236,0.634256712216447,0.037467601201599775
107.5,24.02511180383416,24.025706015733903,24.0,1.0,0.8783427181793615,0.634256712216447,0.037467601201599775
107.60000000000001,24.025706015733903,24.026288492851688,24.0,1.0,0.8788159153398516,0.634256712216447,0.037467601201599775
107.7,24.026288492851688,24.026858730707715,24.0,1.0,0.8792838520381551,0.634256712216447,0.037467601201599775
107.80000000000001,24.026858730707715,24.027416237975377,24.0,1.0,0.8797461624469944,0.634256712216447,0.037467601201599775
107.9,24.027416237975377,24.027960536823386,24.0,1.0,0.880202487240709,0.634256712216447,0.037467601201599775
108.0,24.027960536823386,24.028491163244993,24.0,1.0,0.8806524738628186,0.634256712216447,0.037467601201599775
108.10000000000001,24.028491163244993,24.02900766737407,24.0,1.0,0.8810957767866259,0.634256712216447,0.037467601201599775
108.2,24.02900766737407,24.029509613787848,24.0,1.0,0.8815320577686766,0.634256712216447,0.037467601201599775
108.30000000000001,24.029509613787848,24.02999658179615,24.0,1.0,0.8819609860948896,0.634256712216447,0.037467601201599775
108.4,24.02999658179615,24.03046816571694,24.0,1.0,0.8823822388192055,0.634256712216447,0.037467601201599775
108.5,24.03046816571694,24.030923975137977,24.0,1.0,0.8827955009945815,0.634256712216447,0.037467601201599775
108.60000000000001,24.030923975137977,24.031363635164524,24.0,1.0,0.8832004658961697,0.634256712216447,0.037467601201599775
108.7,24.031363635164524,24.031786786652866,24.0,1.0,0.8835968352365583,0.634256712216447,0.037467601201599775
108.80000000000001,24.031786786652866,24.032193086429587,24.0,1.0,0.8839843193729022,0.634256712216447,0.037467601201599775
108.9,24.032193086429587,24.032582207496464,24.0,1.0,0.8843626375058387,0.634256712216447,0.037467601201599775
109.0,24.032582207496464,24.032953839220877,24.0,1.0,0.8847315178700451,0.634256712216447,0.037467601201599775
109.10000000000001,24.032953839220877,24.03330768751166,24.0,1.0,0.8850906979163253,0.634256712216447,0.037467601201599775
109.2,24.03330768751166,24.033643474980305,24.0,1.0,0.8854399244851238,0.634256712216447,0.037467601201599775
109.30000000000001,24.033643474980305,24.033960941087475,24.0,1.0,0.8857789539713508,0.634256712216447,0.037467601201599775
109.4,24.033960941087475,24.034259842274736,24.0,1.0,0.8861075524804339,0.634256712216447,0.037467601201599775
109.5,24.034259842274736,24.03453995208154,24.0,1.0,0.8864254959755015,0.634256712216447,0.037467601201599775
109.60000000000001,24.03453995208154,24.034801061247357,24.0,1.0,0.8867325704156368,0.634256712216447,0.037467601201599775
109.7,24.034801061247357,24.03504297779899,24.0,1.0,0.8870285718850978,0.634256712216447,0.037467601201599775
109.80000000000001,24.03504297779899,24.035265527123073,24.0,1.0,0.8873133067134765,0.634256712216447,0.037467601201599775
109.9,24.035265527123073,24.035468552023744,24.0,1.0,0.887586591586716,0.634256712216447,0.037467601201599775
110.0,24.035468552023744,24.03565191276552,24.0,1.0,0.8878482536489559,0.634256712216447,0.037467601201599775
110.10000000000001,24.03565191276552,24.03581548710143,24.0,1.0,0.8880981305951415,0.634256712216447,0.037467601201599775
110.2,24.03581548710143,24.035959170286443,24.0,1.0,0.8883360707543951,0.634256712216447,0.037467601201599775
110.30000000000001,24.035959170286443,24.036082875076225,24.0,1.0,0.888561933164105,0.634256712216447,0.037467601201599775
110.4,24.036082875076225,24.036186531711365,24.0,1.0,0.8887755876347141,0.634256712216447,0.037467601201599775
110.5,24.036186531711365,24.036270087887086,24.0,1.0,0.8889769148052207,0.634256712216447,0.037467601201599775
110.60000000000001,24.036270087887086,24.03633350870856,24.0,1.0,0.8891658061893687,0.634256712216447,0.037467601201599775
110.7,24.03633350870856,24.03637677663196,24.0,1.0,0.8893421642125368,0.634256712216447,0.037467601201599775
110.80000000000001,24.03637677663196,24.036399891391337,24.0,1.0,0.889505902239363,0.634256712216447,0.037467601201599775
110.9,24.036399891391337,24.036402869911456,24.0,1.0,0.8896569445920917,0.634256712216447,0.037467601201599775
111.0,24.036402869911456,24.03638574620675,24.0,1.0,0.8897952265597129,0.634256712216447,0.037467601201599775
111.10000000000001,24.03638574620675,24.036348571266533,24.0,1.0,0.8899206943978956,0.634256712216447,0.037467601201599775
111.2,24.036348571266533,24.036291412926623,24.0,1.0,0.8900333053197824,0.634256712216447,0.037467601201599775
111.30000000000001,24.036291412926623,24.03621435572758,24.0,1.0,0.8901330274776931,0.634256712216447,0.037467601201599775
111.4,24.03621435572758,24.036117500759712,24.0,1.0,0.8902198399357928,0.634256712216447,0.037467601201599775
111.5,24.036117500759712,24.036000965495063,24.0,1.0,0.8902937326337973,0.634256712216447,0.037467601201599775
111.60000000000001,24.036000965495063,24.035864883606575,24.0,1.0,0.890354706341788,0.634256712216447,0.037467601201599775
111.7,24.035864883606575,24.035709404774646,24.0,1.0,0.8904027726062145,0.634256712216447,0.037467601201599775
111.80000000000001,24.035709404774646,24.035534694481306,24.0,1.0,0.8904379536871808,0.634256712216447,0.037467601201599775
111.9,24.035534694481306,24.035340933792238,24.0,1.0,0.8904602824871012,0.634256712216447,0.037467601201599775
112.0,24.035340933792238,24.03512831912689,24.0,1.0,0.8904698024708377,0.634256712216447,0.037467601201599775
112.10000000000001,24.03512831912689,24.034897062016935,24.0,1.0,0.8904665675774184,0.634256712216447,0.037467601201599775
112.2,24.034897062016935,24.03464738885332,24.0,1.0,0.8904506421234569,0.634256712216447,0.037467601201599775
112.30000000000001,24.03464738885332,24.03437954062219,24.0,1.0,0.8904221006983967,0.634256712216447,0.037467601201599775
112.4,24.03437954062219,24.03409377262996,24.0,1.0,0.8903810280517004,0.634256712216447,0.037467601201599775
112.5,24.03409377262996,24.033790354217786,24.0,1.0,0.8903275189721267,0.634256712216447,0.037467601201599775
112.60000000000001,24.033790354217786,24.033469568465787,24.0,1.0,0.8902616781592252,0.634256712216447,0.037467601201599775
112.7,24.033469568465787,24.033131711887247,24.0,1.0,0.890183620087203,0.634256712216447,0.037467601201599775
112.80000000000001,24.033131711887247,24.032777094113154,24.0,1.0,0.8900934688613095,0.634256712216447,0.037467601201599775
112.9,24.032777094113154,24.03240603756736,24.0,1.0,0.8899913580668977,0.634256712216447,0.037467601201599775
113.0,24.03240603756736,24.03201887713268,24.0,1.0,0.8898774306113251,0.634256712216447,0.037467601201599775
113.10000000000001,24.03201887713268,24.03161595980827,24.0,1.0,0.8897518385588574,0.634256712216447,0.037467601201599775
113.2,24.03161595980827,24.031197644358596,24.0,1.0,0.8896147429587536,0.634256712216447,0.037467601201599775
113.30000000000001,24.031197644358596,24.030764300954317,24.0,1.0,0.889466313666699,0.634256712216447,0.037467601201599775
113.4,24.030764300954317,24.03031631080546,24.0,1.0,0.889306729159781,0.634256712216447,0.037467601201599775
113.5,24.03031631080546,24.029854065787205,24.0,1.0,0.8891361763451782,0.634256712216447,0.037467601201599775
113.60000000000001,24.029854065787205,24.029377968058615,24.0,1.0,0.8889548503627773,0.634256712216447,0.037467601201599775
113.7,24.029377968058615,24.02888842967469,24.0,1.0,0.8887629543818812,0.634256712216447,0.037467601201599775
113.80000000000001,24.02888842967469,24.028385872192104,24.0,1.0,0.8885606993922289,0.634256712216447,0.037467601201599775
113.9,24.028385872192104,24.027870726268937,24.0,1.0,0.8883483039895287,0.634256712216447,0.037467601201599775
114.0,24.027870726268937,24.027343431258846,24.0,1.0,0.8881259941556936,0.634256712216447,0.037467601201599775
114.10000000000001,24.027343431258846,24.026804434799953,24.0,1.0,0.8878940030340141,0.634256712216447,0.037467601201599775
114.2,24.026804434799953,24.026254192398888,24.0,1.0,0.8876525706994524,0.634256712216447,0.037467601201599775
114.30000000000001,24.026254192398888,24.025693167010314,24.0,1.0,0.8874019439242978,0.634256712216447,0.037467601201599775
114.4,24.025693167010314,24.025121828612328,24.0,1.0,0.8871423759393857,0.634256712216447,0.037467601201599775
114.5,24.025121828612328,24.02454065377811,24.0,1.0,0.8868741261911064,0.634256712216447,0.037467601201599775
114.60000000000001,24.02454065377811,24.0239501252442,24.0,1.0,0.8865974600944315,0.634256712216447,0.037467601201599775
114.7,24.0239501252442,24.02335073147573,24.0,1.0,0.88631264878218,0.634256712216447,0.037467601201599775
114.80000000000001,24.02335073147573,24.022742966229107,24.0,1.0,0.8860199688507383,0.634256712216447,0.037467601201599775
114.9,24.022742966229107,24.02212732811236,24.0,1.0,0.8857197021024966,0.634256712216447,0.037467601201599775
115.0,24.02212732811236,24.021504320143695,24.0,1.0,0.8854121352851918,0.634256712216447,0.037467601201599775
115.10000000000001,24.021504320143695,24.02087444930849,24.0,1.0,0.8850975598284262,0.634256712216447,0.037467601201599775
115.2,24.02087444930849,24.020238226115218,24.0,1.0,0.8847762715775676,0.634256712216447,0.037467601201599775
115.30000000000001,24.020238226115218,24.019596164150617,24.0,1.0,0.8844485705252784,0.634256712216447,0.037467601201599775
115.4,24.019596164150617,24.01894877963448,24.0,1.0,0.8841147605409186,0.634256712216447,0.037467601201599775
115.5,24.01894877963448,24.018296590974476,24.0,1.0,0.883775149098035,0.634256712216447,0.037467601201599775
115.60000000000001,24.018296590974476,24.017640118321314,24.0,1.0,0.8834300470001931,0.634256712216447,0.037467601201599775
115.7,24.017640118321314,24.016979883124687,24.0,1.0,0.8830797681053796,0.634256712216447,0.037467601201599775
115.80000000000001,24.016979883124687,24.016316407690315,24.0,1.0,0.8827246290492142,0.634256712216447,0.037467601201599775
115.9,24.016316407690315,24.01565021473846,24.0,1.0,0.8823649489672113,0.634256712216447,0.037467601201599775
116.0,24.01565021473846,24.014981826964288,24.0,1.0,0.8820010492163204,0.634256712216447,0.037467601201599775
116.10000000000001,24.014981826964288,24.014311766600418,24.0,1.0,0.8816332530959847,0.634256712216447,0.037467601201599775
116.2,24.014311766600418,24.01364055498203,24.0,1.0,0.8812618855689575,0.634256712216447,0.037467601201599775
116.30000000000001,24.01364055498203,24.01296871211485,24.0,1.0,0.8808872729821,0.634256712216447,0.037467601201599775
116.4,24.01296871211485,24.012296756246425,24.0,1.0,0.8805097427873997,0.634256712216447,0.037467601201599775
116.5,24.012296756246425,24.01162520344092,24.0,1.0,0.8801296232634482,0.634256712216447,0.037467601201599775
116.60000000000001,24.01162520344092,24.01095456715791,24.0,1.0,0.8797472432375912,0.634256712216447,0.037467601201599775
116.7,24.01095456715791,24.010285357835365,24.0,1.0,0.8793629318089962,0.634256712216447,0.037467601201599775
116.80000000000001,24.010285357835365,24.009618082477253,24.0,1.0,0.878977018072853,0.634256712216447,0.037467601201599775
116.9,24.009618082477253,24.00895324424604,24.0,1.0,0.8785898308459325,0.634256712216447,0.037467601201599775
117.0,24.00895324424604,24.008291342060403,24.0,1.0,0.8782016983937347,0.634256712216447,0.037467601201599775
117.10000000000001,24.008291342060403,24.007632870198474,24.0,1.0,0.877812948159438,0.634256712216447,0.037467601201599775
117.2,24.007632870198474,24.006978317906924,24.0,1.0,0.8774239064948661,0.634256712216447,0.037467601201599775
117.30000000000001,24.006978317906924,24.006328169016157,24.0,1.0,0.8770348983936932,0.634256712216447,0.037467601201599775
117.4,24.006328169016157,24.00568290156195,24.0,1.0,0.8766462472270878,0.634256712216447,0.037467601201599775
117.5,24.00568290156195,24.00504298741378,24.0,1.0,0.8762582744820214,0.634256712216447,0.037467601201599775
117.60000000000001,24.00504298741378,24.004408891910135,24.0,1.0,0.8758712995024307,0.634256712216447,0.037467601201599775
117.7,24.004408891910135,24.003781073501074,24.0,1.0,0.8754856392334401,0.634256712216447,0.037467601201599775
117.80000000000001,24.003781073501074,24.00315998339831,24.0,1.0,0.8751016079688453,0.634256712216447,0.037467601201599775
117.9,24.00315998339831,24.00254606523305,24.0,1.0,0.8747195171020525,0.634256712216447,0.037467601201599775
118.0,24.00254606523305,24.001939754721857,24.0,1.0,0.8743396748806651,0.634256712216447,0.037467601201599775
118.10000000000001,24.001939754721857,24.001341479340752,24.0,1.0,0.8739623861648872,0.634256712216447,0.037467601201599775
118.2,24.001341479340752,24.000751658007825,24.0,1.0,0.8735879521899637,0.634256712216447,0.037467601201599775
118.30000000000001,24.000751658007825,24.00017070077453,24.0,1.0,0.8732166703327942,0.634256712216447,0.037467601201599775
118.4,24.00017070077453,23.999599008525912,24.0,1.0,0.8728488338829197,0.634256712216447,0.037467601201599775
118.5,23.999599008525912,23.99903697268997,24.0,1.0,0.8724847318180489,0.634256712216447,0.037467601201599775
118.60000000000001,23.99903697268997,23.99848497495634,24.0,1.0,0.8721246485842774,0.634256712216447,0.037467601201599775
118.7,23.99848497495634,23.997943387004472,24.0,1.0,0.8717688638811794,0.634256712216447,0.037467601201599775
118.80000000000001,23.997943387004472,23.997412570241536,24.0,1.0,0.8714176524518968,0.634256712216447,0.037467601201599775
118.9,23.997412570241536,23.996892875550174,24.0,1.0,0.8710712838784149,0.634256712216447,0.037467601201599775
119.0,23.996892875550174,23.996384643046273,24.0,1.0,0.8707300223821378,0.634256712216447,0.037467601201599775
119.10000000000001,23.996384643046273,23.99588820184693,24.0,1.0,0.870394126629918,0.634256712216447,0.037467601201599775
119.2,23.99588820184693,23.995403869848737,24.0,1.0,0.8700638495456724,0.634256712216447,0.037467601201599775
119.30000000000001,23.995403869848737,23.99493195351651,24.0,1.0,0.8697394381277186,0.634256712216447,0.037467601201599775
119.4,23.99493195351651,23.994472747682615,24.0,1.0,0.8694211332719475,0.634256712216447,0.037467601201599775
119.5,23.994472747682615,23.99402653535698,24.0,1.0,0.8691091696009539,0.634256712216447,0.037467601201599775
119.60000000000001,23.99402653535698,23.993593587547913,24.0,1.0,0.8688037752992427,0.634256712216447,0.037467601201599775
119.7,23.993593587547913,23.993174163093823,24.0,1.0,0.868505171954614,0.634256712216447,0.037467601201599775
119.80000000000001,23.993174163093823,23.992768508505907,24.0,1.0,0.8682135744058326,0.634256712216447,0.037467601201599775
119.9,23.992768508505907,23.992376857821927,24.0,1.0,0.8679291905966666,0.634256712216447,0.037467601201599775
