time,temperature,next_temperature,setpoint,disturbance,command,kp,ki
0.0,28.0,28.009975041614634,24.0,0.0,1.0,0.5769230769230808,0.014641632709079297
0.1,28.009975041614634,28.019900332501663,24.0,0.0,1.0,0.5769230769230808,0.014641632709079297
0.2,28.019900332501663,28.029776120793873,24.0,0.0,1.0,0.5769230769230808,0.014641632709079297
0.30000000000000004,28.029776120793873,28.03960265338649,24.0,0.0,1.0,0.5769230769230808,0.014641632709079297
0.4,28.03960265338649,28.049380175943334,24.0,0.0,1.0,0.5769230769230808,0.014641632709079297
0.5,28.049380175943334,28.059108932902983,24.0,0.0,1.0,0.5769230769230808,0.014641632709079297
0.6000000000000001,28.059108932902983,28.068789167484866,24.0,0.0,1.0,0.5769230769230808,0.014641632709079297
0.7000000000000001,28.068789167484866,28.078421121695353,24.0,0.0,1.0,0.5769230769230808,0.014641632709079297
0.8,28.078421121695353,28.0880050363338,24.0,0.0,1.0,0.5769230769230808,0.014641632709079297
0.9,28.0880050363338,28.097541150998573,24.0,0.0,1.0,0.5769230769230808,0.014641632709079297
1.0,28.097541150998573,28.107029704093033,24.0,0.0,1.0,0.5769230769230808,0.014641632709079297
1.1,28.107029704093033,28.116470932831504,24.0,0.0,1.0,0.5769230769230808,0.014641632709079297
1.2000000000000002,28.116470932831504,28.125865073245194,24.0,0.0,1.0,0.5769230769230808,0.014641632709079297
1.3,28.125865073245194,28.135212360188106,24.0,0.0,1.0,0.5769230769230808,0.014641632709079297
1.4000000000000001,28.135212360188106,28.144513027342896,24.0,0.0,1.0,0.5769230769230808,0.014641632709079297
1.5,28.144513027342896,28.15376730722673,24.0,0.0,1.0,0.5769230769230808,0.014641632709079297
1.6,28.15376730722673,28.162975431197086,24.0,0.0,1.0,0.5769230769230808,0.014641632709079297
1.7000000000000002,28.162975431197086,28.172137629457545,24.0,0.0,1.0,0.5769230769230808,0.014641632709079297
1.8,28.172137629457545,28.18125413106354,24.0,0.0,1.0,0.5769230769230808,0.014641632709079297
1.9000000000000001,28.18125413106354,28.190325163928083,24.0,0.0,1.0,0.5769230769230808,0.014641632709079297
2.0,28.190325163928083,28.19935095482747,24.0,0.0,1.0,0.5769205742055641,0.015275427401446873
2.1,28.19935095482747,28.208331729406943,24.0,0.0,1.0,0.5769205742055641,0.015275427401446873
2.2,28.208331729406943,28.217267712186338,24.0,0.0,1.0,0.5769205742055641,0.015275427401446873
2.3000000000000003,28.217267712186338,28.226159126565687,24.0,0.0,1.0,0.5769205742055641,0.015275427401446873
2.4000000000000004,28.226159126565687,28.23500619483081,24.0,0.0,1.0,0.5769205742055641,0.015275427401446873
2.5,28.23500619483081,28.243809138158877,24.0,0.0,1.0,0.5769205742055641,0.015275427401446873
2.6,28.243809138158877,28.25256817662393,24.0,0.0,1.0,0.5769205742055641,0.015275427401446873
2.7,28.25256817662393,28.261283529202387,24.0,0.0,1.0,0.5769205742055641,0.015275427401446873
2.8000000000000003,28.261283529202387,28.269955413778515,24.0,0.0,1.0,0.5769205742055641,0.015275427401446873
2.9000000000000004,28.269955413778515,28.27858404714988,24.0,0.0,1.0,0.5769205742055641,0.015275427401446873
3.0,28.27858404714988,28.28716964503277,24.0,0.0,1.0,0.5769205742055641,0.015275427401446873
3.1,28.28716964503277,28.295712422067574,24.0,0.0,1.0,0.5769205742055641,0.015275427401446873
3.2,28.295712422067574,28.304212591824164,24.0,0.0,1.0,0.5769205742055641,0.015275427401446873
3.3000000000000003,28.304212591824164,28.31267036680723,24.0,0.0,1.0,0.5769205742055641,0.015275427401446873
3.4000000000000004,28.31267036680723,28.32108595846158,24.0,0.0,1.0,0.5769205742055641,0.015275427401446873
3.5,28.32108595846158,28.329459577177452,24.0,0.0,1.0,0.5769205742055641,0.015275427401446873
3.6,28.329459577177452,28.337791432295745,24.0,0.0,1.0,0.5769205742055641,0.015275427401446873
3.7,28.337791432295745,28.346081732113273,24.0,0.0,1.0,0.5769205742055641,0.015275427401446873
3.8000000000000003,28.346081732113273,28.354330683887962,24.0,0.0,1.0,0.5769205742055641,0.015275427401446873
3.9000000000000004,28.354330683887962,28.362538493844035,24.0,0.0,1.0,0.5769205742055641,0.015275427401446873
4.0,28.362538493844035,28.37070536717717,24.0,0.0,1.0,0.5769229577458099,0.014675125118498474
4.1000000000000005,28.37070536717717,28.378831508059626,24.0,0.0,1.0,0.5769229577458099,0.014675125118498474
4.2,28.378831508059626,28.386917119645346,24.0,0.0,1.0,0.5769229577458099,0.014675125118498474
4.3,28.386917119645346,28.394962404075045,24.0,0.0,1.0,0.5769229577458099,0.014675125118498474
4.4,28.394962404075045,28.402967562481248,24.0,0.0,1.0,0.5769229577458099,0.014675125118498474
4.5,28.402967562481248,28.410932794993332,24.0,0.0,1.0,0.5769229577458099,0.014675125118498474
4.6000000000000005,28.410932794993332,28.418858300742528,24.0,0.0,1.0,0.5769229577458099,0.014675125118498474
4.7,28.418858300742528,28.42674427786689,24.0,0.0,1.0,0.5769229577458099,0.014675125118498474
4.800000000000001,28.42674427786689,28.43459092351626,24.0,0.0,1.0,0.5769229577458099,0.014675125118498474
4.9,28.43459092351626,28.442398433857186,24.0,0.0,1.0,0.5769229577458099,0.014675125118498474
5.0,28.442398433857186,28.410266837619293,24.0,0.0,1.0,0.5769229577458099,0.014675125118498474
5.1000000000000005,28.410266837619293,28.37829549838621,24.0,0.0,1.0,0.5769229577458099,0.014675125118498474
5.2,28.37829549838621,28.34648361687279,24.0,0.0,1.0,0.5769229577458099,0.014675125118498474
5.300000000000001,28.34648361687279,28.314830397780334,24.0,0.0,1.0,0.5769229577458099,0.014675125118498474
5.4,28.314830397780334,28.283335049776724,24.0,0.0,1.0,0.5769229577458099,0.014675125118498474
5.5,28.283335049776724,28.251996785476614,24.0,0.0,1.0,0.5769229577458099,0.014675125118498474
5.6000000000000005,28.251996785476614,28.220814821421765,24.0,0.0,1.0,0.5769229577458099,0.014675125118498474
5.7,28.220814821421765,28.189788378061454,24.0,0.0,1.0,0.5769229577458099,0.014675125118498474
5.800000000000001,28.189788378061454,28.15891667973298,24.0,0.0,1.0,0.5769229577458099,0.014675125118498474
5.9,28.15891667973298,28.128198954642276,24.0,0.0,1.0,0.5769229577458099,0.014675125118498474
6.0,28.128198954642276,28.097634434844615,24.0,0.0,1.0,0.5769230769230808,0.01691504207217723
6.1000000000000005,28.097634434844615,28.06722235622541,24.0,0.0,1.0,0.5769230769230808,0.01691504207217723
6.2,28.06722235622541,28.036961958481115,24.0,0.0,1.0,0.5769230769230808,0.01691504207217723
6.300000000000001,28.036961958481115,28.006852485100204,24.0,0.0,1.0,0.5769230769230808,0.01691504207217723
6.4,28.006852485100204,27.97689318334428,24.0,0.0,1.0,0.5769230769230808,0.01691504207217723
6.5,27.97689318334428,27.947083304229235,24.0,0.0,1.0,0.5769230769230808,0.01691504207217723
6.6000000000000005,27.947083304229235,27.917422102506542,24.0,0.0,1.0,0.5769230769230808,0.01691504207217723
6.7,27.917422102506542,27.88790883664461,24.0,0.0,1.0,0.5769230769230808,0.01691504207217723
6.800000000000001,27.88790883664461,27.858542768810253,24.0,0.0,1.0,0.5769230769230808,0.01691504207217723
6.9,27.858542768810253,27.82932316485025,24.0,0.0,1.0,0.5769230769230808,0.01691504207217723
7.0,27.82932316485025,27.80024929427298,24.0,0.0,1.0,0.5769230769230808,0.01691504207217723
7.1000000000000005,27.80024929427298,27.771320430230162,24.0,0.0,1.0,0.5769230769230808,0.01691504207217723
7.2,27.771320430230162,27.74253584949869,24.0,0.0,1.0,0.5769230769230808,0.01691504207217723
7.300000000000001,27.74253584949869,27.713894832462547,24.0,0.0,1.0,0.5769230769230808,0.01691504207217723
7.4,27.713894832462547,27.685396663094814,24.0,0.0,1.0,0.5769230769230808,0.01691504207217723
7.5,27.685396663094814,27.657040628939775,24.0,0.0,1.0,0.5769230769230808,0.01691504207217723
7.6000000000000005,27.657040628939775,27.628826021095097,24.0,0.0,1.0,0.5769230769230808,0.01691504207217723
7.7,27.628826021095097,27.600752134194114,24.0,0.0,1.0,0.5769230769230808,0.01691504207217723
7.800000000000001,27.600752134194114,27.57281826638819,24.0,0.0,1.0,0.5769230769230808,0.01691504207217723
7.9,27.57281826638819,27.54502371932918,24.0,0.0,1.0,0.5769230769230808,0.01691504207217723
8.0,27.54502371932918,27.517367798151955,24.0,0.0,1.0,0.5769230769230808,0.02870913562804326
8.1,27.517367798151955,27.48984981145705,24.0,0.0,1.0,0.5769230769230808,0.02870913562804326
8.200000000000001,27.48984981145705,27.462469071293356,24.0,0.0,1.0,0.5769230769230808,0.02870913562804326
8.3,27.462469071293356,27.43522489314095,24.0,0.0,1.0,0.5769230769230808,0.02870913562804326
8.4,27.43522489314095,27.408116595893958,24.0,0.0,1.0,0.5769230769230808,0.02870913562804326
8.5,27.408116595893958,27.381143501843535,24.0,0.0,1.0,0.5769230769230808,0.02870913562804326
8.6,27.381143501843535,27.354304936660927,24.0,0.0,1.0,0.5769230769230808,0.02870913562804326
8.700000000000001,27.354304936660927,27.327600229380607,24.0,0.0,1.0,0.5769230769230808,0.02870913562804326
8.8,27.327600229380607,27.301028712383502,24.0,0.0,1.0,0.5769230769230808,0.02870913562804326
8.9,27.301028712383502,27.274589721380302,24.0,0.0,1.0,0.5769230769230808,0.02870913562804326
9.0,27.274589721380302,27.248282595394855,24.0,0.0,1.0,0.5769230769230808,0.02870913562804326
9.1,27.248282595394855,27.22210667674764,24.0,0.0,1.0,0.5769230769230808,0.02870913562804326
9.200000000000001,27.22210667674764,27.19606131103933,24.0,0.0,1.0,0.5769230769230808,0.02870913562804326
9.3,27.19606131103933,27.17014584713442,24.0,0.0,1.0,0.5769230769230808,0.02870913562804326
9.4,27.17014584713442,27.144359637144973,24.0,0.0,1.0,0.5769230769230808,0.02870913562804326
9.5,27.144359637144973,27.118702036414387,24.0,0.0,1.0,0.5769230769230808,0.02870913562804326
9.600000000000001,27.118702036414387,27.09317240350131,24.0,0.0,1.0,0.5769230769230808,0.02870913562804326
9.700000000000001,27.09317240350131,27.067770100163592,24.0,0.0,1.0,0.5769230769230808,0.02870913562804326
9.8,27.067770100163592,27.042494491342325,24.0,0.0,1.0,0.5769230769230808,0.02870913562804326
9.9,27.042494491342325,27.01734494514597,24.0,0.0,1.0,0.5769230769230808,0.02870913562804326
10.0,27.01734494514597,26.992320832834565,24.0,0.0,1.0,0.5769230769230808,0.028793947864839613
10.100000000000001,26.992320832834565,26.967421528803996,24.0,0.0,1.0,0.5769230769230808,0.028793947864839613
10.200000000000001,26.967421528803996,26.94264641057037,24.0,0.0,1.0,0.5769230769230808,0.028793947864839613
10.3,26.94264641057037,26.917994858754433,24.0,0.0,1.0,0.5769230769230808,0.028793947864839613
10.4,26.917994858754433,26.893466257066116,24.0,0.0,1.0,0.5769230769230808,0.028793947864839613
10.5,26.893466257066116,26.869059992289092,24.0,0.0,1.0,0.5769230769230808,0.028793947864839613
10.600000000000001,26.869059992289092,26.844775454265474,24.0,0.0,1.0,0.5769230769230808,0.028793947864839613
10.700000000000001,26.844775454265474,26.820612035880544,24.0,0.0,1.0,0.5769230769230808,0.028793947864839613
10.8,26.820612035880544,26.796569133047583,24.0,0.0,1.0,0.5769230769230808,0.028793947864839613
10.9,26.796569133047583,26.77264614469277,24.0,0.0,1.0,0.5769230769230808,0.028793947864839613
11.0,26.77264614469277,26.74884247274015,24.0,0.0,1.0,0.5769230769230808,0.028793947864839613
11.100000000000001,26.74884247274015,26.725157522096687,24.0,0.0,1.0,0.5769230769230808,0.028793947864839613
11.200000000000001,26.725157522096687,26.701590700637375,24.0,0.0,1.0,0.5769230769230808,0.028793947864839613
11.3,26.701590700637375,26.678141419190453,24.0,0.0,1.0,0.5769230769230808,0.028793947864839613
11.4,26.678141419190453,26.654809091522665,24.0,0.0,1.0,0.5769230769230808,0.028793947864839613
11.5,26.654809091522665,26.631593134324604,24.0,0.0,1.0,0.5769230769230808,0.028793947864839613
11.600000000000001,26.631593134324604,26.608492967196128,24.0,0.0,1.0,0.5769230769230808,0.028793947864839613
11.700000000000001,26.608492967196128,26.58550801263186,24.0,0.0,1.0,0.5769230769230808,0.028793947864839613
11.8,26.58550801263186,26.562637696006735,24.0,0.0,1.0,0.5769230769230808,0.028793947864839613
11.9,26.562637696006735,26.53988144556165,24.0,0.0,1.0,0.5769230769230808,0.028793947864839613
12.0,26.53988144556165,26.517238692389157,24.0,0.0,1.0,0.5769230769230808,0.028795424216082912
12.100000000000001,26.517238692389157,26.494708870419245,24.0,0.0,1.0,0.5769230769230808,0.028795424216082912
12.200000000000001,26.494708870419245,26.472291416405195,24.0,0.0,1.0,0.5769230769230808,0.028795424216082912
12.3,26.472291416405195,26.449985769909485,24.0,0.0,1.0,0.5769230769230808,0.028795424216082912
12.4,26.449985769909485,26.427791373289793,24.0,0.0,1.0,0.5769230769230808,0.028795424216082912
12.5,26.427791373289793,26.40570767168505,24.0,0.0,1.0,0.5769230769230808,0.028795424216082912
12.600000000000001,26.40570767168505,26.383734113001562,24.0,0.0,1.0,0.5769230769230808,0.028795424216082912
12.700000000000001,26.383734113001562,26.361870147899218,24.0,0.0,1.0,0.5769230769230808,0.028795424216082912
12.8,26.361870147899218,26.34011522977775,24.0,0.0,1.0,0.5769230769230808,0.028795424216082912
12.9,26.34011522977775,26.31846881476308,24.0,0.0,1.0,0.5769230769230808,0.028795424216082912
13.0,26.31846881476308,26.296930361693697,24.0,0.0,1.0,0.5769230769230808,0.028795424216082912
13.100000000000001,26.296930361693697,26.275499332107152,24.0,0.0,1.0,0.5769230769230808,0.028795424216082912
13.200000000000001,26.275499332107152,26.254175190226597,24.0,0.0,1.0,0.5769230769230808,0.028795424216082912
13.3,26.254175190226597,26.232957402947367,24.0,0.0,1.0,0.5769230769230808,0.028795424216082912
13.4,26.232957402947367,26.211845439823676,24.0,0.0,1.0,0.5769230769230808,0.028795424216082912
13.5,26.211845439823676,26.19083877305535,24.0,0.0,1.0,0.5769230769230808,0.028795424216082912
13.600000000000001,26.19083877305535,26.169936877474623,24.0,0.0,1.0,0.5769230769230808,0.028795424216082912
13.700000000000001,26.169936877474623,26.149139230533017,24.0,0.0,1.0,0.5769230769230808,0.028795424216082912
13.8,26.149139230533017,26.128445312288274,24.0,0.0,1.0,0.5769230769230808,0.028795424216082912
13.9,26.128445312288274,26.107854605391363,24.0,0.0,1.0,0.5769230769230808,0.028795424216082912
14.0,26.107854605391363,26.08736659507354,24.0,0.0,1.0,0.5769230769230808,0.02878204940592251
14.100000000000001,26.08736659507354,26.066980769133476,24.0,0.0,1.0,0.5769230769230808,0.02878204940592251
14.200000000000001,26.066980769133476,26.04669661792446,24.0,0.0,1.0,0.5769230769230808,0.02878204940592251
14.3,26.04669661792446,26.02651363434166,24.0,0.0,1.0,0.5769230769230808,0.02878204940592251
14.4,26.02651363434166,26.006431313809433,24.0,0.0,1.0,0.5769230769230808,0.02878204940592251
14.5,26.006431313809433,25.98644915426872,24.0,0.0,1.0,0.5769230769230808,0.02878204940592251
14.600000000000001,25.98644915426872,25.96656665616449,24.0,0.0,1.0,0.5769230769230808,0.02878204940592251
14.700000000000001,25.96656665616449,25.946783322433255,24.0,0.0,1.0,0.5769230769230808,0.02878204940592251
14.8,25.946783322433255,25.927098658490646,24.0,0.0,1.0,0.5769230769230808,0.02878204940592251
14.9,25.927098658490646,25.907512172219036,24.0,0.0,1.0,0.5769230769230808,0.02878204940592251
15.0,25.907512172219036,25.888023373955246,24.0,0.0,1.0,0.5769230769230808,0.02878204940592251
15.100000000000001,25.888023373955246,25.868631776478306,24.0,0.0,1.0,0.5769230769230808,0.02878204940592251
15.200000000000001,25.868631776478306,25.849336894997272,24.0,0.0,1.0,0.5769230769230808,0.02878204940592251
15.3,25.849336894997272,25.830138247139097,24.0,0.0,1.0,0.5769230769230808,0.02878204940592251
15.4,25.830138247139097,25.811035352936585,24.0,0.0,1.0,0.5769230769230808,0.02878204940592251
15.5,25.811035352936585,25.79202773481639,24.0,0.0,1.0,0.5769230769230808,0.02878204940592251
15.600000000000001,25.79202773481639,25.77311491758707,24.0,0.0,1.0,0.5769230769230808,0.02878204940592251
15.700000000000001,25.77311491758707,25.754296428427203,24.0,0.0,1.0,0.5769230769230808,0.02878204940592251
15.8,25.754296428427203,25.735571796873586,24.0,0.0,1.0,0.5769230769230808,0.02878204940592251
15.9,25.735571796873586,25.71694055480945,24.0,0.0,1.0,0.5769230769230808,0.02878204940592251
16.0,25.71694055480945,25.698402236452775,24.0,0.0,0.9954781438551529,0.5769230769230808,0.028745992787215957
16.1,25.698402236452775,25.679956378344638,24.0,0.0,0.9896651860317263,0.5769230769230808,0.028745992787215957
16.2,25.679956378344638,25.661602519337624,24.0,0.0,0.9838525462089664,0.5769230769230808,0.028745992787215957
16.3,25.661602519337624,25.6433402005843,24.0,0.0,0.9780402228008372,0.5769230769230808,0.028745992787215957
16.400000000000002,25.6433402005843,25.625168965525752,24.0,0.0,0.9722282142292142,0.5769230769230808,0.028745992787215957
16.5,25.625168965525752,25.60708835988015,24.0,0.0,0.9664165189238445,0.5769230769230808,0.028745992787215957
16.6,25.60708835988015,25.589097931631414,24.0,0.0,0.9606051353223052,0.5769230769230808,0.028745992787215957
16.7,25.589097931631414,25.5711972310179,24.0,0.0,0.9547940618699654,0.5769230769230808,0.028745992787215957
16.8,25.5711972310179,25.553385810521164,24.0,0.0,0.9489832970199521,0.5769230769230808,0.028745992787215957
16.900000000000002,25.553385810521164,25.535663224854762,24.0,0.0,0.9431728392331038,0.5769230769230808,0.028745992787215957
17.0,25.535663224854762,25.51802903095313,24.0,0.0,0.9373626869779372,0.5769230769230808,0.028745992787215957
17.1,25.51802903095313,25.500482787960504,24.0,0.0,0.9315528387306059,0.5769230769230808,0.028745992787215957
17.2,25.500482787960504,25.483024057219893,24.0,0.0,0.9257432929748654,0.5769230769230808,0.028745992787215957
17.3,25.483024057219893,25.465652402262123,24.0,0.0,0.9199340482020317,0.5769230769230808,0.028745992787215957
17.400000000000002,25.465652402262123,25.44836738879491,24.0,0.0,0.9141251029109478,0.5769230769230808,0.028745992787215957
17.5,25.44836738879491,25.43116858469202,24.0,0.0,0.9083164556079406,0.5769230769230808,0.028745992787215957
17.6,25.43116858469202,25.414055559982454,24.0,0.0,0.9025081048067888,0.5769230769230808,0.028745992787215957
17.7,25.414055559982454,25.3970278868397,24.0,0.0,0.896700049028683,0.5769230769230808,0.028745992787215957
17.8,25.3970278868397,25.38008513957105,24.0,0.0,0.890892286802189,0.5769230769230808,0.028745992787215957
17.900000000000002,25.38008513957105,25.363226894606935,24.0,0.0,0.8850848166632143,0.5769230769230808,0.028745992787215957
18.0,25.363226894606935,25.346452730490352,24.0,0.0,0.8792824041672647,0.5769230769230808,0.028780961377690015
18.1,25.346452730490352,25.329762227866325,24.0,0.0,0.8734802221956255,0.5769230769230808,0.028780961377690015
18.2,25.329762227866325,25.313154969471423,24.0,0.0,0.8676782695985525,0.5769230769230808,0.028780961377690015
18.3,25.313154969471423,25.296630540123317,24.0,0.0,0.8618765452320366,0.5769230769230808,0.028780961377690015
18.400000000000002,25.296630540123317,25.28018852671041,24.0,0.0,0.8560750479577716,0.5769230769230808,0.028780961377690015
18.5,25.28018852671041,25.26382851818152,24.0,0.0,0.8502737766431288,0.5769230769230808,0.028780961377690015
18.6,25.26382851818152,25.247550105535574,24.0,0.0,0.844472730161133,0.5769230769230808,0.028780961377690015
18.7,25.247550105535574,25.231352881811407,24.0,0.0,0.8386719073904259,0.5769230769230808,0.028780961377690015
18.8,25.231352881811407,25.215236442077586,24.0,0.0,0.8328713072152404,0.5769230769230808,0.028780961377690015
18.900000000000002,25.215236442077586,25.19920038342228,24.0,0.0,0.8270709285253784,0.5769230769230808,0.028780961377690015
19.0,25.19920038342228,25.183244304943184,24.0,0.0,0.8212707702161791,0.5769230769230808,0.028780961377690015
19.1,25.183244304943184,25.167367807737506,24.0,0.0,0.815470831188487,0.5769230769230808,0.028780961377690015
19.200000000000003,25.167367807737506,25.15157049489199,24.0,0.0,0.8096711103486317,0.5769230769230808,0.028780961377690015
19.3,25.15157049489199,25.135851971472984,24.0,0.0,0.8038716066083965,0.5769230769230808,0.028780961377690015
19.400000000000002,25.135851971472984,25.120211844516596,24.0,0.0,0.798072318884991,0.5769230769230808,0.028780961377690015
19.5,25.120211844516596,25.10464972301883,24.0,0.0,0.7922732461010304,0.5769230769230808,0.028780961377690015
19.6,25.10464972301883,25.089165217925842,24.0,0.0,0.7864743871844966,0.5769230769230808,0.028780961377690015
19.700000000000003,25.089165217925842,25.073757942124196,24.0,0.0,0.7806757410687233,0.5769230769230808,0.028780961377690015
19.8,25.073757942124196,25.058427510431194,24.0,0.0,0.7748773066923615,0.5769230769230808,0.028780961377690015
19.900000000000002,25.058427510431194,25.043173539585247,24.0,0.0,0.7690790829993562,0.5769230769230808,0.028780961377690015
20.0,25.043173539585247,25.02799564823629,24.0,0.0,0.763284400931798,0.5769230769230808,0.028812902303633155
20.1,25.02799564823629,25.012893456936244,24.0,0.0,0.7574898789716717,0.5769230769230808,0.028812902303633155
20.200000000000003,25.012893456936244,24.997866588129543,24.0,0.0,0.7516955163204383,0.5769230769230808,0.028812902303633155
20.3,24.997866588129543,24.982914666143685,24.0,0.0,0.7459013121835409,0.5769230769230808,0.028812902303633155
20.400000000000002,24.982914666143685,24.968037317179842,24.0,0.0,0.7401072657703864,0.5769230769230808,0.028812902303633155
20.5,24.968037317179842,24.953234169303514,24.0,0.0,0.7343133762943251,0.5769230769230808,0.028812902303633155
20.6,24.953234169303514,24.93850485243523,24.0,0.0,0.728519642972629,0.5769230769230808,0.028812902303633155
20.700000000000003,24.93850485243523,24.923848998341306,24.0,0.0,0.7227260650264739,0.5769230769230808,0.028812902303633155
20.8,24.923848998341306,24.909266240624625,24.0,0.0,0.7169326416809234,0.5769230769230808,0.028812902303633155
20.900000000000002,24.909266240624625,24.894756214715482,24.0,0.0,0.7111393721649026,0.5769230769230808,0.028812902303633155
21.0,24.894756214715482,24.880498980675355,24.0,0.0,0.7053462557111829,0.5769230769230808,0.028812902303633155
21.1,24.880498980675355,24.86654479287143,24.0,0.0,0.6996579014912054,0.5769230769230808,0.028812902303633155
21.200000000000003,24.86654479287143,24.85289212716602,24.0,0.0,0.6941041755732749,0.5769230769230808,0.028812902303633155
21.3,24.85289212716602,24.839539467086386,24.0,0.0,0.6886850674198641,0.5769230769230808,0.028812902303633155
21.400000000000002,24.839539467086386,24.8264853037862,24.0,0.0,0.6834005665461347,0.5769230769230808,0.028812902303633155
21.5,24.8264853037862,24.813728136007185,24.0,0.0,0.6782506625196729,0.5769230769230808,0.028812902303633155
21.6,24.813728136007185,24.801266470040964,24.0,0.0,0.6732353449602292,0.5769230769230808,0.028812902303633155
21.700000000000003,24.801266470040964,24.789098819691098,24.0,0.0,0.6683546035394561,0.5769230769230808,0.028812902303633155
21.8,24.789098819691098,24.777223706235294,24.0,0.0,0.6636084279806542,0.5769230769230808,0.028812902303633155
21.900000000000002,24.777223706235294,24.765639658387833,24.0,0.0,0.6589968080585034,0.5769230769230808,0.028812902303633155
22.0,24.765639658387833,24.754345212262177,24.0,0.0,0.6545217037714914,0.5769230530876246,0.028838873033155386
22.1,24.754345212262177,24.743338911333748,24.0,0.0,0.6501811240097035,0.5769230530876246,0.028838873033155386
22.200000000000003,24.743338911333748,24.732619306402913,24.0,0.0,0.6459750409233289,0.5769230530876246,0.028838873033155386
22.3,24.732619306402913,24.722184955558152,24.0,0.0,0.6419034452346382,0.5769230530876246,0.028838873033155386
22.400000000000002,24.722184955558152,24.712034424139404,24.0,0.0,0.6379663277122707,0.5769230530876246,0.028838873033155386
22.5,24.712034424139404,24.702166284701597,24.0,0.0,0.6341636791710037,0.5769230530876246,0.028838873033155386
22.6,24.702166284701597,24.692579116978383,24.0,0.0,0.6304954904715173,0.5769230530876246,0.028838873033155386
22.700000000000003,24.692579116978383,24.68327150784602,24.0,0.0,0.6269617525201726,0.5769230530876246,0.028838873033155386
22.8,24.68327150784602,24.674242051287457,24.0,0.0,0.6235624562687774,0.5769230530876246,0.028838873033155386
22.900000000000002,24.674242051287457,24.66548934835661,24.0,0.0,0.6202975927143592,0.5769230530876246,0.028838873033155386
23.0,24.66548934835661,24.657011816938198,24.0,0.0,0.6171671528989422,0.5769230530876246,0.028838873033155386
23.1,24.657011816938198,24.64880807541062,24.0,0.0,0.6141710176273828,0.5769230530876246,0.028838873033155386
23.200000000000003,24.64880807541062,24.64087674908902,24.0,0.0,0.6113091793895167,0.5769230530876246,0.028838873033155386
23.3,24.64087674908902,24.633216470190447,24.0,0.0,0.6085816307127128,0.5769230530876246,0.028838873033155386
23.400000000000002,24.633216470190447,24.625825877799222,24.0,0.0,0.6059883641616778,0.5769230530876246,0.028838873033155386
23.5,24.625825877799222,24.618703617832452,24.0,0.0,0.6035293723382776,0.5769230530876246,0.028838873033155386
23.6,24.618703617832452,24.61184834300573,24.0,0.0,0.6012046478813469,0.5769230530876246,0.028838873033155386
23.700000000000003,24.61184834300573,24.605258712798992,24.0,0.0,0.599014183466508,0.5769230530876246,0.028838873033155386
23.8,24.605258712798992,24.598933393422573,24.0,0.0,0.5969579718059813,0.5769230530876246,0.028838873033155386
23.900000000000002,24.598933393422573,24.592871057783405,24.0,0.0,0.5950360056484064,0.5769230530876246,0.028838873033155386
24.0,24.592871057783405,24.5870703854514,24.0,0.0,0.5932445640304251,0.5769161646820699,0.02884511702242485
24.1,24.5870703854514,24.581530062626,24.0,0.0,0.5915914737929424,0.5769161646820699,0.02884511702242485
24.200000000000003,24.581530062626,24.576248782102898,24.0,0.0,0.5900726022682625,0.5769161646820699,0.02884511702242485
24.3,24.576248782102898,24.571225243240903,24.0,0.0,0.5886879425196424,0.5769161646820699,0.02884511702242485
24.400000000000002,24.571225243240903,24.566458151929016,24.0,0.0,0.5874374876449939,0.5769161646820699,0.02884511702242485
24.5,24.566458151929016,24.561946220553622,24.0,0.0,0.5863212307767206,0.5769161646820699,0.02884511702242485
24.6,24.561946220553622,24.557688167965882,24.0,0.0,0.5853391650815376,0.5769161646820699,0.02884511702242485
24.700000000000003,24.557688167965882,24.553682719449277,24.0,0.0,0.5844912837603036,0.5769161646820699,0.02884511702242485
24.8,24.553682719449277,24.549928606687306,24.0,0.0,0.5837775800478535,0.5769161646820699,0.02884511702242485
24.900000000000002,24.549928606687306,24.546424567731364,24.0,0.0,0.5831980472128206,0.5769161646820699,0.02884511702242485
25.0,24.546424567731364,24.543169214021695,24.0,0.0,0.5827526785574759,0.5769161646820699,0.02884511702242485
25.1,24.543169214021695,24.540161298847142,24.0,0.0,0.5824413903347536,0.5769161646820699,0.02884511702242485
25.200000000000003,24.540161298847142,24.537399581746417,24.0,0.0,0.5822641770361845,0.5769161646820699,0.02884511702242485
25.3,24.537399581746417,24.53488282847675,24.0,0.0,0.5822210331808251,0.5769161646820699,0.02884511702242485
25.400000000000002,24.53488282847675,24.532609810982738,24.0,0.0,0.5823119533151073,0.5769161646820699,0.02884511702242485
25.5,24.532609810982738,24.530579307365308,24.0,0.0,0.5825369320127154,0.5769161646820699,0.02884511702242485
25.6,24.530579307365308,24.528790101850873,24.0,0.0,0.5828959638744377,0.5769161646820699,0.02884511702242485
25.700000000000003,24.528790101850873,24.52724098476061,24.0,0.0,0.5833890435280409,0.5769161646820699,0.02884511702242485
25.8,24.52724098476061,24.525930752479923,24.0,0.0,0.5840161656281265,0.5769161646820699,0.02884511702242485
25.900000000000002,24.525930752479923,24.524858207428025,24.0,0.0,0.5847773248560073,0.5769161646820699,0.02884511702242485
26.0,24.524858207428025,24.52402215802771,24.0,0.0,0.5853742767098348,0.5763479520216448,0.028844962097941566
26.1,24.52402215802771,24.523417244721422,24.0,0.0,0.5864039612788525,0.5763479520216448,0.028844962097941566
26.200000000000003,24.523417244721422,24.523036943021427,24.0,0.0,0.5875651157921635,0.5763479520216448,0.028844962097941566
26.3,24.523036943021427,24.522874761401454,24.0,0.0,0.5888546277659489,0.5763479520216448,0.028844962097941566
26.400000000000002,24.522874761401454,24.522924241130198,24.0,0.0,0.5902693849888809,0.5763479520216448,0.028844962097941566
26.5,24.522924241130198,24.523178956105667,24.0,0.0,0.5918062755207589,0.5763479520216448,0.028844962097941566
26.6,24.523178956105667,24.52363251269036,24.0,0.0,0.5934621876911507,0.5763479520216448,0.028844962097941566
26.700000000000003,24.52363251269036,24.524278549547276,24.0,0.0,0.5952340100980438,0.5763479520216448,0.028844962097941566
26.8,24.524278549547276,24.525110737476766,24.0,0.0,0.597118631606504,0.5763479520216448,0.028844962097941566
26.900000000000002,24.525110737476766,24.52612277925418,24.0,0.0,0.5991129413473366,0.5763479520216448,0.028844962097941566
27.0,24.52612277925418,24.52730833085814,24.0,0.0,0.6012138287157549,0.5763479520216448,0.028844962097941566
27.1,24.52730833085814,24.52866115935383,24.0,0.0,0.6034181378364666,0.5763479520216448,0.028844962097941566
27.200000000000003,24.52866115935383,24.530175064004535,24.0,0.0,0.6057227588798159,0.5763479520216448,0.028844962097941566
27.3,24.530175064004535,24.531843875370026,24.0,0.0,0.6081245826874535,0.5763479520216448,0.028844962097941566
27.400000000000002,24.531843875370026,24.533661455148614,24.0,0.0,0.6106205003429717,0.5763479520216448,0.028844962097941566
27.5,24.533661455148614,24.53562169602002,24.0,0.0,0.6132074031706864,0.5763479520216448,0.028844962097941566
27.6,24.53562169602002,24.537718521489,24.0,0.0,0.6158821827344432,0.5763479520216448,0.028844962097941566
27.700000000000003,24.537718521489,24.539945885729807,24.0,0.0,0.6186417308364089,0.5763479520216448,0.028844962097941566
27.8,24.539945885729807,24.54229777343139,24.0,0.0,0.6214829395158852,0.5763479520216448,0.028844962097941566
27.900000000000002,24.54229777343139,24.54476819964341,24.0,0.0,0.6244027010481198,0.5763479520216448,0.028844962097941566
28.0,24.54476819964341,24.547351209623017,24.0,0.0,0.602606788893037,0.5308415857317585,0.02883215272259555
28.1,24.547351209623017,24.550040883082673,24.0,0.0,0.6055560893734468,0.5308415857317585,0.02883215272259555
28.200000000000003,24.550040883082673,24.552831329562053,24.0,0.0,0.6085697661723424,0.5308415857317585,0.02883215272259555
28.3,24.552831329562053,24.555716688277784,24.0,0.0,0.6116449829387334,0.5308415857317585,0.02883215272259555
28.400000000000002,24.555716688277784,24.55869112797394,24.0,0.0,0.6147789021774884,0.5308415857317585,0.02883215272259555
28.5,24.55869112797394,24.561748846773295,24.0,0.0,0.6179686852551103,0.5308415857317585,0.02883215272259555
28.6,24.561748846773295,24.56488407202932,24.0,0.0,0.6212114924054722,0.5308415857317585,0.02883215272259555
28.700000000000003,24.56488407202932,24.568091060178915,24.0,0.0,0.6245044827355374,0.5308415857317585,0.02883215272259555
28.8,24.568091060178915,24.571364096595914,24.0,0.0,0.627844814231034,0.5308415857317585,0.02883215272259555
28.900000000000002,24.571364096595914,24.574697495445296,24.0,0.0,0.6312296437621179,0.5308415857317585,0.02883215272259555
29.0,24.574697495445296,24.578085747717317,24.0,0.0,0.6346561270889972,0.5308415857317585,0.02883215272259555
29.1,24.578085747717317,24.581523059586278,24.0,0.0,0.6381214979544303,0.5308415857317585,0.02883215272259555
29.200000000000003,24.581523059586278,24.585003831017435,24.0,0.0,0.6416228222041742,0.5308415857317585,0.02883215272259555
29.3,24.585003831017435,24.58852249018311,24.0,0.0,0.6451572524101792,0.5308415857317585,0.02883215272259555
29.400000000000002,24.58852249018311,24.59207349332063,24.0,0.0,0.6487219400530997,0.5308415857317585,0.02883215272259555
29.5,24.59207349332063,24.59565132459097,24.0,0.0,0.6523140355278015,0.5308415857317585,0.02883215272259555
29.6,24.59565132459097,24.599250495938115,24.0,0.0,0.6559306881488325,0.5308415857317585,0.02883215272259555
29.700000000000003,24.599250495938115,24.602865546949133,24.0,0.0,0.6595690461558686,0.5308415857317585,0.02883215272259555
29.8,24.602865546949133,24.60649104471494,24.0,0.0,0.6632262567191413,0.5308415857317585,0.02883215272259555
29.900000000000002,24.60649104471494,24.61012158369179,24.0,0.0,0.6668994659448199,0.5308415857317585,0.02883215272259555
30.0,24.61012158369179,24.613751785563434,24.0,0.0,0.6532285783640481,0.5024150022289428,0.028609764742610896
30.1,24.613751785563434,24.61737630217961,24.0,0.0,0.6568083756650145,0.5024150022289428,0.028609764742610896
30.200000000000003,24.61737630217961,24.620989812283863,24.0,0.0,0.6603956862651124,0.5024150022289428,0.028609764742610896
30.3,24.620989812283863,24.624587021378293,24.0,0.0,0.6639878051958943,0.5024150022289428,0.028609764742610896
30.400000000000002,24.624587021378293,24.628162661589023,24.0,0.0,0.6675820257853824,0.5024150022289428,0.028609764742610896
30.5,24.628162661589023,24.631711491532318,24.0,0.0,0.6711756396666417,0.5024150022289428,0.028609764742610896
30.6,24.631711491532318,24.63522829618138,24.0,0.0,0.6747659367863067,0.5024150022289428,0.028609764742610896
30.700000000000003,24.63522829618138,24.638707886733826,24.0,0.0,0.6783502054130645,0.5024150022289428,0.028609764742610896
30.8,24.638707886733826,24.64214510047981,24.0,0.0,0.6819257321460973,0.5024150022289428,0.028609764742610896
30.900000000000002,24.64214510047981,24.64553480067082,24.0,0.0,0.6854898019234812,0.5024150022289428,0.028609764742610896
31.0,24.64553480067082,24.64888377618326,24.0,0.0,0.6890396980305395,0.5024150022289428,0.028609764742610896
31.1,24.64888377618326,24.652174964024947,24.0,0.0,0.6925787147882776,0.5024150022289428,0.028609764742610896
31.200000000000003,24.652174964024947,24.65540340674043,24.0,0.0,0.6960981141642716,0.5024150022289428,0.028609764742610896
31.3,24.65540340674043,24.65856429578829,24.0,0.0,0.6995952259462015,0.5024150022289428,0.028609764742610896
31.400000000000002,24.65856429578829,24.661652970787557,24.0,0.0,0.7030674409812654,0.5024150022289428,0.028609764742610896
31.5,24.661652970787557,24.664664918767947,24.0,0.0,0.7065122112214558,0.5024150022289428,0.028609764742610896
31.6,24.664664918767947,24.667595773423876,24.0,0.0,0.7099270497685988,0.5024150022289428,0.028609764742610896
31.700000000000003,24.667595773423876,24.670441314372255,24.0,0.0,0.7133095309191719,0.5024150022289428,0.028609764742610896
31.8,24.670441314372255,24.67319746641405,24.0,0.0,0.7166572902088857,0.5024150022289428,0.028609764742610896
31.900000000000002,24.67319746641405,24.675860298799556,24.0,0.0,0.7199680244570497,0.5024150022289428,0.028609764742610896
32.0,24.675860298799556,24.678426024497423,24.0,0.0,0.7072827370449464,0.4789709802169449,0.026954525577619563
32.1,24.678426024497423,24.680891001284145,24.0,0.0,0.7103403103604053,0.4789709802169449,0.026954525577619563
32.2,24.680891001284145,24.6832517291846,24.0,0.0,0.7133562720991222,0.4789709802169449,0.026954525577619563
32.300000000000004,24.6832517291846,24.685504849735803,24.0,0.0,0.7163286648766549,0.4789709802169449,0.026954525577619563
32.4,24.685504849735803,24.687647145271452,24.0,0.0,0.7192555900361899,0.4789709802169449,0.026954525577619563
32.5,24.687647145271452,24.689675538210103,24.0,0.0,0.7221352076853735,0.4789709802169449,0.026954525577619563
32.6,24.689675538210103,24.691587090346935,24.0,0.0,0.7249657367329588,0.4789709802169449,0.026954525577619563
32.7,24.691587090346935,24.69337900214909,24.0,0.0,0.7277454549252639,0.4789709802169449,0.026954525577619563
32.800000000000004,24.69337900214909,24.695048612054592,24.0,0.0,0.7304726988824454,0.4789709802169449,0.026954525577619563
32.9,24.695048612054592,24.696593395774794,24.0,0.0,0.7331458641345949,0.4789709802169449,0.026954525577619563
33.0,24.696593395774794,24.699000135377155,24.0,0.0,0.7357634051576448,0.4789709802169449,0.026954525577619563
33.1,24.699000135377155,24.701277193735564,24.0,0.0,0.7388002852868926,0.4789709802169449,0.026954525577619563
33.2,24.701277193735564,24.703422649012104,24.0,0.0,0.7417811895663856,0.4789709802169449,0.026954525577619563
33.300000000000004,24.703422649012104,24.705434702124936,24.0,0.0,0.7447048427616692,0.4789709802169449,0.026954525577619563
33.4,24.705434702124936,24.70731167618171,24.0,0.0,0.7475700235855476,0.4789709802169449,0.026954525577619563
33.5,24.70731167618171,24.709052015915557,24.0,0.0,0.7503755647560614,0.4789709802169449,0.026954525577619563
33.6,24.709052015915557,24.710654287123678,24.0,0.0,0.7531203530541781,0.4789709802169449,0.026954525577619563
33.7,24.710654287123678,24.712117176108492,24.0,0.0,0.7558033293812172,0.4789709802169449,0.026954525577619563
33.800000000000004,24.712117176108492,24.71343948912136,24.0,0.0,0.7584234888159903,0.4789709802169449,0.026954525577619563
33.9,24.71343948912136,24.714620151808838,24.0,0.0,0.7609798806716774,0.4789709802169449,0.026954525577619563
34.0,24.714620151808838,24.715658208661484,24.0,0.0,0.7564575450271049,0.4691875254001644,0.026638139888229183
34.1,24.715658208661484,24.71655281930961,24.0,0.0,0.7588509687004712,0.4691875254001644,0.026638139888229183
34.2,24.71655281930961,24.71730326464812,24.0,0.0,0.7611794722804689,0.4691875254001644,0.026638139888229183
34.300000000000004,24.71730326464812,24.717908942771334,24.0,0.0,0.763442334342391,0.4691875254001644,0.026638139888229183
34.4,24.717908942771334,24.718369368431983,24.0,0.0,0.7656388868466664,0.4691875254001644,0.026638139888229183
34.5,24.718369368431983,24.71868417250269,24.0,0.0,0.7677685151957878,0.4691875254001644,0.026638139888229183
34.6,24.71868417250269,24.718853101439947,24.0,0.0,0.7698306582909675,0.4691875254001644,0.026638139888229183
34.7,24.718853101439947,24.718876016750496,24.0,0.0,0.7718248085885318,0.4691875254001644,0.026638139888229183
34.800000000000004,24.718876016750496,24.71875289446021,24.0,0.0,0.7737505121560311,0.4691875254001644,0.026638139888229183
34.9,24.71875289446021,24.718483824585366,24.0,0.0,0.7756073687281,0.4691875254001644,0.026638139888229183
35.0,24.718483824585366,24.718761567392228,24.0,0.0,0.7773950317620362,0.4691875254001644,0.026638139888229183
35.1,24.718761567392228,24.718895090442867,24.0,0.0,0.7794399923401331,0.4691875254001644,0.026638139888229183
35.2,24.718895090442867,24.71888481325443,24.0,0.0,0.7814176424882642,0.4691875254001644,0.026638139888229183
35.300000000000004,24.71888481325443,24.71873126118041,24.0,0.0,0.7833277959815528,0.4691875254001644,0.026638139888229183
35.4,24.71873126118041,24.71843506495074,24.0,0.0,0.7851703176516593,0.4691875254001644,0.026638139888229183
35.5,24.71843506495074,24.71799696021388,24.0,0.0,0.7869451234517046,0.4691875254001644,0.026638139888229183
35.6,24.71799696021388,24.7174177870808,24.0,0.0,0.7886521805209021,0.4691875254001644,0.026638139888229183
35.7,24.7174177870808,24.716698489670936,24.0,0.0,0.7902915072488704,0.4691875254001644,0.026638139888229183
35.800000000000004,24.716698489670936,24.715840115660043,24.0,0.0,0.7918631733396625,0.4691875254001644,0.026638139888229183
35.9,24.715840115660043,24.71484381583,24.0,0.0,0.7933672998754798,0.4691875254001644,0.026638139888229183
36.0,24.71484381583,24.71371084362051,24.0,0.0,0.805438636550791,0.48407494238955173,0.026531811796917576
36.1,24.71371084362051,24.712442314775757,24.0,0.0,0.8067837972717891,0.48407494238955173,0.026531811796917576
36.2,24.712442314775757,24.711039688124075,24.0,0.0,0.8080599727855242,0.48407494238955173,0.026531811796917576
36.300000000000004,24.711039688124075,24.70950452175978,24.0,0.0,0.8092675134884617,0.48407494238955173,0.026531811796917576
36.4,24.70950452175978,24.70783847011179,24.0,0.0,0.8104068219631464,0.48407494238955173,0.026531811796917576
36.5,24.70783847011179,24.706043281025064,24.0,0.0,0.8114783518147896,0.48407494238955173,0.026531811796917576
36.6,24.706043281025064,24.704120792854802,24.0,0.0,0.8124826065063185,0.48407494238955173,0.026531811796917576
36.7,24.704120792854802,24.70207293157334,24.0,0.0,0.8134201381918864,0.48407494238955173,0.026531811796917576
36.800000000000004,24.70207293157334,24.69990170788971,24.0,0.0,0.8142915465488626,0.48407494238955173,0.026531811796917576
36.9,24.69990170788971,24.697609214381774,24.0,0.0,0.8150974776083006,0.48407494238955173,0.026531811796917576
37.0,24.697609214381774,24.69583429981223,24.0,0.0,0.8158386225838964,0.48407494238955173,0.026531811796917576
37.1,24.69583429981223,24.693946239981784,24.0,0.0,0.8168256053843435,0.48407494238955173,0.026531811796917576
37.2,24.693946239981784,24.691947259513622,24.0,0.0,0.81775280803433,0.48407494238955173,0.026531811796917576
37.300000000000004,24.691947259513622,24.689839650035534,24.0,0.0,0.8186210131256475,0.48407494238955173,0.026531811796917576
37.4,24.689839650035534,24.687625767502496,24.0,0.0,0.8194310417654417,0.48407494238955173,0.026531811796917576
37.5,24.687625767502496,24.685308029531114,24.0,0.0,0.8201837524508128,0.48407494238955173,0.026531811796917576
37.6,24.685308029531114,24.682888912745927,24.0,0.0,0.8208800399420858,0.48407494238955173,0.026531811796917576
37.7,24.682888912745927,24.680370950137462,24.0,0.0,0.8215208341347803,0.48407494238955173,0.026531811796917576
37.800000000000004,24.680370950137462,24.677756728432033,24.0,0.0,0.8221070989302622,0.48407494238955173,0.026531811796917576
37.9,24.677756728432033,24.675048885473224,24.0,0.0,0.8226398311050988,0.48407494238955173,0.026531811796917576
38.0,24.675048885473224,24.672250107614982,24.0,0.0,0.8321179193100556,0.49739229916116157,0.026650222255486168
38.1,24.672250107614982,24.669344116696873,24.0,0.0,0.8325173902342246,0.49739229916116157,0.026650222255486168
38.2,24.669344116696873,24.666333680891984,24.0,0.0,0.8328557896776624,0.49739229916116157,0.026650222255486168
38.300000000000004,24.666333680891984,24.663221605449152,24.0,0.0,0.8331342161604005,0.49739229916116157,0.026650222255486168
38.400000000000006,24.663221605449152,24.660010730355538,24.0,0.0,0.8333537941197131,0.49739229916116157,0.026650222255486168
38.5,24.660010730355538,24.656703928008554,24.0,0.0,0.8335156728400789,0.49739229916116157,0.026650222255486168
38.6,24.656703928008554,24.653304100897092,24.0,0.0,0.833621025381589,0.49739229916116157,0.026650222255486168
38.7,24.653304100897092,24.649814179292036,24.0,0.0,0.8336710475068013,0.49739229916116157,0.026650222255486168
38.800000000000004,24.649814179292036,24.646237118946008,24.0,0.0,0.8336669566060606,0.49739229916116157,0.026650222255486168
38.900000000000006,24.646237118946008,24.64257589880231,24.0,0.0,0.8336099906212768,0.49739229916116157,0.026650222255486168
39.0,24.64257589880231,24.639113381015257,24.0,0.0,0.8335014069681776,0.49739229916116157,0.026650222255486168
39.1,24.639113381015257,24.63557263460474,24.0,0.0,0.8334824286502402,0.49739229916116157,0.026650222255486168
39.2,24.63557263460474,24.631956640060174,24.0,0.0,0.833415103849538,0.49739229916116157,0.026650222255486168
39.300000000000004,24.631956640060174,24.628268391790698,24.0,0.0,0.8333007145006064,0.49739229916116157,0.026650222255486168
39.400000000000006,24.628268391790698,24.624510895925653,24.0,0.0,0.8331405574417063,0.49739229916116157,0.026650222255486168
39.5,24.624510895925653,24.620687168123794,24.0,0.0,0.832935943352042,0.49739229916116157,0.026650222255486168
39.6,24.620687168123794,24.61680023139115,24.0,0.0,0.8326881956874719,0.49739229916116157,0.026650222255486168
39.7,24.61680023139115,24.61285311390752,24.0,0.0,0.8323986496147087,0.49739229916116157,0.026650222255486168
39.800000000000004,24.61285311390752,24.608848846861576,24.0,0.0,0.8320686509440269,0.49739229916116157,0.026650222255486168
39.900000000000006,24.608848846861576,24.604790462294527,24.0,0.0,0.831699555060476,0.49739229916116157,0.026650222255486168
40.0,24.604790462294527,24.600680990952323,24.0,0.0,0.8374753365671815,0.5075863701847529,0.026936830388965292
40.1,24.600680990952323,24.59651042141648,24.0,0.0,0.8370074691223297,0.5075863701847529,0.026936830388965292
40.2,24.59651042141648,24.592281744112867,24.0,0.0,0.8364973548747219,0.5075863701847529,0.026936830388965292
40.300000000000004,24.592281744112867,24.587997941982948,24.0,0.0,0.8359463551998638,0.5075863701847529,0.026936830388965292
40.400000000000006,24.587997941982948,24.583661988483946,24.0,0.0,0.8353558357093741,0.5075863701847529,0.026936830388965292
40.5,24.583661988483946,24.57927684559639,24.0,0.0,0.8347271652103538,0.5075863701847529,0.026936830388965292
40.6,24.57927684559639,24.57484546183901,24.0,0.0,0.8340617146631257,0.5075863701847529,0.026936830388965292
40.7,24.57484546183901,24.570370770291003,24.0,0.0,0.8333608561373649,0.5075863701847529,0.026936830388965292
40.800000000000004,24.570370770291003,24.565855686621557,24.0,0.0,0.8326259617666302,0.5075863701847529,0.026936830388965292
40.900000000000006,24.565855686621557,24.561303107126705,24.0,0.0,0.8318584027012912,0.5075863701847529,0.026936830388965292
41.0,24.561303107126705,24.556291585374087,24.0,0.0,0.8310595480598686,0.5075863701847529,0.026936830388965292
41.1,24.556291585374087,24.551251386553805,24.0,0.0,0.8300142411325586,0.5075863701847529,0.026936830388965292
41.2,24.551251386553805,24.546185406214583,24.0,0.0,0.8289408014184902,0.5075863701847529,0.026936830388965292
41.300000000000004,24.546185406214583,24.54109651148266,24.0,0.0,0.8278406292114905,0.5075863701847529,0.026936830388965292
41.400000000000006,24.54109651148266,24.53598753912131,24.0,0.0,0.8267151181016483,0.5075863701847529,0.026936830388965292
41.5,24.53598753912131,24.530861293646474,24.0,0.0,0.8255656539085681,0.5075863701847529,0.026936830388965292
41.6,24.530861293646474,24.525720545498245,24.0,0.0,0.8243936136380213,0.5075863701847529,0.026936830388965292
41.7,24.525720545498245,24.52056802926806,24.0,0.0,0.823200364462036,0.5075863701847529,0.026936830388965292
41.800000000000004,24.52056802926806,24.515406441981284,24.0,0.0,0.8219872627224689,0.5075863701847529,0.026936830388965292
41.900000000000006,24.515406441981284,24.510238441435074,24.0,0.0,0.820755652958086,0.5075863701847529,0.026936830388965292
42.0,24.510238441435074,24.505066644591224,24.0,0.0,0.8259427874591474,0.5201776765704087,0.02715931378432777
42.1,24.505066644591224,24.499881261413716,24.0,0.0,0.8246242605414642,0.5201776765704087,0.02715931378432777
42.2,24.499881261413716,24.494684744902624,24.0,0.0,0.8232845831714246,0.5201776765704087,0.02715931378432777
42.300000000000004,24.494684744902624,24.489479504598094,24.0,0.0,0.8219250011075383,0.5201776765704087,0.02715931378432777
42.400000000000006,24.489479504598094,24.484267905260324,24.0,0.0,0.8205467440455749,0.5201776765704087,0.02715931378432777
42.5,24.484267905260324,24.47905226560105,24.0,0.0,0.8191510248103024,0.5201776765704087,0.02715931378432777
42.6,24.47905226560105,24.473834857066297,24.0,0.0,0.8177390385705686,0.5201776765704087,0.02715931378432777
42.7,24.473834857066297,24.468617902670214,24.0,0.0,0.816311962077743,0.5201776765704087,0.02715931378432777
42.800000000000004,24.468617902670214,24.463403575879806,24.0,0.0,0.8148709529275722,0.5201776765704087,0.02715931378432777
42.900000000000006,24.463403575879806,24.458193999550307,24.0,0.0,0.8134171488454687,0.5201776765704087,0.02715931378432777
43.0,24.458193999550307,24.452632228794062,24.0,0.0,0.8119516669952622,0.5201776765704087,0.02715931378432777
43.1,24.452632228794062,24.44708225852882,24.0,0.0,0.8102878760787333,0.5201776765704087,0.02715931378432777
43.2,24.44708225852882,24.44154646666163,24.0,0.0,0.8086151501758037,0.5201776765704087,0.02715931378432777
43.300000000000004,24.44154646666163,24.436027175408558,24.0,0.0,0.8069347647281945,0.5201776765704087,0.02715931378432777
43.400000000000006,24.436027175408558,24.430526650538326,24.0,0.0,0.8052479725153971,0.5201776765704087,0.02715931378432777
43.5,24.430526650538326,24.425047100662447,24.0,0.0,0.8035560031079305,0.5201776765704087,0.02715931378432777
43.6,24.425047100662447,24.419590676571644,24.0,0.0,0.801860062342845,0.5201776765704087,0.02715931378432777
43.7,24.419590676571644,24.414159470618404,24.0,0.0,0.8001613318215075,0.5201776765704087,0.02715931378432777
43.800000000000004,24.414159470618404,24.408755516145487,24.0,0.0,0.7984609684297035,0.5201776765704087,0.02715931378432777
43.900000000000006,24.408755516145487,24.40338078696022,24.0,0.0,0.7967601038800958,0.5201776765704087,0.02715931378432777
44.0,24.40338078696022,24.398037196854432,24.0,0.0,0.8005789221044468,0.5338415241438783,0.027341380965579042
44.1,24.398037196854432,24.392721015253525,24.0,0.0,0.7988145804817396,0.5338415241438783,0.027341380965579042
44.2,24.392721015253525,24.387434034489722,24.0,0.0,0.7970503354824091,0.5338415241438783,0.027341380965579042
44.300000000000004,24.387434034489722,24.382177986806553,24.0,0.0,0.7952872237669429,0.5338415241438783,0.027341380965579042
44.400000000000006,24.382177986806553,24.376954544063878,24.0,0.0,0.7935262546541808,0.5338415241438783,0.027341380965579042
44.5,24.376954544063878,24.371765317486805,24.0,0.0,0.7917684097987484,0.5338415241438783,0.027341380965579042
44.6,24.371765317486805,24.366611857458313,24.0,0.0,0.7900146428912354,0.5338415241438783,0.027341380965579042
44.7,24.366611857458313,24.361495653355444,24.0,0.0,0.7882658793811372,0.5338415241438783,0.027341380965579042
44.800000000000004,24.361495653355444,24.356418133428885,24.0,0.0,0.7865230162226098,0.5338415241438783,0.027341380965579042
44.900000000000006,24.356418133428885,24.351380664725802,24.0,0.0,0.7847869216430567,0.5338415241438783,0.027341380965579042
45.0,24.351380664725802,24.346137865859145,24.0,0.0,0.7830584349345964,0.5338415241438783,0.027341380965579042
45.1,24.346137865859145,24.340939883549854,24.0,0.0,0.7812059999225469,0.5338415241438783,0.027341380965579042
45.2,24.340939883549854,24.33578817992888,24.0,0.0,0.779363277848332,0.5338415241438783,0.027341380965579042
45.300000000000004,24.33578817992888,24.330684155515655,24.0,0.0,0.7775311757904909,0.5338415241438783,0.027341380965579042
45.400000000000006,24.330684155515655,24.32562914935636,24.0,0.0,0.7757105717659909,0.5338415241438783,0.027341380965579042
45.5,24.32562914935636,24.320624439203023,24.0,0.0,0.7739023146359607,0.5338415241438783,0.027341380965579042
45.6,24.320624439203023,24.315671241733313,24.0,0.0,0.7721072240337177,0.5338415241438783,0.027341380965579042
45.7,24.315671241733313,24.31077071281089,24.0,0.0,0.7703260903151127,0.5338415241438783,0.027341380965579042
45.800000000000004,24.31077071281089,24.305923947786155,24.0,0.0,0.7685596745312457,0.5338415241438783,0.027341380965579042
45.900000000000006,24.305923947786155,24.301131981837305,24.0,0.0,0.7668087084235662,0.5338415241438783,0.027341380965579042
46.0,24.301131981837305,24.2963957903515,24.0,0.0,0.7643540649500862,0.5314456844797064,0.027395657993651422
46.1,24.2963957903515,24.291724928639677,24.0,0.0,0.7626490321944086,0.5314456844797064,0.027395657993651422
46.2,24.291724928639677,24.287120193371106,24.0,0.0,0.7609659225321824,0.5314456844797064,0.027395657993651422
46.300000000000004,24.287120193371106,24.28258232136969,24.0,0.0,0.7593053405075949,0.5314456844797064,0.027395657993651422
46.400000000000006,24.28258232136969,24.278111990179937,24.0,0.0,0.7576678608788517,0.5314456844797064,0.027395657993651422
46.5,24.278111990179937,24.27370981867265,24.0,0.0,0.7560540287565521,0.5314456844797064,0.027395657993651422
46.6,24.27370981867265,24.269376367689244,24.0,0.0,0.7544643597648509,0.5314456844797064,0.027395657993651422
46.7,24.269376367689244,24.265112140723534,24.0,0.0,0.752899340224894,0.5314456844797064,0.027395657993651422
46.800000000000004,24.265112140723534,24.26091758463988,24.0,0.0,0.7513594273600485,0.5314456844797064,0.027395657993651422
46.900000000000006,24.26091758463988,24.256793090426584,24.0,0.0,0.7498450495224149,0.5314456844797064,0.027395657993651422
47.0,24.256793090426584,24.25248219968396,24.0,0.0,0.7483566064401427,0.5314456844797064,0.027395657993651422
47.1,24.25248219968396,24.24824541904211,24.0,0.0,0.7467572937579148,0.5314456844797064,0.027395657993651422
47.2,24.24824541904211,24.24408322278193,24.0,0.0,0.745185759629573,0.5314456844797064,0.027395657993651422
47.300000000000004,24.24408322278193,24.239996033112867,24.0,0.0,0.7436424604384757,0.5314456844797064,0.027395657993651422
47.400000000000006,24.239996033112867,24.235984221073515,24.0,0.0,0.7421278260515005,0.5314456844797064,0.027395657993651422
47.5,24.235984221073515,24.232048107460002,24.0,0.0,0.7406422601574864,0.5314456844797064,0.027395657993651422
47.6,24.232048107460002,24.22818796378104,24.0,0.0,0.7391861406229681,0.5314456844797064,0.027395657993651422
47.7,24.22818796378104,24.22440401323861,24.0,0.0,0.7377598198647126,0.5314456844797064,0.027395657993651422
47.800000000000004,24.22440401323861,24.220696431733202,24.0,0.0,0.7363636252385619,0.5314456844797064,0.027395657993651422
47.900000000000006,24.220696431733202,24.21706534889257,24.0,0.0,0.7349978594440754,0.5314456844797064,0.027395657993651422
48.0,24.21706534889257,24.213510849122926,24.0,0.0,0.7311940556751174,0.5200884964320952,0.027234725657178445
48.1,24.213510849122926,24.210040463029365,24.0,0.0,0.7299268921744236,0.5200884964320952,0.027234725657178445
48.2,24.210040463029365,24.206654127600622,24.0,0.0,0.728694023727736,0.5200884964320952,0.027234725657178445
48.300000000000004,24.206654127600622,24.203351729249363,24.0,0.0,0.7274956464732988,0.5200884964320952,0.027234725657178445
48.400000000000006,24.203351729249363,24.200133104968668,24.0,0.0,0.7263319299359745,0.5200884964320952,0.027234725657178445
48.5,24.200133104968668,24.196998043504543,24.0,0.0,0.7252030174941221,0.5200884964320952,0.027234725657178445
48.6,24.196998043504543,24.193946286543532,24.0,0.0,0.7241090268580079,0.5200884964320952,0.027234725657178445
48.7,24.193946286543532,24.190977529914434,24.0,0.0,0.723050050559304,0.5200884964320952,0.027234725657178445
48.800000000000004,24.190977529914434,24.18809142480317,24.0,0.0,0.7220261564511941,0.5200884964320952,0.027234725657178445
48.900000000000006,24.18809142480317,24.18528757897985,24.0,0.0,0.7210373882186291,0.5200884964320952,0.027234725657178445
49.0,24.18528757897985,24.182345345913088,24.0,0.0,0.7200837658982716,0.5200884964320952,0.027234725657178445
49.1,24.182345345913088,24.179488184819405,24.0,0.0,0.7190501568735075,0.5200884964320952,0.027234725657178445
49.2,24.179488184819405,24.176715667545274,24.0,0.0,0.7180530114034559,0.5200884964320952,0.027234725657178445
49.300000000000004,24.176715667545274,24.174027326709666,24.0,0.0,0.7170923373355129,0.5200884964320952,0.027234725657178445
49.400000000000006,24.174027326709666,24.17142265699064,24.0,0.0,0.7161681208424038,0.5200884964320952,0.027234725657178445
49.5,24.17142265699064,24.168901116418375,24.0,0.0,0.7152803269879894,0.5200884964320952,0.027234725657178445
49.6,24.168901116418375,24.16646212767372,24.0,0.0,0.7144289002999527,0.5200884964320952,0.027234725657178445
49.7,24.16646212767372,24.16410507939133,24.0,0.0,0.7136137653488812,0.5200884964320952,0.027234725657178445
49.800000000000004,24.16410507939133,24.161829327466428,24.0,0.0,0.7128348273332916,0.5200884964320952,0.027234725657178445
49.900000000000006,24.161829327466428,24.159634196364316,24.0,0.0,0.7120919726701003,0.5200884964320952,0.027234725657178445
50.0,24.159634196364316,24.15751898043164,24.0,0.0,0.7096453032396857,0.5092200834857544,0.02693428978198619
50.1,24.15751898043164,24.155488226647773,24.0,0.0,0.708992458992369,0.5092200834857544,0.02693428978198619
50.2,24.155488226647773,24.153541126208157,24.0,0.0,0.7083771548764312,0.5092200834857544,0.02693428978198619
50.300000000000004,24.153541126208157,24.151676838149577,24.0,0.0,0.7077992043466894,0.5092200834857544,0.02693428978198619
50.400000000000006,24.151676838149577,24.14989449067011,24.0,0.0,0.707258402217051,0.5092200834857544,0.02693428978198619
50.5,24.14989449067011,24.14819318244627,24.0,0.0,0.7067545252495999,0.5092200834857544,0.02693428978198619
50.6,24.14819318244627,24.146571983946437,24.0,0.0,0.7062873327457934,0.5092200834857544,0.02693428978198619
50.7,24.146571983946437,24.14502993873971,24.0,0.0,0.7058565671393146,0.5092200834857544,0.02693428978198619
50.800000000000004,24.14502993873971,24.143566064799348,24.0,0.0,0.7054619545901146,0.5092200834857544,0.02693428978198619
50.900000000000006,24.143566064799348,24.142179355799883,24.0,0.0,0.7051032055792068,0.5092200834857544,0.02693428978198619
51.0,24.142179355799883,24.140897503723593,24.0,0.0,0.7047800155037416,0.5092200834857544,0.02693428978198619
51.1,24.140897503723593,24.139690076001976,24.0,0.0,0.7045067681019221,0.5092200834857544,0.02693428978198619
51.2,24.139690076001976,24.138555826706934,24.0,0.0,0.7042681669553879,0.5092200834857544,0.02693428978198619
51.300000000000004,24.138555826706934,24.137493492003053,24.0,0.0,0.7040637747134236,0.5092200834857544,0.02693428978198619
51.400000000000006,24.137493492003053,24.13650179142537,24.0,0.0,0.703893141502498,0.5092200834857544,0.02693428978198619
51.5,24.13650179142537,24.13557942914527,24.0,0.0,0.703755805532139,0.5092200834857544,0.02693428978198619
51.6,24.13557942914527,24.134725095223615,24.0,0.0,0.7036512936981697,0.5092200834857544,0.02693428978198619
51.7,24.134725095223615,24.133937466850327,24.0,0.0,0.7035791221828256,0.5092200834857544,0.02693428978198619
51.800000000000004,24.133937466850327,24.133215209569578,24.0,0.0,0.7035387970513052,0.5092200834857544,0.02693428978198619
51.900000000000006,24.133215209569578,24.132556978489845,24.0,0.0,0.7035298148442953,0.5092200834857544,0.02693428978198619
52.0,24.132556978489845,24.131961419478067,24.0,0.0,0.7016508683030466,0.49490610644953115,0.026679507503071825
52.1,24.131961419478067,24.13143264367149,24.0,0.0,0.7017081890794749,0.49490610644953115,0.026679507503071825
52.2,24.13143264367149,24.13096920961857,24.0,0.0,0.7017971505241561,0.49490610644953115,0.026679507503071825
52.300000000000004,24.13096920961857,24.13056966484725,24.0,0.0,0.7019172135824976,0.49490610644953115,0.026679507503071825
52.400000000000006,24.13056966484725,24.130232546977957,24.0,0.0,0.7020678298706683,0.49490610644953115,0.026679507503071825
52.5,24.130232546977957,24.129956384817508,24.0,0.0,0.7022484421999862,0.49490610644953115,0.026679507503071825
52.6,24.129956384817508,24.12973969943339,24.0,0.0,0.7024584850947903,0.49490610644953115,0.026679507503071825
52.7,24.12973969943339,24.12958100520781,24.0,0.0,0.70269738530346,0.49490610644953115,0.026679507503071825
52.800000000000004,24.12958100520781,24.129478810870975,24.0,0.0,0.7029645623022324,0.49490610644953115,0.026679507503071825
52.900000000000006,24.129478810870975,24.129431620513063,24.0,0.0,0.7032594287914996,0.49490610644953115,0.026679507503071825
53.0,24.129431620513063,24.1295364379216,24.0,0.0,0.7035813911842651,0.49490610644953115,0.026679507503071825
53.1,24.1295364379216,24.129691292585743,24.0,0.0,0.7039788627965576,0.49490610644953115,0.026679507503071825
53.2,24.129691292585743,24.12989456656527,24.0,0.0,0.7044015112968164,0.49490610644953115,0.026679507503071825
53.300000000000004,24.12989456656527,24.130144642163526,24.0,0.0,0.7048486651368948,0.49490610644953115,0.026679507503071825
53.400000000000006,24.130144642163526,24.13043990298808,24.0,0.0,0.7053196485732542,0.49490610644953115,0.026679507503071825
53.5,24.13043990298808,24.130778734987476,24.0,0.0,0.7058137821953686,0.49490610644953115,0.026679507503071825
53.6,24.130778734987476,24.131159527463712,24.0,0.0,0.7063303834450646,0.49490610644953115,0.026679507503071825
53.7,24.131159527463712,24.131580674060142,24.0,0.0,0.7068687671265503,0.49490610644953115,0.026679507503071825
53.800000000000004,24.131580674060142,24.13204057372451,24.0,0.0,0.7074282459069189,0.49490610644953115,0.026679507503071825
53.900000000000006,24.13204057372451,24.132537631646798,24.0,0.0,0.7080081308069076,0.49490610644953115,0.026679507503071825
54.0,24.132537631646798,24.133070260171678,24.0,0.0,0.7062035228982798,0.4767934815636328,0.02640755620178533
54.1,24.133070260171678,24.13364147337285,24.0,0.0,0.7068088827444644,0.4767934815636328,0.02640755620178533
54.2,24.13364147337285,24.134249623906534,24.0,0.0,0.7074341479472652,0.4767934815636328,0.02640755620178533
54.300000000000004,24.134249623906534,24.134893072332,24.0,0.0,0.7080786306063727,0.4767934815636328,0.02640755620178533
54.400000000000006,24.134893072332,24.135570187936978,24.0,0.0,0.7087416422602418,0.4767934815636328,0.02640755620178533
54.5,24.135570187936978,24.136279349536355,24.0,0.0,0.7094224943026827,0.4767934815636328,0.02640755620178533
54.6,24.136279349536355,24.13701894624408,24.0,0.0,0.7101204983888437,0.4767934815636328,0.02640755620178533
54.7,24.13701894624408,24.13778737821807,24.0,0.0,0.7108349668304376,0.4767934815636328,0.02640755620178533
54.800000000000004,24.13778737821807,24.138583057378085,24.0,0.0,0.7115652129800809,0.4767934815636328,0.02640755620178533
54.900000000000006,24.138583057378085,24.13940440809645,24.0,0.0,0.7123105516046241,0.4767934815636328,0.02640755620178533
55.0,24.13940440809645,24.140319284828557,24.0,0.0,0.7130702992473764,0.4767934815636328,0.02640755620178533
55.1,24.140319284828557,24.141255647188068,24.0,0.0,0.7138770554497098,0.4767934815636328,0.02640755620178533
55.2,24.141255647188068,24.142211890157476,24.0,0.0,0.7146965285632999,0.4767934815636328,0.02640755620178533
55.300000000000004,24.142211890157476,24.143186424167517,24.0,0.0,0.7155280058260944,0.4767934815636328,0.02640755620178533
55.400000000000006,24.143186424167517,24.1441776757639,24.0,0.0,0.7163707776439976,0.4767934815636328,0.02640755620178533
55.5,24.1441776757639,24.145184088247195,24.0,0.0,0.7172241379513198,0.4767934815636328,0.02640755620178533
55.6,24.145184088247195,24.146204122285962,24.0,0.0,0.7180873845601188,0.4767934815636328,0.02640755620178533
55.7,24.146204122285962,24.147236256503138,24.0,0.0,0.7189598194983958,0.4767934815636328,0.02640755620178533
55.800000000000004,24.147236256503138,24.14827898803583,24.0,0.0,0.7198407493370991,0.4767934815636328,0.02640755620178533
55.900000000000006,24.14827898803583,24.149330833068557,24.0,0.0,0.7207294855059175,0.4767934815636328,0.02640755620178533
56.0,24.149330833068557,24.15039032734011,24.0,0.0,0.7187625255712895,0.4576419488851764,0.026213041976841385
56.1,24.15039032734011,24.15145543997875,24.0,0.0,0.7196416133909026,0.4576419488851764,0.026213041976841385
56.2,24.15145543997875,24.15252476057141,24.0,0.0,0.7205260643952114,0.4576419488851764,0.026213041976841385
56.300000000000004,24.15252476057141,24.15359690318984,24.0,0.0,0.7214152441503557,0.4576419488851764,0.026213041976841385
56.400000000000006,24.15359690318984,24.15467050676817,24.0,0.0,0.7223085257948195,0.4576419488851764,0.026213041976841385
56.5,24.15467050676817,24.155744235454396,24.0,0.0,0.7232052902773861,0.4576419488851764,0.026213041976841385
56.6,24.155744235454396,24.15681677893603,24.0,0.0,0.7241049265840862,0.4576419488851764,0.026213041976841385
56.7,24.15681677893603,24.157886852740205,24.0,0.0,0.7250068319541775,0.4576419488851764,0.026213041976841385
56.800000000000004,24.157886852740205,24.158953198508478,24.0,0.0,0.7259104120852183,0.4576419488851764,0.026213041976841385
56.900000000000006,24.158953198508478,24.1600145842466,24.0,0.0,0.7268150813272816,0.4576419488851764,0.026213041976841385
57.0,24.1600145842466,24.16114564658103,24.0,0.0,0.7277202628663711,0.4576419488851764,0.026213041976841385
57.1,24.16114564658103,24.162268780610013,24.0,0.0,0.7286602961972317,0.4576419488851764,0.026213041976841385
57.2,24.162268780610013,24.163382763408205,24.0,0.0,0.7295996452788809,0.4576419488851764,0.026213041976841385
57.300000000000004,24.163382763408205,24.164486399658,24.0,0.0,0.7305377264612211,0.4576419488851764,0.026213041976841385
57.400000000000006,24.164486399658,24.165578521884065,24.0,0.0,0.7314739655953229,0.4576419488851764,0.026213041976841385
57.5,24.165578521884065,24.166657990665797,24.0,0.0,0.7324077982137414,0.4576419488851764,0.026213041976841385
57.6,24.166657990665797,24.167723694828055,24.0,0.0,0.7333386697012839,0.4576419488851764,0.026213041976841385
57.7,24.167723694828055,24.168774551610536,24.0,0.0,0.7342660354563385,0.4576419488851764,0.026213041976841385
57.800000000000004,24.168774551610536,24.169809506816225,24.0,0.0,0.7351893610428711,0.4576419488851764,0.026213041976841385
57.900000000000006,24.169809506816225,24.170827534939285,24.0,0.0,0.7361081223332357,0.4576419488851764,0.026213041976841385
58.0,24.170827534939285,24.171827639272834,24.0,0.0,0.7351198522300264,0.44653874264716,0.025907467098545887
58.1,24.171827639272834,24.17280689638172,24.0,0.0,0.7360115994527536,0.44653874264716,0.025907467098545887
58.2,24.17280689638172,24.173764405679883,24.0,0.0,0.7368965745891244,0.44653874264716,0.025907467098545887
58.300000000000004,24.173764405679883,24.174699297867846,24.0,0.0,0.7377743191495045,0.44653874264716,0.025907467098545887
58.400000000000006,24.174699297867846,24.17561073494406,24.0,0.0,0.7386443863627934,0.44653874264716,0.025907467098545887
58.5,24.17561073494406,24.176497910195113,24.0,0.0,0.7395063412625785,0.44653874264716,0.025907467098545887
58.6,24.176497910195113,24.17736004816529,24.0,0.0,0.7403597607638266,0.44653874264716,0.025907467098545887
58.7,24.17736004816529,24.17819640460589,24.0,0.0,0.7412042337302618,0.44653874264716,0.025907467098545887
58.800000000000004,24.17819640460589,24.179006266404876,24.0,0.0,0.7420393610325933,0.44653874264716,0.025907467098545887
58.900000000000006,24.179006266404876,24.17978895149725,24.0,0.0,0.7428647555977616,0.44653874264716,0.025907467098545887
59.0,24.17978895149725,24.18063973708739,24.0,0.0,0.743680042449359,0.44653874264716,0.025907467098545887
59.1,24.18063973708739,24.181462125408064,24.0,0.0,0.74452794298157,0.44653874264716,0.025907467098545887
59.2,24.181462125408064,24.182255463864205,24.0,0.0,0.7453652936326158,0.44653874264716,0.025907467098545887
59.300000000000004,24.182255463864205,24.18301913056291,24.0,0.0,0.746191727732674,0.44653874264716,0.025907467098545887
59.400000000000006,24.18301913056291,24.183752534182712,24.0,0.0,0.747006890710462,0.44653874264716,0.025907467098545887
59.5,24.183752534182712,24.184455113826875,24.0,0.0,0.7478104401140622,0.44653874264716,0.025907467098545887
59.6,24.184455113826875,24.185126338861217,24.0,0.0,0.7486020456242387,0.44653874264716,0.025907467098545887
59.7,24.185126338861217,24.185765708736984,24.0,0.0,0.7493813890604191,0.44653874264716,0.025907467098545887
59.800000000000004,24.185765708736984,24.186372752799265,24.0,0.0,0.7501481643795447,0.44653874264716,0.025907467098545887
59.900000000000006,24.186372752799265,24.186947030081466,24.0,0.0,0.7509020776679686,0.44653874264716,0.025907467098545887
60.0,24.186947030081466,24.19247564989368,24.0,1.0,0.7513329761051578,0.4449029705070744,0.025689850485140053
60.1,24.19247564989368,24.19794450589278,24.0,1.0,0.7542871425491959,0.4449029705070744,0.025689850485140053
60.2,24.19794450589278,24.203353388745153,24.0,1.0,0.7572287693045456,0.4449029705070744,0.025689850485140053
60.300000000000004,24.203353388745153,24.208702118600563,24.0,1.0,0.7601576091679416,0.4449029705070744,0.025689850485140053
60.400000000000006,24.208702118600563,24.213990544818706,24.0,1.0,0.7630734275913311,0.4449029705070744,0.025689850485140053
60.5,24.213990544818706,24.219218545682736,24.0,1.0,0.7659760026352533,0.4449029705070744,0.025689850485140053
60.6,24.219218545682736,24.22438602810029,24.0,1.0,0.7688651249156896,0.4449029705070744,0.025689850485140053
60.7,24.22438602810029,24.229492927292505,24.0,1.0,0.7717405975445879,0.4449029705070744,0.025689850485140053
60.800000000000004,24.229492927292505,24.234539206471535,24.0,1.0,0.7746022360642382,0.4449029705070744,0.025689850485140053
60.900000000000006,24.234539206471535,24.239524856507085,24.0,1.0,0.7774498683757124,0.4449029705070744,0.025689850485140053
61.0,24.239524856507085,24.244564122538154,24.0,1.0,0.7802833346615515,0.4449029705070744,0.025689850485140053
61.1,24.244564122538154,24.249543179374704,24.0,1.0,0.7831536006621531,0.4449029705070744,0.025689850485140053
61.2,24.249543179374704,24.254462113319384,24.0,1.0,0.7860098705358302,0.4449029705070744,0.025689850485140053
61.300000000000004,24.254462113319384,24.259321035558425,24.0,1.0,0.7888520282240771,0.4449029705070744,0.025689850485140053
61.400000000000006,24.259321035558425,24.26412008173539,24.0,1.0,0.7916799690248042,0.4449029705070744,0.025689850485140053
61.5,24.26412008173539,24.26885941151756,24.0,1.0,0.794493599465526,0.4449029705070744,0.025689850485140053
61.6,24.26885941151756,24.27353920815544,24.0,1.0,0.7972928371721679,0.4449029705070744,0.025689850485140053
61.7,24.27353920815544,24.27815967803582,24.0,1.0,0.8000776107336637,0.4449029705070744,0.025689850485140053
61.800000000000004,24.27815967803582,24.282721050228893,24.0,1.0,0.8028478595625563,0.4449029705070744,0.025689850485140053
61.900000000000006,24.282721050228893,24.2872235760299,24.0,1.0,0.8056035337517813,0.4449029705070744,0.025689850485140053
62.0,24.2872235760299,24.2916675284957,24.0,1.0,0.8120830631610153,0.4578674749632139,0.026203662827315746
62.1,24.2916675284957,24.296051809169732,24.0,1.0,0.8148820802128266,0.4578674749632139,0.026203662827315746
62.2,24.296051809169732,24.30037674296796,24.0,1.0,0.8176652639132655,0.4578674749632139,0.026203662827315746
62.300000000000004,24.30037674296796,24.30464267647355,24.0,1.0,0.8204326075202326,0.4578674749632139,0.026203662827315746
62.400000000000006,24.30464267647355,24.30884997744972,24.0,1.0,0.8231841151205102,0.4578674749632139,0.026203662827315746
62.5,24.30884997744972,24.31299903434781,24.0,1.0,0.8259198014622124,0.4578674749632139,0.026203662827315746
62.6,24.31299903434781,24.31709025581099,24.0,1.0,0.828639691783752,0.4578674749632139,0.026203662827315746
62.7,24.31709025581099,24.321124070173997,24.0,1.0,0.8313438216395223,0.4578674749632139,0.026203662827315746
62.800000000000004,24.321124070173997,24.32510092495934,24.0,1.0,0.8340322367224409,0.4578674749632139,0.026203662827315746
62.900000000000006,24.32510092495934,24.32902128637027,24.0,1.0,0.8367049926835494,0.4578674749632139,0.026203662827315746
63.0,24.32902128637027,24.332961527038716,24.0,1.0,0.839362154948821,0.4578674749632139,0.026203662827315746
63.1,24.332961527038716,24.336846534812217,24.0,1.0,0.8420387441533285,0.4578674749632139,0.026203662827315746
63.2,24.336846534812217,24.340676855373356,24.0,1.0,0.8447002241550708,0.4578674749632139,0.026203662827315746
63.300000000000004,24.340676855373356,24.34445304997693,24.0,1.0,0.8473467015038267,0.4578674749632139,0.026203662827315746
63.400000000000006,24.34445304997693,24.348175694904707,24.0,1.0,0.8499782913500785,0.4578674749632139,0.026203662827315746
63.5,24.348175694904707,24.351845380919467,24.0,1.0,0.8525951172347392,0.4578674749632139,0.026203662827315746
63.6,24.351845380919467,24.355462712718715,24.0,1.0,0.8551973108771215,0.4578674749632139,0.026203662827315746
63.7,24.355462712718715,24.359028308388417,24.0,1.0,0.8577850119613237,0.4578674749632139,0.026203662827315746
63.800000000000004,24.359028308388417,24.36254279885715,24.0,1.0,0.860358367921197,0.4578674749632139,0.026203662827315746
63.900000000000006,24.36254279885715,24.366006827350994,24.0,1.0,0.8629175337240698,0.4578674749632139,0.026203662827315746
64.0,24.366006827350994,24.36942104884956,24.0,1.0,0.8722318259005476,0.4763421437779631,0.026403094296024485
64.10000000000001,24.36942104884956,24.372784410474985,24.0,1.0,0.8748335493672785,0.4763421437779631,0.026403094296024485
64.2,24.372784410474985,24.37609758683396,24.0,1.0,0.8774199264484199,0.4763421437779631,0.026403094296024485
64.3,24.37609758683396,24.37936126379875,24.0,1.0,0.8799911459829374,0.4763421437779631,0.026403094296024485
64.4,24.37936126379875,24.38257613796826,24.0,1.0,0.8825474039869774,0.4763421437779631,0.026403094296024485
64.5,24.38257613796826,24.385742916130997,24.0,1.0,0.8850889034254774,0.4763421437779631,0.026403094296024485
64.60000000000001,24.385742916130997,24.38886231473013,24.0,1.0,0.8876158539832475,0.4763421437779631,0.026403094296024485
64.7,24.38886231473013,24.39193505933101,24.0,1.0,0.890128471835655,0.4763421437779631,0.026403094296024485
64.8,24.39193505933101,24.39496188409139,24.0,1.0,0.8926269794190647,0.4763421437779631,0.026403094296024485
64.9,24.39496188409139,24.397943531234596,24.0,1.0,0.8951116052011641,0.4763421437779631,0.026403094296024485
65.0,24.397943531234596,24.400893114431263,24.0,1.0,0.8975825834513157,0.4763421437779631,0.026403094296024485
65.10000000000001,24.400893114431263,24.4037101147875,24.0,1.0,0.9000460761047631,0.4763421437779631,0.026403094296024485
65.2,24.4037101147875,24.40639569389865,24.0,1.0,0.9024538517163762,0.4763421437779631,0.026403094296024485
65.3,24.40639569389865,24.40895101743002,24.0,1.0,0.9048061166102161,0.4763421437779631,0.026403094296024485
65.4,24.40895101743002,24.411377254591653,24.0,1.0,0.907103082126762,0.4763421437779631,0.026403094296024485
65.5,24.411377254591653,24.41367557761755,24.0,1.0,0.9093449643820701,0.4763421437779631,0.026403094296024485
65.60000000000001,24.41367557761755,24.415847161249623,24.0,1.0,0.9115319840277001,0.4763421437779631,0.026403094296024485
65.7,24.415847161249623,24.417893182226607,24.0,1.0,0.9136643660115158,0.4763421437779631,0.026403094296024485
65.8,24.417893182226607,24.419814818778118,24.0,1.0,0.9157423393395063,0.4763421437779631,0.026403094296024485
65.9,24.419814818778118,24.421613250124103,24.0,1.0,0.9177661368387221,0.4763421437779631,0.026403094296024485
66.0,24.421613250124103,24.423289655979872,24.0,1.0,0.9267308465178258,0.49290332287502475,0.026698128936615568
66.10000000000001,24.423289655979872,24.42484317663535,24.0,1.0,0.9286872567159098,0.49290332287502475,0.026698128936615568
66.2,24.42484317663535,24.426274983430822,24.0,1.0,0.9305872439999148,0.49290332287502475,0.026698128936615568
66.3,24.426274983430822,24.42758624649525,24.0,1.0,0.9324310607741275,0.49290332287502475,0.026698128936615568
66.4,24.42758624649525,24.428778134299172,24.0,1.0,0.934218961969792,0.49290332287502475,0.026698128936615568
66.5,24.428778134299172,24.429851813214935,24.0,1.0,0.9359512048203121,0.49290332287502475,0.026698128936615568
66.60000000000001,24.429851813214935,24.430808447084313,24.0,1.0,0.9376280486388774,0.49290332287502475,0.026698128936615568
66.7,24.430808447084313,24.43164919679371,24.0,1.0,0.939249754598593,0.49290332287502475,0.026698128936615568
66.8,24.43164919679371,24.432375219857033,24.0,1.0,0.9408165855151994,0.49290332287502475,0.026698128936615568
66.9,24.432375219857033,24.432987670006366,24.0,1.0,0.9423288056324688,0.49290332287502475,0.026698128936615568
67.0,24.432987670006366,24.433338531245834,24.0,1.0,0.94378668041035,0.49290332287502475,0.026698128936615568
67.10000000000001,24.433338531245834,24.43357596131128,24.0,1.0,0.9451165538791925,0.49290332287502475,0.026698128936615568
67.2,24.43357596131128,24.433701157696404,24.0,1.0,0.9463911506392921,0.49290332287502475,0.026698128936615568
67.3,24.433701157696404,24.43371531219139,24.0,1.0,0.9476107612963454,0.49290332287502475,0.026698128936615568
67.4,24.43371531219139,24.43361961047927,24.0,1.0,0.9487756768266237,0.49290332287502475,0.026698128936615568
67.5,24.43361961047927,24.43341523174102,24.0,1.0,0.9498861883617172,0.49290332287502475,0.026698128936615568
67.60000000000001,24.43341523174102,24.433103348269402,24.0,1.0,0.9509425869765205,0.49290332287502475,0.026698128936615568
67.7,24.433103348269402,24.432685125091716,24.0,1.0,0.9519451634805078,0.49290332287502475,0.026698128936615568
67.8,24.432685125091716,24.432161719601513,24.0,1.0,0.9528942082123886,0.49290332287502475,0.026698128936615568
67.9,24.432161719601513,24.431534281199333,24.0,1.0,0.9537900108381958,0.49290332287502475,0.026698128936615568
68.0,24.431534281199333,24.430803950942547,24.0,1.0,0.9589860408097924,0.5029662204658544,0.026945974328101672
68.10000000000001,24.430803950942547,24.429970466868312,24.0,1.0,0.959779552581099,0.5029662204658544,0.026945974328101672
68.2,24.429970466868312,24.429034946318144,24.0,1.0,0.96051893556267,0.5029662204658544,0.026945974328101672
68.3,24.429034946318144,24.42799849680944,24.0,1.0,0.9612044767923185,0.5029662204658544,0.026945974328101672
68.4,24.42799849680944,24.426862215741313,24.0,1.0,0.9618364613509716,0.5029662204658544,0.026945974328101672
68.5,24.426862215741313,24.425627190110262,24.0,1.0,0.9624151721874488,0.5029662204658544,0.026945974328101672
68.60000000000001,24.425627190110262,24.424294496235756,24.0,1.0,0.9629408899474261,0.5029662204658544,0.026945974328101672
68.7,24.424294496235756,24.422865199495675,24.0,1.0,0.9634138928066402,0.5029662204658544,0.026945974328101672
68.8,24.422865199495675,24.421340354071667,24.0,1.0,0.9638344563083432,0.5029662204658544,0.026945974328101672
68.9,24.421340354071667,24.41972100270441,24.0,1.0,0.964202853205056,0.5029662204658544,0.026945974328101672
69.0,24.41972100270441,24.41773808607751,24.0,1.0,0.9645193533046444,0.5029662204658544,0.026945974328101672
69.10000000000001,24.41773808607751,24.41566125008914,24.0,1.0,0.9646476491976449,0.5029662204658544,0.026945974328101672
69.2,24.41566125008914,24.413491575487416,24.0,1.0,0.9647231105874563,0.5029662204658544,0.026945974328101672
69.3,24.413491575487416,24.411230130095483,24.0,1.0,0.9647460308911834,0.5029662204658544,0.026945974328101672
69.4,24.411230130095483,24.408877968589625,24.0,1.0,0.964716699902462,0.5029662204658544,0.026945974328101672
69.5,24.408877968589625,24.40643613228757,24.0,1.0,0.9646354036444298,0.5029662204658544,0.026945974328101672
69.60000000000001,24.40643613228757,24.403905648946992,24.0,1.0,0.9645024242272525,0.5029662204658544,0.026945974328101672
69.7,24.403905648946992,24.40128753257417,24.0,1.0,0.9643180397102402,0.5029662204658544,0.026945974328101672
69.8,24.40128753257417,24.398582783242755,24.0,1.0,0.964082523968555,0.5029662204658544,0.026945974328101672
69.9,24.398582783242755,24.39579238692262,24.0,1.0,0.9637961465645142,0.5029662204658544,0.026945974328101672
70.0,24.39579238692262,24.39291731531869,24.0,1.0,0.9629325975316402,0.5016127145926033,0.027176707124614768
70.10000000000001,24.39291731531869,24.38995828942727,24.0,1.0,0.9625582449400065,0.5016127145926033,0.027176707124614768
70.2,24.38995828942727,24.386917951091355,24.0,1.0,0.9621337381523192,0.5016127145926033,0.027176707124614768
70.3,24.386917951091355,24.38379892074533,24.0,1.0,0.9616601813701677,0.5016127145926033,0.027176707124614768
70.4,24.38379892074533,24.380603797321598,24.0,1.0,0.9611386751777857,0.5016127145926033,0.027176707124614768
70.5,24.380603797321598,24.377335158167256,24.0,1.0,0.960570316436781,0.5016127145926033,0.027176707124614768
70.60000000000001,24.377335158167256,24.373995558970798,24.0,1.0,0.9599561981856809,0.5016127145926033,0.027176707124614768
70.7,24.373995558970798,24.370587533698714,24.0,1.0,0.9592974095442998,0.5016127145926033,0.027176707124614768
70.8,24.370587533698714,24.3671135945419,24.0,1.0,0.9585950356229062,0.5016127145926033,0.027176707124614768
70.9,24.3671135945419,24.36357623187182,24.0,1.0,0.957850157436161,0.5016127145926033,0.027176707124614768
71.0,24.36357623187182,24.35969881846321,24.0,1.0,0.9570638518218286,0.5016127145926033,0.027176707124614768
71.10000000000001,24.35969881846321,24.35576268264209,24.0,1.0,0.9560964349005827,0.5016127145926033,0.027176707124614768
71.2,24.35576268264209,24.35177036857138,24.0,1.0,0.9550888649495481,0.5016127145926033,0.027176707124614768
71.3,24.35177036857138,24.347724397653955,24.0,1.0,0.9540422654792108,0.5016127145926033,0.027176707124614768
71.4,24.347724397653955,24.343627268545347,24.0,1.0,0.9529577554356713,0.5016127145926033,0.027176707124614768
71.5,24.343627268545347,24.339481457175335,24.0,1.0,0.9518364491451948,0.5016127145926033,0.027176707124614768
71.60000000000001,24.339481457175335,24.33528941677831,24.0,1.0,0.9506794562632832,0.5016127145926033,0.027176707124614768
71.7,24.33528941677831,24.33105357793225,24.0,1.0,0.949487881728226,0.5016127145926033,0.027176707124614768
71.8,24.33105357793225,24.326776348606185,24.0,1.0,0.9482628257190787,0.5016127145926033,0.027176707124614768
71.9,24.326776348606185,24.322460114215982,24.0,1.0,0.9470053836180288,0.5016127145926033,0.027176707124614768
72.0,24.322460114215982,24.318107237688295,24.0,1.0,0.9439922259879026,0.4962617928304775,0.02720892361742852
72.10000000000001,24.318107237688295,24.313723009050086,24.0,1.0,0.9426975952315442,0.4962617928304775,0.02720892361742852
72.2,24.313723009050086,24.30930979022054,24.0,1.0,0.9413754766063953,0.4962617928304775,0.02720892361742852
72.3,24.30930979022054,24.304869919743503,24.0,1.0,0.9400269633635141,0.4962617928304775,0.02720892361742852
72.4,24.304869919743503,24.300405712889283,24.0,1.0,0.9386531435166003,0.4962617928304775,0.02720892361742852
72.5,24.300405712889283,24.295919461764534,24.0,1.0,0.9372550998291836,0.4962617928304775,0.02720892361742852
72.60000000000001,24.295919461764534,24.291413435430037,24.0,1.0,0.9358339098061339,0.4962617928304775,0.02720892361742852
72.7,24.291413435430037,24.286889880026248,24.0,1.0,0.9343906456894062,0.4962617928304775,0.02720892361742852
72.8,24.286889880026248,24.28235101890638,24.0,1.0,0.9329263744579783,0.4962617928304775,0.02720892361742852
72.9,24.28235101890638,24.277799052776903,24.0,1.0,0.9314421578318963,0.4962617928304775,0.02720892361742852
73.0,24.277799052776903,24.27306246721242,24.0,1.0,0.9299390522803789,0.4962617928304775,0.02720892361742852
73.10000000000001,24.27306246721242,24.268317844215233,24.0,1.0,0.9283314394175703,0.4962617928304775,0.02720892361742852
73.2,24.268317844215233,24.263567383619925,24.0,1.0,0.9267069282755263,0.4962617928304775,0.02720892361742852
73.3,24.263567383619925,24.258813262836505,24.0,1.0,0.9250665946646246,0.4962617928304775,0.02720892361742852
73.4,24.258813262836505,24.254057637040322,24.0,1.0,0.9234115091912811,0.4962617928304775,0.02720892361742852
73.5,24.254057637040322,24.249302639368043,24.0,1.0,0.9217427372917023,0.4962617928304775,0.02720892361742852
73.60000000000001,24.249302639368043,24.24455038111946,24.0,1.0,0.9200613392691711,0.4962617928304775,0.02720892361742852
73.7,24.24455038111946,24.239802951964958,24.0,1.0,0.918368370334785,0.4962617928304775,0.02720892361742852
73.8,24.239802951964958,24.23506242015842,24.0,1.0,0.9166648806515609,0.4962617928304775,0.02720892361742852
73.9,24.23506242015842,24.230330832755403,24.0,1.0,0.9149519153818211,0.4962617928304775,0.02720892361742852
74.0,24.230330832755403,24.22561021583635,24.0,1.0,0.915340610595788,0.505429857807395,0.027139797705570887
74.10000000000001,24.22561021583635,24.220908024064922,24.0,1.0,0.9135669714194394,0.505429857807395,0.027139797705570887
74.2,24.220908024064922,24.216226273650776,24.0,1.0,0.911789883209489,0.505429857807395,0.027139797705570887
74.3,24.216226273650776,24.2115669590403,24.0,1.0,0.9100104204959283,0.505429857807395,0.027139797705570887
74.4,24.2115669590403,24.206932053169727,24.0,1.0,0.9082296522218298,0.505429857807395,0.027139797705570887
74.5,24.206932053169727,24.202323507722852,24.0,1.0,0.9064486418128972,0.505429857807395,0.027139797705570887
74.60000000000001,24.202323507722852,24.197743253393163,24.0,1.0,0.9046684472500525,0.505429857807395,0.027139797705570887
74.7,24.197743253393163,24.19319320015017,24.0,1.0,0.9028901211449494,0.505429857807395,0.027139797705570887
74.8,24.19319320015017,24.188675237509695,24.0,1.0,0.9011147108183435,0.505429857807395,0.027139797705570887
74.9,24.188675237509695,24.18419123480799,24.0,1.0,0.8993432583811961,0.505429857807395,0.027139797705570887
75.0,24.18419123480799,24.179764051913214,24.0,1.0,0.897576800818448,0.505429857807395,0.027139797705570887
75.10000000000001,24.179764051913214,24.175373886415965,24.0,1.0,0.8958270463978197,0.505429857807395,0.027139797705570887
75.2,24.175373886415965,24.171022554851973,24.0,1.0,0.8940840868548112,0.505429857807395,0.027139797705570887
75.3,24.171022554851973,24.16671182063913,24.0,1.0,0.8923489457153272,0.505429857807395,0.027139797705570887
75.4,24.16671182063913,24.162443394486754,24.0,1.0,0.8906226244438116,0.505429857807395,0.027139797705570887
75.5,24.162443394486754,24.158218934807003,24.0,1.0,0.8889061025070528,0.505429857807395,0.027139797705570887
75.60000000000001,24.158218934807003,24.15404004812825,24.0,1.0,0.8872003374401886,0.505429857807395,0.027139797705570887
75.7,24.15404004812825,24.149908289510208,24.0,1.0,0.8855062649148279,0.505429857807395,0.027139797705570887
75.8,24.149908289510208,24.145825162960623,24.0,1.0,0.8838247988091867,0.505429857807395,0.027139797705570887
75.9,24.145825162960623,24.141792121853307,24.0,1.0,0.8821568312801339,0.505429857807395,0.027139797705570887
76.0,24.141792121853307,24.13781056934733,24.0,1.0,0.8800384235596763,0.5021498785888913,0.027158553023803385
76.10000000000001,24.13781056934733,24.133887475013516,24.0,1.0,0.8784133610176909,0.5021498785888913,0.027158553023803385
76.2,24.133887475013516,24.130024149403084,24.0,1.0,0.8768069986832112,0.5021498785888913,0.027158553023803385
76.3,24.130024149403084,24.126221851702603,24.0,1.0,0.8752201569725773,0.5021498785888913,0.027158553023803385
76.4,24.126221851702603,24.12248179017228,24.0,1.0,0.8736536339291445,0.5021498785888913,0.027158553023803385
76.5,24.12248179017228,24.118805122584302,24.0,1.0,0.8721082053050625,0.5021498785888913,0.027158553023803385
76.60000000000001,24.118805122584302,24.115192956661,24.0,1.0,0.8705846246442681,0.5021498785888913,0.027158553023803385
76.7,24.115192956661,24.111646350512697,24.0,1.0,0.8690836233665845,0.5021498785888913,0.027158553023803385
76.80000000000001,24.111646350512697,24.10816631307504,24.0,1.0,0.8676059108528419,0.5021498785888913,0.027158553023803385
76.9,24.10816631307504,24.104753804545656,24.0,1.0,0.866152174530941,0.5021498785888913,0.027158553023803385
77.0,24.104753804545656,24.101478541464576,24.0,1.0,0.8647230799627476,0.5021498785888913,0.027158553023803385
77.10000000000001,24.101478541464576,24.098271269808944,24.0,1.0,0.8633540080391514,0.5021498785888913,0.027158553023803385
77.2,24.098271269808944,24.09513274724065,24.0,1.0,0.8620103675158561,0.5021498785888913,0.027158553023803385
77.30000000000001,24.09513274724065,24.092063684021834,24.0,1.0,0.860692725565263,0.5021498785888913,0.027158553023803385
77.4,24.092063684021834,24.089064743460256,24.0,1.0,0.8594016274869599,0.5021498785888913,0.027158553023803385
77.5,24.089064743460256,24.08613654235297,24.0,1.0,0.8581375968038496,0.5021498785888913,0.027158553023803385
77.60000000000001,24.08613654235297,24.08327965142813,24.0,1.0,0.8569011353586209,0.5021498785888913,0.027158553023803385
77.7,24.08327965142813,24.080494595784717,24.0,1.0,0.8556927234104809,0.5021498785888913,0.027158553023803385
77.80000000000001,24.080494595784717,24.07778185533015,24.0,1.0,0.8545128197320536,0.5021498785888913,0.027158553023803385
77.9,24.07778185533015,24.07514186521549,24.0,1.0,0.8533618617063775,0.5021498785888913,0.027158553023803385
78.0,24.07514186521549,24.072575016268164,24.0,1.0,0.8512568284078423,0.4890786103245687,0.02699385948831501
78.10000000000001,24.072575016268164,24.0700851135542,24.0,1.0,0.8501973454709222,0.4890786103245687,0.02699385948831501
78.2,24.0700851135542,24.067672447546812,24.0,1.0,0.8491687740824834,0.4890786103245687,0.02699385948831501
78.30000000000001,24.067672447546812,24.06533726434546,24.0,1.0,0.8481714647984439,0.4890786103245687,0.02699385948831501
78.4,24.06533726434546,24.063079766104803,24.0,1.0,0.847205747136782,0.4890786103245687,0.02699385948831501
78.5,24.063079766104803,24.060900111460167,24.0,1.0,0.8462719296687107,0.4890786103245687,0.02699385948831501
78.60000000000001,24.060900111460167,24.058798415949408,24.0,1.0,0.8453703001092827,0.4890786103245687,0.02699385948831501
78.7,24.058798415949408,24.05677475243103,24.0,1.0,0.8445011254073824,0.4890786103245687,0.02699385948831501
78.80000000000001,24.05677475243103,24.054829151498478,24.0,1.0,0.8436646518350097,0.4890786103245687,0.02699385948831501
78.9,24.054829151498478,24.05296160189046,24.0,1.0,0.8428611050758128,0.4890786103245687,0.02699385948831501
79.0,24.05296160189046,24.05108785772123,24.0,1.0,0.8420906903127817,0.4890786103245687,0.02699385948831501
79.10000000000001,24.05108785772123,24.04929422738841,24.0,1.0,0.8413121879636808,0.4890786103245687,0.02699385948831501
79.2,24.04929422738841,24.04758044893958,24.0,1.0,0.8405680258778383,0.4890786103245687,0.02699385948831501
79.30000000000001,24.04758044893958,24.0459462188549,24.0,1.0,0.839858291490988,0.4890786103245687,0.02699385948831501
79.4,24.0459462188549,24.044391192477335,24.0,1.0,0.8391830510898013,0.4890786103245687,0.02699385948831501
79.5,24.044391192477335,24.042914984437964,24.0,1.0,0.8385423499112682,0.4890786103245687,0.02699385948831501
79.60000000000001,24.042914984437964,24.04151716907629,24.0,1.0,0.8379362122408088,0.4890786103245687,0.02699385948831501
79.7,24.04151716907629,24.040197280855427,24.0,1.0,0.8373646415090709,0.4890786103245687,0.02699385948831501
79.80000000000001,24.040197280855427,24.038954814772094,24.0,1.0,0.8368276203873499,0.4890786103245687,0.02699385948831501
79.9,24.038954814772094,24.03778922676132,24.0,1.0,0.836325110881573,0.4890786103245687,0.02699385948831501
80.0,24.03778922676132,24.036699934095797,24.0,1.0,0.8355329728509782,0.48052640964384713,0.026755557978584345
80.10000000000001,24.036699934095797,24.035685889792752,24.0,1.0,0.8351077316788144,0.48052640964384713,0.026755557978584345
80.2,24.035685889792752,24.034746447432667,24.0,1.0,0.8347159361999894,0.48052640964384713,0.026755557978584345
80.30000000000001,24.034746447432667,24.033880922981194,24.0,1.0,0.8343574753945137,0.48052640964384713,0.026755557978584345
80.4,24.033880922981194,24.033088595857027,24.0,1.0,0.8340322183373073,0.48052640964384713,0.026755557978584345
80.5,24.033088595857027,24.032368709991886,24.0,1.0,0.8337400146135565,0.48052640964384713,0.026755557978584345
80.60000000000001,24.032368709991886,24.031720474882583,24.0,1.0,0.8334806947331147,0.48052640964384713,0.026755557978584345
80.7,24.031720474882583,24.031143066635128,24.0,1.0,0.8332540705439193,0.48052640964384713,0.026755557978584345
80.80000000000001,24.031143066635128,24.03063562900083,24.0,1.0,0.8330599356443698,0.48052640964384713,0.026755557978584345
80.9,24.03063562900083,24.03019727440435,24.0,1.0,0.8328980657946368,0.48052640964384713,0.026755557978584345
81.0,24.03019727440435,24.029845630931217,24.0,1.0,0.8327682193268519,0.48052640964384713,0.026755557978584345
81.10000000000001,24.029845630931217,24.029560581553152,24.0,1.0,0.8326790990021107,0.48052640964384713,0.026755557978584345
81.2,24.029560581553152,24.02934104798933,24.0,1.0,0.8326212162332609,0.48052640964384713,0.026755557978584345
81.30000000000001,24.02934104798933,24.02918592460212,24.0,1.0,0.8325942281691043,0.48052640964384713,0.026755557978584345
81.4,24.02918592460212,24.02909407942623,24.0,1.0,0.832597775854582,0.48052640964384713,0.026755557978584345
81.5,24.02909407942623,24.029064355189412,24.0,1.0,0.83263148465486,0.48052640964384713,0.026755557978584345
81.60000000000001,24.029064355189412,24.029095570324824,24.0,1.0,0.8326949646781007,0.48052640964384713,0.026755557978584345
81.7,24.029095570324824,24.02918651997493,24.0,1.0,0.8327878111969212,0.48052640964384713,0.026755557978584345
81.80000000000001,24.02918651997493,24.029335976987046,24.0,1.0,0.8329096050684842,0.48052640964384713,0.026755557978584345
81.9,24.029335976987046,24.02954269290043,24.0,1.0,0.8330599131532248,0.48052640964384713,0.026755557978584345
82.0,24.02954269290043,24.029805398925053,24.0,1.0,0.8334035255439813,0.48613491710668993,0.02660201686465923
82.10000000000001,24.029805398925053,24.030121420895558,24.0,1.0,0.8336105244879702,0.48613491710668993,0.02660201686465923
82.2,24.030121420895558,24.03048947818045,24.0,1.0,0.8338442828570708,0.48613491710668993,0.02660201686465923
82.30000000000001,24.03048947818045,24.030908273905133,24.0,1.0,0.834104316516027,0.48613491710668993,0.02660201686465923
82.4,24.030908273905133,24.031376495905665,24.0,1.0,0.8343901299832992,0.48613491710668993,0.02660201686465923
82.5,24.031376495905665,24.031892817673892,24.0,1.0,0.8347012168540386,0.48613491710668993,0.02660201686465923
82.60000000000001,24.031892817673892,24.032455899294042,24.0,1.0,0.8350370602213985,0.48613491710668993,0.02660201686465923
82.7,24.032455899294042,24.033064388370775,24.0,1.0,0.8353971330961723,0.48613491710668993,0.02660201686465923
82.80000000000001,24.033064388370775,24.033716920948752,24.0,1.0,0.8357808988247559,0.48613491710668993,0.02660201686465923
82.9,24.033716920948752,24.03441212242373,24.0,1.0,0.8361878115054304,0.48613491710668993,0.02660201686465923
83.0,24.03441212242373,24.0351878477459,24.0,1.0,0.8366173164029485,0.48613491710668993,0.02660201686465923
83.10000000000001,24.0351878477459,24.036001977667425,24.0,1.0,0.8370880303400546,0.48613491710668993,0.02660201686465923
83.2,24.036001977667425,24.036853087268643,24.0,1.0,0.8375795798436768,0.48613491710668993,0.02660201686465923
83.30000000000001,24.036853087268643,24.03773974474946,24.0,1.0,0.8380913705840171,0.48613491710668993,0.02660201686465923
83.4,24.03773974474946,24.038660512303093,24.0,1.0,0.8386228010775848,0.48613491710668993,0.02660201686465923
83.5,24.038660512303093,24.03961394698181,24.0,1.0,0.8391732630959734,0.48613491710668993,0.02660201686465923
83.60000000000001,24.03961394698181,24.040598601554734,24.0,1.0,0.8397421420730468,0.48613491710668993,0.02660201686465923
83.7,24.040598601554734,24.041613025357776,24.0,1.0,0.8403288175105582,0.48613491710668993,0.02660201686465923
83.80000000000001,24.041613025357776,24.04265576513577,24.0,1.0,0.8409326633821969,0.48613491710668993,0.02660201686465923
83.9,24.04265576513577,24.04372536587687,24.0,1.0,0.8415530485360873,0.48613491710668993,0.02660201686465923
84.0,24.04372536587687,24.044820371639307,24.0,1.0,0.8422975951044348,0.4886054287629661,0.02665552873583833
84.10000000000001,24.044820371639307,24.04594097841104,24.0,1.0,0.8429520919349065,0.4886054287629661,0.02665552873583833
84.2,24.04594097841104,24.047085688324277,24.0,1.0,0.8436220845941019,0.4886054287629661,0.02665552873583833
84.30000000000001,24.047085688324277,24.04825300749318,24.0,1.0,0.8443069054638861,0.4886054287629661,0.02665552873583833
84.4,24.04825300749318,24.049441446837847,24.0,1.0,0.8450058848896939,0.4886054287629661,0.02665552873583833
84.5,24.049441446837847,24.050649522900226,24.0,1.0,0.8457183515959461,0.4886054287629661,0.02665552873583833
84.60000000000001,24.050649522900226,24.051875758652056,24.0,1.0,0.8464436330996957,0.4886054287629661,0.02665552873583833
84.7,24.051875758652056,24.053118684294898,24.0,1.0,0.8471810561225273,0.4886054287629661,0.02665552873583833
84.80000000000001,24.053118684294898,24.054376838052384,24.0,1.0,0.8479299470007318,0.4886054287629661,0.02665552873583833
84.9,24.054376838052384,24.055648766954754,24.0,1.0,0.8486896320937852,0.4886054287629661,0.02665552873583833
85.0,24.055648766954754,24.056945958524533,24.0,1.0,0.8494594381911511,0.4886054287629661,0.02665552873583833
85.10000000000001,24.056945958524533,24.058253647517923,24.0,1.0,0.850245045497675,0.4886054287629661,0.02665552873583833
85.2,24.058253647517923,24.05957044709007,24.0,1.0,0.8510392676165167,0.4886054287629661,0.02665552873583833
85.30000000000001,24.05957044709007,24.060894981742763,24.0,1.0,0.8518414512124826,0.4886054287629661,0.02665552873583833
85.4,24.060894981742763,24.062225888062038,24.0,1.0,0.8526509448279439,0.4886054287629661,0.02665552873583833
85.5,24.062225888062038,24.06356181543557,24.0,1.0,0.8534670992754516,0.4886054287629661,0.02665552873583833
85.60000000000001,24.06356181543557,24.064901426749927,24.0,1.0,0.8542892680223768,0.4886054287629661,0.02665552873583833
85.7,24.064901426749927,24.06624339906785,24.0,1.0,0.855116807567577,0.4886054287629661,0.02665552873583833
85.80000000000001,24.06624339906785,24.067586424285725,24.0,1.0,0.8559490778101055,0.4886054287629661,0.02665552873583833
85.9,24.067586424285725,24.06892920977133,24.0,1.0,0.8567854424099945,0.4886054287629661,0.02665552873583833
86.0,24.06892920977133,24.070270478982064,24.0,1.0,0.8578980365570004,0.4925586164997454,0.02669575973839464
86.10000000000001,24.070270478982064,24.07160861450049,24.0,1.0,0.8587462826461538,0.4925586164997454,0.02669575973839464
86.2,24.07160861450049,24.07294238557229,24.0,1.0,0.8595965574625899,0.4925586164997454,0.02669575973839464
86.30000000000001,24.07294238557229,24.07427058126137,24.0,1.0,0.860448243136441,0.4925586164997454,0.02669575973839464
86.4,24.07427058126137,24.07559201099357,24.0,1.0,0.8613007283267936,0.4925586164997454,0.02669575973839464
86.5,24.07559201099357,24.076905505080745,24.0,1.0,0.8621534085438507,0.4925586164997454,0.02669575973839464
86.60000000000001,24.076905505080745,24.078209915225337,24.0,1.0,0.8630056864628295,0.4925586164997454,0.02669575973839464
86.7,24.078209915225337,24.079504115005633,24.0,1.0,0.8638569722295993,0.4925586164997454,0.02669575973839464
86.80000000000001,24.079504115005633,24.08078700034185,24.0,1.0,0.864706683758097,0.4925586164997454,0.02669575973839464
86.9,24.08078700034185,24.082057489943157,24.0,1.0,0.8655542470195428,0.4925586164997454,0.02669575973839464
87.0,24.082057489943157,24.083307932759553,24.0,1.0,0.8663990963234657,0.4925586164997454,0.02669575973839464
87.10000000000001,24.083307932759553,24.08454387967406,24.0,1.0,0.8672374095628467,0.4925586164997454,0.02669575973839464
87.2,24.08454387967406,24.08576433527978,24.0,1.0,0.8680718821750374,0.4925586164997454,0.02669575973839464
87.30000000000001,24.08576433527978,24.086968328451494,24.0,1.0,0.8689019825085647,0.4925586164997454,0.02669575973839464
87.4,24.086968328451494,24.08815491267729,24.0,1.0,0.8697271882796184,0.4925586164997454,0.02669575973839464
87.5,24.08815491267729,24.089323166371646,24.0,1.0,0.8705469868010958,0.4925586164997454,0.02669575973839464
87.60000000000001,24.089323166371646,24.09047219317013,24.0,1.0,0.8713608752033615,0.4925586164997454,0.02669575973839464
87.7,24.09047219317013,24.09160112220591,24.0,1.0,0.8721683606467311,0.4925586164997454,0.02669575973839464
87.80000000000001,24.09160112220591,24.09270910836818,24.0,1.0,0.8729689605257386,0.4925586164997454,0.02669575973839464
87.9,24.09270910836818,24.09379533254272,24.0,1.0,0.8737622026651835,0.4925586164997454,0.02669575973839464
88.0,24.09379533254272,24.09485900183468,24.0,1.0,0.8749339862626869,0.49666849193150964,0.026788901029568872
88.10000000000001,24.09485900183468,24.095898584489472,24.0,1.0,0.8757163941270311,0.49666849193150964,0.026788901029568872
88.2,24.095898584489472,24.096913369297123,24.0,1.0,0.8764896238453005,0.49666849193150964,0.026788901029568872
88.30000000000001,24.096913369297123,24.097902672308702,24.0,1.0,0.8772532557512059,0.49666849193150964,0.026788901029568872
88.4,24.097902672308702,24.09886583698577,24.0,1.0,0.878006881885931,0.49666849193150964,0.026788901029568872
88.5,24.09886583698577,24.099802234332806,24.0,1.0,0.8787501061457933,0.49666849193150964,0.026788901029568872
88.60000000000001,24.099802234332806,24.100711263012712,24.0,1.0,0.8794825444218017,0.49666849193150964,0.026788901029568872
88.7,24.100711263012712,24.10159234944555,24.0,1.0,0.8802038247311145,0.49666849193150964,0.026788901029568872
88.80000000000001,24.10159234944555,24.102444947890675,24.0,1.0,0.880913587340439,0.49666849193150964,0.026788901029568872
88.9,24.102444947890675,24.103268540512406,24.0,1.0,0.8816114848814045,0.49666849193150964,0.026788901029568872
89.0,24.103268540512406,24.104058317916788,24.0,1.0,0.8822971824579313,0.49666849193150964,0.026788901029568872
89.10000000000001,24.104058317916788,24.10481804175745,24.0,1.0,0.8829682008083249,0.49666849193150964,0.026788901029568872
89.2,24.10481804175745,24.10554724364102,24.0,1.0,0.8836263277172265,0.49666849193150964,0.026788901029568872
89.30000000000001,24.10554724364102,24.106245484148324,24.0,1.0,0.8842712487834367,0.49666849193150964,0.026788901029568872
89.4,24.106245484148324,24.10691235277113,24.0,1.0,0.8849026628191741,0.49666849193150964,0.026788901029568872
89.5,24.10691235277113,24.107547467832624,24.0,1.0,0.8855202818961013,0.49666849193150964,0.026788901029568872
89.60000000000001,24.107547467832624,24.10815047639181,24.0,1.0,0.8861238313830722,0.49666849193150964,0.026788901029568872
89.7,24.10815047639181,24.108721054131895,24.0,1.0,0.8867130499756206,0.49666849193150964,0.026788901029568872
89.80000000000001,24.108721054131895,24.10925890523293,24.0,1.0,0.8872876897172152,0.49666849193150964,0.026788901029568872
89.9,24.10925890523293,24.10976376222874,24.0,1.0,0.8878475160123389,0.49666849193150964,0.026788901029568872
90.0,24.10976376222874,24.110235385848355,24.0,1.0,0.888745816065188,0.49987819744559225,0.026898142996538837
90.10000000000001,24.110235385848355,24.110673311373052,24.0,1.0,0.8892780831472161,0.49987819744559225,0.026898142996538837
90.2,24.110673311373052,24.111077363140335,24.0,1.0,0.8897946832246383,0.49987819744559225,0.026898142996538837
90.30000000000001,24.111077363140335,24.111447392432012,24.0,1.0,0.8902954373734853,0.49987819744559225,0.026898142996538837
90.4,24.111447392432012,24.11178327726489,24.0,1.0,0.8907801797386335,0.49987819744559225,0.026898142996538837
90.5,24.11178327726489,24.11208492216687,24.0,1.0,0.8912487575010916,0.49987819744559225,0.026898142996538837
90.60000000000001,24.11208492216687,24.11235225793876,24.0,1.0,0.8917010308373807,0.49987819744559225,0.026898142996538837
90.7,24.11235225793876,24.11258524140232,24.0,1.0,0.8921368728711485,0.49987819744559225,0.026898142996538837
90.80000000000001,24.11258524140232,24.112783855134797,24.0,1.0,0.8925561696172022,0.49987819744559225,0.026898142996538837
90.9,24.112783855134797,24.11294810719039,24.0,1.0,0.8929588199180918,0.49987819744559225,0.026898142996538837
91.0,24.11294810719039,24.113067147343774,24.0,1.0,0.8933447353734084,0.49987819744559225,0.026898142996538837
91.10000000000001,24.113067147343774,24.11315174862176,24.0,1.0,0.8937083705804513,0.49987819744559225,0.026898142996538837
91.2,24.11315174862176,24.113202001842403,24.0,1.0,0.8940550181062665,0.49987819744559225,0.026898142996538837
91.30000000000001,24.113202001842403,24.113218022023904,24.0,1.0,0.8943846309589223,0.49987819744559225,0.026898142996538837
91.4,24.113218022023904,24.11319994800342,24.0,1.0,0.8946971745529924,0.49987819744559225,0.026898142996538837
91.5,24.11319994800342,24.11314794204489,24.0,1.0,0.8949926265830715,0.49987819744559225,0.026898142996538837
91.60000000000001,24.11314794204489,24.113062189436324,24.0,1.0,0.8952709768907539,0.49987819744559225,0.026898142996538837
91.7,24.113062189436324,24.11294289807688,24.0,1.0,0.8955322273252537,0.49987819744559225,0.026898142996538837
91.80000000000001,24.11294289807688,24.112790298054147,24.0,1.0,0.895776391597816,0.49987819744559225,0.026898142996538837
91.9,24.112790298054147,24.112604641211984,24.0,1.0,0.89600349513009,0.49987819744559225,0.026898142996538837
92.0,24.112604641211984,24.112386200709327,24.0,1.0,0.8964209047406722,0.5017099818698273,0.026992492231743805
92.10000000000001,24.112386200709327,24.112135400845425,24.0,1.0,0.8966146693250047,0.5017099818698273,0.026992492231743805
92.2,24.112135400845425,24.11185255625493,24.0,1.0,0.8967915219234556,0.5017099818698273,0.026992492231743805
92.30000000000001,24.11185255625493,24.111538001216232,24.0,1.0,0.8969515338946681,0.5017099818698273,0.026992492231743805
92.4,24.111538001216232,24.111192089179706,24.0,1.0,0.8970947873550427,0.5017099818698273,0.026992492231743805
92.5,24.111192089179706,24.11081519228919,24.0,1.0,0.8972213749938103,0.5017099818698273,0.026992492231743805
92.60000000000001,24.11081519228919,24.11040770089703,24.0,1.0,0.8973313998834058,0.5017099818698273,0.026992492231743805
92.7,24.11040770089703,24.109970023073064,24.0,1.0,0.897424975285312,0.5017099818698273,0.026992492231743805
92.80000000000001,24.109970023073064,24.10950258410791,24.0,1.0,0.8975022244515368,0.5017099818698273,0.026992492231743805
92.9,24.10950258410791,24.109005826010918,24.0,1.0,0.8975632804218937,0.5017099818698273,0.026992492231743805
93.0,24.109005826010918,24.108464791144677,24.0,1.0,0.8976082858172391,0.5017099818698273,0.026992492231743805
93.10000000000001,24.108464791144677,24.10789523649706,24.0,1.0,0.8976296167275452,0.5017099818698273,0.026992492231743805
93.2,24.10789523649706,24.107297670520634,24.0,1.0,0.897635101608915,0.5017099818698273,0.026992492231743805
93.30000000000001,24.107297670520634,24.10667261587679,24.0,1.0,0.8976249199475168,0.5017099818698273,0.026992492231743805
93.4,24.10667261587679,24.10602060889776,24.0,1.0,0.8975992597690254,0.5017099818698273,0.026992492231743805
93.5,24.10602060889776,24.105342199045424,24.0,1.0,0.8975583174056062,0.5017099818698273,0.026992492231743805
93.60000000000001,24.105342199045424,24.10463794836721,24.0,1.0,0.8975022972598303,0.5017099818698273,0.026992492231743805
93.7,24.10463794836721,24.1039084309495,24.0,1.0,0.8974314115656761,0.5017099818698273,0.026992492231743805
93.80000000000001,24.1039084309495,24.103154232368833,24.0,1.0,0.8973458801467847,0.5017099818698273,0.026992492231743805
93.9,24.103154232368833,24.102375949141226,24.0,1.0,0.8972459301721416,0.5017099818698273,0.026992492231743805
94.0,24.102375949141226,24.101574188169966,24.0,1.0,0.8971326485173623,0.5017128008916333,0.02704758407837825
94.10000000000001,24.101574188169966,24.100749652254354,24.0,1.0,0.8970051284142978,0.5017128008916333,0.02704758407837825
94.2,24.100749652254354,24.09990296935556,24.0,1.0,0.896863951659662,0.5017128008916333,0.02704758407837825
94.30000000000001,24.09990296935556,24.09903477684745,24.0,1.0,0.8967093734073741,0.5017128008916333,0.02704758407837825
94.4,24.09903477684745,24.09814572094241,24.0,1.0,0.896541655257763,0.5017128008916333,0.02704758407837825
94.5,24.09814572094241,24.097236456118214,24.0,1.0,0.8963610649934076,0.5017128008916333,0.02704758407837825
94.60000000000001,24.097236456118214,24.096307644546254,24.0,1.0,0.8961678763139428,0.5017128008916333,0.02704758407837825
94.7,24.096307644546254,24.09535995552141,24.0,1.0,0.8959623685699999,0.5017128008916333,0.02704758407837825
94.80000000000001,24.09535995552141,24.094394064893955,24.0,1.0,0.8957448264964385,0.5017128008916333,0.02704758407837825
94.9,24.094394064893955,24.09341065450374,24.0,1.0,0.8955155399450548,0.5017128008916333,0.02704758407837825
95.0,24.09341065450374,24.09239630657167,24.0,1.0,0.8952748036169044,0.5017128008916333,0.02704758407837825
95.10000000000001,24.09239630657167,24.091365780175842,24.0,1.0,0.8950158019618796,0.5017128008916333,0.02704758407837825
95.2,24.091365780175842,24.090319781122773,24.0,1.0,0.894745896039556,0.5017128008916333,0.02704758407837825
95.30000000000001,24.090319781122773,24.08925901883785,24.0,1.0,0.8944653981122966,0.5017128008916333,0.02704758407837825
95.4,24.08925901883785,24.08818420582584,24.0,1.0,0.8941746241769252,0.5017128008916333,0.02704758407837825
95.5,24.08818420582584,24.08709605713537,24.0,1.0,0.8938738937023806,0.5017128008916333,0.02704758407837825
95.60000000000001,24.08709605713537,24.085995289827732,24.0,1.0,0.8935635293679243,0.5017128008916333,0.02704758407837825
95.7,24.085995289827732,24.084882622450248,24.0,1.0,0.8932438568020757,0.5017128008916333,0.02704758407837825
95.80000000000001,24.084882622450248,24.083758774514497,24.0,1.0,0.8929152043224092,0.5017128008916333,0.02704758407837825
95.9,24.083758774514497,24.08262446597968,24.0,1.0,0.8925779026763853,0.5017128008916333,0.02704758407837825
96.0,24.08262446597968,24.08148041674138,24.0,1.0,0.8920662710411976,0.4997031786588437,0.02705124178959067
96.10000000000001,24.08148041674138,24.080327564367163,24.0,1.0,0.8917150006457144,0.4997031786588437,0.02705124178959067
96.2,24.080327564367163,24.07916663057417,24.0,1.0,0.8913562126864013,0.4997031786588437,0.02705124178959067
96.30000000000001,24.07916663057417,24.077998335354938,24.0,1.0,0.8909902459463637,0.4997031786588437,0.02705124178959067
96.4,24.077998335354938,24.07682339649099,24.0,1.0,0.8906174402945879,0.4997031786588437,0.02705124178959067
96.5,24.07682339649099,24.075642529073896,24.0,1.0,0.8902381364369012,0.4997031786588437,0.02705124178959067
96.60000000000001,24.075642529073896,24.074456445034002,24.0,1.0,0.8898526756693598,0.4997031786588437,0.02705124178959067
96.7,24.074456445034002,24.073265852677114,24.0,1.0,0.8894613996342091,0.4997031786588437,0.02705124178959067
96.80000000000001,24.073265852677114,24.07207145622926,24.0,1.0,0.8890646500785542,0.4997031786588437,0.02705124178959067
96.9,24.07207145622926,24.0708739553898,24.0,1.0,0.8886627686158411,0.4997031786588437,0.02705124178959067
97.0,24.0708739553898,24.06966577239775,24.0,1.0,0.8882560964902997,0.4997031786588437,0.02705124178959067
97.10000000000001,24.06966577239775,24.068455884004347,24.0,1.0,0.8878408181741306,0.4997031786588437,0.02705124178959067
97.2,24.068455884004347,24.067244973506362,24.0,1.0,0.8874214147651363,0.4997031786588437,0.02705124178959067
97.30000000000001,24.067244973506362,24.066033717945395,24.0,1.0,0.8869982249439673,0.4997031786588437,0.02705124178959067
97.4,24.066033717945395,24.064822787709826,24.0,1.0,0.8865715860970242,0.4997031786588437,0.02705124178959067
97.5,24.064822787709826,24.063612846146142,24.0,1.0,0.8861418340995577,0.4997031786588437,0.02705124178959067
97.60000000000001,24.063612846146142,24.062404549179774,24.0,1.0,0.885709303102396,0.4997031786588437,0.02705124178959067
97.7,24.062404549179774,24.061198544945558,24.0,1.0,0.8852743253224014,0.4997031786588437,0.02705124178959067
97.80000000000001,24.061198544945558,24.05999547342796,24.0,1.0,0.8848372308367368,0.4997031786588437,0.02705124178959067
97.9,24.05999547342796,24.05879596611121,24.0,1.0,0.8843983473810374,0.4997031786588437,0.02705124178959067
98.0,24.05879596611121,24.057600645639393,24.0,1.0,0.8838484791263949,0.49784373331349263,0.027018392651874792
98.10000000000001,24.057600645639393,24.05641043574643,24.0,1.0,0.883409024006289,0.49784373331349263,0.027018392651874792
98.2,24.05641043574643,24.05522594320239,24.0,1.0,0.8829688974000149,0.49784373331349263,0.027018392651874792
98.30000000000001,24.05522594320239,24.054047764589548,24.0,1.0,0.8825284168316103,0.49784373331349263,0.027018392651874792
98.4,24.054047764589548,24.052876486012444,24.0,1.0,0.882087896365046,0.49784373331349263,0.027018392651874792
98.5,24.052876486012444,24.05171268281873,24.0,1.0,0.8816476464315841,0.49784373331349263,0.027018392651874792
98.60000000000001,24.05171268281873,24.050556919330806,24.0,1.0,0.881207973661732,0.49784373331349263,0.027018392651874792
98.7,24.050556919330806,24.049409748588317,24.0,1.0,0.8807691807218503,0.49784373331349263,0.027018392651874792
98.80000000000001,24.049409748588317,24.04827171210163,24.0,1.0,0.8803315661554809,0.49784373331349263,0.027018392651874792
98.9,24.04827171210163,24.047143339616227,24.0,1.0,0.8798954242294559,0.49784373331349263,0.027018392651874792
99.0,24.047143339616227,24.046025114868954,24.0,1.0,0.8794610447848213,0.49784373331349263,0.027018392651874792
99.10000000000001,24.046025114868954,24.044917555364215,24.0,1.0,0.8790286960644931,0.49784373331349263,0.027018392651874792
99.2,24.044917555364215,24.04382115281156,24.0,1.0,0.8785986645205663,0.49784373331349263,0.027018392651874792
99.30000000000001,24.04382115281156,24.042736386287448,24.0,1.0,0.8781712250918503,0.49784373331349263,0.027018392651874792
99.4,24.042736386287448,24.041663722041033,24.0,1.0,0.8777466477222364,0.49784373331349263,0.027018392651874792
99.5,24.041663722041033,24.040603613311475,24.0,1.0,0.8773251972293536,0.49784373331349263,0.027018392651874792
99.60000000000001,24.040603613311475,24.03955650015673,24.0,1.0,0.8769071331784658,0.49784373331349263,0.027018392651874792
99.7,24.03955650015673,24.038522809293827,24.0,1.0,0.8764927097616232,0.49784373331349263,0.027018392651874792
99.80000000000001,24.038522809293827,24.037502953950558,24.0,1.0,0.8760821756820982,0.49784373331349263,0.027018392651874792
99.9,24.037502953950558,24.036497333728597,24.0,1.0,0.8756757740441095,0.49784373331349263,0.027018392651874792
100.0,24.036497333728597,24.035506334477986,24.0,1.0,0.8752315105990325,0.4966905511581829,0.02697905420258816
100.10000000000001,24.035506334477986,24.034530612065907,24.0,1.0,0.8748350833672909,0.4966905511581829,0.02697905420258816
100.2,24.034530612065907,24.03357052538089,24.0,1.0,0.8744436115901154,0.4966905511581829,0.02697905420258816
100.30000000000001,24.03357052538089,24.032626419062176,24.0,1.0,0.8740573157077596,0.4966905511581829,0.02697905420258816
100.4,24.032626419062176,24.031698623421796,24.0,1.0,0.8736764100127978,0.4966905511581829,0.02697905420258816
100.5,24.031698623421796,24.03078745437747,24.0,1.0,0.8733011025727601,0.4966905511581829,0.02697905420258816
100.60000000000001,24.03078745437747,24.02989321339632,24.0,1.0,0.8729315951579766,0.4966905511581829,0.02697905420258816
100.7,24.02989321339632,24.029016187449262,24.0,1.0,0.8725680831746316,0.4966905511581829,0.02697905420258816
100.80000000000001,24.029016187449262,24.028156648976008,24.0,1.0,0.8722107556030017,0.4966905511581829,0.02697905420258816
100.9,24.028156648976008,24.027314855860595,24.0,1.0,0.8718597949408683,0.4966905511581829,0.02697905420258816
101.0,24.027314855860595,24.026497675393273,24.0,1.0,0.8715153771520927,0.4966905511581829,0.02697905420258816
101.10000000000001,24.026497675393273,24.025698586377786,24.0,1.0,0.8711809795574504,0.4966905511581829,0.02697905420258816
101.2,24.025698586377786,24.024917798534688,24.0,1.0,0.8708534119494051,0.4966905511581829,0.02697905420258816
101.30000000000001,24.024917798534688,24.02415550702105,24.0,1.0,0.8705328278690068,0.4966905511581829,0.02697905420258816
101.4,24.02415550702105,24.02341189245976,24.0,1.0,0.870219374150276,0.4966905511581829,0.02697905420258816
101.5,24.02341189245976,24.022687120978627,24.0,1.0,0.869913190895545,0.4966905511581829,0.02697905420258816
101.60000000000001,24.022687120978627,24.021981344259125,24.0,1.0,0.8696144114557764,0.4966905511581829,0.02697905420258816
101.7,24.021981344259125,24.02129469959463,24.0,1.0,0.8693231624157931,0.4966905511581829,0.02697905420258816
101.80000000000001,24.02129469959463,24.020627309958,24.0,1.0,0.8690395635843948,0.4966905511581829,0.02697905420258816
101.9,24.020627309958,24.01997928407833,24.0,1.0,0.8687637279892816,0.4966905511581829,0.02697905420258816
102.0,24.01997928407833,24.019350716526723,24.0,1.0,0.8684921936619815,0.49651539711847326,0.026944637327232474
102.10000000000001,24.019350716526723,24.018741853642798,24.0,1.0,0.8682322399983623,0.49651539711847326,0.026944637327232474
102.2,24.018741853642798,24.018152761741007,24.0,1.0,0.8679804294466837,0.49651539711847326,0.026944637327232474
102.30000000000001,24.018152761741007,24.017583493291642,24.0,1.0,0.8677368482052867,0.49651539711847326,0.026944637327232474
102.4,24.017583493291642,24.017034087041523,24.0,1.0,0.8675015757400524,0.49651539711847326,0.026944637327232474
102.5,24.017034087041523,24.016504568142743,24.0,1.0,0.8672746848073484,0.49651539711847326,0.026944637327232474
102.60000000000001,24.016504568142743,24.015994948289276,24.0,1.0,0.8670562414813238,0.49651539711847326,0.026944637327232474
102.7,24.015994948289276,24.015505225861258,24.0,1.0,0.8668463051854722,0.49651539711847326,0.026944637327232474
102.80000000000001,24.015505225861258,24.015035386076775,24.0,1.0,0.8666449287283979,0.49651539711847326,0.026944637327232474
102.9,24.015035386076775,24.01458540115093,24.0,1.0,0.8664521583437148,0.49651539711847326,0.026944637327232474
103.0,24.01458540115093,24.01415960036916,24.0,1.0,0.8662680337339906,0.49651539711847326,0.026944637327232474
103.10000000000001,24.01415960036916,24.013753457610093,24.0,1.0,0.8660947696194015,0.49651539711847326,0.026944637327232474
103.2,24.013753457610093,24.01336690162134,24.0,1.0,0.8659301716788257,0.49651539711847326,0.026944637327232474
103.30000000000001,24.01336690162134,24.01299984883662,24.0,1.0,0.8657742573101984,0.49651539711847326,0.026944637327232474
103.4,24.01299984883662,24.01265220357525,24.0,1.0,0.865627037572252,0.49651539711847326,0.026944637327232474
103.5,24.01265220357525,24.012323858247484,24.0,1.0,0.8654885172509186,0.49651539711847326,0.026944637327232474
103.60000000000001,24.012323858247484,24.012014693565575,24.0,1.0,0.8653586949292059,0.49651539711847326,0.026944637327232474
103.7,24.012014693565575,24.011724578760294,24.0,1.0,0.8652375630604652,0.49651539711847326,0.026944637327232474
103.80000000000001,24.011724578760294,24.01145337180268,24.0,1.0,0.865125108044962,0.49651539711847326,0.026944637327232474
103.9,24.01145337180268,24.01120091963086,24.0,1.0,0.865021310309641,0.49651539711847326,0.026944637327232474
104.0,24.01120091963086,24.010967058381645,24.0,1.0,0.8649340183454567,0.4972203282502179,0.026925065265128223
104.10000000000001,24.010967058381645,24.010751614306187,24.0,1.0,0.8648472666546269,0.4972203282502179,0.026925065265128223
104.2,24.010751614306187,24.010554403092723,24.0,1.0,0.864769092272398,0.4972203282502179,0.026925065265128223
104.30000000000001,24.010554403092723,24.010375230378646,24.0,1.0,0.8646994526473151,0.4972203282502179,0.026925065265128223
104.4,24.010375230378646,24.010213891999932,24.0,1.0,0.8646382997071169,0.4972203282502179,0.026925065265128223
104.5,24.010213891999932,24.010070174244557,24.0,1.0,0.8645855799563643,0.4972203282502179,0.026925065265128223
104.60000000000001,24.010070174244557,24.0099438541097,24.0,1.0,0.864541234576738,0.4972203282502179,0.026925065265128223
104.7,24.0099438541097,24.00983469956246,24.0,1.0,0.8645051995299089,0.4972203282502179,0.026925065265128223
104.80000000000001,24.00983469956246,24.009742469803907,24.0,1.0,0.8644774056628588,0.4972203282502179,0.026925065265128223
104.9,24.009742469803907,24.009666915536197,24.0,1.0,0.8644577788155675,0.4972203282502179,0.026925065265128223
105.0,24.009666915536197,24.00960946428238,24.0,1.0,0.8644462399309486,0.4972203282502179,0.026925065265128223
105.10000000000001,24.00960946428238,24.009568117080423,24.0,1.0,0.8644435475449641,0.4972203282502179,0.026925065265128223
105.2,24.009568117080423,24.009542595887567,24.0,1.0,0.8644487510933201,0.4972203282502179,0.026925065265128223
105.30000000000001,24.009542595887567,24.0095326152522,24.0,1.0,0.8644617549391377,0.4972203282502179,0.026925065265128223
105.4,24.0095326152522,24.009537882596096,24.0,1.0,0.8644824589931265,0.4972203282502179,0.026925065265128223
105.5,24.009537882596096,24.00955809849833,24.0,1.0,0.8645107588347257,0.4972203282502179,0.026925065265128223
105.60000000000001,24.00955809849833,24.009592956980693,24.0,1.0,0.864546545834859,0.4972203282502179,0.026925065265128223
105.7,24.009592956980693,24.009642145794295,24.0,1.0,0.8645897072801805,0.4972203282502179,0.026925065265128223
105.80000000000001,24.009642145794295,24.009705346707253,24.0,1.0,0.8646401264987065,0.4972203282502179,0.026925065265128223
105.9,24.009705346707253,24.009782235793182,24.0,1.0,0.8646976829867447,0.4972203282502179,0.026925065265128223
106.0,24.009782235793182,24.009872483720297,24.0,1.0,0.8647645719453466,0.4974585762271129,0.026913626626014823
106.10000000000001,24.009872483720297,24.009975624053688,24.0,1.0,0.8648360369847489,0.4974585762271129,0.026913626626014823
106.2,24.009975624053688,24.010091319974606,24.0,1.0,0.8649141930502632,0.4974585762271129,0.026913626626014823
106.30000000000001,24.010091319974606,24.010219230217885,24.0,1.0,0.8649989063801544,0.4974585762271129,0.026913626626014823
106.4,24.010219230217885,24.010359009361718,24.0,1.0,0.8650900400823098,0.4974585762271129,0.026913626626014823
106.5,24.010359009361718,24.010510308116995,24.0,1.0,0.8651874542672049,0.4974585762271129,0.026913626626014823
106.60000000000001,24.010510308116995,24.010672773615962,24.0,1.0,0.8652910061814286,0.4974585762271129,0.026913626626014823
106.7,24.010672773615962,24.01084604970005,24.0,1.0,0.8654005503416471,0.4974585762271129,0.026913626626014823
106.80000000000001,24.01084604970005,24.01102977720664,24.0,1.0,0.8655159386689307,0.4974585762271129,0.026913626626014823
106.9,24.01102977720664,24.01122359425463,24.0,1.0,0.8656370206233245,0.4974585762271129,0.026913626626014823
107.0,24.01122359425463,24.01142727890092,24.0,1.0,0.8657636433385829,0.4974585762271129,0.026913626626014823
107.10000000000001,24.01142727890092,24.01164031986025,24.0,1.0,0.8658957229644951,0.4974585762271129,0.026913626626014823
107.2,24.01164031986025,24.011862345556285,24.0,1.0,0.8660330303390527,0.4974585762271129,0.026913626626014823
107.30000000000001,24.011862345556285,24.012092982826623,24.0,1.0,0.8661754047996099,0.4974585762271129,0.026913626626014823
107.4,24.012092982826623,24.0123318571993,24.0,1.0,0.8663226838901962,0.4974585762271129,0.026913626626014823
107.5,24.0123318571993,24.012578593167056,24.0,1.0,0.8664747034955519,0.4974585762271129,0.026913626626014823
107.60000000000001,24.012578593167056,24.01283281445911,24.0,1.0,0.866631297974774,0.4974585762271129,0.026913626626014823
107.7,24.01283281445911,24.01309414431033,24.0,1.0,0.8667923002944568,0.4974585762271129,0.026913626626014823
107.80000000000001,24.01309414431033,24.01336220572764,24.0,1.0,0.8669575421612659,0.4974585762271129,0.026913626626014823
107.9,24.01336220572764,24.013636621753488,24.0,1.0,0.867126854153847,0.4974585762271129,0.026913626626014823
108.0,24.013636621753488,24.013917015726275,24.0,1.0,0.8673100342460008,0.4981901212612473,0.02690819205667826
108.10000000000001,24.013917015726275,24.0142029244953,24.0,1.0,0.8674871719265064,0.4981901212612473,0.02690819205667826
108.2,24.0142029244953,24.01449397477362,24.0,1.0,0.8676678263528257,0.4981901212612473,0.02690819205667826
108.30000000000001,24.01449397477362,24.014789794441885,24.0,1.0,0.8678518253919628,0.4981901212612473,0.02690819205667826
108.4,24.014789794441885,24.015090012795447,24.0,1.0,0.8680389964912985,0.4981901212612473,0.02690819205667826
108.5,24.015090012795447,24.015394260787602,24.0,1.0,0.8682291668055082,0.4981901212612473,0.02690819205667826
108.60000000000001,24.015394260787602,24.015702171268813,24.0,1.0,0.8684221633221976,0.4981901212612473,0.02690819205667826
108.7,24.015702171268813,24.016013379221818,24.0,1.0,0.8686178129861909,0.4981901212612473,0.02690819205667826
108.80000000000001,24.016013379221818,24.01632752199252,24.0,1.0,0.8688159428223932,0.4981901212612473,0.02690819205667826
108.9,24.01632752199252,24.016644239516534,24.0,1.0,0.8690163800571807,0.4981901212612473,0.02690819205667826
109.0,24.016644239516534,24.01696286036921,24.0,1.0,0.8692189522382301,0.4981901212612473,0.02690819205667826
109.10000000000001,24.01696286036921,24.017283353500655,24.0,1.0,0.8694233299899248,0.4981901212612473,0.02690819205667826
109.2,24.017283353500655,24.017605367336802,24.0,1.0,0.8696295028814818,0.4981901212612473,0.02690819205667826
109.30000000000001,24.017605367336802,24.017928553754874,24.0,1.0,0.8698372998541123,0.4981901212612473,0.02690819205667826
109.4,24.017928553754874,24.018252568286456,24.0,1.0,0.870046550631695,0.4981901212612473,0.02690819205667826
109.5,24.018252568286456,24.01857707031565,24.0,1.0,0.8702570858317723,0.4981901212612473,0.02690819205667826
109.60000000000001,24.01857707031565,24.01890172327225,24.0,1.0,0.8704687370746366,0.4981901212612473,0.02690819205667826
109.7,24.01890172327225,24.019226194819844,24.0,1.0,0.870681337090454,0.4981901212612473,0.02690819205667826
109.80000000000001,24.019226194819844,24.01955015703876,24.0,1.0,0.8708947198243684,0.4981901212612473,0.02690819205667826
109.9,24.01955015703876,24.019873286603847,24.0,1.0,0.8711087205395288,0.4981901212612473,0.02690819205667826
110.0,24.019873286603847,24.020195264956918,24.0,1.0,0.8713424127109822,0.499156773855292,0.026921390134947577
110.10000000000001,24.020195264956918,24.020515744862905,24.0,1.0,0.8715574988476308,0.499156773855292,0.026921390134947577
110.2,24.020515744862905,24.020834418746247,24.0,1.0,0.8717726998007252,0.499156773855292,0.026921390134947577
110.30000000000001,24.020834418746247,24.02115098438135,24.0,1.0,0.8719878571797764,0.499156773855292,0.026921390134947577
110.4,24.02115098438135,24.02146514504356,24.0,1.0,0.8722028144511347,0.499156773855292,0.026921390134947577
110.5,24.02146514504356,24.02177660965454,24.0,1.0,0.8724174170281578,0.499156773855292,0.026921390134947577
110.60000000000001,24.02177660965454,24.022085092922033,24.0,1.0,0.8726315123589777,0.499156773855292,0.026921390134947577
110.7,24.022085092922033,24.022390315473956,24.0,1.0,0.8728449500118395,0.499156773855292,0.026921390134947577
110.80000000000001,24.022390315473956,24.022692003986837,24.0,1.0,0.873057581757977,0.499156773855292,0.026921390134947577
110.9,24.022692003986837,24.02298989130853,24.0,1.0,0.8732692616520031,0.499156773855292,0.026921390134947577
111.0,24.02298989130853,24.023283624030427,24.0,1.0,0.8734798461097797,0.499156773855292,0.026921390134947577
111.10000000000001,24.023283624030427,24.023573040287292,24.0,1.0,0.8736891475402452,0.499156773855292,0.026921390134947577
111.2,24.023573040287292,24.02385789463453,24.0,1.0,0.8738970735267477,0.499156773855292,0.026921390134947577
111.30000000000001,24.02385789463453,24.024137948188823,24.0,1.0,0.8741034892726596,0.499156773855292,0.026921390134947577
111.4,24.024137948188823,24.0244129687203,24.0,1.0,0.8743082626133514,0.499156773855292,0.026921390134947577
111.5,24.0244129687203,24.02468273073896,24.0,1.0,0.8745112640801137,0.499156773855292,0.026921390134947577
111.60000000000001,24.02468273073896,24.024947015575325,24.0,1.0,0.8747123669614392,0.499156773855292,0.026921390134947577
111.7,24.024947015575325,24.02520561145534,24.0,1.0,0.874911447361639,0.499156773855292,0.026921390134947577
111.80000000000001,24.02520561145534,24.02545831356956,24.0,1.0,0.8751083842567979,0.499156773855292,0.026921390134947577
111.9,24.02545831356956,24.025704924136587,24.0,1.0,0.8753030595480554,0.499156773855292,0.026921390134947577
112.0,24.025704924136587,24.025945252460865,24.0,1.0,0.8755197693348642,0.5001041027229747,0.026944812102094692
112.10000000000001,24.025945252460865,24.026179112143566,24.0,1.0,0.8757098675110859,0.5001041027229747,0.026944812102094692
112.2,24.026179112143566,24.026406326859135,24.0,1.0,0.8758973608236373,0.5001041027229747,0.026944812102094692
112.30000000000001,24.026406326859135,24.026626727571905,24.0,1.0,0.8760821431866448,0.5001041027229747,0.026944812102094692
112.4,24.026626727571905,24.026840152571303,24.0,1.0,0.876264111704476,0.5001041027229747,0.026944812102094692
112.5,24.026840152571303,24.02704644750152,24.0,1.0,0.8764431667090812,0.5001041027229747,0.026944812102094692
112.60000000000001,24.02704644750152,24.02724546538569,24.0,1.0,0.8766192117946487,0.5001041027229747,0.026944812102094692
112.7,24.02724546538569,24.027437066644666,24.0,1.0,0.876792153849583,0.5001041027229747,0.026944812102094692
112.80000000000001,24.027437066644666,24.027621119110385,24.0,1.0,0.8769619030858211,0.5001041027229747,0.026944812102094692
112.9,24.027621119110385,24.027797498033916,24.0,1.0,0.8771283730654917,0.5001041027229747,0.026944812102094692
113.0,24.027797498033916,24.027965688347724,24.0,1.0,0.8772914807249264,0.5001041027229747,0.026944812102094692
113.10000000000001,24.027965688347724,24.028125971985904,24.0,1.0,0.8774509464126834,0.5001041027229747,0.026944812102094692
113.2,24.028125971985904,24.028278248064424,24.0,1.0,0.8776068898207718,0.5001041027229747,0.026944812102094692
113.30000000000001,24.028278248064424,24.028422423070545,24.0,1.0,0.8777592389204535,0.5001041027229747,0.026944812102094692
113.4,24.028422423070545,24.028558410842802,24.0,1.0,0.8779079251174366,0.5001041027229747,0.026944812102094692
113.5,24.028558410842802,24.028686132546024,24.0,1.0,0.878052883261672,0.5001041027229747,0.026944812102094692
113.60000000000001,24.028686132546024,24.02880551664145,24.0,1.0,0.8781940516545992,0.5001041027229747,0.026944812102094692
113.7,24.02880551664145,24.02891649885206,24.0,1.0,0.8783313720538629,0.5001041027229747,0.026944812102094692
113.80000000000001,24.02891649885206,24.029019022123133,24.0,1.0,0.8784647896755389,0.5001041027229747,0.026944812102094692
113.9,24.029019022123133,24.02911303657823,24.0,1.0,0.8785942531938773,0.5001041027229747,0.026944812102094692
114.0,24.02911303657823,24.02919849947053,24.0,1.0,0.8787409012098221,0.5008292336246802,0.026970817200384554
114.10000000000001,24.02919849947053,24.029275381408567,24.0,1.0,0.8788624542638509,0.5008292336246802,0.026970817200384554
114.2,24.029275381408567,24.029343653563643,24.0,1.0,0.878979917082001,0.5008292336246802,0.026970817200384554
114.30000000000001,24.029343653563643,24.02940329407613,24.0,1.0,0.8790932520047313,0.5008292336246802,0.026970817200384554
114.4,24.02940329407613,24.02945428798946,24.0,1.0,0.8792024248038542,0.5008292336246802,0.026970817200384554
114.5,24.02945428798946,24.02949662718006,24.0,1.0,0.8793074046681001,0.5008292336246802,0.026970817200384554
114.60000000000001,24.02949662718006,24.029530310283242,24.0,1.0,0.8794081641864506,0.5008292336246802,0.026970817200384554
114.7,24.029530310283242,24.029555342615225,24.0,1.0,0.8795046793292559,0.5008292336246802,0.026970817200384554
114.80000000000001,24.029555342615225,24.02957173609133,24.0,1.0,0.8795969294271959,0.5008292336246802,0.026970817200384554
114.9,24.02957173609133,24.029579509140476,24.0,1.0,0.879684897148112,0.5008292336246802,0.026970817200384554
115.0,24.029579509140476,24.029577919064835,24.0,1.0,0.8797685684717486,0.5008292336246802,0.026970817200384554
115.10000000000001,24.029577919064835,24.029567754947074,24.0,1.0,0.8798475461802104,0.5008292336246802,0.026970817200384554
115.2,24.029567754947074,24.029549054969213,24.0,1.0,0.8799222023442722,0.5008292336246802,0.026970817200384554
115.30000000000001,24.029549054969213,24.029521863442643,24.0,1.0,0.879992533064693,0.5008292336246802,0.026970817200384554
115.4,24.029521863442643,24.029486230703466,24.0,1.0,0.8800585376315125,0.5008292336246802,0.026970817200384554
115.5,24.029486230703466,24.02944221300477,24.0,1.0,0.8801202184878817,0.5008292336246802,0.026970817200384554
115.60000000000001,24.02944221300477,24.02938987240593,24.0,1.0,0.8801775811920711,0.5008292336246802,0.026970817200384554
115.7,24.02938987240593,24.029329276659034,24.0,1.0,0.880230634377686,0.5008292336246802,0.026970817200384554
115.80000000000001,24.029329276659034,24.029260499092622,24.0,1.0,0.8802793897121467,0.5008292336246802,0.026970817200384554
115.9,24.029260499092622,24.029183618492745,24.0,1.0,0.880323861853492,0.5008292336246802,0.026970817200384554
116.0,24.029183618492745,24.02909871898154,24.0,1.0,0.8803757089601095,0.5012259255288417,0.02699262716997283
116.10000000000001,24.02909871898154,24.0290058917465,24.0,1.0,0.8804117002112885,0.5012259255288417,0.02699262716997283
116.2,24.0290058917465,24.028905231207755,24.0,1.0,0.8804434673166558,0.5012259255288417,0.02699262716997283
116.30000000000001,24.028905231207755,24.02879683669292,24.0,1.0,0.8804710364578842,0.5012259255288417,0.02699262716997283
116.4,24.02879683669292,24.028680812307602,24.0,1.0,0.880494436544516,0.5012259255288417,0.02699262716997283
116.5,24.028680812307602,24.028557266804004,24.0,1.0,0.8805136991619567,0.5012259255288417,0.02699262716997283
116.60000000000001,24.028557266804004,24.028426313447735,24.0,1.0,0.8805288585181541,0.5012259255288417,0.02699262716997283
116.7,24.028426313447735,24.02828806988295,24.0,1.0,0.8805399513890283,0.5012259255288417,0.02699262716997283
116.80000000000001,24.02828806988295,24.02814265799592,24.0,1.0,0.8805470170626918,0.5012259255288417,0.02699262716997283
116.9,24.02814265799592,24.02799020377718,24.0,1.0,0.8805500972825183,0.5012259255288417,0.02699262716997283
117.0,24.02799020377718,24.027829863170457,24.0,1.0,0.8805492361891252,0.5012259255288417,0.02699262716997283
117.10000000000001,24.027829863170457,24.027662737316973,24.0,1.0,0.8805439894321959,0.5012259255288417,0.02699262716997283
117.2,24.027662737316973,24.02748896399278,24.0,1.0,0.8805348906170937,0.5012259255288417,0.02699262716997283
117.30000000000001,24.02748896399278,24.027308684519618,24.0,1.0,0.8805219908574777,0.5012259255288417,0.02699262716997283
117.4,24.027308684519618,24.027122043619926,24.0,1.0,0.8805053434256618,0.5012259255288417,0.02699262716997283
117.5,24.027122043619926,24.026929189271115,24.0,1.0,0.8804850036891243,0.5012259255288417,0.02699262716997283
117.60000000000001,24.026929189271115,24.026730272559163,24.0,1.0,0.880461029046248,0.5012259255288417,0.02699262716997283
117.7,24.026730272559163,24.02652544753167,24.0,1.0,0.8804334788613309,0.5012259255288417,0.02699262716997283
117.80000000000001,24.02652544753167,24.026314871050484,24.0,1.0,0.8804024143989289,0.5012259255288417,0.02699262716997283
117.9,24.026314871050484,24.026098702643978,24.0,1.0,0.8803678987575805,0.5012259255288417,0.02699262716997283
118.0,24.026098702643978,24.025877104359136,24.0,1.0,0.8803316809388402,0.5012891097550477,0.027006079769956674
118.10000000000001,24.025877104359136,24.025650248592864,24.0,1.0,0.8802904800463623,0.5012891097550477,0.027006079769956674
118.2,24.025650248592864,24.025418302106505,24.0,1.0,0.880246030987207,0.5012891097550477,0.027006079769956674
118.30000000000001,24.025418302106505,24.025181433703636,24.0,1.0,0.8801984036089798,0.5012891097550477,0.027006079769956674
118.4,24.025181433703636,24.024939814082845,24.0,1.0,0.8801476692389089,0.5012891097550477,0.027006079769956674
118.5,24.024939814082845,24.024693615690857,24.0,1.0,0.88009390061516,0.5012891097550477,0.027006079769956674
118.60000000000001,24.024693615690857,24.024443012576096,24.0,1.0,0.8800371718179328,0.5012891097550477,0.027006079769956674
118.7,24.024443012576096,24.024188180242795,24.0,1.0,0.8799775582003772,0.5012891097550477,0.027006079769956674
118.80000000000001,24.024188180242795,24.023929295505745,24.0,1.0,0.8799151363193927,0.5012891097550477,0.027006079769956674
118.9,24.023929295505745,24.023666536345775,24.0,1.0,0.8798499838663543,0.5012891097550477,0.027006079769956674
119.0,24.023666536345775,24.023399236422335,24.0,1.0,0.8797821795978163,0.5012891097550477,0.027006079769956674
119.10000000000001,24.023399236422335,24.02312841967574,24.0,1.0,0.8797113772216952,0.5012891097550477,0.027006079769956674
119.2,24.02312841967574,24.022854266847304,24.0,1.0,0.879638080530559,0.5012891097550477,0.027006079769956674
119.30000000000001,24.022854266847304,24.022576959279522,24.0,1.0,0.879562371118612,0.5012891097550477,0.027006079769956674
119.4,24.022576959279522,24.022296678776147,24.0,1.0,0.8794843313711571,0.5012891097550477,0.027006079769956674
119.5,24.022296678776147,24.022013607463556,24.0,1.0,0.8794040443957019,0.5012891097550477,0.027006079769956674
119.60000000000001,24.022013607463556,24.021727927653473,24.0,1.0,0.8793215939533344,0.5012891097550477,0.027006079769956674
119.7,24.021727927653473,24.021439821707123,24.0,1.0,0.879237064390407,0.5012891097550477,0.027006079769956674
119.80000000000001,24.021439821707123,24.02114947190091,24.0,1.0,0.8791505405705738,0.5012891097550477,0.027006079769956674
119.9,24.02114947190091,24.02085706029369,24.0,1.0,0.8790621078072242,0.5012891097550477,0.027006079769956674
