time,temperature,next_temperature,setpoint,disturbance,command,kp,ki
0.0,28.0,28.009975041614634,24.0,0.0,1.0,1.1250000000000353,0.16891891891892927
0.1,28.009975041614634,28.019900332501663,24.0,0.0,1.0,1.1250000000000353,0.16891891891892927
0.2,28.019900332501663,28.029776120793873,24.0,0.0,1.0,1.1250000000000353,0.16891891891892927
0.30000000000000004,28.029776120793873,28.03960265338649,24.0,0.0,1.0,1.1250000000000353,0.16891891891892927
0.4,28.03960265338649,28.049380175943334,24.0,0.0,1.0,1.1250000000000353,0.16891891891892927
0.5,28.049380175943334,28.059108932902983,24.0,0.0,1.0,1.1250000000000353,0.16891891891892927
0.6000000000000001,28.059108932902983,28.068789167484866,24.0,0.0,1.0,1.1250000000000353,0.16891891891892927
0.7000000000000001,28.068789167484866,28.078421121695353,24.0,0.0,1.0,1.1250000000000353,0.16891891891892927
0.8,28.078421121695353,28.0880050363338,24.0,0.0,1.0,1.1250000000000353,0.16891891891892927
0.9,28.0880050363338,28.097541150998573,24.0,0.0,1.0,1.1250000000000353,0.16891891891892927
1.0,28.097541150998573,28.107029704093033,24.0,0.0,1.0,1.1250000000000353,0.16891891891892927
1.1,28.107029704093033,28.116470932831504,24.0,0.0,1.0,1.1250000000000353,0.16891891891892927
1.2000000000000002,28.116470932831504,28.125865073245194,24.0,0.0,1.0,1.1250000000000353,0.16891891891892927
1.3,28.125865073245194,28.135212360188106,24.0,0.0,1.0,1.1250000000000353,0.16891891891892927
1.4000000000000001,28.135212360188106,28.144513027342896,24.0,0.0,1.0,1.1250000000000353,0.16891891891892927
1.5,28.144513027342896,28.15376730722673,24.0,0.0,1.0,1.1250000000000353,0.16891891891892927
1.6,28.15376730722673,28.162975431197086,24.0,0.0,1.0,1.1250000000000353,0.16891891891892927
1.7000000000000002,28.162975431197086,28.172137629457545,24.0,0.0,1.0,1.1250000000000353,0.16891891891892927
1.8,28.172137629457545,28.18125413106354,24.0,0.0,1.0,1.1250000000000353,0.16891891891892927
1.9000000000000001,28.18125413106354,28.190325163928083,24.0,0.0,1.0,1.1250000000000353,0.16891891891892927
2.0,28.190325163928083,28.19935095482747,24.0,0.0,1.0,1.1250000000000353,0.16891891891892927
2.1,28.19935095482747,28.208331729406943,24.0,0.0,1.0,1.1250000000000353,0.16891891891892927
2.2,28.208331729406943,28.217267712186338,24.0,0.0,1.0,1.1250000000000353,0.16891891891892927
2.3000000000000003,28.217267712186338,28.226159126565687,24.0,0.0,1.0,1.1250000000000353,0.16891891891892927
2.4000000000000004,28.226159126565687,28.23500619483081,24.0,0.0,1.0,1.1250000000000353,0.16891891891892927
2.5,28.23500619483081,28.243809138158877,24.0,0.0,1.0,1.1250000000000353,0.16891891891892927
2.6,28.243809138158877,28.25256817662393,24.0,0.0,1.0,1.1250000000000353,0.16891891891892927
2.7,28.25256817662393,28.261283529202387,24.0,0.0,1.0,1.1250000000000353,0.16891891891892927
2.8000000000000003,28.261283529202387,28.269955413778515,24.0,0.0,1.0,1.1250000000000353,0.16891891891892927
2.9000000000000004,28.269955413778515,28.27858404714988,24.0,0.0,1.0,1.1250000000000353,0.16891891891892927
3.0,28.27858404714988,28.28716964503277,24.0,0.0,1.0,1.1250000000000353,0.16891891891892927
3.1,28.28716964503277,28.295712422067574,24.0,0.0,1.0,1.1250000000000353,0.16891891891892927
3.2,28.295712422067574,28.304212591824164,24.0,0.0,1.0,1.1250000000000353,0.16891891891892927
3.3000000000000003,28.304212591824164,28.31267036680723,24.0,0.0,1.0,1.1250000000000353,0.16891891891892927
3.4000000000000004,28.31267036680723,28.32108595846158,24.0,0.0,1.0,1.1250000000000353,0.16891891891892927
3.5,28.32108595846158,28.329459577177452,24.0,0.0,1.0,1.1250000000000353,0.16891891891892927
3.6,28.329459577177452,28.337791432295745,24.0,0.0,1.0,1.1250000000000353,0.16891891891892927
3.7,28.337791432295745,28.346081732113273,24.0,0.0,1.0,1.1250000000000353,0.16891891891892927
3.8000000000000003,28.346081732113273,28.354330683887962,24.0,0.0,1.0,1.1250000000000353,0.16891891891892927
3.9000000000000004,28.354330683887962,28.362538493844035,24.0,0.0,1.0,1.1250000000000353,0.16891891891892927
4.0,28.362538493844035,28.37070536717717,24.0,0.0,1.0,1.1250000000000353,0.16891891891892927
4.1000000000000005,28.37070536717717,28.378831508059626,24.0,0.0,1.0,1.1250000000000353,0.16891891891892927
4.2,28.378831508059626,28.386917119645346,24.0,0.0,1.0,1.1250000000000353,0.16891891891892927
4.3,28.386917119645346,28.394962404075045,24.0,0.0,1.0,1.1250000000000353,0.16891891891892927
4.4,28.394962404075045,28.402967562481248,24.0,0.0,1.0,1.1250000000000353,0.16891891891892927
4.5,28.402967562481248,28.410932794993332,24.0,0.0,1.0,1.1250000000000353,0.16891891891892927
4.6000000000000005,28.410932794993332,28.418858300742528,24.0,0.0,1.0,1.1250000000000353,0.16891891891892927
4.7,28.418858300742528,28.42674427786689,24.0,0.0,1.0,1.1250000000000353,0.16891891891892927
4.800000000000001,28.42674427786689,28.43459092351626,24.0,0.0,1.0,1.1250000000000353,0.16891891891892927
4.9,28.43459092351626,28.442398433857186,24.0,0.0,1.0,1.1250000000000353,0.16891891891892927
5.0,28.442398433857186,28.410266837619293,24.0,0.0,1.0,1.1250000000000353,0.16891891891892927
5.1000000000000005,28.410266837619293,28.37829549838621,24.0,0.0,1.0,1.1250000000000353,0.16891891891892927
5.2,28.37829549838621,28.34648361687279,24.0,0.0,1.0,1.1250000000000353,0.16891891891892927
5.300000000000001,28.34648361687279,28.314830397780334,24.0,0.0,1.0,1.1250000000000353,0.16891891891892927
5.4,28.314830397780334,28.283335049776724,24.0,0.0,1.0,1.1250000000000353,0.16891891891892927
5.5,28.283335049776724,28.251996785476614,24.0,0.0,1.0,1.1250000000000353,0.16891891891892927
5.6000000000000005,28.251996785476614,28.220814821421765,24.0,0.0,1.0,1.1250000000000353,0.16891891891892927
5.7,28.220814821421765,28.189788378061454,24.0,0.0,1.0,1.1250000000000353,0.16891891891892927
5.800000000000001,28.189788378061454,28.15891667973298,24.0,0.0,1.0,1.1250000000000353,0.16891891891892927
5.9,28.15891667973298,28.128198954642276,24.0,0.0,1.0,1.1250000000000353,0.16891891891892927
6.0,28.128198954642276,28.097634434844615,24.0,0.0,1.0,1.1250000000000353,0.16891891891892927
6.1000000000000005,28.097634434844615,28.06722235622541,24.0,0.0,1.0,1.1250000000000353,0.16891891891892927
6.2,28.06722235622541,28.036961958481115,24.0,0.0,1.0,1.1250000000000353,0.16891891891892927
6.300000000000001,28.036961958481115,28.006852485100204,24.0,0.0,1.0,1.1250000000000353,0.16891891891892927
6.4,28.006852485100204,27.97689318334428,24.0,0.0,1.0,1.1250000000000353,0.16891891891892927
6.5,27.97689318334428,27.947083304229235,24.0,0.0,1.0,1.1250000000000353,0.16891891891892927
6.6000000000000005,27.947083304229235,27.917422102506542,24.0,0.0,1.0,1.1250000000000353,0.16891891891892927
6.7,27.917422102506542,27.88790883664461,24.0,0.0,1.0,1.1250000000000353,0.16891891891892927
6.800000000000001,27.88790883664461,27.858542768810253,24.0,0.0,1.0,1.1250000000000353,0.16891891891892927
6.9,27.858542768810253,27.82932316485025,24.0,0.0,1.0,1.1250000000000353,0.16891891891892927
7.0,27.82932316485025,27.80024929427298,24.0,0.0,1.0,1.1250000000000353,0.16891891891892927
7.1000000000000005,27.80024929427298,27.771320430230162,24.0,0.0,1.0,1.1250000000000353,0.16891891891892927
7.2,27.771320430230162,27.74253584949869,24.0,0.0,1.0,1.1250000000000353,0.16891891891892927
7.300000000000001,27.74253584949869,27.713894832462547,24.0,0.0,1.0,1.1250000000000353,0.16891891891892927
7.4,27.713894832462547,27.685396663094814,24.0,0.0,1.0,1.1250000000000353,0.16891891891892927
7.5,27.685396663094814,27.657040628939775,24.0,0.0,1.0,1.1250000000000353,0.16891891891892927
7.6000000000000005,27.657040628939775,27.628826021095097,24.0,0.0,1.0,1.1250000000000353,0.16891891891892927
7.7,27.628826021095097,27.600752134194114,24.0,0.0,1.0,1.1250000000000353,0.16891891891892927
7.800000000000001,27.600752134194114,27.57281826638819,24.0,0.0,1.0,1.1250000000000353,0.16891891891892927
7.9,27.57281826638819,27.54502371932918,24.0,0.0,1.0,1.1250000000000353,0.16891891891892927
8.0,27.54502371932918,27.517367798151955,24.0,0.0,1.0,1.1250000000000353,0.16891891891892927
8.1,27.517367798151955,27.48984981145705,24.0,0.0,1.0,1.1250000000000353,0.16891891891892927
8.200000000000001,27.48984981145705,27.462469071293356,24.0,0.0,1.0,1.1250000000000353,0.16891891891892927
8.3,27.462469071293356,27.43522489314095,24.0,0.0,1.0,1.1250000000000353,0.16891891891892927
8.4,27.43522489314095,27.408116595893958,24.0,0.0,1.0,1.1250000000000353,0.16891891891892927
8.5,27.408116595893958,27.381143501843535,24.0,0.0,1.0,1.1250000000000353,0.16891891891892927
8.6,27.381143501843535,27.354304936660927,24.0,0.0,1.0,1.1250000000000353,0.16891891891892927
8.700000000000001,27.354304936660927,27.327600229380607,24.0,0.0,1.0,1.1250000000000353,0.16891891891892927
8.8,27.327600229380607,27.301028712383502,24.0,0.0,1.0,1.1250000000000353,0.16891891891892927
8.9,27.301028712383502,27.274589721380302,24.0,0.0,1.0,1.1250000000000353,0.16891891891892927
9.0,27.274589721380302,27.248282595394855,24.0,0.0,1.0,1.1250000000000353,0.16891891891892927
9.1,27.248282595394855,27.22210667674764,24.0,0.0,1.0,1.1250000000000353,0.16891891891892927
9.200000000000001,27.22210667674764,27.19606131103933,24.0,0.0,1.0,1.1250000000000353,0.16891891891892927
9.3,27.19606131103933,27.17014584713442,24.0,0.0,1.0,1.1250000000000353,0.16891891891892927
9.4,27.17014584713442,27.144359637144973,24.0,0.0,1.0,1.1250000000000353,0.16891891891892927
9.5,27.144359637144973,27.118702036414387,24.0,0.0,1.0,1.1250000000000353,0.16891891891892927
9.600000000000001,27.118702036414387,27.09317240350131,24.0,0.0,1.0,1.1250000000000353,0.16891891891892927
9.700000000000001,27.09317240350131,27.067770100163592,24.0,0.0,1.0,1.1250000000000353,0.16891891891892927
9.8,27.067770100163592,27.042494491342325,24.0,0.0,1.0,1.1250000000000353,0.16891891891892927
9.9,27.042494491342325,27.01734494514597,24.0,0.0,1.0,1.1250000000000353,0.16891891891892927
10.0,27.01734494514597,26.992320832834565,24.0,0.0,1.0,1.1250000000000353,0.16891891891892927
10.100000000000001,26.992320832834565,26.967421528803996,24.0,0.0,1.0,1.1250000000000353,0.16891891891892927
10.200000000000001,26.967421528803996,26.94264641057037,24.0,0.0,1.0,1.1250000000000353,0.16891891891892927
10.3,26.94264641057037,26.917994858754433,24.0,0.0,1.0,1.1250000000000353,0.16891891891892927
10.4,26.917994858754433,26.893466257066116,24.0,0.0,1.0,1.1250000000000353,0.16891891891892927
10.5,26.893466257066116,26.869059992289092,24.0,0.0,1.0,1.1250000000000353,0.16891891891892927
10.600000000000001,26.869059992289092,26.844775454265474,24.0,0.0,1.0,1.1250000000000353,0.16891891891892927
10.700000000000001,26.844775454265474,26.820612035880544,24.0,0.0,1.0,1.1250000000000353,0.16891891891892927
10.8,26.820612035880544,26.796569133047583,24.0,0.0,1.0,1.1250000000000353,0.16891891891892927
10.9,26.796569133047583,26.77264614469277,24.0,0.0,1.0,1.1250000000000353,0.16891891891892927
11.0,26.77264614469277,26.74884247274015,24.0,0.0,1.0,1.1250000000000353,0.16891891891892927
11.100000000000001,26.74884247274015,26.725157522096687,24.0,0.0,1.0,1.1250000000000353,0.16891891891892927
11.200000000000001,26.725157522096687,26.701590700637375,24.0,0.0,1.0,1.1250000000000353,0.16891891891892927
11.3,26.701590700637375,26.678141419190453,24.0,0.0,1.0,1.1250000000000353,0.16891891891892927
11.4,26.678141419190453,26.654809091522665,24.0,0.0,1.0,1.1250000000000353,0.16891891891892927
11.5,26.654809091522665,26.631593134324604,24.0,0.0,1.0,1.1250000000000353,0.16891891891892927
11.600000000000001,26.631593134324604,26.608492967196128,24.0,0.0,1.0,1.1250000000000353,0.16891891891892927
11.700000000000001,26.608492967196128,26.58550801263186,24.0,0.0,1.0,1.1250000000000353,0.16891891891892927
11.8,26.58550801263186,26.562637696006735,24.0,0.0,1.0,1.1250000000000353,0.16891891891892927
11.9,26.562637696006735,26.53988144556165,24.0,0.0,1.0,1.1250000000000353,0.16891891891892927
12.0,26.53988144556165,26.517238692389157,24.0,0.0,1.0,1.1250000000000353,0.16891891891892927
12.100000000000001,26.517238692389157,26.494708870419245,24.0,0.0,1.0,1.1250000000000353,0.16891891891892927
12.200000000000001,26.494708870419245,26.472291416405195,24.0,0.0,1.0,1.1250000000000353,0.16891891891892927
12.3,26.472291416405195,26.449985769909485,24.0,0.0,1.0,1.1250000000000353,0.16891891891892927
12.4,26.449985769909485,26.427791373289793,24.0,0.0,1.0,1.1250000000000353,0.16891891891892927
12.5,26.427791373289793,26.40570767168505,24.0,0.0,1.0,1.1250000000000353,0.16891891891892927
12.600000000000001,26.40570767168505,26.383734113001562,24.0,0.0,1.0,1.1250000000000353,0.16891891891892927
12.700000000000001,26.383734113001562,26.361870147899218,24.0,0.0,1.0,1.1250000000000353,0.16891891891892927
12.8,26.361870147899218,26.34011522977775,24.0,0.0,1.0,1.1250000000000353,0.16891891891892927
12.9,26.34011522977775,26.31846881476308,24.0,0.0,1.0,1.1250000000000353,0.16891891891892927
13.0,26.31846881476308,26.296930361693697,24.0,0.0,1.0,1.1250000000000353,0.16891891891892927
13.100000000000001,26.296930361693697,26.275499332107152,24.0,0.0,1.0,1.1250000000000353,0.16891891891892927
13.200000000000001,26.275499332107152,26.254175190226597,24.0,0.0,1.0,1.1250000000000353,0.16891891891892927
13.3,26.254175190226597,26.232957402947367,24.0,0.0,1.0,1.1250000000000353,0.16891891891892927
13.4,26.232957402947367,26.211845439823676,24.0,0.0,1.0,1.1250000000000353,0.16891891891892927
13.5,26.211845439823676,26.19083877305535,24.0,0.0,1.0,1.1250000000000353,0.16891891891892927
13.600000000000001,26.19083877305535,26.169936877474623,24.0,0.0,1.0,1.1250000000000353,0.16891891891892927
13.700000000000001,26.169936877474623,26.149139230533017,24.0,0.0,1.0,1.1250000000000353,0.16891891891892927
13.8,26.149139230533017,26.128445312288274,24.0,0.0,1.0,1.1250000000000353,0.16891891891892927
13.9,26.128445312288274,26.107854605391363,24.0,0.0,1.0,1.1250000000000353,0.16891891891892927
14.0,26.107854605391363,26.08736659507354,24.0,0.0,1.0,1.1250000000000353,0.16891891891892927
14.100000000000001,26.08736659507354,26.066980769133476,24.0,0.0,1.0,1.1250000000000353,0.16891891891892927
14.200000000000001,26.066980769133476,26.04669661792446,24.0,0.0,1.0,1.1250000000000353,0.16891891891892927
14.3,26.04669661792446,26.02651363434166,24.0,0.0,1.0,1.1250000000000353,0.16891891891892927
14.4,26.02651363434166,26.006431313809433,24.0,0.0,1.0,1.1250000000000353,0.16891891891892927
14.5,26.006431313809433,25.98644915426872,24.0,0.0,1.0,1.1250000000000353,0.16891891891892927
14.600000000000001,25.98644915426872,25.96656665616449,24.0,0.0,1.0,1.1250000000000353,0.16891891891892927
14.700000000000001,25.96656665616449,25.946783322433255,24.0,0.0,1.0,1.1250000000000353,0.16891891891892927
14.8,25.946783322433255,25.927098658490646,24.0,0.0,1.0,1.1250000000000353,0.16891891891892927
14.9,25.927098658490646,25.907512172219036,24.0,0.0,1.0,1.1250000000000353,0.16891891891892927
15.0,25.907512172219036,25.888023373955246,24.0,0.0,1.0,1.1250000000000353,0.16891891891892927
15.100000000000001,25.888023373955246,25.868631776478306,24.0,0.0,1.0,1.1250000000000353,0.16891891891892927
15.200000000000001,25.868631776478306,25.849336894997272,24.0,0.0,1.0,1.1250000000000353,0.16891891891892927
15.3,25.849336894997272,25.830138247139097,24.0,0.0,1.0,1.1250000000000353,0.16891891891892927
15.4,25.830138247139097,25.811035352936585,24.0,0.0,1.0,1.1250000000000353,0.16891891891892927
15.5,25.811035352936585,25.79202773481639,24.0,0.0,1.0,1.1250000000000353,0.16891891891892927
15.600000000000001,25.79202773481639,25.77311491758707,24.0,0.0,1.0,1.1250000000000353,0.16891891891892927
15.700000000000001,25.77311491758707,25.754296428427203,24.0,0.0,1.0,1.1250000000000353,0.16891891891892927
15.8,25.754296428427203,25.735571796873586,24.0,0.0,1.0,1.1250000000000353,0.16891891891892927
15.9,25.735571796873586,25.71694055480945,24.0,0.0,1.0,1.1250000000000353,0.16891891891892927
16.0,25.71694055480945,25.698402236452775,24.0,0.0,1.0,1.1250000000000353,0.16891891891892927
16.1,25.698402236452775,25.679956378344638,24.0,0.0,1.0,1.1250000000000353,0.16891891891892927
16.2,25.679956378344638,25.661602519337624,24.0,0.0,1.0,1.1250000000000353,0.16891891891892927
16.3,25.661602519337624,25.6433402005843,24.0,0.0,1.0,1.1250000000000353,0.16891891891892927
16.400000000000002,25.6433402005843,25.625168965525752,24.0,0.0,1.0,1.1250000000000353,0.16891891891892927
16.5,25.625168965525752,25.60708835988015,24.0,0.0,1.0,1.1250000000000353,0.16891891891892927
16.6,25.60708835988015,25.589097931631414,24.0,0.0,1.0,1.1250000000000353,0.16891891891892927
16.7,25.589097931631414,25.5711972310179,24.0,0.0,1.0,1.1250000000000353,0.16891891891892927
16.8,25.5711972310179,25.553385810521164,24.0,0.0,1.0,1.1250000000000353,0.16891891891892927
16.900000000000002,25.553385810521164,25.535663224854762,24.0,0.0,1.0,1.1250000000000353,0.16891891891892927
17.0,25.535663224854762,25.51802903095313,24.0,0.0,1.0,1.1250000000000353,0.16891891891892927
17.1,25.51802903095313,25.500482787960504,24.0,0.0,1.0,1.1250000000000353,0.16891891891892927
17.2,25.500482787960504,25.483024057219893,24.0,0.0,1.0,1.1250000000000353,0.16891891891892927
17.3,25.483024057219893,25.465652402262123,24.0,0.0,1.0,1.1250000000000353,0.16891891891892927
17.400000000000002,25.465652402262123,25.44836738879491,24.0,0.0,1.0,1.1250000000000353,0.16891891891892927
17.5,25.44836738879491,25.43116858469202,24.0,0.0,1.0,1.1250000000000353,0.16891891891892927
17.6,25.43116858469202,25.414055559982454,24.0,0.0,1.0,1.1250000000000353,0.16891891891892927
17.7,25.414055559982454,25.3970278868397,24.0,0.0,1.0,1.1250000000000353,0.16891891891892927
17.8,25.3970278868397,25.38008513957105,24.0,0.0,1.0,1.1250000000000353,0.16891891891892927
17.900000000000002,25.38008513957105,25.363226894606935,24.0,0.0,1.0,1.1250000000000353,0.16891891891892927
18.0,25.363226894606935,25.346452730490352,24.0,0.0,1.0,1.1250000000000353,0.16891891891892927
18.1,25.346452730490352,25.329762227866325,24.0,0.0,1.0,1.1250000000000353,0.16891891891892927
18.2,25.329762227866325,25.313154969471423,24.0,0.0,1.0,1.1250000000000353,0.16891891891892927
18.3,25.313154969471423,25.296630540123317,24.0,0.0,1.0,1.1250000000000353,0.16891891891892927
18.400000000000002,25.296630540123317,25.28018852671041,24.0,0.0,1.0,1.1250000000000353,0.16891891891892927
18.5,25.28018852671041,25.26382851818152,24.0,0.0,1.0,1.1250000000000353,0.16891891891892927
18.6,25.26382851818152,25.247550105535574,24.0,0.0,1.0,1.1250000000000353,0.16891891891892927
18.7,25.247550105535574,25.231352881811407,24.0,0.0,1.0,1.1250000000000353,0.16891891891892927
18.8,25.231352881811407,25.215236442077586,24.0,0.0,1.0,1.1250000000000353,0.16891891891892927
18.900000000000002,25.215236442077586,25.19920038342228,24.0,0.0,1.0,1.1250000000000353,0.16891891891892927
19.0,25.19920038342228,25.183244304943184,24.0,0.0,1.0,1.1250000000000353,0.16891891891892927
19.1,25.183244304943184,25.167367807737506,24.0,0.0,1.0,1.1250000000000353,0.16891891891892927
19.200000000000003,25.167367807737506,25.15157049489199,24.0,0.0,1.0,1.1250000000000353,0.16891891891892927
19.3,25.15157049489199,25.135851971472984,24.0,0.0,1.0,1.1250000000000353,0.16891891891892927
19.400000000000002,25.135851971472984,25.120211844516596,24.0,0.0,1.0,1.1250000000000353,0.16891891891892927
19.5,25.120211844516596,25.10464972301883,24.0,0.0,1.0,1.1250000000000353,0.16891891891892927
19.6,25.10464972301883,25.089165217925842,24.0,0.0,1.0,1.1250000000000353,0.16891891891892927
19.700000000000003,25.089165217925842,25.073757942124196,24.0,0.0,1.0,1.1250000000000353,0.16891891891892927
19.8,25.073757942124196,25.058427510431194,24.0,0.0,1.0,1.1250000000000353,0.16891891891892927
19.900000000000002,25.058427510431194,25.043173539585247,24.0,0.0,1.0,1.1250000000000353,0.16891891891892927
20.0,25.043173539585247,25.02799564823629,24.0,0.0,1.0,1.1250000000000353,0.16891891891892927
20.1,25.02799564823629,25.012893456936244,24.0,0.0,1.0,1.1250000000000353,0.16891891891892927
20.200000000000003,25.012893456936244,24.997866588129543,24.0,0.0,1.0,1.1250000000000353,0.16891891891892927
20.3,24.997866588129543,24.982914666143685,24.0,0.0,1.0,1.1250000000000353,0.16891891891892927
20.400000000000002,24.982914666143685,24.968037317179842,24.0,0.0,1.0,1.1250000000000353,0.16891891891892927
20.5,24.968037317179842,24.953234169303514,24.0,0.0,1.0,1.1250000000000353,0.16891891891892927
20.6,24.953234169303514,24.93850485243523,24.0,0.0,1.0,1.1250000000000353,0.16891891891892927
20.700000000000003,24.93850485243523,24.923848998341306,24.0,0.0,1.0,1.1250000000000353,0.16891891891892927
20.8,24.923848998341306,24.909266240624625,24.0,0.0,1.0,1.1250000000000353,0.16891891891892927
20.900000000000002,24.909266240624625,24.894756214715482,24.0,0.0,1.0,1.1250000000000353,0.16891891891892927
21.0,24.894756214715482,24.880318557862477,24.0,0.0,1.0,1.1250000000000353,0.16891891891892927
21.1,24.880318557862477,24.865952909123436,24.0,0.0,0.9903583775953178,1.1250000000000353,0.16891891891892927
21.200000000000003,24.865952909123436,24.85165890935639,24.0,0.0,0.9888246056882795,1.1250000000000353,0.16891891891892927
21.3,24.85165890935639,24.837436201210604,24.0,0.0,0.9871299861759695,1.1250000000000353,0.16891891891892927
21.400000000000002,24.837436201210604,24.823284429117628,24.0,0.0,0.985275321289165,1.1250000000000353,0.16891891891892927
21.5,24.823284429117628,24.80920323928243,24.0,0.0,0.9832614092574999,1.1250000000000353,0.16891891891892927
21.6,24.80920323928243,24.795192279674524,24.0,0.0,0.9810890443294288,1.1250000000000353,0.16891891891892927
21.700000000000003,24.795192279674524,24.78125120001919,24.0,0.0,0.9787590167920651,1.1250000000000353,0.16891891891892927
21.8,24.78125120001919,24.76737965178872,24.0,0.0,0.9762721129909517,1.1250000000000353,0.16891891891892927
21.900000000000002,24.76737965178872,24.753577288193675,24.0,0.0,0.9736291153497232,1.1250000000000353,0.16891891891892927
22.0,24.753577288193675,24.739843764174253,24.0,0.0,0.9708308023896517,1.1250000000000353,0.16891891891892927
22.1,24.739843764174253,24.726178736391635,24.0,0.0,0.9678779487491243,1.1250000000000353,0.16891891891892927
22.200000000000003,24.726178736391635,24.712581863219413,24.0,0.0,0.9647713252029969,1.1250000000000353,0.16891891891892927
22.3,24.712581863219413,24.699052804735054,24.0,0.0,0.9615116986818724,1.1250000000000353,0.16891891891892927
22.400000000000002,24.699052804735054,24.685591222711388,24.0,0.0,0.9580998322912773,1.1250000000000353,0.16891891891892927
22.5,24.685591222711388,24.672196780608164,24.0,0.0,0.9545364853307239,1.1250000000000353,0.16891891891892927
22.6,24.672196780608164,24.658869143563635,24.0,0.0,0.9508224133127088,1.1250000000000353,0.16891891891892927
22.700000000000003,24.658869143563635,24.645607978386177,24.0,0.0,0.9469583679815937,1.1250000000000353,0.16891891891892927
22.8,24.645607978386177,24.63241295354597,24.0,0.0,0.9429450973323964,1.1250000000000353,0.16891891891892927
22.900000000000002,24.63241295354597,24.619283739166708,24.0,0.0,0.9387833456294935,1.1250000000000353,0.16891891891892927
23.0,24.619283739166708,24.606220007017345,24.0,0.0,0.9344738534252345,1.1250000000000353,0.16891891891892927
23.1,24.606220007017345,24.5932214305039,24.0,0.0,0.930017357578441,1.1250000000000353,0.16891891891892927
23.200000000000003,24.5932214305039,24.58028768466128,24.0,0.0,0.9254145912728393,1.1250000000000353,0.16891891891892927
23.3,24.58028768466128,24.567418446145165,24.0,0.0,0.9206662840353865,1.1250000000000353,0.16891891891892927
23.400000000000002,24.567418446145165,24.554613393223924,24.0,0.0,0.9157731617545081,1.1250000000000353,0.16891891891892927
23.5,24.554613393223924,24.541872205770566,24.0,0.0,0.9107359466982461,1.1250000000000353,0.16891891891892927
23.6,24.541872205770566,24.529194565254745,24.0,0.0,0.905555357532316,1.1250000000000353,0.16891891891892927
23.700000000000003,24.529194565254745,24.516580154734783,24.0,0.0,0.9002321093380765,1.1250000000000353,0.16891891891892927
23.8,24.516580154734783,24.50402865884976,24.0,0.0,0.8947669136303958,1.1250000000000353,0.16891891891892927
23.900000000000002,24.50402865884976,24.491539763811627,24.0,0.0,0.8891604783754494,1.1250000000000353,0.16891891891892927
24.0,24.491539763811627,24.479113157397357,24.0,0.0,0.8834135080084232,1.1250000000000353,0.16891891891892927
24.1,24.479113157397357,24.466748528941142,24.0,0.0,0.8775267034511092,1.1250000000000353,0.16891891891892927
24.200000000000003,24.466748528941142,24.45444556932663,24.0,0.0,0.8715007621294408,1.1250000000000353,0.16891891891892927
24.3,24.45444556932663,24.442203970979186,24.0,0.0,0.8653363779909293,1.1250000000000353,0.16891891891892927
24.400000000000002,24.442203970979186,24.430023427858213,24.0,0.0,0.8590342415220005,1.1250000000000353,0.16891891891892927
24.5,24.430023427858213,24.417903635449502,24.0,0.0,0.8525950397652677,1.1250000000000353,0.16891891891892927
24.6,24.417903635449502,24.405844290757607,24.0,0.0,0.8460194563367092,1.1250000000000353,0.16891891891892927
24.700000000000003,24.405844290757607,24.393845092298285,24.0,0.0,0.8393081714427459,1.1250000000000353,0.16891891891892927
24.8,24.393845092298285,24.381905740090954,24.0,0.0,0.8324618618972642,1.1250000000000353,0.16891891891892927
24.900000000000002,24.381905740090954,24.37002593565118,24.0,0.0,0.8254812011385255,1.1250000000000353,0.16891891891892927
25.0,24.37002593565118,24.35820538198324,24.0,0.0,0.8183668592459976,1.1250000000000353,0.16891891891892927
25.1,24.35820538198324,24.34644378357267,24.0,0.0,0.8111195029571178,1.1250000000000353,0.16891891891892927
25.200000000000003,24.34644378357267,24.3347408463789,24.0,0.0,0.8037397956839551,1.1250000000000353,0.16891891891892927
25.3,24.3347408463789,24.32309627782789,24.0,0.0,0.7962283975297952,1.1250000000000353,0.16891891891892927
25.400000000000002,24.32309627782789,24.31150978680482,24.0,0.0,0.7885859653056511,1.1250000000000353,0.16891891891892927
25.5,24.31150978680482,24.299981083646813,24.0,0.0,0.7808131525466699,1.1250000000000353,0.16891891891892927
25.6,24.299981083646813,24.28850988013569,24.0,0.0,0.7729106095284868,1.1250000000000353,0.16891891891892927
25.700000000000003,24.28850988013569,24.27709588949076,24.0,0.0,0.7648789832834662,1.1250000000000353,0.16891891891892927
25.8,24.27709588949076,24.265738826361666,24.0,0.0,0.7567189176168867,1.1250000000000353,0.16891891891892927
25.900000000000002,24.265738826361666,24.25443840682124,24.0,0.0,0.748431053123036,1.1250000000000353,0.16891891891892927
26.0,24.25443840682124,24.243194348358404,24.0,0.0,0.7400160272012264,1.1250000000000353,0.16891891891892927
26.1,24.243194348358404,24.232391072209985,24.0,0.0,0.7314744740717252,1.1250000000000353,0.16891891891892927
26.200000000000003,24.232391072209985,24.221702875380544,24.0,0.0,0.7232463132731656,1.1250000000000353,0.16891891891892927
26.3,24.221702875380544,24.211135601755807,24.0,0.0,0.7149670728430932,1.1250000000000353,0.16891891891892927
26.400000000000002,24.211135601755807,24.20069503406586,24.0,0.0,0.7066453697746525,1.1250000000000353,0.16891891891892927
26.5,24.20069503406586,24.190386894349803,24.0,0.0,0.6982898499421415,1.1250000000000353,0.16891891891892927
26.6,24.190386894349803,24.180216844417302,24.0,0.0,0.6899091875985685,1.1250000000000353,0.16891891891892927
26.700000000000003,24.180216844417302,24.170190486307046,24.0,0.0,0.6815120848774994,1.1250000000000353,0.16891891891892927
26.8,24.170190486307046,24.160313362742116,24.0,0.0,0.6731072712991883,1.1250000000000353,0.16891891891892927
26.900000000000002,24.160313362742116,24.150590957582317,24.0,0.0,0.6647035032809071,1.1250000000000353,0.16891891891892927
27.0,24.150590957582317,24.14102869627346,24.0,0.0,0.6563095636515099,1.1250000000000353,0.16891891891892927
27.1,24.14102869627346,24.13163194629363,24.0,0.0,0.6479342611701503,1.1250000000000353,0.16891891891892927
27.200000000000003,24.13163194629363,24.12240601759646,24.0,0.0,0.6395864300491547,1.1250000000000353,0.16891891891892927
27.3,24.12240601759646,24.11335616305142,24.0,0.0,0.6312749294809952,1.1250000000000353,0.16891891891892927
27.400000000000002,24.11335616305142,24.104487578881148,24.0,0.0,0.623008643169369,1.1250000000000353,0.16891891891892927
27.5,24.104487578881148,24.09580540509583,24.0,0.0,0.6147964788643179,1.1250000000000353,0.16891891891892927
27.6,24.09580540509583,24.087314725924678,24.0,0.0,0.6066473679013736,1.1250000000000353,0.16891891891892927
27.700000000000003,24.087314725924678,24.079020570244474,24.0,0.0,0.598570264744716,1.1250000000000353,0.16891891891892927
27.8,24.079020570244474,24.070927912005253,24.0,0.0,0.5905741465342914,1.1250000000000353,0.16891891891892927
27.900000000000002,24.070927912005253,24.06304167065309,24.0,0.0,0.582668012636878,1.1250000000000353,0.16891891891892927
28.0,24.06304167065309,24.055366711550064,24.0,0.0,0.5748608842010494,1.1250000000000353,0.16891891891892927
28.1,24.055366711550064,24.047907846391368,24.0,0.0,0.5671618037160602,1.1250000000000353,0.16891891891892927
28.200000000000003,24.047907846391368,24.040669833619614,24.0,0.0,0.5595798345745427,1.1250000000000353,0.16891891891892927
28.3,24.040669833619614,24.033657378836335,24.0,0.0,0.5521240606390826,1.1250000000000353,0.16891891891892927
28.400000000000002,24.033657378836335,24.026875135210705,24.0,0.0,0.5448035858125613,1.1250000000000353,0.16891891891892927
28.5,24.026875135210705,24.02032770388551,24.0,0.0,0.5376275336122873,1.1250000000000353,0.16891891891892927
28.6,24.02032770388551,24.014019634380357,24.0,0.0,0.5306050467478866,1.1250000000000353,0.16891891891892927
28.700000000000003,24.014019634380357,24.00795542499217,24.0,0.0,0.5237452867029067,1.1250000000000353,0.16891891891892927
28.8,24.00795542499217,24.002139523192948,24.0,0.0,0.5170574333201159,1.1250000000000353,0.16891891891892927
28.900000000000002,24.002139523192948,23.996576326024876,24.0,0.0,0.5105506843904682,1.1250000000000353,0.16891891891892927
29.0,23.996576326024876,23.99127018049271,24.0,0.0,0.5042342552457255,1.1250000000000353,0.16891891891892927
29.1,23.99127018049271,23.98622538395354,24.0,0.0,0.4981173783546847,1.1250000000000353,0.16891891891892927
29.200000000000003,23.98622538395354,23.981446184503877,24.0,0.0,0.49220930292300863,1.1250000000000353,0.16891891891892927
29.3,23.981446184503877,23.976936781364156,24.0,0.0,0.4865192944965968,1.1250000000000353,0.16891891891892927
29.400000000000002,23.976936781364156,23.972701325260577,24.0,0.0,0.4810566345685345,1.1250000000000353,0.16891891891892927
29.5,23.972701325260577,23.968743918804396,24.0,0.0,0.47583062018951733,1.1250000000000353,0.16891891891892927
29.6,23.968743918804396,23.96506861686862,24.0,0.0,0.4708505635817938,1.1250000000000353,0.16891891891892927
29.700000000000003,23.96506861686862,23.961679426962142,24.0,0.0,0.4661257917565569,1.1250000000000353,0.16891891891892927
29.8,23.961679426962142,23.958580309601334,24.0,0.0,0.4616656461347777,1.1250000000000353,0.16891891891892927
29.900000000000002,23.958580309601334,23.95577517867911,24.0,0.0,0.45747948217145873,1.1250000000000353,0.16891891891892927
30.0,23.95577517867911,23.953267901831488,24.0,0.0,0.4535766689832672,1.1250000000000353,0.16891891891892927
30.1,23.953267901831488,23.95106230080162,24.0,0.0,0.4499665889795468,1.1250000000000353,0.16891891891892927
30.200000000000003,23.95106230080162,23.949162151801396,24.0,0.0,0.44665863749664864,1.1250000000000353,0.16891891891892927
30.3,23.949162151801396,23.947571185870537,24.0,0.0,0.4436622224356086,1.1250000000000353,0.16891891891892927
30.400000000000002,23.947571185870537,23.94629308923325,24.0,0.0,0.44098676390309705,1.1250000000000353,0.16891891891892927
30.5,23.94629308923325,23.945331503652472,24.0,0.0,0.43864169385563095,1.1250000000000353,0.16891891891892927
30.6,23.945331503652472,23.944690026781657,24.0,0.0,0.43663645574706,1.1250000000000353,0.16891891891892927
30.700000000000003,23.944690026781657,23.944372212514192,24.0,0.0,0.4349805041792457,1.1250000000000353,0.16891891891892927
30.8,23.944372212514192,23.944381571330407,24.0,0.0,0.43368330455595216,1.1250000000000353,0.16891891891892927
30.900000000000002,23.944381571330407,23.944721570642223,24.0,0.0,0.43275433273990976,1.1250000000000353,0.16891891891892927
31.0,23.944721570642223,23.94539563513543,24.0,0.0,0.43220307471303737,1.1250000000000353,0.16891891891892927
31.1,23.94539563513543,23.946407147109632,24.0,0.0,0.43203902623977775,1.1250000000000353,0.16891891891892927
31.200000000000003,23.946407147109632,23.947741919132326,24.0,0.0,0.4322716925335526,1.1250000000000353,0.16891891891892927
31.3,23.947741919132326,23.949400377023096,24.0,0.0,0.4328905732065895,1.1250000000000353,0.16891891891892927
31.400000000000002,23.949400377023096,23.951382600658278,24.0,0.0,0.4339016149726091,1.1250000000000353,0.16891891891892927
31.5,23.951382600658278,23.953688324543997,24.0,0.0,0.43531037670844286,1.1250000000000353,0.16891891891892927
31.6,23.953688324543997,23.956316938406403,24.0,0.0,0.4371220242647418,1.1250000000000353,0.16891891891892927
31.700000000000003,23.956316938406403,23.959267487798815,24.0,0.0,0.4393413253060025,1.1250000000000353,0.16891891891892927
31.8,23.959267487798815,23.962538674725568,24.0,0.0,0.44197264417987925,1.1250000000000353,0.16891891891892927
31.900000000000002,23.962538674725568,23.966128858282268,24.0,0.0,0.44501993681581375,1.1250000000000353,0.16891891891892927
32.0,23.966128858282268,23.97003605531223,24.0,0.0,0.44848674565295,1.1250000000000353,0.16891891891892927
32.1,23.97003605531223,23.974257941078857,24.0,0.0,0.45237619459733897,1.1250000000000353,0.16891891891892927
32.2,23.974257941078857,23.97879184995367,24.0,0.0,0.4566909840084223,1.1250000000000353,0.16891891891892927
32.300000000000004,23.97879184995367,23.98363477611982,24.0,0.0,0.46143338571477643,1.1250000000000353,0.16891891891892927
32.4,23.98363477611982,23.98878337429078,24.0,0.0,0.4666052380591268,1.1250000000000353,0.16891891891892927
32.5,23.98878337429078,23.994233960443985,24.0,0.0,0.472207940972583,1.1250000000000353,0.16891891891892927
32.6,23.994233960443985,23.99998251256925,24.0,0.0,0.478242451078115,1.1250000000000353,0.16891891891892927
32.7,23.99998251256925,24.006024671431632,24.0,0.0,0.4847092768232488,1.1250000000000353,0.16891891891892927
32.800000000000004,24.006024671431632,24.012355741348586,24.0,0.0,0.4916084736419359,1.1250000000000353,0.16891891891892927
32.9,24.012355741348586,24.018970690981146,24.0,0.0,0.49893963914561323,1.1250000000000353,0.16891891891892927
33.0,24.018970690981146,24.02586415413893,24.0,0.0,0.5067019083434116,1.1250000000000353,0.16891891891892927
33.1,24.02586415413893,24.033030430598707,24.0,0.0,0.5148939488915087,1.1250000000000353,0.16891891891892927
33.2,24.033030430598707,24.04046348693636,24.0,0.0,0.5235139563715747,1.1250000000000353,0.16891891891892927
33.300000000000004,24.04046348693636,24.04815695737197,24.0,0.0,0.5325596495983331,1.1250000000000353,0.16891891891892927
33.4,24.04815695737197,24.056104144627835,24.0,0.0,0.5420282659561626,1.1250000000000353,0.16891891891892927
33.5,24.056104144627835,24.064298020799207,24.0,0.0,0.5519165567647523,1.1250000000000353,0.16891891891892927
33.6,24.064298020799207,24.072731228237526,24.0,0.0,0.5622207826737492,1.1250000000000353,0.16891891891892927
33.7,24.072731228237526,24.081396080445934,24.0,0.0,0.5729367090864114,1.1250000000000353,0.16891891891892927
33.800000000000004,24.081396080445934,24.090284562986884,24.0,0.0,0.5840596016121875,1.1250000000000353,0.16891891891892927
33.9,24.090284562986884,24.099388334401613,24.0,0.0,0.595584221548238,1.1250000000000353,0.16891891891892927
34.0,24.099388334401613,24.108698727141284,24.0,0.0,0.6075048213898359,1.1250000000000353,0.16891891891892927
34.1,24.108698727141284,24.1182067485096,24.0,0.0,0.6198151403696232,1.1250000000000353,0.16891891891892927
34.2,24.1182067485096,24.12790308161668,24.0,0.0,0.6325084000256946,1.1250000000000353,0.16891891891892927
34.300000000000004,24.12790308161668,24.137778086343996,24.0,0.0,0.6455772997984686,1.1250000000000353,0.16891891891892927
34.4,24.137778086343996,24.147821800320198,24.0,0.0,0.6590140126562946,1.1250000000000353,0.16891891891892927
34.5,24.147821800320198,24.1580239399076,24.0,0.0,0.6728101807497961,1.1250000000000353,0.16891891891892927
34.6,24.1580239399076,24.168373901199153,24.0,0.0,0.6869569110948746,1.1250000000000353,0.16891891891892927
34.7,24.168373901199153,24.178860761025714,24.0,0.0,0.7014447712843441,1.1250000000000353,0.16891891891892927
34.800000000000004,24.178860761025714,24.189473277973423,24.0,0.0,0.716263785228173,1.1250000000000353,0.16891891891892927
34.9,24.189473277973423,24.200199893410996,24.0,0.0,0.7314034289222763,1.1250000000000353,0.16891891891892927
35.0,24.200199893410996,24.21102873252675,24.0,0.0,0.7468526262458133,1.1250000000000353,0.16891891891892927
35.1,24.21102873252675,24.22194760537517,24.0,0.0,0.7625997447869607,1.1250000000000353,0.16891891891892927
35.2,24.22194760537517,24.232944007932872,24.0,0.0,0.7786325916970969,1.1250000000000353,0.16891891891892927
35.300000000000004,24.232944007932872,24.244005123163724,24.0,0.0,0.7949384095733777,1.1250000000000353,0.16891891891892927
35.4,24.244005123163724,24.255117822093013,24.0,0.0,0.8115038723696364,1.1250000000000353,0.16891891891892927
35.5,24.255117822093013,24.266268664890415,24.0,0.0,0.8283150813355767,1.1250000000000353,0.16891891891892927
35.6,24.266268664890415,24.277443901961668,24.0,0.0,0.8453575609841824,1.1250000000000353,0.16891891891892927
35.7,24.277443901961668,24.288629475048705,24.0,0.0,0.8626162550873437,1.1250000000000353,0.16891891891892927
35.800000000000004,24.288629475048705,24.299811018338126,24.0,0.0,0.880075522699597,1.1250000000000353,0.16891891891892927
35.9,24.299811018338126,24.310973859577828,24.0,0.0,0.8977191342099622,1.1250000000000353,0.16891891891892927
36.0,24.310973859577828,24.322103021201613,24.0,0.0,0.9155302674218212,1.1250000000000353,0.16891891891892927
36.1,24.322103021201613,24.333183221461624,24.0,0.0,0.9334915036607694,1.1250000000000353,0.16891891891892927
36.2,24.333183221461624,24.344198875568438,24.0,0.0,0.9515848239104046,1.1250000000000353,0.16891891891892927
36.300000000000004,24.344198875568438,24.355134895429316,24.0,0.0,0.9697916049759834,1.1250000000000353,0.16891891891892927
36.4,24.355134895429316,24.365976030928827,24.0,0.0,0.9880935275801026,1.1250000000000353,0.16891891891892927
36.5,24.365976030928827,24.3767068862117,24.0,0.0,1.0,1.1250000000000353,0.16891891891892927
36.6,24.3767068862117,24.387311936091507,24.0,0.0,1.0,1.1250000000000353,0.16891891891892927
36.7,24.387311936091507,24.39777554258341,24.0,0.0,1.0,1.1250000000000353,0.16891891891892927
36.800000000000004,24.39777554258341,24.40808197155914,24.0,0.0,1.0,1.1250000000000353,0.16891891891892927
36.9,24.40808197155914,24.418215409522485,24.0,0.0,1.0,1.1250000000000353,0.16891891891892927
37.0,24.418215409522485,24.428159980503455,24.0,0.0,1.0,1.1250000000000353,0.16891891891892927
37.1,24.428159980503455,24.437899763069424,24.0,0.0,1.0,1.1250000000000353,0.16891891891892927
37.2,24.437899763069424,24.447418807451452,24.0,0.0,1.0,1.1250000000000353,0.16891891891892927
37.300000000000004,24.447418807451452,24.45670115278406,24.0,0.0,1.0,1.1250000000000353,0.16891891891892927
37.4,24.45670115278406,24.465730844456743,24.0,0.0,1.0,1.1250000000000353,0.16891891891892927
37.5,24.465730844456743,24.47449195157546,24.0,0.0,1.0,1.1250000000000353,0.16891891891892927
37.6,24.47449195157546,24.48296858453242,24.0,0.0,1.0,1.1250000000000353,0.16891891891892927
37.7,24.48296858453242,24.49114491268244,24.0,0.0,1.0,1.1250000000000353,0.16891891891892927
37.800000000000004,24.49114491268244,24.499005182124193,24.0,0.0,1.0,1.1250000000000353,0.16891891891892927
37.9,24.499005182124193,24.50653373358462,24.0,0.0,1.0,1.1250000000000353,0.16891891891892927
38.0,24.50653373358462,24.513715020404902,24.0,0.0,1.0,1.1250000000000353,0.16891891891892927
38.1,24.513715020404902,24.52053362662624,24.0,0.0,1.0,1.1250000000000353,0.16891891891892927
38.2,24.52053362662624,24.526974285173843,24.0,0.0,1.0,1.1250000000000353,0.16891891891892927
38.300000000000004,24.526974285173843,24.53302189613745,24.0,0.0,1.0,1.1250000000000353,0.16891891891892927
38.400000000000006,24.53302189613745,24.538661545146727,24.0,0.0,1.0,1.1250000000000353,0.16891891891892927
38.5,24.538661545146727,24.54387852183997,24.0,0.0,1.0,1.1250000000000353,0.16891891891892927
38.6,24.54387852183997,24.548658338424413,24.0,0.0,1.0,1.1250000000000353,0.16891891891892927
38.7,24.548658338424413,24.552986748326564,24.0,0.0,1.0,1.1250000000000353,0.16891891891892927
38.800000000000004,24.552986748326564,24.556849764930984,24.0,0.0,1.0,1.1250000000000353,0.16891891891892927
38.900000000000006,24.556849764930984,24.56023368040589,24.0,0.0,1.0,1.1250000000000353,0.16891891891892927
39.0,24.56023368040589,24.56312508461399,24.0,0.0,1.0,1.1250000000000353,0.16891891891892927
39.1,24.56312508461399,24.56551088410699,24.0,0.0,1.0,1.1250000000000353,0.16891891891892927
39.2,24.56551088410699,24.567378321202195,24.0,0.0,1.0,1.1250000000000353,0.16891891891892927
39.300000000000004,24.567378321202195,24.568714993139668,24.0,0.0,1.0,1.1250000000000353,0.16891891891892927
39.400000000000006,24.568714993139668,24.56950887131836,24.0,0.0,1.0,1.1250000000000353,0.16891891891892927
39.5,24.56950887131836,24.569748320609694,24.0,0.0,1.0,1.1250000000000353,0.16891891891892927
39.6,24.569748320609694,24.569422118747095,24.0,0.0,1.0,1.1250000000000353,0.16891891891892927
39.7,24.569422118747095,24.568519475789884,24.0,0.0,1.0,1.1250000000000353,0.16891891891892927
39.800000000000004,24.568519475789884,24.567030053660094,24.0,0.0,1.0,1.1250000000000353,0.16891891891892927
39.900000000000006,24.567030053660094,24.56494398575065,24.0,0.0,1.0,1.1250000000000353,0.16891891891892927
40.0,24.56494398575065,24.56225189660345,24.0,0.0,1.0,1.1250000000000353,0.16891891891892927
40.1,24.56225189660345,24.55894492165585,24.0,0.0,1.0,1.1250000000000353,0.16891891891892927
40.2,24.55894492165585,24.555014727054093,24.0,0.0,1.0,1.1250000000000353,0.16891891891892927
40.300000000000004,24.555014727054093,24.550453529532184,24.0,0.0,1.0,1.1250000000000353,0.16891891891892927
40.400000000000006,24.550453529532184,24.545254116354787,24.0,0.0,1.0,1.1250000000000353,0.16891891891892927
40.5,24.545254116354787,24.53940986532269,24.0,0.0,1.0,1.1250000000000353,0.16891891891892927
40.6,24.53940986532269,24.53291476483937,24.0,0.0,1.0,1.1250000000000353,0.16891891891892927
40.7,24.53291476483937,24.525763434037284,24.0,0.0,1.0,1.1250000000000353,0.16891891891892927
40.800000000000004,24.525763434037284,24.5179511429624,24.0,0.0,1.0,1.1250000000000353,0.16891891891892927
40.900000000000006,24.5179511429624,24.509473832815612,24.0,0.0,1.0,1.1250000000000353,0.16891891891892927
41.0,24.509473832815612,24.500328136249603,24.0,0.0,1.0,1.1250000000000353,0.16891891891892927
41.1,24.500328136249603,24.49051139771978,24.0,0.0,1.0,1.1250000000000353,0.16891891891892927
41.2,24.49051139771978,24.480021693887885,24.0,0.0,1.0,1.1250000000000353,0.16891891891892927
41.300000000000004,24.480021693887885,24.468857854076923,24.0,0.0,1.0,1.1250000000000353,0.16891891891892927
41.400000000000006,24.468857854076923,24.45701944439089,24.0,0.0,1.0,1.1250000000000353,0.16891891891892927
41.5,24.45701944439089,24.444765008788007,24.0,0.0,1.0,1.1250000000000353,0.16891891891892927
41.6,24.444765008788007,24.432571692437676,24.0,0.0,1.0,1.1250000000000353,0.16891891891892927
41.7,24.432571692437676,24.42043919050635,24.0,0.0,1.0,1.1250000000000353,0.16891891891892927
41.800000000000004,24.42043919050635,24.408367199680853,24.0,0.0,1.0,1.1250000000000353,0.16891891891892927
41.900000000000006,24.408367199680853,24.396355418160784,24.0,0.0,1.0,1.1250000000000353,0.16891891891892927
42.0,24.396355418160784,24.38440354565098,24.0,0.0,1.0,1.1250000000000353,0.16891891891892927
42.1,24.38440354565098,24.372511283354005,24.0,0.0,1.0,1.1250000000000353,0.16891891891892927
42.2,24.372511283354005,24.36067833396268,24.0,0.0,1.0,1.1250000000000353,0.16891891891892927
42.300000000000004,24.36067833396268,24.34890440165266,24.0,0.0,0.994329895930139,1.1250000000000353,0.16891891891892927
42.400000000000006,24.34890440165266,24.337189192075016,24.0,0.0,0.9869778775146872,1.1250000000000353,0.16891891891892927
42.5,24.337189192075016,24.325532412348903,24.0,0.0,0.9794940301194823,1.1250000000000353,0.16891891891892927
42.6,24.325532412348903,24.31393377105422,24.0,0.0,0.9718790112443092,1.1250000000000353,0.16891891891892927
42.7,24.31393377105422,24.302392978224333,24.0,0.0,0.9641334751096532,1.1250000000000353,0.16891891891892927
42.800000000000004,24.302392978224333,24.290909745338816,24.0,0.0,0.9562580726730626,1.1250000000000353,0.16891891891892927
42.900000000000006,24.290909745338816,24.279483785316252,24.0,0.0,0.9482534516454166,1.1250000000000353,0.16891891891892927
43.0,24.279483785316252,24.268114812507044,24.0,0.0,0.9401202565071313,1.1250000000000353,0.16891891891892927
43.1,24.268114812507044,24.25680254268628,24.0,0.0,0.9318591285242557,1.1250000000000353,0.16891891891892927
43.2,24.25680254268628,24.245546693046624,24.0,0.0,0.9234707057645164,1.1250000000000353,0.16891891891892927
43.300000000000004,24.245546693046624,24.23434698219125,24.0,0.0,0.9149556231132576,1.1250000000000353,0.16891891891892927
43.400000000000006,24.23434698219125,24.223203130126805,24.0,0.0,0.9063145122893295,1.1250000000000353,0.16891891891892927
43.5,24.223203130126805,24.212114858256403,24.0,0.0,0.8975480018608611,1.1250000000000353,0.16891891891892927
43.6,24.212114858256403,24.201081889372674,24.0,0.0,0.8886567172609892,1.1250000000000353,0.16891891891892927
43.7,24.201081889372674,24.19010394765082,24.0,0.0,0.8796412808034945,1.1250000000000353,0.16891891891892927
43.800000000000004,24.19010394765082,24.17918075864172,24.0,0.0,0.8705023116983472,1.1250000000000353,0.16891891891892927
43.900000000000006,24.17918075864172,24.16831204926509,24.0,0.0,0.8612404260671946,1.1250000000000353,0.16891891891892927
44.0,24.16831204926509,24.157497547802624,24.0,0.0,0.8518562369587737,1.1250000000000353,0.16891891891892927
44.1,24.157497547802624,24.146736983891223,24.0,0.0,0.842350354364219,1.1250000000000353,0.16891891891892927
44.2,24.146736983891223,24.13603008851623,24.0,0.0,0.832723385232326,1.1250000000000353,0.16891891891892927
44.300000000000004,24.13603008851623,24.1253765940047,24.0,0.0,0.8229759334847175,1.1250000000000353,0.16891891891892927
44.400000000000006,24.1253765940047,24.114776234018713,24.0,0.0,0.8131086000309471,1.1250000000000353,0.16891891891892927
44.5,24.114776234018713,24.104228743548724,24.0,0.0,0.803121982783515,1.1250000000000353,0.16891891891892927
44.6,24.104228743548724,24.09373385890692,24.0,0.0,0.7930166766728299,1.1250000000000353,0.16891891891892927
44.7,24.09373385890692,24.083291317720636,24.0,0.0,0.782793273662065,1.1250000000000353,0.16891891891892927
44.800000000000004,24.083291317720636,24.0729008589258,24.0,0.0,0.7724523627619668,1.1250000000000353,0.16891891891892927
44.900000000000006,24.0729008589258,24.0625622227604,24.0,0.0,0.7619945300455746,1.1250000000000353,0.16891891891892927
45.0,24.0625622227604,24.052275150757993,24.0,0.0,0.751420358662884,1.1250000000000353,0.16891891891892927
45.1,24.052275150757993,24.042039385741248,24.0,0.0,0.7407304288554136,1.1250000000000353,0.16891891891892927
45.2,24.042039385741248,24.031854671815502,24.0,0.0,0.729925317970718,1.1250000000000353,0.16891891891892927
45.300000000000004,24.031854671815502,24.021720754362377,24.0,0.0,0.7190056004768128,1.1250000000000353,0.16891891891892927
45.400000000000006,24.021720754362377,24.01163738003341,24.0,0.0,0.7079718479765468,1.1250000000000353,0.16891891891892927
45.5,24.01163738003341,24.001604296743714,24.0,0.0,0.696824629221887,1.1250000000000353,0.16891891891892927
45.6,24.001604296743714,23.991621253665688,24.0,0.0,0.685564510128137,1.1250000000000353,0.16891891891892927
45.7,23.991621253665688,23.981688001222736,24.0,0.0,0.6741920537880879,1.1250000000000353,0.16891891891892927
45.800000000000004,23.981688001222736,23.971804291083025,24.0,0.0,0.6627078204860964,1.1250000000000353,0.16891891891892927
45.900000000000006,23.971804291083025,23.96196987615329,24.0,0.0,0.6511123677120805,1.1250000000000353,0.16891891891892927
46.0,23.96196987615329,23.952184510572646,24.0,0.0,0.6394062501754747,1.1250000000000353,0.16891891891892927
46.1,23.952184510572646,23.94244794970644,24.0,0.0,0.6275900198190851,1.1250000000000353,0.16891891891892927
46.2,23.94244794970644,23.93275995014015,24.0,0.0,0.6156642258328884,1.1250000000000353,0.16891891891892927
46.300000000000004,23.93275995014015,23.923120269673273,24.0,0.0,0.603629414667771,1.1250000000000353,0.16891891891892927
46.400000000000006,23.923120269673273,23.913528667313305,24.0,0.0,0.5914861300491785,1.1250000000000353,0.16891891891892927
46.5,23.913528667313305,23.90398490326968,24.0,0.0,0.5792349129907219,1.1250000000000353,0.16891891891892927
46.6,23.90398490326968,23.894488738947803,24.0,0.0,0.5668763018076868,1.1250000000000353,0.16891891891892927
46.7,23.894488738947803,23.885039936943073,24.0,0.0,0.5544108321305032,1.1250000000000353,0.16891891891892927
46.800000000000004,23.885039936943073,23.875638261034943,24.0,0.0,0.5418390369181387,1.1250000000000353,0.16891891891892927
46.900000000000006,23.875638261034943,23.86628347618103,24.0,0.0,0.5291614464714067,1.1250000000000353,0.16891891891892927
47.0,23.86628347618103,23.856975348511227,24.0,0.0,0.516378588446246,1.1250000000000353,0.16891891891892927
47.1,23.856975348511227,23.84771364532185,24.0,0.0,0.5034909878668918,1.1250000000000353,0.16891891891892927
47.2,23.84771364532185,23.83849813506984,24.0,0.0,0.49049916713900815,1.1250000000000353,0.16891891891892927
47.300000000000004,23.83849813506984,23.82955482546319,24.0,0.0,0.47740364606275854,1.1250000000000353,0.16891891891892927
47.400000000000006,23.82955482546319,23.820949467557874,24.0,0.0,0.46446328129350634,1.1250000000000353,0.16891891891892927
47.5,23.820949467557874,23.812685635810983,24.0,0.0,0.4517577514128259,1.1250000000000353,0.16891891891892927
47.6,23.812685635810983,23.80476686061758,24.0,0.0,0.43929684670789343,1.1250000000000353,0.16891891891892927
47.7,23.80476686061758,23.797196628661307,24.0,0.0,0.42709036753115215,1.1250000000000353,0.16891891891892927
47.800000000000004,23.797196628661307,23.78997838326258,24.0,0.0,0.41514812395638095,1.1250000000000353,0.16891891891892927
47.900000000000006,23.78997838326258,23.783115524724412,24.0,0.0,0.4034799354379216,1.1250000000000353,0.16891891891892927
48.0,23.783115524724412,23.77661141067586,24.0,0.0,0.3920956304730987,1.1250000000000353,0.16891891891892927
48.1,23.77661141067586,23.770469356413106,24.0,0.0,0.38100504626773013,1.1250000000000353,0.16891891891892927
48.2,23.770469356413106,23.764692635238227,24.0,0.0,0.37021802840478635,1.1250000000000353,0.16891891891892927
48.300000000000004,23.764692635238227,23.7592844787956,24.0,0.0,0.35974443051612526,1.1250000000000353,0.16891891891892927
48.400000000000006,23.7592844787956,23.75424807740602,24.0,0.0,0.3495941139572844,1.1250000000000353,0.16891891891892927
48.5,23.75424807740602,23.749586580398525,24.0,0.0,0.3397769474853266,1.1250000000000353,0.16891891891892927
48.6,23.749586580398525,23.745303096439912,24.0,0.0,0.330302806939705,1.1250000000000353,0.16891891891892927
48.7,23.745303096439912,23.74140069386202,24.0,0.0,0.32118157492612853,1.1250000000000353,0.16891891891892927
48.800000000000004,23.74140069386202,23.737882400986738,24.0,0.0,0.3124231405033976,1.1250000000000353,0.16891891891892927
48.900000000000006,23.737882400986738,23.73475120644878,24.0,0.0,0.30403739887321163,1.1250000000000353,0.16891891891892927
49.0,23.73475120644878,23.732010059516238,24.0,0.0,0.29603425107288756,1.1250000000000353,0.16891891891892927
49.1,23.732010059516238,23.729661870408915,24.0,0.0,0.28842360367101016,1.1250000000000353,0.16891891891892927
49.2,23.729661870408915,23.727709510614478,24.0,0.0,0.2812153684659624,1.1250000000000353,0.16891891891892927
49.300000000000004,23.727709510614478,23.726155813202414,24.0,0.0,0.27441946218732977,1.1250000000000353,0.16891891891892927
49.400000000000006,23.726155813202414,23.72500357313583,24.0,0.0,0.26804580620015006,1.1250000000000353,0.16891891891892927
49.5,23.72500357313583,23.724255547581084,24.0,0.0,0.2621043262119958,1.1250000000000353,0.16891891891892927
49.6,23.724255547581084,23.723914456215287,24.0,0.0,0.25660495198285743,1.1250000000000353,0.16891891891892927
49.7,23.723914456215287,23.723982981531677,24.0,0.0,0.25155761703780954,1.1250000000000353,0.16891891891892927
49.800000000000004,23.723982981531677,23.724463769142872,24.0,0.0,0.24697225838245895,1.1250000000000353,0.16891891891892927
49.900000000000006,23.724463769142872,23.725359428082033,24.0,0.0,0.24285881622111555,1.1250000000000353,0.16891891891892927
50.0,23.725359428082033,23.72667253110193,24.0,0.0,0.23922723367770554,1.1250000000000353,0.16891891891892927
50.1,23.72667253110193,23.728405614971937,24.0,0.0,0.23608745651937801,1.1250000000000353,0.16891891891892927
50.2,23.728405614971937,23.730561180772984,24.0,0.0,0.23344943288279746,1.1250000000000353,0.16891891891892927
50.300000000000004,23.730561180772984,23.733141694190437,24.0,0.0,0.23132311300311342,1.1250000000000353,0.16891891891892927
50.400000000000006,23.733141694190437,23.73614958580495,24.0,0.0,0.22971844894555882,1.1250000000000353,0.16891891891892927
50.5,23.73614958580495,23.73958725138131,24.0,0.0,0.22864539433967113,1.1250000000000353,0.16891891891892927
50.6,23.73958725138131,23.74345705215526,24.0,0.0,0.22811390411613874,1.1250000000000353,0.16891891891892927
50.7,23.74345705215526,23.747761315118343,24.0,0.0,0.22813393424621403,1.1250000000000353,0.16891891891892927
50.800000000000004,23.747761315118343,23.752502333300733,24.0,0.0,0.22871544148370704,1.1250000000000353,0.16891891891892927
50.900000000000006,23.752502333300733,23.757682366052137,24.0,0.0,0.22986838310951613,1.1250000000000353,0.16891891891892927
51.0,23.757682366052137,23.763303639320704,24.0,0.0,0.2316027166786997,1.1250000000000353,0.16891891891892927
51.1,23.763303639320704,23.769368345930012,24.0,0.0,0.23392839977003804,1.1250000000000353,0.16891891891892927
51.2,23.769368345930012,23.775878645854117,24.0,0.0,0.23685538973811138,1.1250000000000353,0.16891891891892927
51.300000000000004,23.775878645854117,23.782836666490674,24.0,0.0,0.24039364346783348,1.1250000000000353,0.16891891891892927
51.400000000000006,23.782836666490674,23.790244502932165,24.0,0.0,0.24455311713143718,1.1250000000000353,0.16891891891892927
51.5,23.790244502932165,23.798104218235217,24.0,0.0,0.24934376594791455,1.1250000000000353,0.16891891891892927
51.6,23.798104218235217,23.806417843688056,24.0,0.0,0.2547755439448486,1.1250000000000353,0.16891891891892927
51.7,23.806417843688056,23.815187379076068,24.0,0.0,0.260858403722672,1.1250000000000353,0.16891891891892927
51.800000000000004,23.815187379076068,23.824414792945518,24.0,0.0,0.2676022962212815,1.1250000000000353,0.16891891891892927
51.900000000000006,23.824414792945518,23.834102022865412,24.0,0.0,0.27501717048903307,1.1250000000000353,0.16891891891892927
52.0,23.834102022865412,23.844250975687537,24.0,0.0,0.28311297345407327,1.1250000000000353,0.16891891891892927
52.1,23.844250975687537,23.854863527804657,24.0,0.0,0.2918996496980096,1.1250000000000353,0.16891891891892927
52.2,23.854863527804657,23.865941525406917,24.0,0.0,0.3013871412318756,1.1250000000000353,0.16891891891892927
52.300000000000004,23.865941525406917,23.877486784736433,24.0,0.0,0.31158538727440066,1.1250000000000353,0.16891891891892927
52.400000000000006,23.877486784736433,23.889490784553146,24.0,0.0,0.32250432403254625,1.1250000000000353,0.16891891891892927
52.5,23.889490784553146,23.901941866928187,24.0,0.0,0.3341421141059626,1.1250000000000353,0.16891891891892927
52.6,23.901941866928187,23.914828041442757,24.0,0.0,0.3464931943949138,1.1250000000000353,0.16891891891892927
52.7,23.914828041442757,23.928136986444834,24.0,0.0,0.35955142520763556,1.1250000000000353,0.16891891891892927
52.800000000000004,23.928136986444834,23.941856050313312,24.0,0.0,0.37331008607897304,1.1250000000000353,0.16891891891892927
52.900000000000006,23.941856050313312,23.955972252729445,24.0,0.0,0.3877618716187367,1.1250000000000353,0.16891891891892927
53.0,23.955972252729445,23.97047228595542,24.0,0.0,0.40289888738974927,1.1250000000000353,0.16891891891892927
53.1,23.97047228595542,23.98534251611989,24.0,0.0,0.41871264581551565,1.1250000000000353,0.16891891891892927
53.2,23.98534251611989,24.000568984510327,24.0,0.0,0.43519406211743383,1.1250000000000353,0.16891891891892927
53.300000000000004,24.000568984510327,24.016137408872023,24.0,0.0,0.4523334502815134,1.1250000000000353,0.16891891891892927
53.400000000000006,24.016137408872023,24.032033184713583,24.0,0.0,0.47012051905450347,1.1250000000000353,0.16891891891892927
53.5,24.032033184713583,24.048241386618766,24.0,0.0,0.48854436796939427,1.1250000000000353,0.16891891891892927
53.6,24.048241386618766,24.06474676956452,24.0,0.0,0.5075934834002049,1.1250000000000353,0.16891891891892927
53.7,24.06474676956452,24.081533770245045,24.0,0.0,0.5272557346460097,1.1250000000000353,0.16891891891892927
53.800000000000004,24.081533770245045,24.09858650840177,24.0,0.0,0.5475183700441204,1.1250000000000353,0.16891891891892927
53.900000000000006,24.09858650840177,24.115888788159037,24.0,0.0,0.5683680131123582,1.1250000000000353,0.16891891891892927
54.0,24.115888788159037,24.133424099365428,24.0,0.0,0.5897906587203492,1.1250000000000353,0.16891891891892927
54.1,24.133424099365428,24.151175618940506,24.0,0.0,0.6117716692897937,1.1250000000000353,0.16891891891892927
54.2,24.151175618940506,24.169126212226896,24.0,0.0,0.6342957710235906,1.1250000000000353,0.16891891891892927
54.300000000000004,24.169126212226896,24.18725843434752,24.0,0.0,0.6573470501638018,1.1250000000000353,0.16891891891892927
54.400000000000006,24.18725843434752,24.20555453156787,24.0,0.0,0.6809089492783476,1.1250000000000353,0.16891891891892927
54.5,24.20555453156787,24.22399644266318,24.0,0.0,0.7049642635763754,1.1250000000000353,0.16891891891892927
54.6,24.22399644266318,24.242565800290336,24.0,0.0,0.7294951372522334,1.1250000000000353,0.16891891891892927
54.7,24.242565800290336,24.26124393236443,24.0,0.0,0.754483059857961,1.1250000000000353,0.16891891891892927
54.800000000000004,24.26124393236443,24.280011863439782,24.0,0.0,0.7799088627042297,1.1250000000000353,0.16891891891892927
54.900000000000006,24.280011863439782,24.29885031609534,24.0,0.0,0.805752715289674,1.1250000000000353,0.16891891891892927
55.0,24.29885031609534,24.31773971232429,24.0,0.0,0.8319941217585181,1.1250000000000353,0.16891891891892927
55.1,24.31773971232429,24.336660174927772,24.0,0.0,0.8586119173864303,1.1250000000000353,0.16891891891892927
55.2,24.336660174927772,24.355591528912555,24.0,0.0,0.8855842650945341,1.1250000000000353,0.16891891891892927
55.300000000000004,24.355591528912555,24.374513302892574,24.0,0.0,0.9128886519914796,1.1250000000000353,0.16891891891892927
55.400000000000006,24.374513302892574,24.39340473049416,24.0,0.0,0.9405018859435382,1.1250000000000353,0.16891891891892927
55.5,24.39340473049416,24.4122447517649,24.0,0.0,0.9684000921725919,1.1250000000000353,0.16891891891892927
55.6,24.4122447517649,24.431012014585928,24.0,0.0,0.9965587098819848,1.1250000000000353,0.16891891891892927
55.7,24.431012014585928,24.449684876087616,24.0,0.0,1.0,1.1250000000000353,0.16891891891892927
55.800000000000004,24.449684876087616,24.46824140406846,24.0,0.0,1.0,1.1250000000000353,0.16891891891892927
55.900000000000006,24.46824140406846,24.4866593784171,24.0,0.0,1.0,1.1250000000000353,0.16891891891892927
56.0,24.4866593784171,24.504916292537345,24.0,0.0,1.0,1.1250000000000353,0.16891891891892927
56.1,24.504916292537345,24.522989354776062,24.0,0.0,1.0,1.1250000000000353,0.16891891891892927
56.2,24.522989354776062,24.540855489853865,24.0,0.0,1.0,1.1250000000000353,0.16891891891892927
56.300000000000004,24.540855489853865,24.55849134029843,24.0,0.0,1.0,1.1250000000000353,0.16891891891892927
56.400000000000006,24.55849134029843,24.575873267880393,24.0,0.0,1.0,1.1250000000000353,0.16891891891892927
56.5,24.575873267880393,24.592977355051644,24.0,0.0,1.0,1.1250000000000353,0.16891891891892927
56.6,24.592977355051644,24.609779406385996,24.0,0.0,1.0,1.1250000000000353,0.16891891891892927
56.7,24.609779406385996,24.626254950022034,24.0,0.0,1.0,1.1250000000000353,0.16891891891892927
56.800000000000004,24.626254950022034,24.642379239108102,24.0,0.0,1.0,1.1250000000000353,0.16891891891892927
56.900000000000006,24.642379239108102,24.658127253249297,24.0,0.0,1.0,1.1250000000000353,0.16891891891892927
57.0,24.658127253249297,24.673473699956368,24.0,0.0,1.0,1.1250000000000353,0.16891891891892927
57.1,24.673473699956368,24.68839301609642,24.0,0.0,1.0,1.1250000000000353,0.16891891891892927
57.2,24.68839301609642,24.70285936934532,24.0,0.0,1.0,1.1250000000000353,0.16891891891892927
57.300000000000004,24.70285936934532,24.7168466596417,24.0,0.0,1.0,1.1250000000000353,0.16891891891892927
57.400000000000006,24.7168466596417,24.730328520642487,24.0,0.0,1.0,1.1250000000000353,0.16891891891892927
57.5,24.730328520642487,24.743278790819875,24.0,0.0,1.0,1.1250000000000353,0.16891891891892927
57.6,24.743278790819875,24.75567166109582,24.0,0.0,1.0,1.1250000000000353,0.16891891891892927
57.7,24.75567166109582,24.76748169609032,24.0,0.0,1.0,1.1250000000000353,0.16891891891892927
57.800000000000004,24.76748169609032,24.778683855430536,24.0,0.0,1.0,1.1250000000000353,0.16891891891892927
57.900000000000006,24.778683855430536,24.7892535151193,24.0,0.0,1.0,1.1250000000000353,0.16891891891892927
58.0,24.7892535151193,24.799166488961486,24.0,0.0,1.0,1.1250000000000353,0.16891891891892927
58.1,24.799166488961486,24.80839905004685,24.0,0.0,1.0,1.1250000000000353,0.16891891891892927
58.2,24.80839905004685,24.816927952287777,24.0,0.0,1.0,1.1250000000000353,0.16891891891892927
58.300000000000004,24.816927952287777,24.82473045201057,24.0,0.0,1.0,1.1250000000000353,0.16891891891892927
58.400000000000006,24.82473045201057,24.831784329598793,24.0,0.0,1.0,1.1250000000000353,0.16891891891892927
58.5,24.831784329598793,24.838067911187263,24.0,0.0,1.0,1.1250000000000353,0.16891891891892927
58.6,24.838067911187263,24.843560090405237,24.0,0.0,1.0,1.1250000000000353,0.16891891891892927
58.7,24.843560090405237,24.84824035016743,24.0,0.0,1.0,1.1250000000000353,0.16891891891892927
58.800000000000004,24.84824035016743,24.8520887845114,24.0,0.0,1.0,1.1250000000000353,0.16891891891892927
58.900000000000006,24.8520887845114,24.855086120479978,24.0,0.0,1.0,1.1250000000000353,0.16891891891892927
59.0,24.855086120479978,24.857213740047307,24.0,0.0,1.0,1.1250000000000353,0.16891891891892927
59.1,24.857213740047307,24.858453702087125,24.0,0.0,1.0,1.1250000000000353,0.16891891891892927
59.2,24.858453702087125,24.858788764381963,24.0,0.0,1.0,1.1250000000000353,0.16891891891892927
59.300000000000004,24.858788764381963,24.858202405671857,24.0,0.0,1.0,1.1250000000000353,0.16891891891892927
59.400000000000006,24.858202405671857,24.856678847741268,24.0,0.0,1.0,1.1250000000000353,0.16891891891892927
59.5,24.856678847741268,24.854203077542856,24.0,0.0,1.0,1.1250000000000353,0.16891891891892927
59.6,24.854203077542856,24.850760869356783,24.0,0.0,1.0,1.1250000000000353,0.16891891891892927
59.7,24.850760869356783,24.84633880698424,24.0,0.0,1.0,1.1250000000000353,0.16891891891892927
59.800000000000004,24.84633880698424,24.84092430597388,24.0,0.0,1.0,1.1250000000000353,0.16891891891892927
59.900000000000006,24.84092430597388,24.834505635879882,24.0,0.0,1.0,1.1250000000000353,0.16891891891892927
60.0,24.834505635879882,24.832059463357638,24.0,1.0,1.0,1.1250000000000353,0.16891891891892927
60.1,24.832059463357638,24.828563436695433,24.0,1.0,1.0,1.1250000000000353,0.16891891891892927
60.2,24.828563436695433,24.824008645375617,24.0,1.0,1.0,1.1250000000000353,0.16891891891892927
60.300000000000004,24.824008645375617,24.818387121590046,24.0,1.0,1.0,1.1250000000000353,0.16891891891892927
60.400000000000006,24.818387121590046,24.811691862640178,24.0,1.0,1.0,1.1250000000000353,0.16891891891892927
60.5,24.811691862640178,24.8039168533612,24.0,1.0,1.0,1.1250000000000353,0.16891891891892927
60.6,24.8039168533612,24.79505708856893,24.0,1.0,1.0,1.1250000000000353,0.16891891891892927
60.7,24.79505708856893,24.78610420398937,24.0,1.0,1.0,1.1250000000000353,0.16891891891892927
60.800000000000004,24.78610420398937,24.777195972107936,24.0,1.0,1.0,1.1250000000000353,0.16891891891892927
60.900000000000006,24.777195972107936,24.76833217021837,24.0,1.0,1.0,1.1250000000000353,0.16891891891892927
61.0,24.76833217021837,24.759512576725154,24.0,1.0,1.0,1.1250000000000353,0.16891891891892927
61.1,24.759512576725154,24.750736971138,24.0,1.0,1.0,1.1250000000000353,0.16891891891892927
61.2,24.750736971138,24.74200513406631,24.0,1.0,1.0,1.1250000000000353,0.16891891891892927
61.300000000000004,24.74200513406631,24.7333168472137,24.0,1.0,1.0,1.1250000000000353,0.16891891891892927
61.400000000000006,24.7333168472137,24.72467189337255,24.0,1.0,1.0,1.1250000000000353,0.16891891891892927
61.5,24.72467189337255,24.716070056418555,24.0,1.0,1.0,1.1250000000000353,0.16891891891892927
61.6,24.716070056418555,24.70751112130535,24.0,1.0,1.0,1.1250000000000353,0.16891891891892927
61.7,24.70751112130535,24.698994874059114,24.0,1.0,1.0,1.1250000000000353,0.16891891891892927
61.800000000000004,24.698994874059114,24.690521101773218,24.0,1.0,1.0,1.1250000000000353,0.16891891891892927
61.900000000000006,24.690521101773218,24.682089592602914,24.0,1.0,1.0,1.1250000000000353,0.16891891891892927
62.0,24.682089592602914,24.673700135760033,24.0,1.0,1.0,1.1250000000000353,0.16891891891892927
62.1,24.673700135760033,24.66535252150772,24.0,1.0,1.0,1.1250000000000353,0.16891891891892927
62.2,24.66535252150772,24.657046541155182,24.0,1.0,1.0,1.1250000000000353,0.16891891891892927
62.300000000000004,24.657046541155182,24.648781987052477,24.0,1.0,1.0,1.1250000000000353,0.16891891891892927
62.400000000000006,24.648781987052477,24.640558652585323,24.0,1.0,1.0,1.1250000000000353,0.16891891891892927
62.5,24.640558652585323,24.63237633216993,24.0,1.0,1.0,1.1250000000000353,0.16891891891892927
62.6,24.63237633216993,24.62423482124786,24.0,1.0,1.0,1.1250000000000353,0.16891891891892927
62.7,24.62423482124786,24.616133916280916,24.0,1.0,1.0,1.1250000000000353,0.16891891891892927
62.800000000000004,24.616133916280916,24.608073414746052,24.0,1.0,1.0,1.1250000000000353,0.16891891891892927
62.900000000000006,24.608073414746052,24.60005311513031,24.0,1.0,1.0,1.1250000000000353,0.16891891891892927
63.0,24.60005311513031,24.592072816925786,24.0,1.0,1.0,1.1250000000000353,0.16891891891892927
63.1,24.592072816925786,24.584132320624605,24.0,1.0,1.0,1.1250000000000353,0.16891891891892927
63.2,24.584132320624605,24.576231427713946,24.0,1.0,1.0,1.1250000000000353,0.16891891891892927
63.300000000000004,24.576231427713946,24.568369940671076,24.0,1.0,1.0,1.1250000000000353,0.16891891891892927
63.400000000000006,24.568369940671076,24.560547662958406,24.0,1.0,1.0,1.1250000000000353,0.16891891891892927
63.5,24.560547662958406,24.55276439901859,24.0,1.0,1.0,1.1250000000000353,0.16891891891892927
63.6,24.55276439901859,24.54501995426962,24.0,1.0,1.0,1.1250000000000353,0.16891891891892927
63.7,24.54501995426962,24.53731413509998,24.0,1.0,1.0,1.1250000000000353,0.16891891891892927
63.800000000000004,24.53731413509998,24.529646748863783,24.0,1.0,1.0,1.1250000000000353,0.16891891891892927
63.900000000000006,24.529646748863783,24.52201760387598,24.0,1.0,1.0,1.1250000000000353,0.16891891891892927
64.0,24.52201760387598,24.514426509407546,24.0,1.0,1.0,1.1250000000000353,0.16891891891892927
64.10000000000001,24.514426509407546,24.50687327568072,24.0,1.0,1.0,1.1250000000000353,0.16891891891892927
64.2,24.50687327568072,24.499357713864274,24.0,1.0,1.0,1.1250000000000353,0.16891891891892927
64.3,24.499357713864274,24.491879636068763,24.0,1.0,1.0,1.1250000000000353,0.16891891891892927
64.4,24.491879636068763,24.484438855341857,24.0,1.0,1.0,1.1250000000000353,0.16891891891892927
64.5,24.484438855341857,24.47703518566365,24.0,1.0,1.0,1.1250000000000353,0.16891891891892927
64.60000000000001,24.47703518566365,24.469668441942012,24.0,1.0,1.0,1.1250000000000353,0.16891891891892927
64.7,24.469668441942012,24.46233844000797,24.0,1.0,1.0,1.1250000000000353,0.16891891891892927
64.8,24.46233844000797,24.45504499661109,24.0,1.0,1.0,1.1250000000000353,0.16891891891892927
64.9,24.45504499661109,24.447787929414908,24.0,1.0,1.0,1.1250000000000353,0.16891891891892927
65.0,24.447787929414908,24.440567056992368,24.0,1.0,1.0,1.1250000000000353,0.16891891891892927
65.10000000000001,24.440567056992368,24.43338219882128,24.0,1.0,1.0,1.1250000000000353,0.16891891891892927
65.2,24.43338219882128,24.426233175279823,24.0,1.0,1.0,1.1250000000000353,0.16891891891892927
65.3,24.426233175279823,24.419119807642026,24.0,1.0,1.0,1.1250000000000353,0.16891891891892927
65.4,24.419119807642026,24.412041918073335,24.0,1.0,1.0,1.1250000000000353,0.16891891891892927
65.5,24.412041918073335,24.40499932962614,24.0,1.0,0.9963305219789758,1.1250000000000353,0.16891891891892927
65.60000000000001,24.40499932962614,24.397991866235362,24.0,1.0,0.9952488148682148,1.1250000000000353,0.16891891891892927
65.7,24.397991866235362,24.391019352714054,24.0,1.0,0.9940882541318898,1.1250000000000353,0.16891891891892927
65.8,24.391019352714054,24.38408161474901,24.0,1.0,0.9928492330541014,1.1250000000000353,0.16891891891892927
65.9,24.38408161474901,24.377178478896425,24.0,1.0,0.9915321429574322,1.1250000000000353,0.16891891891892927
66.0,24.377178478896425,24.37030977257754,24.0,1.0,0.9901373732127403,1.1250000000000353,0.16891891891892927
66.10000000000001,24.37030977257754,24.363475324074336,24.0,1.0,0.9886653112488837,1.1250000000000353,0.16891891891892927
66.2,24.363475324074336,24.35667496252525,24.0,1.0,0.9871163425624154,1.1250000000000353,0.16891891891892927
66.3,24.35667496252525,24.349908517920888,24.0,1.0,0.9854908507272151,1.1250000000000353,0.16891891891892927
66.4,24.349908517920888,24.34317582109978,24.0,1.0,0.9837892174040785,1.1250000000000353,0.16891891891892927
66.5,24.34317582109978,24.33647670374416,24.0,1.0,0.9820118223502621,1.1250000000000353,0.16891891891892927
66.60000000000001,24.33647670374416,24.32981099837574,24.0,1.0,0.9801590434289765,1.1250000000000353,0.16891891891892927
66.7,24.32981099837574,24.32317853835154,24.0,1.0,0.9782312566188246,1.1250000000000353,0.16891891891892927
66.8,24.32317853835154,24.316579157859717,24.0,1.0,0.9762288360232138,1.1250000000000353,0.16891891891892927
66.9,24.316579157859717,24.31001269191541,24.0,1.0,0.974152153879704,1.1250000000000353,0.16891891891892927
67.0,24.31001269191541,24.303478976356633,24.0,1.0,0.9720015805693087,1.1250000000000353,0.16891891891892927
67.10000000000001,24.303478976356633,24.296977847840154,24.0,1.0,0.9697774846257623,1.1250000000000353,0.16891891891892927
67.2,24.296977847840154,24.290509143837422,24.0,1.0,0.9674802327447256,1.1250000000000353,0.16891891891892927
67.3,24.290509143837422,24.2840727026305,24.0,1.0,0.9651101897929606,1.1250000000000353,0.16891891891892927
67.4,24.2840727026305,24.27766836330802,24.0,1.0,0.9626677188174448,1.1250000000000353,0.16891891891892927
67.5,24.27766836330802,24.27129596576117,24.0,1.0,0.9601531810544532,1.1250000000000353,0.16891891891892927
67.60000000000001,24.27129596576117,24.264955350679678,24.0,1.0,0.9575669359385897,1.1250000000000353,0.16891891891892927
67.7,24.264955350679678,24.258646359547836,24.0,1.0,0.9549093411117715,1.1250000000000353,0.16891891891892927
67.8,24.258646359547836,24.252368834640535,24.0,1.0,0.9521807524321625,1.1250000000000353,0.16891891891892927
67.9,24.252368834640535,24.246122619019328,24.0,1.0,0.9493815239830801,1.1250000000000353,0.16891891891892927
68.0,24.246122619019328,24.2399075565285,24.0,1.0,0.9465120080818459,1.1250000000000353,0.16891891891892927
68.10000000000001,24.2399075565285,24.233723491791164,24.0,1.0,0.9435725552885921,1.1250000000000353,0.16891891891892927
68.2,24.233723491791164,24.22757027020538,24.0,1.0,0.9405635144150204,1.1250000000000353,0.16891891891892927
68.3,24.22757027020538,24.221447737940284,24.0,1.0,0.9374852325331315,1.1250000000000353,0.16891891891892927
68.4,24.221447737940284,24.215355741932257,24.0,1.0,0.9343380549838902,1.1250000000000353,0.16891891891892927
68.5,24.215355741932257,24.209294129881076,24.0,1.0,0.9311223253858769,1.1250000000000353,0.16891891891892927
68.60000000000001,24.209294129881076,24.20326275024613,24.0,1.0,0.9278383856438579,1.1250000000000353,0.16891891891892927
68.7,24.20326275024613,24.197261452242607,24.0,1.0,0.9244865759573481,1.1250000000000353,0.16891891891892927
68.8,24.197261452242607,24.191290085837746,24.0,1.0,0.9210672348291058,1.1250000000000353,0.16891891891892927
68.9,24.191290085837746,24.18534850174708,24.0,1.0,0.9175806990735993,1.1250000000000353,0.16891891891892927
69.0,24.18534850174708,24.179436551430694,24.0,1.0,0.9140273038254343,1.1250000000000353,0.16891891891892927
69.10000000000001,24.179436551430694,24.17355408708952,24.0,1.0,0.9104073825477224,1.1250000000000353,0.16891891891892927
69.2,24.17355408708952,24.167700961661648,24.0,1.0,0.9067212670404146,1.1250000000000353,0.16891891891892927
69.3,24.167700961661648,24.161877028818637,24.0,1.0,0.9029692874486126,1.1250000000000353,0.16891891891892927
69.4,24.161877028818637,24.15608214296186,24.0,1.0,0.89915177227081,1.1250000000000353,0.16891891891892927
69.5,24.15608214296186,24.15031615921887,24.0,1.0,0.8952690483671033,1.1250000000000353,0.16891891891892927
69.60000000000001,24.15031615921887,24.144578933439774,24.0,1.0,0.8913214409673695,1.1250000000000353,0.16891891891892927
69.7,24.144578933439774,24.138870322193625,24.0,1.0,0.8873092736793955,1.1250000000000353,0.16891891891892927
69.8,24.138870322193625,24.13319018276485,24.0,1.0,0.8832328684969646,1.1250000000000353,0.16891891891892927
69.9,24.13319018276485,24.12753837314966,24.0,1.0,0.8790925458079166,1.1250000000000353,0.16891891891892927
70.0,24.12753837314966,24.12191475205253,24.0,1.0,0.8748886244021423,1.1250000000000353,0.16891891891892927
70.10000000000001,24.12191475205253,24.11631917888263,24.0,1.0,0.8706214214795661,1.1250000000000353,0.16891891891892927
70.2,24.11631917888263,24.110751513750344,24.0,1.0,0.866291252658069,1.1250000000000353,0.16891891891892927
70.3,24.110751513750344,24.105211617463755,24.0,1.0,0.8618984319813812,1.1250000000000353,0.16891891891892927
70.4,24.105211617463755,24.099699351525167,24.0,1.0,0.8574432719269376,1.1250000000000353,0.16891891891892927
70.5,24.099699351525167,24.094360990911497,24.0,1.0,0.8529260834136809,1.1250000000000353,0.16891891891892927
70.60000000000001,24.094360990911497,24.089092415776243,24.0,1.0,0.8485143633805903,1.1250000000000353,0.16891891891892927
70.7,24.089092415776243,24.083896424335666,24.0,1.0,0.844092155809109,1.1250000000000353,0.16891891891892927
70.8,24.083896424335666,24.078775785157763,24.0,1.0,0.839663834768455,1.1250000000000353,0.16891891891892927
70.9,24.078775785157763,24.073733237388403,24.0,1.0,0.8352337877398974,1.1250000000000353,0.16891891891892927
71.0,24.073733237388403,24.06877149097595,24.0,1.0,0.8308064153741714,1.1250000000000353,0.16891891891892927
71.10000000000001,24.06877149097595,24.063893226894365,24.0,1.0,0.8263861312509732,1.1250000000000353,0.16891891891892927
71.2,24.063893226894365,24.05910109736482,24.0,1.0,0.8219773616405118,1.1250000000000353,0.16891891891892927
71.3,24.05910109736482,24.054397726075816,24.0,1.0,0.8175845452671529,1.1250000000000353,0.16891891891892927
71.4,24.054397726075816,24.049785708401824,24.0,1.0,0.8132121330750605,1.1250000000000353,0.16891891891892927
71.5,24.049785708401824,24.045267611620456,24.0,1.0,0.8088645879959044,1.1250000000000353,0.16891891891892927
71.60000000000001,24.045267611620456,24.040845975128164,24.0,1.0,0.8045463847185623,1.1250000000000353,0.16891891891892927
71.7,24.040845975128164,24.036523310654502,24.0,1.0,0.8002620094608172,1.1250000000000353,0.16891891891892927
71.8,24.036523310654502,24.03230210247493,24.0,1.0,0.7960159597430572,1.1250000000000353,0.16891891891892927
71.9,24.03230210247493,24.028184807622193,24.0,1.0,0.7918127441639252,1.1250000000000353,0.16891891891892927
72.0,24.028184807622193,24.02417385609627,24.0,1.0,0.787656882177944,1.1250000000000353,0.16891891891892927
72.10000000000001,24.02417385609627,24.020271651072907,24.0,1.0,0.7835529038750679,1.1250000000000353,0.16891891891892927
72.2,24.020271651072907,24.016480569110744,24.0,1.0,0.7795053497621792,1.1250000000000353,0.16891891891892927
72.3,24.016480569110744,24.01280296035704,24.0,1.0,0.7755187705464813,1.1250000000000353,0.16891891891892927
72.4,24.01280296035704,24.009241148752007,24.0,1.0,0.7715977269208104,1.1250000000000353,0.16891891891892927
72.5,24.009241148752007,24.005797432231777,24.0,1.0,0.7677467893508256,1.1250000000000353,0.16891891891892927
72.60000000000001,24.005797432231777,24.00247408292997,24.0,1.0,0.7639705378640759,1.1250000000000353,0.16891891891892927
72.7,24.00247408292997,23.999273347377926,24.0,1.0,0.7602735618409295,1.1250000000000353,0.16891891891892927
72.8,23.999273347377926,23.996197446703558,24.0,1.0,0.7566604598073431,1.1250000000000353,0.16891891891892927
72.9,23.996197446703558,23.99324857682888,24.0,1.0,0.7531358392294825,1.1250000000000353,0.16891891891892927
73.0,23.99324857682888,23.990428908666175,24.0,1.0,0.7497043163101456,1.1250000000000353,0.16891891891892927
73.10000000000001,23.990428908666175,23.98774058831285,24.0,1.0,0.7463705157870046,1.1250000000000353,0.16891891891892927
73.2,23.98774058831285,23.985185737244958,24.0,1.0,0.7431390707326361,1.1250000000000353,0.16891891891892927
73.3,23.985185737244958,23.98276645250942,24.0,1.0,0.7400146223563416,1.1250000000000353,0.16891891891892927
73.4,23.98276645250942,23.98048480691493,24.0,1.0,0.7370018198077367,1.1250000000000353,0.16891891891892927
73.5,23.98048480691493,23.978342849221566,24.0,1.0,0.7341053199820932,1.1250000000000353,0.16891891891892927
73.60000000000001,23.978342849221566,23.97634260432911,24.0,1.0,0.7313297873274222,1.1250000000000353,0.16891891891892927
73.7,23.97634260432911,23.974486073464103,24.0,1.0,0.7286798936532912,1.1250000000000353,0.16891891891892927
73.8,23.974486073464103,23.97277523436561,24.0,1.0,0.7261603179413781,1.1250000000000353,0.16891891891892927
73.9,23.97277523436561,23.971212041469727,24.0,1.0,0.7237757461576951,1.1250000000000353,0.16891891891892927
74.0,23.971212041469727,23.969798426092833,24.0,1.0,0.7215308710665448,1.1250000000000353,0.16891891891892927
74.10000000000001,23.969798426092833,23.968536296613593,24.0,1.0,0.7194303920461343,1.1250000000000353,0.16891891891892927
74.2,23.968536296613593,23.96742753865372,24.0,1.0,0.7174790149058672,1.1250000000000353,0.16891891891892927
74.3,23.96742753865372,23.966474015257504,24.0,1.0,0.7156814517052958,1.1250000000000353,0.16891891891892927
74.4,23.966474015257504,23.96567756707012,24.0,1.0,0.7140424205747131,1.1250000000000353,0.16891891891892927
74.5,23.96567756707012,23.965040012514713,24.0,1.0,0.7125666455373885,1.1250000000000353,0.16891891891892927
74.60000000000001,23.965040012514713,23.964563147968278,24.0,1.0,0.711258856333412,1.1250000000000353,0.16891891891892927
74.7,23.964563147968278,23.96424874793634,24.0,1.0,0.7101237882451635,1.1250000000000353,0.16891891891892927
74.8,23.96424874793634,23.964098565226436,24.0,1.0,0.7091661819243764,1.1250000000000353,0.16891891891892927
74.9,23.964098565226436,23.964114331120406,24.0,1.0,0.7083907832207739,1.1250000000000353,0.16891891891892927
75.0,23.964114331120406,23.964297755545523,24.0,1.0,0.7078023430123076,1.1250000000000353,0.16891891891892927
75.10000000000001,23.964297755545523,23.964650527244427,24.0,1.0,0.7074056170369414,1.1250000000000353,0.16891891891892927
75.2,23.964650527244427,23.965174313943912,24.0,1.0,0.7072053657259851,1.1250000000000353,0.16891891891892927
75.3,23.965174313943912,23.965870762522556,24.0,1.0,0.7072063540389858,1.1250000000000353,0.16891891891892927
75.4,23.965870762522556,23.966741499177196,24.0,1.0,0.7074133513001386,1.1250000000000353,0.16891891891892927
75.5,23.966741499177196,23.967788129588257,24.0,1.0,0.7078311310362237,1.1250000000000353,0.16891891891892927
75.60000000000001,23.967788129588257,23.969005568272053,24.0,1.0,0.7084644708160365,1.1250000000000353,0.16891891891892927
75.7,23.969005568272053,23.9703933817733,24.0,1.0,0.7093105347453073,1.1250000000000353,0.16891891891892927
75.8,23.9703933817733,23.971950964272484,24.0,1.0,0.7103717131398394,1.1250000000000353,0.16891891891892927
75.9,23.971950964272484,23.973677537910405,24.0,1.0,0.7116501921722413,1.1250000000000353,0.16891891891892927
76.0,23.973677537910405,23.975572153120748,24.0,1.0,0.7131479513309565,1.1250000000000353,0.16891891891892927
76.10000000000001,23.975572153120748,23.977633688970617,24.0,1.0,0.7148667608939566,1.1250000000000353,0.16891891891892927
76.2,23.977633688970617,23.979860853508875,24.0,1.0,0.7168081794171304,1.1250000000000353,0.16891891891892927
76.3,23.979860853508875,23.982252184122174,24.0,1.0,0.7189735512373477,1.1250000000000353,0.16891891891892927
76.4,23.982252184122174,23.984806047898573,24.0,1.0,0.7213640039901844,1.1250000000000353,0.16891891891892927
76.5,23.984806047898573,23.987520641998593,24.0,1.0,0.7239804461423252,1.1250000000000353,0.16891891891892927
76.60000000000001,23.987520641998593,23.99039399403362,24.0,1.0,0.7268235645386077,1.1250000000000353,0.16891891891892927
76.7,23.99039399403362,23.993423962451544,24.0,1.0,0.7298938219637173,1.1250000000000353,0.16891891891892927
76.80000000000001,23.993423962451544,23.996608236929468,24.0,1.0,0.7331914547185356,1.1250000000000353,0.16891891891892927
76.9,23.996608236929468,23.999944338773446,24.0,1.0,0.73671647021109,1.1250000000000353,0.16891891891892927
77.0,23.999944338773446,24.00342962132508,24.0,1.0,0.7404686445621435,1.1250000000000353,0.16891891891892927
77.10000000000001,24.00342962132508,24.007061270374894,24.0,1.0,0.7444475202253842,1.1250000000000353,0.16891891891892927
77.2,24.007061270374894,24.010836304582362,24.0,1.0,0.7486524036222185,1.1250000000000353,0.16891891891892927
77.30000000000001,24.010836304582362,24.01475157590248,24.0,1.0,0.753082362791133,1.1250000000000353,0.16891891891892927
77.4,24.01475157590248,24.018803770018778,24.0,1.0,0.7577362250516453,1.1250000000000353,0.16891891891892927
77.5,24.018803770018778,24.022989406782667,24.0,1.0,0.7626125746827978,1.1250000000000353,0.16891891891892927
77.60000000000001,24.022989406782667,24.027304840659017,24.0,1.0,0.7677097506162048,1.1250000000000353,0.16891891891892927
77.7,24.027304840659017,24.031746261177833,24.0,1.0,0.7730258441436363,1.1250000000000353,0.16891891891892927
77.80000000000001,24.031746261177833,24.036309693391967,24.0,1.0,0.7785586966390923,1.1250000000000353,0.16891891891892927
77.9,24.036309693391967,24.040990998340742,24.0,1.0,0.784305897295398,1.1250000000000353,0.16891891891892927
78.0,24.040990998340742,24.045785873519367,24.0,1.0,0.7902647808752828,1.1250000000000353,0.16891891891892927
78.10000000000001,24.045785873519367,24.050689853354083,24.0,1.0,0.7964324254769013,1.1250000000000353,0.16891891891892927
78.2,24.050689853354083,24.055698309682906,24.0,1.0,0.8028056503138291,1.1250000000000353,0.16891891891892927
78.30000000000001,24.055698309682906,24.06080645224188,24.0,1.0,0.8093810135094809,1.1250000000000353,0.16891891891892927
78.4,24.06080645224188,24.066009329156753,24.0,1.0,0.8161548099059265,1.1250000000000353,0.16891891891892927
78.5,24.066009329156753,24.071301827439942,24.0,1.0,0.8231230688871299,1.1250000000000353,0.16891891891892927
78.60000000000001,24.071301827439942,24.076678673492754,24.0,1.0,0.8302815522165284,1.1250000000000353,0.16891891891892927
78.7,24.076678673492754,24.082134433612698,24.0,1.0,0.8376257518889952,1.1250000000000353,0.16891891891892927
78.80000000000001,24.082134433612698,24.08766351450583,24.0,1.0,0.8451508879971193,1.1250000000000353,0.16891891891892927
78.9,24.08766351450583,24.093260163804068,24.0,1.0,0.8528519066117903,1.1250000000000353,0.16891891891892927
79.0,24.093260163804068,24.098918470587293,24.0,1.0,0.8607234776771059,1.1250000000000353,0.16891891891892927
79.10000000000001,24.098918470587293,24.10463236591026,24.0,1.0,0.868759992919506,1.1250000000000353,0.16891891891892927
79.2,24.10463236591026,24.11039562333413,24.0,1.0,0.8769555637711921,1.1250000000000353,0.16891891891892927
79.30000000000001,24.11039562333413,24.116201859462606,24.0,1.0,0.885304019307747,1.1250000000000353,0.16891891891892927
79.4,24.116201859462606,24.12204453448252,24.0,1.0,0.8937989041999607,1.1250000000000353,0.16891891891892927
79.5,24.12204453448252,24.127916952708844,24.0,1.0,0.9024334766798383,1.1250000000000353,0.16891891891892927
79.60000000000001,24.127916952708844,24.133812263134008,24.0,1.0,0.9112007065207521,1.1250000000000353,0.16891891891892927
79.7,24.133812263134008,24.139723459981425,24.0,1.0,0.9200932730317304,1.1250000000000353,0.16891891891892927
79.80000000000001,24.139723459981425,24.14564338326317,24.0,1.0,0.9291035630658431,1.1250000000000353,0.16891891891892927
79.9,24.14564338326317,24.151564719341714,24.0,1.0,0.9382236690426571,1.1250000000000353,0.16891891891892927
80.0,24.151564719341714,24.157480001495628,24.0,1.0,0.9474453869847641,1.1250000000000353,0.16891891891892927
80.10000000000001,24.157480001495628,24.163381610489175,24.0,1.0,0.9567602145683173,1.1250000000000353,0.16891891891892927
80.2,24.163381610489175,24.16926177514571,24.0,1.0,0.9661593491875642,1.1250000000000353,0.16891891891892927
80.30000000000001,24.16926177514571,24.175112572924817,24.0,1.0,0.9756336860333574,1.1250000000000353,0.16891891891892927
80.4,24.175112572924817,24.180925930503086,24.0,1.0,0.9851738161856106,1.1250000000000353,0.16891891891892927
80.5,24.180925930503086,24.18669362435846,24.0,1.0,0.9947700247196618,1.1250000000000353,0.16891891891892927
80.60000000000001,24.18669362435846,24.19240728135808,24.0,1.0,1.0,1.1250000000000353,0.16891891891892927
80.7,24.19240728135808,24.198058683282916,24.0,1.0,1.0,1.1250000000000353,0.16891891891892927
80.80000000000001,24.198058683282916,24.203639557528476,24.0,1.0,1.0,1.1250000000000353,0.16891891891892927
80.9,24.203639557528476,24.209141585521408,24.0,1.0,1.0,1.1250000000000353,0.16891891891892927
81.0,24.209141585521408,24.214556411195495,24.0,1.0,1.0,1.1250000000000353,0.16891891891892927
81.10000000000001,24.214556411195495,24.21987564952619,24.0,1.0,1.0,1.1250000000000353,0.16891891891892927
81.2,24.21987564952619,24.225090895122793,24.0,1.0,1.0,1.1250000000000353,0.16891891891892927
81.30000000000001,24.225090895122793,24.230193730877396,24.0,1.0,1.0,1.1250000000000353,0.16891891891892927
81.4,24.230193730877396,24.235175736669746,24.0,1.0,1.0,1.1250000000000353,0.16891891891892927
81.5,24.235175736669746,24.240028498127145,24.0,1.0,1.0,1.1250000000000353,0.16891891891892927
81.60000000000001,24.240028498127145,24.24474361543853,24.0,1.0,1.0,1.1250000000000353,0.16891891891892927
81.7,24.24474361543853,24.249312712221883,24.0,1.0,1.0,1.1250000000000353,0.16891891891892927
81.80000000000001,24.249312712221883,24.25372744444412,24.0,1.0,1.0,1.1250000000000353,0.16891891891892927
81.9,24.25372744444412,24.25797950939262,24.0,1.0,1.0,1.1250000000000353,0.16891891891892927
82.0,24.25797950939262,24.262060654697525,24.0,1.0,1.0,1.1250000000000353,0.16891891891892927
82.10000000000001,24.262060654697525,24.265962687404024,24.0,1.0,1.0,1.1250000000000353,0.16891891891892927
82.2,24.265962687404024,24.269677483093737,24.0,1.0,1.0,1.1250000000000353,0.16891891891892927
82.30000000000001,24.269677483093737,24.27319699505441,24.0,1.0,1.0,1.1250000000000353,0.16891891891892927
82.4,24.27319699505441,24.276513263497076,24.0,1.0,1.0,1.1250000000000353,0.16891891891892927
82.5,24.276513263497076,24.279618424819887,24.0,1.0,1.0,1.1250000000000353,0.16891891891892927
82.60000000000001,24.279618424819887,24.282504720917782,24.0,1.0,1.0,1.1250000000000353,0.16891891891892927
82.7,24.282504720917782,24.28516450853718,24.0,1.0,1.0,1.1250000000000353,0.16891891891892927
82.80000000000001,24.28516450853718,24.28759026867492,24.0,1.0,1.0,1.1250000000000353,0.16891891891892927
82.9,24.28759026867492,24.28977461602064,24.0,1.0,1.0,1.1250000000000353,0.16891891891892927
83.0,24.28977461602064,24.291710308441782,24.0,1.0,1.0,1.1250000000000353,0.16891891891892927
83.10000000000001,24.291710308441782,24.293390256510435,24.0,1.0,1.0,1.1250000000000353,0.16891891891892927
83.2,24.293390256510435,24.294807533071268,24.0,1.0,1.0,1.1250000000000353,0.16891891891892927
83.30000000000001,24.294807533071268,24.295955382849733,24.0,1.0,1.0,1.1250000000000353,0.16891891891892927
83.4,24.295955382849733,24.29682723209977,24.0,1.0,1.0,1.1250000000000353,0.16891891891892927
83.5,24.29682723209977,24.297416698290256,24.0,1.0,1.0,1.1250000000000353,0.16891891891892927
83.60000000000001,24.297416698290256,24.29771759982942,24.0,1.0,1.0,1.1250000000000353,0.16891891891892927
83.7,24.29771759982942,24.297723965826457,24.0,1.0,1.0,1.1250000000000353,0.16891891891892927
83.80000000000001,24.297723965826457,24.297430045889616,24.0,1.0,1.0,1.1250000000000353,0.16891891891892927
83.9,24.297430045889616,24.29683031995995,24.0,1.0,1.0,1.1250000000000353,0.16891891891892927
84.0,24.29683031995995,24.295919508180038,24.0,1.0,1.0,1.1250000000000353,0.16891891891892927
84.10000000000001,24.295919508180038,24.294692580796912,24.0,1.0,1.0,1.1250000000000353,0.16891891891892927
84.2,24.294692580796912,24.293144768098436,24.0,1.0,1.0,1.1250000000000353,0.16891891891892927
84.30000000000001,24.293144768098436,24.291271570382417,24.0,1.0,1.0,1.1250000000000353,0.16891891891892927
84.4,24.291271570382417,24.289068767957737,24.0,1.0,1.0,1.1250000000000353,0.16891891891892927
84.5,24.289068767957737,24.286532431176738,24.0,1.0,1.0,1.1250000000000353,0.16891891891892927
84.60000000000001,24.286532431176738,24.283658930498177,24.0,1.0,1.0,1.1250000000000353,0.16891891891892927
84.7,24.283658930498177,24.28044494658001,24.0,1.0,1.0,1.1250000000000353,0.16891891891892927
84.80000000000001,24.28044494658001,24.276887480401307,24.0,1.0,1.0,1.1250000000000353,0.16891891891892927
84.9,24.276887480401307,24.2729838634126,24.0,1.0,1.0,1.1250000000000353,0.16891891891892927
85.0,24.2729838634126,24.26873176771392,24.0,1.0,1.0,1.1250000000000353,0.16891891891892927
85.10000000000001,24.26873176771392,24.264129216259896,24.0,1.0,1.0,1.1250000000000353,0.16891891891892927
85.2,24.264129216259896,24.259174593091142,24.0,1.0,1.0,1.1250000000000353,0.16891891891892927
85.30000000000001,24.259174593091142,24.253866653591306,24.0,1.0,1.0,1.1250000000000353,0.16891891891892927
85.4,24.253866653591306,24.248204534769055,24.0,1.0,1.0,1.1250000000000353,0.16891891891892927
85.5,24.248204534769055,24.242187765564367,24.0,1.0,1.0,1.1250000000000353,0.16891891891892927
85.60000000000001,24.242187765564367,24.235992328237018,24.0,1.0,1.0,1.1250000000000353,0.16891891891892927
85.7,24.235992328237018,24.22982779078225,24.0,1.0,1.0,1.1250000000000353,0.16891891891892927
85.80000000000001,24.22982779078225,24.223693999086304,24.0,1.0,1.0,1.1250000000000353,0.16891891891892927
85.9,24.223693999086304,24.21759079980407,24.0,1.0,1.0,1.1250000000000353,0.16891891891892927
86.0,24.21759079980407,24.21151804035525,24.0,1.0,1.0,1.1250000000000353,0.16891891891892927
86.10000000000001,24.21151804035525,24.20547556892054,24.0,1.0,1.0,1.1250000000000353,0.16891891891892927
86.2,24.20547556892054,24.199463234437836,24.0,1.0,1.0,1.1250000000000353,0.16891891891892927
86.30000000000001,24.199463234437836,24.193480886598465,24.0,1.0,1.0,1.1250000000000353,0.16891891891892927
86.4,24.193480886598465,24.18752837584342,24.0,1.0,1.0,1.1250000000000353,0.16891891891892927
86.5,24.18752837584342,24.18160555335962,24.0,1.0,1.0,1.1250000000000353,0.16891891891892927
86.60000000000001,24.18160555335962,24.175712271076197,24.0,1.0,0.9986022618075809,1.1250000000000353,0.16891891891892927
86.7,24.175712271076197,24.169848381660785,24.0,1.0,0.9949404319258272,1.1250000000000353,0.16891891891892927
86.80000000000001,24.169848381660785,24.164013738515845,24.0,1.0,0.9912126168345152,1.1250000000000353,0.16891891891892927
86.9,24.164013738515845,24.158208195774993,24.0,1.0,0.9874191456362522,1.1250000000000353,0.16891891891892927
87.0,24.158208195774993,24.15243160829936,24.0,1.0,0.9835603457922363,1.1250000000000353,0.16891891891892927
87.10000000000001,24.15243160829936,24.146683831673954,24.0,1.0,0.9796365431304486,1.1250000000000353,0.16891891891892927
87.2,24.146683831673954,24.140964722204064,24.0,1.0,0.9756480618537926,1.1250000000000353,0.16891891891892927
87.30000000000001,24.140964722204064,24.135274136911654,24.0,1.0,0.9715952245482078,1.1250000000000353,0.16891891891892927
87.4,24.135274136911654,24.1296119335318,24.0,1.0,0.9674783521907275,1.1250000000000353,0.16891891891892927
87.5,24.1296119335318,24.123977970509113,24.0,1.0,0.9632977641575076,1.1250000000000353,0.16891891891892927
87.60000000000001,24.123977970509113,24.118372106994233,24.0,1.0,0.9590537782318029,1.1250000000000353,0.16891891891892927
87.7,24.118372106994233,24.112794202840277,24.0,1.0,0.9547467106119247,1.1250000000000353,0.16891891891892927
87.80000000000001,24.112794202840277,24.107244118599347,24.0,1.0,0.9503768759191343,1.1250000000000353,0.16891891891892927
87.9,24.107244118599347,24.10172171551905,24.0,1.0,0.9459445872055092,1.1250000000000353,0.16891891891892927
88.0,24.10172171551905,24.096226855539026,24.0,1.0,0.9414501559617824,1.1250000000000353,0.16891891891892927
88.10000000000001,24.096226855539026,24.090759401287485,24.0,1.0,0.9368938921251155,1.1250000000000353,0.16891891891892927
88.2,24.090759401287485,24.085319216077785,24.0,1.0,0.9322761040868531,1.1250000000000353,0.16891891891892927
88.30000000000001,24.085319216077785,24.079906163905015,24.0,1.0,0.9275970987002272,1.1250000000000353,0.16891891891892927
88.4,24.079906163905015,24.074520109442588,24.0,1.0,0.9228571812880402,1.1250000000000353,0.16891891891892927
88.5,24.074520109442588,24.06916091803886,24.0,1.0,0.9180566556502858,1.1250000000000353,0.16891891891892927
88.60000000000001,24.06916091803886,24.06382845571377,24.0,1.0,0.9131958240717493,1.1250000000000353,0.16891891891892927
88.7,24.06382845571377,24.058522589155483,24.0,1.0,0.9082749873295669,1.1250000000000353,0.16891891891892927
88.80000000000001,24.058522589155483,24.053243185717054,24.0,1.0,0.9032944447007407,1.1250000000000353,0.16891891891892927
88.9,24.053243185717054,24.047990113413125,24.0,1.0,0.8982544939696202,1.1250000000000353,0.16891891891892927
89.0,24.047990113413125,24.042763240916614,24.0,1.0,0.8931554314353533,1.1250000000000353,0.16891891891892927
89.10000000000001,24.042763240916614,24.037562437555437,24.0,1.0,0.8879975519192886,1.1250000000000353,0.16891891891892927
89.2,24.037562437555437,24.032387573309236,24.0,1.0,0.8827811487723467,1.1250000000000353,0.16891891891892927
89.30000000000001,24.032387573309236,24.02723851880614,24.0,1.0,0.8775065138823517,1.1250000000000353,0.16891891891892927
89.4,24.02723851880614,24.022115145319518,24.0,1.0,0.8721739376813366,1.1250000000000353,0.16891891891892927
89.5,24.022115145319518,24.017017324764762,24.0,1.0,0.866783709152797,1.1250000000000353,0.16891891891892927
89.60000000000001,24.017017324764762,24.011944929696096,24.0,1.0,0.8613361158389121,1.1250000000000353,0.16891891891892927
89.7,24.011944929696096,24.006897833303377,24.0,1.0,0.8558314438477455,1.1250000000000353,0.16891891891892927
89.80000000000001,24.006897833303377,24.001875909408934,24.0,1.0,0.8502699778603854,1.1250000000000353,0.16891891891892927
89.9,24.001875909408934,23.996879032464406,24.0,1.0,0.8446520011380717,1.1250000000000353,0.16891891891892927
90.0,23.996879032464406,23.991907077547612,24.0,1.0,0.8389777955292682,1.1250000000000353,0.16891891891892927
90.10000000000001,23.991907077547612,23.986959920359418,24.0,1.0,0.8332476414767196,1.1250000000000353,0.16891891891892927
90.2,23.986959920359418,23.982037437220637,24.0,1.0,0.8274618180244503,1.1250000000000353,0.16891891891892927
90.30000000000001,23.982037437220637,23.977139505068934,24.0,1.0,0.821620602824751,1.1250000000000353,0.16891891891892927
90.4,23.977139505068934,23.97226600145575,24.0,1.0,0.8157242721451142,1.1250000000000353,0.16891891891892927
90.5,23.97226600145575,23.96741680454324,24.0,1.0,0.8097731008751436,1.1250000000000353,0.16891891891892927
90.60000000000001,23.96741680454324,23.962591793101232,24.0,1.0,0.8037673625334223,1.1250000000000353,0.16891891891892927
90.7,23.962591793101232,23.957790846504185,24.0,1.0,0.797707329274359,1.1250000000000353,0.16891891891892927
90.80000000000001,23.957790846504185,23.953013844728186,24.0,1.0,0.791593271894981,1.1250000000000353,0.16891891891892927
90.9,23.953013844728186,23.94826066834794,24.0,1.0,0.785425459841715,1.1250000000000353,0.16891891891892927
91.0,23.94826066834794,23.943531198533794,24.0,1.0,0.7792041612171142,1.1250000000000353,0.16891891891892927
91.10000000000001,23.943531198533794,23.938825317048753,24.0,1.0,0.7729296427865658,1.1250000000000353,0.16891891891892927
91.2,23.938825317048753,23.934142906245537,24.0,1.0,0.7666021699849614,1.1250000000000353,0.16891891891892927
91.30000000000001,23.934142906245537,23.92948384906363,24.0,1.0,0.7602220069233284,1.1250000000000353,0.16891891891892927
91.4,23.92948384906363,23.924848029026357,24.0,1.0,0.753789416395433,1.1250000000000353,0.16891891891892927
91.5,23.924848029026357,23.920235330237983,24.0,1.0,0.747304659884352,1.1250000000000353,0.16891891891892927
91.60000000000001,23.920235330237983,23.915701407367337,24.0,1.0,0.740767997569018,1.1250000000000353,0.16891891891892927
91.7,23.915701407367337,23.91133620515317,24.0,1.0,0.7342433716261514,1.1250000000000353,0.16891891891892927
91.80000000000001,23.91133620515317,23.907141514918543,24.0,1.0,0.7278348198979356,1.1250000000000353,0.16891891891892927
91.9,23.907141514918543,23.903119105921007,24.0,1.0,0.7215472378927394,1.1250000000000353,0.16891891891892927
92.0,23.903119105921007,23.89927072552815,24.0,1.0,0.7153855261813397,1.1250000000000353,0.16891891891892927
92.10000000000001,23.89927072552815,23.895598099391933,24.0,1.0,0.7093545902246489,1.1250000000000353,0.16891891891892927
92.2,23.895598099391933,23.892102931621842,24.0,1.0,0.7034593402030235,1.1250000000000353,0.16891891891892927
92.30000000000001,23.892102931621842,23.888786904956852,24.0,1.0,0.6977046908471758,1.1250000000000353,0.16891891891892927
92.4,23.888786904956852,23.885651680936206,24.0,1.0,0.6920955612706302,1.1250000000000353,0.16891891891892927
92.5,23.885651680936206,23.882698900069016,24.0,1.0,0.6866368748037581,1.1250000000000353,0.16891891891892927
92.60000000000001,23.882698900069016,23.879930182002724,24.0,1.0,0.6813335588293349,1.1250000000000353,0.16891891891892927
92.7,23.879930182002724,23.877347125690378,24.0,1.0,0.6761905446196667,1.1250000000000353,0.16891891891892927
92.80000000000001,23.877347125690378,23.874951309556774,24.0,1.0,0.6712127671752088,1.1250000000000353,0.16891891891892927
92.9,23.874951309556774,23.872744291663455,24.0,1.0,0.6664051650647153,1.1250000000000353,0.16891891891892927
93.0,23.872744291663455,23.870727609872564,24.0,1.0,0.661772680266884,1.1250000000000353,0.16891891891892927
93.10000000000001,23.870727609872564,23.868902782009577,24.0,1.0,0.6573202580134917,1.1250000000000353,0.16891891891892927
93.2,23.868902782009577,23.867271306024925,24.0,1.0,0.65305284663401,1.1250000000000353,0.16891891891892927
93.30000000000001,23.867271306024925,23.86583466015448,24.0,1.0,0.6489753974016971,1.1250000000000353,0.16891891891892927
93.4,23.86583466015448,23.864594303078952,24.0,1.0,0.6450928643811366,1.1250000000000353,0.16891891891892927
93.5,23.864594303078952,23.86355167408218,24.0,1.0,0.6414102042772314,1.1250000000000353,0.16891891891892927
93.60000000000001,23.86355167408218,23.862708193208338,24.0,1.0,0.6379323762856304,1.1250000000000353,0.16891891891892927
93.7,23.862708193208338,23.86206526141803,24.0,1.0,0.6346643419445889,1.1250000000000353,0.16891891891892927
93.80000000000001,23.86206526141803,23.861624260743348,24.0,1.0,0.6316110649882312,1.1250000000000353,0.16891891891892927
93.9,23.861624260743348,23.86138655444182,24.0,1.0,0.6287775112012278,1.1250000000000353,0.16891891891892927
94.0,23.86138655444182,23.86135348714932,24.0,1.0,0.6261686482748796,1.1250000000000353,0.16891891891892927
94.10000000000001,23.86135348714932,23.86152638503189,24.0,1.0,0.6237894456645527,1.1250000000000353,0.16891891891892927
94.2,23.86152638503189,23.861906555936553,24.0,1.0,0.6216448744485242,1.1250000000000353,0.16891891891892927
94.30000000000001,23.861906555936553,23.862495289541037,24.0,1.0,0.6197399071881708,1.1250000000000353,0.16891891891892927
94.4,23.862495289541037,23.86329385750249,24.0,1.0,0.6180795177895169,1.1250000000000353,0.16891891891892927
94.5,23.86329385750249,23.86430351360516,24.0,1.0,0.6166686813661264,1.1250000000000353,0.16891891891892927
94.60000000000001,23.86430351360516,23.865525493907032,24.0,1.0,0.6155123741033397,1.1250000000000353,0.16891891891892927
94.7,23.865525493907032,23.86696101688547,24.0,1.0,0.6146155731238064,1.1250000000000353,0.16891891891892927
94.80000000000001,23.86696101688547,23.86861128358183,24.0,1.0,0.6139832563543695,1.1250000000000353,0.16891891891892927
94.9,23.86861128358183,23.870477477745087,24.0,1.0,0.613620402394227,1.1250000000000353,0.16891891891892927
95.0,23.870477477745087,23.872560765974434,24.0,1.0,0.6135319903843947,1.1250000000000353,0.16891891891892927
95.10000000000001,23.872560765974434,23.874862297860922,24.0,1.0,0.6137229998784646,1.1250000000000353,0.16891891891892927
95.2,23.874862297860922,23.87738320612808,24.0,1.0,0.6141984107146302,1.1250000000000353,0.16891891891892927
95.30000000000001,23.87738320612808,23.88012460677159,24.0,1.0,0.6149632028889681,1.1250000000000353,0.16891891891892927
95.4,23.88012460677159,23.883087599197964,24.0,1.0,0.6160223564300064,1.1250000000000353,0.16891891891892927
95.5,23.883087599197964,23.886273266362252,24.0,1.0,0.6173808512745057,1.1250000000000353,0.16891891891892927
95.60000000000001,23.886273266362252,23.889682674904815,24.0,1.0,0.6190436671445034,1.1250000000000353,0.16891891891892927
95.7,23.889682674904815,23.893316875287113,24.0,1.0,0.6210157834255762,1.1250000000000353,0.16891891891892927
95.80000000000001,23.893316875287113,23.89717690192656,24.0,1.0,0.6233021790463213,1.1250000000000353,0.16891891891892927
95.9,23.89717690192656,23.901263773330438,24.0,1.0,0.6259078323590539,1.1250000000000353,0.16891891891892927
96.0,23.901263773330438,23.905578492228862,24.0,1.0,0.6288377210217012,1.1250000000000353,0.16891891891892927
96.10000000000001,23.905578492228862,23.910122045706828,24.0,1.0,0.632096821880889,1.1250000000000353,0.16891891891892927
96.2,23.910122045706828,23.91489540533533,24.0,1.0,0.6356901108562157,1.1250000000000353,0.16891891891892927
96.30000000000001,23.91489540533533,23.919899527301553,24.0,1.0,0.639622562825701,1.1250000000000353,0.16891891891892927
96.4,23.919899527301553,23.92513535253817,24.0,1.0,0.6438991515123906,1.1250000000000353,0.16891891891892927
96.5,23.92513535253817,23.930603806851714,24.0,1.0,0.6485248493721357,1.1250000000000353,0.16891891891892927
96.60000000000001,23.930603806851714,23.93630580105005,24.0,1.0,0.6535046274825028,1.1250000000000353,0.16891891891892927
96.7,23.93630580105005,23.94223969009488,24.0,1.0,0.6588434554328281,1.1250000000000353,0.16891891891892927
96.80000000000001,23.94223969009488,23.948399686025343,24.0,1.0,0.6645433996977019,1.1250000000000353,0.16891891891892927
96.9,23.948399686025343,23.95477983441656,24.0,1.0,0.6706017681942261,1.1250000000000353,0.16891891891892927
97.0,23.95477983441656,23.961374015007873,24.0,1.0,0.6770155809859751,1.1250000000000353,0.16891891891892927
97.10000000000001,23.961374015007873,23.968175942334856,24.0,1.0,0.6837815681884989,1.1250000000000353,0.16891891891892927
97.2,23.968175942334856,23.975179166364942,24.0,1.0,0.6908961678897135,1.1250000000000353,0.16891891891892927
97.30000000000001,23.975179166364942,23.982377073136668,24.0,1.0,0.6983555240851306,1.1250000000000353,0.16891891891892927
97.4,23.982377073136668,23.989762885402392,24.0,1.0,0.7061554846279282,1.1250000000000353,0.16891891891892927
97.5,23.989762885402392,23.997329663274435,24.0,1.0,0.7142915991938006,1.1250000000000353,0.16891891891892927
97.60000000000001,23.997329663274435,24.005070304874558,24.0,1.0,0.722759117260566,1.1250000000000353,0.16891891891892927
97.7,24.005070304874558,24.012977546986704,24.0,1.0,0.731552986102504,1.1250000000000353,0.16891891891892927
97.80000000000001,24.012977546986704,24.021043965712913,24.0,1.0,0.7406678487993905,1.1250000000000353,0.16891891891892927
97.9,24.021043965712913,24.02926197713236,24.0,1.0,0.7500980422601748,1.1250000000000353,0.16891891891892927
98.0,24.02926197713236,24.03762383796341,24.0,1.0,0.7598375952613168,1.1250000000000353,0.16891891891892927
98.10000000000001,24.03762383796341,24.046121646228627,24.0,1.0,0.7698802264996821,1.1250000000000353,0.16891891891892927
98.2,24.046121646228627,24.054747341922695,24.0,1.0,0.7802193426600234,1.1250000000000353,0.16891891891892927
98.30000000000001,24.054747341922695,24.06349270768311,24.0,1.0,0.7908480364969768,1.1250000000000353,0.16891891891892927
98.4,24.06349270768311,24.072349369463627,24.0,1.0,0.8017590849315507,1.1250000000000353,0.16891891891892927
98.5,24.072349369463627,24.081308797210387,24.0,1.0,0.8129449471620581,1.1250000000000353,0.16891891891892927
98.60000000000001,24.081308797210387,24.090362305540616,24.0,1.0,0.8243977627895008,1.1250000000000353,0.16891891891892927
98.7,24.090362305540616,24.099501054423868,24.0,1.0,0.8361093499573033,1.1250000000000353,0.16891891891892927
98.80000000000001,24.099501054423868,24.108716049865716,24.0,1.0,0.84807120350542,1.1250000000000353,0.16891891891892927
98.9,24.108716049865716,24.11799814459383,24.0,1.0,0.8602744931387447,1.1250000000000353,0.16891891891892927
99.0,24.11799814459383,24.12733803874638,24.0,1.0,0.8727100616097963,1.1250000000000353,0.16891891891892927
99.10000000000001,24.12733803874638,24.136726280562698,24.0,1.0,0.8853684229156449,1.1250000000000353,0.16891891891892927
99.2,24.136726280562698,24.146153267076112,24.0,1.0,0.8982397605090482,1.1250000000000353,0.16891891891892927
99.30000000000001,24.146153267076112,24.15560924480893,24.0,1.0,0.9113139255237364,1.1250000000000353,0.16891891891892927
99.4,24.15560924480893,24.16508431046944,24.0,1.0,0.9245804350138469,1.1250000000000353,0.16891891891892927
99.5,24.16508431046944,24.174568411650956,24.0,1.0,0.9380284702074184,1.1250000000000353,0.16891891891892927
99.60000000000001,24.174568411650956,24.184051347532755,24.0,1.0,0.9516468747739728,1.1250000000000353,0.16891891891892927
99.7,24.184051347532755,24.19352276958289,24.0,1.0,0.9654241531060774,1.1250000000000353,0.16891891891892927
99.80000000000001,24.19352276958289,24.202972182262833,24.0,1.0,0.9793484686148954,1.1250000000000353,0.16891891891892927
99.9,24.202972182262833,24.212388943733828,24.0,1.0,0.9934076420396756,1.1250000000000353,0.16891891891892927
100.0,24.212388943733828,24.22176226656496,24.0,1.0,1.0,1.1250000000000353,0.16891891891892927
100.10000000000001,24.22176226656496,24.231081218442824,24.0,1.0,1.0,1.1250000000000353,0.16891891891892927
100.2,24.231081218442824,24.2403347228828,24.0,1.0,1.0,1.1250000000000353,0.16891891891892927
100.30000000000001,24.2403347228828,24.249511559941777,24.0,1.0,1.0,1.1250000000000353,0.16891891891892927
100.4,24.249511559941777,24.258600366932384,24.0,1.0,1.0,1.1250000000000353,0.16891891891892927
100.5,24.258600366932384,24.267589639138585,24.0,1.0,1.0,1.1250000000000353,0.16891891891892927
100.60000000000001,24.267589639138585,24.27646773053261,24.0,1.0,1.0,1.1250000000000353,0.16891891891892927
100.7,24.27646773053261,24.28522285449319,24.0,1.0,1.0,1.1250000000000353,0.16891891891892927
100.80000000000001,24.28522285449319,24.293843084524983,24.0,1.0,1.0,1.1250000000000353,0.16891891891892927
100.9,24.293843084524983,24.302316354979222,24.0,1.0,1.0,1.1250000000000353,0.16891891891892927
101.0,24.302316354979222,24.310630461775418,24.0,1.0,1.0,1.1250000000000353,0.16891891891892927
101.10000000000001,24.310630461775418,24.318773063124187,24.0,1.0,1.0,1.1250000000000353,0.16891891891892927
101.2,24.318773063124187,24.326731680251054,24.0,1.0,1.0,1.1250000000000353,0.16891891891892927
101.30000000000001,24.326731680251054,24.334493698121232,24.0,1.0,1.0,1.1250000000000353,0.16891891891892927
101.4,24.334493698121232,24.342046366165302,24.0,1.0,1.0,1.1250000000000353,0.16891891891892927
101.5,24.342046366165302,24.34937679900576,24.0,1.0,1.0,1.1250000000000353,0.16891891891892927
101.60000000000001,24.34937679900576,24.35647197718437,24.0,1.0,1.0,1.1250000000000353,0.16891891891892927
101.7,24.35647197718437,24.363318747890272,24.0,1.0,1.0,1.1250000000000353,0.16891891891892927
101.80000000000001,24.363318747890272,24.369903941459842,24.0,1.0,1.0,1.1250000000000353,0.16891891891892927
101.9,24.369903941459842,24.376214561327984,24.0,1.0,1.0,1.1250000000000353,0.16891891891892927
102.0,24.376214561327984,24.3822377946502,24.0,1.0,1.0,1.1250000000000353,0.16891891891892927
102.10000000000001,24.3822377946502,24.38796102295526,24.0,1.0,1.0,1.1250000000000353,0.16891891891892927
102.2,24.38796102295526,24.393371832827697,24.0,1.0,1.0,1.1250000000000353,0.16891891891892927
102.30000000000001,24.393371832827697,24.39845802661944,24.0,1.0,1.0,1.1250000000000353,0.16891891891892927
102.4,24.39845802661944,24.40320763318979,24.0,1.0,1.0,1.1250000000000353,0.16891891891892927
102.5,24.40320763318979,24.40760891867304,24.0,1.0,1.0,1.1250000000000353,0.16891891891892927
102.60000000000001,24.40760891867304,24.41165039727301,24.0,1.0,1.0,1.1250000000000353,0.16891891891892927
102.7,24.41165039727301,24.415320842083762,24.0,1.0,1.0,1.1250000000000353,0.16891891891892927
102.80000000000001,24.415320842083762,24.418609295935795,24.0,1.0,1.0,1.1250000000000353,0.16891891891892927
102.9,24.418609295935795,24.421505082266997,24.0,1.0,1.0,1.1250000000000353,0.16891891891892927
103.0,24.421505082266997,24.42399781601764,24.0,1.0,1.0,1.1250000000000353,0.16891891891892927
103.10000000000001,24.42399781601764,24.42607741454874,24.0,1.0,1.0,1.1250000000000353,0.16891891891892927
103.2,24.42607741454874,24.427734108583063,24.0,1.0,1.0,1.1250000000000353,0.16891891891892927
103.30000000000001,24.427734108583063,24.42895845316809,24.0,1.0,1.0,1.1250000000000353,0.16891891891892927
103.4,24.42895845316809,24.429741338660246,24.0,1.0,1.0,1.1250000000000353,0.16891891891892927
103.5,24.429741338660246,24.430074001729743,24.0,1.0,1.0,1.1250000000000353,0.16891891891892927
103.60000000000001,24.430074001729743,24.4299480363853,24.0,1.0,1.0,1.1250000000000353,0.16891891891892927
103.7,24.4299480363853,24.42935540501815,24.0,1.0,1.0,1.1250000000000353,0.16891891891892927
103.80000000000001,24.42935540501815,24.42828844946455,24.0,1.0,1.0,1.1250000000000353,0.16891891891892927
103.9,24.42828844946455,24.42673990208626,24.0,1.0,1.0,1.1250000000000353,0.16891891891892927
104.0,24.42673990208626,24.424702896868244,24.0,1.0,1.0,1.1250000000000353,0.16891891891892927
104.10000000000001,24.424702896868244,24.42217098053294,24.0,1.0,1.0,1.1250000000000353,0.16891891891892927
104.2,24.42217098053294,24.419138123670518,24.0,1.0,1.0,1.1250000000000353,0.16891891891892927
104.30000000000001,24.419138123670518,24.415598731884412,24.0,1.0,1.0,1.1250000000000353,0.16891891891892927
104.4,24.415598731884412,24.411547656951505,24.0,1.0,1.0,1.1250000000000353,0.16891891891892927
104.5,24.411547656951505,24.406980207996355,24.0,1.0,1.0,1.1250000000000353,0.16891891891892927
104.60000000000001,24.406980207996355,24.4018921626788,24.0,1.0,1.0,1.1250000000000353,0.16891891891892927
104.7,24.4018921626788,24.396279778394334,24.0,1.0,1.0,1.1250000000000353,0.16891891891892927
104.80000000000001,24.396279778394334,24.390139803486644,24.0,1.0,1.0,1.1250000000000353,0.16891891891892927
104.9,24.390139803486644,24.383469488471643,24.0,1.0,1.0,1.1250000000000353,0.16891891891892927
105.0,24.383469488471643,24.3765694056116,24.0,1.0,1.0,1.1250000000000353,0.16891891891892927
105.10000000000001,24.3765694056116,24.369703737058398,24.0,1.0,1.0,1.1250000000000353,0.16891891891892927
105.2,24.369703737058398,24.36287231116996,24.0,1.0,1.0,1.1250000000000353,0.16891891891892927
105.30000000000001,24.36287231116996,24.35607495716028,24.0,1.0,1.0,1.1250000000000353,0.16891891891892927
105.4,24.35607495716028,24.349311505095162,24.0,1.0,1.0,1.1250000000000353,0.16891891891892927
105.5,24.349311505095162,24.342581785887948,24.0,1.0,1.0,1.1250000000000353,0.16891891891892927
105.60000000000001,24.342581785887948,24.335885631295305,24.0,1.0,1.0,1.1250000000000353,0.16891891891892927
105.7,24.335885631295305,24.32922287391302,24.0,1.0,1.0,1.1250000000000353,0.16891891891892927
105.80000000000001,24.32922287391302,24.322593347171818,24.0,1.0,1.0,1.1250000000000353,0.16891891891892927
105.9,24.322593347171818,24.315996885333178,24.0,1.0,1.0,1.1250000000000353,0.16891891891892927
106.0,24.315996885333178,24.309433323485212,24.0,1.0,1.0,1.1250000000000353,0.16891891891892927
106.10000000000001,24.309433323485212,24.302902497538536,24.0,1.0,1.0,1.1250000000000353,0.16891891891892927
106.2,24.302902497538536,24.296404244222156,24.0,1.0,1.0,1.1250000000000353,0.16891891891892927
106.30000000000001,24.296404244222156,24.289938401079404,24.0,1.0,1.0,1.1250000000000353,0.16891891891892927
106.4,24.289938401079404,24.283504806463863,24.0,1.0,1.0,1.1250000000000353,0.16891891891892927
106.5,24.283504806463863,24.277103299535334,24.0,1.0,1.0,1.1250000000000353,0.16891891891892927
106.60000000000001,24.277103299535334,24.27073372025581,24.0,1.0,1.0,1.1250000000000353,0.16891891891892927
106.7,24.27073372025581,24.264395909385474,24.0,1.0,1.0,1.1250000000000353,0.16891891891892927
106.80000000000001,24.264395909385474,24.258089708478728,24.0,1.0,1.0,1.1250000000000353,0.16891891891892927
106.9,24.258089708478728,24.251814959880218,24.0,1.0,1.0,1.1250000000000353,0.16891891891892927
107.0,24.251814959880218,24.245571506720903,24.0,1.0,1.0,1.1250000000000353,0.16891891891892927
107.10000000000001,24.245571506720903,24.23935919291413,24.0,1.0,1.0,1.1250000000000353,0.16891891891892927
107.2,24.23935919291413,24.23317786315173,24.0,1.0,1.0,1.1250000000000353,0.16891891891892927
107.30000000000001,24.23317786315173,24.227027362900138,24.0,1.0,1.0,1.1250000000000353,0.16891891891892927
107.4,24.227027362900138,24.220907538396524,24.0,1.0,1.0,1.1250000000000353,0.16891891891892927
107.5,24.220907538396524,24.21481823664496,24.0,1.0,1.0,1.1250000000000353,0.16891891891892927
107.60000000000001,24.21481823664496,24.208759305412585,24.0,1.0,1.0,1.1250000000000353,0.16891891891892927
107.7,24.208759305412585,24.2027305932258,24.0,1.0,0.9999181555831462,1.1250000000000353,0.16891891891892927
107.80000000000001,24.2027305932258,24.19673194936649,24.0,1.0,0.9965603576369648,1.1250000000000353,0.16891891891892927
107.9,24.19673194936649,24.190763223868245,24.0,1.0,0.9931350581156202,1.1250000000000353,0.16891891891892927
108.0,24.190763223868245,24.184824267512614,24.0,1.0,0.9896425936846249,1.1250000000000353,0.16891891891892927
108.10000000000001,24.184824267512614,24.17891493182538,24.0,1.0,0.9860832993303605,1.1250000000000353,0.16891891891892927
108.2,24.17891493182538,24.173035069072842,24.0,1.0,0.9824575083684604,1.1250000000000353,0.16891891891892927
108.30000000000001,24.173035069072842,24.167184532258126,24.0,1.0,0.9787655524521415,1.1250000000000353,0.16891891891892927
108.4,24.167184532258126,24.161363175117508,24.0,1.0,0.9750077615804867,1.1250000000000353,0.16891891891892927
108.5,24.161363175117508,24.155570852116757,24.0,1.0,0.9711844641067082,1.1250000000000353,0.16891891891892927
108.60000000000001,24.155570852116757,24.149807418447494,24.0,1.0,0.9672959867463491,1.1250000000000353,0.16891891891892927
108.7,24.149807418447494,24.14407273002358,24.0,1.0,0.9633426545854475,1.1250000000000353,0.16891891891892927
108.80000000000001,24.14407273002358,24.138366643477504,24.0,1.0,0.9593247910886725,1.1250000000000353,0.16891891891892927
108.9,24.138366643477504,24.132689016156803,24.0,1.0,0.9552427181074018,1.1250000000000353,0.16891891891892927
109.0,24.132689016156803,24.127039706120502,24.0,1.0,0.9510967558877756,1.1250000000000353,0.16891891891892927
109.10000000000001,24.127039706120502,24.121418572135553,24.0,1.0,0.9468872230787027,1.1250000000000353,0.16891891891892927
109.2,24.121418572135553,24.115825473673315,24.0,1.0,0.9426144367398166,1.1250000000000353,0.16891891891892927
109.30000000000001,24.115825473673315,24.110260270906036,24.0,1.0,0.938278712349415,1.1250000000000353,0.16891891891892927
109.4,24.110260270906036,24.104722824703355,24.0,1.0,0.9338803638123412,1.1250000000000353,0.16891891891892927
109.5,24.104722824703355,24.09921299662883,24.0,1.0,0.9294197034678281,1.1250000000000353,0.16891891891892927
109.60000000000001,24.09921299662883,24.093730648936468,24.0,1.0,0.9248970420973108,1.1250000000000353,0.16891891891892927
109.7,24.093730648936468,24.088275644567297,24.0,1.0,0.9203126889321964,1.1250000000000353,0.16891891891892927
109.80000000000001,24.088275644567297,24.08284784714592,24.0,1.0,0.9156669516615965,1.1250000000000353,0.16891891891892927
109.9,24.08284784714592,24.077447120977123,24.0,1.0,0.9109601364400132,1.1250000000000353,0.16891891891892927
110.0,24.077447120977123,24.072073331042464,24.0,1.0,0.9061925478949994,1.1250000000000353,0.16891891891892927
110.10000000000001,24.072073331042464,24.06672634299692,24.0,1.0,0.9013644891347661,1.1250000000000353,0.16891891891892927
110.2,24.06672634299692,24.061406023165507,24.0,1.0,0.8964762617557728,1.1250000000000353,0.16891891891892927
110.30000000000001,24.061406023165507,24.056112238539956,24.0,1.0,0.8915281658502567,1.1250000000000353,0.16891891891892927
110.4,24.056112238539956,24.050844856775374,24.0,1.0,0.8865205000137415,1.1250000000000353,0.16891891891892927
110.5,24.050844856775374,24.045603746186945,24.0,1.0,0.8814535613524943,1.1250000000000353,0.16891891891892927
110.60000000000001,24.045603746186945,24.040388775746628,24.0,1.0,0.8763276454909668,1.1250000000000353,0.16891891891892927
110.7,24.040388775746628,24.035199815079892,24.0,1.0,0.871143046579168,1.1250000000000353,0.16891891891892927
110.80000000000001,24.035199815079892,24.03003673446245,24.0,1.0,0.865900057300034,1.1250000000000353,0.16891891891892927
110.9,24.03003673446245,24.024899404817017,24.0,1.0,0.8605989688767358,1.1250000000000353,0.16891891891892927
111.0,24.024899404817017,24.019787697710086,24.0,1.0,0.8552400710799659,1.1250000000000353,0.16891891891892927
111.10000000000001,24.019787697710086,24.01470148534871,24.0,1.0,0.849823652235177,1.1250000000000353,0.16891891891892927
111.2,24.01470148534871,24.009640640577317,24.0,1.0,0.8443499992297886,1.1250000000000353,0.16891891891892927
111.30000000000001,24.009640640577317,24.004605036874523,24.0,1.0,0.8388193975203723,1.1250000000000353,0.16891891891892927
111.4,24.004605036874523,23.999594548349975,24.0,1.0,0.8332321311397716,1.1250000000000353,0.16891891891892927
111.5,23.999594548349975,23.9946090497412,24.0,1.0,0.827588482704216,1.1250000000000353,0.16891891891892927
111.60000000000001,23.9946090497412,23.989648416410468,24.0,1.0,0.8218887334203775,1.1250000000000353,0.16891891891892927
111.7,23.989648416410468,23.984712524341692,24.0,1.0,0.8161331630923991,1.1250000000000353,0.16891891891892927
111.80000000000001,23.984712524341692,23.97980125013731,24.0,1.0,0.810322050128906,1.1250000000000353,0.16891891891892927
111.9,23.97980125013731,23.974914471015214,24.0,1.0,0.8044556715499445,1.1250000000000353,0.16891891891892927
112.0,23.974914471015214,23.97005206480567,24.0,1.0,0.7985343029939247,1.1250000000000353,0.16891891891892927
112.10000000000001,23.97005206480567,23.96521390994827,24.0,1.0,0.7925582187245002,1.1250000000000353,0.16891891891892927
112.2,23.96521390994827,23.960399885488894,24.0,1.0,0.7865276916374303,1.1250000000000353,0.16891891891892927
112.30000000000001,23.960399885488894,23.95560987107667,24.0,1.0,0.7804429932674014,1.1250000000000353,0.16891891891892927
112.4,23.95560987107667,23.950843746961,24.0,1.0,0.7743043937948111,1.1250000000000353,0.16891891891892927
112.5,23.950843746961,23.946101393988524,24.0,1.0,0.768112162052534,1.1250000000000353,0.16891891891892927
112.60000000000001,23.946101393988524,23.941382693600175,24.0,1.0,0.7618665655326303,1.1250000000000353,0.16891891891892927
112.7,23.941382693600175,23.936690793434053,24.0,1.0,0.7555678703930381,1.1250000000000353,0.16891891891892927
112.80000000000001,23.936690793434053,23.93215627091462,24.0,1.0,0.7492200704330769,1.1250000000000353,0.16891891891892927
112.9,23.93215627091462,23.92778103444168,24.0,1.0,0.7429727236614628,1.1250000000000353,0.16891891891892927
113.0,23.92778103444168,23.923566969463828,24.0,1.0,0.7368306676706473,1.1250000000000353,0.16891891891892927
113.10000000000001,23.923566969463828,23.91951593865995,24.0,1.0,0.7307987460817773,1.1250000000000353,0.16891891891892927
113.2,23.91951593865995,23.915629782119417,24.0,1.0,0.7248818083642365,1.1250000000000353,0.16891891891892927
113.30000000000001,23.915629782119417,23.911910317521112,24.0,1.0,0.7190847096568045,1.1250000000000353,0.16891891891892927
113.4,23.911910317521112,23.90835934031118,24.0,1.0,0.7134123105904867,1.1250000000000353,0.16891891891892927
113.5,23.90835934031118,23.90497862387959,24.0,1.0,0.7078694771129465,1.1250000000000353,0.16891891891892927
113.60000000000001,23.90497862387959,23.901769919735496,24.0,1.0,0.7024610803145632,1.1250000000000353,0.16891891891892927
113.7,23.901769919735496,23.89873495768137,24.0,1.0,0.6971919962560984,1.1250000000000353,0.16891891891892927
113.80000000000001,23.89873495768137,23.89587544598597,24.0,1.0,0.6920671057979316,1.1250000000000353,0.16891891891892927
113.9,23.89587544598597,23.893193071556095,24.0,1.0,0.6870912944309082,1.1250000000000353,0.16891891891892927
114.0,23.893193071556095,23.890689500107197,24.0,1.0,0.6822694521087205,1.1250000000000353,0.16891891891892927
114.10000000000001,23.890689500107197,23.888366376332787,24.0,1.0,0.6776064730818722,1.1250000000000353,0.16891891891892927
114.2,23.888366376332787,23.886225324072704,24.0,1.0,0.6731072557331741,1.1250000000000353,0.16891891891892927
114.30000000000001,23.886225324072704,23.884267946480215,24.0,1.0,0.6687767024147824,1.1250000000000353,0.16891891891892927
114.4,23.884267946480215,23.882495826187967,24.0,1.0,0.6646197192867483,1.1250000000000353,0.16891891891892927
114.5,23.882495826187967,23.88091052547281,24.0,1.0,0.6606412161570903,1.1250000000000353,0.16891891891892927
114.60000000000001,23.88091052547281,23.879513586419474,24.0,1.0,0.6568461063233637,1.1250000000000353,0.16891891891892927
114.7,23.879513586419474,23.878306531083126,24.0,1.0,0.6532393064157164,1.1250000000000353,0.16891891891892927
114.80000000000001,23.878306531083126,23.877290861650806,24.0,1.0,0.6498257362414316,1.1250000000000353,0.16891891891892927
114.9,23.877290861650806,23.87646806060174,24.0,1.0,0.6466103186309297,1.1250000000000353,0.16891891891892927
115.0,23.87646806060174,23.875839590866583,24.0,1.0,0.6435979792852206,1.1250000000000353,0.16891891891892927
115.10000000000001,23.875839590866583,23.87540689598551,24.0,1.0,0.6407936466248327,1.1250000000000353,0.16891891891892927
115.2,23.87540689598551,23.875171400265266,24.0,1.0,0.6382022516401369,1.1250000000000353,0.16891891891892927
115.30000000000001,23.875171400265266,23.875134508935112,24.0,1.0,0.6358287277431274,1.1250000000000353,0.16891891891892927
115.4,23.875134508935112,23.87529760830168,24.0,1.0,0.6336780106206076,1.1250000000000353,0.16891891891892927
115.5,23.87529760830168,23.87566206590278,24.0,1.0,0.6317550380887671,1.1250000000000353,0.16891891891892927
115.60000000000001,23.87566206590278,23.87622923066014,24.0,1.0,0.6300647499491745,1.1250000000000353,0.16891891891892927
115.7,23.87622923066014,23.877000433031075,24.0,1.0,0.6286120878461392,1.1250000000000353,0.16891891891892927
115.80000000000001,23.877000433031075,23.877976985159115,24.0,1.0,0.6274019951254518,1.1250000000000353,0.16891891891892927
115.9,23.877976985159115,23.8791601810236,24.0,1.0,0.6264394166944826,1.1250000000000353,0.16891891891892927
116.0,23.8791601810236,23.880551296588216,24.0,1.0,0.6257292988836427,1.1250000000000353,0.16891891891892927
116.10000000000001,23.880551296588216,23.882151589948524,24.0,1.0,0.6252765893091767,1.1250000000000353,0.16891891891892927
116.2,23.882151589948524,23.88396230147845,24.0,1.0,0.6250862367373027,1.1250000000000353,0.16891891891892927
116.30000000000001,23.88396230147845,23.88598465397577,24.0,1.0,0.6251631909496608,1.1250000000000353,0.16891891891892927
116.4,23.88598465397577,23.88821985280656,24.0,1.0,0.6255124026100842,1.1250000000000353,0.16891891891892927
116.5,23.88821985280656,23.890669086048685,24.0,1.0,0.6261388231326743,1.1250000000000353,0.16891891891892927
116.60000000000001,23.890669086048685,23.89333352463425,24.0,1.0,0.6270474045511573,1.1250000000000353,0.16891891891892927
116.7,23.89333352463425,23.896214322491083,24.0,1.0,0.628243099389551,1.1250000000000353,0.16891891891892927
116.80000000000001,23.896214322491083,23.899312616683215,24.0,1.0,0.6297308605340801,1.1250000000000353,0.16891891891892927
116.9,23.899312616683215,23.902629527550406,24.0,1.0,0.6315156411063636,1.1250000000000353,0.16891891891892927
117.0,23.902629527550406,23.906166158846677,24.0,1.0,0.6336023943378729,1.1250000000000353,0.16891891891892927
117.10000000000001,23.906166158846677,23.909923597877892,24.0,1.0,0.6359960734456147,1.1250000000000353,0.16891891891892927
117.2,23.909923597877892,23.913902915638364,24.0,1.0,0.6387016315090746,1.1250000000000353,0.16891891891892927
117.30000000000001,23.913902915638364,23.918105166946518,24.0,1.0,0.6417240213483612,1.1250000000000353,0.16891891891892927
117.4,23.918105166946518,23.922531390579614,24.0,1.0,0.6450681954035906,1.1250000000000353,0.16891891891892927
117.5,23.922531390579614,23.92718260940751,24.0,1.0,0.6487391056154799,1.1250000000000353,0.16891891891892927
117.60000000000001,23.92718260940751,23.9320598305255,24.0,1.0,0.6527417033071242,1.1250000000000353,0.16891891891892927
117.7,23.9320598305255,23.937164045386222,24.0,1.0,0.6570809390669832,1.1250000000000353,0.16891891891892927
117.80000000000001,23.937164045386222,23.94249608114417,24.0,1.0,0.6617617626330362,1.1250000000000353,0.16891891891892927
117.9,23.94249608114417,23.94805079343894,24.0,1.0,0.6667889528800559,1.1250000000000353,0.16891891891892927
118.0,23.94805079343894,23.953822870546993,24.0,1.0,0.6721604838305741,1.1250000000000353,0.16891891891892927
118.10000000000001,23.953822870546993,23.95980683397583,24.0,1.0,0.6778740514985345,1.1250000000000353,0.16891891891892927
118.2,23.95980683397583,23.965997039062408,24.0,1.0,0.6839270717407019,1.1250000000000353,0.16891891891892927
118.30000000000001,23.965997039062408,23.97238767557572,24.0,1.0,0.6903166781229414,1.1250000000000353,0.16891891891892927
118.4,23.97238767557572,23.978972768323416,24.0,1.0,0.6970397198013598,1.1250000000000353,0.16891891891892927
118.5,23.978972768323416,23.98574617776242,24.0,1.0,0.7040927594182504,1.1250000000000353,0.16891891891892927
118.60000000000001,23.98574617776242,23.992701600613437,24.0,1.0,0.7114720710128452,1.1250000000000353,0.16891891891892927
118.7,23.992701600613437,23.99983257047928,24.0,1.0,0.7191736379468189,1.1250000000000353,0.16891891891892927
118.80000000000001,23.99983257047928,24.007132458466906,24.0,1.0,0.7271931508445307,1.1250000000000353,0.16891891891892927
118.9,24.007132458466906,24.014594473813112,24.0,1.0,0.7355260055479549,1.1250000000000353,0.16891891891892927
119.0,24.014594473813112,24.022211664513804,24.0,1.0,0.7441673010863076,1.1250000000000353,0.16891891891892927
119.10000000000001,24.022211664513804,24.02997691795675,24.0,1.0,0.7531118376602929,1.1250000000000353,0.16891891891892927
119.2,24.02997691795675,24.037882961557717,24.0,1.0,0.7623541146409827,1.1250000000000353,0.16891891891892927
119.30000000000001,24.037882961557717,24.045922363399985,24.0,1.0,0.77188832858325,1.1250000000000353,0.16891891891892927
119.4,24.045922363399985,24.05408753287706,24.0,1.0,0.7817083712537746,1.1250000000000353,0.16891891891892927
119.5,24.05408753287706,24.0623707213386,24.0,1.0,0.7918078276735416,1.1250000000000353,0.16891891891892927
119.60000000000001,24.0623707213386,24.070764022739432,24.0,1.0,0.8021799741748457,1.1250000000000353,0.16891891891892927
119.7,24.070764022739432,24.079259374291585,24.0,1.0,0.8128177764727331,1.1250000000000353,0.16891891891892927
119.80000000000001,24.079259374291585,24.087848557119276,24.0,1.0,0.8237138877508576,1.1250000000000353,0.16891891891892927
119.9,24.087848557119276,24.09652319691679,24.0,1.0,0.8348606467617283,1.1250000000000353,0.16891891891892927
