time,temperature,next_temperature,setpoint,disturbance,command,kp,ki
0.0,28.0,28.006655567890952,24.0,0.0,1.0,0.2884615384615404,0.028846153846153973
0.1,28.006655567890952,28.01328898748993,24.0,0.0,1.0,0.2884615384615404,0.028846153846153973
0.2,28.01328898748993,28.019900332501663,24.0,0.0,1.0,0.2884615384615404,0.028846153846153973
0.30000000000000004,28.019900332501663,28.02648967638561,24.0,0.0,1.0,0.2884615384615404,0.028846153846153973
0.4,28.02648967638561,28.033057092356763,24.0,0.0,1.0,0.2884615384615404,0.028846153846153973
0.5,28.033057092356763,28.03960265338649,24.0,0.0,1.0,0.2884615384615404,0.028846153846153973
0.6000000000000001,28.03960265338649,28.046126432203305,24.0,0.0,1.0,0.2884615384615404,0.028846153846153973
0.7000000000000001,28.046126432203305,28.05262850129371,24.0,0.0,1.0,0.2884615384615404,0.028846153846153973
0.8,28.05262850129371,28.059108932902983,24.0,0.0,1.0,0.2884615384615404,0.028846153846153973
0.9,28.059108932902983,28.06556779903599,24.0,0.0,1.0,0.2884615384615404,0.028846153846153973
1.0,28.06556779903599,28.07200517145797,24.0,0.0,1.0,0.2884615384615404,0.028846153846153973
1.1,28.07200517145797,28.078421121695357,24.0,0.0,1.0,0.2884615384615404,0.028846153846153973
1.2000000000000002,28.078421121695357,28.084815721036545,24.0,0.0,1.0,0.2884615384615404,0.028846153846153973
1.3,28.084815721036545,28.091189040532708,24.0,0.0,1.0,0.2884615384615404,0.028846153846153973
1.4000000000000001,28.091189040532708,28.097541150998573,24.0,0.0,1.0,0.2884615384615404,0.028846153846153973
1.5,28.097541150998573,28.10387212301321,24.0,0.0,1.0,0.2884615384615404,0.028846153846153973
1.6,28.10387212301321,28.110182026920818,24.0,0.0,1.0,0.2884615384615404,0.028846153846153973
1.7000000000000002,28.110182026920818,28.116470932831504,24.0,0.0,1.0,0.2884615384615404,0.028846153846153973
1.8,28.116470932831504,28.122738910622065,24.0,0.0,1.0,0.2884615384615404,0.028846153846153973
1.9000000000000001,28.122738910622065,28.128986029936765,24.0,0.0,1.0,0.2884615384615404,0.028846153846153973
2.0,28.128986029936765,28.10859008862429,24.0,0.0,1.0,0.2884615384615404,0.028846153846153973
2.1,28.10859008862429,28.088262020597867,24.0,0.0,1.0,0.2884615384615404,0.028846153846153973
2.2,28.088262020597867,28.068001599989866,24.0,0.0,1.0,0.2884615384615404,0.028846153846153973
2.3000000000000003,28.068001599989866,28.047808601684295,24.0,0.0,1.0,0.2884615384615404,0.028846153846153973
2.4000000000000004,28.047808601684295,28.027682801314295,24.0,0.0,1.0,0.2884615384615404,0.028846153846153973
2.5,28.027682801314295,28.007623975259655,24.0,0.0,1.0,0.2884615384615404,0.028846153846153973
2.6,28.007623975259655,27.987631900644324,24.0,0.0,1.0,0.2884615384615404,0.028846153846153973
2.7,27.987631900644324,27.967706355333934,24.0,0.0,1.0,0.2884615384615404,0.028846153846153973
2.8000000000000003,27.967706355333934,27.947847117933335,24.0,0.0,1.0,0.2884615384615404,0.028846153846153973
2.9000000000000004,27.947847117933335,27.928053967784127,24.0,0.0,1.0,0.2884615384615404,0.028846153846153973
3.0,27.928053967784127,27.908326684962216,24.0,0.0,1.0,0.2884615384615404,0.028846153846153973
3.1,27.908326684962216,27.888665050275367,24.0,0.0,1.0,0.2884615384615404,0.028846153846153973
3.2,27.888665050275367,27.86906884526077,24.0,0.0,1.0,0.2884615384615404,0.028846153846153973
3.3000000000000003,27.86906884526077,27.849537852182614,24.0,0.0,1.0,0.2884615384615404,0.028846153846153973
3.4000000000000004,27.849537852182614,27.83007185402966,24.0,0.0,1.0,0.2884615384615404,0.028846153846153973
3.5,27.83007185402966,27.810670634512846,24.0,0.0,1.0,0.2884615384615404,0.028846153846153973
3.6,27.810670634512846,27.79133397806286,24.0,0.0,1.0,0.2884615384615404,0.028846153846153973
3.7,27.79133397806286,27.772061669827767,24.0,0.0,1.0,0.2884615384615404,0.028846153846153973
3.8000000000000003,27.772061669827767,27.752853495670614,24.0,0.0,1.0,0.2884615384615404,0.028846153846153973
3.9000000000000004,27.752853495670614,27.73370924216704,24.0,0.0,1.0,0.2884615384615404,0.028846153846153973
4.0,27.73370924216704,27.714628696602926,24.0,0.0,1.0,0.2884615384615404,0.028846153846153973
4.1000000000000005,27.714628696602926,27.69561164697201,24.0,0.0,1.0,0.2884615384615404,0.028846153846153973
4.2,27.69561164697201,27.676657881973547,24.0,0.0,1.0,0.2884615384615404,0.028846153846153973
4.3,27.676657881973547,27.657767191009953,24.0,0.0,1.0,0.2884615384615404,0.028846153846153973
4.4,27.657767191009953,27.638939364184466,24.0,0.0,1.0,0.2884615384615404,0.028846153846153973
4.5,27.638939364184466,27.620174192298816,24.0,0.0,1.0,0.2884615384615404,0.028846153846153973
4.6000000000000005,27.620174192298816,27.601471466850903,24.0,0.0,1.0,0.2884615384615404,0.028846153846153973
4.7,27.601471466850903,27.58283098003247,24.0,0.0,1.0,0.2884615384615404,0.028846153846153973
4.800000000000001,27.58283098003247,27.564252524726808,24.0,0.0,1.0,0.2884615384615404,0.028846153846153973
4.9,27.564252524726808,27.545735894506443,24.0,0.0,1.0,0.2884615384615404,0.028846153846153973
5.0,27.545735894506443,27.52728088363085,24.0,0.0,1.0,0.2884615384615404,0.028846153846153973
5.1000000000000005,27.52728088363085,27.508887287044164,24.0,0.0,1.0,0.2884615384615404,0.028846153846153973
5.2,27.508887287044164,27.4905549003729,24.0,0.0,1.0,0.2884615384615404,0.028846153846153973
5.300000000000001,27.4905549003729,27.47228351992368,24.0,0.0,1.0,0.2884615384615404,0.028846153846153973
5.4,27.47228351992368,27.45407294268098,24.0,0.0,1.0,0.2884615384615404,0.028846153846153973
5.5,27.45407294268098,27.43592296630487,24.0,0.0,0.9963671950041356,0.2884615384615404,0.028846153846153973
5.6000000000000005,27.43592296630487,27.417833389128752,24.0,0.0,0.9911316248956418,0.2884615384615404,0.028846153846153973
5.7,27.417833389128752,27.39980401015714,24.0,0.0,0.9957726124096334,0.2884615384615404,0.028846153846153973
5.800000000000001,27.39980401015714,27.38183462906342,24.0,0.0,0.9905718300139761,0.2884615384615404,0.028846153846153973
5.9,27.38183462906342,27.36392504618761,24.0,0.0,0.9951436468977011,0.2884615384615404,0.028846153846153973
6.0,27.36392504618761,27.346075062534165,24.0,0.0,0.9996810510090666,0.2884615384615404,0.028846153846153973
6.1000000000000005,27.346075062534165,27.32828447976975,24.0,0.0,0.9945320172628805,0.2884615384615404,0.028846153846153973
6.2,27.32828447976975,27.31055310022104,24.0,0.0,0.9990009390032502,0.2884615384615404,0.028846153846153973
6.300000000000001,27.31055310022104,27.29288072687252,24.0,0.0,0.9938861179795837,0.2884615384615404,0.028846153846153973
6.4,27.29288072687252,27.275267163364312,24.0,0.0,0.9982870123796437,0.2884615384615404,0.028846153846153973
6.5,27.275267163364312,27.25771221398997,24.0,0.0,0.9932061767522754,0.2884615384615404,0.028846153846153973
6.6000000000000005,27.25771221398997,27.240215683694316,24.0,0.0,0.9975394958192629,0.2884615384615404,0.028846153846153973
6.7,27.240215683694316,27.222777378071285,24.0,0.0,0.9924924197724402,0.2884615384615404,0.028846153846153973
6.800000000000001,27.222777378071285,27.20539710336174,24.0,0.0,0.9967586125102329,0.2884615384615404,0.028846153846153973
6.9,27.20539710336174,27.188074666451342,24.0,0.0,0.9917450717286332,0.2884615384615404,0.028846153846153973
7.0,27.188074666451342,27.17080987486839,24.0,0.0,0.9959445841577053,0.2884615384615404,0.028846153846153973
7.1000000000000005,27.17080987486839,27.15360253678169,24.0,0.0,0.9909643558164688,0.2884615384615404,0.028846153846153973
7.2,27.15360253678169,27.13645246099842,24.0,0.0,0.9950976309937143,0.2884615384615404,0.028846153846153973
7.300000000000001,27.13645246099842,27.119359456962005,24.0,0.0,0.9991979527706509,0.2884615384615404,0.028846153846153973
7.4,27.119359456962005,27.102323334750004,24.0,0.0,0.9942672785293774,0.2884615384615404,0.028846153846153973
7.5,27.102323334750004,27.08544061859313,24.0,0.0,0.9983020221261558,0.2884615384615404,0.028846153846153973
7.6000000000000005,27.08544061859313,27.068753467237258,24.0,0.0,0.9934320078501342,0.2884615384615404,0.028846153846153973
7.7,27.068753467237258,27.05199829348584,24.0,0.0,0.9974705799606635,0.2884615384615404,0.028846153846153973
7.800000000000001,27.05199829348584,27.03543733397392,24.0,0.0,0.9926373567631395,0.2884615384615404,0.028846153846153973
7.9,27.03543733397392,27.018809773606566,24.0,0.0,0.9966162261365487,0.2884615384615404,0.028846153846153973
8.0,27.018809773606566,27.00211675016321,24.0,0.0,1.0,0.5769230769230808,0.028846153846153973
8.1,27.00211675016321,26.98561635646995,24.0,0.0,1.0,0.5769230769230808,0.028846153846153973
8.200000000000001,26.98561635646995,26.969051899673747,24.0,0.0,1.0,0.5769230769230808,0.028846153846153973
8.3,26.969051899673747,26.95267873396523,24.0,0.0,1.0,0.5769230769230808,0.028846153846153973
8.4,26.95267873396523,26.93624289280885,24.0,0.0,1.0,0.5769230769230808,0.028846153846153973
8.5,26.93624289280885,26.919997009966643,24.0,0.0,1.0,0.5769230769230808,0.028846153846153973
8.6,26.919997009966643,26.903689827115567,24.0,0.0,1.0,0.5769230769230808,0.028846153846153973
8.700000000000001,26.903689827115567,26.8875712756749,24.0,0.0,1.0,0.5769230769230808,0.028846153846153973
8.8,26.8875712756749,26.871392787549333,24.0,0.0,1.0,0.5769230769230808,0.028846153846153973
8.9,26.871392787549333,26.855401609780994,24.0,0.0,1.0,0.5769230769230808,0.028846153846153973
9.0,26.855401609780994,26.83935184663698,24.0,0.0,1.0,0.5769230769230808,0.028846153846153973
9.1,26.83935184663698,26.823488078628436,24.0,0.0,1.0,0.5769230769230808,0.028846153846153973
9.200000000000001,26.823488078628436,26.80756706463817,24.0,0.0,1.0,0.5769230769230808,0.028846153846153973
9.3,26.80756706463817,26.79158987246281,24.0,0.0,1.0,0.5769230769230808,0.028846153846153973
9.4,26.79158987246281,26.775797114679712,24.0,0.0,1.0,0.5769230769230808,0.028846153846153973
9.5,26.775797114679712,26.759949497742692,24.0,0.0,1.0,0.5769230769230808,0.028846153846153973
9.600000000000001,26.759949497742692,26.744284269093466,24.0,0.0,1.0,0.5769230769230808,0.028846153846153973
9.700000000000001,26.744284269093466,26.728563654977187,24.0,0.0,1.0,0.5769230769230808,0.028846153846153973
9.8,26.728563654977187,26.713024027048668,24.0,0.0,1.0,0.5769230769230808,0.028846153846153973
9.9,26.713024027048668,26.697430185103514,24.0,0.0,1.0,0.5769230769230808,0.028846153846153973
10.0,26.697430185103514,26.681798152348527,24.0,0.0,1.0,0.5769230769230808,0.028846153846153973
10.100000000000001,26.681798152348527,26.66621813962118,24.0,0.0,1.0,0.5769230769230808,0.028846153846153973
10.200000000000001,26.66621813962118,26.650689973810056,24.0,0.0,1.0,0.5769230769230808,0.028846153846153973
10.3,26.650689973810056,26.63521348237982,24.0,0.0,1.0,0.5769230769230808,0.028846153846153973
10.4,26.63521348237982,26.6197884933693,24.0,0.0,1.0,0.5769230769230808,0.028846153846153973
10.5,26.6197884933693,26.604414835389566,24.0,0.0,1.0,0.5769230769230808,0.028846153846153973
10.600000000000001,26.604414835389566,26.58909233762204,24.0,0.0,1.0,0.5769230769230808,0.028846153846153973
10.700000000000001,26.58909233762204,26.573820829816594,24.0,0.0,1.0,0.5769230769230808,0.028846153846153973
10.8,26.573820829816594,26.55860014228964,24.0,0.0,1.0,0.5769230769230808,0.028846153846153973
10.9,26.55860014228964,26.543430105922283,24.0,0.0,1.0,0.5769230769230808,0.028846153846153973
11.0,26.543430105922283,26.5283105521584,24.0,0.0,1.0,0.5769230769230808,0.028846153846153973
11.100000000000001,26.5283105521584,26.513241313002794,24.0,0.0,1.0,0.5769230769230808,0.028846153846153973
11.200000000000001,26.513241313002794,26.498222221019322,24.0,0.0,1.0,0.5769230769230808,0.028846153846153973
11.3,26.498222221019322,26.483253109329027,24.0,0.0,1.0,0.5769230769230808,0.028846153846153973
11.4,26.483253109329027,26.468333811608293,24.0,0.0,1.0,0.5769230769230808,0.028846153846153973
11.5,26.468333811608293,26.45346416208699,24.0,0.0,1.0,0.5769230769230808,0.028846153846153973
11.600000000000001,26.45346416208699,26.43864399554664,24.0,0.0,1.0,0.5769230769230808,0.028846153846153973
11.700000000000001,26.43864399554664,26.423873147318574,24.0,0.0,1.0,0.5769230769230808,0.028846153846153973
11.8,26.423873147318574,26.4091514532821,24.0,0.0,1.0,0.5769230769230808,0.028846153846153973
11.9,26.4091514532821,26.394478749862692,24.0,0.0,1.0,0.5769230769230808,0.028846153846153973
12.0,26.394478749862692,26.37985487403016,24.0,0.0,1.0,0.5769230769230808,0.028846153846153973
12.100000000000001,26.37985487403016,26.365279663296842,24.0,0.0,1.0,0.5769230769230808,0.028846153846153973
12.200000000000001,26.365279663296842,26.350752955715805,24.0,0.0,1.0,0.5769230769230808,0.028846153846153973
12.3,26.350752955715805,26.33627458987904,24.0,0.0,1.0,0.5769230769230808,0.028846153846153973
12.4,26.33627458987904,26.321844404915662,24.0,0.0,1.0,0.5769230769230808,0.028846153846153973
12.5,26.321844404915662,26.307462240490135,24.0,0.0,1.0,0.5769230769230808,0.028846153846153973
12.600000000000001,26.307462240490135,26.293127936800484,24.0,0.0,1.0,0.5769230769230808,0.028846153846153973
12.700000000000001,26.293127936800484,26.278841334576523,24.0,0.0,1.0,0.5769230769230808,0.028846153846153973
12.8,26.278841334576523,26.264602275078076,24.0,0.0,1.0,0.5769230769230808,0.028846153846153973
12.9,26.264602275078076,26.250410600093225,24.0,0.0,1.0,0.5769230769230808,0.028846153846153973
13.0,26.250410600093225,26.23626615193655,24.0,0.0,1.0,0.5769230769230808,0.028846153846153973
13.100000000000001,26.23626615193655,26.222168773447372,24.0,0.0,1.0,0.5769230769230808,0.028846153846153973
13.200000000000001,26.222168773447372,26.208118307988002,24.0,0.0,1.0,0.5769230769230808,0.028846153846153973
13.3,26.208118307988002,26.194114599442013,24.0,0.0,1.0,0.5769230769230808,0.028846153846153973
13.4,26.194114599442013,26.1801574922125,24.0,0.0,1.0,0.5769230769230808,0.028846153846153973
13.5,26.1801574922125,26.166246831220352,24.0,0.0,1.0,0.5769230769230808,0.028846153846153973
13.600000000000001,26.166246831220352,26.152382461902523,24.0,0.0,1.0,0.5769230769230808,0.028846153846153973
13.700000000000001,26.152382461902523,26.138564230210324,24.0,0.0,1.0,0.5769230769230808,0.028846153846153973
13.8,26.138564230210324,26.124791982607707,24.0,0.0,1.0,0.5769230769230808,0.028846153846153973
13.9,26.124791982607707,26.111065566069556,24.0,0.0,1.0,0.5769230769230808,0.028846153846153973
14.0,26.111065566069556,26.09738482807999,24.0,0.0,1.0,0.5769230769230808,0.028846153846153973
14.100000000000001,26.09738482807999,26.083749616630662,24.0,0.0,1.0,0.5769230769230808,0.028846153846153973
14.200000000000001,26.083749616630662,26.070159780219093,24.0,0.0,1.0,0.5769230769230808,0.028846153846153973
14.3,26.070159780219093,26.056615167846957,24.0,0.0,1.0,0.5769230769230808,0.028846153846153973
14.4,26.056615167846957,26.043115629018416,24.0,0.0,1.0,0.5769230769230808,0.028846153846153973
14.5,26.043115629018416,26.029661013738462,24.0,0.0,1.0,0.5769230769230808,0.028846153846153973
14.600000000000001,26.029661013738462,26.01625117251123,24.0,0.0,1.0,0.5769230769230808,0.028846153846153973
14.700000000000001,26.01625117251123,26.002885956338343,24.0,0.0,1.0,0.5769230769230808,0.028846153846153973
14.8,26.002885956338343,25.989565216717267,24.0,0.0,1.0,0.5769230769230808,0.028846153846153973
14.9,25.989565216717267,25.976288805639644,24.0,0.0,1.0,0.5769230769230808,0.028846153846153973
15.0,25.976288805639644,25.963056575589658,24.0,0.0,1.0,0.5769230769230808,0.028846153846153973
15.100000000000001,25.963056575589658,25.949868379542394,24.0,0.0,1.0,0.5769230769230808,0.028846153846153973
15.200000000000001,25.949868379542394,25.936724070962207,24.0,0.0,1.0,0.5769230769230808,0.028846153846153973
15.3,25.936724070962207,25.923623503801085,24.0,0.0,1.0,0.5769230769230808,0.028846153846153973
15.4,25.923623503801085,25.91056653249704,24.0,0.0,1.0,0.5769230769230808,0.028846153846153973
15.5,25.91056653249704,25.897553011972477,24.0,0.0,1.0,0.5769230769230808,0.028846153846153973
15.600000000000001,25.897553011972477,25.88458279763259,24.0,0.0,1.0,0.5769230769230808,0.028846153846153973
15.700000000000001,25.88458279763259,25.871655745363753,24.0,0.0,1.0,0.5769230769230808,0.028846153846153973
15.8,25.871655745363753,25.85877171153192,24.0,0.0,1.0,0.5769230769230808,0.028846153846153973
15.9,25.85877171153192,25.845930552981024,24.0,0.0,1.0,0.5769230769230808,0.028846153846153973
16.0,25.845930552981024,25.833132127031394,24.0,0.0,1.0,0.5769230769230808,0.028846153846153973
16.1,25.833132127031394,25.82037629147817,24.0,0.0,1.0,0.5769230769230808,0.028846153846153973
16.2,25.82037629147817,25.80766290458971,24.0,0.0,1.0,0.5769230769230808,0.028846153846153973
16.3,25.80766290458971,25.794991825106028,24.0,0.0,1.0,0.5769230769230808,0.028846153846153973
16.400000000000002,25.794991825106028,25.782362912237225,24.0,0.0,1.0,0.5769230769230808,0.028846153846153973
16.5,25.782362912237225,25.769776025661915,24.0,0.0,1.0,0.5769230769230808,0.028846153846153973
16.6,25.769776025661915,25.757231025525677,24.0,0.0,1.0,0.5769230769230808,0.028846153846153973
16.7,25.757231025525677,25.744727772439486,24.0,0.0,1.0,0.5769230769230808,0.028846153846153973
16.8,25.744727772439486,25.73226612747818,24.0,0.0,1.0,0.5769230769230808,0.028846153846153973
16.900000000000002,25.73226612747818,25.71984595217891,24.0,0.0,1.0,0.5769230769230808,0.028846153846153973
17.0,25.71984595217891,25.707467108539603,24.0,0.0,1.0,0.5769230769230808,0.028846153846153973
17.1,25.707467108539603,25.695129459017423,24.0,0.0,1.0,0.5769230769230808,0.028846153846153973
17.2,25.695129459017423,25.682832866527246,24.0,0.0,1.0,0.5769230769230808,0.028846153846153973
17.3,25.682832866527246,25.670577194440142,24.0,0.0,1.0,0.5769230769230808,0.028846153846153973
17.400000000000002,25.670577194440142,25.65836230658185,24.0,0.0,1.0,0.5769230769230808,0.028846153846153973
17.5,25.65836230658185,25.64618806723127,24.0,0.0,1.0,0.5769230769230808,0.028846153846153973
17.6,25.64618806723127,25.63405434111895,24.0,0.0,1.0,0.5769230769230808,0.028846153846153973
17.7,25.63405434111895,25.621960993425585,24.0,0.0,1.0,0.5769230769230808,0.028846153846153973
17.8,25.621960993425585,25.60990788978052,24.0,0.0,1.0,0.5769230769230808,0.028846153846153973
17.900000000000002,25.60990788978052,25.597894896260257,24.0,0.0,1.0,0.5769230769230808,0.028846153846153973
18.0,25.597894896260257,25.58592187938697,24.0,0.0,1.0,0.5769230769230808,0.028846153846153973
18.1,25.58592187938697,25.57398870612701,24.0,0.0,1.0,0.5769230769230808,0.028846153846153973
18.2,25.57398870612701,25.562095243889445,24.0,0.0,1.0,0.5769230769230808,0.028846153846153973
18.3,25.562095243889445,25.55024136052457,24.0,0.0,1.0,0.5769230769230808,0.028846153846153973
18.400000000000002,25.55024136052457,25.538426924322447,24.0,0.0,1.0,0.5769230769230808,0.028846153846153973
18.5,25.538426924322447,25.526651804011443,24.0,0.0,1.0,0.5769230769230808,0.028846153846153973
18.6,25.526651804011443,25.514915868756766,24.0,0.0,1.0,0.5769230769230808,0.028846153846153973
18.7,25.514915868756766,25.503218988159016,24.0,0.0,0.9993691767790043,0.5769230769230808,0.028846153846153973
18.8,25.503218988159016,25.491561032252733,24.0,0.0,0.996957185053838,0.5769230769230808,0.028846153846153973
18.900000000000002,25.491561032252733,25.47994187150495,24.0,0.0,0.9945340211624805,0.5769230769230808,0.028846153846153973
19.0,25.47994187150495,25.46836137681376,24.0,0.0,0.9920997222834844,0.5769230769230808,0.028846153846153973
19.1,25.46836137681376,25.45681941950689,24.0,0.0,0.9896543254716849,0.5769230769230808,0.028846153846153973
19.200000000000003,25.45681941950689,25.44531587134024,24.0,0.0,0.987197867658606,0.5769230769230808,0.028846153846153973
19.3,25.44531587134024,25.4338506044965,24.0,0.0,0.9847303856528675,0.5769230769230808,0.028846153846153973
19.400000000000002,25.4338506044965,25.42242349158369,24.0,0.0,0.982251916140602,0.5769230769230808,0.028846153846153973
19.5,25.42242349158369,25.411034405633774,24.0,0.0,0.9797624956858573,0.5769230769230808,0.028846153846153973
19.6,25.411034405633774,25.399683220101238,24.0,0.0,0.9772621607310037,0.5769230769230808,0.028846153846153973
19.700000000000003,25.399683220101238,25.38836980886168,24.0,0.0,0.9747509475971401,0.5769230769230808,0.028846153846153973
19.8,25.38836980886168,25.37709404621041,24.0,0.0,0.9722288924844955,0.5769230769230808,0.028846153846153973
19.900000000000002,25.37709404621041,25.365855806861067,24.0,0.0,0.9696960314728313,0.5769230769230808,0.028846153846153973
20.0,25.365855806861067,25.354654965944206,24.0,0.0,0.9671524005218484,0.5769230769230808,0.028846153846153973
20.1,25.354654965944206,25.343491399005924,24.0,0.0,0.9645980354715757,0.5769230769230808,0.028846153846153973
20.200000000000003,25.343491399005924,25.33236498200647,24.0,0.0,0.9620329720427757,0.5769230769230808,0.028846153846153973
20.3,25.33236498200647,25.32127559131888,24.0,0.0,0.9594572458373408,0.5769230769230808,0.028846153846153973
20.400000000000002,25.32127559131888,25.310223103727587,24.0,0.0,0.956870892338689,0.5769230769230808,0.028846153846153973
20.5,25.310223103727587,25.299207396427057,24.0,0.0,0.9542739469121573,0.5769230769230808,0.028846153846153973
20.6,25.299207396427057,25.28822834702043,24.0,0.0,0.9516664448053913,0.5769230769230808,0.028846153846153973
20.700000000000003,25.28822834702043,25.27730262746525,24.0,0.0,0.9490484211487411,0.5769230769230808,0.028846153846153973
20.8,25.27730262746525,25.26647747904292,24.0,0.0,0.9464296482153649,0.5769230769230808,0.028846153846153973
20.900000000000002,25.26647747904292,25.255752864502874,24.0,0.0,0.9438376706997209,0.5769230769230808,0.028846153846153973
21.0,25.255752864502874,25.24512874572874,24.0,0.0,0.9412727571126838,0.5769230769230808,0.028846153846153973
21.1,25.24512874572874,25.2346050837445,24.0,0.0,0.9387351753556693,0.5769230769230808,0.028846153846153973
21.200000000000003,25.2346050837445,25.224181838720646,24.0,0.0,0.9362251927217184,0.5769230769230808,0.028846153846153973
21.3,25.224181838720646,25.21385896998028,24.0,0.0,0.9337430758965732,0.5769230769230808,0.028846153846153973
21.400000000000002,25.21385896998028,25.203636436005194,24.0,0.0,0.9312890909597662,0.5769230769230808,0.028846153846153973
21.5,25.203636436005194,25.19351419444194,24.0,0.0,0.9288635033856935,0.5769230769230808,0.028846153846153973
21.6,25.19351419444194,25.183492202107814,24.0,0.0,0.9264665780447054,0.5769230769230808,0.028846153846153973
21.700000000000003,25.183492202107814,25.173570414996888,24.0,0.0,0.9240985792041756,0.5769230769230808,0.028846153846153973
21.8,25.173570414996888,25.16374878828593,24.0,0.0,0.9217597705295938,0.5769230769230808,0.028846153846153973
21.900000000000002,25.16374878828593,25.15402727634034,24.0,0.0,0.9194504150856344,0.5769230769230808,0.028846153846153973
22.0,25.15402727634034,25.144405832720064,24.0,0.0,0.9171707753372378,0.5769230769230808,0.028846153846153973
22.1,25.144405832720064,25.134884410185443,24.0,0.0,0.9149211131506944,0.5769230769230808,0.028846153846153973
22.200000000000003,25.134884410185443,25.12546296070305,24.0,0.0,0.9127016897947167,0.5769230769230808,0.028846153846153973
22.3,25.12546296070305,25.116141435451503,24.0,0.0,0.9105127659415184,0.5769230769230808,0.028846153846153973
22.400000000000002,25.116141435451503,25.106919784827237,24.0,0.0,0.9083546016678898,0.5769230769230808,0.028846153846153973
22.5,25.106919784827237,25.09779795845025,24.0,0.0,0.9062274564562767,0.5769230769230808,0.028846153846153973
22.6,25.09779795845025,25.088775905169825,24.0,0.0,0.9041315891958522,0.5769230769230808,0.028846153846153973
22.700000000000003,25.088775905169825,25.07985357307021,24.0,0.0,0.9020672581835967,0.5769230769230808,0.028846153846153973
22.8,25.07985357307021,25.071030650248307,24.0,0.0,0.9000347211253672,0.5769230769230808,0.028846153846153973
22.900000000000002,25.071030650248307,25.06230609253663,24.0,0.0,0.8980340848346011,0.5769230769230808,0.028846153846153973
23.0,25.06230609253663,25.05367885209409,24.0,0.0,0.8960650306524893,0.5769230769230808,0.028846153846153973
23.1,25.05367885209409,25.04514787743444,24.0,0.0,0.8941272347782188,0.5769230769230808,0.028846153846153973
23.200000000000003,25.04514787743444,25.036712113454605,24.0,0.0,0.8922203682748666,0.5769230769230808,0.028846153846153973
23.3,25.036712113454605,25.02837050146288,24.0,0.0,0.8903440970753109,0.5769230769230808,0.028846153846153973
23.400000000000002,25.02837050146288,25.020121979207023,24.0,0.0,0.8884980819881512,0.5769230769230808,0.028846153846153973
23.5,25.020121979207023,25.0119654809022,24.0,0.0,0.8866819787036377,0.5769230769230808,0.028846153846153973
23.6,25.0119654809022,25.003899937258836,24.0,0.0,0.8848954377996128,0.5769230769230808,0.028846153846153973
23.700000000000003,25.003899937258836,24.995924275510312,24.0,0.0,0.8831381047474565,0.5769230769230808,0.028846153846153973
23.8,24.995924275510312,24.98803741944058,24.0,0.0,0.881409619918049,0.5769230769230808,0.028846153846153973
23.900000000000002,24.98803741944058,24.980238289411623,24.0,0.0,0.879709618587744,0.5769230769230808,0.028846153846153973
24.0,24.980238289411623,24.972525802390816,24.0,0.0,0.8780377309443408,0.5769230769230808,0.028846153846153973
24.1,24.972525802390816,24.964898871978153,24.0,0.0,0.8763935820930793,0.5769230769230808,0.028846153846153973
24.200000000000003,24.964898871978153,24.95735640843337,24.0,0.0,0.874776792062634,0.5769230769230808,0.028846153846153973
24.3,24.95735640843337,24.94989731870293,24.0,0.0,0.8731869758111241,0.5769230769230808,0.028846153846153973
24.400000000000002,24.94989731870293,24.942520506446918,24.0,0.0,0.8716237432321294,0.5769230769230808,0.028846153846153973
24.5,24.942520506446918,24.935224872065778,24.0,0.0,0.870086699160719,0.5769230769230808,0.028846153846153973
24.6,24.935224872065778,24.92800931272697,24.0,0.0,0.8685754433794814,0.5769230769230808,0.028846153846153973
24.700000000000003,24.92800931272697,24.920872722391497,24.0,0.0,0.8670895706245747,0.5769230769230808,0.028846153846153973
24.8,24.920872722391497,24.913813991840293,24.0,0.0,0.8656286705917766,0.5769230769230808,0.028846153846153973
24.900000000000002,24.913813991840293,24.906832012701926,24.0,0.0,0.8641923279425443,0.5769230769230808,0.028846153846153973
25.0,24.906832012701926,24.899925688776804,24.0,0.0,0.8627801246301269,0.5769230769230808,0.028846153846153973
25.1,24.899925688776804,24.893093936133564,24.0,0.0,0.8613916464678741,0.5769230769230808,0.028846153846153973
25.200000000000003,24.893093936133564,24.886335683204976,24.0,0.0,0.8600264832202362,0.5769230769230808,0.028846153846153973
25.3,24.886335683204976,24.879649870883387,24.0,0.0,0.8586842286937575,0.5769230769230808,0.028846153846153973
25.400000000000002,24.879649870883387,24.873035452615664,24.0,0.0,0.8573644808280815,0.5769230769230808,0.028846153846153973
25.5,24.873035452615664,24.86649139449769,24.0,0.0,0.8560668417869399,0.5769230769230808,0.028846153846153973
25.6,24.86649139449769,24.860016675368364,24.0,0.0,0.8547909180491597,0.5769230769230808,0.028846153846153973
25.700000000000003,24.860016675368364,24.85361028690315,24.0,0.0,0.8535363204996498,0.5769230769230808,0.028846153846153973
25.8,24.85361028690315,24.847271233707147,24.0,0.0,0.8523026645204017,0.5769230769230808,0.028846153846153973
25.900000000000002,24.847271233707147,24.84099853340767,24.0,0.0,0.8510895700814775,0.5769230769230808,0.028846153846153973
26.0,24.84099853340767,24.834791216746414,24.0,0.0,0.8498966618319941,0.5769230769230808,0.028846153846153973
26.1,24.834791216746414,24.828648327671097,24.0,0.0,0.8487235691911141,0.5769230769230808,0.028846153846153973
26.200000000000003,24.828648327671097,24.822568923426672,24.0,0.0,0.847569926439021,0.5769230769230808,0.028846153846153973
26.3,24.822568923426672,24.816552074646076,24.0,0.0,0.8464353728078915,0.5769230769230808,0.028846153846153973
26.400000000000002,24.816552074646076,24.810596865440488,24.0,0.0,0.8453195525728725,0.5769230769230808,0.028846153846153973
26.5,24.810596865440488,24.804702393489162,24.0,0.0,0.8442221151430346,0.5769230769230808,0.028846153846153973
26.6,24.804702393489162,24.798867770128773,24.0,0.0,0.8431427151523347,0.5769230769230808,0.028846153846153973
26.700000000000003,24.798867770128773,24.79309212044232,24.0,0.0,0.8420810125505584,0.5769230769230808,0.028846153846153973
26.8,24.79309212044232,24.78737458334757,24.0,0.0,0.841036672694266,0.5769230769230808,0.028846153846153973
26.900000000000002,24.78737458334757,24.78171431168504,24.0,0.0,0.8400093664377206,0.5769230769230808,0.028846153846153973
27.0,24.78171431168504,24.77611047224376,24.0,0.0,0.8389987702238131,0.5769230769230808,0.028846153846153973
27.1,24.77611047224376,24.770562245612105,24.0,0.0,0.8380045661391635,0.5769230769230808,0.028846153846153973
27.200000000000003,24.770562245612105,24.765068826026667,24.0,0.0,0.837026441867858,0.5769230769230808,0.028846153846153973
27.3,24.765068826026667,24.75962942121924,24.0,0.0,0.8360640906436438,0.5769230769230808,0.028846153846153973
27.400000000000002,24.75962942121924,24.754243252261883,24.0,0.0,0.835117211200569,0.5769230769230808,0.028846153846153973
27.5,24.754243252261883,24.748909553410055,24.0,0.0,0.8341855077220794,0.5769230769230808,0.028846153846153973
27.6,24.748909553410055,24.743627571943875,24.0,0.0,0.8332686897885537,0.5769230769230808,0.028846153846153973
27.700000000000003,24.743627571943875,24.738396568007488,24.0,0.0,0.8323664723232882,0.5769230769230808,0.028846153846153973
27.8,24.738396568007488,24.733215814446513,24.0,0.0,0.8314785755369325,0.5769230769230808,0.028846153846153973
27.900000000000002,24.733215814446513,24.72808459664365,24.0,0.0,0.8306047248703505,0.5769230769230808,0.028846153846153973
28.0,24.72808459664365,24.72300221235238,24.0,0.0,0.8297446509359403,0.5769230769230808,0.028846153846153973
28.1,24.72300221235238,24.717967971528815,24.0,0.0,0.8288980894573776,0.5769230769230808,0.028846153846153973
28.200000000000003,24.717967971528815,24.712981196161675,24.0,0.0,0.8280647812078075,0.5769230769230808,0.028846153846153973
28.3,24.712981196161675,24.708041220100412,24.0,0.0,0.8272444719464622,0.5769230769230808,0.028846153846153973
28.400000000000002,24.708041220100412,24.70314738888149,24.0,0.0,0.8264369123537159,0.5769230769230808,0.028846153846153973
28.5,24.70314738888149,24.698299059552813,24.0,0.0,0.8256418579645728,0.5769230769230808,0.028846153846153973
28.6,24.698299059552813,24.693495600496316,24.0,0.0,0.8248590691005844,0.5769230769230808,0.028846153846153973
28.700000000000003,24.693495600496316,24.688736391248735,24.0,0.0,0.8240883108001911,0.5769230769230808,0.028846153846153973
28.8,24.688736391248735,24.68402082232054,24.0,0.0,0.8233293527474965,0.5769230769230808,0.028846153846153973
28.900000000000002,24.68402082232054,24.67934829501306,24.0,0.0,0.8225819691994628,0.5769230769230808,0.028846153846153973
29.0,24.67934829501306,24.674718221233785,24.0,0.0,0.8218459389115309,0.5769230769230808,0.028846153846153973
29.1,24.674718221233785,24.67013002331083,24.0,0.0,0.8211210450616622,0.5769230769230808,0.028846153846153973
29.200000000000003,24.67013002331083,24.665583133809236,24.0,0.0,0.8204070751733532,0.5769230769230808,0.028846153846153973
29.3,24.665583133809236,24.661076995349156,24.0,0.0,0.8197038210391911,0.5769230769230808,0.028846153846153973
29.400000000000002,24.661076995349156,24.656611060425973,24.0,0.0,0.81901107864496,0.5769230769230808,0.028846153846153973
29.5,24.656611060425973,24.65218479123235,24.0,0.0,0.8183286480943528,0.5769230769230808,0.028846153846153973
29.6,24.65218479123235,24.64779765948229,24.0,0.0,0.8176563335342792,0.5769230769230808,0.028846153846153973
29.700000000000003,24.64779765948229,24.643449146237202,24.0,0.0,0.8169939430808276,0.5769230769230808,0.028846153846153973
29.8,24.643449146237202,24.639138741734047,24.0,0.0,0.8163412887458844,0.5769230769230808,0.028846153846153973
29.900000000000002,24.639138741734047,24.634865945215548,24.0,0.0,0.815698186364451,0.5769230769230808,0.028846153846153973
30.0,24.634865945215548,24.63063026476255,24.0,0.0,0.8150644555226692,0.5769230769230808,0.028846153846153973
30.1,24.63063026476255,24.62643121712854,24.0,0.0,0.8144399194866017,0.5769230769230808,0.028846153846153973
30.200000000000003,24.62643121712854,24.62226832757635,24.0,0.0,0.8138244051317742,0.5769230769230808,0.028846153846153973
30.3,24.62226832757635,24.618141129717102,24.0,0.0,0.8132177428735188,0.5769230769230808,0.028846153846153973
30.400000000000002,24.618141129717102,24.61404916535141,24.0,0.0,0.8126197665981367,0.5769230769230808,0.028846153846153973
30.5,24.61404916535141,24.609991984312895,24.0,0.0,0.8120303135949051,0.5769230769230808,0.028846153846153973
30.6,24.609991984312895,24.60596914431402,24.0,0.0,0.8114492244889719,0.5769230769230808,0.028846153846153973
30.700000000000003,24.60596914431402,24.60198021079429,24.0,0.0,0.8108763431751422,0.5769230769230808,0.028846153846153973
30.8,24.60198021079429,24.598024756770872,24.0,0.0,0.8103115167525898,0.5769230769230808,0.028846153846153973
30.900000000000002,24.598024756770872,24.59410236269163,24.0,0.0,0.8097545954605332,0.5769230769230808,0.028846153846153973
31.0,24.59410236269163,24.590212616290636,24.0,0.0,0.8092054326148881,0.5769230769230808,0.028846153846153973
31.1,24.590212616290636,24.586355112446192,24.0,0.0,0.8086638845459224,0.5769230769230808,0.028846153846153973
31.200000000000003,24.586355112446192,24.582529453041367,24.0,0.0,0.8081298105369537,0.5769230769230808,0.028846153846153973
31.3,24.582529453041367,24.578735246827026,24.0,0.0,0.807603072764097,0.5769230769230808,0.028846153846153973
31.400000000000002,24.578735246827026,24.574972109287355,24.0,0.0,0.8070835362370553,0.5769230769230808,0.028846153846153973
31.5,24.574972109287355,24.571239662507814,24.0,0.0,0.8065710687409584,0.5769230769230808,0.028846153846153973
31.6,24.571239662507814,24.56753753504554,24.0,0.0,0.8060655407792268,0.5769230769230808,0.028846153846153973
31.700000000000003,24.56753753504554,24.56386536180213,24.0,0.0,0.805566825517468,0.5769230769230808,0.028846153846153973
31.8,24.56386536180213,24.560222783898826,24.0,0.0,0.8050747987283922,0.5769230769230808,0.028846153846153973
31.900000000000002,24.560222783898826,24.556609448554035,24.0,0.0,0.8045893387377332,0.5769230769230808,0.028846153846153973
32.0,24.556609448554035,24.55302500896316,24.0,0.0,0.8041103263711823,0.5769230769230808,0.028846153846153973
32.1,24.55302500896316,24.549469124180764,24.0,0.0,0.8036376449023026,0.5769230769230808,0.028846153846153973
32.2,24.549469124180764,24.54594145900496,24.0,0.0,0.803171180001441,0.5769230769230808,0.028846153846153973
32.300000000000004,24.54594145900496,24.542441683864084,24.0,0.0,0.8027108196856079,0.5769230769230808,0.028846153846153973
32.4,24.542441683864084,24.538969474705524,24.0,0.0,0.8022564542693249,0.5769230769230808,0.028846153846153973
32.5,24.538969474705524,24.535524512886784,24.0,0.0,0.8018079763164221,0.5769230769230808,0.028846153846153973
32.6,24.535524512886784,24.53210648506866,24.0,0.0,0.8013652805927838,0.5769230769230808,0.028846153846153973
32.7,24.53210648506866,24.528715083110544,24.0,0.0,0.8009282640200254,0.5769230769230808,0.028846153846153973
32.800000000000004,24.528715083110544,24.525350003967823,24.0,0.0,0.8004968256300853,0.5769230769230808,0.028846153846153973
32.9,24.525350003967823,24.522010949591326,24.0,0.0,0.8000708665207301,0.5769230769230808,0.028846153846153973
33.0,24.522010949591326,24.518697626828786,24.0,0.0,0.7996502898119571,0.5769230769230808,0.028846153846153973
33.1,24.518697626828786,24.5154097473283,24.0,0.0,0.7992350006032667,0.5769230769230808,0.028846153846153973
33.2,24.5154097473283,24.51214702744373,24.0,0.0,0.7988249059318173,0.5769230769230808,0.028846153846153973
33.300000000000004,24.51214702744373,24.508909188142045,24.0,0.0,0.7984199147314239,0.5769230769230808,0.028846153846153973
33.4,24.508909188142045,24.505695954912515,24.0,0.0,0.7980199377923993,0.5769230769230808,0.028846153846153973
33.5,24.505695954912515,24.502507057677786,24.0,0.0,0.7976248877222254,0.5769230769230808,0.028846153846153973
33.6,24.502507057677786,24.49934223070676,24.0,0.0,0.7972346789070293,0.5769230769230808,0.028846153846153973
33.7,24.49934223070676,24.49620121252925,24.0,0.0,0.7968492274738603,0.5769230769230808,0.028846153846153973
33.800000000000004,24.49620121252925,24.4930837458524,24.0,0.0,0.7964684512537474,0.5769230769230808,0.028846153846153973
33.9,24.4930837458524,24.48998957747881,24.0,0.0,0.7960922697455226,0.5769230769230808,0.028846153846153973
34.0,24.48998957747881,24.486918458226363,24.0,0.0,0.7957206040804099,0.5769230769230808,0.028846153846153973
34.1,24.486918458226363,24.48387014284969,24.0,0.0,0.7953533769873438,0.5769230769230808,0.028846153846153973
34.2,24.48387014284969,24.480844389963252,24.0,0.0,0.7949905127590213,0.5769230769230808,0.028846153846153973
34.300000000000004,24.480844389963252,24.477840961966038,24.0,0.0,0.7946319372186633,0.5769230769230808,0.028846153846153973
34.4,24.477840961966038,24.474859624967795,24.0,0.0,0.7942775776874802,0.5769230769230808,0.028846153846153973
34.5,24.474859624967795,24.471900148716806,24.0,0.0,0.7939273629528242,0.5769230769230808,0.028846153846153973
34.6,24.471900148716806,24.468962306529146,24.0,0.0,0.7935812232370134,0.5769230769230808,0.028846153846153973
34.7,24.468962306529146,24.46604587521943,24.0,0.0,0.7932390901668132,0.5769230769230808,0.028846153846153973
34.800000000000004,24.46604587521943,24.46315063503298,24.0,0.0,0.7929008967435704,0.5769230769230808,0.028846153846153973
34.9,24.46315063503298,24.460276369579432,24.0,0.0,0.7925665773139845,0.5769230769230808,0.028846153846153973
35.0,24.460276369579432,24.45742286576767,24.0,0.0,0.792236067541493,0.5769230769230808,0.028846153846153973
35.1,24.45742286576767,24.45458991374217,24.0,0.0,0.7919093043782668,0.5769230769230808,0.028846153846153973
35.2,24.45458991374217,24.45177730682065,24.0,0.0,0.7915862260378115,0.5769230769230808,0.028846153846153973
35.300000000000004,24.45177730682065,24.448984841433003,24.0,0.0,0.7912667719681482,0.5769230769230808,0.028846153846153973
35.4,24.448984841433003,24.446212317061534,24.0,0.0,0.7909508828255629,0.5769230769230808,0.028846153846153973
35.5,24.446212317061534,24.443459536182406,24.0,0.0,0.7906385004489314,0.5769230769230808,0.028846153846153973
35.6,24.443459536182406,24.440726304208336,24.0,0.0,0.7903295678345761,0.5769230769230808,0.028846153846153973
35.7,24.440726304208336,24.43801242943248,24.0,0.0,0.7900240291116756,0.5769230769230808,0.028846153846153973
35.800000000000004,24.43801242943248,24.43531772297347,24.0,0.0,0.7897218295181978,0.5769230769230808,0.028846153846153973
35.9,24.43531772297347,24.432641998721618,24.0,0.0,0.7894229153773462,0.5769230769230808,0.028846153846153973
36.0,24.432641998721618,24.429985073286243,24.0,0.0,0.7891272340745135,0.5769230769230808,0.028846153846153973
36.1,24.429985073286243,24.427346765944073,24.0,0.0,0.7888347340347386,0.5769230769230808,0.028846153846153973
36.2,24.427346765944073,24.424726898588748,24.0,0.0,0.7885453647006326,0.5769230769230808,0.028846153846153973
36.300000000000004,24.424726898588748,24.422125295681358,24.0,0.0,0.7882590765107976,0.5769230769230808,0.028846153846153973
36.4,24.422125295681358,24.419541784202025,24.0,0.0,0.7879758208786919,0.5769230769230808,0.028846153846153973
36.5,24.419541784202025,24.416976193602487,24.0,0.0,0.7876955501719671,0.5769230769230808,0.028846153846153973
36.6,24.416976193602487,24.41442835575967,24.0,0.0,0.787418217692241,0.5769230769230808,0.028846153846153973
36.7,24.41442835575967,24.41189810493023,24.0,0.0,0.7871437776553081,0.5769230769230808,0.028846153846153973
36.800000000000004,24.41189810493023,24.409385277706033,24.0,0.0,0.7868721851717755,0.5769230769230808,0.028846153846153973
36.9,24.409385277706033,24.406889712970575,24.0,0.0,0.7866033962281209,0.5769230769230808,0.028846153846153973
37.0,24.406889712970575,24.404411251856295,24.0,0.0,0.7863373676681564,0.5769230769230808,0.028846153846153973
37.1,24.404411251856295,24.40194973770279,24.0,0.0,0.7860740571748885,0.5769230769230808,0.028846153846153973
37.2,24.40194973770279,24.39950501601588,24.0,0.0,0.7858134232527778,0.5769230769230808,0.028846153846153973
37.300000000000004,24.39950501601588,24.397076934427545,24.0,0.0,0.7855554252103757,0.5769230769230808,0.028846153846153973
37.4,24.397076934427545,24.39466534265668,24.0,0.0,0.7853000231433391,0.5769230769230808,0.028846153846153973
37.5,24.39466534265668,24.392270092470653,24.0,0.0,0.785047177917811,0.5769230769230808,0.028846153846153973
37.6,24.392270092470653,24.389891037647697,24.0,0.0,0.7847968511541533,0.5769230769230808,0.028846153846153973
37.7,24.389891037647697,24.38752803394004,24.0,0.0,0.7845490052110469,0.5769230769230808,0.028846153846153973
37.800000000000004,24.38752803394004,24.385180939037827,24.0,0.0,0.7843036031699178,0.5769230769230808,0.028846153846153973
37.9,24.385180939037827,24.382849612533782,24.0,0.0,0.7840606088197118,0.5769230769230808,0.028846153846153973
38.0,24.382849612533782,24.380533915888588,24.0,0.0,0.7838199866419949,0.5769230769230808,0.028846153846153973
38.1,24.380533915888588,24.378233712397,24.0,0.0,0.7835817017963691,0.5769230769230808,0.028846153846153973
38.2,24.378233712397,24.375948867154662,24.0,0.0,0.7833457201062146,0.5769230769230808,0.028846153846153973
38.300000000000004,24.375948867154662,24.373679247025574,24.0,0.0,0.783112008044734,0.5769230769230808,0.028846153846153973
38.400000000000006,24.373679247025574,24.371424720610275,24.0,0.0,0.7828805327212957,0.5769230769230808,0.028846153846153973
38.5,24.371424720610275,24.36918515821465,24.0,0.0,0.7826512618680755,0.5769230769230808,0.028846153846153973
38.6,24.36918515821465,24.366960431819397,24.0,0.0,0.7824241638269871,0.5769230769230808,0.028846153846153973
38.7,24.366960431819397,24.364750415050118,24.0,0.0,0.782199207536898,0.5769230769230808,0.028846153846153973
38.800000000000004,24.364750415050118,24.362554983148012,24.0,0.0,0.7819763625211122,0.5769230769230808,0.028846153846153973
38.900000000000006,24.362554983148012,24.360374012941197,24.0,0.0,0.7817555988751321,0.5769230769230808,0.028846153846153973
39.0,24.360374012941197,24.358207382816587,24.0,0.0,0.7815368872546844,0.5769230769230808,0.028846153846153973
39.1,24.358207382816587,24.35605497269238,24.0,0.0,0.7813201988639962,0.5769230769230808,0.028846153846153973
39.2,24.35605497269238,24.353916663991082,24.0,0.0,0.7811055054443354,0.5769230769230808,0.028846153846153973
39.300000000000004,24.353916663991082,24.351792339613098,24.0,0.0,0.7808927792627918,0.5769230769230808,0.028846153846153973
39.400000000000006,24.351792339613098,24.34968188391086,24.0,0.0,0.7806819931013,0.5769230769230808,0.028846153846153973
39.5,24.34968188391086,24.347585182663487,24.0,0.0,0.7804731202459063,0.5769230769230808,0.028846153846153973
39.6,24.347585182663487,24.345502123051943,24.0,0.0,0.7802661344762578,0.5769230769230808,0.028846153846153973
39.7,24.345502123051943,24.343432593634734,24.0,0.0,0.7800610100553251,0.5769230769230808,0.028846153846153973
39.800000000000004,24.343432593634734,24.341376484324076,24.0,0.0,0.7798577217193431,0.5769230769230808,0.028846153846153973
39.900000000000006,24.341376484324076,24.33933368636255,24.0,0.0,0.7796562446679753,0.5769230769230808,0.028846153846153973
40.0,24.33933368636255,24.337304092300247,24.0,0.0,0.6815718373347122,0.2884615384615404,0.028846153846153973
40.1,24.337304092300247,24.33528759597235,24.0,0.0,0.6819593700829907,0.2884615384615404,0.028846153846153973
40.2,24.33528759597235,24.333284092477196,24.0,0.0,0.6823448642075559,0.2884615384615404,0.028846153846153973
40.300000000000004,24.333284092477196,24.331293478154777,24.0,0.0,0.6827283269276383,0.2884615384615404,0.028846153846153973
40.400000000000006,24.331293478154777,24.32931565056566,24.0,0.0,0.6831097655216174,0.2884615384615404,0.028846153846153973
40.5,24.32931565056566,24.32735050847036,24.0,0.0,0.6834891873244657,0.2884615384615404,0.028846153846153973
40.6,24.32735050847036,24.325397951809098,24.0,0.0,0.683866599725255,0.2884615384615404,0.028846153846153973
40.7,24.325397951809098,24.32345788168199,24.0,0.0,0.6842420101647249,0.2884615384615404,0.028846153846153973
40.800000000000004,24.32345788168199,24.32153020032963,24.0,0.0,0.6846154261329107,0.2884615384615404,0.028846153846153973
40.900000000000006,24.32153020032963,24.31961481111406,24.0,0.0,0.6849868551668348,0.2884615384615404,0.028846153846153973
41.0,24.31961481111406,24.317711618500127,24.0,0.0,0.6853563048482497,0.2884615384615404,0.028846153846153973
41.1,24.317711618500127,24.3158205280372,24.0,0.0,0.6857237828014422,0.2884615384615404,0.028846153846153973
41.2,24.3158205280372,24.31394144634128,24.0,0.0,0.6860892966910899,0.2884615384615404,0.028846153846153973
41.300000000000004,24.31394144634128,24.31207428107743,24.0,0.0,0.6864528542201738,0.2884615384615404,0.028846153846153973
41.400000000000006,24.31207428107743,24.3102189409426,24.0,0.0,0.6868144631279406,0.2884615384615404,0.028846153846153973
41.5,24.3102189409426,24.308375335648766,24.0,0.0,0.6871741311879208,0.2884615384615404,0.028846153846153973
41.6,24.308375335648766,24.306543375906397,24.0,0.0,0.6875318662059935,0.2884615384615404,0.028846153846153973
41.7,24.306543375906397,24.30472297340829,24.0,0.0,0.6878876760185019,0.2884615384615404,0.028846153846153973
41.800000000000004,24.30472297340829,24.302914040813675,24.0,0.0,0.6882415684904176,0.2884615384615404,0.028846153846153973
41.900000000000006,24.302914040813675,24.30111649173268,24.0,0.0,0.6885935515135493,0.2884615384615404,0.028846153846153973
42.0,24.30111649173268,24.301936154234863,24.0,0.0,0.7758041594661503,0.5769230769230808,0.028846153846153973
42.1,24.301936154234863,24.302742772075263,24.0,0.0,0.7771480113546245,0.5769230769230808,0.028846153846153973
42.2,24.302742772075263,24.303536442936494,24.0,0.0,0.7784866642589185,0.5769230769230808,0.028846153846153973
42.300000000000004,24.303536442936494,24.304317263983908,24.0,0.0,0.7798201371873303,0.5769230769230808,0.028846153846153973
42.400000000000006,24.304317263983908,24.30508533186574,24.0,0.0,0.7811484491300227,0.5769230769230808,0.028846153846153973
42.5,24.30508533186574,24.305840742713336,24.0,0.0,0.7824716190576155,0.5769230769230808,0.028846153846153973
42.6,24.305840742713336,24.306583592141415,24.0,0.0,0.7837896659198247,0.5769230769230808,0.028846153846153973
42.7,24.306583592141415,24.307313975248427,24.0,0.0,0.7851026086441243,0.5769230769230808,0.028846153846153973
42.800000000000004,24.307313975248427,24.30803198661695,24.0,0.0,0.7864104661344631,0.5769230769230808,0.028846153846153973
42.900000000000006,24.30803198661695,24.30873772031416,24.0,0.0,0.7877132572700061,0.5769230769230808,0.028846153846153973
43.0,24.30873772031416,24.309431269892354,24.0,0.0,0.7890110009039178,0.5769230769230808,0.028846153846153973
43.1,24.309431269892354,24.310112728389534,24.0,0.0,0.7903037158621811,0.5769230769230808,0.028846153846153973
43.2,24.310112728389534,24.310782188330034,24.0,0.0,0.791591420942447,0.5769230769230808,0.028846153846153973
43.300000000000004,24.310782188330034,24.311439741725223,24.0,0.0,0.7928741349129185,0.5769230769230808,0.028846153846153973
43.400000000000006,24.311439741725223,24.31208548007424,24.0,0.0,0.7941518765112736,0.5769230769230808,0.028846153846153973
43.5,24.31208548007424,24.31271949436478,24.0,0.0,0.7954246644436136,0.5769230769230808,0.028846153846153973
43.6,24.31271949436478,24.313341875073945,24.0,0.0,0.796692517383439,0.5769230769230808,0.028846153846153973
43.7,24.313341875073945,24.313952712169122,24.0,0.0,0.7979554539706698,0.5769230769230808,0.028846153846153973
43.800000000000004,24.313952712169122,24.31455209510893,24.0,0.0,0.799213492810683,0.5769230769230808,0.028846153846153973
43.900000000000006,24.31455209510893,24.315140112844187,24.0,0.0,0.800466652473386,0.5769230769230808,0.028846153846153973
44.0,24.315140112844187,24.313404429295304,24.0,0.0,0.7108091497103383,0.2884615384615404,0.028846153846153973
44.1,24.313404429295304,24.311638745336353,24.0,0.0,0.7112125230018967,0.2884615384615404,0.028846153846153973
44.2,24.311638745336353,24.309843299210986,24.0,0.0,0.7116021490099005,0.2884615384615404,0.028846153846153973
44.300000000000004,24.309843299210986,24.308018327863987,24.0,0.0,0.7119780106060762,0.2884615384615404,0.028846153846153973
44.400000000000006,24.308018327863987,24.306164066946078,24.0,0.0,0.7123400909709727,0.2884615384615404,0.028846153846153973
44.5,24.306164066946078,24.304280750818744,24.0,0.0,0.7126883735916126,0.2884615384615404,0.028846153846153973
44.6,24.304280750818744,24.302368612559086,24.0,0.0,0.7130228422591667,0.2884615384615404,0.028846153846153973
44.7,24.302368612559086,24.300427883964673,24.0,0.0,0.7133434810666471,0.2884615384615404,0.028846153846153973
44.800000000000004,24.300427883964673,24.298458795558446,24.0,0.0,0.7136502744066185,0.2884615384615404,0.028846153846153973
44.900000000000006,24.298458795558446,24.2964615765936,24.0,0.0,0.7139432069689332,0.2884615384615404,0.028846153846153973
45.0,24.2964615765936,24.29443645505852,24.0,0.0,0.7142222637384785,0.2884615384615404,0.028846153846153973
45.1,24.29443645505852,24.2923836576817,24.0,0.0,0.7144874299929511,0.2884615384615404,0.028846153846153973
45.2,24.2923836576817,24.290303409936694,24.0,0.0,0.7147386913006426,0.2884615384615404,0.028846153846153973
45.300000000000004,24.290303409936694,24.288195936047074,24.0,0.0,0.7149760335182467,0.2884615384615404,0.028846153846153973
45.400000000000006,24.288195936047074,24.286061458991412,24.0,0.0,0.7151994427886845,0.2884615384615404,0.028846153846153973
45.5,24.286061458991412,24.28390020050825,24.0,0.0,0.7154089055389494,0.2884615384615404,0.028846153846153973
45.6,24.28390020050825,24.2817123811011,24.0,0.0,0.7156044084779647,0.2884615384615404,0.028846153846153973
45.7,24.2817123811011,24.279498220043457,24.0,0.0,0.7157859385944638,0.2884615384615404,0.028846153846153973
45.800000000000004,24.279498220043457,24.277257935383798,24.0,0.0,0.715953483154884,0.2884615384615404,0.028846153846153973
45.900000000000006,24.277257935383798,24.274991743950608,24.0,0.0,0.7161070297012817,0.2884615384615404,0.028846153846153973
46.0,24.274991743950608,24.275119980299177,24.0,0.0,0.7951744848658507,0.5769230769230808,0.014423076923076986
46.1,24.275119980299177,24.275237051191578,24.0,0.0,0.7956452750385338,0.5769230769230808,0.014423076923076986
46.2,24.275237051191578,24.275343359767948,24.0,0.0,0.7961097924541374,0.5769230769230808,0.014423076923076986
46.300000000000004,24.275343359767948,24.27543930828286,24.0,0.0,0.7965682541709396,0.5769230769230808,0.014423076923076986
46.400000000000006,24.27543930828286,24.275525298100042,24.0,0.0,0.7970208773164884,0.5769230769230808,0.014423076923076986
46.5,24.275525298100042,24.275601729687185,24.0,0.0,0.797467879083277,0.5769230769230808,0.014423076923076986
46.6,24.275601729687185,24.275669002610822,24.0,0.0,0.7979094767244467,0.5769230769230808,0.014423076923076986
46.7,24.275669002610822,24.275727515531297,24.0,0.0,0.7983458875495413,0.5769230769230808,0.014423076923076986
46.800000000000004,24.275727515531297,24.275777666197804,24.0,0.0,0.7987773289202932,0.5769230769230808,0.014423076923076986
46.900000000000006,24.275777666197804,24.275819851443504,24.0,0.0,0.7992040182464477,0.5769230769230808,0.014423076923076986
47.0,24.275819851443504,24.275854467180718,24.0,0.0,0.7996261729816261,0.5769230769230808,0.014423076923076986
47.1,24.275854467180718,24.2758819083962,24.0,0.0,0.8000440106192215,0.5769230769230808,0.014423076923076986
47.2,24.2758819083962,24.27590256914648,24.0,0.0,0.8004577486883409,0.5769230769230808,0.014423076923076986
47.300000000000004,24.27590256914648,24.27591684255328,24.0,0.0,0.8008676047497715,0.5769230769230808,0.014423076923076986
47.400000000000006,24.27591684255328,24.275925120798995,24.0,0.0,0.8012737963919914,0.5769230769230808,0.014423076923076986
47.5,24.275925120798995,24.27592779512228,24.0,0.0,0.8016765412272104,0.5769230769230808,0.014423076923076986
47.6,24.27592779512228,24.275925255813657,24.0,0.0,0.8020760568874543,0.5769230769230808,0.014423076923076986
47.7,24.275925255813657,24.275917892211247,24.0,0.0,0.8024725610206733,0.5769230769230808,0.014423076923076986
47.800000000000004,24.275917892211247,24.27590609269653,24.0,0.0,0.8028662712868951,0.5769230769230808,0.014423076923076986
47.900000000000006,24.27590609269653,24.275890244690192,24.0,0.0,0.8032574053544095,0.5769230769230808,0.014423076923076986
48.0,24.275890244690192,24.273769494159346,24.0,0.0,0.7244603750882647,0.2884615384615404,0.028846153846153973
48.1,24.273769494159346,24.27164326752424,24.0,0.0,0.7246383398221341,0.2884615384615404,0.028846153846153973
48.2,24.27164326752424,24.26951175000321,24.0,0.0,0.7248085915644812,0.2884615384615404,0.028846153846153973
48.300000000000004,24.26951175000321,24.26737512041964,24.0,0.0,0.7249711684815013,0.2884615384615404,0.028846153846153973
48.400000000000006,24.26737512041964,24.2652335512214,24.0,0.0,0.7251261074105279,0.2884615384615404,0.028846153846153973
48.5,24.2652335512214,24.26308720850033,24.0,0.0,0.725273443847251,0.2884615384615404,0.028846153846153973
48.6,24.26308720850033,24.260936252011785,24.0,0.0,0.7254132119330012,0.2884615384615404,0.028846153846153973
48.7,24.260936252011785,24.25878083519421,24.0,0.0,0.7255454444421087,0.2884615384615404,0.028846153846153973
48.800000000000004,24.25878083519421,24.256621105188778,24.0,0.0,0.7256701727693297,0.2884615384615404,0.028846153846153973
48.900000000000006,24.256621105188778,24.254457202859072,24.0,0.0,0.7257874269173461,0.2884615384615404,0.028846153846153973
49.0,24.254457202859072,24.252289262810798,24.0,0.0,0.7258972354843322,0.2884615384615404,0.028846153846153973
49.1,24.252289262810798,24.25011741341155,24.0,0.0,0.725999625651592,0.2884615384615404,0.028846153846153973
49.2,24.25011741341155,24.247941776810638,24.0,0.0,0.7260946231712657,0.2884615384615404,0.028846153846153973
49.300000000000004,24.247941776810638,24.245762468958905,24.0,0.0,0.7261822523541098,0.2884615384615404,0.028846153846153973
49.400000000000006,24.245762468958905,24.243579599628646,24.0,0.0,0.7262625360573374,0.2884615384615404,0.028846153846153973
49.5,24.243579599628646,24.241393272433527,24.0,0.0,0.7263354956725377,0.2884615384615404,0.028846153846153973
49.6,24.241393272433527,24.239203584848546,24.0,0.0,0.7264011511136578,0.2884615384615404,0.028846153846153973
49.7,24.239203584848546,24.237010628230045,24.0,0.0,0.7264595208050535,0.2884615384615404,0.028846153846153973
49.800000000000004,24.237010628230045,24.23481448783575,24.0,0.0,0.7265106216696111,0.2884615384615404,0.028846153846153973
49.900000000000006,24.23481448783575,24.232615242844833,24.0,0.0,0.7265544691169362,0.2884615384615404,0.028846153846153973
50.0,24.232615242844833,24.23252107240426,24.0,0.0,0.6930408016212964,0.1442307692307702,0.028846153846153973
50.1,24.23252107240426,24.232422477517094,24.0,0.0,0.6936979532089184,0.1442307692307702,0.028846153846153973
50.2,24.232422477517094,24.23231967824429,24.0,0.0,0.6943541822468763,0.1442307692307702,0.028846153846153973
50.300000000000004,24.23231967824429,24.23221289289842,24.0,0.0,0.6950095083466961,0.1442307692307702,0.028846153846153973
50.400000000000006,24.23221289289842,24.232102338084868,24.0,0.0,0.6956639514974794,0.1442307692307702,0.028846153846153973
50.5,24.232102338084868,24.23198822874322,24.0,0.0,0.6963175320669234,0.1442307692307702,0.028846153846153973
50.6,24.23198822874322,24.23187077818887,24.0,0.0,0.6969702708024834,0.1442307692307702,0.028846153846153973
50.7,24.23187077818887,24.231750198154824,24.0,0.0,0.6976221888326894,0.1442307692307702,0.028846153846153973
50.800000000000004,24.231750198154824,24.23162669883368,24.0,0.0,0.6982733076686102,0.1442307692307702,0.028846153846153973
50.900000000000006,24.23162669883368,24.23150048891982,24.0,0.0,0.6989236492054652,0.1442307692307702,0.028846153846153973
51.0,24.23150048891982,24.231371775651798,24.0,0.0,0.699573235724389,0.1442307692307702,0.028846153846153973
51.1,24.231371775651798,24.231240764854885,24.0,0.0,0.7002220898943429,0.1442307692307702,0.028846153846153973
51.2,24.231240764854885,24.23110766098383,24.0,0.0,0.7008702347741771,0.1442307692307702,0.028846153846153973
51.300000000000004,24.23110766098383,24.2309726671658,24.0,0.0,0.7015176938148439,0.1442307692307702,0.028846153846153973
51.400000000000006,24.2309726671658,24.23083598524348,24.0,0.0,0.7021644908617601,0.1442307692307702,0.028846153846153973
51.5,24.23083598524348,24.230697815818377,24.0,0.0,0.7028106501573201,0.1442307692307702,0.028846153846153973
51.6,24.230697815818377,24.230558358294285,24.0,0.0,0.7034561963435602,0.1442307692307702,0.028846153846153973
51.7,24.230558358294285,24.23041781092093,24.0,0.0,0.7041011544649727,0.1442307692307702,0.028846153846153973
51.800000000000004,24.23041781092093,24.23027637083777,24.0,0.0,0.7047455499714722,0.1442307692307702,0.028846153846153973
51.900000000000006,24.23027637083777,24.230134234118,24.0,0.0,0.7053894087215102,0.1442307692307702,0.028846153846153973
52.0,24.230134234118,24.230884780355694,24.0,0.0,0.8052781454487339,0.5769230769230808,0.014423076923076986
52.1,24.230884780355694,24.23161533406964,24.0,0.0,0.8060441597883008,0.5769230769230808,0.014423076923076986
52.2,24.23161533406964,24.23232598635101,24.0,0.0,0.8067996936627935,0.5769230769230808,0.014423076923076986
52.300000000000004,24.23232598635101,24.233016827465736,24.0,0.0,0.8075447709208209,0.5769230769230808,0.014423076923076986
52.400000000000006,24.233016827465736,24.23368794684721,24.0,0.0,0.808279415065084,0.5769230769230808,0.014423076923076986
52.5,24.23368794684721,24.23433943308897,24.0,0.0,0.809003649246963,0.5769230769230808,0.014423076923076986
52.6,24.23433943308897,24.234971373937395,24.0,0.0,0.8097174962610881,0.5769230769230808,0.014423076923076986
52.7,24.234971373937395,24.235583856284375,24.0,0.0,0.810420978539897,0.5769230769230808,0.014423076923076986
52.800000000000004,24.235583856284375,24.236176966159963,24.0,0.0,0.8111141181481805,0.5769230769230808,0.014423076923076986
52.900000000000006,24.236176966159963,24.236750788725026,24.0,0.0,0.8117969367775966,0.5769230769230808,0.014423076923076986
53.0,24.236750788725026,24.237305408263857,24.0,0.0,0.8124694557411783,0.5769230769230808,0.014423076923076986
53.1,24.237305408263857,24.237840908176775,24.0,0.0,0.8131316959678081,0.5769230769230808,0.014423076923076986
53.2,24.237840908176775,24.238357370972675,24.0,0.0,0.8137836779966693,0.5769230769230808,0.014423076923076986
53.300000000000004,24.238357370972675,24.238854878261566,24.0,0.0,0.8144254219716686,0.5769230769230808,0.014423076923076986
53.400000000000006,24.238854878261566,24.23933351074706,24.0,0.0,0.8150569476358291,0.5769230769230808,0.014423076923076986
53.5,24.23933351074706,24.23979334821881,24.0,0.0,0.8156782743256523,0.5769230769230808,0.014423076923076986
53.6,24.23979334821881,24.24023446954493,24.0,0.0,0.8162894209654401,0.5769230769230808,0.014423076923076986
53.7,24.24023446954493,24.240656952664327,24.0,0.0,0.8168904060615834,0.5769230769230808,0.014423076923076986
53.800000000000004,24.240656952664327,24.241060874579013,24.0,0.0,0.8174812476968092,0.5769230769230808,0.014423076923076986
53.900000000000006,24.241060874579013,24.241446311346344,24.0,0.0,0.8180619635243859,0.5769230769230808,0.014423076923076986
54.0,24.241446311346344,24.23917120038807,24.0,0.0,0.7493328362075917,0.2884615384615404,0.028846153846153973
54.1,24.23917120038807,24.23688326746575,24.0,0.0,0.7493664711245941,0.2884615384615404,0.028846153846153973
54.2,24.23688326746575,24.234582834261893,24.0,0.0,0.749389807591614,0.2884615384615404,0.028846153846153973
54.300000000000004,24.234582834261893,24.23227022075362,24.0,0.0,0.74940290234318,0.2884615384615404,0.028846153846153973
54.400000000000006,24.23227022075362,24.22994574522754,24.0,0.0,0.7494058125448905,0.2884615384615404,0.028846153846153973
54.5,24.22994574522754,24.22760972429473,24.0,0.0,0.7493985957928313,0.2884615384615404,0.028846153846153973
54.6,24.22760972429473,24.225262472905815,24.0,0.0,0.7493813101130635,0.2884615384615404,0.028846153846153973
54.7,24.225262472905815,24.22290430436612,24.0,0.0,0.7493540139611816,0.2884615384615404,0.028846153846153973
54.800000000000004,24.22290430436612,24.22053553035095,24.0,0.0,0.7493167662219417,0.2884615384615404,0.028846153846153973
54.900000000000006,24.22053553035095,24.218156460920937,24.0,0.0,0.7492696262089624,0.2884615384615404,0.028846153846153973
55.0,24.218156460920937,24.215767404537498,24.0,0.0,0.7492126536644999,0.2884615384615404,0.028846153846153973
55.1,24.215767404537498,24.21336866807838,24.0,0.0,0.7491459087592889,0.2884615384615404,0.028846153846153973
55.2,24.21336866807838,24.210960556853315,24.0,0.0,0.749069452092462,0.2884615384615404,0.028846153846153973
55.300000000000004,24.210960556853315,24.208543374619747,24.0,0.0,0.7489833446915392,0.2884615384615404,0.028846153846153973
55.400000000000006,24.208543374619747,24.206117423598677,24.0,0.0,0.74888764801249,0.2884615384615404,0.028846153846153973
55.5,24.206117423598677,24.203683004490603,24.0,0.0,0.7487824239398696,0.2884615384615404,0.028846153846153973
55.6,24.203683004490603,24.201240416491544,24.0,0.0,0.7486677347870329,0.2884615384615404,0.028846153846153973
55.7,24.201240416491544,24.198789957309177,24.0,0.0,0.7485436432964144,0.2884615384615404,0.028846153846153973
55.800000000000004,24.198789957309177,24.196331923179073,24.0,0.0,0.7484102126398928,0.2884615384615404,0.028846153846153973
55.900000000000006,24.196331923179073,24.19386660888102,24.0,0.0,0.7482675064192257,0.2884615384615404,0.028846153846153973
56.0,24.19386660888102,24.19323922410808,24.0,0.0,0.7481155886665594,0.2884615384615404,0.028846153846153973
56.1,24.19323922410808,24.192613031698222,24.0,0.0,0.7484920331285229,0.2884615384615404,0.028846153846153973
56.2,24.192613031698222,24.191988301851648,24.0,0.0,0.7488670152171166,0.2884615384615404,0.028846153846153973
56.300000000000004,24.191988301851648,24.191365302358996,24.0,0.0,0.7492406170936383,0.2884615384615404,0.028846153846153973
56.400000000000006,24.191365302358996,24.190744298597874,24.0,0.0,0.7496129209967936,0.2884615384615404,0.028846153846153973
56.5,24.190744298597874,24.19012555352943,24.0,0.0,0.749984009234733,0.2884615384615404,0.028846153846153973
56.6,24.19012555352943,24.189509327694953,24.0,0.0,0.7503539641770938,0.2884615384615404,0.028846153846153973
56.7,24.189509327694953,24.188895879212485,24.0,0.0,0.7507228682470377,0.2884615384615404,0.028846153846153973
56.800000000000004,24.188895879212485,24.188285463773454,24.0,0.0,0.7510908039132848,0.2884615384615404,0.028846153846153973
56.900000000000006,24.188285463773454,24.18767833463935,24.0,0.0,0.7514578536821416,0.2884615384615404,0.028846153846153973
57.0,24.18767833463935,24.187074742638384,24.0,0.0,0.751824100089533,0.2884615384615404,0.028846153846153973
57.1,24.187074742638384,24.186474936162178,24.0,0.0,0.7521896256930185,0.2884615384615404,0.028846153846153973
57.2,24.186474936162178,24.185879161162482,24.0,0.0,0.7525545130638115,0.2884615384615404,0.028846153846153973
57.300000000000004,24.185879161162482,24.185287661147875,24.0,0.0,0.7529188447787911,0.2884615384615404,0.028846153846153973
57.400000000000006,24.185287661147875,24.184700677180498,24.0,0.0,0.753282703412504,0.2884615384615404,0.028846153846153973
57.5,24.184700677180498,24.18411844787278,24.0,0.0,0.7536461715291658,0.2884615384615404,0.028846153846153973
57.6,24.18411844787278,24.183541209384178,24.0,0.0,0.7540093316746497,0.2884615384615404,0.028846153846153973
57.7,24.183541209384178,24.18296919541791,24.0,0.0,0.7543722663684687,0.2884615384615404,0.028846153846153973
57.800000000000004,24.18296919541791,24.182402637217713,24.0,0.0,0.7547350580957511,0.2884615384615404,0.028846153846153973
57.900000000000006,24.182402637217713,24.181841763564556,24.0,0.0,0.7550977892992066,0.2884615384615404,0.028846153846153973
58.0,24.181841763564556,24.181286800773407,24.0,0.0,0.7554605423710783,0.2884615384615404,0.028846153846153973
58.1,24.181286800773407,24.18072366297183,24.0,0.0,0.7558233996450932,0.2884615384615404,0.028846153846153973
58.2,24.18072366297183,24.180152416296192,24.0,0.0,0.7561822743070568,0.2884615384615404,0.028846153846153973
58.300000000000004,24.180152416296192,24.179573124475457,24.0,0.0,0.756537162043785,0.2884615384615404,0.028846153846153973
58.400000000000006,24.179573124475457,24.17898584883713,24.0,0.0,0.7568880580314831,0.2884615384615404,0.028846153846153973
58.5,24.17898584883713,24.178390648313396,24.0,0.0,0.7572349569305341,0.2884615384615404,0.028846153846153973
58.6,24.178390648313396,24.177787579447468,24.0,0.0,0.7575778528803612,0.2884615384615404,0.028846153846153973
58.7,24.177787579447468,24.1771766964001,24.0,0.0,0.7579167394943651,0.2884615384615404,0.028846153846153973
58.800000000000004,24.1771766964001,24.176558050956306,24.0,0.0,0.7582516098549321,0.2884615384615404,0.028846153846153973
58.900000000000006,24.176558050956306,24.175931692532263,24.0,0.0,0.7585824565085194,0.2884615384615404,0.028846153846153973
59.0,24.175931692532263,24.17529766818241,24.0,0.0,0.7589092714608117,0.2884615384615404,0.028846153846153973
59.1,24.17529766818241,24.17465602260673,24.0,0.0,0.759232046171957,0.2884615384615404,0.028846153846153973
59.2,24.17465602260673,24.17400679815822,24.0,0.0,0.7595507715518764,0.2884615384615404,0.028846153846153973
59.300000000000004,24.17400679815822,24.173350034850554,24.0,0.0,0.7598654379556476,0.2884615384615404,0.028846153846153973
59.400000000000006,24.173350034850554,24.17268577036592,24.0,0.0,0.7601760351789665,0.2884615384615404,0.028846153846153973
59.5,24.17268577036592,24.172014040063065,24.0,0.0,0.7604825524536853,0.2884615384615404,0.028846153846153973
59.6,24.172014040063065,24.171334876985515,24.0,0.0,0.7607849784434282,0.2884615384615404,0.028846153846153973
59.7,24.171334876985515,24.17064831186997,24.0,0.0,0.7610833012392856,0.2884615384615404,0.028846153846153973
59.800000000000004,24.17064831186997,24.169954373154912,24.0,0.0,0.7613775083555806,0.2884615384615404,0.028846153846153973
59.900000000000006,24.169954373154912,24.169253086989364,24.0,0.0,0.7616675867257219,0.2884615384615404,0.028846153846153973
60.0,24.169253086989364,24.171872261187346,24.0,1.0,0.7619535226981294,0.2884615384615404,0.028846153846153973
60.1,24.171872261187346,24.174473059254595,24.0,1.0,0.7632048390855876,0.2884615384615404,0.028846153846153973
60.2,24.174473059254595,24.17705564836908,24.0,1.0,0.7644583569682207,0.2884615384615404,0.028846153846153973
60.300000000000004,24.17705564836908,24.179620195267272,24.0,1.0,0.7657140720446177,0.2884615384615404,0.028846153846153973
60.400000000000006,24.179620195267272,24.182166866259195,24.0,1.0,0.7669719803669826,0.2884615384615404,0.028846153846153973
60.5,24.182166866259195,24.18469582724358,24.0,1.0,0.7682320783442462,0.2884615384615404,0.028846153846153973
60.6,24.18469582724358,24.18720724372311,24.0,1.0,0.7694943627452524,0.2884615384615404,0.028846153846153973
60.7,24.18720724372311,24.189701280819726,24.0,1.0,0.7707588307020099,0.2884615384615404,0.028846153846153973
60.800000000000004,24.189701280819726,24.192178103290058,24.0,1.0,0.7720254797130143,0.2884615384615404,0.028846153846153973
60.900000000000006,24.192178103290058,24.194637875540877,24.0,1.0,0.773294307646639,0.2884615384615404,0.028846153846153973
61.0,24.194637875540877,24.19708076164468,24.0,1.0,0.7745653127445895,0.2884615384615404,0.028846153846153973
61.1,24.19708076164468,24.199506925355315,24.0,1.0,0.775838493625431,0.2884615384615404,0.028846153846153973
61.2,24.199506925355315,24.201916530123686,24.0,1.0,0.7771138492881774,0.2884615384615404,0.028846153846153973
61.300000000000004,24.201916530123686,24.20430973911354,24.0,1.0,0.7783913791159488,0.2884615384615404,0.028846153846153973
61.400000000000006,24.20430973911354,24.206686715217312,24.0,1.0,0.7796710828796959,0.2884615384615404,0.028846153846153973
61.5,24.206686715217312,24.209047621072042,24.0,1.0,0.7809529607419877,0.2884615384615404,0.028846153846153973
61.6,24.209047621072042,24.211392619075344,24.0,1.0,0.7822370132608675,0.2884615384615404,0.028846153846153973
61.7,24.211392619075344,24.213721871401454,24.0,1.0,0.7835232413937682,0.2884615384615404,0.028846153846153973
61.800000000000004,24.213721871401454,24.216035540017323,24.0,1.0,0.7848116465014963,0.2884615384615404,0.028846153846153973
61.900000000000006,24.216035540017323,24.21833378669877,24.0,1.0,0.7861022303522778,0.2884615384615404,0.028846153846153973
62.0,24.21833378669877,24.220616773046704,24.0,1.0,0.7873949951258651,0.2884615384615404,0.028846153846153973
62.1,24.220616773046704,24.22285884922464,24.0,1.0,0.7886899434177111,0.2884615384615404,0.028846153846153973
62.2,24.22285884922464,24.225060092763986,24.0,1.0,0.7899795582264175,0.2884615384615404,0.028846153846153973
62.300000000000004,24.225060092763986,24.22722058105265,24.0,1.0,0.7912637441303558,0.2884615384615404,0.028846153846153973
62.400000000000006,24.22722058105265,24.22934039132611,24.0,1.0,0.7925424058897372,0.2884615384615404,0.028846153846153973
62.5,24.22934039132611,24.23141960065843,24.0,1.0,0.7938154484436,0.2884615384615404,0.028846153846153973
62.6,24.23141960065843,24.2334582859532,24.0,1.0,0.7950827769067452,0.2884615384615404,0.028846153846153973
62.7,24.2334582859532,24.23545652393445,24.0,1.0,0.7963442965666403,0.2884615384615404,0.028846153846153973
62.800000000000004,24.23545652393445,24.237414391137477,24.0,1.0,0.7975999128802727,0.2884615384615404,0.028846153846153973
62.900000000000006,24.237414391137477,24.23933196389964,24.0,1.0,0.7988495314709658,0.2884615384615404,0.028846153846153973
63.0,24.23933196389964,24.241209318351075,24.0,1.0,0.8000930581251466,0.2884615384615404,0.028846153846153973
63.1,24.241209318351075,24.243046530405348,24.0,1.0,0.801330398789073,0.2884615384615404,0.028846153846153973
63.2,24.243046530405348,24.244843675750047,24.0,1.0,0.8025614595655133,0.2884615384615404,0.028846153846153973
63.300000000000004,24.244843675750047,24.246600829837316,24.0,1.0,0.8037861467103787,0.2884615384615404,0.028846153846153973
63.400000000000006,24.246600829837316,24.248318067874305,24.0,1.0,0.805004366629314,0.2884615384615404,0.028846153846153973
63.5,24.248318067874305,24.24999546481356,24.0,1.0,0.8062160258742366,0.2884615384615404,0.028846153846153973
63.6,24.24999546481356,24.25163309534335,24.0,1.0,0.8074210311398297,0.2884615384615404,0.028846153846153973
63.7,24.25163309534335,24.25323103387791,24.0,1.0,0.808619289259991,0.2884615384615404,0.028846153846153973
63.800000000000004,24.25323103387791,24.254789354547604,24.0,1.0,0.8098107072042232,0.2884615384615404,0.028846153846153973
63.900000000000006,24.254789354547604,24.25630813118904,24.0,1.0,0.810995192073984,0.2884615384615404,0.028846153846153973
64.0,24.25630813118904,24.257787437335082,24.0,1.0,0.8857380137527601,0.5769230769230808,0.014423076923076986
64.10000000000001,24.257787437335082,24.259227346204796,24.0,1.0,0.8869632684100943,0.5769230769230808,0.014423076923076986
64.2,24.259227346204796,24.260628130893238,24.0,1.0,0.8881678706611859,0.5769230769230808,0.014423076923076986
64.3,24.260628130893238,24.261990066127012,24.0,1.0,0.8893519216317679,0.5769230769230808,0.014423076923076986
64.4,24.261990066127012,24.263313428253984,24.0,1.0,0.89051552378509,0.5769230769230808,0.014423076923076986
64.5,24.263313428253984,24.264598495233134,24.0,1.0,0.8916587809183244,0.5769230769230808,0.014423076923076986
64.60000000000001,24.264598495233134,24.265845546624515,24.0,1.0,0.8927817981590358,0.5769230769230808,0.014423076923076986
64.7,24.265845546624515,24.26705486357933,24.0,1.0,0.8938846819616949,0.5769230769230808,0.014423076923076986
64.8,24.26705486357933,24.26822672883011,24.0,1.0,0.8949675401042498,0.5769230769230808,0.014423076923076986
64.9,24.26822672883011,24.269361426681055,24.0,1.0,0.8960304816847448,0.5769230769230808,0.014423076923076986
65.0,24.269361426681055,24.270459242998424,24.0,1.0,0.8970736171180023,0.5769230769230808,0.014423076923076986
65.10000000000001,24.270459242998424,24.271520465201103,24.0,1.0,0.8980970581323474,0.5769230769230808,0.014423076923076986
65.2,24.271520465201103,24.272545382251273,24.0,1.0,0.8991009177663947,0.5769230769230808,0.014423076923076986
65.3,24.272545382251273,24.273534284645187,24.0,1.0,0.9000853103658938,0.5769230769230808,0.014423076923076986
65.4,24.273534284645187,24.274487464404082,24.0,1.0,0.9010503515806207,0.5769230769230808,0.014423076923076986
65.5,24.274487464404082,24.275405215065216,24.0,1.0,0.9019961583613352,0.5769230769230808,0.014423076923076986
65.60000000000001,24.275405215065216,24.27628783167302,24.0,1.0,0.9029228489567953,0.5769230769230808,0.014423076923076986
65.7,24.27628783167302,24.27713561077037,24.0,1.0,0.9038305429108259,0.5769230769230808,0.014423076923076986
65.8,24.27713561077037,24.27794885038999,24.0,1.0,0.904719361059446,0.5769230769230808,0.014423076923076986
65.9,24.27794885038999,24.278727850045996,24.0,1.0,0.905589425528059,0.5769230769230808,0.014423076923076986
66.0,24.278727850045996,24.277514433663274,24.0,1.0,0.826440606614542,0.2884615384615404,0.028846153846153973
66.10000000000001,24.277514433663274,24.276272436205886,24.0,1.0,0.8268911050627855,0.2884615384615404,0.028846153846153973
66.2,24.276272436205886,24.275002502599442,24.0,1.0,0.8273297762852867,0.2884615384615404,0.028846153846153973
66.3,24.275002502599442,24.27370527293118,24.0,1.0,0.8277567257332338,0.2884615384615404,0.028846153846153973
66.4,24.27370527293118,24.272381382430467,24.0,1.0,0.828172059308537,0.2884615384615404,0.028846153846153973
66.5,24.272381382430467,24.27103146144944,24.0,1.0,0.8285758833441881,0.2884615384615404,0.028846153846153973
66.60000000000001,24.27103146144944,24.269656135443824,24.0,1.0,0.8289683045846112,0.2884615384615404,0.028846153846153973
66.7,24.269656135443824,24.268256024953914,24.0,1.0,0.8293494301660026,0.2884615384615404,0.028846153846153973
66.8,24.268256024953914,24.266831745585677,24.0,1.0,0.8297193675966645,0.2884615384615404,0.028846153846153973
66.9,24.266831745585677,24.265383907992042,24.0,1.0,0.8300782247373242,0.2884615384615404,0.028846153846153973
67.0,24.265383907992042,24.263913117854326,24.0,1.0,0.8304261097814452,0.2884615384615404,0.028846153846153973
67.10000000000001,24.263913117854326,24.262419975863804,24.0,1.0,0.8307631312355298,0.2884615384615404,0.028846153846153973
67.2,24.262419975863804,24.260905077703438,24.0,1.0,0.8310893978994094,0.2884615384615404,0.028846153846153973
67.3,24.260905077703438,24.25936901402974,24.0,1.0,0.8314050188465253,0.2884615384615404,0.028846153846153973
67.4,24.25936901402974,24.257812370454786,24.0,1.0,0.8317101034041984,0.2884615384615404,0.028846153846153973
67.5,24.257812370454786,24.256235727528367,24.0,1.0,0.8320047611338889,0.2884615384615404,0.028846153846153973
67.60000000000001,24.256235727528367,24.254639660720276,24.0,1.0,0.8322891018114458,0.2884615384615404,0.028846153846153973
67.7,24.254639660720276,24.253024740402743,24.0,1.0,0.8325632354073433,0.2884615384615404,0.028846153846153973
67.8,24.253024740402743,24.251391531832994,24.0,1.0,0.8328272720669092,0.2884615384615404,0.028846153846153973
67.9,24.251391531832994,24.249740595135943,24.0,1.0,0.8330813220905381,0.2884615384615404,0.028846153846153973
68.0,24.249740595135943,24.2502022737506,24.0,1.0,0.9050058494216653,0.5769230769230808,0.014423076923076986
68.10000000000001,24.2502022737506,24.250650422706542,24.0,1.0,0.9056330711326455,0.5769230769230808,0.014423076923076986
68.2,24.250650422706542,24.251085401895175,24.0,1.0,0.9062531336399778,0.5769230769230808,0.014423076923076986
68.3,24.251085401895175,24.251507567202896,24.0,1.0,0.906866225578461,0.5769230769230808,0.014423076923076986
68.4,24.251507567202896,24.251917270512454,24.0,1.0,0.9074725337856122,0.5769230769230808,0.014423076923076986
68.5,24.251917270512454,24.252314859704775,24.0,1.0,0.908072243296673,0.5769230769230808,0.014423076923076986
68.60000000000001,24.252314859704775,24.252700678661334,24.0,1.0,0.908665537339894,0.5769230769230808,0.014423076923076986
68.7,24.252700678661334,24.253075067267037,24.0,1.0,0.9092525973321319,0.5769230769230808,0.014423076923076986
68.8,24.253075067267037,24.253438361413608,24.0,1.0,0.9098336028747496,0.5769230769230808,0.014423076923076986
68.9,24.253438361413608,24.253790893003497,24.0,1.0,0.9104087317498097,0.5769230769230808,0.014423076923076986
69.0,24.253790893003497,24.254132989954307,24.0,1.0,0.9109781599165782,0.5769230769230808,0.014423076923076986
69.10000000000001,24.254132989954307,24.254464976203703,24.0,1.0,0.9115420615083256,0.5769230769230808,0.014423076923076986
69.2,24.254464976203703,24.25478717171486,24.0,1.0,0.9121006088294249,0.5769230769230808,0.014423076923076986
69.3,24.25478717171486,24.255099892482402,24.0,1.0,0.9126539723527576,0.5769230769230808,0.014423076923076986
69.4,24.255099892482402,24.25540345053885,24.0,1.0,0.9132023207174202,0.5769230769230808,0.014423076923076986
69.5,24.25540345053885,24.25569815396157,24.0,1.0,0.913745820726725,0.5769230769230808,0.014423076923076986
69.60000000000001,24.25569815396157,24.25598430688024,24.0,1.0,0.9142846373465088,0.5769230769230808,0.014423076923076986
69.7,24.25598430688024,24.256262209484785,24.0,1.0,0.9148189337037411,0.5769230769230808,0.014423076923076986
69.8,24.256262209484785,24.25653215803385,24.0,1.0,0.9153488710854276,0.5769230769230808,0.014423076923076986
69.9,24.25653215803385,24.256794444863747,24.0,1.0,0.9158746089378214,0.5769230769230808,0.014423076923076986
70.0,24.256794444863747,24.255141064561034,24.0,1.0,0.8426913608353265,0.2884615384615404,0.028846153846153973
70.10000000000001,24.255141064561034,24.25347648828403,24.0,1.0,0.8429504080496237,0.2884615384615404,0.028846153846153973
70.2,24.25347648828403,24.251800943884778,24.0,1.0,0.8432014239936148,0.2884615384615404,0.028846153846153973
70.3,24.251800943884778,24.250114653435197,24.0,1.0,0.8434444427550368,0.2884615384615404,0.028846153846153973
70.4,24.250114653435197,24.248417833294162,24.0,1.0,0.8436794973948748,0.2884615384615404,0.028846153846153973
70.5,24.248417833294162,24.24671069417449,24.0,1.0,0.8439066199502324,0.2884615384615404,0.028846153846153973
70.60000000000001,24.24671069417449,24.244993441209832,24.0,1.0,0.8441258414373682,0.2884615384615404,0.028846153846153973
70.7,24.244993441209832,24.243266274021487,24.0,1.0,0.8443371918548996,0.2884615384615404,0.028846153846153973
70.8,24.243266274021487,24.241529386785043,24.0,1.0,0.8445407001871695,0.2884615384615404,0.028846153846153973
70.9,24.241529386785043,24.239782968296964,24.0,1.0,0.8447363944077677,0.2884615384615404,0.028846153846153973
71.0,24.239782968296964,24.238027202041003,24.0,1.0,0.8449243014832171,0.2884615384615404,0.028846153846153973
71.10000000000001,24.238027202041003,24.23626226625449,24.0,1.0,0.8451044473768081,0.2884615384615404,0.028846153846153973
71.2,24.23626226625449,24.234488333994484,24.0,1.0,0.845276857052586,0.2884615384615404,0.028846153846153973
71.3,24.234488333994484,24.232705573203784,24.0,1.0,0.845441554479492,0.2884615384615404,0.028846153846153973
71.4,24.232705573203784,24.230914146776747,24.0,1.0,0.845598562635647,0.2884615384615404,0.028846153846153973
71.5,24.230914146776747,24.22911421262497,24.0,1.0,0.845747903512781,0.2884615384615404,0.028846153846153973
71.60000000000001,24.22911421262497,24.227305923742794,24.0,1.0,0.845889598120802,0.2884615384615404,0.028846153846153973
71.7,24.227305923742794,24.22548942827261,24.0,1.0,0.8460236664925089,0.2884615384615404,0.028846153846153973
71.8,24.22548942827261,24.22366486957,24.0,1.0,0.8461501276884347,0.2884615384615404,0.028846153846153973
71.9,24.22366486957,24.221832386268673,24.0,1.0,0.8462689998018263,0.2884615384615404,0.028846153846153973
72.0,24.221832386268673,24.22195430538076,24.0,1.0,0.9100504608302946,0.5769230769230808,0.014423076923076986
72.10000000000001,24.22195430538076,24.222068922347095,24.0,1.0,0.9104409251815665,0.5769230769230808,0.014423076923076986
72.2,24.222068922347095,24.222176475278303,24.0,1.0,0.9108273420693762,0.5769230769230808,0.014423076923076986
72.3,24.222176475278303,24.222277200585133,24.0,1.0,0.9112098386767247,0.5769230769230808,0.014423076923076986
72.4,24.222277200585133,24.22237133301145,24.0,1.0,0.9115885415468934,0.5769230769230808,0.014423076923076986
72.5,24.22237133301145,24.222459105667042,24.0,1.0,0.9119635766000729,0.5769230769230808,0.014423076923076986
72.60000000000001,24.222459105667042,24.222540750060237,24.0,1.0,0.9123350691499351,0.5769230769230808,0.014423076923076986
72.7,24.222540750060237,24.22261649613032,24.0,1.0,0.9127031439201343,0.5769230769230808,0.014423076923076986
72.8,24.22261649613032,24.222686572279763,24.0,1.0,0.9130679250607557,0.5769230769230808,0.014423076923076986
72.9,24.222686572279763,24.222751205406233,24.0,1.0,0.9134295361646831,0.5769230769230808,0.014423076923076986
73.0,24.222751205406233,24.222810620934432,24.0,1.0,0.9137881002839059,0.5769230769230808,0.014423076923076986
73.10000000000001,24.222810620934432,24.22286504284769,24.0,1.0,0.9141437399457529,0.5769230769230808,0.014423076923076986
73.2,24.22286504284769,24.22291469371937,24.0,1.0,0.9144965771690479,0.5769230769230808,0.014423076923076986
73.3,24.22291469371937,24.222959794744053,24.0,1.0,0.9148467334801896,0.5769230769230808,0.014423076923076986
73.4,24.222959794744053,24.223000565768498,24.0,1.0,0.9151943299291563,0.5769230769230808,0.014423076923076986
73.5,24.223000565768498,24.223037225322393,24.0,1.0,0.915539487105425,0.5769230769230808,0.014423076923076986
73.60000000000001,24.223037225322393,24.22306999064888,24.0,1.0,0.9158823251538104,0.5769230769230808,0.014423076923076986
73.7,24.22306999064888,24.22309907773484,24.0,1.0,0.91622296379022,0.5769230769230808,0.014423076923076986
73.8,24.22309907773484,24.223124701340964,24.0,1.0,0.916561522317314,0.5769230769230808,0.014423076923076986
73.9,24.223124701340964,24.22314707503158,24.0,1.0,0.9168981196400888,0.5769230769230808,0.014423076923076986
74.0,24.22314707503158,24.221471366891148,24.0,1.0,0.8531853724573867,0.2884615384615404,0.028846153846153973
74.10000000000001,24.221471366891148,24.219790840097367,24.0,1.0,0.8533408548213711,0.2884615384615404,0.028846153846153973
74.2,24.219790840097367,24.218105618438347,24.0,1.0,0.8534900995157537,0.2884615384615404,0.028846153846153973
74.3,24.218105618438347,24.216415821904356,24.0,1.0,0.8536331287057624,0.2884615384615404,0.028846153846153973
74.4,24.216415821904356,24.21472156671749,24.0,1.0,0.8537699638072197,0.2884615384615404,0.028846153846153973
74.5,24.21472156671749,24.213022965360803,24.0,1.0,0.853900625484232,0.2884615384615404,0.028846153846153973
74.60000000000001,24.213022965360803,24.211320126606893,24.0,1.0,0.8540251336468055,0.2884615384615404,0.028846153846153973
74.7,24.211320126606893,24.209613155545963,24.0,1.0,0.8541435074483896,0.2884615384615404,0.028846153846153973
74.8,24.209613155545963,24.20790215361334,24.0,1.0,0.8542557652833501,0.2884615384615404,0.028846153846153973
74.9,24.20790215361334,24.206187218616467,24.0,1.0,0.8543619247843627,0.2884615384615404,0.028846153846153973
75.0,24.206187218616467,24.20446844476139,24.0,1.0,0.8544620028197354,0.2884615384615404,0.028846153846153973
75.10000000000001,24.20446844476139,24.202745922678695,24.0,1.0,0.8545560154906592,0.2884615384615404,0.028846153846153973
75.2,24.202745922678695,24.20101973944896,24.0,1.0,0.8546439781283781,0.2884615384615404,0.028846153846153973
75.3,24.20101973944896,24.199289978627657,24.0,1.0,0.8547259052912881,0.2884615384615404,0.028846153846153973
75.4,24.199289978627657,24.197556720269585,24.0,1.0,0.8548018107619539,0.2884615384615404,0.028846153846153973
75.5,24.197556720269585,24.19582004095277,24.0,1.0,0.8548717075440568,0.2884615384615404,0.028846153846153973
75.60000000000001,24.19582004095277,24.19408001380188,24.0,1.0,0.8549356078592628,0.2884615384615404,0.028846153846153973
75.7,24.19408001380188,24.192336708511124,24.0,1.0,0.8549935231440111,0.2884615384615404,0.028846153846153973
75.8,24.192336708511124,24.190590191366677,24.0,1.0,0.855045464046229,0.2884615384615404,0.028846153846153973
75.9,24.190590191366677,24.18884052526861,24.0,1.0,0.8550914404219655,0.2884615384615404,0.028846153846153973
76.0,24.18884052526861,24.188792859738868,24.0,1.0,0.9093323236326059,0.5769230769230808,0.014423076923076986
76.10000000000001,24.188792859738868,24.188741213535994,24.0,1.0,0.9095771216823783,0.5769230769230808,0.014423076923076986
76.2,24.188741213535994,24.18868576596774,24.0,1.0,0.9098195487002435,0.5769230769230808,0.014423076923076986
76.3,24.18868576596774,24.188626695155076,24.0,1.0,0.9100597026502426,0.5769230769230808,0.014423076923076986
76.4,24.188626695155076,24.188564178056083,24.0,1.0,0.9102976810686406,0.5769230769230808,0.014423076923076986
76.5,24.188564178056083,24.18849839048984,24.0,1.0,0.9105335810760334,0.5769230769230808,0.014423076923076986
76.60000000000001,24.18849839048984,24.18842950716029,24.0,1.0,0.9107674993894845,0.5769230769230808,0.014423076923076986
76.7,24.18842950716029,24.188357701680086,24.0,1.0,0.9109995323346866,0.5769230769230808,0.014423076923076986
76.80000000000001,24.188357701680086,24.18828314659444,24.0,1.0,0.9112297758581462,0.5769230769230808,0.014423076923076986
76.9,24.18828314659444,24.188206013404944,24.0,1.0,0.9114583255393999,0.5769230769230808,0.014423076923076986
77.0,24.188206013404944,24.188126472593403,24.0,1.0,0.9116852766032555,0.5769230769230808,0.014423076923076986
77.10000000000001,24.188126472593403,24.18804469364564,24.0,1.0,0.9119107239320685,0.5769230769230808,0.014423076923076986
77.2,24.18804469364564,24.18796084507532,24.0,1.0,0.9121347620780403,0.5769230769230808,0.014423076923076986
77.30000000000001,24.18796084507532,24.187875094447747,24.0,1.0,0.9123574852755607,0.5769230769230808,0.014423076923076986
77.4,24.187875094447747,24.18778760840368,24.0,1.0,0.9125789874535682,0.5769230769230808,0.014423076923076986
77.5,24.18778760840368,24.187698552683155,24.0,1.0,0.9127993622479585,0.5769230769230808,0.014423076923076986
77.60000000000001,24.187698552683155,24.18760809214928,24.0,1.0,0.913018703014025,0.5769230769230808,0.014423076923076986
77.7,24.18760809214928,24.18751639081208,24.0,1.0,0.9132371028389272,0.5769230769230808,0.014423076923076986
77.80000000000001,24.18751639081208,24.18742361185231,24.0,1.0,0.9134546545542133,0.5769230769230808,0.014423076923076986
77.9,24.18742361185231,24.187329917645314,24.0,1.0,0.9136714507483646,0.5769230769230808,0.014423076923076986
78.0,24.187329917645314,24.185792519709704,24.0,1.0,0.8601202949167722,0.2884615384615404,0.028846153846153973
78.10000000000001,24.185792519709704,24.184253720822102,24.0,1.0,0.8602127547037396,0.2884615384615404,0.028846153846153973
78.2,24.184253720822102,24.18271358876683,24.0,1.0,0.8603003715269951,0.2884615384615404,0.028846153846153973
78.30000000000001,24.18271358876683,24.18117218849461,24.0,1.0,0.8603831610940326,0.2884615384615404,0.028846153846153973
78.4,24.18117218849461,24.179629582143388,24.0,1.0,0.8604611384823189,0.2884615384615404,0.028846153846153973
78.5,24.179629582143388,24.17808582905876,24.0,1.0,0.8605343181371876,0.2884615384615404,0.028846153846153973
78.60000000000001,24.17808582905876,24.176540985813993,24.0,1.0,0.8606027138696756,0.2884615384615404,0.028846153846153973
78.7,24.176540985813993,24.174995106229698,24.0,1.0,0.8606663388543028,0.2884615384615404,0.028846153846153973
78.80000000000001,24.174995106229698,24.173448241393057,24.0,1.0,0.8607252056268032,0.2884615384615404,0.028846153846153973
78.9,24.173448241393057,24.171900439676705,24.0,1.0,0.8607793260817908,0.2884615384615404,0.028846153846153973
79.0,24.171900439676705,24.170351746757202,24.0,1.0,0.8608287114703719,0.2884615384615404,0.028846153846153973
79.10000000000001,24.170351746757202,24.168802205633124,24.0,1.0,0.8608733723976996,0.2884615384615404,0.028846153846153973
79.2,24.168802205633124,24.167251856642757,24.0,1.0,0.860913318820465,0.2884615384615404,0.028846153846153973
79.30000000000001,24.167251856642757,24.165700737481423,24.0,1.0,0.8609485600443284,0.2884615384615404,0.028846153846153973
79.4,24.165700737481423,24.164148883218395,24.0,1.0,0.8609791047212939,0.2884615384615404,0.028846153846153973
79.5,24.164148883218395,24.162596326313448,24.0,1.0,0.8610049608470121,0.2884615384615404,0.028846153846153973
79.60000000000001,24.162596326313448,24.161043096633005,24.0,1.0,0.8610261357580277,0.2884615384615404,0.028846153846153973
79.7,24.161043096633005,24.159489221465908,24.0,1.0,0.8610426361289566,0.2884615384615404,0.028846153846153973
79.80000000000001,24.159489221465908,24.1579347255388,24.0,1.0,0.8610544679695994,0.2884615384615404,0.028846153846153973
79.9,24.1579347255388,24.15637963103113,24.0,1.0,0.8610616366219885,0.2884615384615404,0.028846153846153973
80.0,24.15637963103113,24.1562553649551,24.0,1.0,0.9059481081638961,0.5769230769230808,0.014423076923076986
80.10000000000001,24.1562553649551,24.156129050920168,24.0,1.0,0.9061017845117958,0.5769230769230808,0.014423076923076986
80.2,24.156129050920168,24.156000824672187,24.0,1.0,0.9062540971612385,0.5769230769230808,0.014423076923076986
80.30000000000001,24.156000824672187,24.15587082108712,24.0,1.0,0.9064051216691423,0.5769230769230808,0.014423076923076986
80.4,24.15587082108712,24.15573917419069,24.0,1.0,0.9065549332850948,0.5769230769230808,0.014423076923076986
80.5,24.15573917419069,24.155606017178044,24.0,1.0,0.9067036069614672,0.5769230769230808,0.014423076923076986
80.60000000000001,24.155606017178044,24.155471482433402,24.0,1.0,0.9068512173635637,0.5769230769230808,0.014423076923076986
80.7,24.155471482433402,24.155335701549706,24.0,1.0,0.9069978388797797,0.5769230769230808,0.014423076923076986
80.80000000000001,24.155335701549706,24.15519880534825,24.0,1.0,0.9071435456318058,0.5769230769230808,0.014423076923076986
80.9,24.15519880534825,24.155060923898326,24.0,1.0,0.9072884114848325,0.5769230769230808,0.014423076923076986
81.0,24.155060923898326,24.15492218653685,24.0,1.0,0.9074325100578071,0.5769230769230808,0.014423076923076986
81.10000000000001,24.15492218653685,24.154782721888004,24.0,1.0,0.9075759147336921,0.5769230769230808,0.014423076923076986
81.2,24.154782721888004,24.154642657882864,24.0,1.0,0.9077186986697731,0.5769230769230808,0.014423076923076986
81.30000000000001,24.154642657882864,24.15450212177904,24.0,1.0,0.9078609348079845,0.5769230769230808,0.014423076923076986
81.4,24.15450212177904,24.154361240180318,24.0,1.0,0.9080026958852669,0.5769230769230808,0.014423076923076986
81.5,24.154361240180318,24.15422013905632,24.0,1.0,0.9081440544439572,0.5769230769230808,0.014423076923076986
81.60000000000001,24.15422013905632,24.154078943762144,24.0,1.0,0.908285082842213,0.5769230769230808,0.014423076923076986
81.7,24.154078943762144,24.153937779058047,24.0,1.0,0.9084258532644605,0.5769230769230808,0.014423076923076986
81.80000000000001,24.153937779058047,24.153796769129112,24.0,1.0,0.9085664377318923,0.5769230769230808,0.014423076923076986
81.9,24.153796769129112,24.153656037604943,24.0,1.0,0.9087069081129813,0.5769230769230808,0.014423076923076986
82.0,24.153656037604943,24.15232079456995,24.0,1.0,0.8647450984176256,0.2884615384615404,0.028846153846153973
82.10000000000001,24.15232079456995,24.150985903721825,24.0,1.0,0.8647993190649444,0.2884615384615404,0.028846153846153973
82.2,24.150985903721825,24.149651400193317,24.0,1.0,0.8648497906579523,0.2884615384615404,0.028846153846153973
82.30000000000001,24.149651400193317,24.148317316988766,24.0,1.0,0.8648965244483635,0.2884615384615404,0.028846153846153973
82.4,24.148317316988766,24.146983684999363,24.0,1.0,0.8649395311691338,0.2884615384615404,0.028846153846153973
82.5,24.146983684999363,24.145650533018095,24.0,1.0,0.8649788210327655,0.2884615384615404,0.028846153846153973
82.60000000000001,24.145650533018095,24.144317887754376,24.0,1.0,0.8650144037295674,0.2884615384615404,0.028846153846153973
82.7,24.144317887754376,24.14298577384835,24.0,1.0,0.865046288425863,0.2884615384615404,0.028846153846153973
82.80000000000001,24.14298577384835,24.14165421388487,24.0,1.0,0.8650744837621483,0.2884615384615404,0.028846153846153973
82.9,24.14165421388487,24.14032322840718,24.0,1.0,0.8650989978511974,0.2884615384615404,0.028846153846153973
83.0,24.14032322840718,24.138992835930253,24.0,1.0,0.8651198382761152,0.2884615384615404,0.028846153846153973
83.10000000000001,24.138992835930253,24.13766305295383,24.0,1.0,0.8651370120883388,0.2884615384615404,0.028846153846153973
83.2,24.13766305295383,24.136333893975124,24.0,1.0,0.8651505258055835,0.2884615384615404,0.028846153846153973
83.30000000000001,24.136333893975124,24.13500537150123,24.0,1.0,0.8651603854097312,0.2884615384615404,0.028846153846153973
83.4,24.13500537150123,24.1336774960612,24.0,1.0,0.8651665963446691,0.2884615384615404,0.028846153846153973
83.5,24.1336774960612,24.132350276217803,24.0,1.0,0.8651691635140678,0.2884615384615404,0.028846153846153973
83.60000000000001,24.132350276217803,24.131023718578977,24.0,1.0,0.8651680912791009,0.2884615384615404,0.028846153846153973
83.7,24.131023718578977,24.129697827808954,24.0,1.0,0.8651633834561094,0.2884615384615404,0.028846153846153973
83.80000000000001,24.129697827808954,24.12837260663908,24.0,1.0,0.8651550433142057,0.2884615384615404,0.028846153846153973
83.9,24.12837260663908,24.127048055878305,24.0,1.0,0.8651430735728162,0.2884615384615404,0.028846153846153973
84.0,24.127048055878305,24.126898276172437,24.0,1.0,0.9015927116680824,0.5769230769230808,0.014423076923076986
84.10000000000001,24.126898276172437,24.12674755142427,24.0,1.0,0.9016893266591763,0.5769230769230808,0.014423076923076986
84.2,24.12674755142427,24.126595984587045,24.0,1.0,0.9017851790420959,0.5769230769230808,0.014423076923076986
84.30000000000001,24.126595984587045,24.12644367797185,24.0,1.0,0.9018803269983897,0.5769230769230808,0.014423076923076986
84.4,24.12644367797185,24.126290733263563,24.0,1.0,0.901974828486698,0.5769230769230808,0.014423076923076986
84.5,24.126290733263563,24.1261372515368,24.0,1.0,0.9020687412510474,0.5769230769230808,0.014423076923076986
84.60000000000001,24.1261372515368,24.125983333271847,24.0,1.0,0.9021621228291702,0.5769230769230808,0.014423076923076986
84.7,24.125983333271847,24.125829078370582,24.0,1.0,0.9022550305608393,0.5769230769230808,0.014423076923076986
84.80000000000001,24.125829078370582,24.1256745861724,24.0,1.0,0.9023475215962211,0.5769230769230808,0.014423076923076986
84.9,24.1256745861724,24.125519955470143,24.0,1.0,0.9024396529042499,0.5769230769230808,0.014423076923076986
85.0,24.125519955470143,24.125365284526,24.0,1.0,0.9025314812810288,0.5769230769230808,0.014423076923076986
85.10000000000001,24.125365284526,24.12521067108745,24.0,1.0,0.9026230633582444,0.5769230769230808,0.014423076923076986
85.2,24.12521067108745,24.12505621240317,24.0,1.0,0.9027144556116109,0.5769230769230808,0.014423076923076986
85.30000000000001,24.12505621240317,24.12490200523896,24.0,1.0,0.9028057143693375,0.5769230769230808,0.014423076923076986
85.4,24.12490200523896,24.124748145893676,24.0,1.0,0.9028968958206179,0.5769230769230808,0.014423076923076986
85.5,24.124748145893676,24.124594730215172,24.0,1.0,0.9029880560241479,0.5769230769230808,0.014423076923076986
85.60000000000001,24.124594730215172,24.12444185361623,24.0,1.0,0.9030792509166674,0.5769230769230808,0.014423076923076986
85.7,24.12444185361623,24.12428961109052,24.0,1.0,0.9031705363215315,0.5769230769230808,0.014423076923076986
85.80000000000001,24.12428961109052,24.124138097228567,24.0,1.0,0.9032619679573114,0.5769230769230808,0.014423076923076986
85.9,24.124138097228567,24.123987406233717,24.0,1.0,0.9033536014464173,0.5769230769230808,0.014423076923076986
86.0,24.123987406233717,24.122866844542166,24.0,1.0,0.8678587223614901,0.2884615384615404,0.028846153846153973
86.10000000000001,24.122866844542166,24.12174743972729,24.0,1.0,0.8678899070020298,0.2884615384615404,0.028846153846153973
86.2,24.12174743972729,24.12062920824162,24.0,1.0,0.8679181963046444,0.2884615384615404,0.028846153846153973
86.30000000000001,24.12062920824162,24.119512164934005,24.0,1.0,0.8679435983998597,0.2884615384615404,0.028846153846153973
86.4,24.119512164934005,24.11839632306089,24.0,1.0,0.867966120998434,0.2884615384615404,0.028846153846153973
86.5,24.11839632306089,24.117281694297326,24.0,1.0,0.8679857713900185,0.2884615384615404,0.028846153846153973
86.60000000000001,24.117281694297326,24.116168288747737,24.0,1.0,0.8680025564417715,0.2884615384615404,0.028846153846153973
86.7,24.116168288747737,24.1150561149564,24.0,1.0,0.8680164825969316,0.2884615384615404,0.028846153846153973
86.80000000000001,24.1150561149564,24.113945179917685,24.0,1.0,0.8680275558733431,0.2884615384615404,0.028846153846153973
86.9,24.113945179917685,24.112835489086056,24.0,1.0,0.8680357818619382,0.2884615384615404,0.028846153846153973
87.0,24.112835489086056,24.111727046385777,24.0,1.0,0.8680411657251779,0.2884615384615404,0.028846153846153973
87.10000000000001,24.111727046385777,24.110619854220392,24.0,1.0,0.8680437121954412,0.2884615384615404,0.028846153846153973
87.2,24.110619854220392,24.10951391348193,24.0,1.0,0.8680434255733697,0.2884615384615404,0.028846153846153973
87.30000000000001,24.10951391348193,24.10840922355987,24.0,1.0,0.868040309726165,0.2884615384615404,0.028846153846153973
87.4,24.10840922355987,24.107305782349844,24.0,1.0,0.8680343680858399,0.2884615384615404,0.028846153846153973
87.5,24.107305782349844,24.106203586262065,24.0,1.0,0.8680256036474181,0.2884615384615404,0.028846153846153973
87.60000000000001,24.106203586262065,24.10510263022954,24.0,1.0,0.8680140189670842,0.2884615384615404,0.028846153846153973
87.7,24.10510263022954,24.104002907715984,24.0,1.0,0.8679996161602866,0.2884615384615404,0.028846153846153973
87.80000000000001,24.104002907715984,24.102904410723514,24.0,1.0,0.8679823968997881,0.2884615384615404,0.028846153846153973
87.9,24.102904410723514,24.101807129800072,24.0,1.0,0.867962362413663,0.2884615384615404,0.028846153846153973
88.0,24.101807129800072,24.101658454700594,24.0,1.0,0.867939513483247,0.2884615384615404,0.028846153846153973
88.10000000000001,24.101658454700594,24.101509444153756,24.0,1.0,0.8681898719777262,0.2884615384615404,0.028846153846153973
88.2,24.101509444153756,24.101360176356327,24.0,1.0,0.8684397038704279,0.2884615384615404,0.028846153846153973
88.30000000000001,24.101360176356327,24.1012107290284,24.0,1.0,0.8686890309760436,0.2884615384615404,0.028846153846153973
88.4,24.1012107290284,24.101061179426154,24.0,1.0,0.8689378751959539,0.2884615384615404,0.028846153846153973
88.5,24.101061179426154,24.100911604354614,24.0,1.0,0.8691862585205741,0.2884615384615404,0.028846153846153973
88.60000000000001,24.100911604354614,24.10076208018039,24.0,1.0,0.8694342030317299,0.2884615384615404,0.028846153846153973
88.7,24.10076208018039,24.100612682844428,24.0,1.0,0.8696817309050706,0.2884615384615404,0.028846153846153973
88.80000000000001,24.100612682844428,24.10046348787475,24.0,1.0,0.869928864412517,0.2884615384615404,0.028846153846153973
88.9,24.10046348787475,24.100314570399195,24.0,1.0,0.8701756259247491,0.2884615384615404,0.028846153846153973
89.0,24.100314570399195,24.100166005158155,24.0,1.0,0.870422037913721,0.2884615384615404,0.028846153846153973
89.10000000000001,24.100166005158155,24.100017866517316,24.0,1.0,0.870668122955223,0.2884615384615404,0.028846153846153973
89.2,24.100017866517316,24.0998702284804,24.0,1.0,0.8709139037314734,0.2884615384615404,0.028846153846153973
89.30000000000001,24.0998702284804,24.0997231647019,24.0,1.0,0.8711594030337483,0.2884615384615404,0.028846153846153973
89.4,24.0997231647019,24.099576748499846,24.0,1.0,0.8714046437650521,0.2884615384615404,0.028846153846153973
89.5,24.099576748499846,24.09943105286854,24.0,1.0,0.8716496489428247,0.2884615384615404,0.028846153846153973
89.60000000000001,24.09943105286854,24.09928615049132,24.0,1.0,0.8718944417016838,0.2884615384615404,0.028846153846153973
89.7,24.09928615049132,24.099142113753338,24.0,1.0,0.872139045296211,0.2884615384615404,0.028846153846153973
89.80000000000001,24.099142113753338,24.09899901475433,24.0,1.0,0.8723834831037739,0.2884615384615404,0.028846153846153973
89.9,24.09899901475433,24.098856925321403,24.0,1.0,0.87262777862739,0.2884615384615404,0.028846153846153973
90.0,24.098856925321403,24.098715917021842,24.0,1.0,0.8728719554986266,0.2884615384615404,0.028846153846153973
90.10000000000001,24.098715917021842,24.098568712855606,24.0,1.0,0.873116037480547,0.2884615384615404,0.028846153846153973
90.2,24.098568712855606,24.098415347460538,24.0,1.0,0.8733579075658315,0.2884615384615404,0.028846153846153973
90.30000000000001,24.098415347460538,24.098255854778458,24.0,1.0,0.8735975579733904,0.2884615384615404,0.028846153846153973
90.4,24.098255854778458,24.098090268055163,24.0,1.0,0.8738349808192668,0.2884615384615404,0.028846153846153973
90.5,24.098090268055163,24.09791861984039,24.0,1.0,0.8740701681146293,0.2884615384615404,0.028846153846153973
90.60000000000001,24.09791861984039,24.09774094198768,24.0,1.0,0.8743031117637532,0.2884615384615404,0.028846153846153973
90.7,24.09774094198768,24.097557265654213,24.0,1.0,0.874533803561975,0.2884615384615404,0.028846153846153973
90.80000000000001,24.097557265654213,24.097367621300553,24.0,1.0,0.8747622351936313,0.2884615384615404,0.028846153846153973
90.9,24.097367621300553,24.097172038690335,24.0,1.0,0.8749883982299808,0.2884615384615404,0.028846153846153973
91.0,24.097172038690335,24.096970546889903,24.0,1.0,0.8752122841271016,0.2884615384615404,0.028846153846153973
91.10000000000001,24.096970546889903,24.096763174267846,24.0,1.0,0.8754338842237748,0.2884615384615404,0.028846153846153973
91.2,24.096763174267846,24.096549948494502,24.0,1.0,0.8756531897393385,0.2884615384615404,0.028846153846153973
91.30000000000001,24.096549948494502,24.096330896541367,24.0,1.0,0.8758701917715312,0.2884615384615404,0.028846153846153973
91.4,24.096330896541367,24.096106044680457,24.0,1.0,0.8760848812943041,0.2884615384615404,0.028846153846153973
91.5,24.096106044680457,24.095875418483583,24.0,1.0,0.8762972491556198,0.2884615384615404,0.028846153846153973
91.60000000000001,24.095875418483583,24.095639042821563,24.0,1.0,0.8765072860752242,0.2884615384615404,0.028846153846153973
91.7,24.095639042821563,24.095396941863356,24.0,1.0,0.876714982642396,0.2884615384615404,0.028846153846153973
91.80000000000001,24.095396941863356,24.09514913907514,24.0,1.0,0.8769203293136729,0.2884615384615404,0.028846153846153973
91.9,24.09514913907514,24.09489565721929,24.0,1.0,0.877123316410558,0.2884615384615404,0.028846153846153973
92.0,24.09489565721929,24.094636518353315,24.0,1.0,0.8773239341171953,0.2884615384615404,0.028846153846153973
92.10000000000001,24.094636518353315,24.09437174382869,24.0,1.0,0.8775221724780294,0.2884615384615404,0.028846153846153973
92.2,24.09437174382869,24.094101411285386,24.0,1.0,0.8777180213954324,0.2884615384615404,0.028846153846153973
92.30000000000001,24.094101411285386,24.09382559831215,24.0,1.0,0.8779114872328021,0.2884615384615404,0.028846153846153973
92.4,24.09382559831215,24.09354438244942,24.0,1.0,0.8781025765625768,0.2884615384615404,0.028846153846153973
92.5,24.09354438244942,24.093257841192276,24.0,1.0,0.8782912961669315,0.2884615384615404,0.028846153846153973
92.60000000000001,24.093257841192276,24.092966051993443,24.0,1.0,0.8784776530385026,0.2884615384615404,0.028846153846153973
92.7,24.092966051993443,24.09266909226632,24.0,1.0,0.878661654381128,0.2884615384615404,0.028846153846153973
92.80000000000001,24.09266909226632,24.092367039388076,24.0,1.0,0.8788433076106107,0.2884615384615404,0.028846153846153973
92.9,24.092367039388076,24.09205997070278,24.0,1.0,0.879022620355506,0.2884615384615404,0.028846153846153973
93.0,24.09205997070278,24.091747963524575,24.0,1.0,0.8791996004579289,0.2884615384615404,0.028846153846153973
93.10000000000001,24.091747963524575,24.091431095140894,24.0,1.0,0.8793742559743828,0.2884615384615404,0.028846153846153973
93.2,24.091431095140894,24.091109442815743,24.0,1.0,0.8795465951766119,0.2884615384615404,0.028846153846153973
93.30000000000001,24.091109442815743,24.090783083793006,24.0,1.0,0.879716626552479,0.2884615384615404,0.028846153846153973
93.4,24.090783083793006,24.090452095299806,24.0,1.0,0.8798843588068618,0.2884615384615404,0.028846153846153973
93.5,24.090452095299806,24.090116554549926,24.0,1.0,0.8800498008625728,0.2884615384615404,0.028846153846153973
93.60000000000001,24.090116554549926,24.089776538747255,24.0,1.0,0.880212961861309,0.2884615384615404,0.028846153846153973
93.7,24.089776538747255,24.0894321250893,24.0,1.0,0.8803738511646173,0.2884615384615404,0.028846153846153973
93.80000000000001,24.0894321250893,24.089083390770735,24.0,1.0,0.8805324783548876,0.2884615384615404,0.028846153846153973
93.9,24.089083390770735,24.088730412987022,24.0,1.0,0.8806888532363711,0.2884615384615404,0.028846153846153973
94.0,24.088730412987022,24.088373268938046,24.0,1.0,0.8808429858362242,0.2884615384615404,0.028846153846153973
94.10000000000001,24.088373268938046,24.088012035831824,24.0,1.0,0.8809948864055716,0.2884615384615404,0.028846153846153973
94.2,24.088012035831824,24.087646790888268,24.0,1.0,0.8811445654205993,0.2884615384615404,0.028846153846153973
94.30000000000001,24.087646790888268,24.087277610900912,24.0,1.0,0.8812920335836745,0.2884615384615404,0.028846153846153973
94.4,24.087277610900912,24.08690457223276,24.0,1.0,0.8814373016956899,0.2884615384615404,0.028846153846153973
94.5,24.08690457223276,24.086527750812145,24.0,1.0,0.8815803806536254,0.2884615384615404,0.028846153846153973
94.60000000000001,24.086527750812145,24.08614722212856,24.0,1.0,0.881721281448098,0.2884615384615404,0.028846153846153973
94.7,24.08614722212856,24.085763061228505,24.0,1.0,0.8818600151608962,0.2884615384615404,0.028846153846153973
94.80000000000001,24.085763061228505,24.08537534271132,24.0,1.0,0.8819965929625011,0.2884615384615404,0.028846153846153973
94.9,24.08537534271132,24.084984140725002,24.0,1.0,0.8821310261095957,0.2884615384615404,0.028846153846153973
95.0,24.084984140725002,24.084589528962027,24.0,1.0,0.882263325942557,0.2884615384615404,0.028846153846153973
95.10000000000001,24.084589528962027,24.08419158065515,24.0,1.0,0.8823935038829355,0.2884615384615404,0.028846153846153973
95.2,24.08419158065515,24.08379036857322,24.0,1.0,0.8825215714309188,0.2884615384615404,0.028846153846153973
95.30000000000001,24.08379036857322,24.08338596501695,24.0,1.0,0.882647540162784,0.2884615384615404,0.028846153846153973
95.4,24.08338596501695,24.082978441814717,24.0,1.0,0.8827714217283329,0.2884615384615404,0.028846153846153973
95.5,24.082978441814717,24.082567870318318,24.0,1.0,0.8828932278483076,0.2884615384615404,0.028846153846153973
95.60000000000001,24.082567870318318,24.082154321398736,24.0,1.0,0.883012970311803,0.2884615384615404,0.028846153846153973
95.7,24.082154321398736,24.081737865441887,24.0,1.0,0.8831306609736509,0.2884615384615404,0.028846153846153973
95.80000000000001,24.081737865441887,24.081318572344347,24.0,1.0,0.8832463117517961,0.2884615384615404,0.028846153846153973
95.9,24.081318572344347,24.080896511509085,24.0,1.0,0.883359934624653,0.2884615384615404,0.028846153846153973
96.0,24.080896511509085,24.080471751841163,24.0,1.0,0.8834715416284495,0.2884615384615404,0.028846153846153973
96.10000000000001,24.080471751841163,24.08004436174344,24.0,1.0,0.8835811448545523,0.2884615384615404,0.028846153846153973
96.2,24.08004436174344,24.079614409112235,24.0,1.0,0.8836887564467767,0.2884615384615404,0.028846153846153973
96.30000000000001,24.079614409112235,24.07918196133301,24.0,1.0,0.883794388598676,0.2884615384615404,0.028846153846153973
96.4,24.07918196133301,24.078747085279435,24.0,1.0,0.8838980535508215,0.2884615384615404,0.028846153846153973
96.5,24.078747085279435,24.078309847312536,24.0,1.0,0.883999763589058,0.2884615384615404,0.028846153846153973
96.60000000000001,24.078309847312536,24.07787031327991,24.0,1.0,0.884099531042777,0.2884615384615404,0.028846153846153973
96.7,24.07787031327991,24.077428548515,24.0,1.0,0.8841973682832116,0.2884615384615404,0.028846153846153973
96.80000000000001,24.077428548515,24.076984617836462,24.0,1.0,0.884293287721743,0.2884615384615404,0.028846153846153973
96.9,24.076984617836462,24.07653858554756,24.0,1.0,0.884387301808231,0.2884615384615404,0.028846153846153973
97.0,24.07653858554756,24.076090515435666,24.0,1.0,0.8844794230293579,0.2884615384615404,0.028846153846153973
97.10000000000001,24.076090515435666,24.075640470771816,24.0,1.0,0.8845696639069914,0.2884615384615404,0.028846153846153973
97.2,24.075640470771816,24.075188514310334,24.0,1.0,0.8846580369965688,0.2884615384615404,0.028846153846153973
97.30000000000001,24.075188514310334,24.074734708288517,24.0,1.0,0.8847445548854979,0.2884615384615404,0.028846153846153973
97.4,24.074734708288517,24.074279114426417,24.0,1.0,0.8848292301915753,0.2884615384615404,0.028846153846153973
97.5,24.074279114426417,24.07382179392665,24.0,1.0,0.8849120755614305,0.2884615384615404,0.028846153846153973
97.60000000000001,24.07382179392665,24.07336280747432,24.0,1.0,0.8849931036689787,0.2884615384615404,0.028846153846153973
97.7,24.07336280747432,24.07290221523698,24.0,1.0,0.8850723272139056,0.2884615384615404,0.028846153846153973
97.80000000000001,24.07290221523698,24.07244007686467,24.0,1.0,0.8851497589201636,0.2884615384615404,0.028846153846153973
97.9,24.07244007686467,24.071976451490038,24.0,1.0,0.8852254115344915,0.2884615384615404,0.028846153846153973
98.0,24.071976451490038,24.07151139772852,24.0,1.0,0.8852992978249536,0.2884615384615404,0.028846153846153973
98.10000000000001,24.07151139772852,24.071044973678596,24.0,1.0,0.8853714305795023,0.2884615384615404,0.028846153846153973
98.2,24.071044973678596,24.070577236922105,24.0,1.0,0.8854418226045584,0.2884615384615404,0.028846153846153973
98.30000000000001,24.070577236922105,24.070108244524647,24.0,1.0,0.8855104867236151,0.2884615384615404,0.028846153846153973
98.4,24.070108244524647,24.06963805303605,24.0,1.0,0.8855774357758617,0.2884615384615404,0.028846153846153973
98.5,24.06963805303605,24.069166718490887,24.0,1.0,0.8856426826148324,0.2884615384615404,0.028846153846153973
98.60000000000001,24.069166718490887,24.068694296409006,24.0,1.0,0.8857062401070664,0.2884615384615404,0.028846153846153973
98.7,24.068694296409006,24.068220841796162,24.0,1.0,0.8857681211307806,0.2884615384615404,0.028846153846153973
98.80000000000001,24.068220841796162,24.067746409144636,24.0,1.0,0.8858283385745643,0.2884615384615404,0.028846153846153973
98.9,24.067746409144636,24.06727105243393,24.0,1.0,0.8858869053360799,0.2884615384615404,0.028846153846153973
99.0,24.06727105243393,24.06679482513149,24.0,1.0,0.885943834320782,0.2884615384615404,0.028846153846153973
99.10000000000001,24.06679482513149,24.06631778019347,24.0,1.0,0.885999138440649,0.2884615384615404,0.028846153846153973
99.2,24.06631778019347,24.065839970065547,24.0,1.0,0.8860528306129323,0.2884615384615404,0.028846153846153973
99.30000000000001,24.065839970065547,24.065361446683763,24.0,1.0,0.8861049237589131,0.2884615384615404,0.028846153846153973
99.4,24.065361446683763,24.06488226147541,24.0,1.0,0.8861554308026788,0.2884615384615404,0.028846153846153973
99.5,24.06488226147541,24.06440246535997,24.0,1.0,0.8862043646699101,0.2884615384615404,0.028846153846153973
99.60000000000001,24.06440246535997,24.063922108750052,24.0,1.0,0.8862517382866862,0.2884615384615404,0.028846153846153973
99.7,24.063922108750052,24.063441241552425,24.0,1.0,0.8862975645782971,0.2884615384615404,0.028846153846153973
99.80000000000001,24.063441241552425,24.062959913169028,24.0,1.0,0.8863418564680751,0.2884615384615404,0.028846153846153973
99.9,24.062959913169028,24.062478172498054,24.0,1.0,0.8863846268762364,0.2884615384615404,0.028846153846153973
100.0,24.062478172498054,24.06199606793506,24.0,1.0,0.8864258887187383,0.2884615384615404,0.028846153846153973
100.10000000000001,24.06199606793506,24.06151364737411,24.0,1.0,0.8864656549061487,0.2884615384615404,0.028846153846153973
100.2,24.06151364737411,24.06103095820895,24.0,1.0,0.8865039383425309,0.2884615384615404,0.028846153846153973
100.30000000000001,24.06103095820895,24.06054804733422,24.0,1.0,0.8865407519243375,0.2884615384615404,0.028846153846153973
100.4,24.06054804733422,24.060064961146697,24.0,1.0,0.8865761085393217,0.2884615384615404,0.028846153846153973
100.5,24.060064961146697,24.059581745546566,24.0,1.0,0.8866100210654596,0.2884615384615404,0.028846153846153973
100.60000000000001,24.059581745546566,24.059098445938734,24.0,1.0,0.8866425023698832,0.2884615384615404,0.028846153846153973
100.7,24.059098445938734,24.05861510723416,24.0,1.0,0.8866735653078316,0.2884615384615404,0.028846153846153973
100.80000000000001,24.05861510723416,24.058131773851226,24.0,1.0,0.8867032227216111,0.2884615384615404,0.028846153846153973
100.9,24.058131773851226,24.057648489717135,24.0,1.0,0.8867314874395661,0.2884615384615404,0.028846153846153973
101.0,24.057648489717135,24.057165298269336,24.0,1.0,0.88675837227507,0.2884615384615404,0.028846153846153973
101.10000000000001,24.057165298269336,24.056682242456983,24.0,1.0,0.8867838900255203,0.2884615384615404,0.028846153846153973
101.2,24.056682242456983,24.056199364742415,24.0,1.0,0.8868080534713522,0.2884615384615404,0.028846153846153973
101.30000000000001,24.056199364742415,24.055716707102675,24.0,1.0,0.8868308753750608,0.2884615384615404,0.028846153846153973
101.4,24.055716707102675,24.055234311031043,24.0,1.0,0.8868523684802396,0.2884615384615404,0.028846153846153973
101.5,24.055234311031043,24.054752217538613,24.0,1.0,0.8868725455106276,0.2884615384615404,0.028846153846153973
101.60000000000001,24.054752217538613,24.054270467155877,24.0,1.0,0.8868914191691727,0.2884615384615404,0.028846153846153973
101.7,24.054270467155877,24.05378909993435,24.0,1.0,0.8869090021371022,0.2884615384615404,0.028846153846153973
101.80000000000001,24.05378909993435,24.053308155448214,24.0,1.0,0.8869253070730105,0.2884615384615404,0.028846153846153973
101.9,24.053308155448214,24.052827672796,24.0,1.0,0.8869403466119568,0.2884615384615404,0.028846153846153973
102.0,24.052827672796,24.052347690602264,24.0,1.0,0.8869541333645756,0.2884615384615404,0.028846153846153973
102.10000000000001,24.052347690602264,24.05186824701933,24.0,1.0,0.8869666799161972,0.2884615384615404,0.028846153846153973
102.2,24.05186824701933,24.05138937972901,24.0,1.0,0.8869779988259828,0.2884615384615404,0.028846153846153973
102.30000000000001,24.05138937972901,24.0509111259444,24.0,1.0,0.8869881026260706,0.2884615384615404,0.028846153846153973
102.4,24.0509111259444,24.050433522411648,24.0,1.0,0.8869970038207342,0.2884615384615404,0.028846153846153973
102.5,24.050433522411648,24.049956605411786,24.0,1.0,0.8870047148855512,0.2884615384615404,0.028846153846153973
102.60000000000001,24.049956605411786,24.049480410762552,24.0,1.0,0.8870112482665865,0.2884615384615404,0.028846153846153973
102.7,24.049480410762552,24.049004973820256,24.0,1.0,0.887016616379584,0.2884615384615404,0.028846153846153973
102.80000000000001,24.049004973820256,24.04853032948166,24.0,1.0,0.8870208316091726,0.2884615384615404,0.028846153846153973
102.9,24.04853032948166,24.04805651218588,24.0,1.0,0.8870239063080825,0.2884615384615404,0.028846153846153973
103.0,24.04805651218588,24.047583555916297,24.0,1.0,0.8870258527963742,0.2884615384615404,0.028846153846153973
103.10000000000001,24.047583555916297,24.047111494202515,24.0,1.0,0.8870266833606761,0.2884615384615404,0.028846153846153973
103.2,24.047111494202515,24.046640360122307,24.0,1.0,0.8870264102534383,0.2884615384615404,0.028846153846153973
103.30000000000001,24.046640360122307,24.04617018630361,24.0,1.0,0.8870250456921928,0.2884615384615404,0.028846153846153973
103.4,24.04617018630361,24.045701004926514,24.0,1.0,0.8870226018588289,0.2884615384615404,0.028846153846153973
103.5,24.045701004926514,24.045232847725288,24.0,1.0,0.8870190908988778,0.2884615384615404,0.028846153846153973
103.60000000000001,24.045232847725288,24.044765745990418,24.0,1.0,0.8870145249208087,0.2884615384615404,0.028846153846153973
103.7,24.044765745990418,24.044299730570657,24.0,1.0,0.8870089159953378,0.2884615384615404,0.028846153846153973
103.80000000000001,24.044299730570657,24.043834831875095,24.0,1.0,0.8870022761547451,0.2884615384615404,0.028846153846153973
103.9,24.043834831875095,24.04337107987526,24.0,1.0,0.8869946173922036,0.2884615384615404,0.028846153846153973
104.0,24.04337107987526,24.042908504107213,24.0,1.0,0.8869859516611223,0.2884615384615404,0.028846153846153973
104.10000000000001,24.042908504107213,24.042447133673676,24.0,1.0,0.8869762908744948,0.2884615384615404,0.028846153846153973
104.2,24.042447133673676,24.04198699724617,24.0,1.0,0.8869656469042638,0.2884615384615404,0.028846153846153973
104.30000000000001,24.04198699724617,24.04152812306717,24.0,1.0,0.8869540315806933,0.2884615384615404,0.028846153846153973
104.4,24.04152812306717,24.041070538952273,24.0,1.0,0.8869414566917526,0.2884615384615404,0.028846153846153973
104.5,24.041070538952273,24.040614272292387,24.0,1.0,0.8869279339825099,0.2884615384615404,0.028846153846153973
104.60000000000001,24.040614272292387,24.040159350055923,24.0,1.0,0.8869134751545403,0.2884615384615404,0.028846153846153973
104.7,24.040159350055923,24.03970579879101,24.0,1.0,0.8868980918653369,0.2884615384615404,0.028846153846153973
104.80000000000001,24.03970579879101,24.03925364462773,24.0,1.0,0.8868817957277404,0.2884615384615404,0.028846153846153973
104.9,24.03925364462773,24.038802913280346,24.0,1.0,0.886864598309374,0.2884615384615404,0.028846153846153973
105.0,24.038802913280346,24.038353630049563,24.0,1.0,0.8868465111320909,0.2884615384615404,0.028846153846153973
105.10000000000001,24.038353630049563,24.037905819824793,24.0,1.0,0.8868275456714312,0.2884615384615404,0.028846153846153973
105.2,24.037905819824793,24.037459507086435,24.0,1.0,0.8868077133560883,0.2884615384615404,0.028846153846153973
105.30000000000001,24.037459507086435,24.037014715908164,24.0,1.0,0.8867870255673882,0.2884615384615404,0.028846153846153973
105.4,24.037014715908164,24.036571469959227,24.0,1.0,0.8867654936387759,0.2884615384615404,0.028846153846153973
105.5,24.036571469959227,24.036129792506774,24.0,1.0,0.8867431288553111,0.2884615384615404,0.028846153846153973
105.60000000000001,24.036129792506774,24.035689706418164,24.0,1.0,0.8867199424531806,0.2884615384615404,0.028846153846153973
105.7,24.035689706418164,24.03525123416331,24.0,1.0,0.8866959456192112,0.2884615384615404,0.028846153846153973
105.80000000000001,24.03525123416331,24.03481439781703,24.0,1.0,0.8866711494903977,0.2884615384615404,0.028846153846153973
105.9,24.03481439781703,24.034379219061385,24.0,1.0,0.8866455651534425,0.2884615384615404,0.028846153846153973
106.0,24.034379219061385,24.03394571918806,24.0,1.0,0.886619203644299,0.2884615384615404,0.028846153846153973
106.10000000000001,24.03394571918806,24.03351391910074,24.0,1.0,0.8865920759477288,0.2884615384615404,0.028846153846153973
106.2,24.03351391910074,24.033083839317484,24.0,1.0,0.8865641929968695,0.2884615384615404,0.028846153846153973
106.30000000000001,24.033083839317484,24.032655499973124,24.0,1.0,0.8865355656728073,0.2884615384615404,0.028846153846153973
106.4,24.032655499973124,24.032228920821666,24.0,1.0,0.8865062048041644,0.2884615384615404,0.028846153846153973
106.5,24.032228920821666,24.031804121238697,24.0,1.0,0.8864761211666908,0.2884615384615404,0.028846153846153973
106.60000000000001,24.031804121238697,24.031381120223806,24.0,1.0,0.886445325482869,0.2884615384615404,0.028846153846153973
106.7,24.031381120223806,24.030959936403004,24.0,1.0,0.8864138284215268,0.2884615384615404,0.028846153846153973
106.80000000000001,24.030959936403004,24.030540588031158,24.0,1.0,0.8863816405974582,0.2884615384615404,0.028846153846153973
106.9,24.030540588031158,24.030123092994437,24.0,1.0,0.886348772571054,0.2884615384615404,0.028846153846153973
107.0,24.030123092994437,24.029707468812738,24.0,1.0,0.8863152348479453,0.2884615384615404,0.028846153846153973
107.10000000000001,24.029707468812738,24.029293732642163,24.0,1.0,0.8862810378786459,0.2884615384615404,0.028846153846153973
107.2,24.029293732642163,24.028881901277458,24.0,1.0,0.8862461920582171,0.2884615384615404,0.028846153846153973
107.30000000000001,24.028881901277458,24.028471991154486,24.0,1.0,0.8862107077259295,0.2884615384615404,0.028846153846153973
107.4,24.028471991154486,24.028064018352694,24.0,1.0,0.8861745951649409,0.2884615384615404,0.028846153846153973
107.5,24.028064018352694,24.02765799859758,24.0,1.0,0.8861378646019799,0.2884615384615404,0.028846153846153973
107.60000000000001,24.02765799859758,24.02725394726318,24.0,1.0,0.8861005262070359,0.2884615384615404,0.028846153846153973
107.7,24.02725394726318,24.026851879374558,24.0,1.0,0.8860625900930645,0.2884615384615404,0.028846153846153973
107.80000000000001,24.026851879374558,24.026451809610275,24.0,1.0,0.8860240663156963,0.2884615384615404,0.028846153846153973
107.9,24.026451809610275,24.026053752304897,24.0,1.0,0.8859849648729522,0.2884615384615404,0.028846153846153973
108.0,24.026053752304897,24.025657721451484,24.0,1.0,0.8858889294139283,0.2884615384615404,0.007211538461538493
108.10000000000001,24.025657721451484,24.02526373070409,24.0,1.0,0.8857931929091829,0.2884615384615404,0.007211538461538493
108.2,24.02526373070409,24.02487179338027,24.0,1.0,0.8856977607686154,0.2884615384615404,0.007211538461538493
108.30000000000001,24.02487179338027,24.024481922463583,24.0,1.0,0.8856026383146629,0.2884615384615404,0.007211538461538493
108.4,24.024481922463583,24.024094130606088,24.0,1.0,0.8855078307827794,0.2884615384615404,0.007211538461538493
108.5,24.024094130606088,24.023708430130878,24.0,1.0,0.8854133433219198,0.2884615384615404,0.007211538461538493
108.60000000000001,24.023708430130878,24.023324833034575,24.0,1.0,0.8853191809950306,0.2884615384615404,0.007211538461538493
108.7,24.023324833034575,24.022943350989852,24.0,1.0,0.8852253487795356,0.2884615384615404,0.007211538461538493
108.80000000000001,24.022943350989852,24.022563995347944,24.0,1.0,0.8851318515678294,0.2884615384615404,0.007211538461538493
108.9,24.022563995347944,24.022186777141176,24.0,1.0,0.8850386941677704,0.2884615384615404,0.007211538461538493
109.0,24.022186777141176,24.021811707085472,24.0,1.0,0.8849458813031793,0.2884615384615404,0.007211538461538493
109.10000000000001,24.021811707085472,24.02143879558288,24.0,1.0,0.8848534176143361,0.2884615384615404,0.007211538461538493
109.2,24.02143879558288,24.021068052724097,24.0,1.0,0.8847613076584803,0.2884615384615404,0.007211538461538493
109.30000000000001,24.021068052724097,24.020699488290976,24.0,1.0,0.8846695559103146,0.2884615384615404,0.007211538461538493
109.4,24.020699488290976,24.020333111759065,24.0,1.0,0.8845781667625089,0.2884615384615404,0.007211538461538493
109.5,24.020333111759065,24.019968932300117,24.0,1.0,0.884487144526207,0.2884615384615404,0.007211538461538493
109.60000000000001,24.019968932300117,24.019606958784614,24.0,1.0,0.8843964934315345,0.2884615384615404,0.007211538461538493
109.7,24.019606958784614,24.019247199784296,24.0,1.0,0.8843062176281091,0.2884615384615404,0.007211538461538493
109.80000000000001,24.019247199784296,24.018889663574665,24.0,1.0,0.884216321185554,0.2884615384615404,0.007211538461538493
109.9,24.018889663574665,24.01853435813752,24.0,1.0,0.8841268080940077,0.2884615384615404,0.007211538461538493
110.0,24.01853435813752,24.01818279176217,24.0,1.0,0.8840777806356122,0.2884615384615404,0.028846153846153973
110.10000000000001,24.01818279176217,24.017834944046992,24.0,1.0,0.8840288176189607,0.2884615384615404,0.028846153846153973
110.2,24.017834944046992,24.017490794514217,24.0,1.0,0.8839799238858714,0.2884615384615404,0.028846153846153973
110.30000000000001,24.017490794514217,24.017150322612533,24.0,1.0,0.8839311041971311,0.2884615384615404,0.028846153846153973
110.4,24.017150322612533,24.016813507719636,24.0,1.0,0.8838823632330277,0.2884615384615404,0.028846153846153973
110.5,24.016813507719636,24.016480329144777,24.0,1.0,0.8838337055938833,0.2884615384615404,0.028846153846153973
110.60000000000001,24.016480329144777,24.01615076613127,24.0,1.0,0.8837851358005916,0.2884615384615404,0.028846153846153973
110.7,24.01615076613127,24.015824797858986,24.0,1.0,0.8837366582951504,0.2884615384615404,0.028846153846153973
110.80000000000001,24.015824797858986,24.01550240344685,24.0,1.0,0.8836882774412007,0.2884615384615404,0.028846153846153973
110.9,24.01550240344685,24.01518356195526,24.0,1.0,0.8836399975245655,0.2884615384615404,0.028846153846153973
111.0,24.01518356195526,24.014868252388556,24.0,1.0,0.8835918227537861,0.2884615384615404,0.028846153846153973
111.10000000000001,24.014868252388556,24.0145564536974,24.0,1.0,0.883543757260665,0.2884615384615404,0.028846153846153973
111.2,24.0145564536974,24.014248144781178,24.0,1.0,0.8834958051008044,0.2884615384615404,0.028846153846153973
111.30000000000001,24.014248144781178,24.013943304490375,24.0,1.0,0.8834479702541479,0.2884615384615404,0.028846153846153973
111.4,24.013943304490375,24.01364191162891,24.0,1.0,0.8834002566255234,0.2884615384615404,0.028846153846153973
111.5,24.01364191162891,24.013343944956464,24.0,1.0,0.8833526680451836,0.2884615384615404,0.028846153846153973
111.60000000000001,24.013343944956464,24.013049383190786,24.0,1.0,0.8833052082693528,0.2884615384615404,0.028846153846153973
111.7,24.013049383190786,24.012758205009977,24.0,1.0,0.8832578809807652,0.2884615384615404,0.028846153846153973
111.80000000000001,24.012758205009977,24.01247038905475,24.0,1.0,0.8832106897892144,0.2884615384615404,0.028846153846153973
111.9,24.01247038905475,24.012185913930672,24.0,1.0,0.8831636382320958,0.2884615384615404,0.028846153846153973
112.0,24.012185913930672,24.011903690700656,24.0,1.0,0.8830903660188497,0.2884615384615404,0.007211538461538493
112.10000000000001,24.011903690700656,24.0116237101553,24.0,1.0,0.883017539864062,0.2884615384615404,0.007211538461538493
112.2,24.0116237101553,24.011345962986944,24.0,1.0,0.8829451587284938,0.2884615384615404,0.007211538461538493
112.30000000000001,24.011345962986944,24.01107043979217,24.0,1.0,0.8828732215378533,0.2884615384615404,0.007211538461538493
112.4,24.01107043979217,24.01079713107424,24.0,1.0,0.882801727183442,0.2884615384615404,0.007211538461538493
112.5,24.01079713107424,24.01052602724556,24.0,1.0,0.8827306745227946,0.2884615384615404,0.007211538461538493
112.60000000000001,24.01052602724556,24.010257118630076,24.0,1.0,0.8826600623803236,0.2884615384615404,0.007211538461538493
112.7,24.010257118630076,24.009990395465678,24.0,1.0,0.8825898895479456,0.2884615384615404,0.007211538461538493
112.80000000000001,24.009990395465678,24.009725847906576,24.0,1.0,0.8825201547857149,0.2884615384615404,0.007211538461538493
112.9,24.009725847906576,24.009463466025647,24.0,1.0,0.8824508568224451,0.2884615384615404,0.007211538461538493
113.0,24.009463466025647,24.00920323981676,24.0,1.0,0.8823819943563299,0.2884615384615404,0.007211538461538493
113.10000000000001,24.00920323981676,24.008945159197083,24.0,1.0,0.8823135660555573,0.2884615384615404,0.007211538461538493
113.2,24.008945159197083,24.00868921400937,24.0,1.0,0.8822455705589176,0.2884615384615404,0.007211538461538493
113.30000000000001,24.00868921400937,24.00843539402422,24.0,1.0,0.8821780064764108,0.2884615384615404,0.007211538461538493
113.4,24.00843539402422,24.008183688942324,24.0,1.0,0.8821108723898472,0.2884615384615404,0.007211538461538493
113.5,24.008183688942324,24.007934088396667,24.0,1.0,0.882044166853441,0.2884615384615404,0.007211538461538493
113.60000000000001,24.007934088396667,24.007686581954736,24.0,1.0,0.8819778883944027,0.2884615384615404,0.007211538461538493
113.7,24.007686581954736,24.0074411591207,24.0,1.0,0.8819120355135248,0.2884615384615404,0.007211538461538493
113.80000000000001,24.0074411591207,24.007197809337548,24.0,1.0,0.8818466066857644,0.2884615384615404,0.007211538461538493
113.9,24.007197809337548,24.006956521989228,24.0,1.0,0.8817816003608201,0.2884615384615404,0.007211538461538493
114.0,24.006956521989228,24.00671798826583,24.0,1.0,0.8817320651314658,0.2884615384615404,0.028846153846153973
114.10000000000001,24.00671798826583,24.0064821871288,24.0,1.0,0.8816826361389449,0.2884615384615404,0.028846153846153973
114.2,24.0064821871288,24.00624909763725,24.0,1.0,0.8816333151969038,0.2884615384615404,0.028846153846153973
114.30000000000001,24.00624909763725,24.006018698948598,24.0,1.0,0.8815841040867569,0.2884615384615404,0.028846153846153973
114.4,24.006018698948598,24.00579097031912,24.0,1.0,0.8815350045581508,0.2884615384615404,0.028846153846153973
114.5,24.00579097031912,24.005565891104546,24.0,1.0,0.881486018329414,0.2884615384615404,0.028846153846153973
114.60000000000001,24.005565891104546,24.0053434407606,24.0,1.0,0.8814371470880118,0.2884615384615404,0.028846153846153973
114.7,24.0053434407606,24.00512359884354,24.0,1.0,0.8813883924909911,0.2884615384615404,0.028846153846153973
114.80000000000001,24.00512359884354,24.004906345010657,24.0,1.0,0.8813397561654257,0.2884615384615404,0.028846153846153973
114.9,24.004906345010657,24.00469165902079,24.0,1.0,0.8812912397088557,0.2884615384615404,0.028846153846153973
115.0,24.00469165902079,24.004479520734787,24.0,1.0,0.8812428446897231,0.2884615384615404,0.028846153846153973
115.10000000000001,24.004479520734787,24.004269910115973,24.0,1.0,0.8811945726478034,0.2884615384615404,0.028846153846153973
115.2,24.004269910115973,24.004062807230586,24.0,1.0,0.8811464250946339,0.2884615384615404,0.028846153846153973
115.30000000000001,24.004062807230586,24.00385819224821,24.0,1.0,0.8810984035139374,0.2884615384615404,0.028846153846153973
115.4,24.00385819224821,24.00365604544217,24.0,1.0,0.8810505093620449,0.2884615384615404,0.028846153846153973
115.5,24.00365604544217,24.003456347189932,24.0,1.0,0.8810027440683091,0.2884615384615404,0.028846153846153973
115.60000000000001,24.003456347189932,24.003259077973464,24.0,1.0,0.880955109035519,0.2884615384615404,0.028846153846153973
115.7,24.003259077973464,24.003064218379606,24.0,1.0,0.8809076056403075,0.2884615384615404,0.028846153846153973
115.80000000000001,24.003064218379606,24.002871749100397,24.0,1.0,0.8808602352335588,0.2884615384615404,0.028846153846153973
115.9,24.002871749100397,24.0026816509334,24.0,1.0,0.8808129991408072,0.2884615384615404,0.028846153846153973
116.0,24.0026816509334,24.002493504112362,24.0,1.0,0.8807658986626354,0.2884615384615404,0.028846153846153973
116.10000000000001,24.002493504112362,24.002307299315355,24.0,1.0,0.8807188183415061,0.2884615384615404,0.028846153846153973
116.2,24.002307299315355,24.002123027203197,24.0,1.0,0.8806717610903946,0.2884615384615404,0.028846153846153973
116.30000000000001,24.002123027203197,24.001940678420354,24.0,1.0,0.8806247297903583,0.2884615384615404,0.028846153846153973
116.4,24.001940678420354,24.001760243595847,24.0,1.0,0.8805777272907508,0.2884615384615404,0.028846153846153973
116.5,24.001760243595847,24.001581713344134,24.0,1.0,0.8805307564094386,0.2884615384615404,0.028846153846153973
116.60000000000001,24.001581713344134,24.00140507826599,24.0,1.0,0.8804838199330142,0.2884615384615404,0.028846153846153973
116.7,24.00140507826599,24.001230328949344,24.0,1.0,0.880436920617009,0.2884615384615404,0.028846153846153973
116.80000000000001,24.001230328949344,24.001057455970134,24.0,1.0,0.8803900611860997,0.2884615384615404,0.028846153846153973
116.9,24.001057455970134,24.00088644989313,24.0,1.0,0.8803432443343184,0.2884615384615404,0.028846153846153973
117.0,24.00088644989313,24.000717301272747,24.0,1.0,0.8802964727252591,0.2884615384615404,0.028846153846153973
117.10000000000001,24.000717301272747,24.000550000653835,24.0,1.0,0.8802497489922815,0.2884615384615404,0.028846153846153973
117.2,24.000550000653835,24.000384538572472,24.0,1.0,0.8802030757387121,0.2884615384615404,0.028846153846153973
117.30000000000001,24.000384538572472,24.00022090555673,24.0,1.0,0.8801564555380474,0.2884615384615404,0.028846153846153973
117.4,24.00022090555673,24.00005909212743,24.0,1.0,0.880109890934151,0.2884615384615404,0.028846153846153973
117.5,24.00005909212743,23.99989908879888,24.0,1.0,0.8800633844414509,0.2884615384615404,0.028846153846153973
117.60000000000001,23.99989908879888,23.99974088607962,24.0,1.0,0.8800169385451355,0.2884615384615404,0.028846153846153973
117.7,23.99974088607962,23.999584474473117,24.0,1.0,0.8799705557013481,0.2884615384615404,0.028846153846153973
117.80000000000001,23.999584474473117,23.999429844478477,24.0,1.0,0.8799242383373752,0.2884615384615404,0.028846153846153973
117.9,23.999429844478477,23.99927698659114,24.0,1.0,0.8798779888518401,0.2884615384615404,0.028846153846153973
118.0,23.99927698659114,23.99912589130355,24.0,1.0,0.8798318096148906,0.2884615384615404,0.028846153846153973
118.10000000000001,23.99912589130355,23.998976552213524,24.0,1.0,0.879785702968384,0.2884615384615404,0.028846153846153973
118.2,23.998976552213524,23.998828962862643,24.0,1.0,0.8797396721314924,0.2884615384615404,0.028846153846153973
118.30000000000001,23.998828962862643,23.998683116737276,24.0,1.0,0.8796937202885344,0.2884615384615404,0.028846153846153973
118.4,23.998683116737276,23.998539007269613,24.0,1.0,0.879647850589113,0.2884615384615404,0.028846153846153973
118.5,23.998539007269613,23.99839662783868,24.0,1.0,0.8796020661482574,0.2884615384615404,0.028846153846153973
118.60000000000001,23.99839662783868,23.998255971771354,24.0,1.0,0.8795563700465614,0.2884615384615404,0.028846153846153973
118.7,23.998255971771354,23.998117032343355,24.0,1.0,0.8795107653303268,0.2884615384615404,0.028846153846153973
118.80000000000001,23.998117032343355,23.99797980278025,24.0,1.0,0.8794652550117024,0.2884615384615404,0.028846153846153973
118.9,23.99797980278025,23.997844276258427,24.0,1.0,0.8794198420688266,0.2884615384615404,0.028846153846153973
119.0,23.997844276258427,23.997710445906062,24.0,1.0,0.879374529445969,0.2884615384615404,0.028846153846153973
119.10000000000001,23.997710445906062,23.997578304804104,24.0,1.0,0.8793293200536698,0.2884615384615404,0.028846153846153973
119.2,23.997578304804104,23.997447845987214,24.0,1.0,0.8792842167688861,0.2884615384615404,0.028846153846153973
119.30000000000001,23.997447845987214,23.997319062444724,24.0,1.0,0.8792392224351308,0.2884615384615404,0.028846153846153973
119.4,23.997319062444724,23.997191947121568,24.0,1.0,0.8791943398626185,0.2884615384615404,0.028846153846153973
119.5,23.997191947121568,23.997066492919224,24.0,1.0,0.8791495718284048,0.2884615384615404,0.028846153846153973
119.60000000000001,23.997066492919224,23.996942692696624,24.0,1.0,0.8791049210765342,0.2884615384615404,0.028846153846153973
119.7,23.996942692696624,23.99682053927108,24.0,1.0,0.8790603903181784,0.2884615384615404,0.028846153846153973
119.80000000000001,23.99682053927108,23.996700025419187,24.0,1.0,0.8790159822317843,0.2884615384615404,0.028846153846153973
119.9,23.996700025419187,23.99658114387772,24.0,1.0,0.8789716994632166,0.2884615384615404,0.028846153846153973
