time,temperature,next_temperature,setpoint,disturbance,command,kp,ki
0.0,28.0,28.006655567890952,24.0,0.0,1.0,0.7855128311508233,0.15042315237340553
0.1,28.006655567890952,28.01328898748993,24.0,0.0,1.0,0.7855128311508233,0.15042315237340553
0.2,28.01328898748993,28.019900332501663,24.0,0.0,1.0,0.7855128311508233,0.15042315237340553
0.30000000000000004,28.019900332501663,28.02648967638561,24.0,0.0,1.0,0.7855128311508233,0.15042315237340553
0.4,28.02648967638561,28.033057092356763,24.0,0.0,1.0,0.7855128311508233,0.15042315237340553
0.5,28.033057092356763,28.03960265338649,24.0,0.0,1.0,0.7855128311508233,0.15042315237340553
0.6000000000000001,28.03960265338649,28.046126432203305,24.0,0.0,1.0,0.7855128311508233,0.15042315237340553
0.7000000000000001,28.046126432203305,28.05262850129371,24.0,0.0,1.0,0.7855128311508233,0.15042315237340553
0.8,28.05262850129371,28.059108932902983,24.0,0.0,1.0,0.7855128311508233,0.15042315237340553
0.9,28.059108932902983,28.06556779903599,24.0,0.0,1.0,0.7855128311508233,0.15042315237340553
1.0,28.06556779903599,28.07200517145797,24.0,0.0,1.0,0.7855128311508233,0.15042315237340553
1.1,28.07200517145797,28.078421121695357,24.0,0.0,1.0,0.7855128311508233,0.15042315237340553
1.2000000000000002,28.078421121695357,28.084815721036545,24.0,0.0,1.0,0.7855128311508233,0.15042315237340553
1.3,28.084815721036545,28.091189040532708,24.0,0.0,1.0,0.7855128311508233,0.15042315237340553
1.4000000000000001,28.091189040532708,28.097541150998573,24.0,0.0,1.0,0.7855128311508233,0.15042315237340553
1.5,28.097541150998573,28.10387212301321,24.0,0.0,1.0,0.7855128311508233,0.15042315237340553
1.6,28.10387212301321,28.110182026920818,24.0,0.0,1.0,0.7855128311508233,0.15042315237340553
1.7000000000000002,28.110182026920818,28.116470932831504,24.0,0.0,1.0,0.7855128311508233,0.15042315237340553
1.8,28.116470932831504,28.122738910622065,24.0,0.0,1.0,0.7855128311508233,0.15042315237340553
1.9000000000000001,28.122738910622065,28.128986029936765,24.0,0.0,1.0,0.7855128311508233,0.15042315237340553
2.0,28.128986029936765,28.10859008862429,24.0,0.0,1.0,0.7855128311508233,0.15042315237340553
2.1,28.10859008862429,28.088262020597867,24.0,0.0,1.0,0.7855128311508233,0.15042315237340553
2.2,28.088262020597867,28.068001599989866,24.0,0.0,1.0,0.7855128311508233,0.15042315237340553
2.3000000000000003,28.068001599989866,28.047808601684295,24.0,0.0,1.0,0.7855128311508233,0.15042315237340553
2.4000000000000004,28.047808601684295,28.027682801314295,24.0,0.0,1.0,0.7855128311508233,0.15042315237340553
2.5,28.027682801314295,28.007623975259655,24.0,0.0,1.0,0.7855128311508233,0.15042315237340553
2.6,28.007623975259655,27.987631900644324,24.0,0.0,1.0,0.7855128311508233,0.15042315237340553
2.7,27.987631900644324,27.967706355333934,24.0,0.0,1.0,0.7855128311508233,0.15042315237340553
2.8000000000000003,27.967706355333934,27.947847117933335,24.0,0.0,1.0,0.7855128311508233,0.15042315237340553
2.9000000000000004,27.947847117933335,27.928053967784127,24.0,0.0,1.0,0.7855128311508233,0.15042315237340553
3.0,27.928053967784127,27.908326684962216,24.0,0.0,1.0,0.7855128311508233,0.15042315237340553
3.1,27.908326684962216,27.888665050275367,24.0,0.0,1.0,0.7855128311508233,0.15042315237340553
3.2,27.888665050275367,27.86906884526077,24.0,0.0,1.0,0.7855128311508233,0.15042315237340553
3.3000000000000003,27.86906884526077,27.849537852182614,24.0,0.0,1.0,0.7855128311508233,0.15042315237340553
3.4000000000000004,27.849537852182614,27.83007185402966,24.0,0.0,1.0,0.7855128311508233,0.15042315237340553
3.5,27.83007185402966,27.810670634512846,24.0,0.0,1.0,0.7855128311508233,0.15042315237340553
3.6,27.810670634512846,27.79133397806286,24.0,0.0,1.0,0.7855128311508233,0.15042315237340553
3.7,27.79133397806286,27.772061669827767,24.0,0.0,1.0,0.7855128311508233,0.15042315237340553
3.8000000000000003,27.772061669827767,27.752853495670614,24.0,0.0,1.0,0.7855128311508233,0.15042315237340553
3.9000000000000004,27.752853495670614,27.73370924216704,24.0,0.0,1.0,0.7855128311508233,0.15042315237340553
4.0,27.73370924216704,27.714628696602926,24.0,0.0,1.0,0.7855128311508233,0.15042315237340553
4.1000000000000005,27.714628696602926,27.69561164697201,24.0,0.0,1.0,0.7855128311508233,0.15042315237340553
4.2,27.69561164697201,27.676657881973547,24.0,0.0,1.0,0.7855128311508233,0.15042315237340553
4.3,27.676657881973547,27.657767191009953,24.0,0.0,1.0,0.7855128311508233,0.15042315237340553
4.4,27.657767191009953,27.638939364184466,24.0,0.0,1.0,0.7855128311508233,0.15042315237340553
4.5,27.638939364184466,27.620174192298816,24.0,0.0,1.0,0.7855128311508233,0.15042315237340553
4.6000000000000005,27.620174192298816,27.601471466850903,24.0,0.0,1.0,0.7855128311508233,0.15042315237340553
4.7,27.601471466850903,27.58283098003247,24.0,0.0,1.0,0.7855128311508233,0.15042315237340553
4.800000000000001,27.58283098003247,27.564252524726808,24.0,0.0,1.0,0.7855128311508233,0.15042315237340553
4.9,27.564252524726808,27.545735894506443,24.0,0.0,1.0,0.7855128311508233,0.15042315237340553
5.0,27.545735894506443,27.52728088363085,24.0,0.0,1.0,0.7855128311508233,0.15042315237340553
5.1000000000000005,27.52728088363085,27.508887287044164,24.0,0.0,1.0,0.7855128311508233,0.15042315237340553
5.2,27.508887287044164,27.4905549003729,24.0,0.0,1.0,0.7855128311508233,0.15042315237340553
5.300000000000001,27.4905549003729,27.47228351992368,24.0,0.0,1.0,0.7855128311508233,0.15042315237340553
5.4,27.47228351992368,27.45407294268098,24.0,0.0,1.0,0.7855128311508233,0.15042315237340553
5.5,27.45407294268098,27.43592296630487,24.0,0.0,1.0,0.7855128311508233,0.15042315237340553
5.6000000000000005,27.43592296630487,27.417833389128752,24.0,0.0,1.0,0.7855128311508233,0.15042315237340553
5.7,27.417833389128752,27.39980401015714,24.0,0.0,1.0,0.7855128311508233,0.15042315237340553
5.800000000000001,27.39980401015714,27.38183462906342,24.0,0.0,1.0,0.7855128311508233,0.15042315237340553
5.9,27.38183462906342,27.36392504618761,24.0,0.0,1.0,0.7855128311508233,0.15042315237340553
6.0,27.36392504618761,27.346075062534165,24.0,0.0,1.0,0.7855128311508233,0.15042315237340553
6.1000000000000005,27.346075062534165,27.32828447976975,24.0,0.0,1.0,0.7855128311508233,0.15042315237340553
6.2,27.32828447976975,27.31055310022104,24.0,0.0,1.0,0.7855128311508233,0.15042315237340553
6.300000000000001,27.31055310022104,27.29288072687252,24.0,0.0,1.0,0.7855128311508233,0.15042315237340553
6.4,27.29288072687252,27.275267163364312,24.0,0.0,1.0,0.7855128311508233,0.15042315237340553
6.5,27.275267163364312,27.25771221398997,24.0,0.0,1.0,0.7855128311508233,0.15042315237340553
6.6000000000000005,27.25771221398997,27.240215683694316,24.0,0.0,1.0,0.7855128311508233,0.15042315237340553
6.7,27.240215683694316,27.222777378071285,24.0,0.0,1.0,0.7855128311508233,0.15042315237340553
6.800000000000001,27.222777378071285,27.20539710336174,24.0,0.0,1.0,0.7855128311508233,0.15042315237340553
6.9,27.20539710336174,27.188074666451342,24.0,0.0,1.0,0.7855128311508233,0.15042315237340553
7.0,27.188074666451342,27.17080987486839,24.0,0.0,1.0,0.7855128311508233,0.15042315237340553
7.1000000000000005,27.17080987486839,27.15360253678169,24.0,0.0,1.0,0.7855128311508233,0.15042315237340553
7.2,27.15360253678169,27.13645246099842,24.0,0.0,1.0,0.7855128311508233,0.15042315237340553
7.300000000000001,27.13645246099842,27.119359456962005,24.0,0.0,1.0,0.7855128311508233,0.15042315237340553
7.4,27.119359456962005,27.102323334750004,24.0,0.0,1.0,0.7855128311508233,0.15042315237340553
7.5,27.102323334750004,27.08534390507199,24.0,0.0,1.0,0.7855128311508233,0.15042315237340553
7.6000000000000005,27.08534390507199,27.068420979267465,24.0,0.0,1.0,0.7855128311508233,0.15042315237340553
7.7,27.068420979267465,27.05155436930374,24.0,0.0,1.0,0.7855128311508233,0.15042315237340553
7.800000000000001,27.05155436930374,27.03474388777387,24.0,0.0,1.0,0.7855128311508233,0.15042315237340553
7.9,27.03474388777387,27.01798934789455,24.0,0.0,1.0,0.7855128311508233,0.15042315237340553
8.0,27.01798934789455,27.001290563504053,24.0,0.0,1.0,0.7855128311508233,0.15042315237340553
8.1,27.001290563504053,26.98464734906016,24.0,0.0,1.0,0.7855128311508233,0.15042315237340553
8.200000000000001,26.98464734906016,26.968059519638096,24.0,0.0,1.0,0.7855128311508233,0.15042315237340553
8.3,26.968059519638096,26.95152689092847,24.0,0.0,1.0,0.7855128311508233,0.15042315237340553
8.4,26.95152689092847,26.935049279235244,24.0,0.0,1.0,0.7855128311508233,0.15042315237340553
8.5,26.935049279235244,26.918626501473668,24.0,0.0,1.0,0.7855128311508233,0.15042315237340553
8.6,26.918626501473668,26.902258375168266,24.0,0.0,1.0,0.7855128311508233,0.15042315237340553
8.700000000000001,26.902258375168266,26.8859447184508,24.0,0.0,1.0,0.7855128311508233,0.15042315237340553
8.8,26.8859447184508,26.869685350058255,24.0,0.0,1.0,0.7855128311508233,0.15042315237340553
8.9,26.869685350058255,26.85348008933081,24.0,0.0,1.0,0.7855128311508233,0.15042315237340553
9.0,26.85348008933081,26.837328756209843,24.0,0.0,1.0,0.7855128311508233,0.15042315237340553
9.1,26.837328756209843,26.821231171235937,24.0,0.0,1.0,0.7855128311508233,0.15042315237340553
9.200000000000001,26.821231171235937,26.805187155546864,24.0,0.0,1.0,0.7855128311508233,0.15042315237340553
9.3,26.805187155546864,26.789196530875625,24.0,0.0,1.0,0.7855128311508233,0.15042315237340553
9.4,26.789196530875625,26.773259119548445,24.0,0.0,1.0,0.7855128311508233,0.15042315237340553
9.5,26.773259119548445,26.75737474448281,24.0,0.0,1.0,0.7855128311508233,0.15042315237340553
9.600000000000001,26.75737474448281,26.741543229185503,24.0,0.0,1.0,0.7855128311508233,0.15042315237340553
9.700000000000001,26.741543229185503,26.725764397750634,24.0,0.0,1.0,0.7855128311508233,0.15042315237340553
9.8,26.725764397750634,26.710038074857692,24.0,0.0,1.0,0.7855128311508233,0.15042315237340553
9.9,26.710038074857692,26.694364085769596,24.0,0.0,1.0,0.7855128311508233,0.15042315237340553
10.0,26.694364085769596,26.67874225633075,24.0,0.0,1.0,0.7855128311508233,0.15042315237340553
10.100000000000001,26.67874225633075,26.66317241296511,24.0,0.0,1.0,0.7855128311508233,0.15042315237340553
10.200000000000001,26.66317241296511,26.647654382674254,24.0,0.0,1.0,0.7855128311508233,0.15042315237340553
10.3,26.647654382674254,26.632187993035465,24.0,0.0,1.0,0.7855128311508233,0.15042315237340553
10.4,26.632187993035465,26.616773072199813,24.0,0.0,1.0,0.7855128311508233,0.15042315237340553
10.5,26.616773072199813,26.601409448890237,24.0,0.0,1.0,0.7855128311508233,0.15042315237340553
10.600000000000001,26.601409448890237,26.586096952399657,24.0,0.0,1.0,0.7855128311508233,0.15042315237340553
10.700000000000001,26.586096952399657,26.570835412589062,24.0,0.0,1.0,0.7855128311508233,0.15042315237340553
10.8,26.570835412589062,26.55562465988563,24.0,0.0,1.0,0.7855128311508233,0.15042315237340553
10.9,26.55562465988563,26.540464525280846,24.0,0.0,1.0,0.7855128311508233,0.15042315237340553
11.0,26.540464525280846,26.52535484032861,24.0,0.0,1.0,0.7855128311508233,0.15042315237340553
11.100000000000001,26.52535484032861,26.51029543714338,24.0,0.0,1.0,0.7855128311508233,0.15042315237340553
11.200000000000001,26.51029543714338,26.495286148398296,24.0,0.0,1.0,0.7855128311508233,0.15042315237340553
11.3,26.495286148398296,26.480326807323333,24.0,0.0,1.0,0.7855128311508233,0.15042315237340553
11.4,26.480326807323333,26.465417247703435,24.0,0.0,1.0,0.7855128311508233,0.15042315237340553
11.5,26.465417247703435,26.45055730387667,24.0,0.0,1.0,0.7855128311508233,0.15042315237340553
11.600000000000001,26.45055730387667,26.435746810732407,24.0,0.0,1.0,0.7855128311508233,0.15042315237340553
11.700000000000001,26.435746810732407,26.420985603709454,24.0,0.0,1.0,0.7855128311508233,0.15042315237340553
11.8,26.420985603709454,26.406273518794244,24.0,0.0,1.0,0.7855128311508233,0.15042315237340553
11.9,26.406273518794244,26.39161039251902,24.0,0.0,1.0,0.7855128311508233,0.15042315237340553
12.0,26.39161039251902,26.376996061960007,24.0,0.0,1.0,0.7855128311508233,0.15042315237340553
12.100000000000001,26.376996061960007,26.3624303647356,24.0,0.0,1.0,0.7855128311508233,0.15042315237340553
12.200000000000001,26.3624303647356,26.347913139004575,24.0,0.0,1.0,0.7855128311508233,0.15042315237340553
12.3,26.347913139004575,26.33344422346427,24.0,0.0,1.0,0.7855128311508233,0.15042315237340553
12.4,26.33344422346427,26.319023457348806,24.0,0.0,1.0,0.7855128311508233,0.15042315237340553
12.5,26.319023457348806,26.3046506804273,24.0,0.0,1.0,0.7855128311508233,0.15042315237340553
12.600000000000001,26.3046506804273,26.29032573300209,24.0,0.0,1.0,0.7855128311508233,0.15042315237340553
12.700000000000001,26.29032573300209,26.27604845590694,24.0,0.0,1.0,0.7855128311508233,0.15042315237340553
12.8,26.27604845590694,26.26181869050529,24.0,0.0,1.0,0.7855128311508233,0.15042315237340553
12.9,26.26181869050529,26.247636278688493,24.0,0.0,1.0,0.7855128311508233,0.15042315237340553
13.0,26.247636278688493,26.233501062874048,24.0,0.0,1.0,0.7855128311508233,0.15042315237340553
13.100000000000001,26.233501062874048,26.21941288600386,24.0,0.0,1.0,0.7855128311508233,0.15042315237340553
13.200000000000001,26.21941288600386,26.205371591542477,24.0,0.0,1.0,0.7855128311508233,0.15042315237340553
13.3,26.205371591542477,26.19137702347538,24.0,0.0,1.0,0.7855128311508233,0.15042315237340553
13.4,26.19137702347538,26.177429026307216,24.0,0.0,1.0,0.7855128311508233,0.15042315237340553
13.5,26.177429026307216,26.163527445060105,24.0,0.0,1.0,0.7855128311508233,0.15042315237340553
13.600000000000001,26.163527445060105,26.14967212527188,24.0,0.0,1.0,0.7855128311508233,0.15042315237340553
13.700000000000001,26.14967212527188,26.13586291299441,24.0,0.0,1.0,0.7855128311508233,0.15042315237340553
13.8,26.13586291299441,26.122099654791853,24.0,0.0,1.0,0.7855128311508233,0.15042315237340553
13.9,26.122099654791853,26.108382197738983,24.0,0.0,1.0,0.7855128311508233,0.15042315237340553
14.0,26.108382197738983,26.094710389419465,24.0,0.0,1.0,0.7855128311508233,0.15042315237340553
14.100000000000001,26.094710389419465,26.081084077924178,24.0,0.0,1.0,0.7855128311508233,0.15042315237340553
14.200000000000001,26.081084077924178,26.067503111849522,24.0,0.0,1.0,0.7855128311508233,0.15042315237340553
14.3,26.067503111849522,26.05396734029573,24.0,0.0,1.0,0.7855128311508233,0.15042315237340553
14.4,26.05396734029573,26.04047661286521,24.0,0.0,1.0,0.7855128311508233,0.15042315237340553
14.5,26.04047661286521,26.02703077966084,24.0,0.0,1.0,0.7855128311508233,0.15042315237340553
14.600000000000001,26.02703077966084,26.013629691284343,24.0,0.0,1.0,0.7855128311508233,0.15042315237340553
14.700000000000001,26.013629691284343,26.0002731988346,24.0,0.0,1.0,0.7855128311508233,0.15042315237340553
14.8,26.0002731988346,25.986961153905995,24.0,0.0,1.0,0.7855128311508233,0.15042315237340553
14.9,25.986961153905995,25.973693408586787,24.0,0.0,1.0,0.7855128311508233,0.15042315237340553
15.0,25.973693408586787,25.960469815457444,24.0,0.0,1.0,0.7855128311508233,0.15042315237340553
15.100000000000001,25.960469815457444,25.94729022758902,24.0,0.0,1.0,0.7855128311508233,0.15042315237340553
15.200000000000001,25.94729022758902,25.93415449854151,24.0,0.0,1.0,0.7855128311508233,0.15042315237340553
15.3,25.93415449854151,25.921062482362238,24.0,0.0,1.0,0.7855128311508233,0.15042315237340553
15.4,25.921062482362238,25.908014033584223,24.0,0.0,1.0,0.7855128311508233,0.15042315237340553
15.5,25.908014033584223,25.895009007224562,24.0,0.0,1.0,0.7855128311508233,0.15042315237340553
15.600000000000001,25.895009007224562,25.882047258782833,24.0,0.0,1.0,0.7855128311508233,0.15042315237340553
15.700000000000001,25.882047258782833,25.869128644239474,24.0,0.0,1.0,0.7855128311508233,0.15042315237340553
15.8,25.869128644239474,25.85625302005419,24.0,0.0,1.0,0.7855128311508233,0.15042315237340553
15.9,25.85625302005419,25.843420243164356,24.0,0.0,1.0,0.7855128311508233,0.15042315237340553
16.0,25.843420243164356,25.830630170983433,24.0,0.0,1.0,0.7855128311508233,0.15042315237340553
16.1,25.830630170983433,25.817882661399377,24.0,0.0,1.0,0.7855128311508233,0.15042315237340553
16.2,25.817882661399377,25.805177572773058,24.0,0.0,1.0,0.7855128311508233,0.15042315237340553
16.3,25.805177572773058,25.792514763936694,24.0,0.0,1.0,0.7855128311508233,0.15042315237340553
16.400000000000002,25.792514763936694,25.779894094192283,24.0,0.0,1.0,0.7855128311508233,0.15042315237340553
16.5,25.779894094192283,25.767315423310027,24.0,0.0,1.0,0.7855128311508233,0.15042315237340553
16.6,25.767315423310027,25.75477861152679,24.0,0.0,1.0,0.7855128311508233,0.15042315237340553
16.7,25.75477861152679,25.74228351954453,24.0,0.0,1.0,0.7855128311508233,0.15042315237340553
16.8,25.74228351954453,25.729830008528765,24.0,0.0,1.0,0.7855128311508233,0.15042315237340553
16.900000000000002,25.729830008528765,25.717417940107026,24.0,0.0,1.0,0.7855128311508233,0.15042315237340553
17.0,25.717417940107026,25.705047176367312,24.0,0.0,1.0,0.7855128311508233,0.15042315237340553
17.1,25.705047176367312,25.692717579856563,24.0,0.0,1.0,0.7855128311508233,0.15042315237340553
17.2,25.692717579856563,25.680429013579136,24.0,0.0,1.0,0.7855128311508233,0.15042315237340553
17.3,25.680429013579136,25.668181340995282,24.0,0.0,1.0,0.7855128311508233,0.15042315237340553
17.400000000000002,25.668181340995282,25.655974426019622,24.0,0.0,1.0,0.7855128311508233,0.15042315237340553
17.5,25.655974426019622,25.64380813301964,24.0,0.0,1.0,0.7855128311508233,0.15042315237340553
17.6,25.64380813301964,25.63168232681418,24.0,0.0,1.0,0.7855128311508233,0.15042315237340553
17.7,25.63168232681418,25.619596872671934,24.0,0.0,1.0,0.7855128311508233,0.15042315237340553
17.8,25.619596872671934,25.60755163630996,24.0,0.0,1.0,0.7855128311508233,0.15042315237340553
17.900000000000002,25.60755163630996,25.59554648389217,24.0,0.0,1.0,0.7855128311508233,0.15042315237340553
18.0,25.59554648389217,25.58358128202786,24.0,0.0,1.0,0.7855128311508233,0.15042315237340553
18.1,25.58358128202786,25.571655897770217,24.0,0.0,1.0,0.7855128311508233,0.15042315237340553
18.2,25.571655897770217,25.55977019861485,24.0,0.0,1.0,0.7855128311508233,0.15042315237340553
18.3,25.55977019861485,25.547924052498313,24.0,0.0,1.0,0.7855128311508233,0.15042315237340553
18.400000000000002,25.547924052498313,25.53611732779664,24.0,0.0,1.0,0.7855128311508233,0.15042315237340553
18.5,25.53611732779664,25.524349893323876,24.0,0.0,1.0,0.7855128311508233,0.15042315237340553
18.6,25.524349893323876,25.51262161833063,24.0,0.0,1.0,0.7855128311508233,0.15042315237340553
18.7,25.51262161833063,25.500932372502614,24.0,0.0,1.0,0.7855128311508233,0.15042315237340553
18.8,25.500932372502614,25.4892820259592,24.0,0.0,1.0,0.7855128311508233,0.15042315237340553
18.900000000000002,25.4892820259592,25.47767044925197,24.0,0.0,1.0,0.7855128311508233,0.15042315237340553
19.0,25.47767044925197,25.46609751336329,24.0,0.0,1.0,0.7855128311508233,0.15042315237340553
19.1,25.46609751336329,25.454563089704862,24.0,0.0,1.0,0.7855128311508233,0.15042315237340553
19.200000000000003,25.454563089704862,25.443067050116305,24.0,0.0,1.0,0.7855128311508233,0.15042315237340553
19.3,25.443067050116305,25.431609266863727,24.0,0.0,1.0,0.7855128311508233,0.15042315237340553
19.400000000000002,25.431609266863727,25.42018961263831,24.0,0.0,1.0,0.7855128311508233,0.15042315237340553
19.5,25.42018961263831,25.408807960554885,24.0,0.0,1.0,0.7855128311508233,0.15042315237340553
19.6,25.408807960554885,25.397464184150536,24.0,0.0,1.0,0.7855128311508233,0.15042315237340553
19.700000000000003,25.397464184150536,25.38615815738319,24.0,0.0,1.0,0.7855128311508233,0.15042315237340553
19.8,25.38615815738319,25.374889754630203,24.0,0.0,1.0,0.7855128311508233,0.15042315237340553
19.900000000000002,25.374889754630203,25.363658850686992,24.0,0.0,1.0,0.7855128311508233,0.15042315237340553
20.0,25.363658850686992,25.352465320765614,24.0,0.0,1.0,0.7855128311508233,0.15042315237340553
20.1,25.352465320765614,25.341309040493403,24.0,0.0,1.0,0.7855128311508233,0.15042315237340553
20.200000000000003,25.341309040493403,25.330189885911572,24.0,0.0,1.0,0.7855128311508233,0.15042315237340553
20.3,25.330189885911572,25.319107733473846,24.0,0.0,1.0,0.7855128311508233,0.15042315237340553
20.400000000000002,25.319107733473846,25.308062460045083,24.0,0.0,1.0,0.7855128311508233,0.15042315237340553
20.5,25.308062460045083,25.29705394289991,24.0,0.0,1.0,0.7855128311508233,0.15042315237340553
20.6,25.29705394289991,25.28608205972136,24.0,0.0,1.0,0.7855128311508233,0.15042315237340553
20.700000000000003,25.28608205972136,25.2751466885995,24.0,0.0,1.0,0.7855128311508233,0.15042315237340553
20.8,25.2751466885995,25.264247708030098,24.0,0.0,1.0,0.7855128311508233,0.15042315237340553
20.900000000000002,25.264247708030098,25.253384996913255,24.0,0.0,0.9930827964106616,0.7855128311508233,0.15042315237340553
21.0,25.253384996913255,25.242558434552073,24.0,0.0,0.9845499974472965,0.7855128311508233,0.15042315237340553
21.1,25.242558434552073,25.2317679006513,24.0,0.0,0.9947365494686826,0.7855128311508233,0.15042315237340553
21.200000000000003,25.2317679006513,25.221013275316004,24.0,0.0,0.9862604466346565,0.7855128311508233,0.15042315237340553
21.3,25.221013275316004,25.21029443905024,24.0,0.0,0.9961794170358436,0.7855128311508233,0.15042315237340553
21.400000000000002,25.21029443905024,25.199611272755718,24.0,0.0,0.9877596336140819,0.7855128311508233,0.15042315237340553
21.5,25.199611272755718,25.188963657730476,24.0,0.0,0.9974128003394747,0.7855128311508233,0.15042315237340553
21.6,25.188963657730476,25.178351475667572,24.0,0.0,0.9890489621159929,0.7855128311508233,0.15042315237340553
21.700000000000003,25.178351475667572,25.167774608653765,24.0,0.0,0.9984380912964506,0.7855128311508233,0.15042315237340553
21.8,25.167774608653765,25.1572329391682,24.0,0.0,0.9901298265437294,0.7855128311508233,0.15042315237340553
21.900000000000002,25.1572329391682,25.146726350081106,24.0,0.0,0.9992566725750687,0.7855128311508233,0.15042315237340553
22.0,25.146726350081106,25.1362547246525,24.0,0.0,0.9910036120355279,0.7855128311508233,0.15042315237340553
22.1,25.1362547246525,25.125817946530876,24.0,0.0,0.9998699176564919,0.7855128311508233,0.15042315237340553
22.200000000000003,25.125817946530876,25.115415899751927,24.0,0.0,0.9916716945260832,0.7855128311508233,0.15042315237340553
22.3,25.115415899751927,25.105048468737248,24.0,0.0,0.9835007533109872,0.7855128311508233,0.15042315237340553
22.400000000000002,25.105048468737248,25.09471553829306,24.0,0.0,0.9919794906421722,0.7855128311508233,0.15042315237340553
22.5,25.09471553829306,25.08441699360891,24.0,0.0,0.9838628411948727,0.7855128311508233,0.15042315237340553
22.6,25.08441699360891,25.074152720256425,24.0,0.0,0.9920853444698892,0.7855128311508233,0.15042315237340553
22.700000000000003,25.074152720256425,25.06392260418801,24.0,0.0,0.9840226260490714,0.7855128311508233,0.15042315237340553
22.8,25.06392260418801,25.053726531735613,24.0,0.0,0.9919905978134987,0.7855128311508233,0.15042315237340553
22.900000000000002,25.053726531735613,25.043748541281843,24.0,0.0,0.999831938739113,0.7855128311508233,0.15042315237340553
23.0,25.043748541281843,25.034030917915718,24.0,0.0,0.9919940992085765,0.7855128311508233,0.15042315237340553
23.1,25.034030917915718,25.024074443546404,24.0,0.0,0.9999150003986389,0.7855128311508233,0.15042315237340553
23.200000000000003,25.024074443546404,25.0143767552841,24.0,0.0,0.9920940620285181,0.7855128311508233,0.15042315237340553
23.3,25.0143767552841,25.004447273309452,24.0,0.0,0.9997349783883924,0.7855128311508233,0.15042315237340553
23.400000000000002,25.004447273309452,24.99477498826627,24.0,0.0,0.9919352428906254,0.7855128311508233,0.15042315237340553
23.5,24.99477498826627,24.984877901271954,24.0,0.0,0.9993012578463792,0.7855128311508233,0.15042315237340553
23.6,24.984877901271954,24.975236414017346,24.0,0.0,0.9915269690213293,0.7855128311508233,0.15042315237340553
23.700000000000003,24.975236414017346,24.965377051602445,24.0,0.0,0.9986232706420397,0.7855128311508233,0.15042315237340553
23.8,24.965377051602445,24.95577168389597,24.0,0.0,0.9908786149581692,0.7855128311508233,0.15042315237340553
23.900000000000002,24.95577168389597,24.945955303404375,24.0,0.0,0.9977104943408993,0.7855128311508233,0.15042315237340553
24.0,24.945955303404375,24.9363913049251,24.0,0.0,0.9899996015092918,0.7855128311508233,0.15042315237340553
24.1,24.9363913049251,24.926623092170406,24.0,0.0,0.9965724511809015,0.7855128311508233,0.15042315237340553
24.200000000000003,24.926623092170406,24.917105641239814,24.0,0.0,0.9888993947246789,0.7855128311508233,0.15042315237340553
24.3,24.917105641239814,24.90783739134559,24.0,0.0,0.9952187070603236,0.7855128311508233,0.15042315237340553
24.400000000000002,24.90783739134559,24.89837426093682,24.0,0.0,0.9879383778460991,0.7855128311508233,0.15042315237340553
24.5,24.89837426093682,24.88915870542727,24.0,0.0,0.9940185963212796,0.7855128311508233,0.15042315237340553
24.6,24.88915870542727,24.87975491558027,24.0,0.0,0.9867796592223465,0.7855128311508233,0.15042315237340553
24.700000000000003,24.87975491558027,24.870597067393494,24.0,0.0,0.9926264124078411,0.7855128311508233,0.15042315237340553
24.8,24.870597067393494,24.861257569038763,24.0,0.0,0.998528600683833,0.7855128311508233,0.15042315237340553
24.900000000000002,24.861257569038763,24.85174039620917,24.0,0.0,0.99119230488968,0.7855128311508233,0.15042315237340553
25.0,24.85174039620917,24.84246355556698,24.0,0.0,0.9965285910559105,0.7855128311508233,0.15042315237340553
25.1,24.84246355556698,24.833006713863632,24.0,0.0,0.9892415136989285,0.7855128311508233,0.15042315237340553
25.200000000000003,24.833006713863632,24.823789553631453,24.0,0.0,0.994343392783545,0.7855128311508233,0.15042315237340553
25.3,24.823789553631453,24.814399647566788,24.0,0.0,0.9994948973093476,0.7855128311508233,0.15042315237340553
25.400000000000002,24.814399647566788,24.805248635757323,24.0,0.0,0.9921190056122517,0.7855128311508233,0.15042315237340553
25.5,24.805248635757323,24.795931976487545,24.0,0.0,0.9970435722414047,0.7855128311508233,0.15042315237340553
25.6,24.795931976487545,24.78685329027523,24.0,0.0,0.9897252168415335,0.7855128311508233,0.15042315237340553
25.700000000000003,24.78685329027523,24.77761589630029,24.0,0.0,0.9944298875696258,0.7855128311508233,0.15042315237340553
25.8,24.77761589630029,24.7686154227035,24.0,0.0,0.9988709395216323,0.7855128311508233,0.15042315237340553
25.900000000000002,24.7686154227035,24.759463020590033,24.0,0.0,0.9918009520249205,0.7855128311508233,0.15042315237340553
26.0,24.759463020590033,24.750546357176344,24.0,0.0,0.9960357048957574,0.7855128311508233,0.15042315237340553
26.1,24.750546357176344,24.741484382303103,24.0,0.0,0.9890315513732513,0.7855128311508233,0.15042315237340553
26.200000000000003,24.741484382303103,24.732656837917062,24.0,0.0,0.9930668956569224,0.7855128311508233,0.15042315237340553
26.3,24.732656837917062,24.72369043524241,24.0,0.0,0.9971536013908757,0.7855128311508233,0.15042315237340553
26.400000000000002,24.72369043524241,24.714947689720045,24.0,0.0,0.9901103770406716,0.7855128311508233,0.15042315237340553
26.5,24.714947689720045,24.706072168938455,24.0,0.0,0.9939973067803445,0.7855128311508233,0.15042315237340553
26.6,24.706072168938455,24.697418900921708,24.0,0.0,0.9976464314687447,0.7855128311508233,0.15042315237340553
26.700000000000003,24.697418900921708,24.688638775260273,24.0,0.0,0.9908491784102027,0.7855128311508233,0.15042315237340553
26.8,24.688638775260273,24.67973073830095,24.0,0.0,0.9943109985861501,0.7855128311508233,0.15042315237340553
26.900000000000002,24.67973073830095,24.67104765422291,24.0,0.0,0.9975383452962696,0.7855128311508233,0.15042315237340553
27.0,24.67104765422291,24.662251401513203,24.0,0.0,0.9907176713390077,0.7855128311508233,0.15042315237340553
27.1,24.662251401513203,24.653678419384345,24.0,0.0,0.9937698963174193,0.7855128311508233,0.15042315237340553
27.200000000000003,24.653678419384345,24.644998142677306,24.0,0.0,0.9968685457022011,0.7855128311508233,0.15042315237340553
27.3,24.644998142677306,24.636209607303286,24.0,0.0,0.999752342360533,0.7855128311508233,0.15042315237340553
27.400000000000002,24.636209607303286,24.627646681267976,24.0,0.0,0.9928488350572175,0.7855128311508233,0.15042315237340553
27.5,24.627646681267976,24.618981147650317,24.0,0.0,0.9955638060215896,0.7855128311508233,0.15042315237340553
27.6,24.618981147650317,24.610539282301165,24.0,0.0,0.9980678277250764,0.7855128311508233,0.15042315237340553
27.700000000000003,24.610539282301165,24.60200026063425,24.0,0.0,0.9914366341744701,0.7855128311508233,0.15042315237340553
27.8,24.60200026063425,24.59337142409545,24.0,0.0,0.9937846007830542,0.7855128311508233,0.15042315237340553
27.900000000000002,24.59337142409545,24.584959521587447,24.0,0.0,0.9959322189779993,0.7855128311508233,0.15042315237340553
28.0,24.584959521587447,24.576462873332623,24.0,0.0,0.998123707148374,0.7855128311508233,0.15042315237340553
28.1,24.576462873332623,24.568180966564604,24.0,0.0,0.9914494809224351,0.7855128311508233,0.15042315237340553
28.200000000000003,24.568180966564604,24.559819190161594,24.0,0.0,0.9934906941006829,0.7855128311508233,0.15042315237340553
28.3,24.559819190161594,24.551376442554,24.0,0.0,0.9953433881792277,0.7855128311508233,0.15042315237340553
28.400000000000002,24.551376442554,24.54314929721769,24.0,0.0,0.9970054798666366,0.7855128311508233,0.15042315237340553
28.5,24.54314929721769,24.534846051144466,24.0,0.0,0.9987131745909084,0.7855128311508233,0.15042315237340553
28.6,24.534846051144466,24.526473288491797,24.0,0.0,0.9921908682601898,0.7855128311508233,0.15042315237340553
28.700000000000003,24.526473288491797,24.518309346901074,24.0,0.0,0.9935333329338705,0.7855128311508233,0.15042315237340553
28.8,24.518309346901074,24.51008041162728,24.0,0.0,0.9949170246481375,0.7855128311508233,0.15042315237340553
28.900000000000002,24.51008041162728,24.50179294117163,24.0,0.0,0.9961258807519517,0.7855128311508233,0.15042315237340553
29.0,24.50179294117163,24.49371463146145,24.0,0.0,0.9971640939762321,0.7855128311508233,0.15042315237340553
29.1,24.49371463146145,24.485581947458382,24.0,0.0,0.998245089168607,0.7855128311508233,0.15042315237340553
29.200000000000003,24.485581947458382,24.47739383418517,24.0,0.0,0.9991610382597319,0.7855128311508233,0.15042315237340553
29.3,24.47739383418517,24.469156195966075,24.0,0.0,0.9999102787668823,0.7855128311508233,0.15042315237340553
29.400000000000002,24.469156195966075,24.46112975787337,24.0,0.0,0.9934395082474063,0.7855128311508233,0.15042315237340553
29.5,24.46112975787337,24.453057751338186,24.0,0.0,0.9940710973203977,0.7855128311508233,0.15042315237340553
29.6,24.453057751338186,24.444945943950966,24.0,0.0,0.9945454701302274,0.7855128311508233,0.15042315237340553
29.700000000000003,24.444945943950966,24.437037668341635,24.0,0.0,0.9948665584962288,0.7855128311508233,0.15042315237340553
29.8,24.437037668341635,24.429093201560235,24.0,0.0,0.995228564910609,0.7855128311508233,0.15042315237340553
29.900000000000002,24.429093201560235,24.421117997773045,24.0,0.0,0.995442639521237,0.7855128311508233,0.15042315237340553
30.0,24.421117997773045,24.41311099134778,24.0,0.0,0.9955126042899767,0.7855128311508233,0.15042315237340553
30.1,24.41311099134778,24.405308313573013,24.0,0.0,0.9954371437636862,0.7855128311508233,0.15042315237340553
30.200000000000003,24.405308313573013,24.397477259692526,24.0,0.0,0.9954048156753522,0.7855128311508233,0.15042315237340553
30.3,24.397477259692526,24.389622942942534,24.0,0.0,0.9952324006107655,0.7855128311508233,0.15042315237340553
30.400000000000002,24.389622942942534,24.38175051500546,24.0,0.0,0.9949235651551662,0.7855128311508233,0.15042315237340553
30.5,24.38175051500546,24.37385882209499,24.0,0.0,0.9944820835870143,0.7855128311508233,0.15042315237340553
30.6,24.37385882209499,24.36616702964385,24.0,0.0,0.9939067598025523,0.7855128311508233,0.15042315237340553
30.700000000000003,24.36616702964385,24.358465094357033,24.0,0.0,0.9933727580270557,0.7855128311508233,0.15042315237340553
30.8,24.358465094357033,24.350751952430233,24.0,0.0,0.9927149339854686,0.7855128311508233,0.15042315237340553
30.900000000000002,24.350751952430233,24.34303229567783,24.0,0.0,0.9919322834720481,0.7855128311508233,0.15042315237340553
31.0,24.34303229567783,24.335310688680835,24.0,0.0,0.9910283939691298,0.7855128311508233,0.15042315237340553
31.1,24.335310688680835,24.327585998976065,24.0,0.0,0.990006821677473,0.7855128311508233,0.15042315237340553
31.200000000000003,24.327585998976065,24.319862630724238,24.0,0.0,0.9888666306616551,0.7855128311508233,0.15042315237340553
31.3,24.319862630724238,24.312145017689033,24.0,0.0,0.9876113003241406,0.7855128311508233,0.15042315237340553
31.400000000000002,24.312145017689033,24.304625353812582,24.0,0.0,0.9862444000149744,0.7855128311508233,0.15042315237340553
31.5,24.304625353812582,24.297113899417038,24.0,0.0,0.9849198781554162,0.7855128311508233,0.15042315237340553
31.6,24.297113899417038,24.289614812637073,24.0,0.0,0.9834888152835384,0.7855128311508233,0.15042315237340553
31.700000000000003,24.289614812637073,24.282132133096024,24.0,0.0,0.981954663705052,0.7855128311508233,0.15042315237340553
31.8,24.282132133096024,24.27466471686275,24.0,0.0,0.9803208433987822,0.7855128311508233,0.15042315237340553
31.900000000000002,24.27466471686275,24.26721645142491,24.0,0.0,0.9785866853876248,0.7855128311508233,0.15042315237340553
32.0,24.26721645142491,24.259791109584146,24.0,0.0,0.9767555314153236,0.7855128311508233,0.15042315237340553
32.1,24.259791109584146,24.25239248660737,24.0,0.0,0.9748306898899448,0.7855128311508233,0.15042315237340553
32.2,24.25239248660737,24.2450193452965,24.0,0.0,0.9728155439559241,0.7855128311508233,0.15042315237340553
32.300000000000004,24.2450193452965,24.237675330287587,24.0,0.0,0.9707095050815457,0.7855128311508233,0.15042315237340553
32.4,24.237675330287587,24.23036397647528,24.0,0.0,0.968515874302204,0.7855128311508233,0.15042315237340553
32.5,24.23036397647528,24.22308870651101,24.0,0.0,0.9662379196230231,0.7855128311508233,0.15042315237340553
32.6,24.22308870651101,24.21585296349935,24.0,0.0,0.9638788723652311,0.7855128311508233,0.15042315237340553
32.7,24.21585296349935,24.208655515817405,24.0,0.0,0.9614420317085345,0.7855128311508233,0.15042315237340553
32.800000000000004,24.208655515817405,24.20149953245658,24.0,0.0,0.9589270062477642,0.7855128311508233,0.15042315237340553
32.9,24.20149953245658,24.194388198596805,24.0,0.0,0.9563369089857231,0.7855128311508233,0.15042315237340553
33.0,24.194388198596805,24.187324593311487,24.0,0.0,0.9536749135539841,0.7855128311508233,0.15042315237340553
33.1,24.187324593311487,24.180311690753406,24.0,0.0,0.9509441565524804,0.7855128311508233,0.15042315237340553
33.2,24.180311690753406,24.173352480094728,24.0,0.0,0.9481477369027878,0.7855128311508233,0.15042315237340553
33.300000000000004,24.173352480094728,24.1664498479307,24.0,0.0,0.9452888102884742,0.7855128311508233,0.15042315237340553
33.4,24.1664498479307,24.159606576226402,24.0,0.0,0.9423704952386968,0.7855128311508233,0.15042315237340553
33.5,24.159606576226402,24.152821339232453,24.0,0.0,0.9393958699414694,0.7855128311508233,0.15042315237340553
33.6,24.152821339232453,24.146096780185637,24.0,0.0,0.9363647659800506,0.7855128311508233,0.15042315237340553
33.7,24.146096780185637,24.1394354416184,24.0,0.0,0.9332801723876579,0.7855128311508233,0.15042315237340553
33.800000000000004,24.1394354416184,24.132839766554582,24.0,0.0,0.9301450373385347,0.7855128311508233,0.15042315237340553
33.9,24.132839766554582,24.12631220769786,24.0,0.0,0.9269622675903736,0.7855128311508233,0.15042315237340553
34.0,24.12631220769786,24.11985512062503,24.0,0.0,0.9237348143988426,0.7855128311508233,0.15042315237340553
34.1,24.11985512062503,24.113470764996702,24.0,0.0,0.9204655881585263,0.7855128311508233,0.15042315237340553
34.2,24.113470764996702,24.10716130288683,24.0,0.0,0.9171574579111478,0.7855128311508233,0.15042315237340553
34.300000000000004,24.10716130288683,24.10092890484251,24.0,0.0,0.9138132485654512,0.7855128311508233,0.15042315237340553
34.4,24.10092890484251,24.094775646306665,24.0,0.0,0.9104358243360006,0.7855128311508233,0.15042315237340553
34.5,24.094775646306665,24.088703508813865,24.0,0.0,0.9070280059512725,0.7855128311508233,0.15042315237340553
34.6,24.088703508813865,24.082714381279455,24.0,0.0,0.9035925701804018,0.7855128311508233,0.15042315237340553
34.7,24.082714381279455,24.076810058501223,24.0,0.0,0.9001322494525918,0.7855128311508233,0.15042315237340553
34.800000000000004,24.076810058501223,24.07099233972435,24.0,0.0,0.8966497292644087,0.7855128311508233,0.15042315237340553
34.9,24.07099233972435,24.065262935331305,24.0,0.0,0.8931477256707164,0.7855128311508233,0.15042315237340553
35.0,24.065262935331305,24.059623465523504,24.0,0.0,0.889628910651696,0.7855128311508233,0.15042315237340553
35.1,24.059623465523504,24.05407546160726,24.0,0.0,0.8860959097207286,0.7855128311508233,0.15042315237340553
35.2,24.05407546160726,24.048620367292695,24.0,0.0,0.8825513015973434,0.7855128311508233,0.15042315237340553
35.300000000000004,24.048620367292695,24.04325953747412,24.0,0.0,0.8789976179098884,0.7855128311508233,0.15042315237340553
35.4,24.04325953747412,24.037994239514717,24.0,0.0,0.8754373409014896,0.7855128311508233,0.15042315237340553
35.5,24.037994239514717,24.03282565461179,24.0,0.0,0.8718729031225287,0.7855128311508233,0.15042315237340553
35.6,24.03282565461179,24.027754964515527,24.0,0.0,0.8683066872069309,0.7855128311508233,0.15042315237340553
35.7,24.027754964515527,24.02278326746864,24.0,0.0,0.8647410939991697,0.7855128311508233,0.15042315237340553
35.800000000000004,24.02278326746864,24.017911579572033,24.0,0.0,0.861178475267645,0.7855128311508233,0.15042315237340553
35.9,24.017911579572033,24.013140836160755,24.0,0.0,0.8576211335418193,0.7855128311508233,0.15042315237340553
36.0,24.013140836160755,24.008471890888135,24.0,0.0,0.8540713219781445,0.7855128311508233,0.15042315237340553
36.1,24.008471890888135,24.003905517085407,24.0,0.0,0.8505312424119563,0.7855128311508233,0.15042315237340553
36.2,24.003905517085407,23.999442409129923,24.0,0.0,0.847003045217246,0.7855128311508233,0.15042315237340553
36.300000000000004,23.999442409129923,23.99508318388281,24.0,0.0,0.8434888291937609,0.7855128311508233,0.15042315237340553
36.4,23.99508318388281,23.99082837990051,24.0,0.0,0.8399906415302771,0.7855128311508233,0.15042315237340553
36.5,23.99082837990051,23.98667845885307,24.0,0.0,0.836510476007376,0.7855128311508233,0.15042315237340553
36.6,23.98667845885307,23.9826338069503,24.0,0.0,0.8330502729549704,0.7855128311508233,0.15042315237340553
36.7,23.9826338069503,23.978694736373313,24.0,0.0,0.8296119192374796,0.7855128311508233,0.15042315237340553
36.800000000000004,23.978694736373313,23.974861486770326,24.0,0.0,0.8261972482647604,0.7855128311508233,0.15042315237340553
36.9,23.974861486770326,23.971134224684516,24.0,0.0,0.8228080400760113,0.7855128311508233,0.15042315237340553
37.0,23.971134224684516,23.967513044970655,24.0,0.0,0.8194460197906794,0.7855128311508233,0.15042315237340553
37.1,23.967513044970655,23.96399797227073,24.0,0.0,0.8161128576428862,0.7855128311508233,0.15042315237340553
37.2,23.96399797227073,23.96058896249335,24.0,0.0,0.812810169084379,0.7855128311508233,0.15042315237340553
37.300000000000004,23.96058896249335,23.957285904296157,24.0,0.0,0.8095395149127239,0.7855128311508233,0.15042315237340553
37.4,23.957285904296157,23.954088620624365,24.0,0.0,0.8063024014241353,0.7855128311508233,0.15042315237340553
37.5,23.954088620624365,23.950996870252368,24.0,0.0,0.8031002806335643,0.7855128311508233,0.15042315237340553
37.6,23.950996870252368,23.948010349326182,24.0,0.0,0.7999345505203652,0.7855128311508233,0.15042315237340553
37.7,23.948010349326182,23.94512869108705,24.0,0.0,0.7968065552978311,0.7855128311508233,0.15042315237340553
37.800000000000004,23.94512869108705,23.94235146738729,24.0,0.0,0.7937175842498466,0.7855128311508233,0.15042315237340553
37.9,23.94235146738729,23.93967819020544,24.0,0.0,0.7906688719981791,0.7855128311508233,0.15042315237340553
38.0,23.93967819020544,23.937108313159932,24.0,0.0,0.7876615987919976,0.7855128311508233,0.15042315237340553
38.1,23.937108313159932,23.934641233069563,24.0,0.0,0.7846968908190136,0.7855128311508233,0.15042315237340553
38.2,23.934641233069563,23.932276291512558,24.0,0.0,0.7817758205768603,0.7855128311508233,0.15042315237340553
38.300000000000004,23.932276291512558,23.93001277638341,24.0,0.0,0.7788994072668013,0.7855128311508233,0.15042315237340553
38.400000000000006,23.93001277638341,23.927849923445528,24.0,0.0,0.776068617209125,0.7855128311508233,0.15042315237340553
38.5,23.927849923445528,23.92578691792657,24.0,0.0,0.7732843642785956,0.7855128311508233,0.15042315237340553
38.6,23.92578691792657,23.92382289610958,24.0,0.0,0.7705475103974349,0.7855128311508233,0.15042315237340553
38.7,23.92382289610958,23.921956946919263,24.0,0.0,0.767858866048943,0.7855128311508233,0.15042315237340553
38.800000000000004,23.921956946919263,23.92018811350264,24.0,0.0,0.765219190811148,0.7855128311508233,0.15042315237340553
38.900000000000006,23.92018811350264,23.918515394802252,24.0,0.0,0.7626291939098421,0.7855128311508233,0.15042315237340553
39.0,23.918515394802252,23.91693774716534,24.0,0.0,0.7600895347894072,0.7855128311508233,0.15042315237340553
39.1,23.91693774716534,23.915454085946767,24.0,0.0,0.7576008237361138,0.7855128311508233,0.15042315237340553
39.2,23.915454085946767,23.914063287103875,24.0,0.0,0.755163622520627,0.7855128311508233,0.15042315237340553
39.300000000000004,23.914063287103875,23.912764188782592,24.0,0.0,0.7527784450581418,0.7855128311508233,0.15042315237340553
39.400000000000006,23.912764188782592,23.911555592894224,24.0,0.0,0.7504457580855302,0.7855128311508233,0.15042315237340553
39.5,23.911555592894224,23.910436266681117,24.0,0.0,0.7481659818548761,0.7855128311508233,0.15042315237340553
39.6,23.910436266681117,23.909404944270584,24.0,0.0,0.7459394908418212,0.7855128311508233,0.15042315237340553
39.7,23.909404944270584,23.908460328216474,24.0,0.0,0.7437666144680677,0.7855128311508233,0.15042315237340553
39.800000000000004,23.908460328216474,23.907601091066596,24.0,0.0,0.7416476378373631,0.7855128311508233,0.15042315237340553
39.900000000000006,23.907601091066596,23.906825876917793,24.0,0.0,0.7395828025153695,0.7855128311508233,0.15042315237340553
40.0,23.906825876917793,23.906133302958153,24.0,0.0,0.73757230732323,0.7855128311508233,0.15042315237340553
40.1,23.906133302958153,23.90552196099578,24.0,0.0,0.7356163091442206,0.7855128311508233,0.15042315237340553
40.2,23.90552196099578,23.90499041897262,24.0,0.0,0.7337149237428491,0.7855128311508233,0.15042315237340553
40.300000000000004,23.90499041897262,23.90453722246274,24.0,0.0,0.7318682265949787,0.7855128311508233,0.15042315237340553
40.400000000000006,23.90453722246274,23.904160896154583,24.0,0.0,0.7300762537282871,0.7855128311508233,0.15042315237340553
40.5,23.904160896154583,23.903859945316693,24.0,0.0,0.7283390025724236,0.7855128311508233,0.15042315237340553
40.6,23.903859945316693,23.903632857245423,24.0,0.0,0.7266564328182342,0.7855128311508233,0.15042315237340553
40.7,23.903632857245423,23.903478102694176,24.0,0.0,0.7250284672846142,0.7855128311508233,0.15042315237340553
40.800000000000004,23.903478102694176,23.903394137283662,24.0,0.0,0.7234549927923506,0.7855128311508233,0.15042315237340553
40.900000000000006,23.903394137283662,23.90337940289275,24.0,0.0,0.7219358610442643,0.7855128311508233,0.15042315237340553
41.0,23.90337940289275,23.90343232902949,24.0,0.0,0.7204708895110359,0.7855128311508233,0.15042315237340553
41.1,23.90343232902949,23.903551334180985,24.0,0.0,0.7190598623220734,0.7855128311508233,0.15042315237340553
41.2,23.903551334180985,23.903734827141662,24.0,0.0,0.7177025311600767,0.7855128311508233,0.15042315237340553
41.300000000000004,23.903734827141662,23.903981208319546,24.0,0.0,0.7163986161586017,0.7855128311508233,0.15042315237340553
41.400000000000006,23.903981208319546,23.90428887102016,24.0,0.0,0.7151478068020182,0.7855128311508233,0.15042315237340553
41.5,23.90428887102016,23.904656202707695,24.0,0.0,0.7139497628271803,0.7855128311508233,0.15042315237340553
41.6,23.904656202707695,23.90508158624312,24.0,0.0,0.7128041151262314,0.7855128311508233,0.15042315237340553
41.7,23.90508158624312,23.905563401098945,24.0,0.0,0.7117104666499091,0.7855128311508233,0.15042315237340553
41.800000000000004,23.905563401098945,23.906100024550327,24.0,0.0,0.7106683933107862,0.7855128311508233,0.15042315237340553
41.900000000000006,23.906100024550327,23.90668983284148,24.0,0.0,0.7096774448858503,0.7855128311508233,0.15042315237340553
42.0,23.90668983284148,23.90733120232705,24.0,0.0,0.7087371459172226,0.7855128311508233,0.15042315237340553
42.1,23.90733120232705,23.908022510588246,24.0,0.0,0.7078469966103853,0.7855128311508233,0.15042315237340553
42.2,23.908022510588246,23.90876213752341,24.0,0.0,0.7070064737293644,0.7855128311508233,0.15042315237340553
42.300000000000004,23.90876213752341,23.9095484664129,24.0,0.0,0.706215031488247,0.7855128311508233,0.15042315237340553
42.400000000000006,23.9095484664129,23.91037988495803,24.0,0.0,0.7054721024385276,0.7855128311508233,0.15042315237340553
42.5,23.91037988495803,23.911254786293917,24.0,0.0,0.7047770983517152,0.7855128311508233,0.15042315237340553
42.6,23.911254786293917,23.912171569976106,24.0,0.0,0.7041294110966736,0.7855128311508233,0.15042315237340553
42.7,23.912171569976106,23.91312864294081,24.0,0.0,0.7035284135112031,0.7855128311508233,0.15042315237340553
42.800000000000004,23.91312864294081,23.914124420438696,24.0,0.0,0.7029734602673445,0.7855128311508233,0.15042315237340553
42.900000000000006,23.914124420438696,23.915157326942154,24.0,0.0,0.7024638887299562,0.7855128311508233,0.15042315237340553
43.0,23.915157326942154,23.916225797025923,24.0,0.0,0.7019990198080867,0.7855128311508233,0.15042315237340553
43.1,23.916225797025923,23.91732827622111,24.0,0.0,0.7015781587986952,0.7855128311508233,0.15042315237340553
43.2,23.91732827622111,23.918463221842526,24.0,0.0,0.7012005962222944,0.7855128311508233,0.15042315237340553
43.300000000000004,23.918463221842526,23.91962910378939,24.0,0.0,0.7008656086500935,0.7855128311508233,0.15042315237340553
43.400000000000006,23.91962910378939,23.920824405319394,24.0,0.0,0.7005724595222549,0.7855128311508233,0.15042315237340553
43.5,23.920824405319394,23.9220476237962,24.0,0.0,0.7003203999568774,0.7855128311508233,0.15042315237340553
43.6,23.9220476237962,23.92329727141041,24.0,0.0,0.7001086695493519,0.7855128311508233,0.15042315237340553
43.7,23.92329727141041,23.924571875874083,24.0,0.0,0.6999364971617213,0.7855128311508233,0.15042315237340553
43.800000000000004,23.924571875874083,23.92586998108891,24.0,0.0,0.6998031017017162,0.7855128311508233,0.15042315237340553
43.900000000000006,23.92586998108891,23.927190147788114,24.0,0.0,0.6997076928911348,0.7855128311508233,0.15042315237340553
44.0,23.927190147788114,23.928530954152265,24.0,0.0,0.6996494720232632,0.7855128311508233,0.15042315237340553
44.1,23.928530954152265,23.929890996399106,24.0,0.0,0.6996276327090392,0.7855128311508233,0.15042315237340553
44.2,23.929890996399106,23.931268889347585,24.0,0.0,0.6996413616116992,0.7855128311508233,0.15042315237340553
44.300000000000004,23.931268889347585,23.9326632669563,24.0,0.0,0.6996898391696358,0.7855128311508233,0.15042315237340553
44.400000000000006,23.9326632669563,23.934072782836513,24.0,0.0,0.6997722403072552,0.7855128311508233,0.15042315237340553
44.5,23.934072782836513,23.935496110739944,24.0,0.0,0.6998877351335788,0.7855128311508233,0.15042315237340553
44.6,23.935496110739944,23.93693194502162,24.0,0.0,0.7000354896283749,0.7855128311508233,0.15042315237340553
44.7,23.93693194502162,23.938379001077955,24.0,0.0,0.7002146663156466,0.7855128311508233,0.15042315237340553
44.800000000000004,23.938379001077955,23.939836015760342,24.0,0.0,0.7004244249242673,0.7855128311508233,0.15042315237340553
44.900000000000006,23.939836015760342,23.94130174776451,24.0,0.0,0.7006639230355901,0.7855128311508233,0.15042315237340553
45.0,23.94130174776451,23.942774977995924,24.0,0.0,0.7009323167178847,0.7855128311508233,0.15042315237340553
45.1,23.942774977995924,23.94425450991151,24.0,0.0,0.7012287611474515,0.7855128311508233,0.15042315237340553
45.2,23.94425450991151,23.94573916983798,24.0,0.0,0.7015524112162697,0.7855128311508233,0.15042315237340553
45.300000000000004,23.94573916983798,23.947227807267105,24.0,0.0,0.7019024221260721,0.7855128311508233,0.15042315237340553
45.400000000000006,23.947227807267105,23.94871929512818,24.0,0.0,0.7022779499687257,0.7855128311508233,0.15042315237340553
45.5,23.94871929512818,23.950212530038094,24.0,0.0,0.70267815229283,0.7855128311508233,0.15042315237340553
45.6,23.950212530038094,23.951706432529257,24.0,0.0,0.7031021886564544,0.7855128311508233,0.15042315237340553
45.7,23.951706432529257,23.95319994725575,24.0,0.0,0.7035492211659201,0.7855128311508233,0.15042315237340553
45.800000000000004,23.95319994725575,23.954692043178078,24.0,0.0,0.7040184150005909,0.7855128311508233,0.15042315237340553
45.900000000000006,23.954692043178078,23.956181713726814,24.0,0.0,0.7045089389236113,0.7855128311508233,0.15042315237340553
46.0,23.956181713726814,23.95766797694557,24.0,0.0,0.7050199657785496,0.7855128311508233,0.15042315237340553
46.1,23.95766797694557,23.9591498756136,24.0,0.0,0.7055506729719302,0.7855128311508233,0.15042315237340553
46.2,23.9591498756136,23.960626477348463,24.0,0.0,0.7061002429416302,0.7855128311508233,0.15042315237340553
46.300000000000004,23.960626477348463,23.962096874689063,24.0,0.0,0.7066678636111344,0.7855128311508233,0.15042315237340553
46.400000000000006,23.962096874689063,23.96356018515954,24.0,0.0,0.7072527288296587,0.7855128311508233,0.15042315237340553
46.5,23.96356018515954,23.965015551314295,24.0,0.0,0.7078540387981552,0.7855128311508233,0.15042315237340553
46.6,23.965015551314295,23.966462140764637,24.0,0.0,0.7084710004812026,0.7855128311508233,0.15042315237340553
46.7,23.966462140764637,23.967899146187406,24.0,0.0,0.70910282800485,0.7855128311508233,0.15042315237340553
46.800000000000004,23.967899146187406,23.96932578531596,24.0,0.0,0.7097487430404316,0.7855128311508233,0.15042315237340553
46.900000000000006,23.96932578531596,23.970741300913964,24.0,0.0,0.7104079751743967,0.7855128311508233,0.15042315237340553
47.0,23.970741300913964,23.972144960732393,24.0,0.0,0.7110797622642371,0.7855128311508233,0.15042315237340553
47.1,23.972144960732393,23.973536057450104,24.0,0.0,0.7117633507805721,0.7855128311508233,0.15042315237340553
47.2,23.973536057450104,23.97491390859847,24.0,0.0,0.7124579961354476,0.7855128311508233,0.15042315237340553
47.300000000000004,23.97491390859847,23.97627785647041,24.0,0.0,0.7131629629969701,0.7855128311508233,0.15042315237340553
47.400000000000006,23.97627785647041,23.977627268014317,24.0,0.0,0.7138775255903228,0.7855128311508233,0.15042315237340553
47.5,23.977627268014317,23.978961534713196,24.0,0.0,0.7146009679853147,0.7855128311508233,0.15042315237340553
47.6,23.978961534713196,23.980280072449553,24.0,0.0,0.7153325843705081,0.7855128311508233,0.15042315237340553
47.7,23.980280072449553,23.98158232135633,24.0,0.0,0.7160716793141012,0.7855128311508233,0.15042315237340553
47.800000000000004,23.98158232135633,23.982867745654424,24.0,0.0,0.7168175680116299,0.7855128311508233,0.15042315237340553
47.900000000000006,23.982867745654424,23.984135833477087,24.0,0.0,0.7175695765206623,0.7855128311508233,0.15042315237340553
48.0,23.984135833477087,23.985386096681744,24.0,0.0,0.7183270419825746,0.7855128311508233,0.15042315237340553
48.1,23.985386096681744,23.986618070649556,24.0,0.0,0.7190893128315872,0.7855128311508233,0.15042315237340553
48.2,23.986618070649556,23.9878313140732,24.0,0.0,0.719855748991174,0.7855128311508233,0.15042315237340553
48.300000000000004,23.9878313140732,23.98902540873325,24.0,0.0,0.7206257220580219,0.7855128311508233,0.15042315237340553
48.400000000000006,23.98902540873325,23.990199959263585,24.0,0.0,0.7213986154736648,0.7855128311508233,0.15042315237340553
48.5,23.990199959263585,23.991354592906244,24.0,0.0,0.7221738246839805,0.7855128311508233,0.15042315237340553
48.6,23.991354592906244,23.992488959256136,24.0,0.0,0.7229507572867088,0.7855128311508233,0.15042315237340553
48.7,23.992488959256136,23.993602729995985,24.0,0.0,0.7237288331671444,0.7855128311508233,0.15042315237340553
48.800000000000004,23.993602729995985,23.994695598621963,24.0,0.0,0.7245074846221973,0.7855128311508233,0.15042315237340553
48.900000000000006,23.994695598621963,23.99576728016038,24.0,0.0,0.7252861564729914,0.7855128311508233,0.15042315237340553
49.0,23.99576728016038,23.996817510875836,24.0,0.0,0.7260643061661861,0.7855128311508233,0.15042315237340553
49.1,23.996817510875836,23.997846047971258,24.0,0.0,0.726841403864201,0.7855128311508233,0.15042315237340553
49.2,23.997846047971258,23.998852669280172,24.0,0.0,0.7276169325245473,0.7855128311508233,0.15042315237340553
49.300000000000004,23.998852669280172,23.999837172951622,24.0,0.0,0.7283903879684399,0.7855128311508233,0.15042315237340553
49.400000000000006,23.999837172951622,24.00079937712815,24.0,0.0,0.7291612789388883,0.7855128311508233,0.15042315237340553
49.5,24.00079937712815,24.001739119617167,24.0,0.0,0.7299291271484928,0.7855128311508233,0.15042315237340553
49.6,24.001739119617167,24.00265625755613,24.0,0.0,0.7306934673171098,0.7855128311508233,0.15042315237340553
49.7,24.00265625755613,24.003550667071885,24.0,0.0,0.7314538471996112,0.7855128311508233,0.15042315237340553
49.800000000000004,24.003550667071885,24.00442224293455,24.0,0.0,0.7322098276039384,0.7855128311508233,0.15042315237340553
49.900000000000006,24.00442224293455,24.005270898206305,24.0,0.0,0.7329609823996601,0.7855128311508233,0.15042315237340553
50.0,24.005270898206305,24.006096563885446,24.0,0.0,0.7337068985172517,0.7855128311508233,0.15042315237340553
50.1,24.006096563885446,24.006899188546047,24.0,0.0,0.7344471759382872,0.7855128311508233,0.15042315237340553
50.2,24.006899188546047,24.00767873797361,24.0,0.0,0.7351814276767786,0.7855128311508233,0.15042315237340553
50.300000000000004,24.00767873797361,24.008435194797023,24.0,0.0,0.7359092797518694,0.7855128311508233,0.15042315237340553
50.400000000000006,24.008435194797023,24.00916855811716,24.0,0.0,0.7366303711520976,0.7855128311508233,0.15042315237340553
50.5,24.00916855811716,24.0098788431325,24.0,0.0,0.7373443537914308,0.7855128311508233,0.15042315237340553
50.6,24.0098788431325,24.010566080762032,24.0,0.0,0.7380508924573345,0.7855128311508233,0.15042315237340553
50.7,24.010566080762032,24.011230317265827,24.0,0.0,0.7387496647510267,0.7855128311508233,0.15042315237340553
50.800000000000004,24.011230317265827,24.01187161386356,24.0,0.0,0.7394403610202042,0.7855128311508233,0.15042315237340553
50.900000000000006,24.01187161386356,24.0124900463513,24.0,0.0,0.740122684284407,0.7855128311508233,0.15042315237340553
51.0,24.0124900463513,24.013085704716886,24.0,0.0,0.7407963501532732,0.7855128311508233,0.15042315237340553
51.1,24.013085704716886,24.013658692754177,24.0,0.0,0.7414610867378779,0.7855128311508233,0.15042315237340553
51.2,24.013658692754177,24.014209127676477,24.0,0.0,0.7421166345554043,0.7855128311508233,0.15042315237340553
51.300000000000004,24.014209127676477,24.01473713972941,24.0,0.0,0.7427627464273413,0.7855128311508233,0.15042315237340553
51.400000000000006,24.01473713972941,24.015242871803547,24.0,0.0,0.7433991873714282,0.7855128311508233,0.15042315237340553
51.5,24.015242871803547,24.015726479047053,24.0,0.0,0.7440257344875799,0.7855128311508233,0.15042315237340553
51.6,24.015726479047053,24.0161881284786,24.0,0.0,0.7446421768379907,0.7855128311508233,0.15042315237340553
51.7,24.0161881284786,24.016627998600857,24.0,0.0,0.7452483153216415,0.7855128311508233,0.15042315237340553
51.800000000000004,24.016627998600857,24.017046279014764,24.0,0.0,0.7458439625434343,0.7855128311508233,0.15042315237340553
51.900000000000006,24.017046279014764,24.017443170034866,24.0,0.0,0.7464289426781411,0.7855128311508233,0.15042315237340553
52.0,24.017443170034866,24.017818882305956,24.0,0.0,0.7470030913294031,0.7855128311508233,0.15042315237340553
52.1,24.017818882305956,24.01817363642125,24.0,0.0,0.7475662553839885,0.7855128311508233,0.15042315237340553
52.2,24.01817363642125,24.018507662542312,24.0,0.0,0.7481182928615117,0.7855128311508233,0.15042315237340553
52.300000000000004,24.018507662542312,24.018821200021012,24.0,0.0,0.748659072759814,0.7855128311508233,0.15042315237340553
52.400000000000006,24.018821200021012,24.019114497023644,24.0,0.0,0.7491884748962406,0.7855128311508233,0.15042315237340553
52.5,24.019114497023644,24.019387810157504,24.0,0.0,0.7497063897449786,0.7855128311508233,0.15042315237340553
52.6,24.019387810157504,24.01964140410007,24.0,0.0,0.7502127182706987,0.7855128311508233,0.15042315237340553
52.7,24.01964140410007,24.01987555123102,24.0,0.0,0.7507073717586645,0.7855128311508233,0.15042315237340553
52.800000000000004,24.01987555123102,24.02009053126726,24.0,0.0,0.7511902716415357,0.7855128311508233,0.15042315237340553
52.900000000000006,24.02009053126726,24.020286630901154,24.0,0.0,0.7516613493230515,0.7855128311508233,0.15042315237340553
53.0,24.020286630901154,24.02046414344213,24.0,0.0,0.7521205459987772,0.7855128311508233,0.15042315237340553
53.1,24.02046414344213,24.020623368461848,24.0,0.0,0.7525678124741225,0.7855128311508233,0.15042315237340553
53.2,24.020623368461848,24.02076461144308,24.0,0.0,0.7530031089798105,0.7855128311508233,0.15042315237340553
53.300000000000004,24.02076461144308,24.020888183432476,24.0,0.0,0.7534264049849864,0.7855128311508233,0.15042315237340553
53.400000000000006,24.020888183432476,24.02099440069734,24.0,0.0,0.7538376790081536,0.7855128311508233,0.15042315237340553
53.5,24.02099440069734,24.02108358438662,24.0,0.0,0.7542369184261027,0.7855128311508233,0.15042315237340553
53.6,24.02108358438662,24.021156060196194,24.0,0.0,0.754624119281038,0.7855128311508233,0.15042315237340553
53.7,24.021156060196194,24.021212158038615,24.0,0.0,0.7549992860860579,0.7855128311508233,0.15042315237340553
53.800000000000004,24.021212158038615,24.021252211717442,24.0,0.0,0.7553624316291607,0.7855128311508233,0.15042315237340553
53.900000000000006,24.021252211717442,24.021276558606274,24.0,0.0,0.7557135767759586,0.7855128311508233,0.15042315237340553
54.0,24.021276558606274,24.02128553933261,24.0,0.0,0.7560527502712562,0.7855128311508233,0.15042315237340553
54.1,24.02128553933261,24.021279497466633,24.0,0.0,0.7563799885396633,0.7855128311508233,0.15042315237340553
54.2,24.021279497466633,24.02125877921504,24.0,0.0,0.7566953354853999,0.7855128311508233,0.15042315237340553
54.300000000000004,24.02125877921504,24.021223733120003,24.0,0.0,0.7569988422914472,0.7855128311508233,0.15042315237340553
54.400000000000006,24.021223733120003,24.021174709763358,24.0,0.0,0.7572905672182191,0.7855128311508233,0.15042315237340553
54.5,24.021174709763358,24.0211120614761,24.0,0.0,0.7575705754018678,0.7855128311508233,0.15042315237340553
54.6,24.0211120614761,24.021036142053294,24.0,0.0,0.7578389386524103,0.7855128311508233,0.15042315237340553
54.7,24.021036142053294,24.02094730647444,24.0,0.0,0.7580957352518063,0.7855128311508233,0.15042315237340553
54.800000000000004,24.02094730647444,24.02084591062938,24.0,0.0,0.7583410497521155,0.7855128311508233,0.15042315237340553
54.900000000000006,24.02084591062938,24.020732311049816,24.0,0.0,0.7585749727738915,0.7855128311508233,0.15042315237340553
55.0,24.020732311049816,24.02060686464651,24.0,0.0,0.758797600804941,0.7855128311508233,0.15042315237340553
55.1,24.02060686464651,24.02046992845216,24.0,0.0,0.7590090359995884,0.7855128311508233,0.15042315237340553
55.2,24.02046992845216,24.020321859370096,24.0,0.0,0.759209385978542,0.7855128311508233,0.15042315237340553
55.300000000000004,24.020321859370096,24.020163013928745,24.0,0.0,0.7593987636295366,0.7855128311508233,0.15042315237340553
55.400000000000006,24.020163013928745,24.01999374804197,24.0,0.0,0.7595772869088363,0.7855128311508233,0.15042315237340553
55.5,24.01999374804197,24.01981441677529,24.0,0.0,0.7597450786437214,0.7855128311508233,0.15042315237340553
55.6,24.01981441677529,24.019625374118014,24.0,0.0,0.7599022663360964,0.7855128311508233,0.15042315237340553
55.7,24.019625374118014,24.01942697276129,24.0,0.0,0.7600489819673054,0.7855128311508233,0.15042315237340553
55.800000000000004,24.01942697276129,24.019219563882153,24.0,0.0,0.7601853618042642,0.7855128311508233,0.15042315237340553
55.900000000000006,24.019219563882153,24.019003496933497,24.0,0.0,0.7603115462070461,0.7855128311508233,0.15042315237340553
56.0,24.019003496933497,24.018779119440065,24.0,0.0,0.7604276794379744,0.7855128311508233,0.15042315237340553
56.1,24.018779119440065,24.018546776800406,24.0,0.0,0.7605339094723598,0.7855128311508233,0.15042315237340553
56.2,24.018546776800406,24.018306812094828,24.0,0.0,0.7606303878109523,0.7855128311508233,0.15042315237340553
56.300000000000004,24.018306812094828,24.018059565899332,24.0,0.0,0.7607172692942185,0.7855128311508233,0.15042315237340553
56.400000000000006,24.018059565899332,24.01780537610553,24.0,0.0,0.7607947119185104,0.7855128311508233,0.15042315237340553
56.5,24.01780537610553,24.01754457774654,24.0,0.0,0.7608628766542317,0.7855128311508233,0.15042315237340553
56.6,24.01754457774654,24.017277502828808,24.0,0.0,0.7609219272660711,0.7855128311508233,0.15042315237340553
56.7,24.017277502828808,24.017004480169895,24.0,0.0,0.760972030135378,0.7855128311508233,0.15042315237340553
56.800000000000004,24.017004480169895,24.016725835242156,24.0,0.0,0.7610133540847696,0.7855128311508233,0.15042315237340553
56.900000000000006,24.016725835242156,24.016441890022325,24.0,0.0,0.7610460702050155,0.7855128311508233,0.15042315237340553
57.0,24.016441890022325,24.016152962846935,24.0,0.0,0.7610703516843079,0.7855128311508233,0.15042315237340553
57.1,24.016152962846935,24.015859368273592,24.0,0.0,0.7610863736399315,0.7855128311508233,0.15042315237340553
57.2,24.015859368273592,24.01556141694801,24.0,0.0,0.7610943129524509,0.7855128311508233,0.15042315237340553
57.300000000000004,24.01556141694801,24.015259415476812,24.0,0.0,0.7610943481024198,0.7855128311508233,0.15042315237340553
57.400000000000006,24.015259415476812,24.014953666306038,24.0,0.0,0.7610866590097073,0.7855128311508233,0.15042315237340553
57.5,24.014953666306038,24.014644467605315,24.0,0.0,0.7610714268754798,0.7855128311508233,0.15042315237340553
57.6,24.014644467605315,24.014332113157632,24.0,0.0,0.7610488340268888,0.7855128311508233,0.15042315237340553
57.7,24.014332113157632,24.014016892254688,24.0,0.0,0.7610190637645012,0.7855128311508233,0.15042315237340553
57.800000000000004,24.014016892254688,24.013699089597747,24.0,0.0,0.7609823002125342,0.7855128311508233,0.15042315237340553
57.900000000000006,24.013699089597747,24.01337898520395,24.0,0.0,0.7609387281719273,0.7855128311508233,0.15042315237340553
58.0,24.01337898520395,24.013056854318002,24.0,0.0,0.7608885329762856,0.7855128311508233,0.15042315237340553
58.1,24.013056854318002,24.01273296732922,24.0,0.0,0.7608319003507228,0.7855128311508233,0.15042315237340553
58.2,24.01273296732922,24.012407589693833,24.0,0.0,0.7607690162736654,0.7855128311508233,0.15042315237340553
58.300000000000004,24.012407589693833,24.012080981862475,24.0,0.0,0.7607000668416088,0.7855128311508233,0.15042315237340553
58.400000000000006,24.012080981862475,24.01175339921284,24.0,0.0,0.7606252381368748,0.7855128311508233,0.15042315237340553
58.5,24.01175339921284,24.01142509198738,24.0,0.0,0.7605447160983935,0.7855128311508233,0.15042315237340553
58.6,24.01142509198738,24.011096305236013,24.0,0.0,0.7604586863955257,0.7855128311508233,0.15042315237340553
58.7,24.011096305236013,24.010767278763723,24.0,0.0,0.7603673343049439,0.7855128311508233,0.15042315237340553
58.800000000000004,24.010767278763723,24.010438247083044,24.0,0.0,0.760270844590584,0.7855128311508233,0.15042315237340553
58.900000000000006,24.010438247083044,24.01010943937127,24.0,0.0,0.7601694013867045,0.7855128311508233,0.15042315237340553
59.0,24.01010943937127,24.009781079432386,24.0,0.0,0.7600631880840197,0.7855128311508233,0.15042315237340553
59.1,24.009781079432386,24.00945338566358,24.0,0.0,0.7599523872189742,0.7855128311508233,0.15042315237340553
59.2,24.00945338566358,24.009126571026304,24.0,0.0,0.7598371803661003,0.7855128311508233,0.15042315237340553
59.300000000000004,24.009126571026304,24.00880084302176,24.0,0.0,0.7597177480335257,0.7855128311508233,0.15042315237340553
59.400000000000006,24.00880084302176,24.008476403670752,24.0,0.0,0.7595942695615789,0.7855128311508233,0.15042315237340553
59.5,24.008476403670752,24.008153449497822,24.0,0.0,0.7594669230245262,0.7855128311508233,0.15042315237340553
59.6,24.008153449497822,24.007832171519556,24.0,0.0,0.7593358851354342,0.7855128311508233,0.15042315237340553
59.7,24.007832171519556,24.007512755237,24.0,0.0,0.7592013311541302,0.7855128311508233,0.15042315237340553
59.800000000000004,24.007512755237,24.00719538063208,24.0,0.0,0.7590634347982785,0.7855128311508233,0.15042315237340553
59.900000000000006,24.00719538063208,24.006880222167975,24.0,0.0,0.7589223681575539,0.7855128311508233,0.15042315237340553
60.0,24.006880222167975,24.009895232738753,24.0,1.0,0.7587783016109076,0.7855128311508233,0.15042315237340553
60.1,24.009895232738753,24.012901717694895,24.0,1.0,0.7612954783105119,0.7855128311508233,0.15042315237340553
60.2,24.012901717694895,24.015899871835646,24.0,1.0,0.7638511825248931,0.7855128311508233,0.15042315237340553
60.300000000000004,24.015899871835646,24.018889884357684,24.0,1.0,0.7664454419566066,0.7855128311508233,0.15042315237340553
60.400000000000006,24.018889884357684,24.021871938874153,24.0,1.0,0.7690782827532736,0.7855128311508233,0.15042315237340553
60.5,24.021871938874153,24.02484621343705,24.0,1.0,0.771749729438548,0.7855128311508233,0.15042315237340553
60.6,24.02484621343705,24.027812880562923,24.0,1.0,0.7744598048460449,0.7855128311508233,0.15042315237340553
60.7,24.027812880562923,24.030772107261726,24.0,1.0,0.7772085300562565,0.7855128311508233,0.15042315237340553
60.800000000000004,24.030772107261726,24.03372405506881,24.0,1.0,0.7799959243363981,0.7855128311508233,0.15042315237340553
60.900000000000006,24.03372405506881,24.036668880079894,24.0,1.0,0.7828220050831765,0.7855128311508233,0.15042315237340553
61.0,24.036668880079894,24.03960673298897,24.0,1.0,0.7856867877684393,0.7855128311508233,0.15042315237340553
61.1,24.03960673298897,24.042537759129022,24.0,1.0,0.788590285887695,0.7855128311508233,0.15042315237340553
61.2,24.042537759129022,24.045462098515465,24.0,1.0,0.7915325109114518,0.7855128311508233,0.15042315237340553
61.300000000000004,24.045462098515465,24.04837988589224,24.0,1.0,0.794513472239363,0.7855128311508233,0.15042315237340553
61.400000000000006,24.04837988589224,24.051291250780434,24.0,1.0,0.7975331771571261,0.7855128311508233,0.15042315237340553
61.5,24.051291250780434,24.05419631752939,24.0,1.0,0.8005916307961223,0.7855128311508233,0.15042315237340553
61.6,24.05419631752939,24.057095205370125,24.0,1.0,0.8036888360957561,0.7855128311508233,0.15042315237340553
61.7,24.057095205370125,24.059988028471075,24.0,1.0,0.8068247937684395,0.7855128311508233,0.15042315237340553
61.800000000000004,24.059988028471075,24.062874895995986,24.0,1.0,0.8099995022672138,0.7855128311508233,0.15042315237340553
61.900000000000006,24.062874895995986,24.06575591216391,24.0,1.0,0.8132129577559505,0.7855128311508233,0.15042315237340553
62.0,24.06575591216391,24.068631176311214,24.0,1.0,0.8164651540820977,0.7855128311508233,0.15042315237340553
62.1,24.068631176311214,24.07142985923898,24.0,1.0,0.8197560827519348,0.7855128311508233,0.15042315237340553
62.2,24.07142985923898,24.074151190102995,24.0,1.0,0.823028954562048,0.7855128311508233,0.15042315237340553
62.300000000000004,24.074151190102995,24.076794399886754,24.0,1.0,0.826282000450293,0.7855128311508233,0.15042315237340553
62.400000000000006,24.076794399886754,24.079358721436755,24.0,1.0,0.8295134412224181,0.7855128311508233,0.15042315237340553
62.5,24.079358721436755,24.081843389499547,24.0,1.0,0.832721487607824,0.7855128311508233,0.15042315237340553
62.6,24.081843389499547,24.084247640760395,24.0,1.0,0.8359043403172421,0.7855128311508233,0.15042315237340553
62.7,24.084247640760395,24.086570713883496,24.0,1.0,0.8390601901022696,0.7855128311508233,0.15042315237340553
62.800000000000004,24.086570713883496,24.08881184955367,24.0,1.0,0.8421872178167242,0.7855128311508233,0.15042315237340553
62.900000000000006,24.08881184955367,24.090970290519444,24.0,1.0,0.8452835944797943,0.7855128311508233,0.15042315237340553
63.0,24.090970290519444,24.0930452816374,24.0,1.0,0.8483474813409156,0.7855128311508233,0.15042315237340553
63.1,24.0930452816374,24.095036069917814,24.0,1.0,0.8513770299463325,0.7855128311508233,0.15042315237340553
63.2,24.095036069917814,24.096941904571366,24.0,1.0,0.854370382207323,0.7855128311508233,0.15042315237340553
63.300000000000004,24.096941904571366,24.09876203705696,24.0,1.0,0.8573256704700108,0.7855128311508233,0.15042315237340553
63.400000000000006,24.09876203705696,24.100495721130528,24.0,1.0,0.8602410175867324,0.7855128311508233,0.15042315237340553
63.5,24.100495721130528,24.102142212894726,24.0,1.0,0.8631145369889307,0.7855128311508233,0.15042315237340553
63.6,24.102142212894726,24.10370077084949,24.0,1.0,0.8659443327614946,0.7855128311508233,0.15042315237340553
63.7,24.10370077084949,24.10517065594334,24.0,1.0,0.8687284997185261,0.7855128311508233,0.15042315237340553
63.800000000000004,24.10517065594334,24.10655113162538,24.0,1.0,0.8714651234804808,0.7855128311508233,0.15042315237340553
63.900000000000006,24.10655113162538,24.10784146389793,24.0,1.0,0.8741522805526196,0.7855128311508233,0.15042315237340553
64.0,24.10784146389793,24.109040921369687,24.0,1.0,0.8767880384047646,0.7855128311508233,0.15042315237340553
64.10000000000001,24.109040921369687,24.11014877530938,24.0,1.0,0.8793704555522617,0.7855128311508233,0.15042315237340553
64.2,24.11014877530938,24.111165811268396,24.0,1.0,0.8818975816381426,0.7855128311508233,0.15042315237340553
64.3,24.111165811268396,24.11209285928043,24.0,1.0,0.8843686676104056,0.7855128311508233,0.15042315237340553
64.4,24.11209285928043,24.112930793983196,24.0,1.0,0.8867830118441025,0.7855128311508233,0.15042315237340553
64.5,24.112930793983196,24.113680534738247,24.0,1.0,0.8891399609078897,0.7855128311508233,0.15042315237340553
64.60000000000001,24.113680534738247,24.11434304574887,24.0,1.0,0.8914389103309012,0.7855128311508233,0.15042315237340553
64.7,24.11434304574887,24.114919336176,24.0,1.0,0.8936793053698773,0.7855128311508233,0.15042315237340553
64.8,24.114919336176,24.115410460252097,24.0,1.0,0.8958606417764826,0.7855128311508233,0.15042315237340553
64.9,24.115410460252097,24.11581751739299,24.0,1.0,0.8979824665647412,0.7855128311508233,0.15042315237340553
65.0,24.11581751739299,24.116141652307608,24.0,1.0,0.9000443787785564,0.7855128311508233,0.15042315237340553
65.10000000000001,24.116141652307608,24.11638405510557,24.0,1.0,0.9020460302592089,0.7855128311508233,0.15042315237340553
65.2,24.11638405510557,24.116545961402615,24.0,1.0,0.903987126412813,0.7855128311508233,0.15042315237340553
65.3,24.116545961402615,24.116628652423806,24.0,1.0,0.9058674269776429,0.7855128311508233,0.15042315237340553
65.4,24.116628652423806,24.1166334551045,24.0,1.0,0.9076867467912748,0.7855128311508233,0.15042315237340553
65.5,24.1166334551045,24.116561742189038,24.0,1.0,0.9094449565574846,0.7855128311508233,0.15042315237340553
65.60000000000001,24.116561742189038,24.11641493232714,24.0,1.0,0.9111419836128525,0.7855128311508233,0.15042315237340553
65.7,24.11641493232714,24.11619449016793,24.0,1.0,0.9127778126929895,0.7855128311508233,0.15042315237340553
65.8,24.11619449016793,24.115901926451645,24.0,1.0,0.9143524866983535,0.7855128311508233,0.15042315237340553
65.9,24.115901926451645,24.11553879809889,24.0,1.0,0.9158661074595823,0.7855128311508233,0.15042315237340553
66.0,24.11553879809889,24.115106708297517,24.0,1.0,0.9173188365022846,0.7855128311508233,0.15042315237340553
66.10000000000001,24.115106708297517,24.114607306587057,24.0,1.0,0.9187108958112417,0.7855128311508233,0.15042315237340553
66.2,24.114607306587057,24.11404228894066,24.0,1.0,0.9200425685939617,0.7855128311508233,0.15042315237340553
66.3,24.11404228894066,24.113413365629103,24.0,1.0,0.9213142000435226,0.7855128311508233,0.15042315237340553
66.4,24.113413365629103,24.11272225991061,24.0,1.0,0.9225261723104063,0.7855128311508233,0.15042315237340553
66.5,24.11272225991061,24.11197070670459,24.0,1.0,0.9236789036686875,0.7855128311508233,0.15042315237340553
66.60000000000001,24.11197070670459,24.11116045124941,24.0,1.0,0.9247728476496654,0.7855128311508233,0.15042315237340553
66.7,24.11116045124941,24.110293247744192,24.0,1.0,0.9258084921427315,0.7855128311508233,0.15042315237340553
66.8,24.110293247744192,24.109370857974685,24.0,1.0,0.926786358463281,0.7855128311508233,0.15042315237340553
66.9,24.109370857974685,24.10839504992332,24.0,1.0,0.927707000387445,0.7855128311508233,0.15042315237340553
67.0,24.10839504992332,24.107367596363428,24.0,1.0,0.9285710031534715,0.7855128311508233,0.15042315237340553
67.10000000000001,24.107367596363428,24.1062902734377,24.0,1.0,0.9293789824295386,0.7855128311508233,0.15042315237340553
67.2,24.1062902734377,24.105164859220977,24.0,1.0,0.9301315832477998,0.7855128311508233,0.15042315237340553
67.3,24.105164859220977,24.10399313226736,24.0,1.0,0.9308294789044966,0.7855128311508233,0.15042315237340553
67.4,24.10399313226736,24.102776870141746,24.0,1.0,0.9314733698259081,0.7855128311508233,0.15042315237340553
67.5,24.102776870141746,24.101517847935845,24.0,1.0,0.9320639823999757,0.7855128311508233,0.15042315237340553
67.60000000000001,24.101517847935845,24.10021783676871,24.0,1.0,0.9326020677734046,0.7855128311508233,0.15042315237340553
67.7,24.10021783676871,24.09887860227186,24.0,1.0,0.9330884006140597,0.7855128311508233,0.15042315237340553
67.8,24.09887860227186,24.097501903059072,24.0,1.0,0.9335237778384651,0.7855128311508233,0.15042315237340553
67.9,24.097501903059072,24.096089489180873,24.0,1.0,0.9339090173042403,0.7855128311508233,0.15042315237340553
68.0,24.096089489180873,24.094643100563818,24.0,1.0,0.9342449564672728,0.7855128311508233,0.15042315237340553
68.10000000000001,24.094643100563818,24.093164465434626,24.0,1.0,0.9345324510034662,0.7855128311508233,0.15042315237340553
68.2,24.093164465434626,24.091655298729222,24.0,1.0,0.9347723733948811,0.7855128311508233,0.15042315237340553
68.3,24.091655298729222,24.090117300486774,24.0,1.0,0.9349656114800985,0.7855128311508233,0.15042315237340553
68.4,24.090117300486774,24.08855215491537,24.0,1.0,0.9351130669686286,0.7855128311508233,0.15042315237340553
68.5,24.08855215491537,24.08696152948301,24.0,1.0,0.9352156544688538,0.7855128311508233,0.15042315237340553
68.60000000000001,24.08696152948301,24.085347074034686,24.0,1.0,0.9352743005221846,0.7855128311508233,0.15042315237340553
68.7,24.085347074034686,24.08371041993635,24.0,1.0,0.9352899426444203,0.7855128311508233,0.15042315237340553
68.8,24.08371041993635,24.082053179246504,24.0,1.0,0.9352635283753532,0.7855128311508233,0.15042315237340553
68.9,24.082053179246504,24.080376943916303,24.0,1.0,0.9351960143376268,0.7855128311508233,0.15042315237340553
69.0,24.080376943916303,24.078683285018855,24.0,1.0,0.9350883653059283,0.7855128311508233,0.15042315237340553
69.10000000000001,24.078683285018855,24.076973752008588,24.0,1.0,0.9349415532875532,0.7855128311508233,0.15042315237340553
69.2,24.076973752008588,24.075249872011465,24.0,1.0,0.9347565566154267,0.7855128311508233,0.15042315237340553
69.3,24.075249872011465,24.073513149146823,24.0,1.0,0.9345343590546887,0.7855128311508233,0.15042315237340553
69.4,24.073513149146823,24.07176506388168,24.0,1.0,0.9342759489239156,0.7855128311508233,0.15042315237340553
69.5,24.07176506388168,24.070007072418285,24.0,1.0,0.9339823182321372,0.7855128311508233,0.15042315237340553
69.60000000000001,24.070007072418285,24.068240606115722,24.0,1.0,0.9336544618327449,0.7855128311508233,0.15042315237340553
69.7,24.068240606115722,24.066467070946405,24.0,1.0,0.9332933765954663,0.7855128311508233,0.15042315237340553
69.8,24.066467070946405,24.06468784698825,24.0,1.0,0.9329000605975492,0.7855128311508233,0.15042315237340553
69.9,24.06468784698825,24.062904287953344,24.0,1.0,0.9324755123353488,0.7855128311508233,0.15042315237340553
70.0,24.062904287953344,24.061117720753934,24.0,1.0,0.9320207299574903,0.7855128311508233,0.15042315237340553
70.10000000000001,24.061117720753934,24.059329445106552,24.0,1.0,0.9315367105208089,0.7855128311508233,0.15042315237340553
70.2,24.059329445106552,24.057540733175102,24.0,1.0,0.9310244492703054,0.7855128311508233,0.15042315237340553
70.3,24.057540733175102,24.055752829253716,24.0,1.0,0.9304849389443263,0.7855128311508233,0.15042315237340553
70.4,24.055752829253716,24.05396694949024,24.0,1.0,0.9299191691062207,0.7855128311508233,0.15042315237340553
70.5,24.05396694949024,24.052184281636475,24.0,1.0,0.929328125503746,0.7855128311508233,0.15042315237340553
70.60000000000001,24.052184281636475,24.05040598482502,24.0,1.0,0.9287127894457444,0.7855128311508233,0.15042315237340553
70.7,24.05040598482502,24.048633189372318,24.0,1.0,0.9280741371963382,0.7855128311508233,0.15042315237340553
70.8,24.048633189372318,24.046866996607704,24.0,1.0,0.9274131393867708,0.7855128311508233,0.15042315237340553
70.9,24.046866996607704,24.045108478728064,24.0,1.0,0.9267307604450818,0.7855128311508233,0.15042315237340553
71.0,24.045108478728064,24.04335867867775,24.0,1.0,0.9260279580437207,0.7855128311508233,0.15042315237340553
71.10000000000001,24.04335867867775,24.04161861005337,24.0,1.0,0.9253056825651944,0.7855128311508233,0.15042315237340553
71.2,24.04161861005337,24.039889257033067,24.0,1.0,0.9245648765858245,0.7855128311508233,0.15042315237340553
71.3,24.039889257033067,24.038171574329784,24.0,1.0,0.9238064743776626,0.7855128311508233,0.15042315237340553
71.4,24.038171574329784,24.0364664871681,24.0,1.0,0.9230314014285618,0.7855128311508233,0.15042315237340553
71.5,24.0364664871681,24.034774891284112,24.0,1.0,0.9222405739804084,0.7855128311508233,0.15042315237340553
71.60000000000001,24.034774891284112,24.033097652947852,24.0,1.0,0.9214348985854548,0.7855128311508233,0.15042315237340553
71.7,24.033097652947852,24.031435609007644,24.0,1.0,0.9206152716806821,0.7855128311508233,0.15042315237340553
71.8,24.031435609007644,24.029789566955884,24.0,1.0,0.9197825791800834,0.7855128311508233,0.15042315237340553
71.9,24.029789566955884,24.028160305015565,24.0,1.0,0.9189376960847462,0.7855128311508233,0.15042315237340553
72.0,24.028160305015565,24.026548572246938,24.0,1.0,0.9180814861105433,0.7855128311508233,0.15042315237340553
72.10000000000001,24.026548572246938,24.02495508867363,24.0,1.0,0.9172148013332405,0.7855128311508233,0.15042315237340553
72.2,24.02495508867363,24.023380545427496,24.0,1.0,0.9163384818507827,0.7855128311508233,0.15042315237340553
72.3,24.023380545427496,24.02182560491151,24.0,1.0,0.9154533554624853,0.7855128311508233,0.15042315237340553
72.4,24.02182560491151,24.02029090097988,24.0,1.0,0.9145602373648255,0.7855128311508233,0.15042315237340553
72.5,24.02029090097988,24.018777039134648,24.0,1.0,0.9136599298635024,0.7855128311508233,0.15042315237340553
72.60000000000001,24.018777039134648,24.017284596738197,24.0,1.0,0.9127532221013697,0.7855128311508233,0.15042315237340553
72.7,24.017284596738197,24.01581412324121,24.0,1.0,0.9118408898020904,0.7855128311508233,0.15042315237340553
72.8,24.01581412324121,24.01436614042551,24.0,1.0,0.9109236950293365,0.7855128311508233,0.15042315237340553
72.9,24.01436614042551,24.01294114266127,24.0,1.0,0.9100023859613414,0.7855128311508233,0.15042315237340553
73.0,24.01294114266127,24.011539597178096,24.0,1.0,0.9090776966806124,0.7855128311508233,0.15042315237340553
73.10000000000001,24.011539597178096,24.010161944349417,24.0,1.0,0.9081503469786035,0.7855128311508233,0.15042315237340553
73.2,24.010161944349417,24.00880859798966,24.0,1.0,0.9072210421751327,0.7855128311508233,0.15042315237340553
73.3,24.00880859798966,24.007479945663732,24.0,1.0,0.9062904729523119,0.7855128311508233,0.15042315237340553
73.4,24.007479945663732,24.006176349008218,24.0,1.0,0.9053593152027896,0.7855128311508233,0.15042315237340553
73.5,24.006176349008218,24.00489814406381,24.0,1.0,0.9044282298920352,0.7855128311508233,0.15042315237340553
73.60000000000001,24.00489814406381,24.00364564161845,24.0,1.0,0.9034978629344471,0.7855128311508233,0.15042315237340553
73.7,24.00364564161845,24.002419127560664,24.0,1.0,0.9025688450830381,0.7855128311508233,0.15042315237340553
73.8,24.002419127560664,24.001218863242546,24.0,1.0,0.9016417918324262,0.7855128311508233,0.15042315237340553
73.9,24.001218863242546,24.00004508585196,24.0,1.0,0.9007173033348973,0.7855128311508233,0.15042315237340553
74.0,24.00004508585196,23.998898008793375,24.0,1.0,0.8997959643292743,0.7855128311508233,0.15042315237340553
74.10000000000001,23.998898008793375,23.997777822076916,24.0,1.0,0.8988783440823198,0.7855128311508233,0.15042315237340553
74.2,23.997777822076916,23.996684692715064,24.0,1.0,0.8979649963424237,0.7855128311508233,0.15042315237340553
74.3,23.996684692715064,23.995618765126633,24.0,1.0,0.8970564593052927,0.7855128311508233,0.15042315237340553
74.4,23.995618765126633,23.99458016154745,24.0,1.0,0.896153255591408,0.7855128311508233,0.15042315237340553
74.5,23.99458016154745,23.993568982447375,24.0,1.0,0.8952558922349423,0.7855128311508233,0.15042315237340553
74.60000000000001,23.993568982447375,23.99258530695315,24.0,1.0,0.8943648606839181,0.7855128311508233,0.15042315237340553
74.7,23.99258530695315,23.99162919327667,24.0,1.0,0.8934806368113164,0.7855128311508233,0.15042315237340553
74.8,23.99162919327667,23.990700679148247,24.0,1.0,0.8926036809368793,0.7855128311508233,0.15042315237340553
74.9,23.990700679148247,23.989799782254437,24.0,1.0,0.891734437859354,0.7855128311508233,0.15042315237340553
75.0,23.989799782254437,23.98892650067999,24.0,1.0,0.8908733368989037,0.7855128311508233,0.15042315237340553
75.10000000000001,23.98892650067999,23.988080813353548,24.0,1.0,0.8900207919494167,0.7855128311508233,0.15042315237340553
75.2,23.988080813353548,23.98726268049666,24.0,1.0,0.8891772015404457,0.7855128311508233,0.15042315237340553
75.3,23.98726268049666,23.986472044075715,24.0,1.0,0.8883429489085254,0.7855128311508233,0.15042315237340553
75.4,23.986472044075715,23.985708828256435,24.0,1.0,0.8875184020775682,0.7855128311508233,0.15042315237340553
75.5,23.985708828256435,23.984972939860498,24.0,1.0,0.8867039139481089,0.7855128311508233,0.15042315237340553
75.60000000000001,23.984972939860498,23.98426426882395,24.0,1.0,0.8858998223950965,0.7855128311508233,0.15042315237340553
75.7,23.98426426882395,23.983582688657027,24.0,1.0,0.8851064503739826,0.7855128311508233,0.15042315237340553
75.8,23.983582688657027,23.98292805690503,24.0,1.0,0.8843241060348362,0.7855128311508233,0.15042315237340553
75.9,23.98292805690503,23.98230021560991,24.0,1.0,0.8835530828442165,0.7855128311508233,0.15042315237340553
76.0,23.98230021560991,23.98169899177218,24.0,1.0,0.8827936597145445,0.7855128311508233,0.15042315237340553
76.10000000000001,23.98169899177218,23.981124197812893,24.0,1.0,0.8820461011406896,0.7855128311508233,0.15042315237340553
76.2,23.981124197812893,23.98057563203528,24.0,1.0,0.8813106573435449,0.7855128311508233,0.15042315237340553
76.3,23.98057563203528,23.98005307908578,24.0,1.0,0.8805875644202878,0.7855128311508233,0.15042315237340553
76.4,23.98005307908578,23.979556310414146,24.0,1.0,0.8798770445010955,0.7855128311508233,0.15042315237340553
76.5,23.979556310414146,23.97908508473229,24.0,1.0,0.8791793059120478,0.7855128311508233,0.15042315237340553
76.60000000000001,23.97908508473229,23.978639148471615,24.0,1.0,0.8784945433439627,0.7855128311508233,0.15042315237340553
76.7,23.978639148471615,23.97821823623853,24.0,1.0,0.8778229380268989,0.7855128311508233,0.15042315237340553
76.80000000000001,23.97821823623853,23.977822071267855,24.0,1.0,0.8771646579100966,0.7855128311508233,0.15042315237340553
76.9,23.977822071267855,23.977450365873874,24.0,1.0,0.8765198578470795,0.7855128311508233,0.15042315237340553
77.0,23.977450365873874,23.97710282189875,24.0,1.0,0.8758886797856877,0.7855128311508233,0.15042315237340553
77.10000000000001,23.97710282189875,23.97677913115805,24.0,1.0,0.875271252962794,0.7855128311508233,0.15042315237340553
77.2,23.97677913115805,23.976478975883158,24.0,1.0,0.8746676941034439,0.7855128311508233,0.15042315237340553
77.30000000000001,23.976478975883158,23.97620202916029,24.0,1.0,0.8740781076242075,0.7855128311508233,0.15042315237340553
77.4,23.97620202916029,23.975947955365932,24.0,1.0,0.8735025858404706,0.7855128311508233,0.15042315237340553
77.5,23.975947955365932,23.975716410598434,24.0,1.0,0.8729412091774541,0.7855128311508233,0.15042315237340553
77.60000000000001,23.975716410598434,23.975507043105583,24.0,1.0,0.872394046384726,0.7855128311508233,0.15042315237340553
77.7,23.975507043105583,23.97531949370791,24.0,1.0,0.8718611547539658,0.7855128311508233,0.15042315237340553
77.80000000000001,23.97531949370791,23.975153396217568,24.0,1.0,0.8713425803397565,0.7855128311508233,0.15042315237340553
77.9,23.975153396217568,23.975008377852546,24.0,1.0,0.8708383581831975,0.7855128311508233,0.15042315237340553
78.0,23.975008377852546,23.974884059646104,24.0,1.0,0.8703485125380862,0.7855128311508233,0.15042315237340553
78.10000000000001,23.974884059646104,23.974780056851156,24.0,1.0,0.8698730570994948,0.7855128311508233,0.15042315237340553
78.2,23.974780056851156,23.974695979339526,24.0,1.0,0.8694119952344744,0.7855128311508233,0.15042315237340553
78.30000000000001,23.974695979339526,23.97463143199586,24.0,1.0,0.8689653202147306,0.7855128311508233,0.15042315237340553
78.4,23.97463143199586,23.97458601510605,24.0,1.0,0.8685330154510263,0.7855128311508233,0.15042315237340553
78.5,23.97458601510605,23.97455932474003,24.0,1.0,0.8681150547291165,0.7855128311508233,0.15042315237340553
78.60000000000001,23.97455932474003,23.97455095312883,24.0,1.0,0.8677114024470309,0.7855128311508233,0.15042315237340553
78.7,23.97455095312883,23.974560489035674,24.0,1.0,0.8673220138534886,0.7855128311508233,0.15042315237340553
78.80000000000001,23.974560489035674,23.974587518121115,24.0,1.0,0.8669468352872627,0.7855128311508233,0.15042315237340553
78.9,23.974587518121115,23.974631623301985,24.0,1.0,0.8665858044173054,0.7855128311508233,0.15042315237340553
79.0,23.974631623301985,23.974692385104095,24.0,1.0,0.8662388504834474,0.7855128311508233,0.15042315237340553
79.10000000000001,23.974692385104095,23.974769382008606,24.0,1.0,0.8659058945374798,0.7855128311508233,0.15042315237340553
79.2,23.974769382008606,23.974862190791914,24.0,1.0,0.8655868496844725,0.7855128311508233,0.15042315237340553
79.30000000000001,23.974862190791914,23.974970386859003,24.0,1.0,0.8652816213241199,0.7855128311508233,0.15042315237340553
79.4,23.974970386859003,23.97509354457017,24.0,1.0,0.8649901073919626,0.7855128311508233,0.15042315237340553
79.5,23.97509354457017,23.97523123756106,24.0,1.0,0.8647121986003208,0.7855128311508233,0.15042315237340553
79.60000000000001,23.97523123756106,23.975383039055885,24.0,1.0,0.8644477786787791,0.7855128311508233,0.15042315237340553
79.7,23.975383039055885,23.97554852217384,24.0,1.0,0.8641967246140438,0.7855128311508233,0.15042315237340553
79.80000000000001,23.97554852217384,23.97572726022861,24.0,1.0,0.8639589068890553,0.7855128311508233,0.15042315237340553
79.9,23.97572726022861,23.97591882702093,24.0,1.0,0.8637341897211778,0.7855128311508233,0.15042315237340553
80.0,23.97591882702093,23.976122797124145,24.0,1.0,0.863522431299332,0.7855128311508233,0.15042315237340553
80.10000000000001,23.976122797124145,23.976338746162728,24.0,1.0,0.8633234840199336,0.7855128311508233,0.15042315237340553
80.2,23.976338746162728,23.976566251083746,24.0,1.0,0.8631371947214848,0.7855128311508233,0.15042315237340553
80.30000000000001,23.976566251083746,23.976804890421217,24.0,1.0,0.8629634049177031,0.7855128311508233,0.15042315237340553
80.4,23.976804890421217,23.977054244553347,24.0,1.0,0.8628019510290554,0.7855128311508233,0.15042315237340553
80.5,23.977054244553347,23.977313895952644,24.0,1.0,0.8626526646125565,0.7855128311508233,0.15042315237340553
80.60000000000001,23.977313895952644,23.977583429428854,24.0,1.0,0.8625153725897431,0.7855128311508233,0.15042315237340553
80.7,23.977583429428854,23.97786243236477,24.0,1.0,0.8623898974726596,0.7855128311508233,0.15042315237340553
80.80000000000001,23.97786243236477,23.97815049494487,24.0,1.0,0.8622760575877929,0.7855128311508233,0.15042315237340553
80.9,23.97815049494487,23.978447210376803,24.0,1.0,0.8621736672978172,0.7855128311508233,0.15042315237340553
81.0,23.978447210376803,23.978752175105733,24.0,1.0,0.8620825372210448,0.7855128311508233,0.15042315237340553
81.10000000000001,23.978752175105733,23.979064989021545,24.0,1.0,0.8620024744484999,0.7855128311508233,0.15042315237340553
81.2,23.979064989021545,23.979385255658947,24.0,1.0,0.8619332827584978,0.7855128311508233,0.15042315237340553
81.30000000000001,23.979385255658947,23.979712582390473,24.0,1.0,0.8618747628286514,0.7855128311508233,0.15042315237340553
81.4,23.979712582390473,23.980046580612424,24.0,1.0,0.8618267124452095,0.7855128311508233,0.15042315237340553
81.5,23.980046580612424,23.980386865923776,24.0,1.0,0.8617889267096426,0.7855128311508233,0.15042315237340553
81.60000000000001,23.980386865923776,23.980733058298092,24.0,1.0,0.8617611982423956,0.7855128311508233,0.15042315237340553
81.7,23.980733058298092,23.98108478224847,24.0,1.0,0.8617433173837278,0.7855128311508233,0.15042315237340553
81.80000000000001,23.98108478224847,23.98144166698559,24.0,1.0,0.8617350723915705,0.7855128311508233,0.15042315237340553
81.9,23.98144166698559,23.981803346568878,24.0,1.0,0.8617362496363372,0.7855128311508233,0.15042315237340553
82.0,23.981803346568878,23.98216946005087,24.0,1.0,0.8617466337926004,0.7855128311508233,0.15042315237340553
82.10000000000001,23.98216946005087,23.982539651614793,24.0,1.0,0.8617660080275953,0.7855128311508233,0.15042315237340553
82.2,23.982539651614793,23.982913570705467,24.0,1.0,0.8617941541864772,0.7855128311508233,0.15042315237340553
82.30000000000001,23.982913570705467,23.983290872153542,24.0,1.0,0.8618308529742846,0.7855128311508233,0.15042315237340553
82.4,23.983290872153542,23.983671216293185,24.0,1.0,0.8618758841345525,0.7855128311508233,0.15042315237340553
82.5,23.983671216293185,23.984054269073226,24.0,1.0,0.8619290266245347,0.7855128311508233,0.15042315237340553
82.60000000000001,23.984054269073226,23.984439702161893,24.0,1.0,0.8619900587869745,0.7855128311508233,0.15042315237340553
82.7,23.984439702161893,23.984827193045156,24.0,1.0,0.8620587585184047,0.7855128311508233,0.15042315237340553
82.80000000000001,23.984827193045156,23.985216425118807,24.0,1.0,0.8621349034339115,0.7855128311508233,0.15042315237340553
82.9,23.985216425118807,23.98560708777432,24.0,1.0,0.8622182710283622,0.7855128311508233,0.15042315237340553
83.0,23.98560708777432,23.98599887647857,24.0,1.0,0.8623086388340364,0.7855128311508233,0.15042315237340553
83.10000000000001,23.98599887647857,23.98639149284753,24.0,1.0,0.8624057845746377,0.7855128311508233,0.15042315237340553
83.2,23.98639149284753,23.986784644714007,24.0,1.0,0.8625094863156806,0.7855128311508233,0.15042315237340553
83.30000000000001,23.986784644714007,23.987178046189477,24.0,1.0,0.8626195226112028,0.7855128311508233,0.15042315237340553
83.4,23.987178046189477,23.98757141772019,24.0,1.0,0.862735672646802,0.7855128311508233,0.15042315237340553
83.5,23.98757141772019,23.98796448613755,24.0,1.0,0.8628577163789802,0.7855128311508233,0.15042315237340553
83.60000000000001,23.98796448613755,23.98835698470293,24.0,1.0,0.8629854346707739,0.7855128311508233,0.15042315237340553
83.7,23.98835698470293,23.988748653146956,24.0,1.0,0.8631186094236756,0.7855128311508233,0.15042315237340553
83.80000000000001,23.988748653146956,23.989139237703444,24.0,1.0,0.863257023705808,0.7855128311508233,0.15042315237340553
83.9,23.989139237703444,23.989528491137985,24.0,1.0,0.8634004618763962,0.7855128311508233,0.15042315237340553
84.0,23.989528491137985,23.98991617277137,24.0,1.0,0.8635487097064847,0.7855128311508233,0.15042315237340553
84.10000000000001,23.98991617277137,23.99030204849789,24.0,1.0,0.8637015544959377,0.7855128311508233,0.15042315237340553
84.2,23.99030204849789,23.99068589079868,24.0,1.0,0.8638587851866991,0.7855128311508233,0.15042315237340553
84.30000000000001,23.99068589079868,23.99106747875013,24.0,1.0,0.8640201924723456,0.7855128311508233,0.15042315237340553
84.4,23.99106747875013,23.99144659802754,24.0,1.0,0.8641855689039161,0.7855128311508233,0.15042315237340553
84.5,23.99144659802754,23.99182304090411,24.0,1.0,0.8643547089920381,0.7855128311508233,0.15042315237340553
84.60000000000001,23.99182304090411,23.99219660624531,24.0,1.0,0.8645274093053747,0.7855128311508233,0.15042315237340553
84.7,23.99219660624531,23.992567099498864,24.0,1.0,0.8647034685653837,0.7855128311508233,0.15042315237340553
84.80000000000001,23.992567099498864,23.992934332680296,24.0,1.0,0.8648826877374377,0.7855128311508233,0.15042315237340553
84.9,23.992934332680296,23.993298124354304,24.0,1.0,0.8650648701182918,0.7855128311508233,0.15042315237340553
85.0,23.993298124354304,23.99365829961196,24.0,1.0,0.8652498214199471,0.7855128311508233,0.15042315237340553
85.10000000000001,23.99365829961196,23.994014690043883,24.0,1.0,0.8654373498499199,0.7855128311508233,0.15042315237340553
85.2,23.994014690043883,23.994367133709538,24.0,1.0,0.8656272661879433,0.7855128311508233,0.15042315237340553
85.30000000000001,23.994367133709538,23.99471547510268,24.0,1.0,0.865819383859142,0.7855128311508233,0.15042315237340553
85.4,23.99471547510268,23.995059565113138,24.0,1.0,0.866013519003691,0.7855128311508233,0.15042315237340553
85.5,23.995059565113138,23.995399260985003,24.0,1.0,0.8662094905429987,0.7855128311508233,0.15042315237340553
85.60000000000001,23.995399260985003,23.99573442627135,24.0,1.0,0.8664071202424496,0.7855128311508233,0.15042315237340553
85.7,23.99573442627135,23.996064930785604,24.0,1.0,0.8666062327707378,0.7855128311508233,0.15042315237340553
85.80000000000001,23.996064930785604,23.996390650549632,24.0,1.0,0.8668066557558327,0.7855128311508233,0.15042315237340553
85.9,23.996390650549632,23.996711467738727,24.0,1.0,0.867008219837602,0.7855128311508233,0.15042315237340553
86.0,23.996711467738727,23.99702727062354,24.0,1.0,0.8672107587171479,0.7855128311508233,0.15042315237340553
86.10000000000001,23.99702727062354,23.997337953509092,24.0,1.0,0.8674141092028872,0.7855128311508233,0.15042315237340553
86.2,23.997337953509092,23.99764341667098,24.0,1.0,0.8676181112534141,0.7855128311508233,0.15042315237340553
86.30000000000001,23.99764341667098,23.997943566288868,24.0,1.0,0.8678226080172017,0.7855128311508233,0.15042315237340553
86.4,23.997943566288868,23.998238314377403,24.0,1.0,0.868027445869171,0.7855128311508233,0.15042315237340553
86.5,23.998238314377403,23.998527578714626,24.0,1.0,0.8682324744441885,0.7855128311508233,0.15042315237340553
86.60000000000001,23.998527578714626,23.99881128276799,24.0,1.0,0.8684375466675346,0.7855128311508233,0.15042315237340553
86.7,23.99881128276799,23.999089355618125,24.0,1.0,0.8686425187823685,0.7855128311508233,0.15042315237340553
86.80000000000001,23.999089355618125,23.99936173188043,24.0,1.0,0.868847250374284,0.7855128311508233,0.15042315237340553
86.9,23.99936173188043,23.999628351624565,24.0,1.0,0.8690516043929655,0.7855128311508233,0.15042315237340553
87.0,23.999628351624565,23.999889160292017,24.0,1.0,0.8692554471710009,0.7855128311508233,0.15042315237340553
87.10000000000001,23.999889160292017,24.000144108611785,24.0,1.0,0.8694586484399316,0.7855128311508233,0.15042315237340553
87.2,24.000144108611785,24.0003931525143,24.0,1.0,0.8696610813435562,0.7855128311508233,0.15042315237340553
87.30000000000001,24.0003931525143,24.000636253043698,24.0,1.0,0.8698626224485572,0.7855128311508233,0.15042315237340553
87.4,24.000636253043698,24.000873376268522,24.0,1.0,0.8700631517525138,0.7855128311508233,0.15042315237340553
87.5,24.000873376268522,24.001104493190947,24.0,1.0,0.8702625526893292,0.7855128311508233,0.15042315237340553
87.60000000000001,24.001104493190947,24.00132957965466,24.0,1.0,0.8704607121321458,0.7855128311508233,0.15042315237340553
87.7,24.00132957965466,24.00154861625145,24.0,1.0,0.8706575203938078,0.7855128311508233,0.15042315237340553
87.80000000000001,24.00154861625145,24.001761588226636,24.0,1.0,0.8708528712249162,0.7855128311508233,0.15042315237340553
87.9,24.001761588226636,24.00196848538338,24.0,1.0,0.8710466618095223,0.7855128311508233,0.15042315237340553
88.0,24.00196848538338,24.002169301986033,24.0,1.0,0.8712387927585502,0.7855128311508233,0.15042315237340553
88.10000000000001,24.002169301986033,24.002364036662566,24.0,1.0,0.8714291681009615,0.7855128311508233,0.15042315237340553
88.2,24.002364036662566,24.00255269230618,24.0,1.0,0.8716176952727595,0.7855128311508233,0.15042315237340553
88.30000000000001,24.00255269230618,24.00273527597619,24.0,1.0,0.8718042851038592,0.7855128311508233,0.15042315237340553
88.4,24.00273527597619,24.002911798798273,24.0,1.0,0.8719888518029061,0.7855128311508233,0.15042315237340553
88.5,24.002911798798273,24.00308227586414,24.0,1.0,0.8721713129400754,0.7855128311508233,0.15042315237340553
88.60000000000001,24.00308227586414,24.003246726130747,24.0,1.0,0.8723515894279289,0.7855128311508233,0.15042315237340553
88.7,24.003246726130747,24.00340517231909,24.0,1.0,0.8725296055003822,0.7855128311508233,0.15042315237340553
88.80000000000001,24.00340517231909,24.003557640812716,24.0,1.0,0.8727052886898344,0.7855128311508233,0.15042315237340553
88.9,24.003557640812716,24.003704161555955,24.0,1.0,0.8728785698025286,0.7855128311508233,0.15042315237340553
89.0,24.003704161555955,24.003844767952025,24.0,1.0,0.8730493828921878,0.7855128311508233,0.15042315237340553
89.10000000000001,24.003844767952025,24.003979496761023,24.0,1.0,0.873217665231991,0.7855128311508233,0.15042315237340553
89.2,24.003979496761023,24.00410838799792,24.0,1.0,0.87338335728495,0.7855128311508233,0.15042315237340553
89.30000000000001,24.00410838799792,24.0042314848306,24.0,1.0,0.8735464026727381,0.7855128311508233,0.15042315237340553
89.4,24.0042314848306,24.00434883347803,24.0,1.0,0.873706748143027,0.7855128311508233,0.15042315237340553
89.5,24.00434883347803,24.004460483108623,24.0,1.0,0.8738643435353914,0.7855128311508233,0.15042315237340553
89.60000000000001,24.004460483108623,24.00456648573887,24.0,1.0,0.8740191417458466,0.7855128311508233,0.15042315237340553
89.7,24.00456648573887,24.004666896132278,24.0,1.0,0.8741710986900522,0.7855128311508233,0.15042315237340553
89.80000000000001,24.004666896132278,24.004761771698714,24.0,1.0,0.8743201732652566,0.7855128311508233,0.15042315237340553
89.9,24.004761771698714,24.004851172394194,24.0,1.0,0.8744663273110351,0.7855128311508233,0.15042315237340553
90.0,24.004851172394194,24.004935160621173,24.0,1.0,0.8746095255688721,0.7855128311508233,0.15042315237340553
90.10000000000001,24.004935160621173,24.005013801129415,24.0,1.0,0.8747497356406406,0.7855128311508233,0.15042315237340553
90.2,24.005013801129415,24.005087160917473,24.0,1.0,0.8748869279460391,0.7855128311508233,0.15042315237340553
90.30000000000001,24.005087160917473,24.00515530913485,24.0,1.0,0.8750210756790325,0.7855128311508233,0.15042315237340553
90.4,24.00515530913485,24.005218316984898,24.0,1.0,0.8751521547633544,0.7855128311508233,0.15042315237340553
90.5,24.005218316984898,24.00527625762849,24.0,1.0,0.8752801438071259,0.7855128311508233,0.15042315237340553
90.60000000000001,24.00527625762849,24.005329206088525,24.0,1.0,0.8754050240566347,0.7855128311508233,0.15042315237340553
90.7,24.005329206088525,24.0053772391553,24.0,1.0,0.8755267793493297,0.7855128311508233,0.15042315237340553
90.80000000000001,24.0053772391553,24.00542043529283,24.0,1.0,0.8756453960660819,0.7855128311508233,0.15042315237340553
90.9,24.00542043529283,24.005458874546107,24.0,1.0,0.8757608630827656,0.7855128311508233,0.15042315237340553
91.0,24.005458874546107,24.005492638449393,24.0,1.0,0.8758731717211984,0.7855128311508233,0.15042315237340553
91.10000000000001,24.005492638449393,24.005521809935555,24.0,1.0,0.8759823156994996,0.7855128311508233,0.15042315237340553
91.2,24.005521809935555,24.005546473246483,24.0,1.0,0.8760882910819147,0.7855128311508233,0.15042315237340553
91.30000000000001,24.005546473246483,24.00556671384465,24.0,1.0,0.8761910962281361,0.7855128311508233,0.15042315237340553
91.4,24.00556671384465,24.005582618325825,24.0,1.0,0.8762907317421947,0.7855128311508233,0.15042315237340553
91.5,24.005582618325825,24.00559427433299,24.0,1.0,0.8763872004209364,0.7855128311508233,0.15042315237340553
91.60000000000001,24.00559427433299,24.005601770471486,24.0,1.0,0.8764805072021646,0.7855128311508233,0.15042315237340553
91.7,24.005601770471486,24.005605196225417,24.0,1.0,0.8765706591124578,0.7855128311508233,0.15042315237340553
91.80000000000001,24.005605196225417,24.005604641875355,24.0,1.0,0.876657665214717,0.7855128311508233,0.15042315237340553
91.9,24.005604641875355,24.005600198417355,24.0,1.0,0.8767415365555112,0.7855128311508233,0.15042315237340553
92.0,24.005600198417355,24.005591957483315,24.0,1.0,0.8768222861122232,0.7855128311508233,0.15042315237340553
92.10000000000001,24.005591957483315,24.005580011262715,24.0,1.0,0.8768999287400518,0.7855128311508233,0.15042315237340553
92.2,24.005580011262715,24.005564452425748,24.0,1.0,0.8769744811189291,0.7855128311508233,0.15042315237340553
92.30000000000001,24.005564452425748,24.00554537404785,24.0,1.0,0.8770459617003648,0.7855128311508233,0.15042315237340553
92.4,24.00554537404785,24.00552286953569,24.0,1.0,0.8771143906542637,0.7855128311508233,0.15042315237340553
92.5,24.00552286953569,24.005497032554604,24.0,1.0,0.877179789815774,0.7855128311508233,0.15042315237340553
92.60000000000001,24.005497032554604,24.005467956957496,24.0,1.0,0.8772421826321705,0.7855128311508233,0.15042315237340553
92.7,24.005467956957496,24.005435736715228,24.0,1.0,0.8773015941098271,0.7855128311508233,0.15042315237340553
92.80000000000001,24.005435736715228,24.005400465848517,24.0,1.0,0.8773580507613203,0.7855128311508233,0.15042315237340553
92.9,24.005400465848517,24.005362238361357,24.0,1.0,0.877411580552675,0.7855128311508233,0.15042315237340553
93.0,24.005362238361357,24.00532114817594,24.0,1.0,0.8774622128508176,0.7855128311508233,0.15042315237340553
93.10000000000001,24.00532114817594,24.005277289069156,24.0,1.0,0.8775099783712261,0.7855128311508233,0.15042315237340553
93.2,24.005277289069156,24.005230754610594,24.0,1.0,0.8775549091258601,0.7855128311508233,0.15042315237340553
93.30000000000001,24.005230754610594,24.005181638102133,24.0,1.0,0.8775970383713506,0.7855128311508233,0.15042315237340553
93.4,24.005181638102133,24.005130032519087,24.0,1.0,0.8776364005575118,0.7855128311508233,0.15042315237340553
93.5,24.005130032519087,24.005076030452912,24.0,1.0,0.8776730312762001,0.7855128311508233,0.15042315237340553
93.60000000000001,24.005076030452912,24.005019724055476,24.0,1.0,0.8777069672105379,0.7855128311508233,0.15042315237340553
93.7,24.005019724055476,24.004961204984927,24.0,1.0,0.8777382460845228,0.7855128311508233,0.15042315237340553
93.80000000000001,24.004961204984927,24.004900564353118,24.0,1.0,0.8777669066130797,0.7855128311508233,0.15042315237340553
93.9,24.004900564353118,24.004837892674622,24.0,1.0,0.8777929884525455,0.7855128311508233,0.15042315237340553
94.0,24.004837892674622,24.004773279817304,24.0,1.0,0.8778165321516335,0.7855128311508233,0.15042315237340553
94.10000000000001,24.004773279817304,24.004706814954492,24.0,1.0,0.8778375791028802,0.7855128311508233,0.15042315237340553
94.2,24.004706814954492,24.004638586518706,24.0,1.0,0.8778561714946302,0.7855128311508233,0.15042315237340553
94.30000000000001,24.004638586518706,24.00456868215696,24.0,1.0,0.8778723522635407,0.7855128311508233,0.15042315237340553
94.4,24.00456868215696,24.004497188687637,24.0,1.0,0.8778861650476611,0.7855128311508233,0.15042315237340553
94.5,24.004497188687637,24.004424192058895,24.0,1.0,0.8778976541400847,0.7855128311508233,0.15042315237340553
94.60000000000001,24.004424192058895,24.00434977730866,24.0,1.0,0.877906864443198,0.7855128311508233,0.15042315237340553
94.7,24.00434977730866,24.004274028526147,24.0,1.0,0.8779138414235514,0.7855128311508233,0.15042315237340553
94.80000000000001,24.004274028526147,24.004197028814907,24.0,1.0,0.8779186310673663,0.7855128311508233,0.15042315237340553
94.9,24.004197028814907,24.004118860257428,24.0,1.0,0.8779212798366863,0.7855128311508233,0.15042315237340553
95.0,24.004118860257428,24.00403960388123,24.0,1.0,0.8779218346262047,0.7855128311508233,0.15042315237340553
95.10000000000001,24.00403960388123,24.00395933962647,24.0,1.0,0.8779203427207646,0.7855128311508233,0.15042315237340553
95.2,24.00395933962647,24.003878146315056,24.0,1.0,0.8779168517535616,0.7855128311508233,0.15042315237340553
95.30000000000001,24.003878146315056,24.003796101621226,24.0,1.0,0.8779114096650509,0.7855128311508233,0.15042315237340553
95.4,24.003796101621226,24.003713282043602,24.0,1.0,0.8779040646625792,0.7855128311508233,0.15042315237340553
95.5,24.003713282043602,24.0036297628787,24.0,1.0,0.8778948651807498,0.7855128311508233,0.15042315237340553
95.60000000000001,24.0036297628787,24.003545618195872,24.0,1.0,0.8778838598425295,0.7855128311508233,0.15042315237340553
95.7,24.003545618195872,24.003460920813694,24.0,1.0,0.8778710974211096,0.7855128311508233,0.15042315237340553
95.80000000000001,24.003460920813694,24.00337574227773,24.0,1.0,0.877856626802535,0.7855128311508233,0.15042315237340553
95.9,24.00337574227773,24.003290152839714,24.0,1.0,0.8778404969490975,0.7855128311508233,0.15042315237340553
96.0,24.003290152839714,24.003204221438107,24.0,1.0,0.8778227568635196,0.7855128311508233,0.15042315237340553
96.10000000000001,24.003204221438107,24.003118015679988,24.0,1.0,0.8778034555539209,0.7855128311508233,0.15042315237340553
96.2,24.003118015679988,24.003031601824304,24.0,1.0,0.8777826419995722,0.7855128311508233,0.15042315237340553
96.30000000000001,24.003031601824304,24.002945044766438,24.0,1.0,0.8777603651174589,0.7855128311508233,0.15042315237340553
96.4,24.002945044766438,24.002858408024068,24.0,1.0,0.8777366737296433,0.7855128311508233,0.15042315237340553
96.5,24.002858408024068,24.00277175372432,24.0,1.0,0.8777116165314371,0.7855128311508233,0.15042315237340553
96.60000000000001,24.00277175372432,24.00268514259217,24.0,1.0,0.8776852420603936,0.7855128311508233,0.15042315237340553
96.7,24.00268514259217,24.00259863394009,24.0,1.0,0.8776575986660974,0.7855128311508233,0.15042315237340553
96.80000000000001,24.00259863394009,24.002512285658913,24.0,1.0,0.8776287344807947,0.7855128311508233,0.15042315237340553
96.9,24.002512285658913,24.002426154209903,24.0,1.0,0.8775986973908309,0.7855128311508233,0.15042315237340553
97.0,24.002426154209903,24.00234029461799,24.0,1.0,0.877567535008908,0.7855128311508233,0.15042315237340553
97.10000000000001,24.00234029461799,24.002254760466162,24.0,1.0,0.8775352946471754,0.7855128311508233,0.15042315237340553
97.2,24.002254760466162,24.002169603890987,24.0,1.0,0.8775020232911289,0.7855128311508233,0.15042315237340553
97.30000000000001,24.002169603890987,24.002084875579254,24.0,1.0,0.8774677675743409,0.7855128311508233,0.15042315237340553
97.4,24.002084875579254,24.002000624765685,24.0,1.0,0.877432573754006,0.7855128311508233,0.15042315237340553
97.5,24.002000624765685,24.001916899231727,24.0,1.0,0.8773964876873103,0.7855128311508233,0.15042315237340553
97.60000000000001,24.001916899231727,24.00183374530536,24.0,1.0,0.8773595548086129,0.7855128311508233,0.15042315237340553
97.7,24.00183374530536,24.00175120786194,24.0,1.0,0.877321820107438,0.7855128311508233,0.15042315237340553
97.80000000000001,24.00175120786194,24.001669330326038,24.0,1.0,0.8772833281072877,0.7855128311508233,0.15042315237340553
97.9,24.001669330326038,24.001588154674224,24.0,1.0,0.8772441228452535,0.7855128311508233,0.15042315237340553
98.0,24.001588154674224,24.001507721438816,24.0,1.0,0.8772042478524315,0.7855128311508233,0.15042315237340553
98.10000000000001,24.001507721438816,24.001428069712546,24.0,1.0,0.8771637461351408,0.7855128311508233,0.15042315237340553
98.2,24.001428069712546,24.001349237154106,24.0,1.0,0.8771226601569289,0.7855128311508233,0.15042315237340553
98.30000000000001,24.001349237154106,24.001271259994592,24.0,1.0,0.8770810318213637,0.7855128311508233,0.15042315237340553
98.4,24.001271259994592,24.00119417304478,24.0,1.0,0.8770389024556164,0.7855128311508233,0.15042315237340553
98.5,24.00119417304478,24.001118009703216,24.0,1.0,0.8769963127948125,0.7855128311508233,0.15042315237340553
98.60000000000001,24.001118009703216,24.001042801965127,24.0,1.0,0.8769533029671447,0.7855128311508233,0.15042315237340553
98.7,24.001042801965127,24.000968580432094,24.0,1.0,0.8769099124797637,0.7855128311508233,0.15042315237340553
98.80000000000001,24.000968580432094,24.000895374322464,24.0,1.0,0.8768661802054105,0.7855128311508233,0.15042315237340553
98.9,24.000895374322464,24.00082321148252,24.0,1.0,0.8768221443697919,0.7855128311508233,0.15042315237340553
99.0,24.00082321148252,24.000752118398307,24.0,1.0,0.8767778425397096,0.7855128311508233,0.15042315237340553
99.10000000000001,24.000752118398307,24.000682120208186,24.0,1.0,0.8767333116118977,0.7855128311508233,0.15042315237340553
99.2,24.000682120208186,24.000613240715992,24.0,1.0,0.876688587802602,0.7855128311508233,0.15042315237340553
99.30000000000001,24.000613240715992,24.00054550240486,24.0,1.0,0.8766437066378471,0.7855128311508233,0.15042315237340553
99.4,24.00054550240486,24.00047892645164,24.0,1.0,0.8765987029444299,0.7855128311508233,0.15042315237340553
99.5,24.00047892645164,24.00041353274187,24.0,1.0,0.876553610841588,0.7855128311508233,0.15042315237340553
99.60000000000001,24.00041353274187,24.000349339885368,24.0,1.0,0.8765084637333528,0.7855128311508233,0.15042315237340553
99.7,24.000349339885368,24.000286365232284,24.0,1.0,0.8764632943015827,0.7855128311508233,0.15042315237340553
99.80000000000001,24.000286365232284,24.00022462488972,24.0,1.0,0.8764181344996455,0.7855128311508233,0.15042315237340553
99.9,24.00022462488972,24.00016413373881,24.0,1.0,0.876373015546764,0.7855128311508233,0.15042315237340553
100.0,24.00016413373881,24.000104905452268,24.0,1.0,0.8763279679229923,0.7855128311508233,0.15042315237340553
100.10000000000001,24.000104905452268,24.000046952512385,24.0,1.0,0.8762830213648297,0.7855128311508233,0.15042315237340553
100.2,24.000046952512385,23.999990286229433,24.0,1.0,0.8762382048614408,0.7855128311508233,0.15042315237340553
100.30000000000001,23.999990286229433,23.99993491676048,24.0,1.0,0.8761935466514899,0.7855128311508233,0.15042315237340553
100.4,23.99993491676048,23.999880853128573,24.0,1.0,0.8761490742205679,0.7855128311508233,0.15042315237340553
100.5,23.999880853128573,23.99982810324227,24.0,1.0,0.8761048142992065,0.7855128311508233,0.15042315237340553
100.60000000000001,23.99982810324227,23.999776673915502,24.0,1.0,0.8760607928614547,0.7855128311508233,0.15042315237340553
100.7,23.999776673915502,23.999726570887763,24.0,1.0,0.8760170351240179,0.7855128311508233,0.15042315237340553
100.80000000000001,23.999726570887763,23.99967779884456,24.0,1.0,0.8759735655459481,0.7855128311508233,0.15042315237340553
100.9,23.99967779884456,23.99963036143815,24.0,1.0,0.8759304078288598,0.7855128311508233,0.15042315237340553
101.0,23.99963036143815,23.99958426130853,24.0,1.0,0.8758875849176783,0.7855128311508233,0.15042315237340553
101.10000000000001,23.99958426130853,23.999539500104635,24.0,1.0,0.875845119001891,0.7855128311508233,0.15042315237340553
101.2,23.999539500104635,23.999496078505754,24.0,1.0,0.8758030315173005,0.7855128311508233,0.15042315237340553
101.30000000000001,23.999496078505754,23.99945399624313,24.0,1.0,0.8757613431482585,0.7855128311508233,0.15042315237340553
101.4,23.99945399624313,23.99941325212173,24.0,1.0,0.8757200738303719,0.7855128311508233,0.15042315237340553
101.5,23.99941325212173,23.99937384404217,24.0,1.0,0.8756792427536689,0.7855128311508233,0.15042315237340553
101.60000000000001,23.99937384404217,23.99933576902276,24.0,1.0,0.8756388683662192,0.7855128311508233,0.15042315237340553
101.7,23.99933576902276,23.999299023221667,24.0,1.0,0.8755989683781754,0.7855128311508233,0.15042315237340553
101.80000000000001,23.999299023221667,23.99926360195917,24.0,1.0,0.8755595597662518,0.7855128311508233,0.15042315237340553
101.9,23.99926360195917,23.99922949974,24.0,1.0,0.8755206587785956,0.7855128311508233,0.15042315237340553
102.0,23.99922949974,23.999196710275722,24.0,1.0,0.8754822809400645,0.7855128311508233,0.15042315237340553
102.10000000000001,23.999196710275722,23.999165226507174,24.0,1.0,0.8754444410578881,0.7855128311508233,0.15042315237340553
102.2,23.999165226507174,23.99913504062693,24.0,1.0,0.8754071532276892,0.7855128311508233,0.15042315237340553
102.30000000000001,23.99913504062693,23.999106144101763,24.0,1.0,0.8753704308398799,0.7855128311508233,0.15042315237340553
102.4,23.999106144101763,23.999078527695122,24.0,1.0,0.8753342865863886,0.7855128311508233,0.15042315237340553
102.5,23.999078527695122,23.999052181489564,24.0,1.0,0.8752987324677296,0.7855128311508233,0.15042315237340553
102.60000000000001,23.999052181489564,23.999027094909156,24.0,1.0,0.8752637798003895,0.7855128311508233,0.15042315237340553
102.7,23.999027094909156,23.999003256741837,24.0,1.0,0.8752294392245171,0.7855128311508233,0.15042315237340553
102.80000000000001,23.999003256741837,23.9989806551617,24.0,1.0,0.8751957207119168,0.7855128311508233,0.15042315237340553
102.9,23.9989806551617,23.9989592777512,24.0,1.0,0.8751626335743208,0.7855128311508233,0.15042315237340553
103.0,23.9989592777512,23.998939111523278,24.0,1.0,0.875130186471937,0.7855128311508233,0.15042315237340553
103.10000000000001,23.998939111523278,23.998920142943348,24.0,1.0,0.8750983874222489,0.7855128311508233,0.15042315237340553
103.2,23.998920142943348,23.998902357951195,24.0,1.0,0.8750672438090679,0.7855128311508233,0.15042315237340553
103.30000000000001,23.998902357951195,23.998885741982736,24.0,1.0,0.8750367623918142,0.7855128311508233,0.15042315237340553
103.4,23.998885741982736,23.998870279991618,24.0,1.0,0.8750069493150362,0.7855128311508233,0.15042315237340553
103.5,23.998870279991618,23.998855956470678,24.0,1.0,0.8749778101181214,0.7855128311508233,0.15042315237340553
103.60000000000001,23.998855956470678,23.998842755473227,24.0,1.0,0.8749493497452225,0.7855128311508233,0.15042315237340553
103.7,23.998842755473227,23.998830660634162,24.0,1.0,0.8749215725553625,0.7855128311508233,0.15042315237340553
103.80000000000001,23.998830660634162,23.99881965519088,24.0,1.0,0.8748944823327264,0.7855128311508233,0.15042315237340553
103.9,23.99881965519088,23.998809722003987,24.0,1.0,0.8748680822971068,0.7855128311508233,0.15042315237340553
104.0,23.998809722003987,23.998800843577836,24.0,1.0,0.874842375114513,0.7855128311508233,0.15042315237340553
104.10000000000001,23.998800843577836,23.998793002080788,24.0,1.0,0.8748173629079301,0.7855128311508233,0.15042315237340553
104.2,23.998793002080788,23.99878617936529,24.0,1.0,0.8747930472681918,0.7855128311508233,0.15042315237340553
104.30000000000001,23.99878617936529,23.998780356987695,24.0,1.0,0.8747694292649956,0.7855128311508233,0.15042315237340553
104.4,23.998780356987695,23.998775516227848,24.0,1.0,0.8747465094580187,0.7855128311508233,0.15042315237340553
104.5,23.998775516227848,23.998771638108405,24.0,1.0,0.8747242879081432,0.7855128311508233,0.15042315237340553
104.60000000000001,23.998771638108405,23.99876870341391,24.0,1.0,0.8747027641887607,0.7855128311508233,0.15042315237340553
104.7,23.99876870341391,23.998766692709577,24.0,1.0,0.8746819373971797,0.7855128311508233,0.15042315237340553
104.80000000000001,23.998766692709577,23.998765586359834,24.0,1.0,0.8746618061660802,0.7855128311508233,0.15042315237340553
104.9,23.998765586359834,23.998765364546546,24.0,1.0,0.8746423686750532,0.7855128311508233,0.15042315237340553
105.0,23.998765364546546,23.998766007286978,24.0,1.0,0.8746236226621755,0.7855128311508233,0.15042315237340553
105.10000000000001,23.998766007286978,23.998767494451442,24.0,1.0,0.8746055654356417,0.7855128311508233,0.15042315237340553
105.2,23.998767494451442,23.998769805780675,24.0,1.0,0.8745881938854174,0.7855128311508233,0.15042315237340553
105.30000000000001,23.998769805780675,23.99877292090287,24.0,1.0,0.8745715044949366,0.7855128311508233,0.15042315237340553
105.4,23.99877292090287,23.998776819350436,24.0,1.0,0.8745554933527904,0.7855128311508233,0.15042315237340553
105.5,23.998776819350436,23.998781480576426,24.0,1.0,0.8745401561644525,0.7855128311508233,0.15042315237340553
105.60000000000001,23.998781480576426,23.998786883970638,24.0,1.0,0.8745254882639842,0.7855128311508233,0.15042315237340553
105.7,23.998786883970638,23.998793008875413,24.0,1.0,0.8745114846257365,0.7855128311508233,0.15042315237340553
105.80000000000001,23.998793008875413,23.998799834601094,24.0,1.0,0.8744981398760423,0.7855128311508233,0.15042315237340553
105.9,23.998799834601094,23.99880734044115,24.0,1.0,0.8744854483048792,0.7855128311508233,0.15042315237340553
106.0,23.99880734044115,23.998815505686988,24.0,1.0,0.8744734038774967,0.7855128311508233,0.15042315237340553
106.10000000000001,23.998815505686988,23.99882430964241,24.0,1.0,0.8744620002460186,0.7855128311508233,0.15042315237340553
106.2,23.99882430964241,23.99883373163773,24.0,1.0,0.8744512307609861,0.7855128311508233,0.15042315237340553
106.30000000000001,23.99883373163773,23.998843751043584,24.0,1.0,0.8744410884828504,0.7855128311508233,0.15042315237340553
106.4,23.998843751043584,23.998854347284347,24.0,1.0,0.8744315661934128,0.7855128311508233,0.15042315237340553
106.5,23.998854347284347,23.998865499851245,24.0,1.0,0.8744226564071927,0.7855128311508233,0.15042315237340553
106.60000000000001,23.998865499851245,23.998877188315113,24.0,1.0,0.8744143513827174,0.7855128311508233,0.15042315237340553
106.7,23.998877188315113,23.9988893923388,24.0,1.0,0.8744066431337458,0.7855128311508233,0.15042315237340553
106.80000000000001,23.9988893923388,23.99890209168923,24.0,1.0,0.8743995234403986,0.7855128311508233,0.15042315237340553
106.9,23.99890209168923,23.998915266249135,24.0,1.0,0.8743929838601977,0.7855128311508233,0.15042315237340553
107.0,23.998915266249135,23.998928896028396,24.0,1.0,0.8743870157390176,0.7855128311508233,0.15042315237340553
107.10000000000001,23.998928896028396,23.998942961175082,24.0,1.0,0.8743816102219198,0.7855128311508233,0.15042315237340553
107.2,23.998942961175082,23.99895744198613,24.0,1.0,0.8743767582638915,0.7855128311508233,0.15042315237340553
107.30000000000001,23.99895744198613,23.998972318917648,24.0,1.0,0.8743724506404759,0.7855128311508233,0.15042315237340553
107.4,23.998972318917648,23.998987572594928,24.0,1.0,0.8743686779582684,0.7855128311508233,0.15042315237340553
107.5,23.998987572594928,23.999003183822058,24.0,1.0,0.8743654306653118,0.7855128311508233,0.15042315237340553
107.60000000000001,23.999003183822058,23.99901913359123,24.0,1.0,0.8743626990613506,0.7855128311508233,0.15042315237340553
107.7,23.99901913359123,23.999035403091675,24.0,1.0,0.8743604733079618,0.7855128311508233,0.15042315237340553
107.80000000000001,23.999035403091675,23.999051973718288,24.0,1.0,0.8743587434385462,0.7855128311508233,0.15042315237340553
107.9,23.999051973718288,23.99906882707989,24.0,1.0,0.8743574993681883,0.7855128311508233,0.15042315237340553
108.0,23.99906882707989,23.99908594500716,24.0,1.0,0.8743567309033686,0.7855128311508233,0.15042315237340553
108.10000000000001,23.99908594500716,23.99910330956024,24.0,1.0,0.8743564277515363,0.7855128311508233,0.15042315237340553
108.2,23.99910330956024,23.999120903035998,24.0,1.0,0.8743565795305234,0.7855128311508233,0.15042315237340553
108.30000000000001,23.999120903035998,23.99913870797495,24.0,1.0,0.8743571757778184,0.7855128311508233,0.15042315237340553
108.4,23.99913870797495,23.999156707167888,24.0,1.0,0.8743582059596712,0.7855128311508233,0.15042315237340553
108.5,23.999156707167888,23.99917488366215,24.0,1.0,0.8743596594800562,0.7855128311508233,0.15042315237340553
108.60000000000001,23.99917488366215,23.999193220767584,24.0,1.0,0.8743615256894628,0.7855128311508233,0.15042315237340553
108.7,23.999193220767584,23.999211702062187,24.0,1.0,0.8743637938935266,0.7855128311508233,0.15042315237340553
108.80000000000001,23.999211702062187,23.999230311397447,24.0,1.0,0.8743664533614921,0.7855128311508233,0.15042315237340553
108.9,23.999230311397447,23.99924903290334,24.0,1.0,0.8743694933345241,0.7855128311508233,0.15042315237340553
109.0,23.99924903290334,23.999267850993046,24.0,1.0,0.8743729030338201,0.7855128311508233,0.15042315237340553
109.10000000000001,23.999267850993046,23.99928675036736,24.0,1.0,0.8743766716685794,0.7855128311508233,0.15042315237340553
109.2,23.99928675036736,23.999305716018785,24.0,1.0,0.874380788443787,0.7855128311508233,0.15042315237340553
109.30000000000001,23.999305716018785,23.99932473323534,24.0,1.0,0.8743852425678224,0.7855128311508233,0.15042315237340553
109.4,23.99932473323534,23.99934378760408,24.0,1.0,0.874390023259896,0.7855128311508233,0.15042315237340553
109.5,23.99934378760408,23.99936286501431,24.0,1.0,0.8743951197573078,0.7855128311508233,0.15042315237340553
109.60000000000001,23.99936286501431,23.999381951660542,24.0,1.0,0.8744005213225245,0.7855128311508233,0.15042315237340553
109.7,23.999381951660542,23.99940103404515,24.0,1.0,0.8744062172500904,0.7855128311508233,0.15042315237340553
109.80000000000001,23.99940103404515,23.99942009898076,24.0,1.0,0.8744121968733393,0.7855128311508233,0.15042315237340553
109.9,23.99942009898076,23.99943913359236,24.0,1.0,0.8744184495709486,0.7855128311508233,0.15042315237340553
110.0,23.99943913359236,23.999458125319165,24.0,1.0,0.8744249647732872,0.7855128311508233,0.15042315237340553
110.10000000000001,23.999458125319165,23.9994770619162,24.0,1.0,0.8744317319686097,0.7855128311508233,0.15042315237340553
110.2,23.9994770619162,23.999495931455627,24.0,1.0,0.8744387407090517,0.7855128311508233,0.15042315237340553
110.30000000000001,23.999495931455627,23.99951472232785,24.0,1.0,0.8744459806164445,0.7855128311508233,0.15042315237340553
110.4,23.99951472232785,23.999533423242326,24.0,1.0,0.8744534413879611,0.7855128311508233,0.15042315237340553
110.5,23.999533423242326,23.999552023228183,24.0,1.0,0.874461112801566,0.7855128311508233,0.15042315237340553
110.60000000000001,23.999552023228183,23.999570511634573,24.0,1.0,0.8744689847212955,0.7855128311508233,0.15042315237340553
110.7,23.999570511634573,23.999588878130798,24.0,1.0,0.8744770471023589,0.7855128311508233,0.15042315237340553
110.80000000000001,23.999588878130798,23.99960711270621,24.0,1.0,0.8744852899960488,0.7855128311508233,0.15042315237340553
110.9,23.99960711270621,23.99962520566991,24.0,1.0,0.8744937035544813,0.7855128311508233,0.15042315237340553
111.0,23.99962520566991,23.999643147650197,24.0,1.0,0.8745022780351586,0.7855128311508233,0.15042315237340553
111.10000000000001,23.999643147650197,23.99966092959383,24.0,1.0,0.8745110038053501,0.7855128311508233,0.15042315237340553
111.2,23.99966092959383,23.99967854276509,24.0,1.0,0.8745198713462994,0.7855128311508233,0.15042315237340553
111.30000000000001,23.99967854276509,23.99969597874462,24.0,1.0,0.874528871257258,0.7855128311508233,0.15042315237340553
111.4,23.99969597874462,23.999713229428092,24.0,1.0,0.8745379942593398,0.7855128311508233,0.15042315237340553
111.5,23.999713229428092,23.999730287024683,24.0,1.0,0.8745472311992111,0.7855128311508233,0.15042315237340553
111.60000000000001,23.999730287024683,23.99974714405534,24.0,1.0,0.874556573052603,0.7855128311508233,0.15042315237340553
111.7,23.99974714405534,23.999763793350912,24.0,1.0,0.8745660109276511,0.7855128311508233,0.15042315237340553
111.80000000000001,23.999763793350912,23.99978022805007,24.0,1.0,0.8745755360680747,0.7855128311508233,0.15042315237340553
111.9,23.99978022805007,23.999796441597088,24.0,1.0,0.874585139856189,0.7855128311508233,0.15042315237340553
112.0,23.999796441597088,23.99981242773944,24.0,1.0,0.8745948138157434,0.7855128311508233,0.15042315237340553
112.10000000000001,23.99981242773944,23.99982818052525,24.0,1.0,0.8746045496146079,0.7855128311508233,0.15042315237340553
112.2,23.99982818052525,23.9998436943006,24.0,1.0,0.8746143390672849,0.7855128311508233,0.15042315237340553
112.30000000000001,23.9998436943006,23.99985896370668,24.0,1.0,0.87462417413728,0.7855128311508233,0.15042315237340553
112.4,23.99985896370668,23.999873983676785,24.0,1.0,0.8746340469392937,0.7855128311508233,0.15042315237340553
112.5,23.999873983676785,23.99988874943322,24.0,1.0,0.8746439497412772,0.7855128311508233,0.15042315237340553
112.60000000000001,23.99988874943322,23.999903256484025,24.0,1.0,0.8746538749663237,0.7855128311508233,0.15042315237340553
112.7,23.999903256484025,23.9999175006196,24.0,1.0,0.8746638151944074,0.7855128311508233,0.15042315237340553
112.80000000000001,23.9999175006196,23.999931477909215,24.0,1.0,0.8746737631639827,0.7855128311508233,0.15042315237340553
112.9,23.999931477909215,23.999945184697392,24.0,1.0,0.8746837117734301,0.7855128311508233,0.15042315237340553
113.0,23.999945184697392,23.999958617600186,24.0,1.0,0.8746936540823556,0.7855128311508233,0.15042315237340553
113.10000000000001,23.999958617600186,23.999971773501358,24.0,1.0,0.8747035833127563,0.7855128311508233,0.15042315237340553
113.2,23.999971773501358,23.999984649548452,24.0,1.0,0.8747134928500416,0.7855128311508233,0.15042315237340553
113.30000000000001,23.999984649548452,23.99999724314877,24.0,1.0,0.8747233762439175,0.7855128311508233,0.15042315237340553
113.4,23.99999724314877,24.000009551965267,24.0,1.0,0.8747332272091319,0.7855128311508233,0.15042315237340553
113.5,24.000009551965267,24.00002157391236,24.0,1.0,0.8747430396260997,0.7855128311508233,0.15042315237340553
113.60000000000001,24.00002157391236,24.000033307151654,24.0,1.0,0.8747528075413872,0.7855128311508233,0.15042315237340553
113.7,24.000033307151654,24.00004475008759,24.0,1.0,0.8747625251680784,0.7855128311508233,0.15042315237340553
113.80000000000001,24.00004475008759,24.00005590136303,24.0,1.0,0.8747721868860063,0.7855128311508233,0.15042315237340553
113.9,24.00005590136303,24.000066759854782,24.0,1.0,0.8747817872418737,0.7855128311508233,0.15042315237340553
114.0,24.000066759854782,24.00007732466904,24.0,1.0,0.8747913209492526,0.7855128311508233,0.15042315237340553
114.10000000000001,24.00007732466904,24.000087595136797,24.0,1.0,0.8748007828884578,0.7855128311508233,0.15042315237340553
114.2,24.000087595136797,24.00009757080919,24.0,1.0,0.8748101681063246,0.7855128311508233,0.15042315237340553
114.30000000000001,24.00009757080919,24.000107251452793,24.0,1.0,0.874819471815857,0.7855128311508233,0.15042315237340553
114.4,24.000107251452793,24.00011663704489,24.0,1.0,0.8748286893957843,0.7855128311508233,0.15042315237340553
114.5,24.00011663704489,24.000125727768683,24.0,1.0,0.8748378163900022,0.7855128311508233,0.15042315237340553
114.60000000000001,24.000125727768683,24.000134524008473,24.0,1.0,0.874846848506917,0.7855128311508233,0.15042315237340553
114.7,24.000134524008473,24.000143026344826,24.0,1.0,0.8748557816186803,0.7855128311508233,0.15042315237340553
114.80000000000001,24.000143026344826,24.000151235549694,24.0,1.0,0.8748646117603466,0.7855128311508233,0.15042315237340553
114.9,24.000151235549694,24.00015915258152,24.0,1.0,0.8748733351289174,0.7855128311508233,0.15042315237340553
115.0,24.00015915258152,24.000166778580326,24.0,1.0,0.8748819480823039,0.7855128311508233,0.15042315237340553
115.10000000000001,24.000166778580326,24.000174114862787,24.0,1.0,0.8748904471381955,0.7855128311508233,0.15042315237340553
115.2,24.000174114862787,24.000181162917293,24.0,1.0,0.8748988289728555,0.7855128311508233,0.15042315237340553
115.30000000000001,24.000181162917293,24.000187924399,24.0,1.0,0.8749070904198161,0.7855128311508233,0.15042315237340553
115.4,24.000187924399,24.000194401124887,24.0,1.0,0.874915228468505,0.7855128311508233,0.15042315237340553
115.5,24.000194401124887,24.0002005950688,24.0,1.0,0.8749232402627957,0.7855128311508233,0.15042315237340553
115.60000000000001,24.0002005950688,24.000206508356513,24.0,1.0,0.8749311230994757,0.7855128311508233,0.15042315237340553
115.7,24.000206508356513,24.000212143260786,24.0,1.0,0.8749388744266455,0.7855128311508233,0.15042315237340553
115.80000000000001,24.000212143260786,24.000217502196435,24.0,1.0,0.8749464918420585,0.7855128311508233,0.15042315237340553
115.9,24.000217502196435,24.000222587715424,24.0,1.0,0.8749539730913758,0.7855128311508233,0.15042315237340553
116.0,24.000222587715424,24.000227402501956,24.0,1.0,0.8749613160663781,0.7855128311508233,0.15042315237340553
116.10000000000001,24.000227402501956,24.000231949367606,24.0,1.0,0.8749685188030986,0.7855128311508233,0.15042315237340553
116.2,24.000231949367606,24.00023623124645,24.0,1.0,0.8749755794799149,0.7855128311508233,0.15042315237340553
116.30000000000001,24.00023623124645,24.000240251190245,24.0,1.0,0.8749824964155666,0.7855128311508233,0.15042315237340553
116.4,24.000240251190245,24.00024401236362,24.0,1.0,0.8749892680671377,0.7855128311508233,0.15042315237340553
116.5,24.00024401236362,24.000247518039302,24.0,1.0,0.8749958930279789,0.7855128311508233,0.15042315237340553
116.60000000000001,24.000247518039302,24.000250771593382,24.0,1.0,0.8750023700255832,0.7855128311508233,0.15042315237340553
116.7,24.000250771593382,24.00025377650061,24.0,1.0,0.8750086979194205,0.7855128311508233,0.15042315237340553
116.80000000000001,24.00025377650061,24.00025653632973,24.0,1.0,0.8750148756987264,0.7855128311508233,0.15042315237340553
116.9,24.00025653632973,24.000259054738844,24.0,1.0,0.8750209024802528,0.7855128311508233,0.15042315237340553
117.0,24.000259054738844,24.000261335470856,24.0,1.0,0.8750267775059721,0.7855128311508233,0.15042315237340553
117.10000000000001,24.000261335470856,24.00026338234891,24.0,1.0,0.8750325001407674,0.7855128311508233,0.15042315237340553
117.2,24.00026338234891,24.000265199271915,24.0,1.0,0.8750380698700613,0.7855128311508233,0.15042315237340553
117.30000000000001,24.000265199271915,24.00026679021011,24.0,1.0,0.8750434862974451,0.7855128311508233,0.15042315237340553
117.4,24.00026679021011,24.00026815920066,24.0,1.0,0.8750487491422525,0.7855128311508233,0.15042315237340553
117.5,24.00026815920066,24.00026931034335,24.0,1.0,0.8750538582371277,0.7855128311508233,0.15042315237340553
117.60000000000001,24.00026931034335,24.000270247796262,24.0,1.0,0.8750588135255601,0.7855128311508233,0.15042315237340553
117.7,24.000270247796262,24.0002709757716,24.0,1.0,0.8750636150593959,0.7855128311508233,0.15042315237340553
117.80000000000001,24.0002709757716,24.00027149853149,24.0,1.0,0.8750682629963418,0.7855128311508233,0.15042315237340553
117.9,24.00027149853149,24.000271820383897,24.0,1.0,0.8750727575974405,0.7855128311508233,0.15042315237340553
118.0,24.000271820383897,24.000271945678573,24.0,1.0,0.875077099224539,0.7855128311508233,0.15042315237340553
118.10000000000001,24.000271945678573,24.000271878803083,24.0,1.0,0.8750812883377392,0.7855128311508233,0.15042315237340553
118.2,24.000271878803083,24.000271624178886,24.0,1.0,0.875085325492846,0.7855128311508233,0.15042315237340553
118.30000000000001,24.000271624178886,24.000271186257482,24.0,1.0,0.8750892113387968,0.7855128311508233,0.15042315237340553
118.4,24.000271186257482,24.00027056951664,24.0,1.0,0.8750929466150881,0.7855128311508233,0.15042315237340553
118.5,24.00027056951664,24.000269778456673,24.0,1.0,0.8750965321492065,0.7855128311508233,0.15042315237340553
118.60000000000001,24.000269778456673,24.00026881759679,24.0,1.0,0.8750999688540411,0.7855128311508233,0.15042315237340553
118.7,24.00026881759679,24.000267691471535,24.0,1.0,0.8751032577253068,0.7855128311508233,0.15042315237340553
118.80000000000001,24.000267691471535,24.00026640462726,24.0,1.0,0.8751063998389705,0.7855128311508233,0.15042315237340553
118.9,24.00026640462726,24.000264961618715,24.0,1.0,0.8751093963486657,0.7855128311508233,0.15042315237340553
119.0,24.000264961618715,24.000263367005658,24.0,1.0,0.8751122484831315,0.7855128311508233,0.15042315237340553
119.10000000000001,24.000263367005658,24.00026162534959,24.0,1.0,0.875114957543637,0.7855128311508233,0.15042315237340553
119.2,24.00026162534959,24.000259741210535,24.0,1.0,0.8751175249014312,0.7855128311508233,0.15042315237340553
119.30000000000001,24.000259741210535,24.000257719143885,24.0,1.0,0.8751199519951959,0.7855128311508233,0.15042315237340553
119.4,24.000257719143885,24.00025556369735,24.0,1.0,0.8751222403285025,0.7855128311508233,0.15042315237340553
119.5,24.00025556369735,24.000253279407968,24.0,1.0,0.8751243914672918,0.7855128311508233,0.15042315237340553
119.60000000000001,24.000253279407968,24.00025087079917,24.0,1.0,0.8751264070373689,0.7855128311508233,0.15042315237340553
119.7,24.00025087079917,24.000248342377965,24.0,1.0,0.8751282887218986,0.7855128311508233,0.15042315237340553
119.80000000000001,24.000248342377965,24.00024569863216,24.0,1.0,0.875130038258935,0.7855128311508233,0.15042315237340553
119.9,24.00024569863216,24.00024294402768,24.0,1.0,0.8751316574389609,0.7855128311508233,0.15042315237340553
