time,temperature,next_temperature,setpoint,disturbance,command,kp,ki
0.0,28.0,28.006655567890952,24.0,0.0,1.0,0.4998289646356514,0.01722496930994276
0.1,28.006655567890952,28.01328898748993,24.0,0.0,1.0,0.4998289646356514,0.01722496930994276
0.2,28.01328898748993,28.019900332501663,24.0,0.0,1.0,0.4998289646356514,0.01722496930994276
0.30000000000000004,28.019900332501663,28.02648967638561,24.0,0.0,1.0,0.4998289646356514,0.01722496930994276
0.4,28.02648967638561,28.033057092356763,24.0,0.0,1.0,0.4998289646356514,0.01722496930994276
0.5,28.033057092356763,28.03960265338649,24.0,0.0,1.0,0.4998289646356514,0.01722496930994276
0.6000000000000001,28.03960265338649,28.046126432203305,24.0,0.0,1.0,0.4998289646356514,0.01722496930994276
0.7000000000000001,28.046126432203305,28.05262850129371,24.0,0.0,1.0,0.4998289646356514,0.01722496930994276
0.8,28.05262850129371,28.059108932902983,24.0,0.0,1.0,0.4998289646356514,0.01722496930994276
0.9,28.059108932902983,28.06556779903599,24.0,0.0,1.0,0.4998289646356514,0.01722496930994276
1.0,28.06556779903599,28.07200517145797,24.0,0.0,1.0,0.4998289646356514,0.01722496930994276
1.1,28.07200517145797,28.078421121695357,24.0,0.0,1.0,0.4998289646356514,0.01722496930994276
1.2000000000000002,28.078421121695357,28.084815721036545,24.0,0.0,1.0,0.4998289646356514,0.01722496930994276
1.3,28.084815721036545,28.091189040532708,24.0,0.0,1.0,0.4998289646356514,0.01722496930994276
1.4000000000000001,28.091189040532708,28.097541150998573,24.0,0.0,1.0,0.4998289646356514,0.01722496930994276
1.5,28.097541150998573,28.10387212301321,24.0,0.0,1.0,0.4998289646356514,0.01722496930994276
1.6,28.10387212301321,28.110182026920818,24.0,0.0,1.0,0.4998289646356514,0.01722496930994276
1.7000000000000002,28.110182026920818,28.116470932831504,24.0,0.0,1.0,0.4998289646356514,0.01722496930994276
1.8,28.116470932831504,28.122738910622065,24.0,0.0,1.0,0.4998289646356514,0.01722496930994276
1.9000000000000001,28.122738910622065,28.128986029936765,24.0,0.0,1.0,0.4998289646356514,0.01722496930994276
2.0,28.128986029936765,28.10859008862429,24.0,0.0,1.0,0.5292785009887013,0.018234368622013514
2.1,28.10859008862429,28.088262020597867,24.0,0.0,1.0,0.5292785009887013,0.018234368622013514
2.2,28.088262020597867,28.068001599989866,24.0,0.0,1.0,0.5292785009887013,0.018234368622013514
2.3000000000000003,28.068001599989866,28.047808601684295,24.0,0.0,1.0,0.5292785009887013,0.018234368622013514
2.4000000000000004,28.047808601684295,28.027682801314295,24.0,0.0,1.0,0.5292785009887013,0.018234368622013514
2.5,28.027682801314295,28.007623975259655,24.0,0.0,1.0,0.5292785009887013,0.018234368622013514
2.6,28.007623975259655,27.987631900644324,24.0,0.0,1.0,0.5292785009887013,0.018234368622013514
2.7,27.987631900644324,27.967706355333934,24.0,0.0,1.0,0.5292785009887013,0.018234368622013514
2.8000000000000003,27.967706355333934,27.947847117933335,24.0,0.0,1.0,0.5292785009887013,0.018234368622013514
2.9000000000000004,27.947847117933335,27.928053967784127,24.0,0.0,1.0,0.5292785009887013,0.018234368622013514
3.0,27.928053967784127,27.908326684962216,24.0,0.0,1.0,0.5292785009887013,0.018234368622013514
3.1,27.908326684962216,27.888665050275367,24.0,0.0,1.0,0.5292785009887013,0.018234368622013514
3.2,27.888665050275367,27.86906884526077,24.0,0.0,1.0,0.5292785009887013,0.018234368622013514
3.3000000000000003,27.86906884526077,27.849537852182614,24.0,0.0,1.0,0.5292785009887013,0.018234368622013514
3.4000000000000004,27.849537852182614,27.83007185402966,24.0,0.0,1.0,0.5292785009887013,0.018234368622013514
3.5,27.83007185402966,27.810670634512846,24.0,0.0,1.0,0.5292785009887013,0.018234368622013514
3.6,27.810670634512846,27.79133397806286,24.0,0.0,1.0,0.5292785009887013,0.018234368622013514
3.7,27.79133397806286,27.772061669827767,24.0,0.0,1.0,0.5292785009887013,0.018234368622013514
3.8000000000000003,27.772061669827767,27.752853495670614,24.0,0.0,1.0,0.5292785009887013,0.018234368622013514
3.9000000000000004,27.752853495670614,27.73370924216704,24.0,0.0,1.0,0.5292785009887013,0.018234368622013514
4.0,27.73370924216704,27.714628696602926,24.0,0.0,1.0,0.5495723725367941,0.021849370849307912
4.1000000000000005,27.714628696602926,27.69561164697201,24.0,0.0,1.0,0.5495723725367941,0.021849370849307912
4.2,27.69561164697201,27.676657881973547,24.0,0.0,1.0,0.5495723725367941,0.021849370849307912
4.3,27.676657881973547,27.657767191009953,24.0,0.0,1.0,0.5495723725367941,0.021849370849307912
4.4,27.657767191009953,27.638939364184466,24.0,0.0,1.0,0.5495723725367941,0.021849370849307912
4.5,27.638939364184466,27.620174192298816,24.0,0.0,1.0,0.5495723725367941,0.021849370849307912
4.6000000000000005,27.620174192298816,27.601471466850903,24.0,0.0,1.0,0.5495723725367941,0.021849370849307912
4.7,27.601471466850903,27.58283098003247,24.0,0.0,1.0,0.5495723725367941,0.021849370849307912
4.800000000000001,27.58283098003247,27.564252524726808,24.0,0.0,1.0,0.5495723725367941,0.021849370849307912
4.9,27.564252524726808,27.545735894506443,24.0,0.0,1.0,0.5495723725367941,0.021849370849307912
5.0,27.545735894506443,27.52728088363085,24.0,0.0,1.0,0.5495723725367941,0.021849370849307912
5.1000000000000005,27.52728088363085,27.508887287044164,24.0,0.0,1.0,0.5495723725367941,0.021849370849307912
5.2,27.508887287044164,27.4905549003729,24.0,0.0,1.0,0.5495723725367941,0.021849370849307912
5.300000000000001,27.4905549003729,27.47228351992368,24.0,0.0,1.0,0.5495723725367941,0.021849370849307912
5.4,27.47228351992368,27.45407294268098,24.0,0.0,1.0,0.5495723725367941,0.021849370849307912
5.5,27.45407294268098,27.43592296630487,24.0,0.0,1.0,0.5495723725367941,0.021849370849307912
5.6000000000000005,27.43592296630487,27.417833389128752,24.0,0.0,1.0,0.5495723725367941,0.021849370849307912
5.7,27.417833389128752,27.39980401015714,24.0,0.0,1.0,0.5495723725367941,0.021849370849307912
5.800000000000001,27.39980401015714,27.38183462906342,24.0,0.0,1.0,0.5495723725367941,0.021849370849307912
5.9,27.38183462906342,27.36392504618761,24.0,0.0,1.0,0.5495723725367941,0.021849370849307912
6.0,27.36392504618761,27.346075062534165,24.0,0.0,1.0,0.5518386788388089,0.021897310814362518
6.1000000000000005,27.346075062534165,27.32828447976975,24.0,0.0,1.0,0.5518386788388089,0.021897310814362518
6.2,27.32828447976975,27.31055310022104,24.0,0.0,1.0,0.5518386788388089,0.021897310814362518
6.300000000000001,27.31055310022104,27.29288072687252,24.0,0.0,1.0,0.5518386788388089,0.021897310814362518
6.4,27.29288072687252,27.275267163364312,24.0,0.0,1.0,0.5518386788388089,0.021897310814362518
6.5,27.275267163364312,27.25771221398997,24.0,0.0,1.0,0.5518386788388089,0.021897310814362518
6.6000000000000005,27.25771221398997,27.240215683694316,24.0,0.0,1.0,0.5518386788388089,0.021897310814362518
6.7,27.240215683694316,27.222777378071285,24.0,0.0,1.0,0.5518386788388089,0.021897310814362518
6.800000000000001,27.222777378071285,27.20539710336174,24.0,0.0,1.0,0.5518386788388089,0.021897310814362518
6.9,27.20539710336174,27.188074666451342,24.0,0.0,1.0,0.5518386788388089,0.021897310814362518
7.0,27.188074666451342,27.17080987486839,24.0,0.0,1.0,0.5518386788388089,0.021897310814362518
7.1000000000000005,27.17080987486839,27.15360253678169,24.0,0.0,1.0,0.5518386788388089,0.021897310814362518
7.2,27.15360253678169,27.13645246099842,24.0,0.0,1.0,0.5518386788388089,0.021897310814362518
7.300000000000001,27.13645246099842,27.119359456962005,24.0,0.0,1.0,0.5518386788388089,0.021897310814362518
7.4,27.119359456962005,27.102323334750004,24.0,0.0,1.0,0.5518386788388089,0.021897310814362518
7.5,27.102323334750004,27.08534390507199,24.0,0.0,1.0,0.5518386788388089,0.021897310814362518
7.6000000000000005,27.08534390507199,27.068420979267465,24.0,0.0,1.0,0.5518386788388089,0.021897310814362518
7.7,27.068420979267465,27.05155436930374,24.0,0.0,1.0,0.5518386788388089,0.021897310814362518
7.800000000000001,27.05155436930374,27.03474388777387,24.0,0.0,1.0,0.5518386788388089,0.021897310814362518
7.9,27.03474388777387,27.01798934789455,24.0,0.0,1.0,0.5518386788388089,0.021897310814362518
8.0,27.01798934789455,27.001290563504053,24.0,0.0,1.0,0.551804891607074,0.021823268570470653
8.1,27.001290563504053,26.98464734906016,24.0,0.0,1.0,0.551804891607074,0.021823268570470653
8.200000000000001,26.98464734906016,26.968059519638096,24.0,0.0,1.0,0.551804891607074,0.021823268570470653
8.3,26.968059519638096,26.95152689092847,24.0,0.0,1.0,0.551804891607074,0.021823268570470653
8.4,26.95152689092847,26.935049279235244,24.0,0.0,1.0,0.551804891607074,0.021823268570470653
8.5,26.935049279235244,26.918626501473668,24.0,0.0,1.0,0.551804891607074,0.021823268570470653
8.6,26.918626501473668,26.902258375168266,24.0,0.0,1.0,0.551804891607074,0.021823268570470653
8.700000000000001,26.902258375168266,26.8859447184508,24.0,0.0,1.0,0.551804891607074,0.021823268570470653
8.8,26.8859447184508,26.869685350058255,24.0,0.0,1.0,0.551804891607074,0.021823268570470653
8.9,26.869685350058255,26.85348008933081,24.0,0.0,1.0,0.551804891607074,0.021823268570470653
9.0,26.85348008933081,26.837328756209843,24.0,0.0,1.0,0.551804891607074,0.021823268570470653
9.1,26.837328756209843,26.821231171235937,24.0,0.0,1.0,0.551804891607074,0.021823268570470653
9.200000000000001,26.821231171235937,26.805187155546864,24.0,0.0,1.0,0.551804891607074,0.021823268570470653
9.3,26.805187155546864,26.789196530875625,24.0,0.0,1.0,0.551804891607074,0.021823268570470653
9.4,26.789196530875625,26.773259119548445,24.0,0.0,1.0,0.551804891607074,0.021823268570470653
9.5,26.773259119548445,26.75737474448281,24.0,0.0,1.0,0.551804891607074,0.021823268570470653
9.600000000000001,26.75737474448281,26.741543229185503,24.0,0.0,1.0,0.551804891607074,0.021823268570470653
9.700000000000001,26.741543229185503,26.725764397750634,24.0,0.0,1.0,0.551804891607074,0.021823268570470653
9.8,26.725764397750634,26.710038074857692,24.0,0.0,1.0,0.551804891607074,0.021823268570470653
9.9,26.710038074857692,26.694364085769596,24.0,0.0,1.0,0.551804891607074,0.021823268570470653
10.0,26.694364085769596,26.67874225633075,24.0,0.0,1.0,0.5516641109485478,0.02174739389121502
10.100000000000001,26.67874225633075,26.66317241296511,24.0,0.0,1.0,0.5516641109485478,0.02174739389121502
10.200000000000001,26.66317241296511,26.647654382674254,24.0,0.0,1.0,0.5516641109485478,0.02174739389121502
10.3,26.647654382674254,26.632187993035465,24.0,0.0,1.0,0.5516641109485478,0.02174739389121502
10.4,26.632187993035465,26.616773072199813,24.0,0.0,1.0,0.5516641109485478,0.02174739389121502
10.5,26.616773072199813,26.601409448890237,24.0,0.0,1.0,0.5516641109485478,0.02174739389121502
10.600000000000001,26.601409448890237,26.586096952399657,24.0,0.0,1.0,0.5516641109485478,0.02174739389121502
10.700000000000001,26.586096952399657,26.570835412589062,24.0,0.0,1.0,0.5516641109485478,0.02174739389121502
10.8,26.570835412589062,26.55562465988563,24.0,0.0,1.0,0.5516641109485478,0.02174739389121502
10.9,26.55562465988563,26.540464525280846,24.0,0.0,1.0,0.5516641109485478,0.02174739389121502
11.0,26.540464525280846,26.52535484032861,24.0,0.0,1.0,0.5516641109485478,0.02174739389121502
11.100000000000001,26.52535484032861,26.51029543714338,24.0,0.0,1.0,0.5516641109485478,0.02174739389121502
11.200000000000001,26.51029543714338,26.495286148398296,24.0,0.0,1.0,0.5516641109485478,0.02174739389121502
11.3,26.495286148398296,26.480326807323333,24.0,0.0,1.0,0.5516641109485478,0.02174739389121502
11.4,26.480326807323333,26.465417247703435,24.0,0.0,1.0,0.5516641109485478,0.02174739389121502
11.5,26.465417247703435,26.45055730387667,24.0,0.0,1.0,0.5516641109485478,0.02174739389121502
11.600000000000001,26.45055730387667,26.435746810732407,24.0,0.0,1.0,0.5516641109485478,0.02174739389121502
11.700000000000001,26.435746810732407,26.420985603709454,24.0,0.0,1.0,0.5516641109485478,0.02174739389121502
11.8,26.420985603709454,26.406273518794244,24.0,0.0,1.0,0.5516641109485478,0.02174739389121502
11.9,26.406273518794244,26.39161039251902,24.0,0.0,1.0,0.5516641109485478,0.02174739389121502
12.0,26.39161039251902,26.376996061960007,24.0,0.0,1.0,0.5515990667358655,0.021663267970954133
12.100000000000001,26.376996061960007,26.3624303647356,24.0,0.0,1.0,0.5515990667358655,0.021663267970954133
12.200000000000001,26.3624303647356,26.347913139004575,24.0,0.0,1.0,0.5515990667358655,0.021663267970954133
12.3,26.347913139004575,26.33344422346427,24.0,0.0,1.0,0.5515990667358655,0.021663267970954133
12.4,26.33344422346427,26.319023457348806,24.0,0.0,1.0,0.5515990667358655,0.021663267970954133
12.5,26.319023457348806,26.3046506804273,24.0,0.0,1.0,0.5515990667358655,0.021663267970954133
12.600000000000001,26.3046506804273,26.29032573300209,24.0,0.0,1.0,0.5515990667358655,0.021663267970954133
12.700000000000001,26.29032573300209,26.27604845590694,24.0,0.0,1.0,0.5515990667358655,0.021663267970954133
12.8,26.27604845590694,26.26181869050529,24.0,0.0,1.0,0.5515990667358655,0.021663267970954133
12.9,26.26181869050529,26.247636278688493,24.0,0.0,1.0,0.5515990667358655,0.021663267970954133
13.0,26.247636278688493,26.233501062874048,24.0,0.0,1.0,0.5515990667358655,0.021663267970954133
13.100000000000001,26.233501062874048,26.21941288600386,24.0,0.0,1.0,0.5515990667358655,0.021663267970954133
13.200000000000001,26.21941288600386,26.205371591542477,24.0,0.0,1.0,0.5515990667358655,0.021663267970954133
13.3,26.205371591542477,26.19137702347538,24.0,0.0,1.0,0.5515990667358655,0.021663267970954133
13.4,26.19137702347538,26.177429026307216,24.0,0.0,1.0,0.5515990667358655,0.021663267970954133
13.5,26.177429026307216,26.163527445060105,24.0,0.0,1.0,0.5515990667358655,0.021663267970954133
13.600000000000001,26.163527445060105,26.14967212527188,24.0,0.0,1.0,0.5515990667358655,0.021663267970954133
13.700000000000001,26.14967212527188,26.13586291299441,24.0,0.0,1.0,0.5515990667358655,0.021663267970954133
13.8,26.13586291299441,26.122099654791853,24.0,0.0,1.0,0.5515990667358655,0.021663267970954133
13.9,26.122099654791853,26.108382197738983,24.0,0.0,1.0,0.5515990667358655,0.021663267970954133
14.0,26.108382197738983,26.094710389419465,24.0,0.0,1.0,0.5515581616378931,0.02157546924014828
14.100000000000001,26.094710389419465,26.081084077924178,24.0,0.0,1.0,0.5515581616378931,0.02157546924014828
14.200000000000001,26.081084077924178,26.067503111849522,24.0,0.0,1.0,0.5515581616378931,0.02157546924014828
14.3,26.067503111849522,26.05396734029573,24.0,0.0,1.0,0.5515581616378931,0.02157546924014828
14.4,26.05396734029573,26.04047661286521,24.0,0.0,1.0,0.5515581616378931,0.02157546924014828
14.5,26.04047661286521,26.02703077966084,24.0,0.0,1.0,0.5515581616378931,0.02157546924014828
14.600000000000001,26.02703077966084,26.013629691284343,24.0,0.0,1.0,0.5515581616378931,0.02157546924014828
14.700000000000001,26.013629691284343,26.0002731988346,24.0,0.0,1.0,0.5515581616378931,0.02157546924014828
14.8,26.0002731988346,25.986961153905995,24.0,0.0,1.0,0.5515581616378931,0.02157546924014828
14.9,25.986961153905995,25.973693408586787,24.0,0.0,1.0,0.5515581616378931,0.02157546924014828
15.0,25.973693408586787,25.960469815457444,24.0,0.0,1.0,0.5515581616378931,0.02157546924014828
15.100000000000001,25.960469815457444,25.94729022758902,24.0,0.0,1.0,0.5515581616378931,0.02157546924014828
15.200000000000001,25.94729022758902,25.93415449854151,24.0,0.0,1.0,0.5515581616378931,0.02157546924014828
15.3,25.93415449854151,25.921062482362238,24.0,0.0,1.0,0.5515581616378931,0.02157546924014828
15.4,25.921062482362238,25.908014033584223,24.0,0.0,1.0,0.5515581616378931,0.02157546924014828
15.5,25.908014033584223,25.895009007224562,24.0,0.0,1.0,0.5515581616378931,0.02157546924014828
15.600000000000001,25.895009007224562,25.882047258782833,24.0,0.0,1.0,0.5515581616378931,0.02157546924014828
15.700000000000001,25.882047258782833,25.869128644239474,24.0,0.0,1.0,0.5515581616378931,0.02157546924014828
15.8,25.869128644239474,25.85625302005419,24.0,0.0,1.0,0.5515581616378931,0.02157546924014828
15.9,25.85625302005419,25.843420243164356,24.0,0.0,1.0,0.5515581616378931,0.02157546924014828
16.0,25.843420243164356,25.830630170983433,24.0,0.0,1.0,0.551520153380137,0.021490505153583906
16.1,25.830630170983433,25.817882661399377,24.0,0.0,1.0,0.551520153380137,0.021490505153583906
16.2,25.817882661399377,25.805177572773058,24.0,0.0,1.0,0.551520153380137,0.021490505153583906
16.3,25.805177572773058,25.792514763936694,24.0,0.0,0.9994712296072618,0.551520153380137,0.021490505153583906
16.400000000000002,25.792514763936694,25.779894094192283,24.0,0.0,0.9963396401128327,0.551520153380137,0.021490505153583906
16.5,25.779894094192283,25.767315423310027,24.0,0.0,0.9932041687200422,0.551520153380137,0.021490505153583906
16.6,25.767315423310027,25.75477861152679,24.0,0.0,0.9900648283470075,0.551520153380137,0.021490505153583906
16.7,25.75477861152679,25.74228351954453,24.0,0.0,0.9869216318688593,0.551520153380137,0.021490505153583906
16.8,25.74228351954453,25.729830008528765,24.0,0.0,0.9837745921178822,0.551520153380137,0.021490505153583906
16.900000000000002,25.729830008528765,25.717417940107026,24.0,0.0,0.9806237218836581,0.551520153380137,0.021490505153583906
17.0,25.717417940107026,25.705047176367312,24.0,0.0,0.9774690339132086,0.551520153380137,0.021490505153583906
17.1,25.705047176367312,25.692717579856563,24.0,0.0,0.9743105409111348,0.551520153380137,0.021490505153583906
17.2,25.692717579856563,25.680429013579136,24.0,0.0,0.9711482555397579,0.551520153380137,0.021490505153583906
17.3,25.680429013579136,25.668181340995282,24.0,0.0,0.9679821904192651,0.551520153380137,0.021490505153583906
17.400000000000002,25.668181340995282,25.655974426019622,24.0,0.0,0.9648123581278455,0.551520153380137,0.021490505153583906
17.5,25.655974426019622,25.64380813301964,24.0,0.0,0.9616387712018287,0.551520153380137,0.021490505153583906
17.6,25.64380813301964,25.63168232681418,24.0,0.0,0.9584614421358271,0.551520153380137,0.021490505153583906
17.7,25.63168232681418,25.619596872671934,24.0,0.0,0.9552803833828747,0.551520153380137,0.021490505153583906
17.8,25.619596872671934,25.60755163630996,24.0,0.0,0.9520956073545638,0.551520153380137,0.021490505153583906
17.900000000000002,25.60755163630996,25.59554648389217,24.0,0.0,0.948907126421185,0.551520153380137,0.021490505153583906
18.0,25.59554648389217,25.58358128202786,24.0,0.0,0.944737571845081,0.550920707867974,0.02135927809267091
18.1,25.58358128202786,25.571655897770217,24.0,0.0,0.9415281096627303,0.550920707867974,0.02135927809267091
18.2,25.571655897770217,25.55977019861485,24.0,0.0,0.9383151120645573,0.550920707867974,0.02135927809267091
18.3,25.55977019861485,25.547938129567303,24.0,0.0,0.9350985908156639,0.550920707867974,0.02135927809267091
18.400000000000002,25.547938129567303,25.536228805115122,24.0,0.0,0.9318863430584146,0.550920707867974,0.02135927809267091
18.5,25.536228805115122,25.524641920135764,24.0,0.0,0.9287167075688061,0.550920707867974,0.02135927809267091
18.6,25.524641920135764,25.51317717017816,24.0,0.0,0.9255897777703854,0.550920707867974,0.02135927809267091
18.7,25.51317717017816,25.501834251461624,24.0,0.0,0.9225056468063446,0.550920707867974,0.02135927809267091
18.8,25.501834251461624,25.490612860874762,24.0,0.0,0.9194644075403481,0.550920707867974,0.02135927809267091
18.900000000000002,25.490612860874762,25.47951269597438,24.0,0.0,0.916466152557365,0.550920707867974,0.02135927809267091
19.0,25.47951269597438,25.46853345498439,24.0,0.0,0.9135109741644897,0.550920707867974,0.02135927809267091
19.1,25.46853345498439,25.457674836794734,24.0,0.0,0.9105989643917718,0.550920707867974,0.02135927809267091
19.200000000000003,25.457674836794734,25.44693654096028,24.0,0.0,0.9077302149930377,0.550920707867974,0.02135927809267091
19.3,25.44693654096028,25.436318267699733,24.0,0.0,0.9049048174467067,0.550920707867974,0.02135927809267091
19.400000000000002,25.436318267699733,25.425819717894544,24.0,0.0,0.9021228629566085,0.550920707867974,0.02135927809267091
19.5,25.425819717894544,25.415440593087823,24.0,0.0,0.8993844424527992,0.550920707867974,0.02135927809267091
19.6,25.415440593087823,25.405180595483245,24.0,0.0,0.8966896465923719,0.550920707867974,0.02135927809267091
19.700000000000003,25.405180595483245,25.395039427943956,24.0,0.0,0.8940385657602692,0.550920707867974,0.02135927809267091
19.8,25.395039427943956,25.38501679399149,24.0,0.0,0.8914312900700864,0.550920707867974,0.02135927809267091
19.900000000000002,25.38501679399149,25.375112397804667,24.0,0.0,0.8888679093648801,0.550920707867974,0.02135927809267091
20.0,25.375112397804667,25.365351964322688,24.0,0.0,0.8848711510852446,0.5498687815038679,0.02113496808052451
20.1,25.365351964322688,25.355709454628347,24.0,0.0,0.8823898604380234,0.5498687815038679,0.02113496808052451
20.200000000000003,25.355709454628347,25.34618457041755,24.0,0.0,0.8799530329867602,0.5498687815038679,0.02113496808052451
20.3,25.34618457041755,25.336777014065692,24.0,0.0,0.8775607533044303,0.5498687815038679,0.02113496808052451
20.400000000000002,25.336777014065692,25.32748628136095,24.0,0.0,0.8752131057086118,0.5498687815038679,0.02113496808052451
20.5,25.32748628136095,25.31831084910411,24.0,0.0,0.8729100598553673,0.5498687815038679,0.02113496808052451
20.6,25.31831084910411,25.30924919667768,24.0,0.0,0.8706510218721283,0.5498687815038679,0.02113496808052451
20.700000000000003,25.30924919667768,25.300299806044777,24.0,0.0,0.8684353960921201,0.5498687815038679,0.02113496808052451
20.8,25.300299806044777,25.291461161747975,24.0,0.0,0.8662625850591903,0.5498687815038679,0.02113496808052451
20.900000000000002,25.291461161747975,25.282731750908138,24.0,0.0,0.86413198953264,0.5498687815038679,0.02113496808052451
21.0,25.282731750908138,25.27411006322324,24.0,0.0,0.8620430084920239,0.5498687815038679,0.02113496808052451
21.1,25.27411006322324,25.26559459096717,24.0,0.0,0.8599950391419522,0.5498687815038679,0.02113496808052451
21.200000000000003,25.26559459096717,25.257183828988502,24.0,0.0,0.8579874769168737,0.5498687815038679,0.02113496808052451
21.3,25.257183828988502,25.24887627470927,24.0,0.0,0.8560197154858478,0.5498687815038679,0.02113496808052451
21.400000000000002,25.24887627470927,25.24067042812371,24.0,0.0,0.8540911467573004,0.5498687815038679,0.02113496808052451
21.5,25.24067042812371,25.232564791796985,24.0,0.0,0.8522011608837747,0.5498687815038679,0.02113496808052451
21.6,25.232564791796985,25.2245578708639,24.0,0.0,0.8503491462666657,0.5498687815038679,0.02113496808052451
21.700000000000003,25.2245578708639,25.2166481730276,24.0,0.0,0.848534489560939,0.5498687815038679,0.02113496808052451
21.8,25.2166481730276,25.20883420855824,24.0,0.0,0.8467565756798454,0.5498687815038679,0.02113496808052451
21.900000000000002,25.20883420855824,25.201114490291648,24.0,0.0,0.8450147877996164,0.5498687815038679,0.02113496808052451
22.0,25.201114490291648,25.19352686436386,24.0,0.0,0.8415121205548717,0.5484096085246213,0.020770698059508996
22.1,25.19352686436386,25.18603054600926,24.0,0.0,0.8398300322027442,0.5484096085246213,0.020770698059508996
22.200000000000003,25.18603054600926,25.17862404766469,24.0,0.0,0.8381824474245727,0.5484096085246213,0.020770698059508996
22.3,25.17862404766469,25.171305884465763,24.0,0.0,0.8365687369888615,0.5484096085246213,0.020770698059508996
22.400000000000002,25.171305884465763,25.164074574244673,24.0,0.0,0.8349882700599747,0.5484096085246213,0.020770698059508996
22.5,25.164074574244673,25.15692864057377,24.0,0.0,0.8334404142025451,0.5484096085246213,0.020770698059508996
22.6,25.15692864057377,25.149866627748874,24.0,0.0,0.8319245370625185,0.5484096085246213,0.020770698059508996
22.700000000000003,25.149866627748874,25.14288710076808,24.0,0.0,0.8304400146271891,0.5484096085246213,0.020770698059508996
22.8,25.14288710076808,25.135988645310494,24.0,0.0,0.8289862312565798,0.5484096085246213,0.020770698059508996
22.900000000000002,25.135988645310494,25.12916986771493,24.0,0.0,0.827562579714739,0.5484096085246213,0.020770698059508996
23.0,25.12916986771493,25.12242939495853,24.0,0.0,0.8261684612009587,0.5484096085246213,0.020770698059508996
23.1,25.12242939495853,25.115765874635347,24.0,0.0,0.8248032853809315,0.5484096085246213,0.020770698059508996
23.200000000000003,25.115765874635347,25.109177974934852,24.0,0.0,0.8234664704178141,0.5484096085246213,0.020770698059508996
23.3,25.109177974934852,25.102664384620404,24.0,0.0,0.8221574430032291,0.5484096085246213,0.020770698059508996
23.400000000000002,25.102664384620404,25.096223813007654,24.0,0.0,0.8208756383881854,0.5484096085246213,0.020770698059508996
23.5,25.096223813007654,25.089854989942893,24.0,0.0,0.8196205004139251,0.5484096085246213,0.020770698059508996
23.6,25.089854989942893,25.083556665781355,24.0,0.0,0.818391481542692,0.5484096085246213,0.020770698059508996
23.700000000000003,25.083556665781355,25.07732761136546,24.0,0.0,0.8171880428884333,0.5484096085246213,0.020770698059508996
23.8,25.07732761136546,25.07116661800301,24.0,0.0,0.8160096542474191,0.5484096085246213,0.020770698059508996
23.900000000000002,25.07116661800301,25.065072497445307,24.0,0.0,0.81485579412879,0.5484096085246213,0.020770698059508996
24.0,25.065072497445307,25.05909190576275,24.0,0.0,0.8123175845401921,0.5471186825966715,0.02045677067127014
24.1,25.05909190576275,25.05317599721008,24.0,0.0,0.8112120511212809,0.5471186825966715,0.02045677067127014
24.200000000000003,25.05317599721008,25.047323637972305,24.0,0.0,0.8101298050127234,0.5471186825966715,0.02045677067127014
24.3,25.047323637972305,25.041533714759087,24.0,0.0,0.8090703558845296,0.5471186825966715,0.02045677067127014
24.400000000000002,25.041533714759087,25.035805134779164,24.0,0.0,0.8080332223587002,0.5471186825966715,0.02045677067127014
24.5,25.035805134779164,25.030136825714706,24.0,0.0,0.8070179320371652,0.5471186825966715,0.02045677067127014
24.6,25.030136825714706,25.02452773565103,24.0,0.0,0.8060240215296359,0.5471186825966715,0.02045677067127014
24.700000000000003,25.02452773565103,25.018976832786635,24.0,0.0,0.8050510364568886,0.5471186825966715,0.02045677067127014
24.8,25.018976832786635,25.013483105143358,24.0,0.0,0.8040985313332635,0.5471186825966715,0.02045677067127014
24.900000000000002,25.013483105143358,25.008045560276695,24.0,0.0,0.8031660694486414,0.5471186825966715,0.02045677067127014
25.0,25.008045560276695,25.002663224986208,24.0,0.0,0.80225322274991,0.5471186825966715,0.02045677067127014
25.1,25.002663224986208,24.997335145026103,24.0,0.0,0.8013595717218907,0.5471186825966715,0.02045677067127014
25.200000000000003,24.997335145026103,24.99206038481593,24.0,0.0,0.800484705267768,0.5471186825966715,0.02045677067127014
25.3,24.99206038481593,24.986838027151414,24.0,0.0,0.7996282205889875,0.5471186825966715,0.02045677067127014
25.400000000000002,24.986838027151414,24.981667172915444,24.0,0.0,0.7987897230646421,0.5471186825966715,0.02045677067127014
25.5,24.981667172915444,24.976546940789184,24.0,0.0,0.797968826130343,0.5471186825966715,0.02045677067127014
25.6,24.976546940789184,24.971476466963342,24.0,0.0,0.7971651511565803,0.5471186825966715,0.02045677067127014
25.700000000000003,24.971476466963342,24.966454904849556,24.0,0.0,0.796378327326565,0.5471186825966715,0.02045677067127014
25.8,24.966454904849556,24.961481424791963,24.0,0.0,0.7956079915135562,0.5471186825966715,0.02045677067127014
25.900000000000002,24.961481424791963,24.95655521377888,24.0,0.0,0.7948537881576905,0.5471186825966715,0.02045677067127014
26.0,24.95655521377888,24.951712969036674,24.0,0.0,0.7931887477430413,0.5461730447262805,0.020226082848344287
26.1,24.951712969036674,24.946916270049684,24.0,0.0,0.7924689867248382,0.5461730447262805,0.020226082848344287
26.200000000000003,24.946916270049684,24.942164345290372,24.0,0.0,0.7917643997273255,0.5461730447262805,0.020226082848344287
26.3,24.942164345290372,24.937456438852386,24.0,0.0,0.791074655923682,0.5461730447262805,0.020226082848344287
26.400000000000002,24.937456438852386,24.932791810160232,24.0,0.0,0.7903994314900551,0.5461730447262805,0.020226082848344287
26.5,24.932791810160232,24.92816973367921,24.0,0.0,0.7897384094779993,0.5461730447262805,0.020226082848344287
26.6,24.92816973367921,24.923589498625535,24.0,0.0,0.7890912796864731,0.5461730447262805,0.020226082848344287
26.700000000000003,24.923589498625535,24.919050408677375,24.0,0.0,0.7884577385333524,0.5461730447262805,0.020226082848344287
26.8,24.919050408677375,24.914551781689937,24.0,0.0,0.7878374889268505,0.5461730447262805,0.020226082848344287
26.900000000000002,24.914551781689937,24.91009294941468,24.0,0.0,0.7872302401385899,0.5461730447262805,0.020226082848344287
27.0,24.91009294941468,24.905673257222592,24.0,0.0,0.7866357076783439,0.5461730447262805,0.020226082848344287
27.1,24.905673257222592,24.901292063831576,24.0,0.0,0.7860536131704501,0.5461730447262805,0.020226082848344287
27.200000000000003,24.901292063831576,24.896948741037914,24.0,0.0,0.7854836842319057,0.5461730447262805,0.020226082848344287
27.3,24.896948741037914,24.892642673451824,24.0,0.0,0.784925654352157,0.5461730447262805,0.020226082848344287
27.400000000000002,24.892642673451824,24.888373258237113,24.0,0.0,0.7843792627745859,0.5461730447262805,0.020226082848344287
27.5,24.888373258237113,24.884139904854923,24.0,0.0,0.7838442543797021,0.5461730447262805,0.020226082848344287
27.6,24.884139904854923,24.879942034811553,24.0,0.0,0.7833203795700612,0.5461730447262805,0.020226082848344287
27.700000000000003,24.879942034811553,24.875779081410393,24.0,0.0,0.7828073941568923,0.5461730447262805,0.020226082848344287
27.8,24.875779081410393,24.871650489507935,24.0,0.0,0.7823050592484726,0.5461730447262805,0.020226082848344287
27.900000000000002,24.871650489507935,24.867555715273884,24.0,0.0,0.7818131411402338,0.5461730447262805,0.020226082848344287
28.0,24.867555715273884,24.86351889472187,24.0,0.0,0.7807775977019077,0.5455512360726541,0.020060562026995916
28.1,24.86351889472187,24.85951466950977,24.0,0.0,0.7803075726948585,0.5455512360726541,0.020060562026995916
28.200000000000003,24.85951466950977,24.855542527200434,24.0,0.0,0.7798472974149655,0.5455512360726541,0.020060562026995916
28.3,24.855542527200434,24.851601965869353,24.0,0.0,0.7793965566616141,0.5455512360726541,0.020060562026995916
28.400000000000002,24.851601965869353,24.847692493883244,24.0,0.0,0.778955139962486,0.5455512360726541,0.020060562026995916
28.5,24.847692493883244,24.84381362968276,24.0,0.0,0.7785228414734091,0.5455512360726541,0.020060562026995916
28.6,24.84381362968276,24.83996490156934,24.0,0.0,0.7780994598800248,0.5455512360726541,0.020060562026995916
28.700000000000003,24.83996490156934,24.836145847496166,24.0,0.0,0.7776847983012831,0.5455512360726541,0.020060562026995916
28.8,24.836145847496166,24.832356014863286,24.0,0.0,0.7772786641947667,0.5455512360726541,0.020060562026995916
28.900000000000002,24.832356014863286,24.82859496031675,24.0,0.0,0.7768808692638617,0.5455512360726541,0.020060562026995916
29.0,24.82859496031675,24.82486224955176,24.0,0.0,0.7764912293667308,0.5455512360726541,0.020060562026995916
29.1,24.82486224955176,24.821157457119792,24.0,0.0,0.7761095644270752,0.5455512360726541,0.020060562026995916
29.200000000000003,24.821157457119792,24.817480166239573,24.0,0.0,0.7757356983466706,0.5455512360726541,0.020060562026995916
29.3,24.817480166239573,24.81382996861191,24.0,0.0,0.7753694589196372,0.5455512360726541,0.020060562026995916
29.400000000000002,24.81382996861191,24.810206464238266,24.0,0.0,0.7750106777484324,0.5455512360726541,0.020060562026995916
29.5,24.810206464238266,24.806609261243082,24.0,0.0,0.7746591901615294,0.5455512360726541,0.020060562026995916
29.6,24.806609261243082,24.80303797569972,24.0,0.0,0.774314835132774,0.5455512360726541,0.020060562026995916
29.700000000000003,24.80303797569972,24.799492231460032,24.0,0.0,0.77397745520238,0.5455512360726541,0.020060562026995916
29.8,24.799492231460032,24.795971659987448,24.0,0.0,0.7736468963995515,0.5455512360726541,0.020060562026995916
29.900000000000002,24.795971659987448,24.792475900193555,24.0,0.0,0.7733230081666917,0.5455512360726541,0.020060562026995916
30.0,24.792475900193555,24.78901934205161,24.0,0.0,0.7726776621858638,0.5451490122029666,0.01994411209939913
30.1,24.78901934205161,24.785586799721738,24.0,0.0,0.7723669519498075,0.5451490122029666,0.01994411209939913
30.200000000000003,24.785586799721738,24.78217793372462,24.0,0.0,0.772062488009079,0.5451490122029666,0.01994411209939913
30.3,24.78217793372462,24.778792411439778,24.0,0.0,0.7717641325172049,0.5451490122029666,0.01994411209939913
30.400000000000002,24.778792411439778,24.77542990695688,24.0,0.0,0.7714717507034243,0.5451490122029666,0.01994411209939913
30.5,24.77542990695688,24.77209010093019,24.0,0.0,0.7711852108050024,0.5451490122029666,0.01994411209939913
30.6,24.77209010093019,24.76877268043613,24.0,0.0,0.7709043840009809,0.5451490122029666,0.01994411209939913
30.700000000000003,24.76877268043613,24.765477338833886,24.0,0.0,0.7706291443473396,0.5451490122029666,0.01994411209939913
30.8,24.765477338833886,24.762203775628997,24.0,0.0,0.7703593687135308,0.5451490122029666,0.01994411209939913
30.900000000000002,24.762203775628997,24.758951696339864,24.0,0.0,0.7700949367203745,0.5451490122029666,0.01994411209939913
31.0,24.758951696339864,24.75572081236713,24.0,0.0,0.7698357306792809,0.5451490122029666,0.01994411209939913
31.1,24.75572081236713,24.75251084086588,24.0,0.0,0.7695816355327727,0.5451490122029666,0.01994411209939913
31.200000000000003,24.75251084086588,24.749321504620582,24.0,0.0,0.7693325387962913,0.5451490122029666,0.01994411209939913
31.3,24.749321504620582,24.746152531922718,24.0,0.0,0.7690883305012477,0.5451490122029666,0.01994411209939913
31.400000000000002,24.746152531922718,24.743003656451094,24.0,0.0,0.7688489031393005,0.5451490122029666,0.01994411209939913
31.5,24.743003656451094,24.7398746171547,24.0,0.0,0.7686141516078473,0.5451490122029666,0.01994411209939913
31.6,24.7398746171547,24.736765158138134,24.0,0.0,0.7683839731566775,0.5451490122029666,0.01994411209939913
31.700000000000003,24.736765158138134,24.733675028549488,24.0,0.0,0.7681582673357942,0.5451490122029666,0.01994411209939913
31.8,24.733675028549488,24.730603982470694,24.0,0.0,0.7679369359443569,0.5451490122029666,0.01994411209939913
31.900000000000002,24.730603982470694,24.727551778810227,24.0,0.0,0.7677198829807386,0.5451490122029666,0.01994411209939913
32.0,24.727551778810227,24.724526912800055,24.0,0.0,0.7673121787670771,0.5448901750297993,0.019854518739635518
32.1,24.724526912800055,24.72152038470271,24.0,0.0,0.7671024723141087,0.5448901750297993,0.019854518739635518
32.2,24.72152038470271,24.718531967203013,24.0,0.0,0.7668967886928255,0.5448901750297993,0.019854518739635518
32.300000000000004,24.718531967203013,24.71556143741202,24.0,0.0,0.7666950399991392,0.5448901750297993,0.019854518739635518
32.4,24.71556143741202,24.71260857677042,24.0,0.0,0.7664971402982397,0.5448901750297993,0.019854518739635518
32.5,24.71260857677042,24.709673170954048,24.0,0.0,0.7663030055805513,0.5448901750297993,0.019854518739635518
32.6,24.709673170954048,24.706755009781464,24.0,0.0,0.7661125537186566,0.5448901750297993,0.019854518739635518
32.7,24.706755009781464,24.703853887123582,24.0,0.0,0.7659257044251658,0.5448901750297993,0.019854518739635518
32.800000000000004,24.703853887123582,24.70096960081529,24.0,0.0,0.7657423792115159,0.5448901750297993,0.019854518739635518
32.9,24.70096960081529,24.698101952569004,24.0,0.0,0.7655625013476854,0.5448901750297993,0.019854518739635518
33.0,24.698101952569004,24.695250747890128,24.0,0.0,0.7653859958227879,0.5448901750297993,0.019854518739635518
33.1,24.695250747890128,24.692415795994403,24.0,0.0,0.7652127893065424,0.5448901750297993,0.019854518739635518
33.2,24.692415795994403,24.689596909727047,24.0,0.0,0.7650428101115987,0.5448901750297993,0.019854518739635518
33.300000000000004,24.689596909727047,24.686793905483704,24.0,0.0,0.7648759881566871,0.5448901750297993,0.019854518739635518
33.4,24.686793905483704,24.684006603133128,24.0,0.0,0.7647122549305917,0.5448901750297993,0.019854518739635518
33.5,24.684006603133128,24.681234825941587,24.0,0.0,0.7645515434569194,0.5448901750297993,0.019854518739635518
33.6,24.681234825941587,24.67847840049892,24.0,0.0,0.7643937882596522,0.5448901750297993,0.019854518739635518
33.7,24.67847840049892,24.675737156646246,24.0,0.0,0.7642389253294559,0.5448901750297993,0.019854518739635518
33.800000000000004,24.675737156646246,24.67301092740526,24.0,0.0,0.7640868920907424,0.5448901750297993,0.019854518739635518
33.9,24.67301092740526,24.67029954890912,24.0,0.0,0.7639376273694658,0.5448901750297993,0.019854518739635518
34.0,24.67029954890912,24.6676080473071,24.0,0.0,0.7636745971201727,0.5447232739384639,0.019785885018633875
34.1,24.6676080473071,24.664931085303042,24.0,0.0,0.7635293951618636,0.5447232739384639,0.019785885018633875
34.2,24.664931085303042,24.662268507415387,24.0,0.0,0.7633868166547155,0.5447232739384639,0.019785885018633875
34.300000000000004,24.662268507415387,24.65962016102019,24.0,0.0,0.7632468053645542,0.5447232739384639,0.019785885018633875
34.4,24.65962016102019,24.65698589628919,24.0,0.0,0.7631093063118309,0.5447232739384639,0.019785885018633875
34.5,24.65698589628919,24.654365566129243,24.0,0.0,0.7629742657434241,0.5447232739384639,0.019785885018633875
34.6,24.654365566129243,24.65175902612312,24.0,0.0,0.7628416311050572,0.5447232739384639,0.019785885018633875
34.7,24.65175902612312,24.649166134471617,24.0,0.0,0.762711351014343,0.5447232739384639,0.019785885018633875
34.800000000000004,24.649166134471617,24.646586751936944,24.0,0.0,0.7625833752344333,0.5447232739384639,0.019785885018633875
34.9,24.646586751936944,24.6440207417874,24.0,0.0,0.7624576546482461,0.5447232739384639,0.019785885018633875
35.0,24.6440207417874,24.641467969743253,24.0,0.0,0.7623341412332896,0.5447232739384639,0.019785885018633875
35.1,24.641467969743253,24.63892830392384,24.0,0.0,0.7622127880370307,0.5447232739384639,0.019785885018633875
35.2,24.63892830392384,24.636401614795858,24.0,0.0,0.7620935491528296,0.5447232739384639,0.019785885018633875
35.300000000000004,24.636401614795858,24.633887775122776,24.0,0.0,0.7619763796964124,0.5447232739384639,0.019785885018633875
35.4,24.633887775122776,24.63138665991541,24.0,0.0,0.7618612357828647,0.5447232739384639,0.019785885018633875
35.5,24.63138665991541,24.628898146383573,24.0,0.0,0.7617480745041495,0.5447232739384639,0.019785885018633875
35.6,24.628898146383573,24.626422113888818,24.0,0.0,0.7616368539071248,0.5447232739384639,0.019785885018633875
35.7,24.626422113888818,24.62395844389823,24.0,0.0,0.7615275329720571,0.5447232739384639,0.019785885018633875
35.800000000000004,24.62395844389823,24.621507019939248,24.0,0.0,0.7614200715916167,0.5447232739384639,0.019785885018633875
35.9,24.621507019939248,24.619067727555507,24.0,0.0,0.7613144305503488,0.5447232739384639,0.019785885018633875
36.0,24.619067727555507,24.616643555072525,24.0,0.0,0.7611423931287116,0.5446184326354485,0.01973299082739715
36.1,24.616643555072525,24.61423131531778,24.0,0.0,0.7610389662721939,0.5446184326354485,0.01973299082739715
36.2,24.61423131531778,24.611830898739502,24.0,0.0,0.760937278128931,0.5446184326354485,0.01973299082739715
36.300000000000004,24.611830898739502,24.60944219764756,24.0,0.0,0.760837292365671,0.5446184326354485,0.01973299082739715
36.4,24.60944219764756,24.607065106173884,24.0,0.0,0.7607389734505439,0.5446184326354485,0.01973299082739715
36.5,24.607065106173884,24.604699520233737,24.0,0.0,0.7606422866350957,0.5446184326354485,0.01973299082739715
36.6,24.604699520233737,24.602345337487865,24.0,0.0,0.7605471979367187,0.5446184326354485,0.01973299082739715
36.7,24.602345337487865,24.600002457305493,24.0,0.0,0.7604536741214816,0.5446184326354485,0.01973299082739715
36.800000000000004,24.600002457305493,24.597670780728144,24.0,0.0,0.760361682687348,0.5446184326354485,0.01973299082739715
36.9,24.597670780728144,24.595350210434262,24.0,0.0,0.7602711918477709,0.5446184326354485,0.01973299082739715
37.0,24.595350210434262,24.593040650704623,24.0,0.0,0.7601821705156551,0.5446184326354485,0.01973299082739715
37.1,24.593040650704623,24.59074200738852,24.0,0.0,0.760094588287684,0.5446184326354485,0.01973299082739715
37.2,24.59074200738852,24.5884541878707,24.0,0.0,0.7600084154289959,0.5446184326354485,0.01973299082739715
37.300000000000004,24.5884541878707,24.586177101039024,24.0,0.0,0.7599236228582067,0.5446184326354485,0.01973299082739715
37.4,24.586177101039024,24.583910657252886,24.0,0.0,0.7598401821327682,0.5446184326354485,0.01973299082739715
37.5,24.583910657252886,24.581654768312287,24.0,0.0,0.7597580654346647,0.5446184326354485,0.01973299082739715
37.6,24.581654768312287,24.579409347427625,24.0,0.0,0.7596772455564178,0.5446184326354485,0.01973299082739715
37.7,24.579409347427625,24.577174309190152,24.0,0.0,0.7595976958874158,0.5446184326354485,0.01973299082739715
37.800000000000004,24.577174309190152,24.574949569543097,24.0,0.0,0.759519390400549,0.5446184326354485,0.01973299082739715
37.9,24.574949569543097,24.57273504575341,24.0,0.0,0.7594423036391491,0.5446184326354485,0.01973299082739715
38.0,24.57273504575341,24.570532471447397,24.0,0.0,0.7593270993256811,0.5445540166634747,0.019690770713648907
38.1,24.570532471447397,24.56833998029066,24.0,0.0,0.7592511010483372,0.5445540166634747,0.019690770713648907
38.2,24.56833998029066,24.56615749244016,24.0,0.0,0.759176276406367,0.5445540166634747,0.019690770713648907
38.300000000000004,24.56615749244016,24.56398492928583,24.0,0.0,0.7591026016182029,0.5445540166634747,0.019690770713648907
38.400000000000006,24.56398492928583,24.561822213425145,24.0,0.0,0.7590300534189104,0.5445540166634747,0.019690770713648907
38.5,24.561822213425145,24.55966926863824,24.0,0.0,0.7589586090487117,0.5445540166634747,0.019690770713648907
38.6,24.55966926863824,24.55752601986358,24.0,0.0,0.7588882462417699,0.5445540166634747,0.019690770713648907
38.7,24.55752601986358,24.55539239317419,24.0,0.0,0.7588189432152235,0.5445540166634747,0.019690770713648907
38.800000000000004,24.55539239317419,24.553268315754387,24.0,0.0,0.758750678658466,0.5445540166634747,0.019690770713648907
38.900000000000006,24.553268315754387,24.551153715877025,24.0,0.0,0.758683431722672,0.5445540166634747,0.019690770713648907
39.0,24.551153715877025,24.54904852288126,24.0,0.0,0.7586171820105492,0.5445540166634747,0.019690770713648907
39.1,24.54904852288126,24.54695266715081,24.0,0.0,0.7585519095663266,0.5445540166634747,0.019690770713648907
39.2,24.54695266715081,24.544866080092653,24.0,0.0,0.7584875948659701,0.5445540166634747,0.019690770713648907
39.300000000000004,24.544866080092653,24.542788694116258,24.0,0.0,0.7584242188076085,0.5445540166634747,0.019690770713648907
39.400000000000006,24.542788694116258,24.540720442613214,24.0,0.0,0.7583617627021824,0.5445540166634747,0.019690770713648907
39.5,24.540720442613214,24.538661259937356,24.0,0.0,0.7583002082642976,0.5445540166634747,0.019690770713648907
39.6,24.538661259937356,24.536611081385296,24.0,0.0,0.7582395376032907,0.5445540166634747,0.019690770713648907
39.7,24.536611081385296,24.534569843177394,24.0,0.0,0.7581797332144847,0.5445540166634747,0.019690770713648907
39.800000000000004,24.534569843177394,24.532537482439167,24.0,0.0,0.7581207779706487,0.5445540166634747,0.019690770713648907
39.900000000000006,24.532537482439167,24.530513937183073,24.0,0.0,0.7580626551136516,0.5445540166634747,0.019690770713648907
40.0,24.530513937183073,24.528500192848913,24.0,0.0,0.7579828883717841,0.5445151637693219,0.019655938967856106
40.1,24.528500192848913,24.526495173067595,24.0,0.0,0.7579251907993931,0.5445151637693219,0.019655938967856106
40.2,24.526495173067595,24.524498817560854,24.0,0.0,0.7578683028236766,0.5445151637693219,0.019655938967856106
40.300000000000004,24.524498817560854,24.522511066884135,24.0,0.0,0.7578122086526508,0.5445151637693219,0.019655938967856106
40.400000000000006,24.522511066884135,24.52053186241007,24.0,0.0,0.7577568928314551,0.5445151637693219,0.019655938967856106
40.5,24.52053186241007,24.518561146312305,24.0,0.0,0.7577023402349624,0.5445151637693219,0.019655938967856106
40.6,24.518561146312305,24.516598861549685,24.0,0.0,0.757648536060546,0.5445151637693219,0.019655938967856106
40.7,24.516598861549685,24.514644951850787,24.0,0.0,0.7575954658210148,0.5445151637693219,0.019655938967856106
40.800000000000004,24.514644951850787,24.512699361698782,24.0,0.0,0.7575431153376984,0.5445151637693219,0.019655938967856106
40.900000000000006,24.512699361698782,24.51076203631664,24.0,0.0,0.7574914707336926,0.5445151637693219,0.019655938967856106
41.0,24.51076203631664,24.508832921652626,24.0,0.0,0.7574405184272537,0.5445151637693219,0.019655938967856106
41.1,24.508832921652626,24.506911964366157,24.0,0.0,0.7573902451253333,0.5445151637693219,0.019655938967856106
41.2,24.506911964366157,24.504999111813923,24.0,0.0,0.7573406378172636,0.5445151637693219,0.019655938967856106
41.300000000000004,24.504999111813923,24.50309431203634,24.0,0.0,0.7572916837685808,0.5445151637693219,0.019655938967856106
41.400000000000006,24.50309431203634,24.501197513744273,24.0,0.0,0.7572433705149879,0.5445151637693219,0.019655938967856106
41.5,24.501197513744273,24.499308666306074,24.0,0.0,0.7571956858564464,0.5445151637693219,0.019655938967856106
41.6,24.499308666306074,24.49742771973487,24.0,0.0,0.7571486178514035,0.5445151637693219,0.019655938967856106
41.7,24.49742771973487,24.495554624676146,24.0,0.0,0.7571021548111452,0.5445151637693219,0.019655938967856106
41.800000000000004,24.495554624676146,24.493689332395597,24.0,0.0,0.7570562852942763,0.5445151637693219,0.019655938967856106
41.900000000000006,24.493689332395597,24.491831794767236,24.0,0.0,0.7570109981013207,0.5445151637693219,0.019655938967856106
42.0,24.491831794767236,24.489982562194637,24.0,0.0,0.7569536647455503,0.5444924652432178,0.019626382784653406
42.1,24.489982562194637,24.488141019508944,24.0,0.0,0.7569084300756312,0.5444924652432178,0.019626382784653406
42.2,24.488141019508944,24.486307119566575,24.0,0.0,0.7568637682090252,0.5444924652432178,0.019626382784653406
42.300000000000004,24.486307119566575,24.48448081580125,24.0,0.0,0.756819668476347,0.5444924652432178,0.019626382784653406
42.400000000000006,24.48448081580125,24.482662062213084,24.0,0.0,0.7567761204311547,0.5444924652432178,0.019626382784653406
42.5,24.482662062213084,24.48085081335795,24.0,0.0,0.7567331138451275,0.5444924652432178,0.019626382784653406
42.6,24.48085081335795,24.479047024337017,24.0,0.0,0.7566906387033543,0.5444924652432178,0.019626382784653406
42.7,24.479047024337017,24.47725065078656,24.0,0.0,0.7566486851997167,0.5444924652432178,0.019626382784653406
42.800000000000004,24.47725065078656,24.475461648867945,24.0,0.0,0.7566072437323859,0.5444924652432178,0.019626382784653406
42.900000000000006,24.475461648867945,24.473679975257866,24.0,0.0,0.7565663048994058,0.5444924652432178,0.019626382784653406
43.0,24.473679975257866,24.471905587138764,24.0,0.0,0.7565258594943787,0.5444924652432178,0.019626382784653406
43.1,24.471905587138764,24.47013844218945,24.0,0.0,0.7564858985022505,0.5444924652432178,0.019626382784653406
43.2,24.47013844218945,24.46837849857596,24.0,0.0,0.7564464130951765,0.5444924652432178,0.019626382784653406
43.300000000000004,24.46837849857596,24.466625714942545,24.0,0.0,0.7564073946284919,0.5444924652432178,0.019626382784653406
43.400000000000006,24.466625714942545,24.464880050402925,24.0,0.0,0.756368834636759,0.5444924652432178,0.019626382784653406
43.5,24.464880050402925,24.463141464531663,24.0,0.0,0.7563307248299096,0.5444924652432178,0.019626382784653406
43.6,24.463141464531663,24.461409917355763,24.0,0.0,0.7562930570894633,0.5444924652432178,0.019626382784653406
43.7,24.461409917355763,24.45968536934643,24.0,0.0,0.7562558234648383,0.5444924652432178,0.019626382784653406
43.800000000000004,24.45968536934643,24.457967781411014,24.0,0.0,0.7562190161697369,0.5444924652432178,0.019626382784653406
43.900000000000006,24.457967781411014,24.4562571148851,24.0,0.0,0.7561826275786108,0.5444924652432178,0.019626382784653406
44.0,24.4562571148851,24.45455366743196,24.0,0.0,0.7561397625600786,0.5444799353422775,0.019600721668728963
44.1,24.45455366743196,24.45285709293357,24.0,0.0,0.7561032275928163,0.5444799353422775,0.019600721668728963
44.2,24.45285709293357,24.4511673532689,24.0,0.0,0.75606710940306,0.5444799353422775,0.019600721668728963
44.300000000000004,24.4511673532689,24.449484410727816,24.0,0.0,0.7560314006314394,0.5444799353422775,0.019600721668728963
44.400000000000006,24.449484410727816,24.447808228003787,24.0,0.0,0.755996094068396,0.5444799353422775,0.019600721668728963
44.5,24.447808228003787,24.446138768186728,24.0,0.0,0.7559611826510014,0.5444799353422775,0.019600721668728963
44.6,24.446138768186728,24.444475994756004,24.0,0.0,0.7559266594598385,0.5444799353422775,0.019600721668728963
44.7,24.444475994756004,24.442819871573576,24.0,0.0,0.7558925177159537,0.5444799353422775,0.019600721668728963
44.800000000000004,24.442819871573576,24.441170362877283,24.0,0.0,0.7558587507778759,0.5444799353422775,0.019600721668728963
44.900000000000006,24.441170362877283,24.43952743327428,24.0,0.0,0.7558253521386968,0.5444799353422775,0.019600721668728963
45.0,24.43952743327428,24.437891047734585,24.0,0.0,0.755792315423219,0.5444799353422775,0.019600721668728963
45.1,24.437891047734585,24.436261171584803,24.0,0.0,0.7557596343851587,0.5444799353422775,0.019600721668728963
45.2,24.436261171584803,24.434637770501936,24.0,0.0,0.7557273029044205,0.5444799353422775,0.019600721668728963
45.300000000000004,24.434637770501936,24.433020810507347,24.0,0.0,0.755695314984419,0.5444799353422775,0.019600721668728963
45.400000000000006,24.433020810507347,24.431410257960838,24.0,0.0,0.7556636647494663,0.5444799353422775,0.019600721668728963
45.5,24.431410257960838,24.429806079554865,24.0,0.0,0.7556323464422101,0.5444799353422775,0.019600721668728963
45.6,24.429806079554865,24.428208242308852,24.0,0.0,0.7556013544211369,0.5444799353422775,0.019600721668728963
45.7,24.428208242308852,24.42661671356364,24.0,0.0,0.7555706831581152,0.5444799353422775,0.019600721668728963
45.800000000000004,24.42661671356364,24.42503146097604,24.0,0.0,0.7555403272360054,0.5444799353422775,0.019600721668728963
45.900000000000006,24.42503146097604,24.423452452513505,24.0,0.0,0.7555102813463126,0.5444799353422775,0.019600721668728963
46.0,24.423452452513505,24.421879839814146,24.0,0.0,0.7554769890742327,0.5444738167162595,0.019578044613473043
46.1,24.421879839814146,24.4203134330739,24.0,0.0,0.7554467008681367,0.5444738167162595,0.019578044613473043
46.2,24.4203134330739,24.418753200545112,24.0,0.0,0.7554167249261815,0.5444738167162595,0.019578044613473043
46.300000000000004,24.418753200545112,24.417199110781702,24.0,0.0,0.7553870560504977,0.5444738167162595,0.019578044613473043
46.400000000000006,24.417199110781702,24.415651132634164,24.0,0.0,0.755357689145853,0.5444738167162595,0.019578044613473043
46.5,24.415651132634164,24.414109235244688,24.0,0.0,0.7553286192175046,0.5444738167162595,0.019578044613473043
46.6,24.414109235244688,24.41257338804236,24.0,0.0,0.7552998413691189,0.5444738167162595,0.019578044613473043
46.7,24.41257338804236,24.411043560738474,24.0,0.0,0.7552713508007177,0.5444738167162595,0.019578044613473043
46.800000000000004,24.411043560738474,24.409519723321925,24.0,0.0,0.7552431428066753,0.5444738167162595,0.019578044613473043
46.900000000000006,24.409519723321925,24.408001846054706,24.0,0.0,0.755215212773761,0.5444738167162595,0.019578044613473043
47.0,24.408001846054706,24.4064898994675,24.0,0.0,0.7551875561792155,0.5444738167162595,0.019578044613473043
47.1,24.4064898994675,24.404983854355343,24.0,0.0,0.7551601685888776,0.5444738167162595,0.019578044613473043
47.2,24.404983854355343,24.40348368177339,24.0,0.0,0.7551330456553461,0.5444738167162595,0.019578044613473043
47.300000000000004,24.40348368177339,24.401989353032768,24.0,0.0,0.7551061831161743,0.5444738167162595,0.019578044613473043
47.400000000000006,24.401989353032768,24.400500839696488,24.0,0.0,0.75507957679212,0.5444738167162595,0.019578044613473043
47.5,24.400500839696488,24.39901811357547,24.0,0.0,0.7550532225854135,0.5444738167162595,0.019578044613473043
47.6,24.39901811357547,24.397541146724635,24.0,0.0,0.755027116478074,0.5444738167162595,0.019578044613473043
47.7,24.397541146724635,24.396069911439067,24.0,0.0,0.7550012545302635,0.5444738167162595,0.019578044613473043
47.800000000000004,24.396069911439067,24.394604380250264,24.0,0.0,0.7549756328786639,0.5444738167162595,0.019578044613473043
47.900000000000006,24.394604380250264,24.39314452592246,24.0,0.0,0.7549502477349008,0.5444738167162595,0.019578044613473043
48.0,24.39314452592246,24.391690415990357,24.0,0.0,0.7549234834732237,0.5444717471965501,0.019557739347222675
48.1,24.391690415990357,24.39024195136279,24.0,0.0,0.754897819603951,0.5444717471965501,0.019557739347222675
48.2,24.39024195136279,24.388799104940222,24.0,0.0,0.754872396574137,0.5444717471965501,0.019557739347222675
48.300000000000004,24.388799104940222,24.38736184985168,24.0,0.0,0.7548472106167913,0.5444717471965501,0.019557739347222675
48.400000000000006,24.38736184985168,24.385930159451256,24.0,0.0,0.7548222580368107,0.5444717471965501,0.019557739347222675
48.5,24.385930159451256,24.38450400731469,24.0,0.0,0.7547975352095257,0.5444717471965501,0.019557739347222675
48.6,24.38450400731469,24.383083367236,24.0,0.0,0.7547730385792634,0.5444717471965501,0.019557739347222675
48.7,24.383083367236,24.38166821322421,24.0,0.0,0.7547487646579484,0.5444717471965501,0.019557739347222675
48.800000000000004,24.38166821322421,24.380258519500096,24.0,0.0,0.754724710023732,0.5444717471965501,0.019557739347222675
48.900000000000006,24.380258519500096,24.378854260493046,24.0,0.0,0.7547008713196462,0.5444717471965501,0.019557739347222675
49.0,24.378854260493046,24.377455410837946,24.0,0.0,0.7546772452522923,0.5444717471965501,0.019557739347222675
49.1,24.377455410837946,24.37606194537214,24.0,0.0,0.7546538285905515,0.5444717471965501,0.019557739347222675
49.2,24.37606194537214,24.374673839132438,24.0,0.0,0.7546306181643255,0.5444717471965501,0.019557739347222675
49.300000000000004,24.374673839132438,24.37329106735221,24.0,0.0,0.7546076108632982,0.5444717471965501,0.019557739347222675
49.400000000000006,24.37329106735221,24.371913605458495,24.0,0.0,0.7545848036357351,0.5444717471965501,0.019557739347222675
49.5,24.371913605458495,24.370541429069206,24.0,0.0,0.7545621934872923,0.5444717471965501,0.019557739347222675
49.6,24.370541429069206,24.36917451399035,24.0,0.0,0.7545397774798626,0.5444717471965501,0.019557739347222675
49.7,24.36917451399035,24.36781283621335,24.0,0.0,0.7545175527304355,0.5444717471965501,0.019557739347222675
49.800000000000004,24.36781283621335,24.36645637191236,24.0,0.0,0.7544955164099951,0.5444717471965501,0.019557739347222675
49.900000000000006,24.36645637191236,24.365105097441685,24.0,0.0,0.7544736657424244,0.5444717471965501,0.019557739347222675
50.0,24.365105097441685,24.36375903224594,24.0,0.0,0.754451491952153,0.54447219709147,0.019539379970026458
50.1,24.36375903224594,24.362418129694845,24.0,0.0,0.7544293594724563,0.54447219709147,0.019539379970026458
50.2,24.362418129694845,24.361082366196534,24.0,0.0,0.754407417868789,0.54447219709147,0.019539379970026458
50.300000000000004,24.361082366196534,24.359751718337943,24.0,0.0,0.754385664337428,0.54447219709147,0.019539379970026458
50.400000000000006,24.359751718337943,24.358426162882292,24.0,0.0,0.7543640961262534,0.54447219709147,0.019539379970026458
50.5,24.358426162882292,24.35710567676663,24.0,0.0,0.7543427105337241,0.54447219709147,0.019539379970026458
50.6,24.35710567676663,24.355790237099406,24.0,0.0,0.7543215049078801,0.54447219709147,0.019539379970026458
50.7,24.355790237099406,24.35447982115811,24.0,0.0,0.7543004766453567,0.54447219709147,0.019539379970026458
50.800000000000004,24.35447982115811,24.353174406386955,24.0,0.0,0.7542796231904282,0.54447219709147,0.019539379970026458
50.900000000000006,24.353174406386955,24.351873970394568,24.0,0.0,0.7542589420340693,0.54447219709147,0.019539379970026458
51.0,24.351873970394568,24.35057849095178,24.0,0.0,0.7542384307130273,0.54447219709147,0.019539379970026458
51.1,24.35057849095178,24.34928794598941,24.0,0.0,0.7542180868089281,0.54447219709147,0.019539379970026458
51.2,24.34928794598941,24.34800231359612,24.0,0.0,0.7541979079473852,0.54447219709147,0.019539379970026458
51.300000000000004,24.34800231359612,24.346721572016282,24.0,0.0,0.7541778917971385,0.54447219709147,0.019539379970026458
51.400000000000006,24.346721572016282,24.345445699647918,24.0,0.0,0.7541580360692013,0.54447219709147,0.019539379970026458
51.5,24.345445699647918,24.34417467504065,24.0,0.0,0.7541383385160331,0.54447219709147,0.019539379970026458
51.6,24.34417467504065,24.342908476893705,24.0,0.0,0.7541187969307253,0.54447219709147,0.019539379970026458
51.7,24.342908476893705,24.341647084053935,24.0,0.0,0.7540994091462008,0.54447219709147,0.019539379970026458
51.800000000000004,24.341647084053935,24.340390475513914,24.0,0.0,0.7540801730344344,0.54447219709147,0.019539379970026458
51.900000000000006,24.340390475513914,24.339138630410027,24.0,0.0,0.7540610865056894,0.54447219709147,0.019539379970026458
52.0,24.339138630410027,24.337891541492844,24.0,0.0,0.7540422672226277,0.5444742216232097,0.01952266462089728
52.1,24.337891541492844,24.336649191835022,24.0,0.0,0.7540229137794302,0.5444742216232097,0.01952266462089728
52.2,24.336649191835022,24.33541156058378,24.0,0.0,0.7540037153432128,0.5444742216232097,0.01952266462089728
52.300000000000004,24.33541156058378,24.33417862703036,24.0,0.0,0.7539846697717605,0.5444742216232097,0.01952266462089728
52.400000000000006,24.33417862703036,24.332950370608206,24.0,0.0,0.7539657749608488,0.5444742216232097,0.01952266462089728
52.5,24.332950370608206,24.331726770891102,24.0,0.0,0.7539470288435206,0.5444742216232097,0.01952266462089728
52.6,24.331726770891102,24.330507807591424,24.0,0.0,0.7539284293893601,0.5444742216232097,0.01952266462089728
52.7,24.330507807591424,24.32929346055836,24.0,0.0,0.7539099746038003,0.5444742216232097,0.01952266462089728
52.800000000000004,24.32929346055836,24.328083709776198,24.0,0.0,0.7538916625274266,0.5444742216232097,0.01952266462089728
52.900000000000006,24.328083709776198,24.326878535362628,24.0,0.0,0.7538734912353043,0.5444742216232097,0.01952266462089728
53.0,24.326878535362628,24.32567791756708,24.0,0.0,0.7538554588363209,0.5444742216232097,0.01952266462089728
53.1,24.32567791756708,24.3244818367691,24.0,0.0,0.7538375634725328,0.5444742216232097,0.01952266462089728
53.2,24.3244818367691,24.323290273476726,24.0,0.0,0.7538198033185348,0.5444742216232097,0.01952266462089728
53.300000000000004,24.323290273476726,24.322103208324933,24.0,0.0,0.7538021765808336,0.5444742216232097,0.01952266462089728
53.400000000000006,24.322103208324933,24.320920622074077,24.0,0.0,0.7537846814972392,0.5444742216232097,0.01952266462089728
53.5,24.320920622074077,24.31974249560837,24.0,0.0,0.7537673163362704,0.5444742216232097,0.01952266462089728
53.6,24.31974249560837,24.31856880993439,24.0,0.0,0.753750079396562,0.5444742216232097,0.01952266462089728
53.7,24.31856880993439,24.31739954617962,24.0,0.0,0.7537329690062945,0.5444742216232097,0.01952266462089728
53.800000000000004,24.31739954617962,24.31623468559099,24.0,0.0,0.7537159835226319,0.5444742216232097,0.01952266462089728
53.900000000000006,24.31623468559099,24.31507420953348,24.0,0.0,0.7536991213311683,0.5444742216232097,0.01952266462089728
54.0,24.31507420953348,24.313918096301627,24.0,0.0,0.753682834417319,0.5444771909500451,0.01950736707014384
54.1,24.313918096301627,24.312766345597446,24.0,0.0,0.7536657286858706,0.5444771909500451,0.01950736707014384
54.2,24.312766345597446,24.31161893877675,24.0,0.0,0.7536487514888587,0.5444771909500451,0.01950736707014384
54.300000000000004,24.31161893877675,24.310475857314426,24.0,0.0,0.753631901148722,0.5444771909500451,0.01950736707014384
54.400000000000006,24.310475857314426,24.30933708280303,24.0,0.0,0.7536151760165939,0.5444771909500451,0.01950736707014384
54.5,24.30933708280303,24.308202596951393,24.0,0.0,0.7535985744717678,0.5444771909500451,0.01950736707014384
54.6,24.308202596951393,24.307072381583282,24.0,0.0,0.7535820949211663,0.5444771909500451,0.01950736707014384
54.7,24.307072381583282,24.30594641863604,24.0,0.0,0.7535657357988337,0.5444771909500451,0.01950736707014384
54.800000000000004,24.30594641863604,24.304824690159286,24.0,0.0,0.7535494955654183,0.5444771909500451,0.01950736707014384
54.900000000000006,24.304824690159286,24.303707178313623,24.0,0.0,0.7535333727076847,0.5444771909500451,0.01950736707014384
55.0,24.303707178313623,24.30259386536936,24.0,0.0,0.7535173657380245,0.5444771909500451,0.01950736707014384
55.1,24.30259386536936,24.301484733705276,24.0,0.0,0.7535014731939775,0.5444771909500451,0.01950736707014384
55.2,24.301484733705276,24.300379765807378,24.0,0.0,0.7534856936377669,0.5444771909500451,0.01950736707014384
55.300000000000004,24.300379765807378,24.29927894426771,24.0,0.0,0.753470025655834,0.5444771909500451,0.01950736707014384
55.400000000000006,24.29927894426771,24.298182251783153,24.0,0.0,0.7534544678583971,0.5444771909500451,0.01950736707014384
55.5,24.298182251783153,24.29708967115427,24.0,0.0,0.7534390188790039,0.5444771909500451,0.01950736707014384
55.6,24.29708967115427,24.296001185284155,24.0,0.0,0.7534236773740994,0.5444771909500451,0.01950736707014384
55.7,24.296001185284155,24.2949167771773,24.0,0.0,0.7534084420226029,0.5444771909500451,0.01950736707014384
55.800000000000004,24.2949167771773,24.29383642993849,24.0,0.0,0.7533933115254929,0.5444771909500451,0.01950736707014384
55.900000000000006,24.29383642993849,24.292760126771718,24.0,0.0,0.753378284605395,0.5444771909500451,0.01950736707014384
56.0,24.292760126771718,24.29168783890399,24.0,0.0,0.7533639892881288,0.5444807451655794,0.01949331971165376
56.1,24.29168783890399,24.29061957477204,24.0,0.0,0.7533487456208516,0.5444807451655794,0.01949331971165376
56.2,24.29061957477204,24.289555317563867,24.0,0.0,0.7533336103988043,0.5444807451655794,0.01949331971165376
56.300000000000004,24.289555317563867,24.288495050568077,24.0,0.0,0.753318582278998,0.5444807451655794,0.01949331971165376
56.400000000000006,24.288495050568077,24.287438757172783,24.0,0.0,0.7533036599406512,0.5444807451655794,0.01949331971165376
56.5,24.287438757172783,24.286386420864524,24.0,0.0,0.753288842084777,0.5444807451655794,0.01949331971165376
56.6,24.286386420864524,24.285338025227208,24.0,0.0,0.7532741274337901,0.5444807451655794,0.01949331971165376
56.7,24.285338025227208,24.284293553941062,24.0,0.0,0.7532595147311207,0.5444807451655794,0.01949331971165376
56.800000000000004,24.284293553941062,24.283252990781598,24.0,0.0,0.7532450027408292,0.5444807451655794,0.01949331971165376
56.900000000000006,24.283252990781598,24.282216319618605,24.0,0.0,0.7532305902472313,0.5444807451655794,0.01949331971165376
57.0,24.282216319618605,24.28118352441516,24.0,0.0,0.7532162760545305,0.5444807451655794,0.01949331971165376
57.1,24.28118352441516,24.280154589226633,24.0,0.0,0.7532020589864619,0.5444807451655794,0.01949331971165376
57.2,24.280154589226633,24.27912949819974,24.0,0.0,0.7531879378859346,0.5444807451655794,0.01949331971165376
57.300000000000004,24.27912949819974,24.27810823557158,24.0,0.0,0.7531739116146855,0.5444807451655794,0.01949331971165376
57.400000000000006,24.27810823557158,24.277090785668705,24.0,0.0,0.7531599790529389,0.5444807451655794,0.01949331971165376
57.5,24.277090785668705,24.276077132906206,24.0,0.0,0.7531461390990721,0.5444807451655794,0.01949331971165376
57.6,24.276077132906206,24.275067261786806,24.0,0.0,0.7531323906692895,0.5444807451655794,0.01949331971165376
57.7,24.275067261786806,24.27406115689997,24.0,0.0,0.753118732697299,0.5444807451655794,0.01949331971165376
57.800000000000004,24.27406115689997,24.273058802921025,24.0,0.0,0.7531051641339989,0.5444807451655794,0.01949331971165376
57.900000000000006,24.273058802921025,24.272060184610307,24.0,0.0,0.753091683947166,0.5444807451655794,0.01949331971165376
58.0,24.272060184610307,24.271065270059392,24.0,0.0,0.7530789857701492,0.544484591842712,0.019480385856788376
58.1,24.271065270059392,24.270074072190194,24.0,0.0,0.7530653157322889,0.544484591842712,0.019480385856788376
58.2,24.270074072190194,24.269086575747345,24.0,0.0,0.7530517384786615,0.544484591842712,0.019480385856788376
58.300000000000004,24.269086575747345,24.26810276556199,24.0,0.0,0.7530382529134743,0.544484591842712,0.019480385856788376
58.400000000000006,24.26810276556199,24.267122626550922,24.0,0.0,0.7530248579584935,0.544484591842712,0.019480385856788376
58.5,24.267122626550922,24.2661461437157,24.0,0.0,0.7530115525527312,0.544484591842712,0.019480385856788376
58.6,24.2661461437157,24.265173302141818,24.0,0.0,0.7529983356521427,0.544484591842712,0.019480385856788376
58.7,24.265173302141818,24.264204086997843,24.0,0.0,0.7529852062293234,0.544484591842712,0.019480385856788376
58.800000000000004,24.264204086997843,24.26323848353461,24.0,0.0,0.7529721632732141,0.544484591842712,0.019480385856788376
58.900000000000006,24.26323848353461,24.2622764770844,24.0,0.0,0.7529592057888153,0.544484591842712,0.019480385856788376
59.0,24.2622764770844,24.261318053060133,24.0,0.0,0.7529463327968977,0.544484591842712,0.019480385856788376
59.1,24.261318053060133,24.260363196954597,24.0,0.0,0.752933543333729,0.544484591842712,0.019480385856788376
59.2,24.260363196954597,24.25941189433965,24.0,0.0,0.7529208364507954,0.544484591842712,0.019480385856788376
59.300000000000004,24.25941189433965,24.258464130865473,24.0,0.0,0.7529082112145348,0.544484591842712,0.019480385856788376
59.400000000000006,24.258464130865473,24.257519892259815,24.0,0.0,0.7528956667060743,0.544484591842712,0.019480385856788376
59.5,24.257519892259815,24.25657916432724,24.0,0.0,0.7528832020209723,0.544484591842712,0.019480385856788376
59.6,24.25657916432724,24.255641932948404,24.0,0.0,0.752870816268959,0.544484591842712,0.019480385856788376
59.7,24.255641932948404,24.254708184079345,24.0,0.0,0.7528585085736931,0.544484591842712,0.019480385856788376
59.800000000000004,24.254708184079345,24.25377790375076,24.0,0.0,0.7528462780725146,0.544484591842712,0.019480385856788376
59.900000000000006,24.25377790375076,24.25285107806731,24.0,0.0,0.7528341239162045,0.544484591842712,0.019480385856788376
60.0,24.25285107806731,24.25525545865928,24.0,1.0,0.7528227503700383,0.5444885735195956,0.01946845511858664
60.1,24.25525545865928,24.257652201919583,24.0,1.0,0.7546288510728278,0.5444885735195956,0.01946845511858664
60.2,24.257652201919583,24.260041330793474,24.0,1.0,0.7564354594246501,0.5444885735195956,0.01946845511858664
60.300000000000004,24.260041330793474,24.262422868179033,24.0,1.0,0.7582425730949021,0.5444885735195956,0.01946845511858664
60.400000000000006,24.262422868179033,24.264796836926845,24.0,1.0,0.7600501897718726,0.5444885735195956,0.01946845511858664
60.5,24.264796836926845,24.267163259839695,24.0,1.0,0.7618583071624738,0.5444885735195956,0.01946845511858664
60.6,24.267163259839695,24.269522159672285,24.0,1.0,0.763666922991988,0.5444885735195956,0.01946845511858664
60.7,24.269522159672285,24.271873559130942,24.0,1.0,0.7654760350038149,0.5444885735195956,0.01946845511858664
60.800000000000004,24.271873559130942,24.27421748087335,24.0,1.0,0.767285640959221,0.5444885735195956,0.01946845511858664
60.900000000000006,24.27421748087335,24.276553947508283,24.0,1.0,0.769095738637098,0.5444885735195956,0.01946845511858664
61.0,24.276553947508283,24.27888298159535,24.0,1.0,0.7709063258337221,0.5444885735195956,0.01946845511858664
61.1,24.27888298159535,24.28120460564473,24.0,1.0,0.7727174003625195,0.5444885735195956,0.01946845511858664
61.2,24.28120460564473,24.283518842116962,24.0,1.0,0.7745289600538303,0.5444885735195956,0.01946845511858664
61.300000000000004,24.283518842116962,24.285825713422682,24.0,1.0,0.7763410027546848,0.5444885735195956,0.01946845511858664
61.400000000000006,24.285825713422682,24.28812524192242,24.0,1.0,0.7781535263285803,0.5444885735195956,0.01946845511858664
61.5,24.28812524192242,24.290417449926363,24.0,1.0,0.7799665286552596,0.5444885735195956,0.01946845511858664
61.6,24.290417449926363,24.292702359694164,24.0,1.0,0.7817800076304917,0.5444885735195956,0.01946845511858664
61.7,24.292702359694164,24.29497999343473,24.0,1.0,0.7835939611658642,0.5444885735195956,0.01946845511858664
61.800000000000004,24.29497999343473,24.297250373306024,24.0,1.0,0.7854083871885711,0.5444885735195956,0.01946845511858664
61.900000000000006,24.297250373306024,24.299513521414884,24.0,1.0,0.7872232836412091,0.5444885735195956,0.01946845511858664
62.0,24.299513521414884,24.301769441045433,24.0,1.0,0.7886047415117117,0.5430850060620327,0.019017071887554256
62.1,24.301769441045433,24.303969770959473,24.0,1.0,0.7904037747533269,0.5430850060620327,0.019017071887554256
62.2,24.303969770959473,24.3061146826328,24.0,1.0,0.7921768024366294,0.5430850060620327,0.019017071887554256
62.300000000000004,24.3061146826328,24.308204347032618,24.0,1.0,0.7939238122982868,0.5430850060620327,0.019017071887554256
62.400000000000006,24.308204347032618,24.310238934618738,24.0,1.0,0.7956447921238874,0.5430850060620327,0.019017071887554256
62.5,24.310238934618738,24.31221861534476,24.0,1.0,0.7973397297476256,0.5430850060620327,0.019017071887554256
62.6,24.31221861534476,24.314143558659282,24.0,1.0,0.7990086130519833,0.5430850060620327,0.019017071887554256
62.7,24.314143558659282,24.316013933507076,24.0,1.0,0.8006514299674223,0.5430850060620327,0.019017071887554256
62.800000000000004,24.316013933507076,24.31782990833031,24.0,1.0,0.8022681684720722,0.5430850060620327,0.019017071887554256
62.900000000000006,24.31782990833031,24.319591651069743,24.0,1.0,0.8038588165914301,0.5430850060620327,0.019017071887554256
63.0,24.319591651069743,24.321299329165935,24.0,1.0,0.8054233623980602,0.5430850060620327,0.019017071887554256
63.1,24.321299329165935,24.322953109560448,24.0,1.0,0.8069617940112999,0.5430850060620327,0.019017071887554256
63.2,24.322953109560448,24.324553158697057,24.0,1.0,0.808474099596961,0.5430850060620327,0.019017071887554256
63.300000000000004,24.324553158697057,24.32609964252297,24.0,1.0,0.8099602673670436,0.5430850060620327,0.019017071887554256
63.400000000000006,24.32609964252297,24.327592726490035,24.0,1.0,0.8114202855794503,0.5430850060620327,0.019017071887554256
63.5,24.327592726490035,24.32903257555596,24.0,1.0,0.8128541425377057,0.5430850060620327,0.019017071887554256
63.6,24.32903257555596,24.330419354185523,24.0,1.0,0.8142618265906714,0.5430850060620327,0.019017071887554256
63.7,24.330419354185523,24.331753226351804,24.0,1.0,0.8156433261322726,0.5430850060620327,0.019017071887554256
63.800000000000004,24.331753226351804,24.333034355537396,24.0,1.0,0.8169986296012295,0.5430850060620327,0.019017071887554256
63.900000000000006,24.333034355537396,24.33426290473563,24.0,1.0,0.8183277254807813,0.5430850060620327,0.019017071887554256
64.0,24.33426290473563,24.335450588040985,24.0,1.0,0.8197474566858335,0.543426094962116,0.01910206549157992
64.10000000000001,24.335450588040985,24.336586424641393,24.0,1.0,0.8210336546967082,0.543426094962116,0.01910206549157992
64.2,24.336586424641393,24.33767127939852,24.0,1.0,0.8222938475376906,0.543426094962116,0.01910206549157992
64.3,24.33767127939852,24.338706014622442,24.0,1.0,0.8235284078113273,0.543426094962116,0.01910206549157992
64.4,24.338706014622442,24.339691490078827,24.0,1.0,0.8247377083807538,0.543426094962116,0.01910206549157992
64.5,24.339691490078827,24.340628562996105,24.0,1.0,0.8259221223687401,0.543426094962116,0.01910206549157992
64.60000000000001,24.340628562996105,24.341518088072636,24.0,1.0,0.8270820231567366,0.543426094962116,0.01910206549157992
64.7,24.341518088072636,24.34236091748385,24.0,1.0,0.8282177843839389,0.543426094962116,0.01910206549157992
64.8,24.34236091748385,24.343157900889356,24.0,1.0,0.8293297799463465,0.543426094962116,0.01910206549157992
64.9,24.343157900889356,24.343909885440087,24.0,1.0,0.8304183839958252,0.543426094962116,0.01910206549157992
65.0,24.343909885440087,24.344617715785365,24.0,1.0,0.831483970939189,0.543426094962116,0.01910206549157992
65.10000000000001,24.344617715785365,24.345282234079992,24.0,1.0,0.8325269154372678,0.543426094962116,0.01910206549157992
65.2,24.345282234079992,24.34590427999132,24.0,1.0,0.8335475924039955,0.543426094962116,0.01910206549157992
65.3,24.34590427999132,24.346484690706287,24.0,1.0,0.8345463770054966,0.543426094962116,0.01910206549157992
65.4,24.346484690706287,24.347024300938454,24.0,1.0,0.8355236446591756,0.543426094962116,0.01910206549157992
65.5,24.347024300938454,24.347523942935027,24.0,1.0,0.8364797710328132,0.543426094962116,0.01910206549157992
65.60000000000001,24.347523942935027,24.347984446483853,24.0,1.0,0.8374151320436736,0.543426094962116,0.01910206549157992
65.7,24.347984446483853,24.348406638920398,24.0,1.0,0.8383301038576068,0.543426094962116,0.01910206549157992
65.8,24.348406638920398,24.34879134513473,24.0,1.0,0.839225062888157,0.543426094962116,0.01910206549157992
65.9,24.34879134513473,24.34913938757846,24.0,1.0,0.840100385795686,0.543426094962116,0.01910206549157992
66.0,24.34913938757846,24.349448475342445,24.0,1.0,0.8412910725658673,0.544367224189108,0.01927499921529569
66.10000000000001,24.349448475342445,24.3497222930164,24.0,1.0,0.8421328917227795,0.544367224189108,0.01927499921529569
66.2,24.3497222930164,24.349961650288257,24.0,1.0,0.8429560387822297,0.544367224189108,0.01927499921529569
66.3,24.349961650288257,24.350167344231963,24.0,1.0,0.84376088808937,0.544367224189108,0.01927499921529569
66.4,24.350167344231963,24.350340159342505,24.0,1.0,0.8445478086590668,0.544367224189108,0.01927499921529569
66.5,24.350340159342505,24.350480867570862,24.0,1.0,0.8453171641707317,0.544367224189108,0.01927499921529569
66.60000000000001,24.350480867570862,24.35059022835887,24.0,1.0,0.8460693129631638,0.544367224189108,0.01927499921529569
66.7,24.35059022835887,24.350668988673984,24.0,1.0,0.8468046080294184,0.544367224189108,0.01927499921529569
66.8,24.350668988673984,24.350717883043945,24.0,1.0,0.8475233970116843,0.544367224189108,0.01927499921529569
66.9,24.350717883043945,24.350737633591375,24.0,1.0,0.8482260221961846,0.544367224189108,0.01927499921529569
67.0,24.350737633591375,24.35072895006827,24.0,1.0,0.8489128205080902,0.544367224189108,0.01927499921529569
67.10000000000001,24.35072895006827,24.3506925298904,24.0,1.0,0.8495841235064556,0.544367224189108,0.01927499921529569
67.2,24.3506925298904,24.350629058171627,24.0,1.0,0.8502402573791683,0.544367224189108,0.01927499921529569
67.3,24.350629058171627,24.350539207758125,24.0,1.0,0.850881542937918,0.544367224189108,0.01927499921529569
67.4,24.350539207758125,24.35042363926252,24.0,1.0,0.8515082956131743,0.544367224189108,0.01927499921529569
67.5,24.35042363926252,24.35028300109793,24.0,1.0,0.8521208254491985,0.544367224189108,0.01927499921529569
67.60000000000001,24.35028300109793,24.350117929511928,24.0,1.0,0.8527194370990561,0.544367224189108,0.01927499921529569
67.7,24.350117929511928,24.349929048620393,24.0,1.0,0.853304429819651,0.544367224189108,0.01927499921529569
67.8,24.349929048620393,24.349716970441307,24.0,1.0,0.8538760974667803,0.544367224189108,0.01927499921529569
67.9,24.349716970441307,24.349482294928432,24.0,1.0,0.8544347284902035,0.544367224189108,0.01927499921529569
68.0,24.349482294928432,24.349216701578417,24.0,1.0,0.8552548334515362,0.5451387419404111,0.01940650025481301
68.10000000000001,24.349216701578417,24.348929580927486,24.0,1.0,0.8557877556276579,0.5451387419404111,0.01940650025481301
68.2,24.348929580927486,24.348621501707495,24.0,1.0,0.8563083852373423,0.5451387419404111,0.01940650025481301
68.3,24.348621501707495,24.34829302079176,24.0,1.0,0.8568169916451105,0.5451387419404111,0.01940650025481301
68.4,24.34829302079176,24.34794468337644,24.0,1.0,0.8573138388316305,0.5451387419404111,0.01940650025481301
68.5,24.34794468337644,24.347577023161417,24.0,1.0,0.8577991854699321,0.5451387419404111,0.01940650025481301
68.60000000000001,24.347577023161417,24.347190562530745,24.0,1.0,0.8582732850017079,0.5451387419404111,0.01940650025481301
68.7,24.347190562530745,24.346785812732623,24.0,1.0,0.858736385713716,0.5451387419404111,0.01940650025481301
68.8,24.346785812732623,24.3463632740589,24.0,1.0,0.8591887308142834,0.5451387419404111,0.01940650025481301
68.9,24.3463632740589,24.34592343602412,24.0,1.0,0.8596305585098961,0.5451387419404111,0.01940650025481301
69.0,24.34592343602412,24.34546677754412,24.0,1.0,0.8600621020818937,0.5451387419404111,0.01940650025481301
69.10000000000001,24.34546677754412,24.344993767114158,24.0,1.0,0.8604835899632555,0.5451387419404111,0.01940650025481301
69.2,24.344993767114158,24.344504862986568,24.0,1.0,0.8608952458154812,0.5451387419404111,0.01940650025481301
69.3,24.344504862986568,24.34400051334799,24.0,1.0,0.8612972886055709,0.5451387419404111,0.01940650025481301
69.4,24.34400051334799,24.343481156496118,24.0,1.0,0.8616899326830922,0.5451387419404111,0.01940650025481301
69.5,24.343481156496118,24.342947221016004,24.0,1.0,0.8620733878573515,0.5451387419404111,0.01940650025481301
69.60000000000001,24.342947221016004,24.342399125955904,24.0,1.0,0.8624478594746484,0.5451387419404111,0.01940650025481301
69.7,24.342399125955904,24.341837281002675,24.0,1.0,0.8628135484956326,0.5451387419404111,0.01940650025481301
69.8,24.341837281002675,24.341262086656716,24.0,1.0,0.8631706515727524,0.5451387419404111,0.01940650025481301
69.9,24.341262086656716,24.340673934406457,24.0,1.0,0.863519361127791,0.5451387419404111,0.01940650025481301
70.0,24.340673934406457,24.340065906342822,24.0,1.0,0.8640410360285617,0.545661329294525,0.019498632606183446
70.10000000000001,24.340065906342822,24.339445714066322,24.0,1.0,0.8643723406440773,0.545661329294525,0.019498632606183446
70.2,24.339445714066322,24.338813725312868,24.0,1.0,0.8646957984288963,0.545661329294525,0.019498632606183446
70.3,24.338813725312868,24.338170299423535,24.0,1.0,0.8650115870407679,0.545661329294525,0.019498632606183446
70.4,24.338170299423535,24.337515787515823,24.0,1.0,0.8653198802573703,0.545661329294525,0.019498632606183446
70.5,24.337515787515823,24.33685053265232,24.0,1.0,0.8656208480537249,0.545661329294525,0.019498632606183446
70.60000000000001,24.33685053265232,24.33617487000679,24.0,1.0,0.865914656678525,0.545661329294525,0.019498632606183446
70.7,24.33617487000679,24.335489127027646,24.0,1.0,0.8662014687293795,0.545661329294525,0.019498632606183446
70.8,24.335489127027646,24.334793623598873,24.0,1.0,0.8664814432269536,0.545661329294525,0.019498632606183446
70.9,24.334793623598873,24.334088672198348,24.0,1.0,0.8667547356880253,0.545661329294525,0.019498632606183446
71.0,24.334088672198348,24.333374578053608,24.0,1.0,0.8670214981974349,0.545661329294525,0.019498632606183446
71.10000000000001,24.333374578053608,24.33265163929506,24.0,1.0,0.8672818794789453,0.545661329294525,0.019498632606183446
71.2,24.33265163929506,24.33192014710662,24.0,1.0,0.8675360249650045,0.545661329294525,0.019498632606183446
71.3,24.33192014710662,24.3311803858738,24.0,1.0,0.8677840768653923,0.545661329294525,0.019498632606183446
71.4,24.3311803858738,24.330432633329277,24.0,1.0,0.8680261742347848,0.545661329294525,0.019498632606183446
71.5,24.330432633329277,24.329677160695883,24.0,1.0,0.8682624530391951,0.545661329294525,0.019498632606183446
71.60000000000001,24.329677160695883,24.328914232827103,24.0,1.0,0.8684930462213178,0.545661329294525,0.019498632606183446
71.7,24.328914232827103,24.32814410834501,24.0,1.0,0.868718083764767,0.545661329294525,0.019498632606183446
71.8,24.32814410834501,24.327367039775712,24.0,1.0,0.8689376927571971,0.545661329294525,0.019498632606183446
71.9,24.327367039775712,24.32658327368225,24.0,1.0,0.8691519974523165,0.545661329294525,0.019498632606183446
72.0,24.32658327368225,24.325788227622134,24.0,1.0,0.8694751764316359,0.546004735574885,0.019557005271265443
72.10000000000001,24.325788227622134,24.324987007222088,24.0,1.0,0.8696782217263047,0.546004735574885,0.019557005271265443
72.2,24.324987007222088,24.32417984192944,24.0,1.0,0.869876328854974,0.546004735574885,0.019557005271265443
72.3,24.32417984192944,24.32336695569831,24.0,1.0,0.8700696114705412,0.546004735574885,0.019557005271265443
72.4,24.32336695569831,24.3225485671112,24.0,1.0,0.8702581806645765,0.546004735574885,0.019557005271265443
72.5,24.3225485671112,24.321724889498082,24.0,1.0,0.8704421450231955,0.546004735574885,0.019557005271265443
72.60000000000001,24.321724889498082,24.320896131053104,24.0,1.0,0.8706216106818281,0.546004735574885,0.019557005271265443
72.7,24.320896131053104,24.320062494948868,24.0,1.0,0.8707966813788758,0.546004735574885,0.019557005271265443
72.8,24.320062494948868,24.319224179448373,24.0,1.0,0.8709674585083016,0.546004735574885,0.019557005271265443
72.9,24.319224179448373,24.318381378014625,24.0,1.0,0.8711340411711442,0.546004735574885,0.019557005271265443
73.0,24.318381378014625,24.317534279417988,24.0,1.0,0.8712965262259789,0.546004735574885,0.019557005271265443
73.10000000000001,24.317534279417988,24.316683067841275,24.0,1.0,0.8714550083383548,0.546004735574885,0.019557005271265443
73.2,24.316683067841275,24.315827922982635,24.0,1.0,0.8716095800292029,0.546004735574885,0.019557005271265443
73.3,24.315827922982635,24.314969020156273,24.0,1.0,0.8717603317222412,0.546004735574885,0.019557005271265443
73.4,24.314969020156273,24.314106530391033,24.0,1.0,0.871907351790397,0.546004735574885,0.019557005271265443
73.5,24.314106530391033,24.313240620526894,24.0,1.0,0.8720507266012509,0.546004735574885,0.019557005271265443
73.60000000000001,24.313240620526894,24.31237145330938,24.0,1.0,0.872190540561532,0.546004735574885,0.019557005271265443
73.7,24.31237145330938,24.31149918748199,24.0,1.0,0.8723268761606602,0.546004735574885,0.019557005271265443
73.8,24.31149918748199,24.310623977876578,24.0,1.0,0.8724598140133814,0.546004735574885,0.019557005271265443
73.9,24.310623977876578,24.30974597550185,24.0,1.0,0.8725894329014776,0.546004735574885,0.019557005271265443
74.0,24.30974597550185,24.30886229117078,24.0,1.0,0.8727852628497641,0.546225759169466,0.01958902719680356
74.10000000000001,24.30886229117078,24.307976142023264,24.0,1.0,0.8729076028873394,0.546225759169466,0.01958902719680356
74.2,24.307976142023264,24.307087667726876,24.0,1.0,0.8730268606987066,0.546225759169466,0.01958902719680356
74.3,24.307087667726876,24.306197004458706,24.0,1.0,0.8731431080191496,0.546225759169466,0.01958902719680356
74.4,24.306197004458706,24.30530428498517,24.0,1.0,0.8732564149441217,0.546225759169466,0.01958902719680356
74.5,24.30530428498517,24.30440963874005,24.0,1.0,0.873366849966151,0.546225759169466,0.01958902719680356
74.60000000000001,24.30440963874005,24.303513191900844,24.0,1.0,0.8734744800109477,0.546225759169466,0.01958902719680356
74.7,24.303513191900844,24.302615067463396,24.0,1.0,0.8735793704727206,0.546225759169466,0.01958902719680356
74.8,24.302615067463396,24.301715385314917,24.0,1.0,0.8736815852487171,0.546225759169466,0.01958902719680356
74.9,24.301715385314917,24.30081426230536,24.0,1.0,0.873781186773016,0.546225759169466,0.01958902719680356
75.0,24.30081426230536,24.29991181231723,24.0,1.0,0.8738782360495633,0.546225759169466,0.01958902719680356
75.10000000000001,24.29991181231723,24.29900814633385,24.0,1.0,0.8739727926844978,0.546225759169466,0.01958902719680356
75.2,24.29900814633385,24.29810337250609,24.0,1.0,0.8740649149177505,0.546225759169466,0.01958902719680356
75.3,24.29810337250609,24.29719759621764,24.0,1.0,0.874154659653954,0.546225759169466,0.01958902719680356
75.4,24.29719759621764,24.2962909201488,24.0,1.0,0.8742420824926701,0.546225759169466,0.01958902719680356
75.5,24.2962909201488,24.295383444338874,24.0,1.0,0.874327237757943,0.546225759169466,0.01958902719680356
75.60000000000001,24.295383444338874,24.29447526624716,24.0,1.0,0.8744101785272029,0.546225759169466,0.01958902719680356
75.7,24.29447526624716,24.29356648081258,24.0,1.0,0.8744909566595261,0.546225759169466,0.01958902719680356
75.8,24.29356648081258,24.29265718051196,24.0,1.0,0.8745696228232701,0.546225759169466,0.01958902719680356
75.9,24.29265718051196,24.291747455417042,24.0,1.0,0.8746462265230898,0.546225759169466,0.01958902719680356
76.0,24.291747455417042,24.290835544252626,24.0,1.0,0.8747621331069165,0.5463658517625534,0.019604291186017943
76.10000000000001,24.290835544252626,24.28992341076184,24.0,1.0,0.8748340584565162,0.5463658517625534,0.019604291186017943
76.2,24.28992341076184,24.289011137740403,24.0,1.0,0.8749040741615235,0.5463658517625534,0.019604291186017943
76.3,24.289011137740403,24.288098805798747,24.0,1.0,0.8749722251851522,0.5463658517625534,0.019604291186017943
76.4,24.288098805798747,24.28718649341295,24.0,1.0,0.8750385554546813,0.5463658517625534,0.019604291186017943
76.5,24.28718649341295,24.286274276974517,24.0,1.0,0.8751031078850979,0.5463658517625534,0.019604291186017943
76.60000000000001,24.286274276974517,24.285362230839024,24.0,1.0,0.8751659244022092,0.5463658517625534,0.019604291186017943
76.7,24.285362230839024,24.28445042737366,24.0,1.0,0.8752270459652296,0.5463658517625534,0.019604291186017943
76.80000000000001,24.28445042737366,24.283538937003705,24.0,1.0,0.875286512588858,0.5463658517625534,0.019604291186017943
76.9,24.283538937003705,24.28262782825794,24.0,1.0,0.8753443633648639,0.5463658517625534,0.019604291186017943
77.0,24.28262782825794,24.28171716781304,24.0,1.0,0.8754006364831798,0.5463658517625534,0.019604291186017943
77.10000000000001,24.28171716781304,24.28080702053693,24.0,1.0,0.8754553692525254,0.5463658517625534,0.019604291186017943
77.2,24.28080702053693,24.279897449531205,24.0,1.0,0.8755085981205533,0.5463658517625534,0.019604291186017943
77.30000000000001,24.279897449531205,24.278988516172532,24.0,1.0,0.8755603586935554,0.5463658517625534,0.019604291186017943
77.4,24.278988516172532,24.278080280153144,24.0,1.0,0.8756106857557089,0.5463658517625534,0.019604291186017943
77.5,24.278080280153144,24.277172799520404,24.0,1.0,0.8756596132878957,0.5463658517625534,0.019604291186017943
77.60000000000001,24.277172799520404,24.27626613071546,24.0,1.0,0.8757071744860945,0.5463658517625534,0.019604291186017943
77.7,24.27626613071546,24.275360328611033,24.0,1.0,0.8757534017793526,0.5463658517625534,0.019604291186017943
77.80000000000001,24.275360328611033,24.274455446548334,24.0,1.0,0.8757983268473559,0.5463658517625534,0.019604291186017943
77.9,24.274455446548334,24.273551536373137,24.0,1.0,0.8758419806375971,0.5463658517625534,0.019604291186017943
78.0,24.273551536373137,24.272647548519156,24.0,1.0,0.8759088424584591,0.5464547288570578,0.01960928514648852
78.10000000000001,24.272647548519156,24.271744654125254,24.0,1.0,0.8759494963731623,0.5464547288570578,0.01960928514648852
78.2,24.271744654125254,24.27084290039171,24.0,1.0,0.8759889773029331,0.5464547288570578,0.01960928514648852
78.30000000000001,24.27084290039171,24.269942333164703,24.0,1.0,0.876027313277342,0.5464547288570578,0.01960928514648852
78.4,24.269942333164703,24.26904299696841,24.0,1.0,0.8760645316759041,0.5464547288570578,0.01960928514648852
78.5,24.26904299696841,24.268144935036336,24.0,1.0,0.8761006592430287,0.5464547288570578,0.01960928514648852
78.60000000000001,24.268144935036336,24.267248189341966,24.0,1.0,0.8761357221026123,0.5464547288570578,0.01960928514648852
78.7,24.267248189341966,24.266352800628674,24.0,1.0,0.876169745772311,0.5464547288570578,0.01960928514648852
78.80000000000001,24.266352800628674,24.26545880843896,24.0,1.0,0.8762027551774764,0.5464547288570578,0.01960928514648852
78.9,24.26545880843896,24.264566251143037,24.0,1.0,0.876234774664779,0.5464547288570578,0.01960928514648852
79.0,24.264566251143037,24.263675165966713,24.0,1.0,0.8762658280155258,0.5464547288570578,0.01960928514648852
79.10000000000001,24.263675165966713,24.262785589018687,24.0,1.0,0.8762959384586579,0.5464547288570578,0.01960928514648852
79.2,24.262785589018687,24.261897555317166,24.0,1.0,0.8763251286834723,0.5464547288570578,0.01960928514648852
79.30000000000001,24.261897555317166,24.26101109881591,24.0,1.0,0.8763534208520298,0.5464547288570578,0.01960928514648852
79.4,24.26101109881591,24.26012625242965,24.0,1.0,0.8763808366113004,0.5464547288570578,0.01960928514648852
79.5,24.26012625242965,24.25924304805894,24.0,1.0,0.8764073971050147,0.5464547288570578,0.01960928514648852
79.60000000000001,24.25924304805894,24.25836151661442,24.0,1.0,0.876433122985257,0.5464547288570578,0.01960928514648852
79.7,24.25836151661442,24.257481688040535,24.0,1.0,0.8764580344237799,0.5464547288570578,0.01960928514648852
79.80000000000001,24.257481688040535,24.256603591338692,24.0,1.0,0.8764821511230748,0.5464547288570578,0.01960928514648852
79.9,24.256603591338692,24.255727254589896,24.0,1.0,0.8765054923271762,0.5464547288570578,0.01960928514648852
80.0,24.255727254589896,24.254852054086914,24.0,1.0,0.8765425570890868,0.5465114669569506,0.01960814245823411
80.10000000000001,24.254852054086914,24.253978683762558,24.0,1.0,0.8765639675165517,0.5465114669569506,0.01960814245823411
80.2,24.253978683762558,24.25310716875391,24.0,1.0,0.8765846656406481,0.5465114669569506,0.01960814245823411
80.30000000000001,24.25310716875391,24.252237533368195,24.0,1.0,0.8766046688370099,0.5465114669569506,0.01960814245823411
80.4,24.252237533368195,24.251369801102843,24.0,1.0,0.8766239940754046,0.5465114669569506,0.01960814245823411
80.5,24.251369801102843,24.250503994665088,24.0,1.0,0.8766426579291136,0.5465114669569506,0.01960814245823411
80.60000000000001,24.250503994665088,24.24964013599113,24.0,1.0,0.8766606765840903,0.5465114669569506,0.01960814245823411
80.7,24.24964013599113,24.24877824626482,24.0,1.0,0.876678065847922,0.5465114669569506,0.01960814245823411
80.80000000000001,24.24877824626482,24.247918345935958,24.0,1.0,0.8766948411585687,0.5465114669569506,0.01960814245823411
80.9,24.247918345935958,24.24706045473812,24.0,1.0,0.8767110175929176,0.5465114669569506,0.01960814245823411
81.0,24.24706045473812,24.246204591706096,24.0,1.0,0.8767266098751273,0.5465114669569506,0.01960814245823411
81.10000000000001,24.246204591706096,24.24535077519294,24.0,1.0,0.876741632384787,0.5465114669569506,0.01960814245823411
81.2,24.24535077519294,24.244499022886572,24.0,1.0,0.8767560991648917,0.5465114669569506,0.01960814245823411
81.30000000000001,24.244499022886572,24.24364935182606,24.0,1.0,0.8767700239296209,0.5465114669569506,0.01960814245823411
81.4,24.24364935182606,24.242801778417476,24.0,1.0,0.8767834200719564,0.5465114669569506,0.01960814245823411
81.5,24.242801778417476,24.241956318449397,24.0,1.0,0.8767963006711093,0.5465114669569506,0.01960814245823411
81.60000000000001,24.241956318449397,24.241112987108057,24.0,1.0,0.8768086784997833,0.5465114669569506,0.01960814245823411
81.7,24.241112987108057,24.240271798992133,24.0,1.0,0.8768205660312715,0.5465114669569506,0.01960814245823411
81.80000000000001,24.240271798992133,24.239432768127198,24.0,1.0,0.8768319754463845,0.5465114669569506,0.01960814245823411
81.9,24.239432768127198,24.238595907979832,24.0,1.0,0.8768429186402276,0.5465114669569506,0.01960814245823411
82.0,24.238595907979832,24.237760845974073,24.0,1.0,0.8768620123396855,0.5465480010118434,0.019603458173018753
82.10000000000001,24.237760845974073,24.236927992880034,24.0,1.0,0.8768717043496403,0.5465480010118434,0.019603458173018753
82.2,24.236927992880034,24.23609736031007,24.0,1.0,0.876880970955801,0.5465480010118434,0.019603458173018753
82.30000000000001,24.23609736031007,24.23526895937531,24.0,1.0,0.8768898228578712,0.5465480010118434,0.019603458173018753
82.4,24.23526895937531,24.23444280069814,24.0,1.0,0.8768982705033954,0.5465480010118434,0.019603458173018753
82.5,24.23444280069814,24.233618894424367,24.0,1.0,0.8769063240936141,0.5465480010118434,0.019603458173018753
82.60000000000001,24.233618894424367,24.23279725023514,24.0,1.0,0.8769139935891901,0.5465480010118434,0.019603458173018753
82.7,24.23279725023514,24.231977877358553,24.0,1.0,0.876921288715803,0.5465480010118434,0.019603458173018753
82.80000000000001,24.231977877358553,24.231160784580993,24.0,1.0,0.8769282189696068,0.5465480010118434,0.019603458173018753
82.9,24.231160784580993,24.23034598025823,24.0,1.0,0.876934793622568,0.5465480010118434,0.019603458173018753
83.0,24.23034598025823,24.229533472326242,24.0,1.0,0.8769410217276785,0.5465480010118434,0.019603458173018753
83.10000000000001,24.229533472326242,24.22872326831177,24.0,1.0,0.876946912124049,0.5465480010118434,0.019603458173018753
83.2,24.22872326831177,24.227915375342665,24.0,1.0,0.8769524734418829,0.5465480010118434,0.019603458173018753
83.30000000000001,24.227915375342665,24.227109800157944,24.0,1.0,0.8769577141073379,0.5465480010118434,0.019603458173018753
83.4,24.227109800157944,24.22630654911765,24.0,1.0,0.8769626423472717,0.5465480010118434,0.019603458173018753
83.5,24.22630654911765,24.225505628212463,24.0,1.0,0.8769672661938783,0.5465480010118434,0.019603458173018753
83.60000000000001,24.225505628212463,24.224707043073092,24.0,1.0,0.8769715934892253,0.5465480010118434,0.019603458173018753
83.7,24.224707043073092,24.223910798979432,24.0,1.0,0.8769756318896708,0.5465480010118434,0.019603458173018753
83.80000000000001,24.223910798979432,24.223116900869538,24.0,1.0,0.8769793888701913,0.5465480010118434,0.019603458173018753
83.9,24.223116900869538,24.22232535334835,24.0,1.0,0.8769828717286108,0.5465480010118434,0.019603458173018753
84.0,24.22232535334835,24.221535931608642,24.0,1.0,0.8769912570598509,0.5465719143021485,0.019596843516640938
84.10000000000001,24.221535931608642,24.220748878870605,24.0,1.0,0.8769939218068921,0.5465719143021485,0.019596843516640938
84.2,24.220748878870605,24.21996419857593,24.0,1.0,0.8769963390087766,0.5465719143021485,0.019596843516640938
84.30000000000001,24.21996419857593,24.21918189387,24.0,1.0,0.8769985151958763,0.5465719143021485,0.019596843516640938
84.4,24.21918189387,24.218401967609598,24.0,1.0,0.8770004567427744,0.5465719143021485,0.019596843516640938
84.5,24.218401967609598,24.217624422370417,24.0,1.0,0.8770021698719085,0.5465719143021485,0.019596843516640938
84.60000000000001,24.217624422370417,24.216849260454406,24.0,1.0,0.8770036606571319,0.5465719143021485,0.019596843516640938
84.7,24.216849260454406,24.216076483896934,24.0,1.0,0.8770049350271865,0.5465719143021485,0.019596843516640938
84.80000000000001,24.216076483896934,24.215306094473785,24.0,1.0,0.8770059987690966,0.5465719143021485,0.019596843516640938
84.9,24.215306094473785,24.214538093707993,24.0,1.0,0.8770068575314861,0.5465719143021485,0.019596843516640938
85.0,24.214538093707993,24.213772482876514,24.0,1.0,0.8770075168278172,0.5465719143021485,0.019596843516640938
85.10000000000001,24.213772482876514,24.213009263016737,24.0,1.0,0.8770079820395547,0.5465719143021485,0.019596843516640938
85.2,24.213009263016737,24.212248434932842,24.0,1.0,0.877008258419256,0.5465719143021485,0.019596843516640938
85.30000000000001,24.212248434932842,24.211489999202012,24.0,1.0,0.8770083510935901,0.5465719143021485,0.019596843516640938
85.4,24.211489999202012,24.210733956180487,24.0,1.0,0.8770082650662847,0.5465719143021485,0.019596843516640938
85.5,24.210733956180487,24.20998030600949,24.0,1.0,0.8770080052210062,0.5465719143021485,0.019596843516640938
85.60000000000001,24.20998030600949,24.209229048621005,24.0,1.0,0.8770075763241754,0.5465719143021485,0.019596843516640938
85.7,24.209229048621005,24.2084801837434,24.0,1.0,0.8770069830277126,0.5465719143021485,0.019596843516640938
85.80000000000001,24.2084801837434,24.207733710906957,24.0,1.0,0.8770062298717209,0.5465719143021485,0.019596843516640938
85.9,24.207733710906957,24.206989629449232,24.0,1.0,0.8770053212871091,0.5465719143021485,0.019596843516640938
86.0,24.206989629449232,24.20624780089727,24.0,1.0,0.8770074052084228,0.5465878570769523,0.019589288607801125
86.10000000000001,24.20624780089727,24.205508370048832,24.0,1.0,0.8770059554995371,0.5465878570769523,0.019589288607801125
86.2,24.205508370048832,24.204771335515098,24.0,1.0,0.8770043678538537,0.5465878570769523,0.019589288607801125
86.30000000000001,24.204771335515098,24.204036695738008,24.0,1.0,0.8770026462064688,0.5465878570769523,0.019589288607801125
86.4,24.204036695738008,24.203304448994984,24.0,1.0,0.8770007943969254,0.5465878570769523,0.019589288607801125
86.5,24.203304448994984,24.20257459340353,24.0,1.0,0.8769988161714658,0.5465878570769523,0.019589288607801125
86.60000000000001,24.20257459340353,24.201847126925703,24.0,1.0,0.8769967151852356,0.5465878570769523,0.019589288607801125
86.7,24.201847126925703,24.201122047372518,24.0,1.0,0.8769944950044255,0.5465878570769523,0.019589288607801125
86.80000000000001,24.201122047372518,24.2003993524082,24.0,1.0,0.8769921591083772,0.5465878570769523,0.019589288607801125
86.9,24.2003993524082,24.19967903955438,24.0,1.0,0.8769897108916251,0.5465878570769523,0.019589288607801125
87.0,24.19967903955438,24.198961106194144,24.0,1.0,0.8769871536659054,0.5465878570769523,0.019589288607801125
87.10000000000001,24.198961106194144,24.198245549576026,24.0,1.0,0.8769844906621068,0.5465878570769523,0.019589288607801125
87.2,24.198245549576026,24.197532366817878,24.0,1.0,0.876981725032178,0.5465878570769523,0.019589288607801125
87.30000000000001,24.197532366817878,24.19682155491066,24.0,1.0,0.8769788598509956,0.5465878570769523,0.019589288607801125
87.4,24.19682155491066,24.196113110722138,24.0,1.0,0.8769758981181823,0.5465878570769523,0.019589288607801125
87.5,24.196113110722138,24.195407031000485,24.0,1.0,0.8769728427598906,0.5465878570769523,0.019589288607801125
87.60000000000001,24.195407031000485,24.1947033123778,24.0,1.0,0.8769696966305333,0.5465878570769523,0.019589288607801125
87.7,24.1947033123778,24.19400195137355,24.0,1.0,0.8769664625144813,0.5465878570769523,0.019589288607801125
87.80000000000001,24.19400195137355,24.193302944397914,24.0,1.0,0.8769631431277243,0.5465878570769523,0.019589288607801125
87.9,24.193302944397914,24.192606287755055,24.0,1.0,0.8769597411194839,0.5465878570769523,0.019589288607801125
88.0,24.192606287755055,24.19191189395627,24.0,1.0,0.876958212181525,0.5465987869532862,0.019581393996494563
88.10000000000001,24.19191189395627,24.191219849544563,24.0,1.0,0.8769544476142584,0.5465987869532862,0.019581393996494563
88.2,24.191219849544563,24.190530150373874,24.0,1.0,0.8769506120996897,0.5465987869532862,0.019581393996494563
88.30000000000001,24.190530150373874,24.189842792207177,24.0,1.0,0.8769467079638967,0.5465987869532862,0.019581393996494563
88.4,24.189842792207177,24.189157770719326,24.0,1.0,0.8769427374749379,0.5465987869532862,0.019581393996494563
88.5,24.189157770719326,24.188475081499842,24.0,1.0,0.8769387028442373,0.5465987869532862,0.019581393996494563
88.60000000000001,24.188475081499842,24.187794720055606,24.0,1.0,0.876934606227938,0.5465987869532862,0.019581393996494563
88.7,24.187794720055606,24.18711668181352,24.0,1.0,0.8769304497282161,0.5465987869532862,0.019581393996494563
88.80000000000001,24.18711668181352,24.18644096212307,24.0,1.0,0.8769262353945749,0.5465987869532862,0.019581393996494563
88.9,24.18644096212307,24.185767556258845,24.0,1.0,0.876921965225095,0.5465987869532862,0.019581393996494563
89.0,24.185767556258845,24.185096459423004,24.0,1.0,0.8769176411676705,0.5465987869532862,0.019581393996494563
89.10000000000001,24.185096459423004,24.18442766674765,24.0,1.0,0.8769132651212034,0.5465987869532862,0.019581393996494563
89.2,24.18442766674765,24.18376117329717,24.0,1.0,0.8769088389367746,0.5465987869532862,0.019581393996494563
89.30000000000001,24.18376117329717,24.18309697407053,24.0,1.0,0.8769043644187903,0.5465987869532862,0.019581393996494563
89.4,24.18309697407053,24.182435064003467,24.0,1.0,0.8768998433260972,0.5465987869532862,0.019581393996494563
89.5,24.182435064003467,24.18177543797068,24.0,1.0,0.8768952773730714,0.5465987869532862,0.019581393996494563
89.60000000000001,24.18177543797068,24.181118090787923,24.0,1.0,0.8768906682306851,0.5465987869532862,0.019581393996494563
89.7,24.181118090787923,24.180463017214084,24.0,1.0,0.8768860175275446,0.5465987869532862,0.019581393996494563
89.80000000000001,24.180463017214084,24.179810211953182,24.0,1.0,0.8768813268509057,0.5465987869532862,0.019581393996494563
89.9,24.179810211953182,24.179159669656332,24.0,1.0,0.8768765977476648,0.5465987869532862,0.019581393996494563
90.0,24.179159669656332,24.178511332927496,24.0,1.0,0.8768730864251062,0.5466065780109529,0.01957351590991291
90.10000000000001,24.178511332927496,24.17786525394455,24.0,1.0,0.8768681107458735,0.5466065780109529,0.01957351590991291
90.2,24.17786525394455,24.17722142708298,24.0,1.0,0.8768631045616709,0.5466065780109529,0.01957351590991291
90.30000000000001,24.17722142708298,24.176579846675068,24.0,1.0,0.8768580692062955,0.5466065780109529,0.01957351590991291
90.4,24.176579846675068,24.175940507011575,24.0,1.0,0.8768530059788344,0.5466065780109529,0.01957351590991291
90.5,24.175940507011575,24.17530340234338,24.0,1.0,0.8768479161445045,0.5466065780109529,0.01957351590991291
90.60000000000001,24.17530340234338,24.174668526883107,24.0,1.0,0.8768428009354715,0.5466065780109529,0.01957351590991291
90.7,24.174668526883107,24.17403587480666,24.0,1.0,0.8768376615516583,0.5466065780109529,0.01957351590991291
90.80000000000001,24.17403587480666,24.173405440254772,24.0,1.0,0.8768324991615223,0.5466065780109529,0.01957351590991291
90.9,24.173405440254772,24.172777217334474,24.0,1.0,0.8768273149028246,0.5466065780109529,0.01957351590991291
91.0,24.172777217334474,24.172151200120556,24.0,1.0,0.8768221098833692,0.5466065780109529,0.01957351590991291
91.10000000000001,24.172151200120556,24.17152738265697,24.0,1.0,0.8768168851817406,0.5466065780109529,0.01957351590991291
91.2,24.17152738265697,24.170905758958206,24.0,1.0,0.8768116418480078,0.5466065780109529,0.01957351590991291
91.30000000000001,24.170905758958206,24.170286323010643,24.0,1.0,0.876806380904423,0.5466065780109529,0.01957351590991291
91.4,24.170286323010643,24.16966906877384,24.0,1.0,0.8768011033460976,0.5466065780109529,0.01957351590991291
91.5,24.16966906877384,24.169053990181816,24.0,1.0,0.8767958101416619,0.5466065780109529,0.01957351590991291
91.60000000000001,24.169053990181816,24.168441081144294,24.0,1.0,0.876790502233914,0.5466065780109529,0.01957351590991291
91.7,24.168441081144294,24.16783033554791,24.0,1.0,0.8767851805404486,0.5466065780109529,0.01957351590991291
91.80000000000001,24.16783033554791,24.167221747257386,24.0,1.0,0.8767798459542759,0.5466065780109529,0.01957351590991291
91.9,24.167221747257386,24.166615310116676,24.0,1.0,0.8767744993444169,0.5466065780109529,0.01957351590991291
92.0,24.166615310116676,24.16601098454713,24.0,1.0,0.8767699697668256,0.5466123141069945,0.01956586288632025
92.10000000000001,24.16601098454713,24.16540880250639,24.0,1.0,0.8767644527849086,0.5466123141069945,0.01956586288632025
92.2,24.16540880250639,24.164808757673377,24.0,1.0,0.8767589292611107,0.5466123141069945,0.01956586288632025
92.30000000000001,24.164808757673377,24.164210843712524,24.0,1.0,0.8767533999218791,0.5466123141069945,0.01956586288632025
92.4,24.164210843712524,24.163615054274768,24.0,1.0,0.876747865473353,0.5466123141069945,0.01956586288632025
92.5,24.163615054274768,24.163021382998487,24.0,1.0,0.8767423266018682,0.5466123141069945,0.01956586288632025
92.60000000000001,24.163021382998487,24.162429823510433,24.0,1.0,0.87673678397445,0.5466123141069945,0.01956586288632025
92.7,24.162429823510433,24.161840369426617,24.0,1.0,0.8767312382392983,0.5466123141069945,0.01956586288632025
92.80000000000001,24.161840369426617,24.16125301435319,24.0,1.0,0.8767256900262513,0.5466123141069945,0.01956586288632025
92.9,24.16125301435319,24.16066775188729,24.0,1.0,0.8767201399472465,0.5466123141069945,0.01956586288632025
93.0,24.16066775188729,24.16008457561787,24.0,1.0,0.8767145885967687,0.5466123141069945,0.01956586288632025
93.10000000000001,24.16008457561787,24.1595034791265,24.0,1.0,0.8767090365522845,0.5466123141069945,0.01956586288632025
93.2,24.1595034791265,24.15892445598816,24.0,1.0,0.8767034843746654,0.5466123141069945,0.01956586288632025
93.30000000000001,24.15892445598816,24.158347499771995,24.0,1.0,0.876697932608611,0.5466123141069945,0.01956586288632025
93.4,24.158347499771995,24.157772604042055,24.0,1.0,0.8766923817830479,0.5466123141069945,0.01956586288632025
93.5,24.157772604042055,24.15719976235802,24.0,1.0,0.8766868324115255,0.5466123141069945,0.01956586288632025
93.60000000000001,24.15719976235802,24.156628968275903,24.0,1.0,0.8766812849926033,0.5466123141069945,0.01956586288632025
93.7,24.156628968275903,24.15606021534874,24.0,1.0,0.876675740010231,0.5466123141069945,0.01956586288632025
93.80000000000001,24.15606021534874,24.15549349712724,24.0,1.0,0.8766701979341122,0.5466123141069945,0.01956586288632025
93.9,24.15549349712724,24.154928807160434,24.0,1.0,0.8766646592200604,0.5466123141069945,0.01956586288632025
94.0,24.154928807160434,24.154366116947482,24.0,1.0,0.87665970021672,0.5466167630103329,0.019558546175751493
94.10000000000001,24.154366116947482,24.15380544612058,24.0,1.0,0.8766540419965675,0.5466167630103329,0.019558546175751493
94.2,24.15380544612058,24.153246788133803,24.0,1.0,0.8766483910160543,0.5466167630103329,0.019558546175751493
94.30000000000001,24.153246788133803,24.152690136443674,24.0,1.0,0.8766427476338929,0.5466167630103329,0.019558546175751493
94.4,24.152690136443674,24.152135484509696,24.0,1.0,0.876637112197332,0.5466167630103329,0.019558546175751493
94.5,24.152135484509696,24.151582825794858,24.0,1.0,0.8766314850424589,0.5466167630103329,0.019558546175751493
94.60000000000001,24.151582825794858,24.151032153766153,24.0,1.0,0.8766258664944806,0.5466167630103329,0.019558546175751493
94.7,24.151032153766153,24.15048346189505,24.0,1.0,0.8766202568680153,0.5466167630103329,0.019558546175751493
94.80000000000001,24.15048346189505,24.14993674365798,24.0,1.0,0.876614656467359,0.5466167630103329,0.019558546175751493
94.9,24.14993674365798,24.149391992536795,24.0,1.0,0.8766090655867619,0.5466167630103329,0.019558546175751493
95.0,24.149391992536795,24.148849202019207,24.0,1.0,0.8766034845106847,0.5466167630103329,0.019558546175751493
95.10000000000001,24.148849202019207,24.148308365599224,24.0,1.0,0.8765979135140595,0.5466167630103329,0.019558546175751493
95.2,24.148308365599224,24.147769476777576,24.0,1.0,0.8765923528625326,0.5466167630103329,0.019558546175751493
95.30000000000001,24.147769476777576,24.14723252906212,24.0,1.0,0.8765868028127128,0.5466167630103329,0.019558546175751493
95.4,24.14723252906212,24.146697515968235,24.0,1.0,0.8765812636124076,0.5466167630103329,0.019558546175751493
95.5,24.146697515968235,24.146164431019212,24.0,1.0,0.8765757355008537,0.5466167630103329,0.019558546175751493
95.60000000000001,24.146164431019212,24.145633267746618,24.0,1.0,0.8765702187089434,0.5466167630103329,0.019558546175751493
95.7,24.145633267746618,24.14510401969066,24.0,1.0,0.8765647134594428,0.5466167630103329,0.019558546175751493
95.80000000000001,24.14510401969066,24.14457668040054,24.0,1.0,0.8765592199672061,0.5466167630103329,0.019558546175751493
95.9,24.14457668040054,24.144051243434795,24.0,1.0,0.8765537384393879,0.5466167630103329,0.019558546175751493
96.0,24.144051243434795,24.14352768702968,24.0,1.0,0.8765486833381622,0.5466203311924767,0.019551622350884704
96.10000000000001,24.14352768702968,24.143006023541844,24.0,1.0,0.8765431166759712,0.5466203311924767,0.019551622350884704
96.2,24.143006023541844,24.142486246479322,24.0,1.0,0.8765375647840974,0.5466203311924767,0.019551622350884704
96.30000000000001,24.142486246479322,24.141968349362216,24.0,1.0,0.8765320278021714,0.5466203311924767,0.019551622350884704
96.4,24.141968349362216,24.141452325722945,24.0,1.0,0.876526505863746,0.5466203311924767,0.019551622350884704
96.5,24.141452325722945,24.1409381691065,24.0,1.0,0.8765209990964634,0.5466203311924767,0.019551622350884704
96.60000000000001,24.1409381691065,24.1404258730707,24.0,1.0,0.876515507622218,0.5466203311924767,0.019551622350884704
96.7,24.1404258730707,24.139915431186424,24.0,1.0,0.876510031557317,0.5466203311924767,0.019551622350884704
96.80000000000001,24.139915431186424,24.13940683703784,24.0,1.0,0.8765045710126409,0.5466203311924767,0.019551622350884704
96.9,24.13940683703784,24.13890008422264,24.0,1.0,0.8764991260937885,0.5466203311924767,0.019551622350884704
97.0,24.13890008422264,24.138395166352247,24.0,1.0,0.8764936969012348,0.5466203311924767,0.019551622350884704
97.10000000000001,24.138395166352247,24.137892077052022,24.0,1.0,0.8764882835304656,0.5466203311924767,0.019551622350884704
97.2,24.137892077052022,24.13739080996147,24.0,1.0,0.8764828860721277,0.5466203311924767,0.019551622350884704
97.30000000000001,24.13739080996147,24.136891358734427,24.0,1.0,0.8764775046121591,0.5466203311924767,0.019551622350884704
97.4,24.136891358734427,24.136393717039255,24.0,1.0,0.8764721392319259,0.5466203311924767,0.019551622350884704
97.5,24.136393717039255,24.13589787855901,24.0,1.0,0.8764667900083538,0.5466203311924767,0.019551622350884704
97.60000000000001,24.13589787855901,24.13540383699163,24.0,1.0,0.876461457014052,0.5466203311924767,0.019551622350884704
97.7,24.13540383699163,24.134911586050098,24.0,1.0,0.8764561403174408,0.5466203311924767,0.019551622350884704
97.80000000000001,24.134911586050098,24.134421119462587,24.0,1.0,0.8764508399828709,0.5466203311924767,0.019551622350884704
97.9,24.134421119462587,24.133932430972635,24.0,1.0,0.8764455560707384,0.5466203311924767,0.019551622350884704
98.0,24.133932430972635,24.13344550331067,24.0,1.0,0.8764406007427356,0.5466233122232651,0.01954511522140782
98.10000000000001,24.13344550331067,24.132960344235954,24.0,1.0,0.8764352555051385,0.5466233122232651,0.01954511522140782
98.2,24.132960344235954,24.13247694746979,24.0,1.0,0.8764299287695583,0.5466233122232651,0.01954511522140782
98.30000000000001,24.13247694746979,24.13199530675066,24.0,1.0,0.8764246205483675,0.5466233122232651,0.01954511522140782
98.4,24.13199530675066,24.13151541583433,24.0,1.0,0.8764193308510877,0.5466233122232651,0.01954511522140782
98.5,24.13151541583433,24.131037268493937,24.0,1.0,0.8764140596844843,0.5466233122232651,0.01954511522140782
98.60000000000001,24.131037268493937,24.13056085852011,24.0,1.0,0.8764088070526498,0.5466233122232651,0.01954511522140782
98.7,24.13056085852011,24.13008617972103,24.0,1.0,0.8764035729570978,0.5466233122232651,0.01954511522140782
98.80000000000001,24.13008617972103,24.12961322592254,24.0,1.0,0.8763983573968388,0.5466233122232651,0.01954511522140782
98.9,24.12961322592254,24.129141990968215,24.0,1.0,0.8763931603684674,0.5466233122232651,0.01954511522140782
99.0,24.129141990968215,24.128672468719444,24.0,1.0,0.8763879818662382,0.5466233122232651,0.01954511522140782
99.10000000000001,24.128672468719444,24.1282046530555,24.0,1.0,0.8763828218821469,0.5466233122232651,0.01954511522140782
99.2,24.1282046530555,24.12773853787362,24.0,1.0,0.876377680406002,0.5466233122232651,0.01954511522140782
99.30000000000001,24.12773853787362,24.12727411708904,24.0,1.0,0.8763725574254989,0.5466233122232651,0.01954511522140782
99.4,24.12727411708904,24.126811384635104,24.0,1.0,0.8763674529262885,0.5466233122232651,0.01954511522140782
99.5,24.126811384635104,24.126350334463282,24.0,1.0,0.8763623668920526,0.5466233122232651,0.01954511522140782
99.60000000000001,24.126350334463282,24.12589096054324,24.0,1.0,0.876357299304565,0.5466233122232651,0.01954511522140782
99.7,24.12589096054324,24.125433256862898,24.0,1.0,0.8763522501437584,0.5466233122232651,0.01954511522140782
99.80000000000001,24.125433256862898,24.124977217428462,24.0,1.0,0.8763472193877906,0.5466233122232651,0.01954511522140782
99.9,24.124977217428462,24.12452283626448,24.0,1.0,0.8763422070131037,0.5466233122232651,0.01954511522140782
100.0,24.12452283626448,24.124070099104923,24.0,1.0,0.8763374605406309,0.5466259093466731,0.019539023565598886
100.10000000000001,24.124070099104923,24.123619010859187,24.0,1.0,0.8763324035381134,0.5466259093466731,0.019539023565598886
100.2,24.123619010859187,24.123169565547474,24.0,1.0,0.8763273664922258,0.5466259093466731,0.019539023565598886
100.30000000000001,24.123169565547474,24.12272175720956,24.0,1.0,0.876322349344389,0.5466259093466731,0.019539023565598886
100.4,24.12272175720956,24.1222755799048,24.0,1.0,0.8763173520350771,0.5466259093466731,0.019539023565598886
100.5,24.1222755799048,24.121831027712144,24.0,1.0,0.8763123745038588,0.5466259093466731,0.019539023565598886
100.60000000000001,24.121831027712144,24.121388094730126,24.0,1.0,0.876307416689444,0.5466259093466731,0.019539023565598886
100.7,24.121388094730126,24.120946775076888,24.0,1.0,0.8763024785297201,0.5466259093466731,0.019539023565598886
100.80000000000001,24.120946775076888,24.12050706289017,24.0,1.0,0.8762975599617976,0.5466259093466731,0.019539023565598886
100.9,24.12050706289017,24.120068952327305,24.0,1.0,0.8762926609220449,0.5466259093466731,0.019539023565598886
101.0,24.120068952327305,24.11963243756523,24.0,1.0,0.8762877813461267,0.5466259093466731,0.019539023565598886
101.10000000000001,24.11963243756523,24.119197512800472,24.0,1.0,0.8762829211690438,0.5466259093466731,0.019539023565598886
101.2,24.119197512800472,24.118764172249136,24.0,1.0,0.8762780803251679,0.5466259093466731,0.019539023565598886
101.30000000000001,24.118764172249136,24.11833241014691,24.0,1.0,0.8762732587482697,0.5466259093466731,0.019539023565598886
101.4,24.11833241014691,24.117902220749038,24.0,1.0,0.8762684563715616,0.5466259093466731,0.019539023565598886
101.5,24.117902220749038,24.117473598330324,24.0,1.0,0.8762636731277241,0.5466259093466731,0.019539023565598886
101.60000000000001,24.117473598330324,24.117046537185104,24.0,1.0,0.8762589089489397,0.5466259093466731,0.019539023565598886
101.7,24.117046537185104,24.116621031627236,24.0,1.0,0.87625416376692,0.5466259093466731,0.019539023565598886
101.80000000000001,24.116621031627236,24.116197075990083,24.0,1.0,0.8762494375129395,0.5466259093466731,0.019539023565598886
101.9,24.116197075990083,24.115774664626496,24.0,1.0,0.8762447301178604,0.5466259093466731,0.019539023565598886
102.0,24.115774664626496,24.11535378531854,24.0,1.0,0.8762402449866418,0.5466282354763747,0.019533337312096832
102.10000000000001,24.11535378531854,24.114934441234883,24.0,1.0,0.8762355049130706,0.5466282354763747,0.019533337312096832
102.2,24.114934441234883,24.114516626735337,24.0,1.0,0.8762307849175057,0.5466282354763747,0.019533337312096832
102.30000000000001,24.114516626735337,24.11410033620005,24.0,1.0,0.876226084904649,0.5466282354763747,0.019533337312096832
102.4,24.11410033620005,24.113685564029446,24.0,1.0,0.8762214047793411,0.5466282354763747,0.019533337312096832
102.5,24.113685564029446,24.1132723046442,24.0,1.0,0.8762167444465694,0.5466282354763747,0.019533337312096832
102.60000000000001,24.1132723046442,24.112860552485188,24.0,1.0,0.8762121038114927,0.5466282354763747,0.019533337312096832
102.7,24.112860552485188,24.112450302013425,24.0,1.0,0.8762074827794496,0.5466282354763747,0.019533337312096832
102.80000000000001,24.112450302013425,24.112041547710046,24.0,1.0,0.876202881255974,0.5466282354763747,0.019533337312096832
102.9,24.112041547710046,24.111634284076242,24.0,1.0,0.8761982991468135,0.5466282354763747,0.019533337312096832
103.0,24.111634284076242,24.111228505633218,24.0,1.0,0.8761937363579393,0.5466282354763747,0.019533337312096832
103.10000000000001,24.111228505633218,24.110824206922135,24.0,1.0,0.8761891927955598,0.5466282354763747,0.019533337312096832
103.2,24.110824206922135,24.11042138250407,24.0,1.0,0.8761846683661313,0.5466282354763747,0.019533337312096832
103.30000000000001,24.11042138250407,24.11002002695997,24.0,1.0,0.8761801629763702,0.5466282354763747,0.019533337312096832
103.4,24.11002002695997,24.10962013489058,24.0,1.0,0.8761756765332682,0.5466282354763747,0.019533337312096832
103.5,24.10962013489058,24.109221700916414,24.0,1.0,0.8761712089440986,0.5466282354763747,0.019533337312096832
103.60000000000001,24.109221700916414,24.108824719677695,24.0,1.0,0.8761667601164267,0.5466282354763747,0.019533337312096832
103.7,24.108824719677695,24.108429185834293,24.0,1.0,0.8761623299581245,0.5466282354763747,0.019533337312096832
103.80000000000001,24.108429185834293,24.10803509406568,24.0,1.0,0.8761579183773719,0.5466282354763747,0.019533337312096832
103.9,24.10803509406568,24.10764243907088,24.0,1.0,0.8761535252826725,0.5466282354763747,0.019533337312096832
104.0,24.10764243907088,24.107251210151446,24.0,1.0,0.8761493172027822,0.5466303131928272,0.01952803916528518
104.10000000000001,24.107251210151446,24.106861409348856,24.0,1.0,0.8761449001992585,0.5466303131928272,0.01952803916528518
104.2,24.106861409348856,24.106473031376122,24.0,1.0,0.8761405026431577,0.5466303131928272,0.01952803916528518
104.30000000000001,24.106473031376122,24.10608607096639,24.0,1.0,0.8761361244229614,0.5466303131928272,0.01952803916528518
104.4,24.10608607096639,24.105700522872866,24.0,1.0,0.8761317654278691,0.5466303131928272,0.01952803916528518
104.5,24.105700522872866,24.10531638186874,24.0,1.0,0.8761274255477995,0.5466303131928272,0.01952803916528518
104.60000000000001,24.10531638186874,24.104933642747127,24.0,1.0,0.8761231046733917,0.5466303131928272,0.01952803916528518
104.7,24.104933642747127,24.10455230032099,24.0,1.0,0.8761188026960061,0.5466303131928272,0.01952803916528518
104.80000000000001,24.10455230032099,24.104172349423063,24.0,1.0,0.8761145195077215,0.5466303131928272,0.01952803916528518
104.9,24.104172349423063,24.10379378490579,24.0,1.0,0.8761102550013374,0.5466303131928272,0.01952803916528518
105.0,24.10379378490579,24.103416601641243,24.0,1.0,0.876106009070372,0.5466303131928272,0.01952803916528518
105.10000000000001,24.103416601641243,24.10304079452106,24.0,1.0,0.8761017816090606,0.5466303131928272,0.01952803916528518
105.2,24.10304079452106,24.102666358456368,24.0,1.0,0.8760975725123583,0.5466303131928272,0.01952803916528518
105.30000000000001,24.102666358456368,24.10229328837771,24.0,1.0,0.876093381675934,0.5466303131928272,0.01952803916528518
105.4,24.10229328837771,24.101921579234975,24.0,1.0,0.8760892089961723,0.5466303131928272,0.01952803916528518
105.5,24.101921579234975,24.101551225997333,24.0,1.0,0.8760850543701721,0.5466303131928272,0.01952803916528518
105.60000000000001,24.101551225997333,24.101182223653147,24.0,1.0,0.8760809176957438,0.5466303131928272,0.01952803916528518
105.7,24.101182223653147,24.100814567209916,24.0,1.0,0.8760767988714052,0.5466303131928272,0.01952803916528518
105.80000000000001,24.100814567209916,24.100448251694193,24.0,1.0,0.8760726977963851,0.5466303131928272,0.01952803916528518
105.9,24.100448251694193,24.100083272151522,24.0,1.0,0.8760686143706147,0.5466303131928272,0.01952803916528518
106.0,24.100083272151522,24.09971961921056,24.0,1.0,0.8760646912759994,0.5466322328291771,0.019523109048680466
106.10000000000001,24.09971961921056,24.099357294018684,24.0,1.0,0.8760605905569205,0.5466322328291771,0.019523109048680466
106.2,24.099357294018684,24.098996291639697,24.0,1.0,0.876056508256866,0.5466322328291771,0.019523109048680466
106.30000000000001,24.098996291639697,24.0986366071568,24.0,1.0,0.8760524442600931,0.5466322328291771,0.019523109048680466
106.4,24.0986366071568,24.0982782356725,24.0,1.0,0.8760483984518638,0.5466322328291771,0.019523109048680466
106.5,24.0982782356725,24.09792117230854,24.0,1.0,0.8760443707184334,0.5466322328291771,0.019523109048680466
106.60000000000001,24.09792117230854,24.0975654122058,24.0,1.0,0.8760403609470456,0.5466322328291771,0.019523109048680466
106.7,24.0975654122058,24.09721095052423,24.0,1.0,0.8760363690259213,0.5466322328291771,0.019523109048680466
106.80000000000001,24.09721095052423,24.09685778244275,24.0,1.0,0.8760323948442528,0.5466322328291771,0.019523109048680466
106.9,24.09685778244275,24.096505903159194,24.0,1.0,0.8760284382921947,0.5466322328291771,0.019523109048680466
107.0,24.096505903159194,24.096155307890193,24.0,1.0,0.8760244992608598,0.5466322328291771,0.019523109048680466
107.10000000000001,24.096155307890193,24.095805991871124,24.0,1.0,0.8760205776423012,0.5466322328291771,0.019523109048680466
107.2,24.095805991871124,24.09545795035601,24.0,1.0,0.8760166733295165,0.5466322328291771,0.019523109048680466
107.30000000000001,24.09545795035601,24.095111178617447,24.0,1.0,0.876012786216429,0.5466322328291771,0.019523109048680466
107.4,24.095111178617447,24.094765671946522,24.0,1.0,0.8760089161978857,0.5466322328291771,0.019523109048680466
107.5,24.094765671946522,24.094421425652733,24.0,1.0,0.8760050631696489,0.5466322328291771,0.019523109048680466
107.60000000000001,24.094421425652733,24.094078435063903,24.0,1.0,0.8760012270283869,0.5466322328291771,0.019523109048680466
107.7,24.094078435063903,24.093736695526108,24.0,1.0,0.8759974076716633,0.5466322328291771,0.019523109048680466
107.80000000000001,24.093736695526108,24.093396202403593,24.0,1.0,0.8759936049979342,0.5466322328291771,0.019523109048680466
107.9,24.093396202403593,24.093056951078694,24.0,1.0,0.8759898189065368,0.5466322328291771,0.019523109048680466
108.0,24.093056951078694,24.092718933150596,24.0,1.0,0.8759861726580963,0.546634016967829,0.019518524104920745
108.10000000000001,24.092718933150596,24.09238214924359,24.0,1.0,0.8759823742334215,0.546634016967829,0.019518524104920745
108.2,24.09238214924359,24.092046594760767,24.0,1.0,0.8759785930141722,0.546634016967829,0.019518524104920745
108.30000000000001,24.092046594760767,24.091712265123586,24.0,1.0,0.8759748288871761,0.546634016967829,0.019518524104920745
108.4,24.091712265123586,24.09137915577181,24.0,1.0,0.8759710817403661,0.546634016967829,0.019518524104920745
108.5,24.09137915577181,24.091047262163404,24.0,1.0,0.8759673514627776,0.546634016967829,0.019518524104920745
108.60000000000001,24.091047262163404,24.09071657977444,24.0,1.0,0.87596363794453,0.546634016967829,0.019518524104920745
108.7,24.09071657977444,24.09038710409903,24.0,1.0,0.875959941076815,0.546634016967829,0.019518524104920745
108.80000000000001,24.09038710409903,24.090058830649227,24.0,1.0,0.875956260751885,0.546634016967829,0.019518524104920745
108.9,24.090058830649227,24.089731754954943,24.0,1.0,0.8759525968630442,0.546634016967829,0.019518524104920745
109.0,24.089731754954943,24.089405872563866,24.0,1.0,0.875948949304632,0.546634016967829,0.019518524104920745
109.10000000000001,24.089405872563866,24.089081179041372,24.0,1.0,0.875945317972014,0.546634016967829,0.019518524104920745
109.2,24.089081179041372,24.088757669970445,24.0,1.0,0.8759417027615714,0.546634016967829,0.019518524104920745
109.30000000000001,24.088757669970445,24.08843534095159,24.0,1.0,0.8759381035706861,0.546634016967829,0.019518524104920745
109.4,24.08843534095159,24.088114187602756,24.0,1.0,0.875934520297734,0.546634016967829,0.019518524104920745
109.5,24.088114187602756,24.08779420555924,24.0,1.0,0.8759309528420683,0.546634016967829,0.019518524104920745
109.60000000000001,24.08779420555924,24.087475390473628,24.0,1.0,0.8759274011040126,0.546634016967829,0.019518524104920745
109.7,24.087475390473628,24.08715773801569,24.0,1.0,0.8759238649848485,0.546634016967829,0.019518524104920745
109.80000000000001,24.08715773801569,24.086841243872318,24.0,1.0,0.8759203443868054,0.546634016967829,0.019518524104920745
109.9,24.086841243872318,24.086525903747425,24.0,1.0,0.875916839213049,0.546634016967829,0.019518524104920745
110.0,24.086525903747425,24.086211710077755,24.0,1.0,0.8759134551352737,0.546635665607456,0.019514261516993255
110.10000000000001,24.086211710077755,24.085898663099428,24.0,1.0,0.8759099414551524,0.546635665607456,0.019514261516993255
110.2,24.085898663099428,24.085586758538454,24.0,1.0,0.8759064437093564,0.546635665607456,0.019514261516993255
110.30000000000001,24.085586758538454,24.085275992138083,24.0,1.0,0.8759029617909136,0.546635665607456,0.019514261516993255
110.4,24.085275992138083,24.084966359658708,24.0,1.0,0.8758994955939685,0.546635665607456,0.019514261516993255
110.5,24.084966359658708,24.08465785687779,24.0,1.0,0.8758960450137643,0.546635665607456,0.019514261516993255
110.60000000000001,24.08465785687779,24.084350479589766,24.0,1.0,0.8758926099466336,0.546635665607456,0.019514261516993255
110.7,24.084350479589766,24.08404422360596,24.0,1.0,0.8758891902899818,0.546635665607456,0.019514261516993255
110.80000000000001,24.08404422360596,24.083739084754512,24.0,1.0,0.8758857859422722,0.546635665607456,0.019514261516993255
110.9,24.083739084754512,24.08343505888028,24.0,1.0,0.8758823968030173,0.546635665607456,0.019514261516993255
111.0,24.08343505888028,24.08313214184476,24.0,1.0,0.8758790227727619,0.546635665607456,0.019514261516993255
111.10000000000001,24.08313214184476,24.08283032952601,24.0,1.0,0.8758756637530697,0.546635665607456,0.019514261516993255
111.2,24.08283032952601,24.082529617818565,24.0,1.0,0.8758723196465125,0.546635665607456,0.019514261516993255
111.30000000000001,24.082529617818565,24.08223000263335,24.0,1.0,0.8758689903566576,0.546635665607456,0.019514261516993255
111.4,24.08223000263335,24.0819314798976,24.0,1.0,0.8758656757880536,0.546635665607456,0.019514261516993255
111.5,24.0819314798976,24.081634045554793,24.0,1.0,0.8758623758462192,0.546635665607456,0.019514261516993255
111.60000000000001,24.081634045554793,24.081337695564553,24.0,1.0,0.8758590904376281,0.546635665607456,0.019514261516993255
111.7,24.081337695564553,24.081042425902577,24.0,1.0,0.8758558194697041,0.546635665607456,0.019514261516993255
111.80000000000001,24.081042425902577,24.08074823256056,24.0,1.0,0.8758525628507998,0.546635665607456,0.019514261516993255
111.9,24.08074823256056,24.080455111546108,24.0,1.0,0.8758493204901907,0.546635665607456,0.019514261516993255
112.0,24.080455111546108,24.0801630560669,24.0,1.0,0.8758461857971533,0.5466372239152363,0.019510299713449145
112.10000000000001,24.0801630560669,24.079872066027374,24.0,1.0,0.8758429379257515,0.5466372239152363,0.019510299713449145
112.2,24.079872066027374,24.079582137457766,24.0,1.0,0.87583970473305,0.5466372239152363,0.019510299713449145
112.30000000000001,24.079582137457766,24.079293266404378,24.0,1.0,0.8758364861199899,0.5466372239152363,0.019510299713449145
112.4,24.079293266404378,24.07900544892948,24.0,1.0,0.8758332819885768,0.5466372239152363,0.019510299713449145
112.5,24.07900544892948,24.078718681111237,24.0,1.0,0.8758300922418649,0.5466372239152363,0.019510299713449145
112.60000000000001,24.078718681111237,24.078432959043624,24.0,1.0,0.8758269167839456,0.5466372239152363,0.019510299713449145
112.7,24.078432959043624,24.078148278836352,24.0,1.0,0.8758237555199299,0.5466372239152363,0.019510299713449145
112.80000000000001,24.078148278836352,24.07786463661477,24.0,1.0,0.8758206083559417,0.5466372239152363,0.019510299713449145
112.9,24.07786463661477,24.077582028519807,24.0,1.0,0.8758174751990941,0.5466372239152363,0.019510299713449145
113.0,24.077582028519807,24.077300450707874,24.0,1.0,0.8758143559574875,0.5466372239152363,0.019510299713449145
113.10000000000001,24.077300450707874,24.0770198993508,24.0,1.0,0.8758112505401859,0.5466372239152363,0.019510299713449145
113.2,24.0770198993508,24.076740370635736,24.0,1.0,0.8758081588572117,0.5466372239152363,0.019510299713449145
113.30000000000001,24.076740370635736,24.076461860765104,24.0,1.0,0.8758050808195281,0.5466372239152363,0.019510299713449145
113.4,24.076461860765104,24.076184365956493,24.0,1.0,0.8758020163390301,0.5466372239152363,0.019510299713449145
113.5,24.076184365956493,24.0759078824426,24.0,1.0,0.8757989653285293,0.5466372239152363,0.019510299713449145
113.60000000000001,24.0759078824426,24.075632406471144,24.0,1.0,0.8757959277017432,0.5466372239152363,0.019510299713449145
113.7,24.075632406471144,24.075357934304797,24.0,1.0,0.8757929033732811,0.5466372239152363,0.019510299713449145
113.80000000000001,24.075357934304797,24.075084462221113,24.0,1.0,0.8757898922586349,0.5466372239152363,0.019510299713449145
113.9,24.075084462221113,24.074811986512444,24.0,1.0,0.8757868942741671,0.5466372239152363,0.019510299713449145
114.0,24.074811986512444,24.07454050099671,24.0,1.0,0.8757839899347817,0.546638669306134,0.019506619169560313
114.10000000000001,24.07454050099671,24.074270005391835,24.0,1.0,0.8757809887702911,0.546638669306134,0.019506619169560313
114.2,24.074270005391835,24.074000496012825,24.0,1.0,0.8757780010838782,0.546638669306134,0.019506619169560313
114.30000000000001,24.074000496012825,24.07373196918959,24.0,1.0,0.8757750267849789,0.546638669306134,0.019506619169560313
114.4,24.07373196918959,24.073464421266866,24.0,1.0,0.8757720657840135,0.546638669306134,0.019506619169560313
114.5,24.073464421266866,24.073197848604124,24.0,1.0,0.8757691179923759,0.546638669306134,0.019506619169560313
114.60000000000001,24.073197848604124,24.072932247575512,24.0,1.0,0.8757661833224164,0.546638669306134,0.019506619169560313
114.7,24.072932247575512,24.07266761456977,24.0,1.0,0.875763261687433,0.546638669306134,0.019506619169560313
114.80000000000001,24.07266761456977,24.07240394599015,24.0,1.0,0.8757603530016572,0.546638669306134,0.019506619169560313
114.9,24.07240394599015,24.072141238254346,24.0,1.0,0.8757574571802359,0.546638669306134,0.019506619169560313
115.0,24.072141238254346,24.071879487794426,24.0,1.0,0.8757545741392246,0.546638669306134,0.019506619169560313
115.10000000000001,24.071879487794426,24.07161869105675,24.0,1.0,0.8757517037955745,0.546638669306134,0.019506619169560313
115.2,24.07161869105675,24.07135884450189,24.0,1.0,0.8757488460671177,0.546638669306134,0.019506619169560313
115.30000000000001,24.07135884450189,24.07109994460458,24.0,1.0,0.8757460008725543,0.546638669306134,0.019506619169560313
115.4,24.07109994460458,24.070841987853623,24.0,1.0,0.8757431681314425,0.546638669306134,0.019506619169560313
115.5,24.070841987853623,24.07058497075183,24.0,1.0,0.8757403477641884,0.546638669306134,0.019506619169560313
115.60000000000001,24.07058497075183,24.07032888981595,24.0,1.0,0.8757375396920313,0.546638669306134,0.019506619169560313
115.7,24.07032888981595,24.07007374157659,24.0,1.0,0.8757347438370326,0.546638669306134,0.019506619169560313
115.80000000000001,24.07007374157659,24.069819522578154,24.0,1.0,0.8757319601220643,0.546638669306134,0.019506619169560313
115.9,24.069819522578154,24.06956622937878,24.0,1.0,0.8757291884708005,0.546638669306134,0.019506619169560313
116.0,24.06956622937878,24.06931385640456,24.0,1.0,0.8757264992851618,0.5466400243635715,0.01950319958216703
116.10000000000001,24.06931385640456,24.069062403170886,24.0,1.0,0.8757237263139123,0.5466400243635715,0.01950319958216703
116.2,24.069062403170886,24.068811866258244,24.0,1.0,0.8757209656953974,0.5466400243635715,0.01950319958216703
116.30000000000001,24.068811866258244,24.068562242260914,24.0,1.0,0.8757182173474924,0.5466400243635715,0.01950319958216703
116.4,24.068562242260914,24.068313527786884,24.0,1.0,0.8757154811889716,0.5466400243635715,0.01950319958216703
116.5,24.068313527786884,24.0680657194578,24.0,1.0,0.8757127571394876,0.5466400243635715,0.01950319958216703
116.60000000000001,24.0680657194578,24.067818813908872,24.0,1.0,0.8757100451195677,0.5466400243635715,0.01950319958216703
116.7,24.067818813908872,24.067572807788828,24.0,1.0,0.8757073450505958,0.5466400243635715,0.01950319958216703
116.80000000000001,24.067572807788828,24.067327697759822,24.0,1.0,0.8757046568548048,0.5466400243635715,0.01950319958216703
116.9,24.067327697759822,24.06708348049738,24.0,1.0,0.875701980455259,0.5466400243635715,0.01950319958216703
117.0,24.06708348049738,24.066840152690325,24.0,1.0,0.8756993157758488,0.5466400243635715,0.01950319958216703
117.10000000000001,24.066840152690325,24.066597711040707,24.0,1.0,0.8756966627412738,0.5466400243635715,0.01950319958216703
117.2,24.066597711040707,24.066356152263744,24.0,1.0,0.875694021277034,0.5466400243635715,0.01950319958216703
117.30000000000001,24.066356152263744,24.06611547308774,24.0,1.0,0.87569139130942,0.5466400243635715,0.01950319958216703
117.4,24.06611547308774,24.06587567025404,24.0,1.0,0.8756887727654962,0.5466400243635715,0.01950319958216703
117.5,24.06587567025404,24.065636740516943,24.0,1.0,0.875686165573097,0.5466400243635715,0.01950319958216703
117.60000000000001,24.065636740516943,24.065398680643646,24.0,1.0,0.8756835696608114,0.5466400243635715,0.01950319958216703
117.7,24.065398680643646,24.065161487414187,24.0,1.0,0.8756809849579728,0.5466400243635715,0.01950319958216703
117.80000000000001,24.065161487414187,24.064925157621364,24.0,1.0,0.8756784113946532,0.5466400243635715,0.01950319958216703
117.9,24.064925157621364,24.064689688070683,24.0,1.0,0.8756758489016457,0.5466400243635715,0.01950319958216703
118.0,24.064689688070683,24.06445507370402,24.0,1.0,0.8756733857045078,0.5466416730213167,0.019500361864494078
118.10000000000001,24.06445507370402,24.064221313906078,24.0,1.0,0.8756708254407243,0.5466416730213167,0.019500361864494078
118.2,24.064221313906078,24.063988405504173,24.0,1.0,0.8756682764797497,0.5466416730213167,0.019500361864494078
118.30000000000001,24.063988405504173,24.063756345338373,24.0,1.0,0.8756657387475177,0.5466416730213167,0.019500361864494078
118.4,24.063756345338373,24.06352513026142,24.0,1.0,0.8756632121707689,0.5466416730213167,0.019500361864494078
118.5,24.06352513026142,24.063294757138678,24.0,1.0,0.8756606966770352,0.5466416730213167,0.019500361864494078
118.60000000000001,24.063294757138678,24.063065222848042,24.0,1.0,0.8756581921946325,0.5466416730213167,0.019500361864494078
118.7,24.063065222848042,24.062836524279906,24.0,1.0,0.8756556986526438,0.5466416730213167,0.019500361864494078
118.80000000000001,24.062836524279906,24.06260865833707,24.0,1.0,0.8756532159809166,0.5466416730213167,0.019500361864494078
118.9,24.06260865833707,24.062381621934694,24.0,1.0,0.8756507441100423,0.5466416730213167,0.019500361864494078
119.0,24.062381621934694,24.062155412000234,24.0,1.0,0.8756482829713532,0.5466416730213167,0.019500361864494078
119.10000000000001,24.062155412000234,24.06193002547337,24.0,1.0,0.8756458324969097,0.5466416730213167,0.019500361864494078
119.2,24.06193002547337,24.061705459305948,24.0,1.0,0.875643392619489,0.5466416730213167,0.019500361864494078
119.30000000000001,24.061705459305948,24.061481710461926,24.0,1.0,0.8756409632725737,0.5466416730213167,0.019500361864494078
119.4,24.061481710461926,24.061258775917302,24.0,1.0,0.8756385443903467,0.5466416730213167,0.019500361864494078
119.5,24.061258775917302,24.06103665266006,24.0,1.0,0.8756361359076756,0.5466416730213167,0.019500361864494078
119.60000000000001,24.06103665266006,24.06081533769011,24.0,1.0,0.8756337377601069,0.5466416730213167,0.019500361864494078
119.7,24.06081533769011,24.060594828019223,24.0,1.0,0.8756313498838545,0.5466416730213167,0.019500361864494078
119.80000000000001,24.060594828019223,24.06037512067098,24.0,1.0,0.8756289722157934,0.5466416730213167,0.019500361864494078
119.9,24.06037512067098,24.06015621268071,24.0,1.0,0.8756266046934441,0.5466416730213167,0.019500361864494078
