time,temperature,next_temperature,setpoint,disturbance,command,kp,ki
0.0,28.0,28.006655567890952,24.0,0.0,1.0,0.3141307020168021,0.028163558208660056
0.1,28.006655567890952,28.01328898748993,24.0,0.0,1.0,0.3141307020168021,0.028163558208660056
0.2,28.01328898748993,28.019900332501663,24.0,0.0,1.0,0.3141307020168021,0.028163558208660056
0.30000000000000004,28.019900332501663,28.02648967638561,24.0,0.0,1.0,0.3141307020168021,0.028163558208660056
0.4,28.02648967638561,28.033057092356763,24.0,0.0,1.0,0.3141307020168021,0.028163558208660056
0.5,28.033057092356763,28.03960265338649,24.0,0.0,1.0,0.3141307020168021,0.028163558208660056
0.6000000000000001,28.03960265338649,28.046126432203305,24.0,0.0,1.0,0.3141307020168021,0.028163558208660056
0.7000000000000001,28.046126432203305,28.05262850129371,24.0,0.0,1.0,0.3141307020168021,0.028163558208660056
0.8,28.05262850129371,28.059108932902983,24.0,0.0,1.0,0.3141307020168021,0.028163558208660056
0.9,28.059108932902983,28.06556779903599,24.0,0.0,1.0,0.3141307020168021,0.028163558208660056
1.0,28.06556779903599,28.07200517145797,24.0,0.0,1.0,0.3141307020168021,0.028163558208660056
1.1,28.07200517145797,28.078421121695357,24.0,0.0,1.0,0.3141307020168021,0.028163558208660056
1.2000000000000002,28.078421121695357,28.084815721036545,24.0,0.0,1.0,0.3141307020168021,0.028163558208660056
1.3,28.084815721036545,28.091189040532708,24.0,0.0,1.0,0.3141307020168021,0.028163558208660056
1.4000000000000001,28.091189040532708,28.097541150998573,24.0,0.0,1.0,0.3141307020168021,0.028163558208660056
1.5,28.097541150998573,28.10387212301321,24.0,0.0,1.0,0.3141307020168021,0.028163558208660056
1.6,28.10387212301321,28.110182026920818,24.0,0.0,1.0,0.3141307020168021,0.028163558208660056
1.7000000000000002,28.110182026920818,28.116470932831504,24.0,0.0,1.0,0.3141307020168021,0.028163558208660056
1.8,28.116470932831504,28.122738910622065,24.0,0.0,1.0,0.3141307020168021,0.028163558208660056
1.9000000000000001,28.122738910622065,28.128986029936765,24.0,0.0,1.0,0.3141307020168021,0.028163558208660056
2.0,28.128986029936765,28.10859008862429,24.0,0.0,1.0,0.571775151317681,0.028498107467547502
2.1,28.10859008862429,28.088262020597867,24.0,0.0,1.0,0.571775151317681,0.028498107467547502
2.2,28.088262020597867,28.068001599989866,24.0,0.0,1.0,0.571775151317681,0.028498107467547502
2.3000000000000003,28.068001599989866,28.047808601684295,24.0,0.0,1.0,0.571775151317681,0.028498107467547502
2.4000000000000004,28.047808601684295,28.027682801314295,24.0,0.0,1.0,0.571775151317681,0.028498107467547502
2.5,28.027682801314295,28.007623975259655,24.0,0.0,1.0,0.571775151317681,0.028498107467547502
2.6,28.007623975259655,27.987631900644324,24.0,0.0,1.0,0.571775151317681,0.028498107467547502
2.7,27.987631900644324,27.967706355333934,24.0,0.0,1.0,0.571775151317681,0.028498107467547502
2.8000000000000003,27.967706355333934,27.947847117933335,24.0,0.0,1.0,0.571775151317681,0.028498107467547502
2.9000000000000004,27.947847117933335,27.928053967784127,24.0,0.0,1.0,0.571775151317681,0.028498107467547502
3.0,27.928053967784127,27.908326684962216,24.0,0.0,1.0,0.571775151317681,0.028498107467547502
3.1,27.908326684962216,27.888665050275367,24.0,0.0,1.0,0.571775151317681,0.028498107467547502
3.2,27.888665050275367,27.86906884526077,24.0,0.0,1.0,0.571775151317681,0.028498107467547502
3.3000000000000003,27.86906884526077,27.849537852182614,24.0,0.0,1.0,0.571775151317681,0.028498107467547502
3.4000000000000004,27.849537852182614,27.83007185402966,24.0,0.0,1.0,0.571775151317681,0.028498107467547502
3.5,27.83007185402966,27.810670634512846,24.0,0.0,1.0,0.571775151317681,0.028498107467547502
3.6,27.810670634512846,27.79133397806286,24.0,0.0,1.0,0.571775151317681,0.028498107467547502
3.7,27.79133397806286,27.772061669827767,24.0,0.0,1.0,0.571775151317681,0.028498107467547502
3.8000000000000003,27.772061669827767,27.752853495670614,24.0,0.0,1.0,0.571775151317681,0.028498107467547502
3.9000000000000004,27.752853495670614,27.73370924216704,24.0,0.0,1.0,0.571775151317681,0.028498107467547502
4.0,27.73370924216704,27.714628696602926,24.0,0.0,1.0,0.5207139391469955,0.02747799990980314
4.1000000000000005,27.714628696602926,27.69561164697201,24.0,0.0,1.0,0.5207139391469955,0.02747799990980314
4.2,27.69561164697201,27.676657881973547,24.0,0.0,1.0,0.5207139391469955,0.02747799990980314
4.3,27.676657881973547,27.657767191009953,24.0,0.0,1.0,0.5207139391469955,0.02747799990980314
4.4,27.657767191009953,27.638939364184466,24.0,0.0,1.0,0.5207139391469955,0.02747799990980314
4.5,27.638939364184466,27.620174192298816,24.0,0.0,1.0,0.5207139391469955,0.02747799990980314
4.6000000000000005,27.620174192298816,27.601471466850903,24.0,0.0,1.0,0.5207139391469955,0.02747799990980314
4.7,27.601471466850903,27.58283098003247,24.0,0.0,1.0,0.5207139391469955,0.02747799990980314
4.800000000000001,27.58283098003247,27.564252524726808,24.0,0.0,1.0,0.5207139391469955,0.02747799990980314
4.9,27.564252524726808,27.545735894506443,24.0,0.0,1.0,0.5207139391469955,0.02747799990980314
5.0,27.545735894506443,27.52728088363085,24.0,0.0,1.0,0.5207139391469955,0.02747799990980314
5.1000000000000005,27.52728088363085,27.508887287044164,24.0,0.0,1.0,0.5207139391469955,0.02747799990980314
5.2,27.508887287044164,27.4905549003729,24.0,0.0,1.0,0.5207139391469955,0.02747799990980314
5.300000000000001,27.4905549003729,27.47228351992368,24.0,0.0,1.0,0.5207139391469955,0.02747799990980314
5.4,27.47228351992368,27.45407294268098,24.0,0.0,1.0,0.5207139391469955,0.02747799990980314
5.5,27.45407294268098,27.43592296630487,24.0,0.0,1.0,0.5207139391469955,0.02747799990980314
5.6000000000000005,27.43592296630487,27.417833389128752,24.0,0.0,1.0,0.5207139391469955,0.02747799990980314
5.7,27.417833389128752,27.39980401015714,24.0,0.0,1.0,0.5207139391469955,0.02747799990980314
5.800000000000001,27.39980401015714,27.38183462906342,24.0,0.0,1.0,0.5207139391469955,0.02747799990980314
5.9,27.38183462906342,27.36392504618761,24.0,0.0,1.0,0.5207139391469955,0.02747799990980314
6.0,27.36392504618761,27.346075062534165,24.0,0.0,1.0,0.5518659016355846,0.0273543496287145
6.1000000000000005,27.346075062534165,27.32828447976975,24.0,0.0,1.0,0.5518659016355846,0.0273543496287145
6.2,27.32828447976975,27.31055310022104,24.0,0.0,1.0,0.5518659016355846,0.0273543496287145
6.300000000000001,27.31055310022104,27.29288072687252,24.0,0.0,1.0,0.5518659016355846,0.0273543496287145
6.4,27.29288072687252,27.275267163364312,24.0,0.0,1.0,0.5518659016355846,0.0273543496287145
6.5,27.275267163364312,27.25771221398997,24.0,0.0,1.0,0.5518659016355846,0.0273543496287145
6.6000000000000005,27.25771221398997,27.240215683694316,24.0,0.0,1.0,0.5518659016355846,0.0273543496287145
6.7,27.240215683694316,27.222777378071285,24.0,0.0,1.0,0.5518659016355846,0.0273543496287145
6.800000000000001,27.222777378071285,27.20539710336174,24.0,0.0,1.0,0.5518659016355846,0.0273543496287145
6.9,27.20539710336174,27.188074666451342,24.0,0.0,1.0,0.5518659016355846,0.0273543496287145
7.0,27.188074666451342,27.17080987486839,24.0,0.0,1.0,0.5518659016355846,0.0273543496287145
7.1000000000000005,27.17080987486839,27.15360253678169,24.0,0.0,1.0,0.5518659016355846,0.0273543496287145
7.2,27.15360253678169,27.13645246099842,24.0,0.0,1.0,0.5518659016355846,0.0273543496287145
7.300000000000001,27.13645246099842,27.119359456962005,24.0,0.0,1.0,0.5518659016355846,0.0273543496287145
7.4,27.119359456962005,27.102323334750004,24.0,0.0,1.0,0.5518659016355846,0.0273543496287145
7.5,27.102323334750004,27.08534390507199,24.0,0.0,1.0,0.5518659016355846,0.0273543496287145
7.6000000000000005,27.08534390507199,27.068420979267465,24.0,0.0,1.0,0.5518659016355846,0.0273543496287145
7.7,27.068420979267465,27.05155436930374,24.0,0.0,1.0,0.5518659016355846,0.0273543496287145
7.800000000000001,27.05155436930374,27.03474388777387,24.0,0.0,1.0,0.5518659016355846,0.0273543496287145
7.9,27.03474388777387,27.01798934789455,24.0,0.0,1.0,0.5518659016355846,0.0273543496287145
8.0,27.01798934789455,27.001290563504053,24.0,0.0,1.0,0.5707274739001238,0.02716062665127953
8.1,27.001290563504053,26.98464734906016,24.0,0.0,1.0,0.5707274739001238,0.02716062665127953
8.200000000000001,26.98464734906016,26.968059519638096,24.0,0.0,1.0,0.5707274739001238,0.02716062665127953
8.3,26.968059519638096,26.95152689092847,24.0,0.0,1.0,0.5707274739001238,0.02716062665127953
8.4,26.95152689092847,26.935049279235244,24.0,0.0,1.0,0.5707274739001238,0.02716062665127953
8.5,26.935049279235244,26.918626501473668,24.0,0.0,1.0,0.5707274739001238,0.02716062665127953
8.6,26.918626501473668,26.902258375168266,24.0,0.0,1.0,0.5707274739001238,0.02716062665127953
8.700000000000001,26.902258375168266,26.8859447184508,24.0,0.0,1.0,0.5707274739001238,0.02716062665127953
8.8,26.8859447184508,26.869685350058255,24.0,0.0,1.0,0.5707274739001238,0.02716062665127953
8.9,26.869685350058255,26.85348008933081,24.0,0.0,1.0,0.5707274739001238,0.02716062665127953
9.0,26.85348008933081,26.837328756209843,24.0,0.0,1.0,0.5707274739001238,0.02716062665127953
9.1,26.837328756209843,26.821231171235937,24.0,0.0,1.0,0.5707274739001238,0.02716062665127953
9.200000000000001,26.821231171235937,26.805187155546864,24.0,0.0,1.0,0.5707274739001238,0.02716062665127953
9.3,26.805187155546864,26.789196530875625,24.0,0.0,1.0,0.5707274739001238,0.02716062665127953
9.4,26.789196530875625,26.773259119548445,24.0,0.0,1.0,0.5707274739001238,0.02716062665127953
9.5,26.773259119548445,26.75737474448281,24.0,0.0,1.0,0.5707274739001238,0.02716062665127953
9.600000000000001,26.75737474448281,26.741543229185503,24.0,0.0,1.0,0.5707274739001238,0.02716062665127953
9.700000000000001,26.741543229185503,26.725764397750634,24.0,0.0,1.0,0.5707274739001238,0.02716062665127953
9.8,26.725764397750634,26.710038074857692,24.0,0.0,1.0,0.5707274739001238,0.02716062665127953
9.9,26.710038074857692,26.694364085769596,24.0,0.0,1.0,0.5707274739001238,0.02716062665127953
10.0,26.694364085769596,26.67874225633075,24.0,0.0,1.0,0.5751065822354068,0.02723499007975976
10.100000000000001,26.67874225633075,26.66317241296511,24.0,0.0,1.0,0.5751065822354068,0.02723499007975976
10.200000000000001,26.66317241296511,26.647654382674254,24.0,0.0,1.0,0.5751065822354068,0.02723499007975976
10.3,26.647654382674254,26.632187993035465,24.0,0.0,1.0,0.5751065822354068,0.02723499007975976
10.4,26.632187993035465,26.616773072199813,24.0,0.0,1.0,0.5751065822354068,0.02723499007975976
10.5,26.616773072199813,26.601409448890237,24.0,0.0,1.0,0.5751065822354068,0.02723499007975976
10.600000000000001,26.601409448890237,26.586096952399657,24.0,0.0,1.0,0.5751065822354068,0.02723499007975976
10.700000000000001,26.586096952399657,26.570835412589062,24.0,0.0,1.0,0.5751065822354068,0.02723499007975976
10.8,26.570835412589062,26.55562465988563,24.0,0.0,1.0,0.5751065822354068,0.02723499007975976
10.9,26.55562465988563,26.540464525280846,24.0,0.0,1.0,0.5751065822354068,0.02723499007975976
11.0,26.540464525280846,26.52535484032861,24.0,0.0,1.0,0.5751065822354068,0.02723499007975976
11.100000000000001,26.52535484032861,26.51029543714338,24.0,0.0,1.0,0.5751065822354068,0.02723499007975976
11.200000000000001,26.51029543714338,26.495286148398296,24.0,0.0,1.0,0.5751065822354068,0.02723499007975976
11.3,26.495286148398296,26.480326807323333,24.0,0.0,1.0,0.5751065822354068,0.02723499007975976
11.4,26.480326807323333,26.465417247703435,24.0,0.0,1.0,0.5751065822354068,0.02723499007975976
11.5,26.465417247703435,26.45055730387667,24.0,0.0,1.0,0.5751065822354068,0.02723499007975976
11.600000000000001,26.45055730387667,26.435746810732407,24.0,0.0,1.0,0.5751065822354068,0.02723499007975976
11.700000000000001,26.435746810732407,26.420985603709454,24.0,0.0,1.0,0.5751065822354068,0.02723499007975976
11.8,26.420985603709454,26.406273518794244,24.0,0.0,1.0,0.5751065822354068,0.02723499007975976
11.9,26.406273518794244,26.39161039251902,24.0,0.0,1.0,0.5751065822354068,0.02723499007975976
12.0,26.39161039251902,26.376996061960007,24.0,0.0,1.0,0.5761573471124072,0.027512288741879165
12.100000000000001,26.376996061960007,26.3624303647356,24.0,0.0,1.0,0.5761573471124072,0.027512288741879165
12.200000000000001,26.3624303647356,26.347913139004575,24.0,0.0,1.0,0.5761573471124072,0.027512288741879165
12.3,26.347913139004575,26.33344422346427,24.0,0.0,1.0,0.5761573471124072,0.027512288741879165
12.4,26.33344422346427,26.319023457348806,24.0,0.0,1.0,0.5761573471124072,0.027512288741879165
12.5,26.319023457348806,26.3046506804273,24.0,0.0,1.0,0.5761573471124072,0.027512288741879165
12.600000000000001,26.3046506804273,26.29032573300209,24.0,0.0,1.0,0.5761573471124072,0.027512288741879165
12.700000000000001,26.29032573300209,26.27604845590694,24.0,0.0,1.0,0.5761573471124072,0.027512288741879165
12.8,26.27604845590694,26.26181869050529,24.0,0.0,1.0,0.5761573471124072,0.027512288741879165
12.9,26.26181869050529,26.247636278688493,24.0,0.0,1.0,0.5761573471124072,0.027512288741879165
13.0,26.247636278688493,26.233501062874048,24.0,0.0,1.0,0.5761573471124072,0.027512288741879165
13.100000000000001,26.233501062874048,26.21941288600386,24.0,0.0,1.0,0.5761573471124072,0.027512288741879165
13.200000000000001,26.21941288600386,26.205371591542477,24.0,0.0,1.0,0.5761573471124072,0.027512288741879165
13.3,26.205371591542477,26.19137702347538,24.0,0.0,1.0,0.5761573471124072,0.027512288741879165
13.4,26.19137702347538,26.177429026307216,24.0,0.0,1.0,0.5761573471124072,0.027512288741879165
13.5,26.177429026307216,26.163527445060105,24.0,0.0,1.0,0.5761573471124072,0.027512288741879165
13.600000000000001,26.163527445060105,26.14967212527188,24.0,0.0,1.0,0.5761573471124072,0.027512288741879165
13.700000000000001,26.14967212527188,26.13586291299441,24.0,0.0,1.0,0.5761573471124072,0.027512288741879165
13.8,26.13586291299441,26.122099654791853,24.0,0.0,1.0,0.5761573471124072,0.027512288741879165
13.9,26.122099654791853,26.108382197738983,24.0,0.0,1.0,0.5761573471124072,0.027512288741879165
14.0,26.108382197738983,26.094710389419465,24.0,0.0,1.0,0.5764104849260269,0.027562390736396755
14.100000000000001,26.094710389419465,26.081084077924178,24.0,0.0,1.0,0.5764104849260269,0.027562390736396755
14.200000000000001,26.081084077924178,26.067503111849522,24.0,0.0,1.0,0.5764104849260269,0.027562390736396755
14.3,26.067503111849522,26.05396734029573,24.0,0.0,1.0,0.5764104849260269,0.027562390736396755
14.4,26.05396734029573,26.04047661286521,24.0,0.0,1.0,0.5764104849260269,0.027562390736396755
14.5,26.04047661286521,26.02703077966084,24.0,0.0,1.0,0.5764104849260269,0.027562390736396755
14.600000000000001,26.02703077966084,26.013629691284343,24.0,0.0,1.0,0.5764104849260269,0.027562390736396755
14.700000000000001,26.013629691284343,26.0002731988346,24.0,0.0,1.0,0.5764104849260269,0.027562390736396755
14.8,26.0002731988346,25.986961153905995,24.0,0.0,1.0,0.5764104849260269,0.027562390736396755
14.9,25.986961153905995,25.973693408586787,24.0,0.0,1.0,0.5764104849260269,0.027562390736396755
15.0,25.973693408586787,25.960469815457444,24.0,0.0,1.0,0.5764104849260269,0.027562390736396755
15.100000000000001,25.960469815457444,25.94729022758902,24.0,0.0,1.0,0.5764104849260269,0.027562390736396755
15.200000000000001,25.94729022758902,25.93415449854151,24.0,0.0,1.0,0.5764104849260269,0.027562390736396755
15.3,25.93415449854151,25.921062482362238,24.0,0.0,1.0,0.5764104849260269,0.027562390736396755
15.4,25.921062482362238,25.908014033584223,24.0,0.0,1.0,0.5764104849260269,0.027562390736396755
15.5,25.908014033584223,25.895009007224562,24.0,0.0,1.0,0.5764104849260269,0.027562390736396755
15.600000000000001,25.895009007224562,25.882047258782833,24.0,0.0,1.0,0.5764104849260269,0.027562390736396755
15.700000000000001,25.882047258782833,25.869128644239474,24.0,0.0,1.0,0.5764104849260269,0.027562390736396755
15.8,25.869128644239474,25.85625302005419,24.0,0.0,1.0,0.5764104849260269,0.027562390736396755
15.9,25.85625302005419,25.843420243164356,24.0,0.0,1.0,0.5764104849260269,0.027562390736396755
16.0,25.843420243164356,25.830630170983433,24.0,0.0,1.0,0.5765194693684608,0.027484195655650537
16.1,25.830630170983433,25.817882661399377,24.0,0.0,1.0,0.5765194693684608,0.027484195655650537
16.2,25.817882661399377,25.805177572773058,24.0,0.0,1.0,0.5765194693684608,0.027484195655650537
16.3,25.805177572773058,25.792514763936694,24.0,0.0,1.0,0.5765194693684608,0.027484195655650537
16.400000000000002,25.792514763936694,25.779894094192283,24.0,0.0,1.0,0.5765194693684608,0.027484195655650537
16.5,25.779894094192283,25.767315423310027,24.0,0.0,1.0,0.5765194693684608,0.027484195655650537
16.6,25.767315423310027,25.75477861152679,24.0,0.0,1.0,0.5765194693684608,0.027484195655650537
16.7,25.75477861152679,25.74228351954453,24.0,0.0,1.0,0.5765194693684608,0.027484195655650537
16.8,25.74228351954453,25.729830008528765,24.0,0.0,1.0,0.5765194693684608,0.027484195655650537
16.900000000000002,25.729830008528765,25.717417940107026,24.0,0.0,0.9972806786146435,0.5765194693684608,0.027484195655650537
17.0,25.717417940107026,25.705047176367312,24.0,0.0,0.9948450645832202,0.5765194693684608,0.027484195655650537
17.1,25.705047176367312,25.692717579856563,24.0,0.0,0.9923992634560571,0.5765194693684608,0.027484195655650537
17.2,25.692717579856563,25.680429013579136,24.0,0.0,0.9899433091336064,0.5765194693684608,0.027484195655650537
17.3,25.680429013579136,25.668181340995282,24.0,0.0,0.9874772354035093,0.5765194693684608,0.027484195655650537
17.400000000000002,25.668181340995282,25.655974426019622,24.0,0.0,0.9850010759409692,0.5765194693684608,0.027484195655650537
17.5,25.655974426019622,25.64380813301964,24.0,0.0,0.9825148643091233,0.5765194693684608,0.027484195655650537
17.6,25.64380813301964,25.63168232681418,24.0,0.0,0.9800186339594184,0.5765194693684608,0.027484195655650537
17.7,25.63168232681418,25.619596872671934,24.0,0.0,0.9775124182319842,0.5765194693684608,0.027484195655650537
17.8,25.619596872671934,25.60755163630996,24.0,0.0,0.9749962503559999,0.5765194693684608,0.027484195655650537
17.900000000000002,25.60755163630996,25.59554648389217,24.0,0.0,0.9724701634500673,0.5765194693684608,0.027484195655650537
18.0,25.59554648389217,25.58358128202786,24.0,0.0,0.9687340957036027,0.5758479567395275,0.026677793546488963
18.1,25.58358128202786,25.571655897770217,24.0,0.0,0.9660686041086661,0.5758479567395275,0.026677793546488963
18.2,25.571655897770217,25.55977019861485,24.0,0.0,0.9633942271072516,0.5758479567395275,0.026677793546488963
18.3,25.55977019861485,25.547924052498313,24.0,0.0,0.9607109942680736,0.5758479567395275,0.026677793546488963
18.400000000000002,25.547924052498313,25.53611732779664,24.0,0.0,0.958018935061448,0.5758479567395275,0.026677793546488963
18.5,25.53611732779664,25.524349893323876,24.0,0.0,0.9553180788596167,0.5758479567395275,0.026677793546488963
18.6,25.524349893323876,25.51262161833063,24.0,0.0,0.9526084549370809,0.5758479567395275,0.026677793546488963
18.7,25.51262161833063,25.500932372502614,24.0,0.0,0.9498900924709192,0.5758479567395275,0.026677793546488963
18.8,25.500932372502614,25.4892820259592,24.0,0.0,0.9471630205411166,0.5758479567395275,0.026677793546488963
18.900000000000002,25.4892820259592,25.47774284376436,24.0,0.0,0.944427268130887,0.5758479567395275,0.026677793546488963
19.0,25.47774284376436,25.466306903052946,24.0,0.0,0.9417247454916191,0.5758479567395275,0.026677793546488963
19.1,25.466306903052946,25.454974131463228,24.0,0.0,0.9390511656831002,0.5758479567395275,0.026677793546488963
19.200000000000003,25.454974131463228,25.443744455971785,24.0,0.0,0.9364067622684311,0.5758479567395275,0.026677793546488963
19.3,25.443744455971785,25.432617802898697,24.0,0.0,0.9337917682348664,0.5758479567395275,0.026677793546488963
19.400000000000002,25.432617802898697,25.421594097912717,24.0,0.0,0.9312064159950547,0.5758479567395275,0.026677793546488963
19.5,25.421594097912717,25.410673266036437,24.0,0.0,0.9286509373882808,0.5758479567395275,0.026677793546488963
19.6,25.410673266036437,25.3998552316514,24.0,0.0,0.9261255636817161,0.5758479567395275,0.026677793546488963
19.700000000000003,25.3998552316514,25.389139918503208,24.0,0.0,0.9236305255716522,0.5758479567395275,0.026677793546488963
19.8,25.389139918503208,25.378527249706575,24.0,0.0,0.9211660531847424,0.5758479567395275,0.026677793546488963
19.900000000000002,25.378527249706575,25.368017147750386,24.0,0.0,0.9187323760792365,0.5758479567395275,0.026677793546488963
20.0,25.368017147750386,25.35764148375288,24.0,0.0,0.9119977569219978,0.5728328931521659,0.025162405852046228
20.1,25.35764148375288,25.347371309164537,24.0,0.0,0.9094703878975071,0.5728328931521659,0.025162405852046228
20.200000000000003,25.347371309164537,25.337206509489103,24.0,0.0,0.9069776044463493,0.5728328931521659,0.025162405852046228
20.3,25.337206509489103,25.327146969824152,24.0,0.0,0.9045196061299351,0.5728328931521659,0.025162405852046228
20.400000000000002,25.327146969824152,25.31719257486506,24.0,0.0,0.9020965919878852,0.5728328931521659,0.025162405852046228
20.5,25.31719257486506,25.30734320890896,24.0,0.0,0.899708760539295,0.5728328931521659,0.025162405852046228
20.6,25.30734320890896,25.297598755858665,24.0,0.0,0.897356309783996,0.5728328931521659,0.025162405852046228
20.700000000000003,25.297598755858665,25.287959099226573,24.0,0.0,0.8950394372038124,0.5728328931521659,0.025162405852046228
20.8,25.287959099226573,25.27842412213855,24.0,0.0,0.8927583397638148,0.5728328931521659,0.025162405852046228
20.900000000000002,25.27842412213855,25.268993707337795,24.0,0.0,0.8905132139135725,0.5728328931521659,0.025162405852046228
21.0,25.268993707337795,25.259666622211626,24.0,0.0,0.8883042555884043,0.5728328931521659,0.025162405852046228
21.1,25.259666622211626,25.250441752377306,24.0,0.0,0.8861310187095404,0.5728328931521659,0.025162405852046228
21.200000000000003,25.250441752377306,25.24131798094255,24.0,0.0,0.883993122120161,0.5728328931521659,0.025162405852046228
21.3,25.24131798094255,25.232294188529195,24.0,0.0,0.881890180415523,0.5728328931521659,0.025162405852046228
21.400000000000002,25.232294188529195,25.223369253296777,24.0,0.0,0.8798218039502651,0.5728328931521659,0.025162405852046228
21.5,25.223369253296777,25.214542050965985,24.0,0.0,0.8777875988457202,0.5728328931521659,0.025162405852046228
21.6,25.214542050965985,25.20581145484201,24.0,0.0,0.8757871669972112,0.5728328931521659,0.025162405852046228
21.700000000000003,25.20581145484201,25.197176335837778,24.0,0.0,0.8738201060813495,0.5728328931521659,0.025162405852046228
21.8,25.197176335837778,25.188635562497083,24.0,0.0,0.8718860095633235,0.5728328931521659,0.025162405852046228
21.900000000000002,25.188635562497083,25.180188001017594,24.0,0.0,0.8699844667041894,0.5728328931521659,0.025162405852046228
22.0,25.180188001017594,25.17194784205766,24.0,0.0,0.8358515375555289,0.5454034431326631,0.02608075763006519
22.1,25.17194784205766,25.163802388870927,24.0,0.0,0.834413855249198,0.5454034431326631,0.02608075763006519
22.200000000000003,25.163802388870927,25.155750405550528,24.0,0.0,0.8330065818386219,0.5454034431326631,0.02608075763006519
22.3,25.155750405550528,25.147790654989635,24.0,0.0,0.8316292870324307,0.5454034431326631,0.02608075763006519
22.400000000000002,25.147790654989635,25.13992189889936,24.0,0.0,0.8302815366583263,0.5454034431326631,0.02608075763006519
22.5,25.13992189889936,25.132142897826547,24.0,0.0,0.828962892669759,0.5454034431326631,0.02608075763006519
22.6,25.132142897826547,25.124452411171465,24.0,0.0,0.8276729131525958,0.5454034431326631,0.02608075763006519
22.700000000000003,25.124452411171465,25.11684919720541,24.0,0.0,0.8264111523317785,0.5454034431326631,0.02608075763006519
22.8,25.11684919720541,25.109332013088242,24.0,0.0,0.8251771605779834,0.5454034431326631,0.02608075763006519
22.900000000000002,25.109332013088242,25.101899614885774,24.0,0.0,0.8239704844142797,0.5454034431326631,0.02608075763006519
23.0,25.101899614885774,25.094550757587125,24.0,0.0,0.8227906665227704,0.5454034431326631,0.02608075763006519
23.1,25.094550757587125,25.087284212200174,24.0,0.0,0.8216372457512403,0.5454034431326631,0.02608075763006519
23.200000000000003,25.087284212200174,25.08009876396988,24.0,0.0,0.8205097664788563,0.5454034431326631,0.02608075763006519
23.3,25.08009876396988,25.07299321244399,24.0,0.0,0.8194077776815648,0.5454034431326631,0.02608075763006519
23.400000000000002,25.07299321244399,25.065966371538345,24.0,0.0,0.8183308330052341,0.5454034431326631,0.02608075763006519
23.5,25.065966371538345,25.05901706960176,24.0,0.0,0.8172784908387388,0.5454034431326631,0.02608075763006519
23.6,25.05901706960176,25.05214414948051,24.0,0.0,0.8162503143869966,0.5454034431326631,0.02608075763006519
23.700000000000003,25.05214414948051,25.045346468582384,24.0,0.0,0.8152458717439405,0.5454034431326631,0.02608075763006519
23.8,25.045346468582384,25.03862289894035,24.0,0.0,0.8142647359654385,0.5454034431326631,0.02608075763006519
23.900000000000002,25.03862289894035,25.031972327275813,24.0,0.0,0.8133064851421608,0.5454034431326631,0.02608075763006519
24.0,25.031972327275813,25.026252583385954,24.0,0.0,0.7231755618856892,0.4590751368144415,0.025046646512167425
24.1,25.026252583385954,25.020590147936765,24.0,0.0,0.7231201882457352,0.4590751368144415,0.025046646512167425
24.200000000000003,25.020590147936765,25.014984020664258,24.0,0.0,0.7230769409841132,0.4590751368144415,0.025046646512167425
24.3,25.014984020664258,25.00943321608844,24.0,0.0,0.7230455019375953,0.4590751368144415,0.025046646512167425
24.400000000000002,25.00943321608844,25.00393676356743,24.0,0.0,0.7230255572616218,0.4590751368144415,0.025046646512167425
24.5,25.00393676356743,24.998493707351237,24.0,0.0,0.7230167974923103,0.4590751368144415,0.025046646512167425
24.6,24.998493707351237,24.993103106635154,24.0,0.0,0.7230189176084373,0.4590751368144415,0.025046646512167425
24.700000000000003,24.993103106635154,24.98776403561281,24.0,0.0,0.7230316170933919,0.4590751368144415,0.025046646512167425
24.8,24.98776403561281,24.982475583528874,24.0,0.0,0.7230545999970897,0.4590751368144415,0.025046646512167425
24.900000000000002,24.982475583528874,24.9772368547314,24.0,0.0,0.7230875749978689,0.4590751368144415,0.025046646512167425
25.0,24.9772368547314,24.972046968723816,24.0,0.0,0.7231302554643475,0.4590751368144415,0.025046646512167425
25.1,24.972046968723816,24.966905060216575,24.0,0.0,0.7231823595172489,0.4590751368144415,0.025046646512167425
25.200000000000003,24.966905060216575,24.961810278929285,24.0,0.0,0.723243610091207,0.4590751368144415,0.025046646512167425
25.3,24.961810278929285,24.95676178941839,24.0,0.0,0.7233137348815154,0.4590751368144415,0.025046646512167425
25.400000000000002,24.95676178941839,24.95175877090347,24.0,0.0,0.7233924663021865,0.4590751368144415,0.025046646512167425
25.5,24.95175877090347,24.946800417092177,24.0,0.0,0.7234795414429319,0.4590751368144415,0.025046646512167425
25.6,24.946800417092177,24.941885936003807,24.0,0.0,0.723574702025086,0.4590751368144415,0.025046646512167425
25.700000000000003,24.941885936003807,24.937014549791517,24.0,0.0,0.7236776943564573,0.4590751368144415,0.025046646512167425
25.8,24.937014549791517,24.932185494563193,24.0,0.0,0.7237882692851128,0.4590751368144415,0.025046646512167425
25.900000000000002,24.932185494563193,24.927398020200975,24.0,0.0,0.7239061821520949,0.4590751368144415,0.025046646512167425
26.0,24.927398020200975,24.92502596743431,24.0,0.0,0.7981009872329623,0.5391118489454158,0.023363508524286588
26.1,24.92502596743431,24.922663282518837,24.0,0.0,0.7989833706876623,0.5391118489454158,0.023363508524286588
26.200000000000003,24.922663282518837,24.92030961144864,24.0,0.0,0.7998652844010244,0.5391118489454158,0.023363508524286588
26.3,24.92030961144864,24.91796460986608,24.0,0.0,0.800746558583768,0.5391118489454158,0.023363508524286588
26.400000000000002,24.91796460986608,24.915627942914714,24.0,0.0,0.8016270278435731,0.5391118489454158,0.023363508524286588
26.5,24.915627942914714,24.913299285091075,24.0,0.0,0.8025065311279894,0.5391118489454158,0.023363508524286588
26.6,24.913299285091075,24.910978320095246,24.0,0.0,0.8033849116663709,0.5391118489454158,0.023363508524286588
26.700000000000003,24.910978320095246,24.908664740680333,24.0,0.0,0.804262016910831,0.5391118489454158,0.023363508524286588
26.8,24.908664740680333,24.906358248500748,24.0,0.0,0.8051376984762353,0.5391118489454158,0.023363508524286588
26.900000000000002,24.906358248500748,24.904058553959384,24.0,0.0,0.8060118120792115,0.5391118489454158,0.023363508524286588
27.0,24.904058553959384,24.901765376053625,24.0,0.0,0.8068842174761957,0.5391118489454158,0.023363508524286588
27.1,24.901765376053625,24.89947844222024,24.0,0.0,0.8077547784004945,0.5391118489454158,0.023363508524286588
27.200000000000003,24.89947844222024,24.897197488179135,24.0,0.0,0.8086233624983846,0.5391118489454158,0.023363508524286588
27.3,24.897197488179135,24.894922257779058,24.0,0.0,0.8094898412642294,0.5391118489454158,0.023363508524286588
27.400000000000002,24.894922257779058,24.892652502844918,24.0,0.0,0.8103540899762867,0.5391118489454158,0.023363508524286588
27.5,24.892652502844918,24.890387983026763,24.0,0.0,0.8112159876330337,0.5391118489454158,0.023363508524286588
27.6,24.890387983026763,24.888128465650443,24.0,0.0,0.8120754168900315,0.5391118489454158,0.023363508524286588
27.700000000000003,24.888128465650443,24.885873725569958,24.0,0.0,0.8129322639973479,0.5391118489454158,0.023363508524286588
27.8,24.885873725569958,24.883623545021536,24.0,0.0,0.813786418737546,0.5391118489454158,0.023363508524286588
27.900000000000002,24.883623545021536,24.881377713479452,24.0,0.0,0.814637774364262,0.5391118489454158,0.023363508524286588
28.0,24.881377713479452,24.87716412133003,24.0,0.0,0.5001331305558434,0.18100431561856142,0.026482510895686494
28.1,24.87716412133003,24.872941060052963,24.0,0.0,0.5016934030325841,0.18100431561856142,0.026482510895686494
28.200000000000003,24.872941060052963,24.86870857366504,24.0,0.0,0.5032407778297279,0.18100431561856142,0.026482510895686494
28.3,24.86870857366504,24.86446671055675,24.0,0.0,0.504775237954443,0.18100431561856142,0.026482510895686494
28.400000000000002,24.86446671055675,24.860215523360676,24.0,0.0,0.5062967673337075,0.18100431561856142,0.026482510895686494
28.5,24.860215523360676,24.855955068821824,24.0,0.0,0.5078053508017192,0.18100431561856142,0.026482510895686494
28.6,24.855955068821824,24.851685407669958,24.0,0.0,0.5093009740873197,0.18100431561856142,0.026482510895686494
28.700000000000003,24.851685407669958,24.847406604493916,24.0,0.0,0.5107836238014346,0.18100431561856142,0.026482510895686494
28.8,24.847406604493916,24.843118727617952,24.0,0.0,0.5122532874245472,0.18100431561856142,0.026482510895686494
28.900000000000002,24.843118727617952,24.8388218489801,24.0,0.0,0.5137099532942068,0.18100431561856142,0.026482510895686494
29.0,24.8388218489801,24.834516044012602,24.0,0.0,0.5151536105925818,0.18100431561856142,0.026482510895686494
29.1,24.834516044012602,24.830201391524408,24.0,0.0,0.5165842493340718,0.18100431561856142,0.026482510895686494
29.200000000000003,24.830201391524408,24.825877973585765,24.0,0.0,0.5180018603529802,0.18100431561856142,0.026482510895686494
29.3,24.825877973585765,24.82154587541492,24.0,0.0,0.5194064352912624,0.18100431561856142,0.026482510895686494
29.400000000000002,24.82154587541492,24.817205185266907,24.0,0.0,0.5207979665863542,0.18100431561856142,0.026482510895686494
29.5,24.817205185266907,24.8128559943244,24.0,0.0,0.5221764474590853,0.18100431561856142,0.026482510895686494
29.6,24.8128559943244,24.808498396590622,24.0,0.0,0.5235418719016746,0.18100431561856142,0.026482510895686494
29.700000000000003,24.808498396590622,24.80413248878424,24.0,0.0,0.5248942346658164,0.18100431561856142,0.026482510895686494
29.8,24.80413248878424,24.799758370236315,24.0,0.0,0.526233531250849,0.18100431561856142,0.026482510895686494
29.900000000000002,24.799758370236315,24.795376142789177,24.0,0.0,0.5275597578920174,0.18100431561856142,0.026482510895686494
30.0,24.795376142789177,24.79938132648373,24.0,0.0,0.8428514471657673,0.5756187757038002,0.027885727053560936
30.1,24.79938132648373,24.803331643794696,24.0,0.0,0.8473860390486982,0.5756187757038002,0.027885727053560936
30.200000000000003,24.803331643794696,24.807227620671075,24.0,0.0,0.8519000645581131,0.5756187757038002,0.027885727053560936
30.3,24.807227620671075,24.811069781764008,24.0,0.0,0.8563936749078775,0.5756187757038002,0.027885727053560936
30.400000000000002,24.811069781764008,24.814858650406613,24.0,0.0,0.8608670220278147,0.5756187757038002,0.027885727053560936
30.5,24.814858650406613,24.818594748594215,24.0,0.0,0.8653202585484208,0.5756187757038002,0.027885727053560936
30.6,24.818594748594215,24.822278596964985,24.0,0.0,0.8697535377857551,0.5756187757038002,0.027885727053560936
30.700000000000003,24.822278596964985,24.825910714780964,24.0,0.0,0.8741670137265112,0.5756187757038002,0.027885727053560936
30.8,24.825910714780964,24.829491619909508,24.0,0.0,0.8785608410132562,0.5756187757038002,0.027885727053560936
30.900000000000002,24.829491619909508,24.833021828805094,24.0,0.0,0.8829351749298614,0.5756187757038002,0.027885727053560936
31.0,24.833021828805094,24.83650185649155,24.0,0.0,0.8872901713870893,0.5756187757038002,0.027885727053560936
31.1,24.83650185649155,24.839932216544657,24.0,0.0,0.8916259869083754,0.5756187757038002,0.027885727053560936
31.200000000000003,24.839932216544657,24.843313421075134,24.0,0.0,0.8959427786157728,0.5756187757038002,0.027885727053560936
31.3,24.843313421075134,24.84664598071202,24.0,0.0,0.9002407042160807,0.5756187757038002,0.027885727053560936
31.400000000000002,24.84664598071202,24.84993040458642,24.0,0.0,0.9045199219871372,0.5756187757038002,0.027885727053560936
31.5,24.84993040458642,24.853167200315642,24.0,0.0,0.9087805907642943,0.5756187757038002,0.027885727053560936
31.6,24.853167200315642,24.856356873987693,24.0,0.0,0.9130228699270577,0.5756187757038002,0.027885727053560936
31.700000000000003,24.856356873987693,24.859499930146146,24.0,0.0,0.9172469193859042,0.5756187757038002,0.027885727053560936
31.8,24.859499930146146,24.862596871775384,24.0,0.0,0.9214528995692626,0.5756187757038002,0.027885727053560936
31.900000000000002,24.862596871775384,24.86564820028619,24.0,0.0,0.925640971410669,0.5756187757038002,0.027885727053560936
32.0,24.86564820028619,24.86029559366131,24.0,0.0,0.565987433277477,0.15539809447800515,0.027185828036331003
32.1,24.86029559366131,24.85484007821828,24.0,0.0,0.567494433214449,0.15539809447800515,0.027185828036331003
32.2,24.85484007821828,24.849282543939,24.0,0.0,0.5689706100467077,0.15539809447800515,0.027185828036331003
32.300000000000004,24.849282543939,24.84362387381804,24.0,0.0,0.5704158247290897,0.15539809447800515,0.027185828036331003
32.4,24.84362387381804,24.83786494386683,24.0,0.0,0.5718299395311087,0.15539809447800515,0.027185828036331003
32.5,24.83786494386683,24.832006623118268,24.0,0.0,0.5732128180186218,0.15539809447800515,0.027185828036331003
32.6,24.832006623118268,24.826049773631667,24.0,0.0,0.5745643250355725,0.15539809447800515,0.027185828036331003
32.7,24.826049773631667,24.819995250498117,24.0,0.0,0.5758843266858025,0.15539809447800515,0.027185828036331003
32.800000000000004,24.819995250498117,24.813843901846216,24.0,0.0,0.5771726903149409,0.15539809447800515,0.027185828036331003
32.9,24.813843901846216,24.80759656884816,24.0,0.0,0.5784292844923664,0.15539809447800515,0.027185828036331003
33.0,24.80759656884816,24.801254085726217,24.0,0.0,0.5796539789932429,0.15539809447800515,0.027185828036331003
33.1,24.801254085726217,24.79481727975952,24.0,0.0,0.5808466447806299,0.15539809447800515,0.027185828036331003
33.2,24.79481727975952,24.788286971291264,24.0,0.0,0.5820071539876652,0.15539809447800515,0.027185828036331003
33.300000000000004,24.788286971291264,24.781663973736194,24.0,0.0,0.583135379899825,0.15539809447800515,0.027185828036331003
33.4,24.781663973736194,24.774949093588475,24.0,0.0,0.5842311969372533,0.15539809447800515,0.027185828036331003
33.5,24.774949093588475,24.76814313042988,24.0,0.0,0.5852944806371704,0.15539809447800515,0.027185828036331003
33.6,24.76814313042988,24.761246876938298,24.0,0.0,0.5863251076363529,0.15539809447800515,0.027185828036331003
33.7,24.761246876938298,24.754261118896576,24.0,0.0,0.5873229556536875,0.15539809447800515,0.027185828036331003
33.800000000000004,24.754261118896576,24.74718663520168,24.0,0.0,0.5882879034728008,0.15539809447800515,0.027185828036331003
33.9,24.74718663520168,24.740024197874153,24.0,0.0,0.5892198309247618,0.15539809447800515,0.027185828036331003
34.0,24.740024197874153,24.742460389751646,24.0,0.0,0.9007358203522506,0.5751108353642586,0.027450914901545165
34.1,24.742460389751646,24.74484835474735,24.0,0.0,0.9041750223957072,0.5751108353642586,0.027450914901545165
34.2,24.74484835474735,24.747189073930976,24.0,0.0,0.9075930438192804,0.5751108353642586,0.027450914901545165
34.300000000000004,24.747189073930976,24.749483528809137,24.0,0.0,0.9109903191527124,0.5751108353642586,0.027450914901545165
34.4,24.749483528809137,24.751732701288912,24.0,0.0,0.9143672858713421,0.5751108353642586,0.027450914901545165
34.5,24.751732701288912,24.753937573641984,24.0,0.0,0.917724384376243,0.5751108353642586,0.027450914901545165
34.6,24.753937573641984,24.756099128469412,24.0,0.0,0.9210620579746023,0.5751108353642586,0.027450914901545165
34.7,24.756099128469412,24.75821834866699,24.0,0.0,0.9243807528603645,0.5751108353642586,0.027450914901545165
34.800000000000004,24.75821834866699,24.760296217391208,24.0,0.0,0.9276809180951191,0.5751108353642586,0.027450914901545165
34.9,24.760296217391208,24.762333718025808,24.0,0.0,0.9309630055892386,0.5751108353642586,0.027450914901545165
35.0,24.762333718025808,24.764331834148923,24.0,0.0,0.9342274700832691,0.5751108353642586,0.027450914901545165
35.1,24.764331834148923,24.766291549500806,24.0,0.0,0.937474769129565,0.5751108353642586,0.027450914901545165
35.2,24.766291549500806,24.76821384795214,24.0,0.0,0.9407053630741751,0.5751108353642586,0.027450914901545165
35.300000000000004,24.76821384795214,24.77009971347293,24.0,0.0,0.9439197150389731,0.5751108353642586,0.027450914901545165
35.4,24.77009971347293,24.771950130101963,24.0,0.0,0.9471182909040446,0.5751108353642586,0.027450914901545165
35.5,24.771950130101963,24.773766081916836,24.0,0.0,0.9503015592903061,0.5751108353642586,0.027450914901545165
35.6,24.773766081916836,24.775548553004562,24.0,0.0,0.953469991542379,0.5751108353642586,0.027450914901545165
35.7,24.775548553004562,24.777298527432723,24.0,0.0,0.9566240617117081,0.5751108353642586,0.027450914901545165
35.800000000000004,24.777298527432723,24.77901698922119,24.0,0.0,0.9597642465399194,0.5751108353642586,0.027450914901545165
35.9,24.77901698922119,24.780704922314403,24.0,0.0,0.9628910254424232,0.5751108353642586,0.027450914901545165
36.0,24.780704922314403,24.77409397506396,24.0,0.0,0.6339508636905877,0.14986702280374736,0.026630129094861718
36.1,24.77409397506396,24.767413468246875,24.0,0.0,0.635021522957002,0.14986702280374736,0.026630129094861718
36.2,24.767413468246875,24.760664197218574,24.0,0.0,0.6360639672623605,0.14986702280374736,0.026630129094861718
36.300000000000004,24.760664197218574,24.75384694311954,24.0,0.0,0.6370781326842304,0.14986702280374736,0.026630129094861718
36.4,24.75384694311954,24.746962472844206,24.0,0.0,0.6380639552500157,0.14986702280374736,0.026630129094861718
36.5,24.746962472844206,24.740011539010464,24.0,0.0,0.6390213708943562,0.14986702280374736,0.026630129094861718
36.6,24.740011539010464,24.732994879929812,24.0,0.0,0.6399503154165409,0.14986702280374736,0.026630129094861718
36.7,24.732994879929812,24.725913219578114,24.0,0.0,0.6408507244379351,0.14986702280374736,0.026630129094861718
36.800000000000004,24.725913219578114,24.718767267566957,24.0,0.0,0.6417225333594221,0.14986702280374736,0.026630129094861718
36.9,24.718767267566957,24.71155771911561,24.0,0.0,0.6425656773188584,0.14986702280374736,0.026630129094861718
37.0,24.71155771911561,24.704285255023585,24.0,0.0,0.6433800911485452,0.14986702280374736,0.026630129094861718
37.1,24.704285255023585,24.69695054164375,24.0,0.0,0.6441657093327147,0.14986702280374736,0.026630129094861718
37.2,24.69695054164375,24.689554230856043,24.0,0.0,0.6449224659650309,0.14986702280374736,0.026630129094861718
37.300000000000004,24.689554230856043,24.68209696004172,24.0,0.0,0.6456502947061064,0.14986702280374736,0.026630129094861718
37.4,24.68209696004172,24.674579352058192,24.0,0.0,0.6463491287410346,0.14986702280374736,0.026630129094861718
37.5,24.674579352058192,24.66700201521438,24.0,0.0,0.6470189007369416,0.14986702280374736,0.026630129094861718
37.6,24.66700201521438,24.65936554324662,24.0,0.0,0.6476595428005474,0.14986702280374736,0.026630129094861718
37.7,24.65936554324662,24.651670515295095,24.0,0.0,0.6482709864357509,0.14986702280374736,0.026630129094861718
37.800000000000004,24.651670515295095,24.643917495880793,24.0,0.0,0.6488531625012267,0.14986702280374736,0.026630129094861718
37.9,24.643917495880793,24.63610703488296,24.0,0.0,0.64940600116804,0.14986702280374736,0.026630129094861718
38.0,24.63610703488296,24.637079699726247,24.0,0.0,0.9199289720549229,0.5742982514879814,0.02687929765793106
38.1,24.637079699726247,24.63802062436934,24.0,0.0,0.9221999972617821,0.5742982514879814,0.02687929765793106
38.2,24.63802062436934,24.638930665583125,24.0,0.0,0.9244553232665245,0.5742982514879814,0.02687929765793106
38.300000000000004,24.638930665583125,24.639810678989097,24.0,0.0,0.9266953590986824,0.5742982514879814,0.02687929765793106
38.400000000000006,24.639810678989097,24.640661519064526,24.0,0.0,0.9289205154275451,0.5742982514879814,0.02687929765793106
38.5,24.640661519064526,24.64148403914873,24.0,0.0,0.9311312045620519,0.5742982514879814,0.02687929765793106
38.6,24.64148403914873,24.64227909145046,24.0,0.0,0.9333278404513323,0.5742982514879814,0.02687929765793106
38.7,24.64227909145046,24.643047527056424,24.0,0.0,0.9355108386859152,0.5742982514879814,0.02687929765793106
38.800000000000004,24.643047527056424,24.643790195940856,24.0,0.0,0.9376806164995954,0.5742982514879814,0.02687929765793106
38.900000000000006,24.643790195940856,24.64450794697624,24.0,0.0,0.939837592771954,0.5742982514879814,0.02687929765793106
39.0,24.64450794697624,24.645201627945113,24.0,0.0,0.9419821880315469,0.5742982514879814,0.02687929765793106
39.1,24.645201627945113,24.64587208555295,24.0,0.0,0.9441148244597526,0.5742982514879814,0.02687929765793106
39.2,24.64587208555295,24.646520165442148,24.0,0.0,0.9462359258952822,0.5742982514879814,0.02687929765793106
39.300000000000004,24.646520165442148,24.6471467122071,24.0,0.0,0.9483459178393512,0.5742982514879814,0.02687929765793106
39.400000000000006,24.6471467122071,24.64775256941033,24.0,0.0,0.9504452274615152,0.5742982514879814,0.02687929765793106
39.5,24.64775256941033,24.648338579599727,24.0,0.0,0.9525342836061683,0.5742982514879814,0.02687929765793106
39.6,24.648338579599727,24.64890558432683,24.0,0.0,0.9546135167997118,0.5742982514879814,0.02687929765793106
39.7,24.64890558432683,24.6494544241662,24.0,0.0,0.9566833592583737,0.5742982514879814,0.02687929765793106
39.800000000000004,24.6494544241662,24.649985938735856,24.0,0.0,0.9587442448967141,0.5742982514879814,0.02687929765793106
39.900000000000006,24.649985938735856,24.650500966718738,24.0,0.0,0.9607966093367823,0.5742982514879814,0.02687929765793106
40.0,24.650500966718738,24.64381234480457,24.0,0.0,0.6855611574265985,0.14808944163542642,0.02641058723672071
40.1,24.64381234480457,24.637085521329237,24.0,0.0,0.6862709893516726,0.14808944163542642,0.02641058723672071
40.2,24.637085521329237,24.630321041367708,24.0,0.0,0.6869573980930623,0.14808944163542642,0.02641058723672071
40.300000000000004,24.630321041367708,24.62351943729176,24.0,0.0,0.6876203649176238,0.14808944163542642,0.02641058723672071
40.400000000000006,24.62351943729176,24.616681228768595,24.0,0.0,0.6882598706170296,0.14808944163542642,0.02641058723672071
40.5,24.616681228768595,24.60980692275949,24.0,0.0,0.688875895474012,0.14808944163542642,0.02641058723672071
40.6,24.60980692275949,24.602897013518387,24.0,0.0,0.689468419228602,0.14808944163542642,0.02641058723672071
40.7,24.602897013518387,24.5959519825905,24.0,0.0,0.6900374210443643,0.14808944163542642,0.02641058723672071
40.800000000000004,24.5959519825905,24.588972298810845,24.0,0.0,0.6905828794746229,0.14808944163542642,0.02641058723672071
40.900000000000006,24.588972298810845,24.581958418302737,24.0,0.0,0.6911047724286776,0.14808944163542642,0.02641058723672071
41.0,24.581958418302737,24.57491078447618,24.0,0.0,0.6916030771380071,0.14808944163542642,0.02641058723672071
41.1,24.57491078447618,24.56782982802619,24.0,0.0,0.6920777701224555,0.14808944163542642,0.02641058723672071
41.2,24.56782982802619,24.560715966930964,24.0,0.0,0.6925288271564015,0.14808944163542642,0.02641058723672071
41.300000000000004,24.560715966930964,24.553569606449944,24.0,0.0,0.6929562232349025,0.14808944163542642,0.02641058723672071
41.400000000000006,24.553569606449944,24.546391139121745,24.0,0.0,0.6933599325398172,0.14808944163542642,0.02641058723672071
41.5,24.546391139121745,24.539180944761878,24.0,0.0,0.6937399284059007,0.14808944163542642,0.02641058723672071
41.6,24.539180944761878,24.531939390460323,24.0,0.0,0.6940961832868661,0.14808944163542642,0.02641058723672071
41.7,24.531939390460323,24.524666830578884,24.0,0.0,0.6944286687214164,0.14808944163542642,0.02641058723672071
41.800000000000004,24.524666830578884,24.517363606748336,24.0,0.0,0.6947373552992356,0.14808944163542642,0.02641058723672071
41.900000000000006,24.517363606748336,24.51003004786533,24.0,0.0,0.6950222126269444,0.14808944163542642,0.02641058723672071
42.0,24.51003004786533,24.51004828642658,24.0,0.0,0.9075732129570278,0.564480177279417,0.024807090177889166
42.1,24.51004828642658,24.510047566955567,24.0,0.0,0.9088487896469615,0.564480177279417,0.024807090177889166
42.2,24.510047566955567,24.510028576118877,24.0,0.0,0.9101136631186837,0.564480177279417,0.024807090177889166
42.300000000000004,24.510028576118877,24.50999199879675,24.0,0.0,0.9113681756559304,0.564480177279417,0.024807090177889166
42.400000000000006,24.50999199879675,24.509938518101652,24.0,0.0,0.9126126702330668,0.564480177279417,0.024807090177889166
42.5,24.509938518101652,24.50986881539772,24.0,0.0,0.9138474905211897,0.564480177279417,0.024807090177889166
42.6,24.50986881539772,24.509783570321023,24.0,0.0,0.9150729808947637,0.564480177279417,0.024807090177889166
42.7,24.509783570321023,24.509683460800666,24.0,0.0,0.9162894864387736,0.564480177279417,0.024807090177889166
42.800000000000004,24.509683460800666,24.509569163080705,24.0,0.0,0.9174973529564012,0.564480177279417,0.024807090177889166
42.900000000000006,24.509569163080705,24.50944135174291,24.0,0.0,0.9186969269772165,0.564480177279417,0.024807090177889166
43.0,24.50944135174291,24.509300699730343,24.0,0.0,0.9198885557659033,0.564480177279417,0.024807090177889166
43.1,24.509300699730343,24.509147878371742,24.0,0.0,0.9210725873315013,0.564480177279417,0.024807090177889166
43.2,24.509147878371742,24.508983557406758,24.0,0.0,0.9222493704371713,0.564480177279417,0.024807090177889166
43.300000000000004,24.508983557406758,24.508808405011973,24.0,0.0,0.9234192546104916,0.564480177279417,0.024807090177889166
43.400000000000006,24.508808405011973,24.508623087827768,24.0,0.0,0.9245825901542721,0.564480177279417,0.024807090177889166
43.5,24.508623087827768,24.508428270985974,24.0,0.0,0.9257397281579096,0.564480177279417,0.024807090177889166
43.6,24.508428270985974,24.50822461813835,24.0,0.0,0.9268910205092501,0.564480177279417,0.024807090177889166
43.7,24.50822461813835,24.508012791485875,24.0,0.0,0.9280368199069979,0.564480177279417,0.024807090177889166
43.800000000000004,24.508012791485875,24.50779345180883,24.0,0.0,0.9291774798736478,0.564480177279417,0.024807090177889166
43.900000000000006,24.50779345180883,24.507567258497705,24.0,0.0,0.9303133547689413,0.564480177279417,0.024807090177889166
44.0,24.507567258497705,24.5016832274571,24.0,0.0,0.719645293478683,0.14701893440489133,0.026583253793124113
44.1,24.5016832274571,24.49578481845149,24.0,0.0,0.7201138667610126,0.14701893440489133,0.026583253793124113
44.2,24.49578481845149,24.489872364271612,24.0,0.0,0.720564646319891,0.14701893440489133,0.026583253793124113
44.300000000000004,24.489872364271612,24.483946187488385,24.0,0.0,0.7209976437452146,0.14701893440489133,0.026583253793124113
44.400000000000006,24.483946187488385,24.478006600468525,24.0,0.0,0.7214128699818714,0.14701893440489133,0.026583253793124113
44.5,24.478006600468525,24.47205390538995,24.0,0.0,0.7218103353049109,0.14701893440489133,0.026583253793124113
44.6,24.47205390538995,24.466088394256964,24.0,0.0,0.722190049294723,0.14701893440489133,0.026583253793124113
44.7,24.466088394256964,24.4601103489152,24.0,0.0,0.7225520208122274,0.14701893440489133,0.026583253793124113
44.800000000000004,24.4601103489152,24.454120041066307,24.0,0.0,0.7228962579740628,0.14701893440489133,0.026583253793124113
44.900000000000006,24.454120041066307,24.44811773228236,24.0,0.0,0.7232227681277821,0.14701893440489133,0.026583253793124113
45.0,24.44811773228236,24.442103674020004,24.0,0.0,0.723531557827043,0.14701893440489133,0.026583253793124113
45.1,24.442103674020004,24.4360781076343,24.0,0.0,0.7238226328067973,0.14701893440489133,0.026583253793124113
45.2,24.4360781076343,24.43004126439227,24.0,0.0,0.7240959979584721,0.14701893440489133,0.026583253793124113
45.300000000000004,24.43004126439227,24.423993365486098,24.0,0.0,0.7243516573051447,0.14701893440489133,0.026583253793124113
45.400000000000006,24.423993365486098,24.417934622046044,24.0,0.0,0.7245896139767026,0.14701893440489133,0.026583253793124113
45.5,24.417934622046044,24.41186523515297,24.0,0.0,0.7248098701849917,0.14701893440489133,0.026583253793124113
45.6,24.41186523515297,24.40578539585053,24.0,0.0,0.7250124271989444,0.14701893440489133,0.026583253793124113
45.7,24.40578539585053,24.399695285156987,24.0,0.0,0.7251972853196905,0.14701893440489133,0.026583253793124113
45.800000000000004,24.399695285156987,24.393595074076643,24.0,0.0,0.7253644438556425,0.14701893440489133,0.026583253793124113
45.900000000000006,24.393595074076643,24.38748492361087,24.0,0.0,0.7255139010975555,0.14701893440489133,0.026583253793124113
46.0,24.38748492361087,24.387003568743214,24.0,0.0,0.8622599727536153,0.5000360683838051,0.022079885469367844
46.1,24.387003568743214,24.38651134123539,24.0,0.0,0.862873777405504,0.5000360683838051,0.022079885469367844
46.2,24.38651134123539,24.386008750978533,24.0,0.0,0.8634810585124504,0.5000360683838051,0.022079885469367844
46.300000000000004,24.386008750978533,24.385496305858418,24.0,0.0,0.8640820481575813,0.5000360683838051,0.022079885469367844
46.400000000000006,24.385496305858418,24.384974511779316,24.0,0.0,0.8646769785426781,0.5000360683838051,0.022079885469367844
46.5,24.384974511779316,24.384443872688404,24.0,0.0,0.8652660819957293,0.5000360683838051,0.022079885469367844
46.6,24.384443872688404,24.383904890600785,24.0,0.0,0.8658495909788153,0.5000360683838051,0.022079885469367844
46.7,24.383904890600785,24.383358065625067,24.0,0.0,0.8664277380963525,0.5000360683838051,0.022079885469367844
46.800000000000004,24.383358065625067,24.38280389598952,24.0,0.0,0.8670007561036766,0.5000360683838051,0.022079885469367844
46.900000000000006,24.38280389598952,24.382242878068812,24.0,0.0,0.8675688779159682,0.5000360683838051,0.022079885469367844
47.0,24.382242878068812,24.3816755064113,24.0,0.0,0.8681323366175278,0.5000360683838051,0.022079885469367844
47.1,24.3816755064113,24.381102273766928,24.0,0.0,0.8686913654713964,0.5000360683838051,0.022079885469367844
47.2,24.381102273766928,24.38052367111564,24.0,0.0,0.8692461979293232,0.5000360683838051,0.022079885469367844
47.300000000000004,24.38052367111564,24.379940187696413,24.0,0.0,0.8697970676420785,0.5000360683838051,0.022079885469367844
47.400000000000006,24.379940187696413,24.379352311036808,24.0,0.0,0.8703442084701157,0.5000360683838051,0.022079885469367844
47.5,24.379352311036808,24.378760526983122,24.0,0.0,0.8708878544945755,0.5000360683838051,0.022079885469367844
47.6,24.378760526983122,24.378165319731078,24.0,0.0,0.8714282400286486,0.5000360683838051,0.022079885469367844
47.7,24.378165319731078,24.37756717185708,24.0,0.0,0.8719655996292781,0.5000360683838051,0.022079885469367844
47.800000000000004,24.37756717185708,24.376966564350035,24.0,0.0,0.8725001681092119,0.5000360683838051,0.022079885469367844
47.900000000000006,24.376966564350035,24.376363976643727,24.0,0.0,0.8730321805494099,0.5000360683838051,0.022079885469367844
48.0,24.376363976643727,24.372122903164204,24.0,0.0,0.7418033099853354,0.1496195336210738,0.025417032123822403
48.1,24.372122903164204,24.367879602186786,24.0,0.0,0.7421145885276499,0.1496195336210738,0.025417032123822403
48.2,24.367879602186786,24.36363425479569,24.0,0.0,0.7424147485810428,0.1496195336210738,0.025417032123822403
48.300000000000004,24.36363425479569,24.35938703529395,24.0,0.0,0.7427038120378744,0.1496195336210738,0.025417032123822403
48.400000000000006,24.35938703529395,24.355138111222804,24.0,0.0,0.7429818002189325,0.1496195336210738,0.025417032123822403
48.5,24.355138111222804,24.35088764338086,24.0,0.0,0.7432487338591508,0.1496195336210738,0.025417032123822403
48.6,24.35088764338086,24.346635785842956,24.0,0.0,0.7435046330933344,0.1496195336210738,0.025417032123822403
48.7,24.346635785842956,24.342382685978738,24.0,0.0,0.7437495174418934,0.1496195336210738,0.025417032123822403
48.800000000000004,24.342382685978738,24.338128484470964,24.0,0.0,0.7439834057965814,0.1496195336210738,0.025417032123822403
48.900000000000006,24.338128484470964,24.333873315333502,24.0,0.0,0.744206316406236,0.1496195336210738,0.025417032123822403
49.0,24.333873315333502,24.329617305929013,24.0,0.0,0.744418266862522,0.1496195336210738,0.025417032123822403
49.1,24.329617305929013,24.32536057698633,24.0,0.0,0.744619274085672,0.1496195336210738,0.025417032123822403
49.2,24.32536057698633,24.321103242617518,24.0,0.0,0.7448093543102252,0.1496195336210738,0.025417032123822403
49.300000000000004,24.321103242617518,24.31684541033458,24.0,0.0,0.7449885230707618,0.1496195336210738,0.025417032123822403
49.400000000000006,24.31684541033458,24.312587181065847,24.0,0.0,0.7451567951876278,0.1496195336210738,0.025417032123822403
49.5,24.312587181065847,24.30832864917201,24.0,0.0,0.745314184752653,0.1496195336210738,0.025417032123822403
49.6,24.30832864917201,24.30406990246181,24.0,0.0,0.7454607051148568,0.1496195336210738,0.025417032123822403
49.7,24.30406990246181,24.29981102220732,24.0,0.0,0.7455963688661419,0.1496195336210738,0.025417032123822403
49.800000000000004,24.29981102220732,24.295552083158924,24.0,0.0,0.7457211878269692,0.1496195336210738,0.025417032123822403
49.900000000000006,24.295552083158924,24.29129315355986,24.0,0.0,0.745835173032019,0.1496195336210738,0.025417032123822403
50.0,24.29129315355986,24.29054200738751,24.0,0.0,0.7905636427554543,0.30345702518006995,0.019014546859242448
50.1,24.29054200738751,24.28978507392545,24.0,0.0,0.7908881546339229,0.30345702518006995,0.019014546859242448
50.2,24.28978507392545,24.289022668431958,24.0,0.0,0.7912094710439932,0.30345702518006995,0.019014546859242448
50.300000000000004,24.289022668431958,24.28825510453338,24.0,0.0,0.7915276772481852,0.30345702518006995,0.019014546859242448
50.400000000000006,24.28825510453338,24.287482694244773,24.0,0.0,0.7918428586101438,0.30345702518006995,0.019014546859242448
50.5,24.287482694244773,24.286705747990865,24.0,0.0,0.7921551005978382,0.30345702518006995,0.019014546859242448
50.6,24.286705747990865,24.28592457462732,24.0,0.0,0.7924644887869015,0.30345702518006995,0.019014546859242448
50.7,24.28592457462732,24.285139481462323,24.0,0.0,0.792771108864096,0.30345702518006995,0.019014546859242448
50.800000000000004,24.285139481462323,24.284350774278465,24.0,0.0,0.7930750466309254,0.30345702518006995,0.019014546859242448
50.900000000000006,24.284350774278465,24.283558757354925,24.0,0.0,0.7933763880073718,0.30345702518006995,0.019014546859242448
51.0,24.283558757354925,24.282763733489983,24.0,0.0,0.7936752190357692,0.30345702518006995,0.019014546859242448
51.1,24.282763733489983,24.281966004023815,24.0,0.0,0.7939716258848206,0.30345702518006995,0.019014546859242448
51.2,24.281966004023815,24.2811658688616,24.0,0.0,0.7942656948537413,0.30345702518006995,0.019014546859242448
51.300000000000004,24.2811658688616,24.280363626496932,24.0,0.0,0.7945575123765423,0.30345702518006995,0.019014546859242448
51.400000000000006,24.280363626496932,24.279559574035535,24.0,0.0,0.7948471650264523,0.30345702518006995,0.019014546859242448
51.5,24.279559574035535,24.278754007219266,24.0,0.0,0.7951347395204726,0.30345702518006995,0.019014546859242448
51.6,24.278754007219266,24.277947220450447,24.0,0.0,0.7954203227240714,0.30345702518006995,0.019014546859242448
51.7,24.277947220450447,24.277139506816454,24.0,0.0,0.7957040016560158,0.30345702518006995,0.019014546859242448
51.800000000000004,24.277139506816454,24.276331158114655,24.0,0.0,0.7959858634933379,0.30345702518006995,0.019014546859242448
51.900000000000006,24.276331158114655,24.275522464877604,24.0,0.0,0.7962659955764457,0.30345702518006995,0.019014546859242448
52.0,24.275522464877604,24.27352568932931,24.0,0.0,0.7765048053292517,0.23117101387941122,0.014540861730113737
52.1,24.27352568932931,24.27152691937528,24.0,0.0,0.7764409386240805,0.23117101387941122,0.014540861730113737
52.2,24.27152691937528,24.269526246723082,24.0,0.0,0.7763737044863592,0.23117101387941122,0.014540861730113737
52.300000000000004,24.269526246723082,24.267523760505238,24.0,0.0,0.7763031213495336,0.23117101387941122,0.014540861730113737
52.400000000000006,24.267523760505238,24.26551954728507,24.0,0.0,0.7762292071813778,0.23117101387941122,0.014540861730113737
52.5,24.26551954728507,24.26351369106249,24.0,0.0,0.7761519794816124,0.23117101387941122,0.014540861730113737
52.6,24.26351369106249,24.261506273279654,24.0,0.0,0.776071455279515,0.23117101387941122,0.014540861730113737
52.7,24.261506273279654,24.259497372826527,24.0,0.0,0.7759876511315094,0.23117101387941122,0.014540861730113737
52.800000000000004,24.259497372826527,24.25748706604631,24.0,0.0,0.7759005831187369,0.23117101387941122,0.014540861730113737
52.900000000000006,24.25748706604631,24.255475426740762,24.0,0.0,0.7758102668446125,0.23117101387941122,0.014540861730113737
53.0,24.255475426740762,24.25346252617541,24.0,0.0,0.7757167174323575,0.23117101387941122,0.014540861730113737
53.1,24.25346252617541,24.25144843308462,24.0,0.0,0.7756199495225151,0.23117101387941122,0.014540861730113737
53.2,24.25144843308462,24.24943321367653,24.0,0.0,0.7755199772704429,0.23117101387941122,0.014540861730113737
53.300000000000004,24.24943321367653,24.24741693163789,24.0,0.0,0.7754168143437821,0.23117101387941122,0.014540861730113737
53.400000000000006,24.24741693163789,24.245399648138743,24.0,0.0,0.7753104739199066,0.23117101387941122,0.014540861730113737
53.5,24.245399648138743,24.243381421836965,24.0,0.0,0.7752009686833471,0.23117101387941122,0.014540861730113737
53.6,24.243381421836965,24.24136230888267,24.0,0.0,0.7750883108231877,0.23117101387941122,0.014540861730113737
53.7,24.24136230888267,24.23934236292249,24.0,0.0,0.774972512030439,0.23117101387941122,0.014540861730113737
53.800000000000004,24.23934236292249,24.23732163510367,24.0,0.0,0.7748535834953837,0.23117101387941122,0.014540861730113737
53.900000000000006,24.23732163510367,24.23530017407805,24.0,0.0,0.7747315359048933,0.23117101387941122,0.014540861730113737
54.0,24.23530017407805,24.233811527811163,24.0,0.0,0.7770187129251879,0.24119869582404083,0.016785576529287975
54.1,24.233811527811163,24.232329535714193,24.0,0.0,0.7770521195164222,0.24119869582404083,0.016785576529287975
54.2,24.232329535714193,24.230854265292205,24.0,0.0,0.7770846434755858,0.24119869582404083,0.016785576529287975
54.300000000000004,24.230854265292205,24.229385783334877,24.0,0.0,0.7771163123675321,0.24119869582404083,0.016785576529287975
54.400000000000006,24.229385783334877,24.227924155931287,24.0,0.0,0.7771471536966732,0.24119869582404083,0.016785576529287975
54.5,24.227924155931287,24.226469448484703,24.0,0.0,0.7771771949093725,0.24119869582404083,0.016785576529287975
54.6,24.226469448484703,24.22502172572738,24.0,0.0,0.7772064633963595,0.24119869582404083,0.016785576529287975
54.7,24.22502172572738,24.223581051735394,24.0,0.0,0.7772349864951733,0.24119869582404083,0.016785576529287975
54.800000000000004,24.223581051735394,24.222147489943467,24.0,0.0,0.777262791492639,0.24119869582404083,0.016785576529287975
54.900000000000006,24.222147489943467,24.220721103159832,24.0,0.0,0.7772899056273664,0.24119869582404083,0.016785576529287975
55.0,24.220721103159832,24.219301953581095,24.0,0.0,0.7773163560922849,0.24119869582404083,0.016785576529287975
55.1,24.219301953581095,24.217890102807118,24.0,0.0,0.7773421700372001,0.24119869582404083,0.016785576529287975
55.2,24.217890102807118,24.216485611855923,24.0,0.0,0.777367374571383,0.24119869582404083,0.016785576529287975
55.300000000000004,24.216485611855923,24.215088541178616,24.0,0.0,0.7773919967661879,0.24119869582404083,0.016785576529287975
55.400000000000006,24.215088541178616,24.21369895067432,24.0,0.0,0.7774160636577002,0.24119869582404083,0.016785576529287975
55.5,24.21369895067432,24.212316899705144,24.0,0.0,0.7774396022494119,0.24119869582404083,0.016785576529287975
55.6,24.212316899705144,24.21094244711114,24.0,0.0,0.7774626395149302,0.24119869582404083,0.016785576529287975
55.7,24.21094244711114,24.209575651225318,24.0,0.0,0.7774852024007106,0.24119869582404083,0.016785576529287975
55.800000000000004,24.209575651225318,24.20821656988866,24.0,0.0,0.7775073178288245,0.24119869582404083,0.016785576529287975
55.900000000000006,24.20821656988866,24.20686526046515,24.0,0.0,0.7775290126997567,0.24119869582404083,0.016785576529287975
56.0,24.20686526046515,24.2054575580597,24.0,0.0,0.7773762655773216,0.24040321811015672,0.01632674581934823
56.1,24.2054575580597,24.204053650824367,24.0,0.0,0.7773732947216201,0.24040321811015672,0.01632674581934823
56.2,24.204053650824367,24.20265354962732,24.0,0.0,0.7773689441133701,0.24040321811015672,0.01632674581934823
56.300000000000004,24.20265354962732,24.20125726456672,24.0,0.0,0.7773632225793359,0.24040321811015672,0.01632674581934823
56.400000000000006,24.20125726456672,24.199864804974887,24.0,0.0,0.7773561387776562,0.24040321811015672,0.01632674581934823
56.5,24.199864804974887,24.198476179422407,24.0,0.0,0.7773477011975969,0.24040321811015672,0.01632674581934823
56.6,24.198476179422407,24.197091395722136,24.0,0.0,0.7773379181592932,0.24040321811015672,0.01632674581934823
56.7,24.197091395722136,24.19571046093315,24.0,0.0,0.7773267978134754,0.24040321811015672,0.01632674581934823
56.800000000000004,24.19571046093315,24.19433338136459,24.0,0.0,0.7773143481411869,0.24040321811015672,0.01632674581934823
56.900000000000006,24.19433338136459,24.192960162579453,24.0,0.0,0.7773005769534869,0.24040321811015672,0.01632674581934823
57.0,24.192960162579453,24.19159080939828,24.0,0.0,0.7772854918911402,0.24040321811015672,0.01632674581934823
57.1,24.19159080939828,24.19022532590279,24.0,0.0,0.777269100424294,0.24040321811015672,0.01632674581934823
57.2,24.19022532590279,24.1888637154394,24.0,0.0,0.7772514098521435,0.24040321811015672,0.01632674581934823
57.300000000000004,24.1888637154394,24.187505980622692,24.0,0.0,0.7772324273025794,0.24040321811015672,0.01632674581934823
57.400000000000006,24.187505980622692,24.18615212333879,24.0,0.0,0.777212159731826,0.24040321811015672,0.01632674581934823
57.5,24.18615212333879,24.18480214474864,24.0,0.0,0.7771906139240625,0.24040321811015672,0.01632674581934823
57.6,24.18480214474864,24.18345604529123,24.0,0.0,0.7771677964910291,0.24040321811015672,0.01632674581934823
57.7,24.18345604529123,24.18211382468671,24.0,0.0,0.7771437138716204,0.24040321811015672,0.01632674581934823
57.800000000000004,24.18211382468671,24.180775481939435,24.0,0.0,0.7771183723314647,0.24040321811015672,0.01632674581934823
57.900000000000006,24.180775481939435,24.179441015340924,24.0,0.0,0.7770917779624851,0.24040321811015672,0.01632674581934823
58.0,24.179441015340924,24.17811505603431,24.0,0.0,0.7773713172269385,0.24211074528862533,0.016381367326244956
58.1,24.17811505603431,24.176793588324717,24.0,0.0,0.7773420650469155,0.24211074528862533,0.016381367326244956
58.2,24.176793588324717,24.175476633997224,24.0,0.0,0.777311735585998,0.24211074528862533,0.016381367326244956
58.300000000000004,24.175476633997224,24.174164214529434,24.0,0.0,0.7772803415121258,0.24211074528862533,0.016381367326244956
58.400000000000006,24.174164214529434,24.17285635109697,24.0,0.0,0.777247895453977,0.24211074528862533,0.016381367326244956
58.5,24.17285635109697,24.17155306457899,24.0,0.0,0.7772144100018072,0.24211074528862533,0.016381367326244956
58.6,24.17155306457899,24.170254375563662,24.0,0.0,0.7771798977082953,0.24211074528862533,0.016381367326244956
58.7,24.170254375563662,24.168960304353654,24.0,0.0,0.7771443710893968,0.24211074528862533,0.016381367326244956
58.800000000000004,24.168960304353654,24.167670870971598,24.0,0.0,0.7771078426252024,0.24211074528862533,0.016381367326244956
58.900000000000006,24.167670870971598,24.16638609516555,24.0,0.0,0.7770703247608025,0.24211074528862533,0.016381367326244956
59.0,24.16638609516555,24.16510599641443,24.0,0.0,0.7770318299071599,0.24211074528862533,0.016381367326244956
59.1,24.16510599641443,24.16383059393346,24.0,0.0,0.7769923704419861,0.24211074528862533,0.016381367326244956
59.2,24.16383059393346,24.16255990667961,24.0,0.0,0.7769519587106262,0.24211074528862533,0.016381367326244956
59.300000000000004,24.16255990667961,24.161293953356992,24.0,0.0,0.7769106070269516,0.24211074528862533,0.016381367326244956
59.400000000000006,24.161293953356992,24.16003275242229,24.0,0.0,0.776868327674256,0.24211074528862533,0.016381367326244956
59.5,24.16003275242229,24.158776322090155,24.0,0.0,0.7768251329061622,0.24211074528862533,0.016381367326244956
59.6,24.158776322090155,24.157524680338607,24.0,0.0,0.7767810349475329,0.24211074528862533,0.016381367326244956
59.7,24.157524680338607,24.15627784491442,24.0,0.0,0.7767360459953889,0.24211074528862533,0.016381367326244956
59.800000000000004,24.15627784491442,24.155035833338502,24.0,0.0,0.7766901782198365,0.24211074528862533,0.016381367326244956
59.900000000000006,24.155035833338502,24.15379866291128,24.0,0.0,0.7766434437649986,0.24211074528862533,0.016381367326244956
60.0,24.15379866291128,24.15588595149521,24.0,1.0,0.7767602182210832,0.24318945768799521,0.016281167913893075
60.1,24.15588595149521,24.15796707279318,24.0,1.0,0.7775216253350185,0.24318945768799521,0.016281167913893075
60.2,24.15796707279318,24.160042076008253,24.0,1.0,0.7782849209385557,0.24318945768799521,0.016281167913893075
60.300000000000004,24.160042076008253,24.162111009842498,24.0,1.0,0.7790501070364079,0.24318945768799521,0.016281167913893075
60.400000000000006,24.162111009842498,24.164173922499717,24.0,1.0,0.7798171855907439,0.24318945768799521,0.016281167913893075
60.5,24.164173922499717,24.166230861688117,24.0,1.0,0.7805861585210409,0.24318945768799521,0.016281167913893075
60.6,24.166230861688117,24.16828187462296,24.0,1.0,0.7813570277039265,0.24318945768799521,0.016281167913893075
60.7,24.16828187462296,24.17032700802918,24.0,1.0,0.7821297949730219,0.24318945768799521,0.016281167913893075
60.800000000000004,24.17032700802918,24.172366308143978,24.0,1.0,0.7829044621187796,0.24318945768799521,0.016281167913893075
60.900000000000006,24.172366308143978,24.17439982071937,24.0,1.0,0.7836810308883196,0.24318945768799521,0.016281167913893075
61.0,24.17439982071937,24.176427591024705,24.0,1.0,0.7844595029852591,0.24318945768799521,0.016281167913893075
61.1,24.176427591024705,24.17844966384917,24.0,1.0,0.7852398800695413,0.24318945768799521,0.016281167913893075
61.2,24.17844966384917,24.180466083504243,24.0,1.0,0.7860221637572595,0.24318945768799521,0.016281167913893075
61.300000000000004,24.180466083504243,24.182476893826113,24.0,1.0,0.7868063556204772,0.24318945768799521,0.016281167913893075
61.400000000000006,24.182476893826113,24.184482138178087,24.0,1.0,0.7875924571870452,0.24318945768799521,0.016281167913893075
61.5,24.184482138178087,24.186481859452943,24.0,1.0,0.7883804699404127,0.24318945768799521,0.016281167913893075
61.6,24.186481859452943,24.188476100075277,24.0,1.0,0.789170395319437,0.24318945768799521,0.016281167913893075
61.7,24.188476100075277,24.190464902003786,24.0,1.0,0.7899622347181899,0.24318945768799521,0.016281167913893075
61.800000000000004,24.190464902003786,24.192448306733542,24.0,1.0,0.7907559894857554,0.24318945768799521,0.016281167913893075
61.900000000000006,24.192448306733542,24.19442635529823,24.0,1.0,0.7915516609260281,0.24318945768799521,0.016281167913893075
62.0,24.19442635529823,24.19639471254338,24.0,1.0,0.7929891749095029,0.24622023178147717,0.018886897532831775
62.1,24.19639471254338,24.19833624913393,24.0,1.0,0.7938447529678123,0.24622023178147717,0.018886897532831775
62.2,24.19833624913393,24.200251004047345,24.0,1.0,0.7946973941985936,0.24622023178147717,0.018886897532831775
62.300000000000004,24.200251004047345,24.202139016078007,24.0,1.0,0.7955470576166082,0.24622023178147717,0.018886897532831775
62.400000000000006,24.202139016078007,24.204000323838958,24.0,1.0,0.7963937022648093,0.24622023178147717,0.018886897532831775
62.5,24.204000323838958,24.20583496576365,24.0,1.0,0.7972372872144284,0.24622023178147717,0.018886897532831775
62.6,24.20583496576365,24.20764298010767,24.0,1.0,0.7980777715650672,0.24622023178147717,0.018886897532831775
62.7,24.20764298010767,24.209424404950493,24.0,1.0,0.7989151144447869,0.24622023178147717,0.018886897532831775
62.800000000000004,24.209424404950493,24.211179278197196,24.0,1.0,0.7997492750102051,0.24622023178147717,0.018886897532831775
62.900000000000006,24.211179278197196,24.212907637580212,24.0,1.0,0.8005802124465924,0.24622023178147717,0.018886897532831775
63.0,24.212907637580212,24.214609520661053,24.0,1.0,0.8014078859679737,0.24622023178147717,0.018886897532831775
63.1,24.214609520661053,24.21628496483204,24.0,1.0,0.8022322548172329,0.24622023178147717,0.018886897532831775
63.2,24.21628496483204,24.21793400731804,24.0,1.0,0.8030532782662181,0.24622023178147717,0.018886897532831775
63.300000000000004,24.21793400731804,24.219556685178187,24.0,1.0,0.8038709156158514,0.24622023178147717,0.018886897532831775
63.400000000000006,24.219556685178187,24.221153035307623,24.0,1.0,0.8046851261962445,0.24622023178147717,0.018886897532831775
63.5,24.221153035307623,24.22272309443921,24.0,1.0,0.8054958693668116,0.24622023178147717,0.018886897532831775
63.6,24.22272309443921,24.22426689914527,24.0,1.0,0.8063031045163886,0.24622023178147717,0.018886897532831775
63.7,24.22426689914527,24.225784485839306,24.0,1.0,0.8071067910633563,0.24622023178147717,0.018886897532831775
63.800000000000004,24.225784485839306,24.227275890777726,24.0,1.0,0.8079068884557651,0.24622023178147717,0.018886897532831775
63.900000000000006,24.227275890777726,24.228741150061577,24.0,1.0,0.8087033561714632,0.24622023178147717,0.018886897532831775
64.0,24.228741150061577,24.230163263391464,24.0,1.0,0.8084992413699023,0.24193058771321901,0.018200784396053153
64.10000000000001,24.230163263391464,24.23155786680403,24.0,1.0,0.8092622092768847,0.24193058771321901,0.018200784396053153
64.2,24.23155786680403,24.232925130031358,24.0,1.0,0.810021059981005,0.24193058771321901,0.018200784396053153
64.3,24.232925130031358,24.234265223331818,24.0,1.0,0.8107757847843631,0.24193058771321901,0.018200784396053153
64.4,24.234265223331818,24.235578317487562,24.0,1.0,0.8115263754262694,0.24193058771321901,0.018200784396053153
64.5,24.235578317487562,24.236864583802042,24.0,1.0,0.812272824083589,0.24193058771321901,0.018200784396053153
64.60000000000001,24.236864583802042,24.2381241940975,24.0,1.0,0.813015123371091,0.24193058771321901,0.018200784396053153
64.7,24.2381241940975,24.239357320712507,24.0,1.0,0.8137532663417865,0.24193058771321901,0.018200784396053153
64.8,24.239357320712507,24.24056413649946,24.0,1.0,0.8144872464872701,0.24193058771321901,0.018200784396053153
64.9,24.24056413649946,24.24174481482213,24.0,1.0,0.8152170577380545,0.24193058771321901,0.018200784396053153
65.0,24.24174481482213,24.242899529553178,24.0,1.0,0.8159426944639022,0.24193058771321901,0.018200784396053153
65.10000000000001,24.242899529553178,24.24402845507171,24.0,1.0,0.8166641514741556,0.24193058771321901,0.018200784396053153
65.2,24.24402845507171,24.245131766260805,24.0,1.0,0.8173814240180648,0.24193058771321901,0.018200784396053153
65.3,24.245131766260805,24.246209638505075,24.0,1.0,0.8180945077851066,0.24193058771321901,0.018200784396053153
65.4,24.246209638505075,24.247262247688216,24.0,1.0,0.8188033989053087,0.24193058771321901,0.018200784396053153
65.5,24.247262247688216,24.24828977019056,24.0,1.0,0.819508093949564,0.24193058771321901,0.018200784396053153
65.60000000000001,24.24828977019056,24.24929238288665,24.0,1.0,0.8202085899299432,0.24193058771321901,0.018200784396053153
65.7,24.24929238288665,24.250270263142802,24.0,1.0,0.820904884300007,0.24193058771321901,0.018200784396053153
65.8,24.250270263142802,24.25122358881468,24.0,1.0,0.8215969749551114,0.24193058771321901,0.018200784396053153
65.9,24.25122358881468,24.252152538244868,24.0,1.0,0.8222848602327124,0.24193058771321901,0.018200784396053153
66.0,24.252152538244868,24.253083830331736,24.0,1.0,0.8222621348256066,0.23912276819576805,0.018264029097503885
66.10000000000001,24.253083830331736,24.253991711340934,24.0,1.0,0.8229470610115459,0.23912276819576805,0.018264029097503885
66.2,24.253991711340934,24.254876368788764,24.0,1.0,0.8236280472323032,0.23912276819576805,0.018264029097503885
66.3,24.254876368788764,24.255737989799073,24.0,1.0,0.824305095911716,0.23912276819576805,0.018264029097503885
66.4,24.255737989799073,24.256576761092912,24.0,1.0,0.8249782097215392,0.23912276819576805,0.018264029097503885
66.5,24.256576761092912,24.257392868978243,24.0,1.0,0.8256473915782396,0.23912276819576805,0.018264029097503885
66.60000000000001,24.257392868978243,24.25818649933964,24.0,1.0,0.8263126446397773,0.23912276819576805,0.018264029097503885
66.7,24.25818649933964,24.258957837628046,24.0,1.0,0.8269739723023709,0.23912276819576805,0.018264029097503885
66.8,24.258957837628046,24.25970706885052,24.0,1.0,0.8276313781972564,0.23912276819576805,0.018264029097503885
66.9,24.25970706885052,24.260434377560053,24.0,1.0,0.8282848661874246,0.23912276819576805,0.018264029097503885
67.0,24.260434377560053,24.26113994784537,24.0,1.0,0.8289344403643555,0.23912276819576805,0.018264029097503885
67.10000000000001,24.26113994784537,24.261823963320765,24.0,1.0,0.8295801050447338,0.23912276819576805,0.018264029097503885
67.2,24.261823963320765,24.262486607115996,24.0,1.0,0.8302218647671508,0.23912276819576805,0.018264029097503885
67.3,24.262486607115996,24.26312806186615,24.0,1.0,0.8308597242888012,0.23912276819576805,0.018264029097503885
67.4,24.26312806186615,24.263748509701575,24.0,1.0,0.83149368858216,0.23912276819576805,0.018264029097503885
67.5,24.263748509701575,24.264348132237814,24.0,1.0,0.8321237628316488,0.23912276819576805,0.018264029097503885
67.60000000000001,24.264348132237814,24.264927110565583,24.0,1.0,0.832749952430293,0.23912276819576805,0.018264029097503885
67.7,24.264927110565583,24.265485625240764,24.0,1.0,0.8333722629763634,0.23912276819576805,0.018264029097503885
67.8,24.265485625240764,24.26602385627441,24.0,1.0,0.8339907002700071,0.23912276819576805,0.018264029097503885
67.9,24.26602385627441,24.266541983122792,24.0,1.0,0.8346052703098636,0.23912276819576805,0.018264029097503885
68.0,24.266541983122792,24.26705899075893,24.0,1.0,0.8353217046017595,0.23953939533584317,0.01806431151498785
68.10000000000001,24.26705899075893,24.267556043614434,24.0,1.0,0.8359279719784986,0.23953939533584317,0.01806431151498785
68.2,24.267556043614434,24.268033312985324,24.0,1.0,0.8365303572909129,0.23953939533584317,0.01806431151498785
68.3,24.268033312985324,24.268490969533058,24.0,1.0,0.8371288658336442,0.23953939533584317,0.01806431151498785
68.4,24.268490969533058,24.268929183280044,24.0,1.0,0.8377235030576207,0.23953939533584317,0.01806431151498785
68.5,24.268929183280044,24.26934812360524,24.0,1.0,0.8383142745678256,0.23953939533584317,0.01806431151498785
68.60000000000001,24.26934812360524,24.269747959239886,24.0,1.0,0.8389011861210833,0.23953939533584317,0.01806431151498785
68.7,24.269747959239886,24.270128858263302,24.0,1.0,0.8394842436238642,0.23953939533584317,0.01806431151498785
68.8,24.270128858263302,24.2704909880988,24.0,1.0,0.8400634531301029,0.23953939533584317,0.01806431151498785
68.9,24.2704909880988,24.27083451550971,24.0,1.0,0.8406388208390324,0.23953939533584317,0.01806431151498785
69.0,24.27083451550971,24.271159606595475,24.0,1.0,0.8412103530930406,0.23953939533584317,0.01806431151498785
69.10000000000001,24.271159606595475,24.271466426787885,24.0,1.0,0.8417780563755365,0.23953939533584317,0.01806431151498785
69.2,24.271466426787885,24.271755140847375,24.0,1.0,0.842341937308839,0.23953939533584317,0.01806431151498785
69.3,24.271755140847375,24.272025912859448,24.0,1.0,0.8429020026520807,0.23953939533584317,0.01806431151498785
69.4,24.272025912859448,24.272278906231186,24.0,1.0,0.8434582592991307,0.23953939533584317,0.01806431151498785
69.5,24.272278906231186,24.27251428368787,24.0,1.0,0.8440107142765328,0.23953939533584317,0.01806431151498785
69.60000000000001,24.27251428368787,24.272732207269684,24.0,1.0,0.8445593747414646,0.23953939533584317,0.01806431151498785
69.7,24.272732207269684,24.272932838328547,24.0,1.0,0.8451042479797108,0.23953939533584317,0.01806431151498785
69.8,24.272932838328547,24.273116337525018,24.0,1.0,0.8456453414036602,0.23953939533584317,0.01806431151498785
69.9,24.273116337525018,24.273282864825312,24.0,1.0,0.8461826625503158,0.23953939533584317,0.01806431151498785
70.0,24.273282864825312,24.273429764850455,24.0,1.0,0.8468543627177673,0.24006833388373747,0.017829894942678767
70.10000000000001,24.273429764850455,24.273560035809307,24.0,1.0,0.8473771511601994,0.24006833388373747,0.017829894942678767
70.2,24.273560035809307,24.273673836389182,24.0,1.0,0.847896179762144,0.24006833388373747,0.017829894942678767
70.3,24.273673836389182,24.273771324608354,24.0,1.0,0.8484114572528876,0.24006833388373747,0.017829894942678767
70.4,24.273771324608354,24.27385265781414,24.0,1.0,0.848922992482846,0.24006833388373747,0.017829894942678767
70.5,24.27385265781414,24.27391799268101,24.0,1.0,0.8494307944219082,0.24006833388373747,0.017829894942678767
70.60000000000001,24.27391799268101,24.273967485208804,24.0,1.0,0.8499348721577836,0.24006833388373747,0.017829894942678767
70.7,24.273967485208804,24.27400129072098,24.0,1.0,0.8504352348943689,0.24006833388373747,0.017829894942678767
70.8,24.27400129072098,24.274019563862954,24.0,1.0,0.8509318919501249,0.24006833388373747,0.017829894942678767
70.9,24.274019563862954,24.27402245860046,24.0,1.0,0.8514248527564644,0.24006833388373747,0.017829894942678767
71.0,24.27402245860046,24.27401012821803,24.0,1.0,0.8519141268561525,0.24006833388373747,0.017829894942678767
71.10000000000001,24.27401012821803,24.273982725317495,24.0,1.0,0.8523997239017225,0.24006833388373747,0.017829894942678767
71.2,24.273982725317495,24.273940401816557,24.0,1.0,0.8528816536538995,0.24006833388373747,0.017829894942678767
71.3,24.273940401816557,24.273883308947426,24.0,1.0,0.8533599259800394,0.24006833388373747,0.017829894942678767
71.4,24.273883308947426,24.27381159725551,24.0,1.0,0.853834550852579,0.24006833388373747,0.017829894942678767
71.5,24.27381159725551,24.273725416598175,24.0,1.0,0.854305538347496,0.24006833388373747,0.017829894942678767
71.60000000000001,24.273725416598175,24.273624916143557,24.0,1.0,0.8547728986427855,0.24006833388373747,0.017829894942678767
71.7,24.273624916143557,24.273510244369422,24.0,1.0,0.8552366420169446,0.24006833388373747,0.017829894942678767
71.8,24.273510244369422,24.2733815490621,24.0,1.0,0.8556967788474699,0.24006833388373747,0.017829894942678767
71.9,24.2733815490621,24.273238977315476,24.0,1.0,0.856153319609367,0.24006833388373747,0.017829894942678767
72.0,24.273238977315476,24.273078997832553,24.0,1.0,0.8567803282116042,0.2407274649604747,0.017608588178412498
72.10000000000001,24.273078997832553,24.2729056329109,24.0,1.0,0.8572226703175351,0.2407274649604747,0.017608588178412498
72.2,24.2729056329109,24.272719027189858,24.0,1.0,0.8576614849095819,0.2407274649604747,0.017608588178412498
72.3,24.272719027189858,24.27251932459505,24.0,1.0,0.8580967834912291,0.2407274649604747,0.017608588178412498
72.4,24.27251932459505,24.27230666833752,24.0,1.0,0.8585285776475798,0.2407274649604747,0.017608588178412498
72.5,24.27230666833752,24.27208120091295,24.0,1.0,0.8589568790438963,0.2407274649604747,0.017608588178412498
72.60000000000001,24.27208120091295,24.271843064100885,24.0,1.0,0.8593816994241448,0.2407274649604747,0.017608588178412498
72.7,24.271843064100885,24.271592398964025,24.0,1.0,0.8598030506095535,0.2407274649604747,0.017608588178412498
72.8,24.271592398964025,24.27132934584757,24.0,1.0,0.8602209444971776,0.2407274649604747,0.017608588178412498
72.9,24.27132934584757,24.271054044378594,24.0,1.0,0.860635393058478,0.2407274649604747,0.017608588178412498
73.0,24.271054044378594,24.270766633465477,24.0,1.0,0.8610464083379075,0.2407274649604747,0.017608588178412498
73.10000000000001,24.270766633465477,24.270467251297365,24.0,1.0,0.8614540024515058,0.2407274649604747,0.017608588178412498
73.2,24.270467251297365,24.27015603534369,24.0,1.0,0.861858187585506,0.2407274649604747,0.017608588178412498
73.3,24.27015603534369,24.26983312235372,24.0,1.0,0.8622589759949503,0.2407274649604747,0.017608588178412498
73.4,24.26983312235372,24.269498648356166,24.0,1.0,0.8626563800023145,0.2407274649604747,0.017608588178412498
73.5,24.269498648356166,24.26915274865882,24.0,1.0,0.8630504119961422,0.2407274649604747,0.017608588178412498
73.60000000000001,24.26915274865882,24.268795557848232,24.0,1.0,0.8634410844296914,0.2407274649604747,0.017608588178412498
73.7,24.268795557848232,24.268427209789447,24.0,1.0,0.8638284098195854,0.2407274649604747,0.017608588178412498
73.8,24.268427209789447,24.26804783762576,24.0,1.0,0.8642124007444772,0.2407274649604747,0.017608588178412498
73.9,24.26804783762576,24.267657573778525,24.0,1.0,0.8645930698437224,0.2407274649604747,0.017608588178412498
74.0,24.267657573778525,24.267251916251773,24.0,1.0,0.8651580452779816,0.24144836036227876,0.017409167246649843
74.10000000000001,24.267251916251773,24.26683583251396,24.0,1.0,0.8655253632639802,0.24144836036227876,0.017409167246649843
74.2,24.26683583251396,24.26640945117169,24.0,1.0,0.865889439491275,0.24144836036227876,0.017409167246649843
74.3,24.26640945117169,24.265972900097356,24.0,1.0,0.8662502870844487,0.24144836036227876,0.017409167246649843
74.4,24.265972900097356,24.26552630642939,24.0,1.0,0.8666079192134237,0.24144836036227876,0.017409167246649843
74.5,24.26552630642939,24.265069796572575,24.0,1.0,0.8669623490922465,0.24144836036227876,0.017409167246649843
74.60000000000001,24.265069796572575,24.264603496198408,24.0,1.0,0.8673135899778862,0.24144836036227876,0.017409167246649843
74.7,24.264603496198408,24.264127530245457,24.0,1.0,0.8676616551690437,0.24144836036227876,0.017409167246649843
74.8,24.264127530245457,24.2636420229198,24.0,1.0,0.8680065580049642,0.24144836036227876,0.017409167246649843
74.9,24.2636420229198,24.26314709769548,24.0,1.0,0.8683483118642662,0.24144836036227876,0.017409167246649843
75.0,24.26314709769548,24.26264287731499,24.0,1.0,0.8686869301637773,0.24144836036227876,0.017409167246649843
75.10000000000001,24.26264287731499,24.262129483789803,24.0,1.0,0.869022426357378,0.24144836036227876,0.017409167246649843
75.2,24.262129483789803,24.26160703840095,24.0,1.0,0.8693548139348589,0.24144836036227876,0.017409167246649843
75.3,24.26160703840095,24.2610756616996,24.0,1.0,0.8696841064207839,0.24144836036227876,0.017409167246649843
75.4,24.2610756616996,24.2605354735077,24.0,1.0,0.8700103173733641,0.24144836036227876,0.017409167246649843
75.5,24.2605354735077,24.25998659291865,24.0,1.0,0.8703334603833411,0.24144836036227876,0.017409167246649843
75.60000000000001,24.25998659291865,24.259429138297993,24.0,1.0,0.8706535490728808,0.24144836036227876,0.017409167246649843
75.7,24.259429138297993,24.25886322728416,24.0,1.0,0.870970597094475,0.24144836036227876,0.017409167246649843
75.8,24.25886322728416,24.25828897678923,24.0,1.0,0.8712846181298538,0.24144836036227876,0.017409167246649843
75.9,24.25828897678923,24.257706502999746,24.0,1.0,0.8715956258889052,0.24144836036227876,0.017409167246649843
76.0,24.257706502999746,24.257110926627746,24.0,1.0,0.8720934916425427,0.24220269306338743,0.017233040198533278
76.10000000000001,24.257110926627746,24.256507553366063,24.0,1.0,0.8723923217347253,0.24220269306338743,0.017233040198533278
76.2,24.256507553366063,24.25589649546404,24.0,1.0,0.8726882236036617,0.24220269306338743,0.017233040198533278
76.3,24.25589649546404,24.255277864448075,24.0,1.0,0.8729812111934735,0.24220269306338743,0.017233040198533278
76.4,24.255277864448075,24.254651771122816,24.0,1.0,0.8732712984653773,0.24220269306338743,0.017233040198533278
76.5,24.254651771122816,24.25401832557239,24.0,1.0,0.8735584993967292,0.24220269306338743,0.017233040198533278
76.60000000000001,24.25401832557239,24.253377637161652,24.0,1.0,0.8738428279800821,0.24220269306338743,0.017233040198533278
76.7,24.253377637161652,24.25272981453748,24.0,1.0,0.8741242982222486,0.24220269306338743,0.017233040198533278
76.80000000000001,24.25272981453748,24.25207496563008,24.0,1.0,0.8744029241433764,0.24220269306338743,0.017233040198533278
76.9,24.25207496563008,24.251413197654305,24.0,1.0,0.8746787197760287,0.24220269306338743,0.017233040198533278
77.0,24.251413197654305,24.25074461711105,24.0,1.0,0.874951699164275,0.24220269306338743,0.017233040198533278
77.10000000000001,24.25074461711105,24.25006932978862,24.0,1.0,0.8752218763627927,0.24220269306338743,0.017233040198533278
77.2,24.25006932978862,24.249387440764146,24.0,1.0,0.8754892654359754,0.24220269306338743,0.017233040198533278
77.30000000000001,24.249387440764146,24.248699054405037,24.0,1.0,0.8757538804570473,0.24220269306338743,0.017233040198533278
77.4,24.248699054405037,24.248004274370437,24.0,1.0,0.876015735507193,0.24220269306338743,0.017233040198533278
77.5,24.248004274370437,24.247303203612717,24.0,1.0,0.8762748446746897,0.24220269306338743,0.017233040198533278
77.60000000000001,24.247303203612717,24.24659594437899,24.0,1.0,0.8765312220540501,0.24220269306338743,0.017233040198533278
77.7,24.24659594437899,24.245882598212656,24.0,1.0,0.876784881745175,0.24220269306338743,0.017233040198533278
77.80000000000001,24.245882598212656,24.24516326595496,24.0,1.0,0.8770358378525147,0.24220269306338743,0.017233040198533278
77.9,24.24516326595496,24.244438047746584,24.0,1.0,0.8772841044842341,0.24220269306338743,0.017233040198533278
78.0,24.244438047746584,24.243701988590423,24.0,1.0,0.8777129872990805,0.2429678570240305,0.01707988740202598
78.10000000000001,24.243701988590423,24.24296042334424,24.0,1.0,0.8779503888357427,0.2429678570240305,0.01707988740202598
78.2,24.24296042334424,24.242213448287067,24.0,1.0,0.8781851859844207,0.2429678570240305,0.01707988740202598
78.30000000000001,24.242213448287067,24.241461159006317,24.0,1.0,0.8784173928979292,0.2429678570240305,0.01707988740202598
78.4,24.241461159006317,24.240703650399627,24.0,1.0,0.8786470237243021,0.2429678570240305,0.01707988740202598
78.5,24.240703650399627,24.23994101667673,24.0,1.0,0.8788740926060657,0.2429678570240305,0.01707988740202598
78.60000000000001,24.23994101667673,24.239173351361334,24.0,1.0,0.879098613679516,0.2429678570240305,0.01707988740202598
78.7,24.239173351361334,24.238400747293024,24.0,1.0,0.8793206010740041,0.2429678570240305,0.01707988740202598
78.80000000000001,24.238400747293024,24.23762329662919,24.0,1.0,0.8795400689112312,0.2429678570240305,0.01707988740202598
78.9,24.23762329662919,24.23684109084697,24.0,1.0,0.8797570313045503,0.2429678570240305,0.01707988740202598
79.0,24.23684109084697,24.236054220745185,24.0,1.0,0.8799715023582758,0.2429678570240305,0.01707988740202598
79.10000000000001,24.236054220745185,24.235262776446344,24.0,1.0,0.8801834961669992,0.2429678570240305,0.01707988740202598
79.2,24.235262776446344,24.234466847398615,24.0,1.0,0.8803930268149152,0.2429678570240305,0.01707988740202598
79.30000000000001,24.234466847398615,24.233666522377842,24.0,1.0,0.8806001083751527,0.2429678570240305,0.01707988740202598
79.4,24.233666522377842,24.232861889489566,24.0,1.0,0.8808047549091165,0.2429678570240305,0.01707988740202598
79.5,24.232861889489566,24.232053036171077,24.0,1.0,0.8810069804658316,0.2429678570240305,0.01707988740202598
79.60000000000001,24.232053036171077,24.23124004919346,24.0,1.0,0.8812067990813015,0.2429678570240305,0.01707988740202598
79.7,24.23124004919346,24.230423014663675,24.0,1.0,0.8814042247778676,0.2429678570240305,0.01707988740202598
79.80000000000001,24.230423014663675,24.22960201802664,24.0,1.0,0.8815992715635802,0.2429678570240305,0.01707988740202598
79.9,24.22960201802664,24.228777144067344,24.0,1.0,0.8817919534315732,0.2429678570240305,0.01707988740202598
80.0,24.228777144067344,24.227943597275598,24.0,1.0,0.8822080272991624,0.24396854149913988,0.016940415575428504
80.10000000000001,24.227943597275598,24.227106504179307,24.0,1.0,0.8823908140306694,0.24396854149913988,0.016940415575428504
80.2,24.227106504179307,24.226265945914527,24.0,1.0,0.8825713175049366,0.24396854149913988,0.016940415575428504
80.30000000000001,24.226265945914527,24.225422002970536,24.0,1.0,0.882749551646469,0.24396854149913988,0.016940415575428504
80.4,24.225422002970536,24.224574755192105,24.0,1.0,0.8829255303583317,0.24396854149913988,0.016940415575428504
80.5,24.224574755192105,24.223724281781795,24.0,1.0,0.8830992675216098,0.24396854149913988,0.016940415575428504
80.60000000000001,24.223724281781795,24.222870661302256,24.0,1.0,0.8832707769948825,0.24396854149913988,0.016940415575428504
80.7,24.222870661302256,24.222013971678546,24.0,1.0,0.8834400726136986,0.24396854149913988,0.016940415575428504
80.80000000000001,24.222013971678546,24.22115429020045,24.0,1.0,0.8836071681900632,0.24396854149913988,0.016940415575428504
80.9,24.22115429020045,24.220291693524818,24.0,1.0,0.8837720775119264,0.24396854149913988,0.016940415575428504
81.0,24.220291693524818,24.21942625767792,24.0,1.0,0.8839348143426833,0.24396854149913988,0.016940415575428504
81.10000000000001,24.21942625767792,24.218558058057795,24.0,1.0,0.8840953924206771,0.24396854149913988,0.016940415575428504
81.2,24.218558058057795,24.21768716943662,24.0,1.0,0.8842538254587109,0.24396854149913988,0.016940415575428504
81.30000000000001,24.21768716943662,24.21681366596308,24.0,1.0,0.8844101271435639,0.24396854149913988,0.016940415575428504
81.4,24.21681366596308,24.215937621164777,24.0,1.0,0.884564311135515,0.24396854149913988,0.016940415575428504
81.5,24.215937621164777,24.2150591079506,24.0,1.0,0.884716391067875,0.24396854149913988,0.016940415575428504
81.60000000000001,24.2150591079506,24.21417819861315,24.0,1.0,0.8848663805465213,0.24396854149913988,0.016940415575428504
81.7,24.21417819861315,24.213294964831142,24.0,1.0,0.885014293149441,0.24396854149913988,0.016940415575428504
81.80000000000001,24.213294964831142,24.212409477671837,24.0,1.0,0.88516014242628,0.24396854149913988,0.016940415575428504
81.9,24.212409477671837,24.21152180759347,24.0,1.0,0.8853039418979003,0.24396854149913988,0.016940415575428504
82.0,24.21152180759347,24.210626014657844,24.0,1.0,0.8856679675771549,0.24503222338401087,0.016811379529117626
82.10000000000001,24.210626014657844,24.209728336529565,24.0,1.0,0.8858025608295585,0.24503222338401087,0.016811379529117626
82.2,24.209728336529565,24.20882884026764,24.0,1.0,0.8859351830282441,0.24503222338401087,0.016811379529117626
82.30000000000001,24.20882884026764,24.207927592337214,24.0,1.0,0.8860658475482952,0.24503222338401087,0.016811379529117626
82.4,24.207927592337214,24.207024658612127,24.0,1.0,0.8861945677310185,0.24503222338401087,0.016811379529117626
82.5,24.207024658612127,24.20612010437745,24.0,1.0,0.8863213568835736,0.24503222338401087,0.016811379529117626
82.60000000000001,24.20612010437745,24.205213994332063,24.0,1.0,0.8864462282786065,0.24503222338401087,0.016811379529117626
82.7,24.205213994332063,24.204306392591196,24.0,1.0,0.8865691951538947,0.24503222338401087,0.016811379529117626
82.80000000000001,24.204306392591196,24.20339736268902,24.0,1.0,0.8866902707119905,0.24503222338401087,0.016811379529117626
82.9,24.20339736268902,24.202486967581212,24.0,1.0,0.8868094681198766,0.24503222338401087,0.016811379529117626
83.0,24.202486967581212,24.201575269647524,24.0,1.0,0.886926800508623,0.24503222338401087,0.016811379529117626
83.10000000000001,24.201575269647524,24.20066233069438,24.0,1.0,0.8870422809730498,0.24503222338401087,0.016811379529117626
83.2,24.20066233069438,24.19974821195747,24.0,1.0,0.8871559225713975,0.24503222338401087,0.016811379529117626
83.30000000000001,24.19974821195747,24.198832974104313,24.0,1.0,0.887267738325003,0.24503222338401087,0.016811379529117626
83.4,24.198832974104313,24.197916677236886,24.0,1.0,0.8873777412179759,0.24503222338401087,0.016811379529117626
83.5,24.197916677236886,24.196999380894205,24.0,1.0,0.8874859441968875,0.24503222338401087,0.016811379529117626
83.60000000000001,24.196999380894205,24.196081144054936,24.0,1.0,0.8875923601704597,0.24503222338401087,0.016811379529117626
83.7,24.196081144054936,24.195162025139997,24.0,1.0,0.8876970020092617,0.24503222338401087,0.016811379529117626
83.80000000000001,24.195162025139997,24.19424208201517,24.0,1.0,0.8877998825454098,0.24503222338401087,0.016811379529117626
83.9,24.19424208201517,24.19332137199372,24.0,1.0,0.8879010145722747,0.24503222338401087,0.016811379529117626
84.0,24.19332137199372,24.192394034705806,24.0,1.0,0.8882029827122928,0.2460913820000981,0.016698296909236493
84.10000000000001,24.192394034705806,24.191466200217917,24.0,1.0,0.8882960382690387,0.2460913820000981,0.016698296909236493
84.2,24.191466200217917,24.190537922658553,24.0,1.0,0.8883874221435788,0.2460913820000981,0.016698296909236493
84.30000000000001,24.190537922658553,24.18960925562001,24.0,1.0,0.8884771469166174,0.2460913820000981,0.016698296909236493
84.4,24.18960925562001,24.18868025216107,24.0,1.0,0.8885652251263926,0.2460913820000981,0.016698296909236493
84.5,24.18868025216107,24.187750964809673,24.0,1.0,0.8886516692684489,0.2460913820000981,0.016698296909236493
84.60000000000001,24.187750964809673,24.186821445565617,24.0,1.0,0.8887364917954071,0.2460913820000981,0.016698296909236493
84.7,24.186821445565617,24.18589174590323,24.0,1.0,0.8888197051167482,0.2460913820000981,0.016698296909236493
84.80000000000001,24.18589174590323,24.184961916774068,24.0,1.0,0.8889013215985935,0.2460913820000981,0.016698296909236493
84.9,24.184961916774068,24.18403200860959,24.0,1.0,0.8889813535634934,0.2460913820000981,0.016698296909236493
85.0,24.18403200860959,24.18310207132386,24.0,1.0,0.8890598132902209,0.2460913820000981,0.016698296909236493
85.10000000000001,24.18310207132386,24.182172154316213,24.0,1.0,0.8891367130135677,0.2460913820000981,0.016698296909236493
85.2,24.182172154316213,24.181242306473962,24.0,1.0,0.8892120649241475,0.2460913820000981,0.016698296909236493
85.30000000000001,24.181242306473962,24.180312576175076,24.0,1.0,0.8892858811681998,0.2460913820000981,0.016698296909236493
85.4,24.180312576175076,24.179383011290863,24.0,1.0,0.8893581738474038,0.2460913820000981,0.016698296909236493
85.5,24.179383011290863,24.17845365918866,24.0,1.0,0.8894289550186898,0.2460913820000981,0.016698296909236493
85.60000000000001,24.17845365918866,24.177524566734512,24.0,1.0,0.8894982366940608,0.2460913820000981,0.016698296909236493
85.7,24.177524566734512,24.17659578029587,24.0,1.0,0.8895660308404156,0.2460913820000981,0.016698296909236493
85.80000000000001,24.17659578029587,24.17566734574425,24.0,1.0,0.8896323493793771,0.2460913820000981,0.016698296909236493
85.9,24.17566734574425,24.174739308457948,24.0,1.0,0.8896972041871223,0.2460913820000981,0.016698296909236493
86.0,24.174739308457948,24.1738063204014,24.0,1.0,0.8899395768761656,0.24712528619628682,0.016601356940448182
86.10000000000001,24.1738063204014,24.172873959777224,24.0,1.0,0.8899975540120227,0.24712528619628682,0.016601356940448182
86.2,24.172873959777224,24.17194226900144,24.0,1.0,0.890054138357132,0.24712528619628682,0.016601356940448182
86.30000000000001,24.17194226900144,24.17101129001399,24.0,1.0,0.8901093415056045,0.24712528619628682,0.016601356940448182
86.4,24.17101129001399,24.170081064281447,24.0,1.0,0.8901631750035247,0.24712528619628682,0.016601356940448182
86.5,24.170081064281447,24.16915163279974,24.0,1.0,0.8902156503488379,0.24712528619628682,0.016601356940448182
86.60000000000001,24.16915163279974,24.168223036096844,24.0,1.0,0.8902667789912376,0.24712528619628682,0.016601356940448182
86.7,24.168223036096844,24.167295314235513,24.0,1.0,0.8903165723320587,0.24712528619628682,0.016601356940448182
86.80000000000001,24.167295314235513,24.166368506815953,24.0,1.0,0.8903650417241757,0.24712528619628682,0.016601356940448182
86.9,24.166368506815953,24.16544265297854,24.0,1.0,0.8904121984718981,0.24712528619628682,0.016601356940448182
87.0,24.16544265297854,24.164517791406514,24.0,1.0,0.890458053830879,0.24712528619628682,0.016601356940448182
87.10000000000001,24.164517791406514,24.163593960328658,24.0,1.0,0.8905026190080191,0.24712528619628682,0.016601356940448182
87.2,24.163593960328658,24.162671197522005,24.0,1.0,0.8905459051613788,0.24712528619628682,0.016601356940448182
87.30000000000001,24.162671197522005,24.161749540314513,24.0,1.0,0.8905879234000927,0.24712528619628682,0.016601356940448182
87.4,24.161749540314513,24.16082902558774,24.0,1.0,0.8906286847842878,0.24712528619628682,0.016601356940448182
87.5,24.16082902558774,24.159909689779536,24.0,1.0,0.890668200325003,0.24712528619628682,0.016601356940448182
87.60000000000001,24.159909689779536,24.158991568886695,24.0,1.0,0.8907064809841164,0.24712528619628682,0.016601356940448182
87.7,24.158991568886695,24.158074698467647,24.0,1.0,0.8907435376742712,0.24712528619628682,0.016601356940448182
87.80000000000001,24.158074698467647,24.157159113645108,24.0,1.0,0.8907793812588107,0.24712528619628682,0.016601356940448182
87.9,24.157159113645108,24.156244849108734,24.0,1.0,0.8908140225517103,0.24712528619628682,0.016601356940448182
88.0,24.156244849108734,24.15532717453566,24.0,1.0,0.8910011355672787,0.24811694711105242,0.016519519987793944
88.10000000000001,24.15532717453566,24.154411010302244,24.0,1.0,0.8910300379902051,0.24811694711105242,0.016519519987793944
88.2,24.154411010302244,24.15349638846165,24.0,1.0,0.8910578016946599,0.24811694711105242,0.016519519987793944
88.30000000000001,24.15349638846165,24.152583340651727,24.0,1.0,0.8910844371815355,0.24811694711105242,0.016519519987793944
88.4,24.152583340651727,24.151671898097646,24.0,1.0,0.8911099549009408,0.24811694711105242,0.016519519987793944
88.5,24.151671898097646,24.15076209161457,24.0,1.0,0.8911343652521763,0.24811694711105242,0.016519519987793944
88.60000000000001,24.15076209161457,24.1498539516103,24.0,1.0,0.8911576785837164,0.24811694711105242,0.016519519987793944
88.7,24.1498539516103,24.148947508087915,24.0,1.0,0.8911799051931951,0.24811694711105242,0.016519519987793944
88.80000000000001,24.148947508087915,24.14804279064841,24.0,1.0,0.8912010553273912,0.24811694711105242,0.016519519987793944
88.9,24.14804279064841,24.147139828493334,24.0,1.0,0.89122113918222,0.24811694711105242,0.016519519987793944
89.0,24.147139828493334,24.1462386504274,24.0,1.0,0.891240166902725,0.24811694711105242,0.016519519987793944
89.10000000000001,24.1462386504274,24.145339284861116,24.0,1.0,0.8912581485830743,0.24811694711105242,0.016519519987793944
89.2,24.145339284861116,24.144441759813397,24.0,1.0,0.8912750942665587,0.24811694711105242,0.016519519987793944
89.30000000000001,24.144441759813397,24.14354610291416,24.0,1.0,0.8912910139455938,0.24811694711105242,0.016519519987793944
89.4,24.14354610291416,24.142652341406937,24.0,1.0,0.8913059175617227,0.24811694711105242,0.016519519987793944
89.5,24.142652341406937,24.14176050215145,24.0,1.0,0.8913198150056225,0.24811694711105242,0.016519519987793944
89.60000000000001,24.14176050215145,24.140870611626216,24.0,1.0,0.8913327161171142,0.24811694711105242,0.016519519987793944
89.7,24.140870611626216,24.139982695931117,24.0,1.0,0.8913446306851756,0.24811694711105242,0.016519519987793944
89.80000000000001,24.139982695931117,24.139096780789973,24.0,1.0,0.8913555684479535,0.24811694711105242,0.016519519987793944
89.9,24.139096780789973,24.138212891553106,24.0,1.0,0.8913655390927833,0.24811694711105242,0.016519519987793944
90.0,24.138212891553106,24.137326962335138,24.0,1.0,0.8915031443482101,0.24905414059590394,0.016451499597575265
90.10000000000001,24.137326962335138,24.136443211850043,24.0,1.0,0.8915084234547593,0.24905414059590394,0.016451499597575265
90.2,24.136443211850043,24.135561663162747,24.0,1.0,0.8915127912816773,0.24905414059590394,0.016451499597575265
90.30000000000001,24.135561663162747,24.134682338981854,24.0,1.0,0.8915162571956661,0.24905414059590394,0.016451499597575265
90.4,24.134682338981854,24.133805261662197,24.0,1.0,0.8915188305120446,0.24905414059590394,0.016451499597575265
90.5,24.133805261662197,24.132930453207365,24.0,1.0,0.8915205204948001,0.24905414059590394,0.016451499597575265
90.60000000000001,24.132930453207365,24.13205793527222,24.0,1.0,0.8915213363566407,0.24905414059590394,0.016451499597575265
90.7,24.13205793527222,24.13118772916542,24.0,1.0,0.891521287259047,0.24905414059590394,0.016451499597575265
90.80000000000001,24.13118772916542,24.130319855851912,24.0,1.0,0.8915203823123338,0.24905414059590394,0.016451499597575265
90.9,24.130319855851912,24.129454335955447,24.0,1.0,0.8915186305757026,0.24905414059590394,0.016451499597575265
91.0,24.129454335955447,24.128591189761057,24.0,1.0,0.8915160410573075,0.24905414059590394,0.016451499597575265
91.10000000000001,24.128591189761057,24.127730437217537,24.0,1.0,0.8915126227143155,0.24905414059590394,0.016451499597575265
91.2,24.127730437217537,24.126872097939923,24.0,1.0,0.8915083844529715,0.24905414059590394,0.016451499597575265
91.30000000000001,24.126872097939923,24.12601619121196,24.0,1.0,0.8915033351286661,0.24905414059590394,0.016451499597575265
91.4,24.12601619121196,24.12516273598855,24.0,1.0,0.8914974835460041,0.24905414059590394,0.016451499597575265
91.5,24.12516273598855,24.124311750898205,24.0,1.0,0.8914908384588752,0.24905414059590394,0.016451499597575265
91.60000000000001,24.124311750898205,24.123463254245486,24.0,1.0,0.8914834085705269,0.24905414059590394,0.016451499597575265
91.7,24.123463254245486,24.122617264013442,24.0,1.0,0.8914752025336391,0.24905414059590394,0.016451499597575265
91.80000000000001,24.122617264013442,24.12177379786602,24.0,1.0,0.8914662289504022,0.24905414059590394,0.016451499597575265
91.9,24.12177379786602,24.120932873150487,24.0,1.0,0.8914564963725928,0.24905414059590394,0.016451499597575265
92.0,24.120932873150487,24.12009108348624,24.0,1.0,0.8915510306855797,0.2499280938368825,0.0163959073925466
92.10000000000001,24.12009108348624,24.119251954574317,24.0,1.0,0.8915375440277341,0.2499280938368825,0.0163959073925466
92.2,24.119251954574317,24.11841550182064,24.0,1.0,0.8915233465386517,0.2499280938368825,0.0163959073925466
92.30000000000001,24.11841550182064,24.117581740330504,24.0,1.0,0.8915084464565097,0.2499280938368825,0.0163959073925466
92.4,24.117581740330504,24.116750684910944,24.0,1.0,0.891492851969117,0.2499280938368825,0.0163959073925466
92.5,24.116750684910944,24.115922350073085,24.0,1.0,0.8914765712140151,0.2499280938368825,0.0163959073925466
92.60000000000001,24.115922350073085,24.115096750034507,24.0,1.0,0.8914596122785827,0.2499280938368825,0.0163959073925466
92.7,24.115096750034507,24.11427389872157,24.0,1.0,0.8914419832001441,0.2499280938368825,0.0163959073925466
92.80000000000001,24.11427389872157,24.113453809771762,24.0,1.0,0.8914236919660733,0.2499280938368825,0.0163959073925466
92.9,24.113453809771762,24.112636496536002,24.0,1.0,0.8914047465139059,0.2499280938368825,0.0163959073925466
93.0,24.112636496536002,24.111821972080968,24.0,1.0,0.8913851547314472,0.2499280938368825,0.0163959073925466
93.10000000000001,24.111821972080968,24.111010249191395,24.0,1.0,0.8913649244568862,0.2499280938368825,0.0163959073925466
93.2,24.111010249191395,24.110201340372367,24.0,1.0,0.891344063478908,0.2499280938368825,0.0163959073925466
93.30000000000001,24.110201340372367,24.109395257851602,24.0,1.0,0.8913225795368085,0.2499280938368825,0.0163959073925466
93.4,24.109395257851602,24.10859201358173,24.0,1.0,0.8913004803206106,0.2499280938368825,0.0163959073925466
93.5,24.10859201358173,24.10779161924256,24.0,1.0,0.8912777734711819,0.2499280938368825,0.0163959073925466
93.60000000000001,24.10779161924256,24.106994086243326,24.0,1.0,0.8912544665803539,0.2499280938368825,0.0163959073925466
93.7,24.106994086243326,24.106199425724945,24.0,1.0,0.8912305671910432,0.2499280938368825,0.0163959073925466
93.80000000000001,24.106199425724945,24.10540764856225,24.0,1.0,0.8912060827973697,0.2499280938368825,0.0163959073925466
93.9,24.10540764856225,24.10461876536621,24.0,1.0,0.8911810208447828,0.2499280938368825,0.0163959073925466
94.0,24.10461876536621,24.103829990684858,24.0,1.0,0.8912391460236181,0.25073314482376163,0.01635135067574679
94.10000000000001,24.103829990684858,24.103044199920692,24.0,1.0,0.8912111501260396,0.25073314482376163,0.01635135067574679
94.2,24.103044199920692,24.10226140206783,24.0,1.0,0.8911826175213673,0.25073314482376163,0.01635135067574679
94.30000000000001,24.10226140206783,24.101481605871122,24.0,1.0,0.8911535553585379,0.25073314482376163,0.01635135067574679
94.4,24.101481605871122,24.10070481982836,24.0,1.0,0.8911239707382896,0.25073314482376163,0.01635135067574679
94.5,24.10070481982836,24.099931052192403,24.0,1.0,0.8910938707133076,0.25073314482376163,0.01635135067574679
94.60000000000001,24.099931052192403,24.099160310973346,24.0,1.0,0.8910632622883611,0.25073314482376163,0.01635135067574679
94.7,24.099160310973346,24.09839260394066,24.0,1.0,0.8910321524204458,0.25073314482376163,0.01635135067574679
94.80000000000001,24.09839260394066,24.097627938625312,24.0,1.0,0.8910005480189302,0.25073314482376163,0.01635135067574679
94.9,24.097627938625312,24.096866322321898,24.0,1.0,0.8909684559456967,0.25073314482376163,0.01635135067574679
95.0,24.096866322321898,24.096107762090742,24.0,1.0,0.8909358830152881,0.25073314482376163,0.01635135067574679
95.10000000000001,24.096107762090742,24.09535226476001,24.0,1.0,0.890902835995053,0.25073314482376163,0.01635135067574679
95.2,24.09535226476001,24.094599836927785,24.0,1.0,0.8908693216052942,0.25073314482376163,0.01635135067574679
95.30000000000001,24.094599836927785,24.09385048496416,24.0,1.0,0.890835346519415,0.25073314482376163,0.01635135067574679
95.4,24.09385048496416,24.093104215013305,24.0,1.0,0.8908009173640695,0.25073314482376163,0.01635135067574679
95.5,24.093104215013305,24.092361032995523,24.0,1.0,0.8907660407193112,0.25073314482376163,0.01635135067574679
95.60000000000001,24.092361032995523,24.091620944609307,24.0,1.0,0.8907307231187447,0.25073314482376163,0.01635135067574679
95.7,24.091620944609307,24.09088395533337,24.0,1.0,0.8906949710496761,0.25073314482376163,0.01635135067574679
95.80000000000001,24.09088395533337,24.090150070428695,24.0,1.0,0.890658790953265,0.25073314482376163,0.01635135067574679
95.9,24.090150070428695,24.08941929494053,24.0,1.0,0.8906221892246791,0.25073314482376163,0.01635135067574679
96.0,24.08941929494053,24.088689403891006,24.0,1.0,0.8906504155246062,0.25146626605453426,0.016316473169504606
96.10000000000001,24.088689403891006,24.08796268707559,24.0,1.0,0.8906115823756566,0.25146626605453426,0.016316473169504606
96.2,24.08796268707559,24.08723914821947,24.0,1.0,0.890572361693963,0.25146626605453426,0.016316473169504606
96.30000000000001,24.08723914821947,24.086518790845133,24.0,1.0,0.8905327596015952,0.25146626605453426,0.016316473169504606
96.4,24.086518790845133,24.085801618274296,24.0,1.0,0.890492782175394,0.25146626605453426,0.016316473169504606
96.5,24.085801618274296,24.085087633629865,24.0,1.0,0.8904524354471359,0.25146626605453426,0.016316473169504606
96.60000000000001,24.085087633629865,24.084376839837873,24.0,1.0,0.8904117254036984,0.25146626605453426,0.016316473169504606
96.7,24.084376839837873,24.0836692396294,24.0,1.0,0.8903706579872257,0.25146626605453426,0.016316473169504606
96.80000000000001,24.0836692396294,24.0829648355425,24.0,1.0,0.8903292390952945,0.25146626605453426,0.016316473169504606
96.9,24.0829648355425,24.082263629924103,24.0,1.0,0.8902874745810825,0.25146626605453426,0.016316473169504606
97.0,24.082263629924103,24.081565624931905,24.0,1.0,0.8902453702535357,0.25146626605453426,0.016316473169504606
97.10000000000001,24.081565624931905,24.08087082253626,24.0,1.0,0.8902029318775356,0.25146626605453426,0.016316473169504606
97.2,24.08087082253626,24.080179224522055,24.0,1.0,0.8901601651740676,0.25146626605453426,0.016316473169504606
97.30000000000001,24.080179224522055,24.079490832490585,24.0,1.0,0.8901170758203918,0.25146626605453426,0.016316473169504606
97.4,24.079490832490585,24.078805647861387,24.0,1.0,0.8900736694502116,0.25146626605453426,0.016316473169504606
97.5,24.078805647861387,24.078123671874106,24.0,1.0,0.8900299516538429,0.25146626605453426,0.016316473169504606
97.60000000000001,24.078123671874106,24.07744490559032,24.0,1.0,0.8899859279783863,0.25146626605453426,0.016316473169504606
97.7,24.07744490559032,24.076769349895365,24.0,1.0,0.8899416039278966,0.25146626605453426,0.016316473169504606
97.80000000000001,24.076769349895365,24.07609700550016,24.0,1.0,0.8898969849635553,0.25146626605453426,0.016316473169504606
97.9,24.07609700550016,24.075427872942996,24.0,1.0,0.8898520765038427,0.25146626605453426,0.016316473169504606
98.0,24.075427872942996,24.074760215666192,24.0,1.0,0.8898855535199321,0.25251284328547197,0.016280478627263967
98.10000000000001,24.074760215666192,24.074095814035193,24.0,1.0,0.8898386746919585,0.25251284328547197,0.016280478627263967
98.2,24.074095814035193,24.07343466753291,24.0,1.0,0.8897915362787084,0.25251284328547197,0.016280478627263967
98.30000000000001,24.07343466753291,24.072776775481003,24.0,1.0,0.8897441434491161,0.25251284328547197,0.016280478627263967
98.4,24.072776775481003,24.072122137041603,24.0,1.0,0.8896965013302919,0.25251284328547197,0.016280478627263967
98.5,24.072122137041603,24.071470751219046,24.0,1.0,0.8896486150077009,0.25251284328547197,0.016280478627263967
98.60000000000001,24.071470751219046,24.070822616861605,24.0,1.0,0.8896004895253407,0.25251284328547197,0.016280478627263967
98.7,24.070822616861605,24.070177732663186,24.0,1.0,0.8895521298859265,0.25251284328547197,0.016280478627263967
98.80000000000001,24.070177732663186,24.069536097165038,24.0,1.0,0.8895035410510672,0.25251284328547197,0.016280478627263967
98.9,24.069536097165038,24.06889770875744,24.0,1.0,0.8894547279414488,0.25251284328547197,0.016280478627263967
99.0,24.06889770875744,24.068262565681376,24.0,1.0,0.8894056954370151,0.25251284328547197,0.016280478627263967
99.10000000000001,24.068262565681376,24.067630666030215,24.0,1.0,0.8893564483771469,0.25251284328547197,0.016280478627263967
99.2,24.067630666030215,24.067002007751363,24.0,1.0,0.8893069915608464,0.25251284328547197,0.016280478627263967
99.30000000000001,24.067002007751363,24.066376588647913,24.0,1.0,0.8892573297469164,0.25251284328547197,0.016280478627263967
99.4,24.066376588647913,24.06575440638029,24.0,1.0,0.8892074676541425,0.25251284328547197,0.016280478627263967
99.5,24.06575440638029,24.065135458467875,24.0,1.0,0.8891574099614754,0.25251284328547197,0.016280478627263967
99.60000000000001,24.065135458467875,24.064519742290628,24.0,1.0,0.8891071613082123,0.25251284328547197,0.016280478627263967
99.7,24.064519742290628,24.0639072550907,24.0,1.0,0.8890567262941788,0.25251284328547197,0.016280478627263967
99.80000000000001,24.0639072550907,24.06329799397403,24.0,1.0,0.8890061094799123,0.25251284328547197,0.016280478627263967
99.9,24.06329799397403,24.06269195591193,24.0,1.0,0.8889553153868425,0.25251284328547197,0.016280478627263967
100.0,24.06269195591193,24.06208704337935,24.0,1.0,0.8889914924169109,0.25390799748649273,0.016229271702798774
100.10000000000001,24.06208704337935,24.061485391885874,24.0,1.0,0.8889386630367316,0.25390799748649273,0.016229271702798774
100.2,24.061485391885874,24.06088699749022,24.0,1.0,0.8888856852239053,0.25390799748649273,0.016229271702798774
100.30000000000001,24.06088699749022,24.060291856126604,24.0,1.0,0.8888325632637408,0.25390799748649273,0.016229271702798774
100.4,24.060291856126604,24.05969996360629,24.0,1.0,0.8887793014033385,0.25390799748649273,0.016229271702798774
100.5,24.05969996360629,24.059111315619084,24.0,1.0,0.8887259038517794,0.25390799748649273,0.016229271702798774
100.60000000000001,24.059111315619084,24.058525907734865,24.0,1.0,0.8886723747803132,0.25390799748649273,0.016229271702798774
100.7,24.058525907734865,24.057943735405054,24.0,1.0,0.8886187183225464,0.25390799748649273,0.016229271702798774
100.80000000000001,24.057943735405054,24.057364793964133,24.0,1.0,0.8885649385746286,0.25390799748649273,0.016229271702798774
100.9,24.057364793964133,24.056789078631105,24.0,1.0,0.8885110395954443,0.25390799748649273,0.016229271702798774
101.0,24.056789078631105,24.05621658451097,24.0,1.0,0.8884570254067985,0.25390799748649273,0.016229271702798774
101.10000000000001,24.05621658451097,24.05564730659618,24.0,1.0,0.8884028999936054,0.25390799748649273,0.016229271702798774
101.2,24.05564730659618,24.055081239768086,24.0,1.0,0.888348667304075,0.25390799748649273,0.016229271702798774
101.30000000000001,24.055081239768086,24.05451837879839,24.0,1.0,0.8882943312499029,0.25390799748649273,0.016229271702798774
101.4,24.05451837879839,24.05395871835057,24.0,1.0,0.888239895706456,0.25390799748649273,0.016229271702798774
101.5,24.05395871835057,24.053402252981293,24.0,1.0,0.8881853645129623,0.25390799748649273,0.016229271702798774
101.60000000000001,24.053402252981293,24.052848977141828,24.0,1.0,0.8881307414726957,0.25390799748649273,0.016229271702798774
101.7,24.052848977141828,24.052298885179457,24.0,1.0,0.8880760303531645,0.25390799748649273,0.016229271702798774
101.80000000000001,24.052298885179457,24.051751971338863,24.0,1.0,0.8880212348862986,0.25390799748649273,0.016229271702798774
101.9,24.051751971338863,24.051208229763507,24.0,1.0,0.887966358768637,0.25390799748649273,0.016229271702798774
102.0,24.051208229763507,24.050665334527917,24.0,1.0,0.8879757934009471,0.25517083266140644,0.01617462924436389
102.10000000000001,24.050665334527917,24.050125652368482,24.0,1.0,0.8879192116717868,0.25517083266140644,0.01617462924436389
102.2,24.050125652368482,24.049589176544394,24.0,1.0,0.8878625769100607,0.25517083266140644,0.01617462924436389
102.30000000000001,24.049589176544394,24.04905590022319,24.0,1.0,0.8878058925818393,0.25517083266140644,0.01617462924436389
102.4,24.04905590022319,24.04852581648208,24.0,1.0,0.8877491621187551,0.25517083266140644,0.01617462924436389
102.5,24.04852581648208,24.047998918309247,24.0,1.0,0.8876923889181932,0.25517083266140644,0.01617462924436389
102.60000000000001,24.047998918309247,24.047475198605174,24.0,1.0,0.887635576343482,0.25517083266140644,0.01617462924436389
102.7,24.047475198605174,24.046954650183913,24.0,1.0,0.8875787277240865,0.25517083266140644,0.01617462924436389
102.80000000000001,24.046954650183913,24.046437265774387,24.0,1.0,0.8875218463557953,0.25517083266140644,0.01617462924436389
102.9,24.046437265774387,24.04592303802165,24.0,1.0,0.8874649355009128,0.25517083266140644,0.01617462924436389
103.0,24.04592303802165,24.045411959488174,24.0,1.0,0.8874079983884473,0.25517083266140644,0.01617462924436389
103.10000000000001,24.045411959488174,24.044904022655086,24.0,1.0,0.8873510382143025,0.25517083266140644,0.01617462924436389
103.2,24.044904022655086,24.044399219923424,24.0,1.0,0.8872940581414667,0.25517083266140644,0.01617462924436389
103.30000000000001,24.044399219923424,24.043897543615376,24.0,1.0,0.8872370613001987,0.25517083266140644,0.01617462924436389
103.4,24.043897543615376,24.043398985975514,24.0,1.0,0.8871800507882195,0.25517083266140644,0.01617462924436389
103.5,24.043398985975514,24.042903539172002,24.0,1.0,0.8871230296708997,0.25517083266140644,0.01617462924436389
103.60000000000001,24.042903539172002,24.04241119529782,24.0,1.0,0.887066000981446,0.25517083266140644,0.01617462924436389
103.7,24.04241119529782,24.04192194637196,24.0,1.0,0.8870089677210905,0.25517083266140644,0.01617462924436389
103.80000000000001,24.04192194637196,24.04143578434062,24.0,1.0,0.8869519328592771,0.25517083266140644,0.01617462924436389
103.9,24.04143578434062,24.040952701078393,24.0,1.0,0.8868948993338476,0.25517083266140644,0.01617462924436389
104.0,24.040952701078393,24.040470974241543,24.0,1.0,0.8868846915155697,0.2563185455352522,0.01613055940236909
104.10000000000001,24.040470974241543,24.03999235682169,24.0,1.0,0.8868264979388107,0.2563185455352522,0.01613055940236909
104.2,24.03999235682169,24.039516839883206,24.0,1.0,0.886768329326621,0.2563185455352522,0.01613055940236909
104.30000000000001,24.039516839883206,24.039044414427934,24.0,1.0,0.8867101883898847,0.2563185455352522,0.01613055940236909
104.4,24.039044414427934,24.038575071396306,24.0,1.0,0.8866520778089417,0.2563185455352522,0.01613055940236909
104.5,24.038575071396306,24.038108801668443,24.0,1.0,0.8865940002337784,0.2563185455352522,0.01613055940236909
104.60000000000001,24.038108801668443,24.03764559606529,24.0,1.0,0.8865359582842122,0.2563185455352522,0.01613055940236909
104.7,24.03764559606529,24.03718544534969,24.0,1.0,0.8864779545500848,0.2563185455352522,0.01613055940236909
104.80000000000001,24.03718544534969,24.036728340227484,24.0,1.0,0.8864199915914468,0.2563185455352522,0.01613055940236909
104.9,24.036728340227484,24.0362742713486,24.0,1.0,0.8863620719387454,0.2563185455352522,0.01613055940236909
105.0,24.0362742713486,24.03582322930811,24.0,1.0,0.8863041980930136,0.2563185455352522,0.01613055940236909
105.10000000000001,24.03582322930811,24.03537520464731,24.0,1.0,0.8862463725260543,0.2563185455352522,0.01613055940236909
105.2,24.03537520464731,24.03493018785475,24.0,1.0,0.8861885976806272,0.2563185455352522,0.01613055940236909
105.30000000000001,24.03493018785475,24.034488169367318,24.0,1.0,0.8861308759706328,0.2563185455352522,0.01613055940236909
105.4,24.034488169367318,24.034049139571245,24.0,1.0,0.8860732097813,0.2563185455352522,0.01613055940236909
105.5,24.034049139571245,24.033613088803147,24.0,1.0,0.8860156014693691,0.2563185455352522,0.01613055940236909
105.60000000000001,24.033613088803147,24.033180007351053,24.0,1.0,0.8859580533632744,0.2563185455352522,0.01613055940236909
105.7,24.033180007351053,24.032749885455406,24.0,1.0,0.88590056776333,0.2563185455352522,0.01613055940236909
105.80000000000001,24.032749885455406,24.03232271331008,24.0,1.0,0.8858431469419109,0.2563185455352522,0.01613055940236909
105.9,24.03232271331008,24.03189848106336,24.0,1.0,0.8857857931436373,0.2563185455352522,0.01613055940236909
106.0,24.03189848106336,24.031475932325215,24.0,1.0,0.8857612529527896,0.25734879022341034,0.016093293226919502
106.10000000000001,24.031475932325215,24.031056338983177,24.0,1.0,0.8857031656870671,0.25734879022341034,0.016093293226919502
106.2,24.031056338983177,24.03063969053772,24.0,1.0,0.8856451637250891,0.25734879022341034,0.016093293226919502
106.30000000000001,24.03063969053772,24.030225976452073,24.0,1.0,0.8855872491041223,0.25734879022341034,0.016093293226919502
106.4,24.030225976452073,24.029815186153186,24.0,1.0,0.8855294238348943,0.25734879022341034,0.016093293226919502
106.5,24.029815186153186,24.02940730903264,24.0,1.0,0.8854716899017782,0.25734879022341034,0.016093293226919502
106.60000000000001,24.02940730903264,24.02900233444757,24.0,1.0,0.8854140492629731,0.25734879022341034,0.016093293226919502
106.7,24.02900233444757,24.02860025172158,24.0,1.0,0.8853565038506871,0.25734879022341034,0.016093293226919502
106.80000000000001,24.02860025172158,24.02820105014566,24.0,1.0,0.8852990555713165,0.25734879022341034,0.016093293226919502
106.9,24.02820105014566,24.02780471897906,24.0,1.0,0.8852417063056283,0.25734879022341034,0.016093293226919502
107.0,24.02780471897906,24.02741124745019,24.0,1.0,0.8851844579089377,0.25734879022341034,0.016093293226919502
107.10000000000001,24.02741124745019,24.0270206247575,24.0,1.0,0.8851273122112888,0.25734879022341034,0.016093293226919502
107.2,24.0270206247575,24.026632840070363,24.0,1.0,0.8850702710176315,0.25734879022341034,0.016093293226919502
107.30000000000001,24.026632840070363,24.026247882529923,24.0,1.0,0.885013336108001,0.25734879022341034,0.016093293226919502
107.4,24.026247882529923,24.025865741249955,24.0,1.0,0.8849565092376953,0.25734879022341034,0.016093293226919502
107.5,24.025865741249955,24.02548640531773,24.0,1.0,0.884899792137448,0.25734879022341034,0.016093293226919502
107.60000000000001,24.02548640531773,24.025109863794835,24.0,1.0,0.884843186513609,0.25734879022341034,0.016093293226919502
107.7,24.025109863794835,24.02473610571803,24.0,1.0,0.8847866940483174,0.25734879022341034,0.016093293226919502
107.80000000000001,24.02473610571803,24.024365120100054,24.0,1.0,0.8847303163996767,0.25734879022341034,0.016093293226919502
107.9,24.024365120100054,24.023996895930456,24.0,1.0,0.8846740552019281,0.25734879022341034,0.016093293226919502
108.0,24.023996895930456,24.02363055044696,24.0,1.0,0.8846397760204598,0.2582629574460112,0.016062780584954812
108.10000000000001,24.02363055044696,24.023266970497048,24.0,1.0,0.8845831197871383,0.2582629574460112,0.016062780584954812
108.2,24.023266970497048,24.022906144606637,24.0,1.0,0.8845265937782031,0.2582629574460112,0.016062780584954812
108.30000000000001,24.022906144606637,24.022548061285597,24.0,1.0,0.8844701994541088,0.2582629574460112,0.016062780584954812
108.4,24.022548061285597,24.022192709028506,24.0,1.0,0.8844139382527098,0.2582629574460112,0.016062780584954812
108.5,24.022192709028506,24.021840076315396,24.0,1.0,0.8843578115894292,0.2582629574460112,0.016062780584954812
108.60000000000001,24.021840076315396,24.021490151612507,24.0,1.0,0.8843018208574305,0.2582629574460112,0.016062780584954812
108.7,24.021490151612507,24.02114292337302,24.0,1.0,0.884245967427788,0.2582629574460112,0.016062780584954812
108.80000000000001,24.02114292337302,24.02079838003779,24.0,1.0,0.8841902526496558,0.2582629574460112,0.016062780584954812
108.9,24.02079838003779,24.020456510036063,24.0,1.0,0.8841346778504376,0.2582629574460112,0.016062780584954812
109.0,24.020456510036063,24.0201173017862,24.0,1.0,0.8840792443359541,0.2582629574460112,0.016062780584954812
109.10000000000001,24.0201173017862,24.01978074369639,24.0,1.0,0.8840239533906099,0.2582629574460112,0.016062780584954812
109.2,24.01978074369639,24.019446824165335,24.0,1.0,0.8839688062775635,0.2582629574460112,0.016062780584954812
109.30000000000001,24.019446824165335,24.019115531582962,24.0,1.0,0.8839138042388884,0.2582629574460112,0.016062780584954812
109.4,24.019115531582962,24.018786854331097,24.0,1.0,0.8838589484957429,0.2582629574460112,0.016062780584954812
109.5,24.018786854331097,24.01846078078416,24.0,1.0,0.8838042402485312,0.2582629574460112,0.016062780584954812
109.60000000000001,24.01846078078416,24.018137299309828,24.0,1.0,0.8837496806770707,0.2582629574460112,0.016062780584954812
109.7,24.018137299309828,24.017816398269705,24.0,1.0,0.8836952709407524,0.2582629574460112,0.016062780584954812
109.80000000000001,24.017816398269705,24.017498066019982,24.0,1.0,0.8836410121787048,0.2582629574460112,0.016062780584954812
109.9,24.017498066019982,24.017182290912096,24.0,1.0,0.883586905509955,0.2582629574460112,0.016062780584954812
110.0,24.017182290912096,24.01686847922522,24.0,1.0,0.883546676439007,0.25906417630253037,0.016038121439376336
110.10000000000001,24.01686847922522,24.01655722015347,24.0,1.0,0.8834924329446635,0.25906417630253037,0.016038121439376336
110.2,24.01655722015347,24.01624850173542,24.0,1.0,0.8834383515403756,0.25906417630253037,0.016038121439376336
110.30000000000001,24.01624850173542,24.015942312010576,24.0,1.0,0.883384433202098,0.25906417630253037,0.016038121439376336
110.4,24.015942312010576,24.015638639019965,24.0,1.0,0.8833306788868445,0.25906417630253037,0.016038121439376336
110.5,24.015638639019965,24.015337470806728,24.0,1.0,0.8832770895328413,0.25906417630253037,0.016038121439376336
110.60000000000001,24.015337470806728,24.015038795416707,24.0,1.0,0.8832236660596876,0.25906417630253037,0.016038121439376336
110.7,24.015038795416707,24.014742600899027,24.0,1.0,0.8831704093685097,0.25906417630253037,0.016038121439376336
110.80000000000001,24.014742600899027,24.014448875306663,24.0,1.0,0.8831173203421165,0.25906417630253037,0.016038121439376336
110.9,24.014448875306663,24.014157606697005,24.0,1.0,0.8830643998451548,0.25906417630253037,0.016038121439376336
111.0,24.014157606697005,24.013868783132427,24.0,1.0,0.8830116487242607,0.25906417630253037,0.016038121439376336
111.10000000000001,24.013868783132427,24.01358239268083,24.0,1.0,0.8829590678082161,0.25906417630253037,0.016038121439376336
111.2,24.01358239268083,24.013298423416202,24.0,1.0,0.8829066579080979,0.25906417630253037,0.016038121439376336
111.30000000000001,24.013298423416202,24.013016863419143,24.0,1.0,0.8828544198174316,0.25906417630253037,0.016038121439376336
111.4,24.013016863419143,24.012737700777414,24.0,1.0,0.8828023543123412,0.25906417630253037,0.016038121439376336
111.5,24.012737700777414,24.012460923586456,24.0,1.0,0.8827504621517,0.25906417630253037,0.016038121439376336
111.60000000000001,24.012460923586456,24.012186519949918,24.0,1.0,0.8826987440772778,0.25906417630253037,0.016038121439376336
111.7,24.012186519949918,24.01191447798017,24.0,1.0,0.8826472008138916,0.25906417630253037,0.016038121439376336
111.80000000000001,24.01191447798017,24.011644785798822,24.0,1.0,0.8825958330695525,0.25906417630253037,0.016038121439376336
111.9,24.011644785798822,24.011377431537213,24.0,1.0,0.8825446415356141,0.25906417630253037,0.016038121439376336
112.0,24.011377431537213,24.011112037962075,24.0,1.0,0.8825014941327006,0.25975760125742536,0.016018653807114182
112.10000000000001,24.011112037962075,24.010848971644453,24.0,1.0,0.8824503561231544,0.25975760125742536,0.016018653807114182
112.2,24.010848971644453,24.010588220524532,24.0,1.0,0.8823994012396109,0.25975760125742536,0.016018653807114182
112.30000000000001,24.010588220524532,24.010329772556645,24.0,1.0,0.8823486300580766,0.25975760125742536,0.016018653807114182
112.4,24.010329772556645,24.010073615709732,24.0,1.0,0.8822980431389374,0.25975760125742536,0.016018653807114182
112.5,24.010073615709732,24.0098197379678,24.0,1.0,0.8822476410271017,0.25975760125742536,0.016018653807114182
112.60000000000001,24.0098197379678,24.00956812733035,24.0,1.0,0.8821974242521428,0.25975760125742536,0.016018653807114182
112.7,24.00956812733035,24.009318771812836,24.0,1.0,0.8821473933284371,0.25975760125742536,0.016018653807114182
112.80000000000001,24.009318771812836,24.009071659447088,24.0,1.0,0.882097548755305,0.25975760125742536,0.016018653807114182
112.9,24.009071659447088,24.008826778281744,24.0,1.0,0.8820478910171509,0.25975760125742536,0.016018653807114182
113.0,24.008826778281744,24.008584116382675,24.0,1.0,0.8819984205836008,0.25975760125742536,0.016018653807114182
113.10000000000001,24.008584116382675,24.008343661833404,24.0,1.0,0.8819491379096396,0.25975760125742536,0.016018653807114182
113.2,24.008343661833404,24.008105402735517,24.0,1.0,0.8819000434357488,0.25975760125742536,0.016018653807114182
113.30000000000001,24.008105402735517,24.007869327209065,24.0,1.0,0.8818511375880426,0.25975760125742536,0.016018653807114182
113.4,24.007869327209065,24.007635423392976,24.0,1.0,0.8818024207784015,0.25975760125742536,0.016018653807114182
113.5,24.007635423392976,24.007403679445446,24.0,1.0,0.8817538934046097,0.25975760125742536,0.016018653807114182
113.60000000000001,24.007403679445446,24.007174083544324,24.0,1.0,0.8817055558504867,0.25975760125742536,0.016018653807114182
113.7,24.007174083544324,24.00694662388751,24.0,1.0,0.8816574084860209,0.25975760125742536,0.016018653807114182
113.80000000000001,24.00694662388751,24.00672128869333,24.0,1.0,0.8816094516675026,0.25975760125742536,0.016018653807114182
113.9,24.00672128869333,24.006498066200912,24.0,1.0,0.881561685737655,0.25975760125742536,0.016018653807114182
114.0,24.006498066200912,24.006276735226596,24.0,1.0,0.8815179506856989,0.2603499886376436,0.01600370708237978
114.10000000000001,24.006276735226596,24.00605750220392,24.0,1.0,0.8814703722722506,0.2603499886376436,0.01600370708237978
114.2,24.00605750220392,24.005840355276124,24.0,1.0,0.8814229892063801,0.2603499886376436,0.01600370708237978
114.30000000000001,24.005840355276124,24.005625282610573,24.0,1.0,0.8813758017397054,0.2603499886376436,0.01600370708237978
114.4,24.005625282610573,24.005412272399084,24.0,1.0,0.8813288101111886,0.2603499886376436,0.01600370708237978
114.5,24.005412272399084,24.005201312858265,24.0,1.0,0.8812820145472602,0.2603499886376436,0.01600370708237978
114.60000000000001,24.005201312858265,24.00499239222984,24.0,1.0,0.8812354152619477,0.2603499886376436,0.01600370708237978
114.7,24.00499239222984,24.004785498780965,24.0,1.0,0.881189012457,0.2603499886376436,0.01600370708237978
114.80000000000001,24.004785498780965,24.00458062080455,24.0,1.0,0.8811428063220093,0.2603499886376436,0.01600370708237978
114.9,24.00458062080455,24.004377746619564,24.0,1.0,0.8810967970345386,0.2603499886376436,0.01600370708237978
115.0,24.004377746619564,24.004176864571352,24.0,1.0,0.8810509847602408,0.2603499886376436,0.01600370708237978
115.10000000000001,24.004176864571352,24.003977963031925,24.0,1.0,0.8810053696529836,0.2603499886376436,0.01600370708237978
115.2,24.003977963031925,24.003781030400262,24.0,1.0,0.8809599518549686,0.2603499886376436,0.01600370708237978
115.30000000000001,24.003781030400262,24.00358605510261,24.0,1.0,0.8809147314968521,0.2603499886376436,0.01600370708237978
115.4,24.00358605510261,24.003393025592757,24.0,1.0,0.8808697086978678,0.2603499886376436,0.01600370708237978
115.5,24.003393025592757,24.003201930352333,24.0,1.0,0.8808248835659421,0.2603499886376436,0.01600370708237978
115.60000000000001,24.003201930352333,24.003012757891074,24.0,1.0,0.8807802561978146,0.2603499886376436,0.01600370708237978
115.7,24.003012757891074,24.002825496747107,24.0,1.0,0.8807358266791553,0.2603499886376436,0.01600370708237978
115.80000000000001,24.002825496747107,24.002640135487216,24.0,1.0,0.8806915950846815,0.2603499886376436,0.01600370708237978
115.9,24.002640135487216,24.002456662707104,24.0,1.0,0.8806475614782744,0.2603499886376436,0.01600370708237978
116.0,24.002456662707104,24.002274964811193,24.0,1.0,0.8806049445694495,0.2608466393642742,0.015997817130498086
116.10000000000001,24.002274964811193,24.002095138212066,24.0,1.0,0.8805611887310243,0.2608466393642742,0.015997817130498086
116.2,24.002095138212066,24.001917171481857,24.0,1.0,0.8805176333307718,0.2608466393642742,0.015997817130498086
116.30000000000001,24.001917171481857,24.001741053224027,24.0,1.0,0.8804742783631555,0.2608466393642742,0.015997817130498086
116.4,24.001741053224027,24.001566772073605,24.0,1.0,0.8804311238125792,0.2608466393642742,0.015997817130498086
116.5,24.001566772073605,24.001394316697407,24.0,1.0,0.8803881696534991,0.2608466393642742,0.015997817130498086
116.60000000000001,24.001394316697407,24.00122367579427,24.0,1.0,0.8803454158505322,0.2608466393642742,0.015997817130498086
116.7,24.00122367579427,24.001054838095268,24.0,1.0,0.8803028623585695,0.2608466393642742,0.015997817130498086
116.80000000000001,24.001054838095268,24.000887792363923,24.0,1.0,0.8802605091228813,0.2608466393642742,0.015997817130498086
116.9,24.000887792363923,24.000722527396423,24.0,1.0,0.8802183560792286,0.2608466393642742,0.015997817130498086
117.0,24.000722527396423,24.000559032021837,24.0,1.0,0.8801764031539676,0.2608466393642742,0.015997817130498086
117.10000000000001,24.000559032021837,24.000397295102307,24.0,1.0,0.8801346502641607,0.2608466393642742,0.015997817130498086
117.2,24.000397295102307,24.000237305533254,24.0,1.0,0.8800930973176796,0.2608466393642742,0.015997817130498086
117.30000000000001,24.000237305533254,24.000079052243574,24.0,1.0,0.8800517442133113,0.2608466393642742,0.015997817130498086
117.4,24.000079052243574,23.99992252419583,24.0,1.0,0.8800105908408636,0.2608466393642742,0.015997817130498086
117.5,23.99992252419583,23.999767710386447,24.0,1.0,0.879969637081269,0.2608466393642742,0.015997817130498086
117.60000000000001,23.999767710386447,23.999614599845888,24.0,1.0,0.8799288828066879,0.2608466393642742,0.015997817130498086
117.7,23.999614599845888,23.999463181638838,24.0,1.0,0.8798883278806131,0.2608466393642742,0.015997817130498086
117.80000000000001,23.999463181638838,23.999313444864384,24.0,1.0,0.8798479721579681,0.2608466393642742,0.015997817130498086
117.9,23.999313444864384,23.999165378656194,24.0,1.0,0.8798078154852117,0.2608466393642742,0.015997817130498086
118.0,23.999165378656194,23.999018939739276,24.0,1.0,0.8797675154272918,0.2612570847800314,0.015994302272829393
118.10000000000001,23.999018939739276,23.998874153019248,24.0,1.0,0.8797276880853238,0.2612570847800314,0.015994302272829393
118.2,23.998874153019248,23.998731007661835,24.0,1.0,0.879688060815242,0.2612570847800314,0.015994302272829393
118.30000000000001,23.998731007661835,23.998589492868966,24.0,1.0,0.8796486334117607,0.2612570847800314,0.015994302272829393
118.4,23.998589492868966,23.998449597878917,24.0,1.0,0.8796094056617813,0.2612570847800314,0.015994302272829393
118.5,23.998449597878917,23.998311311966457,24.0,1.0,0.8795703773444888,0.2612570847800314,0.015994302272829393
118.60000000000001,23.998311311966457,23.99817462444299,24.0,1.0,0.8795315482314482,0.2612570847800314,0.015994302272829393
118.7,23.99817462444299,23.998039524656686,24.0,1.0,0.879492918086699,0.2612570847800314,0.015994302272829393
118.80000000000001,23.998039524656686,23.997906001992625,24.0,1.0,0.8794544866668513,0.2612570847800314,0.015994302272829393
118.9,23.997906001992625,23.99777404587292,24.0,1.0,0.8794162537211778,0.2612570847800314,0.015994302272829393
119.0,23.99777404587292,23.99764364575684,24.0,1.0,0.8793782189917092,0.2612570847800314,0.015994302272829393
119.10000000000001,23.99764364575684,23.99751479114094,24.0,1.0,0.8793403822133242,0.2612570847800314,0.015994302272829393
119.2,23.99751479114094,23.99738747155919,24.0,1.0,0.8793027431138439,0.2612570847800314,0.015994302272829393
119.30000000000001,23.99738747155919,23.997261676583076,24.0,1.0,0.8792653014141225,0.2612570847800314,0.015994302272829393
119.4,23.997261676583076,23.99713739582172,24.0,1.0,0.8792280568281379,0.2612570847800314,0.015994302272829393
119.5,23.99713739582172,23.997014618921995,24.0,1.0,0.8791910090630806,0.2612570847800314,0.015994302272829393
119.60000000000001,23.997014618921995,23.996893335568632,24.0,1.0,0.8791541578194437,0.2612570847800314,0.015994302272829393
119.7,23.996893335568632,23.99677353548432,24.0,1.0,0.8791175027911144,0.2612570847800314,0.015994302272829393
119.80000000000001,23.99677353548432,23.99665520842981,24.0,1.0,0.8790810436654567,0.2612570847800314,0.015994302272829393
119.9,23.99665520842981,23.996538344204023,24.0,1.0,0.8790447801234039,0.2612570847800314,0.015994302272829393
