time,temperature,next_temperature,setpoint,disturbance,command,kp,ki
0.0,28.0,28.006655567890952,24.0,0.0,1.0,1.1250000000000353,0.16891891891892927
0.1,28.006655567890952,28.01328898748993,24.0,0.0,1.0,1.1250000000000353,0.16891891891892927
0.2,28.01328898748993,28.019900332501663,24.0,0.0,1.0,1.1250000000000353,0.16891891891892927
0.30000000000000004,28.019900332501663,28.02648967638561,24.0,0.0,1.0,1.1250000000000353,0.16891891891892927
0.4,28.02648967638561,28.033057092356763,24.0,0.0,1.0,1.1250000000000353,0.16891891891892927
0.5,28.033057092356763,28.03960265338649,24.0,0.0,1.0,1.1250000000000353,0.16891891891892927
0.6000000000000001,28.03960265338649,28.046126432203305,24.0,0.0,1.0,1.1250000000000353,0.16891891891892927
0.7000000000000001,28.046126432203305,28.05262850129371,24.0,0.0,1.0,1.1250000000000353,0.16891891891892927
0.8,28.05262850129371,28.059108932902983,24.0,0.0,1.0,1.1250000000000353,0.16891891891892927
0.9,28.059108932902983,28.06556779903599,24.0,0.0,1.0,1.1250000000000353,0.16891891891892927
1.0,28.06556779903599,28.07200517145797,24.0,0.0,1.0,1.1250000000000353,0.16891891891892927
1.1,28.07200517145797,28.078421121695357,24.0,0.0,1.0,1.1250000000000353,0.16891891891892927
1.2000000000000002,28.078421121695357,28.084815721036545,24.0,0.0,1.0,1.1250000000000353,0.16891891891892927
1.3,28.084815721036545,28.091189040532708,24.0,0.0,1.0,1.1250000000000353,0.16891891891892927
1.4000000000000001,28.091189040532708,28.097541150998573,24.0,0.0,1.0,1.1250000000000353,0.16891891891892927
1.5,28.097541150998573,28.10387212301321,24.0,0.0,1.0,1.1250000000000353,0.16891891891892927
1.6,28.10387212301321,28.110182026920818,24.0,0.0,1.0,1.1250000000000353,0.16891891891892927
1.7000000000000002,28.110182026920818,28.116470932831504,24.0,0.0,1.0,1.1250000000000353,0.16891891891892927
1.8,28.116470932831504,28.122738910622065,24.0,0.0,1.0,1.1250000000000353,0.16891891891892927
1.9000000000000001,28.122738910622065,28.128986029936765,24.0,0.0,1.0,1.1250000000000353,0.16891891891892927
2.0,28.128986029936765,28.10859008862429,24.0,0.0,1.0,1.1250000000000353,0.16891891891892927
2.1,28.10859008862429,28.088262020597867,24.0,0.0,1.0,1.1250000000000353,0.16891891891892927
2.2,28.088262020597867,28.068001599989866,24.0,0.0,1.0,1.1250000000000353,0.16891891891892927
2.3000000000000003,28.068001599989866,28.047808601684295,24.0,0.0,1.0,1.1250000000000353,0.16891891891892927
2.4000000000000004,28.047808601684295,28.027682801314295,24.0,0.0,1.0,1.1250000000000353,0.16891891891892927
2.5,28.027682801314295,28.007623975259655,24.0,0.0,1.0,1.1250000000000353,0.16891891891892927
2.6,28.007623975259655,27.987631900644324,24.0,0.0,1.0,1.1250000000000353,0.16891891891892927
2.7,27.987631900644324,27.967706355333934,24.0,0.0,1.0,1.1250000000000353,0.16891891891892927
2.8000000000000003,27.967706355333934,27.947847117933335,24.0,0.0,1.0,1.1250000000000353,0.16891891891892927
2.9000000000000004,27.947847117933335,27.928053967784127,24.0,0.0,1.0,1.1250000000000353,0.16891891891892927
3.0,27.928053967784127,27.908326684962216,24.0,0.0,1.0,1.1250000000000353,0.16891891891892927
3.1,27.908326684962216,27.888665050275367,24.0,0.0,1.0,1.1250000000000353,0.16891891891892927
3.2,27.888665050275367,27.86906884526077,24.0,0.0,1.0,1.1250000000000353,0.16891891891892927
3.3000000000000003,27.86906884526077,27.849537852182614,24.0,0.0,1.0,1.1250000000000353,0.16891891891892927
3.4000000000000004,27.849537852182614,27.83007185402966,24.0,0.0,1.0,1.1250000000000353,0.16891891891892927
3.5,27.83007185402966,27.810670634512846,24.0,0.0,1.0,1.1250000000000353,0.16891891891892927
3.6,27.810670634512846,27.79133397806286,24.0,0.0,1.0,1.1250000000000353,0.16891891891892927
3.7,27.79133397806286,27.772061669827767,24.0,0.0,1.0,1.1250000000000353,0.16891891891892927
3.8000000000000003,27.772061669827767,27.752853495670614,24.0,0.0,1.0,1.1250000000000353,0.16891891891892927
3.9000000000000004,27.752853495670614,27.73370924216704,24.0,0.0,1.0,1.1250000000000353,0.16891891891892927
4.0,27.73370924216704,27.714628696602926,24.0,0.0,1.0,1.1250000000000353,0.16891891891892927
4.1000000000000005,27.714628696602926,27.69561164697201,24.0,0.0,1.0,1.1250000000000353,0.16891891891892927
4.2,27.69561164697201,27.676657881973547,24.0,0.0,1.0,1.1250000000000353,0.16891891891892927
4.3,27.676657881973547,27.657767191009953,24.0,0.0,1.0,1.1250000000000353,0.16891891891892927
4.4,27.657767191009953,27.638939364184466,24.0,0.0,1.0,1.1250000000000353,0.16891891891892927
4.5,27.638939364184466,27.620174192298816,24.0,0.0,1.0,1.1250000000000353,0.16891891891892927
4.6000000000000005,27.620174192298816,27.601471466850903,24.0,0.0,1.0,1.1250000000000353,0.16891891891892927
4.7,27.601471466850903,27.58283098003247,24.0,0.0,1.0,1.1250000000000353,0.16891891891892927
4.800000000000001,27.58283098003247,27.564252524726808,24.0,0.0,1.0,1.1250000000000353,0.16891891891892927
4.9,27.564252524726808,27.545735894506443,24.0,0.0,1.0,1.1250000000000353,0.16891891891892927
5.0,27.545735894506443,27.52728088363085,24.0,0.0,1.0,1.1250000000000353,0.16891891891892927
5.1000000000000005,27.52728088363085,27.508887287044164,24.0,0.0,1.0,1.1250000000000353,0.16891891891892927
5.2,27.508887287044164,27.4905549003729,24.0,0.0,1.0,1.1250000000000353,0.16891891891892927
5.300000000000001,27.4905549003729,27.47228351992368,24.0,0.0,1.0,1.1250000000000353,0.16891891891892927
5.4,27.47228351992368,27.45407294268098,24.0,0.0,1.0,1.1250000000000353,0.16891891891892927
5.5,27.45407294268098,27.43592296630487,24.0,0.0,1.0,1.1250000000000353,0.16891891891892927
5.6000000000000005,27.43592296630487,27.417833389128752,24.0,0.0,1.0,1.1250000000000353,0.16891891891892927
5.7,27.417833389128752,27.39980401015714,24.0,0.0,1.0,1.1250000000000353,0.16891891891892927
5.800000000000001,27.39980401015714,27.38183462906342,24.0,0.0,1.0,1.1250000000000353,0.16891891891892927
5.9,27.38183462906342,27.36392504618761,24.0,0.0,1.0,1.1250000000000353,0.16891891891892927
6.0,27.36392504618761,27.346075062534165,24.0,0.0,1.0,1.1250000000000353,0.16891891891892927
6.1000000000000005,27.346075062534165,27.32828447976975,24.0,0.0,1.0,1.1250000000000353,0.16891891891892927
6.2,27.32828447976975,27.31055310022104,24.0,0.0,1.0,1.1250000000000353,0.16891891891892927
6.300000000000001,27.31055310022104,27.29288072687252,24.0,0.0,1.0,1.1250000000000353,0.16891891891892927
6.4,27.29288072687252,27.275267163364312,24.0,0.0,1.0,1.1250000000000353,0.16891891891892927
6.5,27.275267163364312,27.25771221398997,24.0,0.0,1.0,1.1250000000000353,0.16891891891892927
6.6000000000000005,27.25771221398997,27.240215683694316,24.0,0.0,1.0,1.1250000000000353,0.16891891891892927
6.7,27.240215683694316,27.222777378071285,24.0,0.0,1.0,1.1250000000000353,0.16891891891892927
6.800000000000001,27.222777378071285,27.20539710336174,24.0,0.0,1.0,1.1250000000000353,0.16891891891892927
6.9,27.20539710336174,27.188074666451342,24.0,0.0,1.0,1.1250000000000353,0.16891891891892927
7.0,27.188074666451342,27.17080987486839,24.0,0.0,1.0,1.1250000000000353,0.16891891891892927
7.1000000000000005,27.17080987486839,27.15360253678169,24.0,0.0,1.0,1.1250000000000353,0.16891891891892927
7.2,27.15360253678169,27.13645246099842,24.0,0.0,1.0,1.1250000000000353,0.16891891891892927
7.300000000000001,27.13645246099842,27.119359456962005,24.0,0.0,1.0,1.1250000000000353,0.16891891891892927
7.4,27.119359456962005,27.102323334750004,24.0,0.0,1.0,1.1250000000000353,0.16891891891892927
7.5,27.102323334750004,27.08534390507199,24.0,0.0,1.0,1.1250000000000353,0.16891891891892927
7.6000000000000005,27.08534390507199,27.068420979267465,24.0,0.0,1.0,1.1250000000000353,0.16891891891892927
7.7,27.068420979267465,27.05155436930374,24.0,0.0,1.0,1.1250000000000353,0.16891891891892927
7.800000000000001,27.05155436930374,27.03474388777387,24.0,0.0,1.0,1.1250000000000353,0.16891891891892927
7.9,27.03474388777387,27.01798934789455,24.0,0.0,1.0,1.1250000000000353,0.16891891891892927
8.0,27.01798934789455,27.001290563504053,24.0,0.0,1.0,1.1250000000000353,0.16891891891892927
8.1,27.001290563504053,26.98464734906016,24.0,0.0,1.0,1.1250000000000353,0.16891891891892927
8.200000000000001,26.98464734906016,26.968059519638096,24.0,0.0,1.0,1.1250000000000353,0.16891891891892927
8.3,26.968059519638096,26.95152689092847,24.0,0.0,1.0,1.1250000000000353,0.16891891891892927
8.4,26.95152689092847,26.935049279235244,24.0,0.0,1.0,1.1250000000000353,0.16891891891892927
8.5,26.935049279235244,26.918626501473668,24.0,0.0,1.0,1.1250000000000353,0.16891891891892927
8.6,26.918626501473668,26.902258375168266,24.0,0.0,1.0,1.1250000000000353,0.16891891891892927
8.700000000000001,26.902258375168266,26.8859447184508,24.0,0.0,1.0,1.1250000000000353,0.16891891891892927
8.8,26.8859447184508,26.869685350058255,24.0,0.0,1.0,1.1250000000000353,0.16891891891892927
8.9,26.869685350058255,26.85348008933081,24.0,0.0,1.0,1.1250000000000353,0.16891891891892927
9.0,26.85348008933081,26.837328756209843,24.0,0.0,1.0,1.1250000000000353,0.16891891891892927
9.1,26.837328756209843,26.821231171235937,24.0,0.0,1.0,1.1250000000000353,0.16891891891892927
9.200000000000001,26.821231171235937,26.805187155546864,24.0,0.0,1.0,1.1250000000000353,0.16891891891892927
9.3,26.805187155546864,26.789196530875625,24.0,0.0,1.0,1.1250000000000353,0.16891891891892927
9.4,26.789196530875625,26.773259119548445,24.0,0.0,1.0,1.1250000000000353,0.16891891891892927
9.5,26.773259119548445,26.75737474448281,24.0,0.0,1.0,1.1250000000000353,0.16891891891892927
9.600000000000001,26.75737474448281,26.741543229185503,24.0,0.0,1.0,1.1250000000000353,0.16891891891892927
9.700000000000001,26.741543229185503,26.725764397750634,24.0,0.0,1.0,1.1250000000000353,0.16891891891892927
9.8,26.725764397750634,26.710038074857692,24.0,0.0,1.0,1.1250000000000353,0.16891891891892927
9.9,26.710038074857692,26.694364085769596,24.0,0.0,1.0,1.1250000000000353,0.16891891891892927
10.0,26.694364085769596,26.67874225633075,24.0,0.0,1.0,1.1250000000000353,0.16891891891892927
10.100000000000001,26.67874225633075,26.66317241296511,24.0,0.0,1.0,1.1250000000000353,0.16891891891892927
10.200000000000001,26.66317241296511,26.647654382674254,24.0,0.0,1.0,1.1250000000000353,0.16891891891892927
10.3,26.647654382674254,26.632187993035465,24.0,0.0,1.0,1.1250000000000353,0.16891891891892927
10.4,26.632187993035465,26.616773072199813,24.0,0.0,1.0,1.1250000000000353,0.16891891891892927
10.5,26.616773072199813,26.601409448890237,24.0,0.0,1.0,1.1250000000000353,0.16891891891892927
10.600000000000001,26.601409448890237,26.586096952399657,24.0,0.0,1.0,1.1250000000000353,0.16891891891892927
10.700000000000001,26.586096952399657,26.570835412589062,24.0,0.0,1.0,1.1250000000000353,0.16891891891892927
10.8,26.570835412589062,26.55562465988563,24.0,0.0,1.0,1.1250000000000353,0.16891891891892927
10.9,26.55562465988563,26.540464525280846,24.0,0.0,1.0,1.1250000000000353,0.16891891891892927
11.0,26.540464525280846,26.52535484032861,24.0,0.0,1.0,1.1250000000000353,0.16891891891892927
11.100000000000001,26.52535484032861,26.51029543714338,24.0,0.0,1.0,1.1250000000000353,0.16891891891892927
11.200000000000001,26.51029543714338,26.495286148398296,24.0,0.0,1.0,1.1250000000000353,0.16891891891892927
11.3,26.495286148398296,26.480326807323333,24.0,0.0,1.0,1.1250000000000353,0.16891891891892927
11.4,26.480326807323333,26.465417247703435,24.0,0.0,1.0,1.1250000000000353,0.16891891891892927
11.5,26.465417247703435,26.45055730387667,24.0,0.0,1.0,1.1250000000000353,0.16891891891892927
11.600000000000001,26.45055730387667,26.435746810732407,24.0,0.0,1.0,1.1250000000000353,0.16891891891892927
11.700000000000001,26.435746810732407,26.420985603709454,24.0,0.0,1.0,1.1250000000000353,0.16891891891892927
11.8,26.420985603709454,26.406273518794244,24.0,0.0,1.0,1.1250000000000353,0.16891891891892927
11.9,26.406273518794244,26.39161039251902,24.0,0.0,1.0,1.1250000000000353,0.16891891891892927
12.0,26.39161039251902,26.376996061960007,24.0,0.0,1.0,1.1250000000000353,0.16891891891892927
12.100000000000001,26.376996061960007,26.3624303647356,24.0,0.0,1.0,1.1250000000000353,0.16891891891892927
12.200000000000001,26.3624303647356,26.347913139004575,24.0,0.0,1.0,1.1250000000000353,0.16891891891892927
12.3,26.347913139004575,26.33344422346427,24.0,0.0,1.0,1.1250000000000353,0.16891891891892927
12.4,26.33344422346427,26.319023457348806,24.0,0.0,1.0,1.1250000000000353,0.16891891891892927
12.5,26.319023457348806,26.3046506804273,24.0,0.0,1.0,1.1250000000000353,0.16891891891892927
12.600000000000001,26.3046506804273,26.29032573300209,24.0,0.0,1.0,1.1250000000000353,0.16891891891892927
12.700000000000001,26.29032573300209,26.27604845590694,24.0,0.0,1.0,1.1250000000000353,0.16891891891892927
12.8,26.27604845590694,26.26181869050529,24.0,0.0,1.0,1.1250000000000353,0.16891891891892927
12.9,26.26181869050529,26.247636278688493,24.0,0.0,1.0,1.1250000000000353,0.16891891891892927
13.0,26.247636278688493,26.233501062874048,24.0,0.0,1.0,1.1250000000000353,0.16891891891892927
13.100000000000001,26.233501062874048,26.21941288600386,24.0,0.0,1.0,1.1250000000000353,0.16891891891892927
13.200000000000001,26.21941288600386,26.205371591542477,24.0,0.0,1.0,1.1250000000000353,0.16891891891892927
13.3,26.205371591542477,26.19137702347538,24.0,0.0,1.0,1.1250000000000353,0.16891891891892927
13.4,26.19137702347538,26.177429026307216,24.0,0.0,1.0,1.1250000000000353,0.16891891891892927
13.5,26.177429026307216,26.163527445060105,24.0,0.0,1.0,1.1250000000000353,0.16891891891892927
13.600000000000001,26.163527445060105,26.14967212527188,24.0,0.0,1.0,1.1250000000000353,0.16891891891892927
13.700000000000001,26.14967212527188,26.13586291299441,24.0,0.0,1.0,1.1250000000000353,0.16891891891892927
13.8,26.13586291299441,26.122099654791853,24.0,0.0,1.0,1.1250000000000353,0.16891891891892927
13.9,26.122099654791853,26.108382197738983,24.0,0.0,1.0,1.1250000000000353,0.16891891891892927
14.0,26.108382197738983,26.094710389419465,24.0,0.0,1.0,1.1250000000000353,0.16891891891892927
14.100000000000001,26.094710389419465,26.081084077924178,24.0,0.0,1.0,1.1250000000000353,0.16891891891892927
14.200000000000001,26.081084077924178,26.067503111849522,24.0,0.0,1.0,1.1250000000000353,0.16891891891892927
14.3,26.067503111849522,26.05396734029573,24.0,0.0,1.0,1.1250000000000353,0.16891891891892927
14.4,26.05396734029573,26.04047661286521,24.0,0.0,1.0,1.1250000000000353,0.16891891891892927
14.5,26.04047661286521,26.02703077966084,24.0,0.0,1.0,1.1250000000000353,0.16891891891892927
14.600000000000001,26.02703077966084,26.013629691284343,24.0,0.0,1.0,1.1250000000000353,0.16891891891892927
14.700000000000001,26.013629691284343,26.0002731988346,24.0,0.0,1.0,1.1250000000000353,0.16891891891892927
14.8,26.0002731988346,25.986961153905995,24.0,0.0,1.0,1.1250000000000353,0.16891891891892927
14.9,25.986961153905995,25.973693408586787,24.0,0.0,1.0,1.1250000000000353,0.16891891891892927
15.0,25.973693408586787,25.960469815457444,24.0,0.0,1.0,1.1250000000000353,0.16891891891892927
15.100000000000001,25.960469815457444,25.94729022758902,24.0,0.0,1.0,1.1250000000000353,0.16891891891892927
15.200000000000001,25.94729022758902,25.93415449854151,24.0,0.0,1.0,1.1250000000000353,0.16891891891892927
15.3,25.93415449854151,25.921062482362238,24.0,0.0,1.0,1.1250000000000353,0.16891891891892927
15.4,25.921062482362238,25.908014033584223,24.0,0.0,1.0,1.1250000000000353,0.16891891891892927
15.5,25.908014033584223,25.895009007224562,24.0,0.0,1.0,1.1250000000000353,0.16891891891892927
15.600000000000001,25.895009007224562,25.882047258782833,24.0,0.0,1.0,1.1250000000000353,0.16891891891892927
15.700000000000001,25.882047258782833,25.869128644239474,24.0,0.0,1.0,1.1250000000000353,0.16891891891892927
15.8,25.869128644239474,25.85625302005419,24.0,0.0,1.0,1.1250000000000353,0.16891891891892927
15.9,25.85625302005419,25.843420243164356,24.0,0.0,1.0,1.1250000000000353,0.16891891891892927
16.0,25.843420243164356,25.830630170983433,24.0,0.0,1.0,1.1250000000000353,0.16891891891892927
16.1,25.830630170983433,25.817882661399377,24.0,0.0,1.0,1.1250000000000353,0.16891891891892927
16.2,25.817882661399377,25.805177572773058,24.0,0.0,1.0,1.1250000000000353,0.16891891891892927
16.3,25.805177572773058,25.792514763936694,24.0,0.0,1.0,1.1250000000000353,0.16891891891892927
16.400000000000002,25.792514763936694,25.779894094192283,24.0,0.0,1.0,1.1250000000000353,0.16891891891892927
16.5,25.779894094192283,25.767315423310027,24.0,0.0,1.0,1.1250000000000353,0.16891891891892927
16.6,25.767315423310027,25.75477861152679,24.0,0.0,1.0,1.1250000000000353,0.16891891891892927
16.7,25.75477861152679,25.74228351954453,24.0,0.0,1.0,1.1250000000000353,0.16891891891892927
16.8,25.74228351954453,25.729830008528765,24.0,0.0,1.0,1.1250000000000353,0.16891891891892927
16.900000000000002,25.729830008528765,25.717417940107026,24.0,0.0,1.0,1.1250000000000353,0.16891891891892927
17.0,25.717417940107026,25.705047176367312,24.0,0.0,1.0,1.1250000000000353,0.16891891891892927
17.1,25.705047176367312,25.692717579856563,24.0,0.0,1.0,1.1250000000000353,0.16891891891892927
17.2,25.692717579856563,25.680429013579136,24.0,0.0,1.0,1.1250000000000353,0.16891891891892927
17.3,25.680429013579136,25.668181340995282,24.0,0.0,1.0,1.1250000000000353,0.16891891891892927
17.400000000000002,25.668181340995282,25.655974426019622,24.0,0.0,1.0,1.1250000000000353,0.16891891891892927
17.5,25.655974426019622,25.64380813301964,24.0,0.0,1.0,1.1250000000000353,0.16891891891892927
17.6,25.64380813301964,25.63168232681418,24.0,0.0,1.0,1.1250000000000353,0.16891891891892927
17.7,25.63168232681418,25.619596872671934,24.0,0.0,1.0,1.1250000000000353,0.16891891891892927
17.8,25.619596872671934,25.60755163630996,24.0,0.0,1.0,1.1250000000000353,0.16891891891892927
17.900000000000002,25.60755163630996,25.59554648389217,24.0,0.0,1.0,1.1250000000000353,0.16891891891892927
18.0,25.59554648389217,25.58358128202786,24.0,0.0,1.0,1.1250000000000353,0.16891891891892927
18.1,25.58358128202786,25.571655897770217,24.0,0.0,1.0,1.1250000000000353,0.16891891891892927
18.2,25.571655897770217,25.55977019861485,24.0,0.0,1.0,1.1250000000000353,0.16891891891892927
18.3,25.55977019861485,25.547924052498313,24.0,0.0,1.0,1.1250000000000353,0.16891891891892927
18.400000000000002,25.547924052498313,25.53611732779664,24.0,0.0,1.0,1.1250000000000353,0.16891891891892927
18.5,25.53611732779664,25.524349893323876,24.0,0.0,1.0,1.1250000000000353,0.16891891891892927
18.6,25.524349893323876,25.51262161833063,24.0,0.0,1.0,1.1250000000000353,0.16891891891892927
18.7,25.51262161833063,25.500932372502614,24.0,0.0,1.0,1.1250000000000353,0.16891891891892927
18.8,25.500932372502614,25.4892820259592,24.0,0.0,1.0,1.1250000000000353,0.16891891891892927
18.900000000000002,25.4892820259592,25.47767044925197,24.0,0.0,1.0,1.1250000000000353,0.16891891891892927
19.0,25.47767044925197,25.46609751336329,24.0,0.0,1.0,1.1250000000000353,0.16891891891892927
19.1,25.46609751336329,25.454563089704862,24.0,0.0,1.0,1.1250000000000353,0.16891891891892927
19.200000000000003,25.454563089704862,25.443067050116305,24.0,0.0,1.0,1.1250000000000353,0.16891891891892927
19.3,25.443067050116305,25.431609266863727,24.0,0.0,1.0,1.1250000000000353,0.16891891891892927
19.400000000000002,25.431609266863727,25.42018961263831,24.0,0.0,1.0,1.1250000000000353,0.16891891891892927
19.5,25.42018961263831,25.408807960554885,24.0,0.0,1.0,1.1250000000000353,0.16891891891892927
19.6,25.408807960554885,25.397464184150536,24.0,0.0,1.0,1.1250000000000353,0.16891891891892927
19.700000000000003,25.397464184150536,25.38615815738319,24.0,0.0,1.0,1.1250000000000353,0.16891891891892927
19.8,25.38615815738319,25.374889754630203,24.0,0.0,1.0,1.1250000000000353,0.16891891891892927
19.900000000000002,25.374889754630203,25.363658850686992,24.0,0.0,1.0,1.1250000000000353,0.16891891891892927
20.0,25.363658850686992,25.352465320765614,24.0,0.0,1.0,1.1250000000000353,0.16891891891892927
20.1,25.352465320765614,25.341309040493403,24.0,0.0,1.0,1.1250000000000353,0.16891891891892927
20.200000000000003,25.341309040493403,25.330189885911572,24.0,0.0,1.0,1.1250000000000353,0.16891891891892927
20.3,25.330189885911572,25.319107733473846,24.0,0.0,1.0,1.1250000000000353,0.16891891891892927
20.400000000000002,25.319107733473846,25.308062460045083,24.0,0.0,1.0,1.1250000000000353,0.16891891891892927
20.5,25.308062460045083,25.29705394289991,24.0,0.0,1.0,1.1250000000000353,0.16891891891892927
20.6,25.29705394289991,25.28608205972136,24.0,0.0,1.0,1.1250000000000353,0.16891891891892927
20.700000000000003,25.28608205972136,25.2751466885995,24.0,0.0,1.0,1.1250000000000353,0.16891891891892927
20.8,25.2751466885995,25.264247708030098,24.0,0.0,1.0,1.1250000000000353,0.16891891891892927
20.900000000000002,25.264247708030098,25.253384996913255,24.0,0.0,1.0,1.1250000000000353,0.16891891891892927
21.0,25.253384996913255,25.242558434552073,24.0,0.0,1.0,1.1250000000000353,0.16891891891892927
21.1,25.242558434552073,25.2317679006513,24.0,0.0,1.0,1.1250000000000353,0.16891891891892927
21.200000000000003,25.2317679006513,25.221013275316004,24.0,0.0,1.0,1.1250000000000353,0.16891891891892927
21.3,25.221013275316004,25.21029443905024,24.0,0.0,1.0,1.1250000000000353,0.16891891891892927
21.400000000000002,25.21029443905024,25.199611272755718,24.0,0.0,1.0,1.1250000000000353,0.16891891891892927
21.5,25.199611272755718,25.188963657730476,24.0,0.0,1.0,1.1250000000000353,0.16891891891892927
21.6,25.188963657730476,25.178351475667572,24.0,0.0,1.0,1.1250000000000353,0.16891891891892927
21.700000000000003,25.178351475667572,25.167774608653765,24.0,0.0,1.0,1.1250000000000353,0.16891891891892927
21.8,25.167774608653765,25.1572329391682,24.0,0.0,1.0,1.1250000000000353,0.16891891891892927
21.900000000000002,25.1572329391682,25.146726350081106,24.0,0.0,1.0,1.1250000000000353,0.16891891891892927
22.0,25.146726350081106,25.1362547246525,24.0,0.0,1.0,1.1250000000000353,0.16891891891892927
22.1,25.1362547246525,25.125817946530876,24.0,0.0,1.0,1.1250000000000353,0.16891891891892927
22.200000000000003,25.125817946530876,25.115415899751927,24.0,0.0,1.0,1.1250000000000353,0.16891891891892927
22.3,25.115415899751927,25.105048468737248,24.0,0.0,1.0,1.1250000000000353,0.16891891891892927
22.400000000000002,25.105048468737248,25.09471553829306,24.0,0.0,1.0,1.1250000000000353,0.16891891891892927
22.5,25.09471553829306,25.08441699360891,24.0,0.0,1.0,1.1250000000000353,0.16891891891892927
22.6,25.08441699360891,25.074152720256425,24.0,0.0,1.0,1.1250000000000353,0.16891891891892927
22.700000000000003,25.074152720256425,25.06392260418801,24.0,0.0,1.0,1.1250000000000353,0.16891891891892927
22.8,25.06392260418801,25.053726531735613,24.0,0.0,1.0,1.1250000000000353,0.16891891891892927
22.900000000000002,25.053726531735613,25.043564389609426,24.0,0.0,1.0,1.1250000000000353,0.16891891891892927
23.0,25.043564389609426,25.03343606489666,24.0,0.0,1.0,1.1250000000000353,0.16891891891892927
23.1,25.03343606489666,25.023341445060264,24.0,0.0,1.0,1.1250000000000353,0.16891891891892927
23.200000000000003,25.023341445060264,25.0132804179377,24.0,0.0,1.0,1.1250000000000353,0.16891891891892927
23.3,25.0132804179377,25.00325287173967,24.0,0.0,1.0,1.1250000000000353,0.16891891891892927
23.400000000000002,25.00325287173967,24.993258695048887,24.0,0.0,1.0,1.1250000000000353,0.16891891891892927
23.5,24.993258695048887,24.983297776818844,24.0,0.0,1.0,1.1250000000000353,0.16891891891892927
23.6,24.983297776818844,24.97337000637257,24.0,0.0,1.0,1.1250000000000353,0.16891891891892927
23.700000000000003,24.97337000637257,24.9634752734014,24.0,0.0,1.0,1.1250000000000353,0.16891891891892927
23.8,24.9634752734014,24.95361346796376,24.0,0.0,1.0,1.1250000000000353,0.16891891891892927
23.900000000000002,24.95361346796376,24.943784480483927,24.0,0.0,1.0,1.1250000000000353,0.16891891891892927
24.0,24.943784480483927,24.93398820175083,24.0,0.0,1.0,1.1250000000000353,0.16891891891892927
24.1,24.93398820175083,24.924224522916823,24.0,0.0,1.0,1.1250000000000353,0.16891891891892927
24.200000000000003,24.924224522916823,24.91449333549649,24.0,0.0,1.0,1.1250000000000353,0.16891891891892927
24.3,24.91449333549649,24.904794531365425,24.0,0.0,1.0,1.1250000000000353,0.16891891891892927
24.400000000000002,24.904794531365425,24.895128002759037,24.0,0.0,1.0,1.1250000000000353,0.16891891891892927
24.5,24.895128002759037,24.885493642271356,24.0,0.0,1.0,1.1250000000000353,0.16891891891892927
24.6,24.885493642271356,24.87589134285383,24.0,0.0,0.9961803475553073,1.1250000000000353,0.16891891891892927
24.700000000000003,24.87589134285383,24.866320997814146,24.0,0.0,0.9853777607105897,1.1250000000000353,0.16891891891892927
24.8,24.866320997814146,24.856782500815036,24.0,0.0,0.9892449231796981,1.1250000000000353,0.16891891891892927
24.900000000000002,24.856782500815036,24.847275745873105,24.0,0.0,0.9929867914343329,1.1250000000000353,0.16891891891892927
25.0,24.847275745873105,24.837800627357645,24.0,0.0,0.9966037824265713,1.1250000000000353,0.16891891891892927
25.1,24.837800627357645,24.82835703998946,24.0,0.0,0.9859442740966777,1.1250000000000353,0.16891891891892927
25.200000000000003,24.82835703998946,24.818944878839705,24.0,0.0,0.9893127558748593,1.1250000000000353,0.16891891891892927
25.3,24.818944878839705,24.80956403932872,24.0,0.0,0.9925576029401653,1.1250000000000353,0.16891891891892927
25.400000000000002,24.80956403932872,24.800214417224854,24.0,0.0,0.9956792267222112,1.1250000000000353,0.16891891891892927
25.5,24.800214417224854,24.79089590864332,24.0,0.0,0.9986780372814585,1.1250000000000353,0.16891891891892927
25.6,24.79089590864332,24.781608410045042,24.0,0.0,0.9881947151272339,1.1250000000000353,0.16891891891892927
25.700000000000003,24.781608410045042,24.772351818235492,24.0,0.0,0.9909491239684441,1.1250000000000353,0.16891891891892927
25.8,24.772351818235492,24.763126030363555,24.0,0.0,0.9935819415988414,1.1250000000000353,0.16891891891892927
25.900000000000002,24.763126030363555,24.75393094392038,24.0,0.0,0.9960935726477023,1.1250000000000353,0.16891891891892927
26.0,24.75393094392038,24.74476645673825,24.0,0.0,0.9984844203977865,1.1250000000000353,0.16891891891892927
26.1,24.74476645673825,24.735632466989436,24.0,0.0,0.9881743723178905,1.1250000000000353,0.16891891891892927
26.200000000000003,24.735632466989436,24.726528873185064,24.0,0.0,0.9903248579550257,1.1250000000000353,0.16891891891892927
26.3,24.726528873185064,24.717455574174,24.0,0.0,0.9923557621072872,1.1250000000000353,0.16891891891892927
26.400000000000002,24.717455574174,24.708412469141717,24.0,0.0,0.9942674827160233,1.1250000000000353,0.16891891891892927
26.5,24.708412469141717,24.69939945760918,24.0,0.0,0.9960604163983149,1.1250000000000353,0.16891891891892927
26.6,24.69939945760918,24.69051812725638,24.0,0.0,0.9977349584513922,1.1250000000000353,0.16891891891892927
26.700000000000003,24.69051812725638,24.681953941452715,24.0,0.0,0.9994076193594991,1.1250000000000353,0.16891891891892927
26.8,24.681953941452715,24.67331530275964,24.0,0.0,0.989772910330377,1.1250000000000353,0.16891891891892927
26.900000000000002,24.67331530275964,24.664605794556888,24.0,0.0,0.9914280111040404,1.1250000000000353,0.16891891891892927
27.0,24.664605794556888,24.655828977199267,24.0,0.0,0.9928562636083242,1.1250000000000353,0.16891891891892927
27.1,24.655828977199267,24.647365147519036,24.0,0.0,0.9940605362634214,1.1250000000000353,0.16891891891892927
27.200000000000003,24.647365147519036,24.638839806998675,24.0,0.0,0.9954739499596319,1.1250000000000353,0.16891891891892927
27.3,24.638839806998675,24.630256451769874,24.0,0.0,0.9966741548302849,1.1250000000000353,0.16891891891892927
27.400000000000002,24.630256451769874,24.621618555376756,24.0,0.0,0.9976641040453483,1.1250000000000353,0.16891891891892927
27.5,24.621618555376756,24.6129295688875,24.0,0.0,0.998446784038509,1.1250000000000353,0.16891891891892927
27.6,24.6129295688875,24.604548587317264,24.0,0.0,0.999025214253086,1.1250000000000353,0.16891891891892927
27.700000000000003,24.604548587317264,24.596122167222777,24.0,0.0,0.9998085793669325,1.1250000000000353,0.16891891891892927
27.8,24.596122167222777,24.587653696847866,24.0,0.0,0.9903288567606341,1.1250000000000353,0.16891891891892927
27.900000000000002,24.587653696847866,24.57914654238886,24.0,0.0,0.990728410305884,1.1250000000000353,0.16891891891892927
28.0,24.57914654238886,24.57060404810381,24.0,0.0,0.9909407423230967,1.1250000000000353,0.16891891891892927
28.1,24.57060404810381,24.562364458293917,24.0,0.0,0.9909690181460626,1.1250000000000353,0.16891891891892927
28.200000000000003,24.562364458293917,24.554095037246086,24.0,0.0,0.9911988792432765,1.1250000000000353,0.16891891891892927
28.3,24.554095037246086,24.545799067762996,24.0,0.0,0.991255494031461,1.1250000000000353,0.16891891891892927
28.400000000000002,24.545799067762996,24.53747981112876,24.0,0.0,0.9911421072103332,1.1250000000000353,0.16891891891892927
28.5,24.53747981112876,24.529140507215807,24.0,0.0,0.9908619943604817,1.1250000000000353,0.16891891891892927
28.6,24.529140507215807,24.52078437459125,24.0,0.0,0.990418461701918,1.1250000000000353,0.16891891891892927
28.700000000000003,24.52078437459125,24.512411519337757,24.0,0.0,0.9898148458538751,1.1250000000000353,0.16891891891892927
28.8,24.512411519337757,24.504323024977765,24.0,0.0,0.9890509836825077,1.1250000000000353,0.16891891891892927
28.900000000000002,24.504323024977765,24.496217384837188,24.0,0.0,0.9884703975440332,1.1250000000000353,0.16891891891892927
29.0,24.496217384837188,24.488100695189708,24.0,0.0,0.9877336028054309,1.1250000000000353,0.16891891891892927
29.1,24.488100695189708,24.479978955658066,24.0,0.0,0.9868472711275181,1.1250000000000353,0.16891891891892927
29.200000000000003,24.479978955658066,24.47184661523759,24.0,0.0,0.9858180667837801,1.1250000000000353,0.16891891891892927
29.3,24.47184661523759,24.46370938530901,24.0,0.0,0.9846395658248958,1.1250000000000353,0.16891891891892927
29.400000000000002,24.46370938530901,24.455572879626708,24.0,0.0,0.9833181109611361,1.1250000000000353,0.16891891891892927
29.5,24.455572879626708,24.447442613758064,24.0,0.0,0.981860029900079,1.1250000000000353,0.16891891891892927
29.6,24.447442613758064,24.439324004531393,24.0,0.0,0.9802716330572815,1.1250000000000353,0.16891891891892927
29.700000000000003,24.439324004531393,24.431211557323373,24.0,0.0,0.9785592112673347,1.1250000000000353,0.16891891891892927
29.8,24.431211557323373,24.423378478336506,24.0,0.0,0.9767166871671524,1.1250000000000353,0.16891891891892927
29.900000000000002,24.423378478336506,24.415560829121148,24.0,0.0,0.9750561367923417,1.1250000000000353,0.16891891891892927
30.0,24.415560829121148,24.40776354259272,24.0,0.0,0.9732808900250833,1.1250000000000353,0.16891891891892927
30.1,24.40776354259272,24.399991450982576,24.0,0.0,0.9713968403595314,1.1250000000000353,0.16891891891892927
30.200000000000003,24.399991450982576,24.392239103789567,24.0,0.0,0.9694098496457997,1.1250000000000353,0.16891891891892927
30.3,24.392239103789567,24.38451104751882,24.0,0.0,0.9673141195906512,1.1250000000000353,0.16891891891892927
30.400000000000002,24.38451104751882,24.376811727164405,24.0,0.0,0.9651151753319875,1.1250000000000353,0.16891891891892927
30.5,24.376811727164405,24.369145485725014,24.0,0.0,0.9628185028921284,1.1250000000000353,0.16891891891892927
30.6,24.369145485725014,24.36151656372769,24.0,0.0,0.9604295469100599,1.1250000000000353,0.16891891891892927
30.700000000000003,24.36151656372769,24.353929098759536,24.0,0.0,0.9579537083746876,1.1250000000000353,0.16891891891892927
30.8,24.353929098759536,24.346387218981654,24.0,0.0,0.9553963423591556,1.1250000000000353,0.16891891891892927
30.900000000000002,24.346387218981654,24.33888589347206,24.0,0.0,0.9527628630648092,1.1250000000000353,0.16891891891892927
31.0,24.33888589347206,24.331429145902685,24.0,0.0,0.9500482957427334,1.1250000000000353,0.16891891891892927
31.1,24.331429145902685,24.324020808940784,24.0,0.0,0.9472579200295972,1.1250000000000353,0.16891891891892927
31.200000000000003,24.324020808940784,24.31666452508122,24.0,0.0,0.9443968654228088,1.1250000000000353,0.16891891891892927
31.3,24.31666452508122,24.309364095717545,24.0,0.0,0.9414701090044675,1.1250000000000353,0.16891891891892927
31.400000000000002,24.309364095717545,24.302123140735745,24.0,0.0,0.9384828708304278,1.1250000000000353,0.16891891891892927
31.5,24.302123140735745,24.294945099517655,24.0,0.0,0.9354402279072501,1.1250000000000353,0.16891891891892927
31.6,24.294945099517655,24.28783323200199,24.0,0.0,0.9323471122719945,1.1250000000000353,0.16891891891892927
31.700000000000003,24.28783323200199,24.28079061980279,24.0,0.0,0.9292083091547432,1.1250000000000353,0.16891891891892927
31.8,24.28079061980279,24.273820496072357,24.0,0.0,0.9260284552246092,1.1250000000000353,0.16891891891892927
31.900000000000002,24.273820496072357,24.266917775030798,24.0,0.0,0.9228124122453106,1.1250000000000353,0.16891891891892927
32.0,24.266917775030798,24.26008528585503,24.0,0.0,0.9195555972734013,1.1250000000000353,0.16891891891892927
32.1,24.26008528585503,24.253325691408886,24.0,0.0,0.9162623794819977,1.1250000000000353,0.16891891891892927
32.2,24.253325691408886,24.246641489638993,24.0,0.0,0.9129369859228029,1.1250000000000353,0.16891891891892927
32.300000000000004,24.246641489638993,24.24003532454309,24.0,0.0,0.9095835003107102,1.1250000000000353,0.16891891891892927
32.4,24.24003532454309,24.233509684228544,24.0,0.0,0.9062062153302366,1.1250000000000353,0.16891891891892927
32.5,24.233509684228544,24.227066902472455,24.0,0.0,0.9028092903180704,1.1250000000000353,0.16891891891892927
32.6,24.227066902472455,24.220709160336966,24.0,0.0,0.8993967504112618,1.1250000000000353,0.16891891891892927
32.7,24.220709160336966,24.214438487839523,24.0,0.0,0.8959724857847994,1.1250000000000353,0.16891891891892927
32.800000000000004,24.214438487839523,24.2082567656779,24.0,0.0,0.8925402509792216,1.1250000000000353,0.16891891891892927
32.9,24.2082567656779,24.20216572415297,24.0,0.0,0.8891036643189801,1.1250000000000353,0.16891891891892927
33.0,24.20216572415297,24.196167220246668,24.0,0.0,0.8856662041600731,1.1250000000000353,0.16891891891892927
33.1,24.196167220246668,24.19026296420536,24.0,0.0,0.8822315227426236,1.1250000000000353,0.16891891891892927
33.2,24.19026296420536,24.184454524025217,24.0,0.0,0.8788031361185396,1.1250000000000353,0.16891891891892927
33.300000000000004,24.184454524025217,24.178743329983224,24.0,0.0,0.8753844267946831,1.1250000000000353,0.16891891891892927
33.4,24.178743329983224,24.17313066862697,24.0,0.0,0.8719786465039143,1.1250000000000353,0.16891891891892927
33.5,24.17313066862697,24.16761768706124,24.0,0.0,0.8685889070157479,1.1250000000000353,0.16891891891892927
33.6,24.16761768706124,24.162205397271478,24.0,0.0,0.8652181826033095,1.1250000000000353,0.16891891891892927
33.7,24.162205397271478,24.15689468048176,24.0,0.0,0.8618693126248167,1.1250000000000353,0.16891891891892927
33.800000000000004,24.15689468048176,24.151686291544973,24.0,0.0,0.8585450042174938,1.1250000000000353,0.16891891891892927
33.9,24.151686291544973,24.14658085337083,24.0,0.0,0.8552478351018686,1.1250000000000353,0.16891891891892927
34.0,24.14658085337083,24.14157910880449,24.0,0.0,0.8519802450845173,1.1250000000000353,0.16891891891892927
34.1,24.14157910880449,24.13668168190178,24.0,0.0,0.8487448214474614,1.1250000000000353,0.16891891891892927
34.2,24.13668168190178,24.13188908210808,24.0,0.0,0.8455440283762012,1.1250000000000353,0.16891891891892927
34.300000000000004,24.13188908210808,24.127201708455683,24.0,0.0,0.8423802097249802,1.1250000000000353,0.16891891891892927
34.4,24.127201708455683,24.12261984436797,24.0,0.0,0.8392555918737292,1.1250000000000353,0.16891891891892927
34.5,24.12261984436797,24.118143661594164,24.0,0.0,0.836172275929918,1.1250000000000353,0.16891891891892927
34.6,24.118143661594164,24.11377322415365,24.0,0.0,0.8331322402687458,1.1250000000000353,0.16891891891892927
34.7,24.11377322415365,24.10950849228748,24.0,0.0,0.8301373431507632,1.1250000000000353,0.16891891891892927
34.800000000000004,24.10950849228748,24.105349326414608,24.0,0.0,0.8271893254142837,1.1250000000000353,0.16891891891892927
34.9,24.105349326414608,24.101295491090475,24.0,0.0,0.8242898132399834,1.1250000000000353,0.16891891891892927
35.0,24.101295491090475,24.097346659052295,24.0,0.0,0.8214403209849709,1.1250000000000353,0.16891891891892927
35.1,24.097346659052295,24.093502406895404,24.0,0.0,0.8186422541827666,1.1250000000000353,0.16891891891892927
35.2,24.093502406895404,24.089762219018855,24.0,0.0,0.8158969030551722,1.1250000000000353,0.16891891891892927
35.300000000000004,24.089762219018855,24.086125491487493,24.0,0.0,0.8132054453936977,1.1250000000000353,0.16891891891892927
35.4,24.086125491487493,24.08259153580741,24.0,0.0,0.8105689494122587,1.1250000000000353,0.16891891891892927
35.5,24.08259153580741,24.07915958293349,24.0,0.0,0.8079883765662087,1.1250000000000353,0.16891891891892927
35.6,24.07915958293349,24.075828787197917,24.0,0.0,0.8054645847001672,1.1250000000000353,0.16891891891892927
35.7,24.075828787197917,24.07259823015692,24.0,0.0,0.8029983311732896,1.1250000000000353,0.16891891891892927
35.800000000000004,24.07259823015692,24.06946692435296,24.0,0.0,0.8005902759575216,1.1250000000000353,0.16891891891892927
35.9,24.06946692435296,24.066433816989772,24.0,0.0,0.7982409847042974,1.1250000000000353,0.16891891891892927
36.0,24.066433816989772,24.063497793821373,24.0,0.0,0.7959509317752689,1.1250000000000353,0.16891891891892927
36.1,24.063497793821373,24.060657675430427,24.0,0.0,0.7937205035794245,1.1250000000000353,0.16891891891892927
36.2,24.060657675430427,24.057912220722226,24.0,0.0,0.7915499932853945,1.1250000000000353,0.16891891891892927
36.300000000000004,24.057912220722226,24.05526013033344,24.0,0.0,0.7894396037103277,1.1250000000000353,0.16891891891892927
36.4,24.05526013033344,24.05270004995344,24.0,0.0,0.7873894501704682,1.1250000000000353,0.16891891891892927
36.5,24.05270004995344,24.0502305738422,24.0,0.0,0.7853995632894786,1.1250000000000353,0.16891891891892927
36.6,24.0502305738422,24.04785024826885,24.0,0.0,0.7834698920873429,1.1250000000000353,0.16891891891892927
36.7,24.04785024826885,24.045557574869115,24.0,0.0,0.7816003070380836,1.1250000000000353,0.16891891891892927
36.800000000000004,24.045557574869115,24.043351013919864,24.0,0.0,0.7797906030929258,1.1250000000000353,0.16891891891892927
36.9,24.043351013919864,24.041228987529223,24.0,0.0,0.7780405026655569,1.1250000000000353,0.16891891891892927
37.0,24.041228987529223,24.039189882740565,24.0,0.0,0.7763496585762418,1.1250000000000353,0.16891891891892927
37.1,24.039189882740565,24.03723205454635,24.0,0.0,0.7747176569515114,1.1250000000000353,0.16891891891892927
37.2,24.03723205454635,24.035353829064626,24.0,0.0,0.77314402007333,1.1250000000000353,0.16891891891892927
37.300000000000004,24.035353829064626,24.03355350662827,24.0,0.0,0.7716282094649131,1.1250000000000353,0.16891891891892927
37.4,24.03355350662827,24.03182936478801,24.0,0.0,0.7701696289305711,1.1250000000000353,0.16891891891892927
37.5,24.03182936478801,24.030179661230385,24.0,0.0,0.7687676275492653,1.1250000000000353,0.16891891891892927
37.6,24.030179661230385,24.0286026366022,24.0,0.0,0.7674215026217748,1.1250000000000353,0.16891891891892927
37.7,24.0286026366022,24.027096517242395,24.0,0.0,0.7661305025603761,1.1250000000000353,0.16891891891892927
37.800000000000004,24.027096517242395,24.02565951782231,24.0,0.0,0.7648938297204991,1.1250000000000353,0.16891891891892927
37.9,24.02565951782231,24.02428984389555,24.0,0.0,0.7637106431739545,1.1250000000000353,0.16891891891892927
38.0,24.02428984389555,24.022985694358663,24.0,0.0,0.762580061423504,1.1250000000000353,0.16891891891892927
38.1,24.022985694358663,24.021745263814804,24.0,0.0,0.7615011650586746,1.1250000000000353,0.16891891891892927
38.2,24.021745263814804,24.020566745070273,24.0,0.0,0.7604729993423531,1.1250000000000353,0.16891891891892927
38.300000000000004,24.020566745070273,24.01944833154587,24.0,0.0,0.7594945769890507,1.1250000000000353,0.16891891891892927
38.400000000000006,24.01944833154587,24.018388219604326,24.0,0.0,0.7585648808880485,1.1250000000000353,0.16891891891892927
38.5,24.018388219604326,24.017384610795208,24.0,0.0,0.7576828667714514,1.1250000000000353,0.16891891891892927
38.6,24.017384610795208,24.016435714010143,24.0,0.0,0.7568474658273293,1.1250000000000353,0.16891891891892927
38.7,24.016435714010143,24.01553974754946,24.0,0.0,0.7560575872483565,1.1250000000000353,0.16891891891892927
38.800000000000004,24.01553974754946,24.01469494110146,24.0,0.0,0.755312120715722,1.1250000000000353,0.16891891891892927
38.900000000000006,24.01469494110146,24.013899537635634,24.0,0.0,0.7546099388181648,1.1250000000000353,0.16891891891892927
39.0,24.013899537635634,24.01315179521121,24.0,0.0,0.7539498994061987,1.1250000000000353,0.16891891891892927
39.1,24.01315179521121,24.012449988702468,24.0,0.0,0.7533308478816151,1.1250000000000353,0.16891891891892927
39.2,24.012449988702468,24.01179241144247,24.0,0.0,0.7527516194224959,1.1250000000000353,0.16891891891892927
39.300000000000004,24.01179241144247,24.01117737677918,24.0,0.0,0.7522110411442307,1.1250000000000353,0.16891891891892927
39.400000000000006,24.01117737677918,24.01060321954545,24.0,0.0,0.7517079341882175,1.1250000000000353,0.16891891891892927
39.5,24.01060321954545,24.01006829744445,24.0,0.0,0.7512411157385405,1.1250000000000353,0.16891891891892927
39.6,24.01006829744445,24.00957099235201,24.0,0.0,0.7508094009668825,1.1250000000000353,0.16891891891892927
39.7,24.00957099235201,24.009109711537697,24.0,0.0,0.7504116049059943,1.1250000000000353,0.16891891891892927
39.800000000000004,24.009109711537697,24.00868288880645,24.0,0.0,0.7500465442523526,1.1250000000000353,0.16891891891892927
39.900000000000006,24.00868288880645,24.00828898556259,24.0,0.0,0.749713039098729,1.1250000000000353,0.16891891891892927
40.0,24.00828898556259,24.007926491798006,24.0,0.0,0.7494099145974022,1.1250000000000353,0.16891891891892927
40.1,24.007926491798006,24.007593927006365,24.0,0.0,0.7491360025547793,1.1250000000000353,0.16891891891892927
40.2,24.007593927006365,24.00728984102541,24.0,0.0,0.7488901429582092,1.1250000000000353,0.16891891891892927
40.300000000000004,24.00728984102541,24.007012814802497,24.0,0.0,0.7486711854361465,1.1250000000000353,0.16891891891892927
40.400000000000006,24.007012814802497,24.00676146108507,24.0,0.0,0.7484779906448698,1.1250000000000353,0.16891891891892927
40.5,24.00676146108507,24.006534425037845,24.0,0.0,0.7483094315824442,1.1250000000000353,0.16891891891892927
40.6,24.006534425037845,24.00633038478833,24.0,0.0,0.7481643948306316,1.1250000000000353,0.16891891891892927
40.7,24.00633038478833,24.006148051902716,24.0,0.0,0.7480417817254068,1.1250000000000353,0.16891891891892927
40.800000000000004,24.006148051902716,24.005986171794024,24.0,0.0,0.7479405094571766,1.1250000000000353,0.16891891891892927
40.900000000000006,24.005986171794024,24.005843524064524,24.0,0.0,0.7478595121016891,1.1250000000000353,0.16891891891892927
41.0,24.005843524064524,24.005718922784315,24.0,0.0,0.7477977415827666,1.1250000000000353,0.16891891891892927
41.1,24.005718922784315,24.005611216708047,24.0,0.0,0.747754168567942,1.1250000000000353,0.16891891891892927
41.2,24.005611216708047,24.005519289431664,24.0,0.0,0.7477277832981553,1.1250000000000353,0.16891891891892927
41.300000000000004,24.005519289431664,24.005442059491124,24.0,0.0,0.747717596352624,1.1250000000000353,0.16891891891892927
41.400000000000006,24.005442059491124,24.005378480405145,24.0,0.0,0.7477226393501093,1.1250000000000353,0.16891891891892927
41.5,24.005378480405145,24.00532754066417,24.0,0.0,0.7477419655879302,1.1250000000000353,0.16891891891892927
41.6,24.00532754066417,24.005288263667534,24.0,0.0,0.7477746506202805,1.1250000000000353,0.16891891891892927
41.7,24.005288263667534,24.005259707611017,24.0,0.0,0.7478197927772343,1.1250000000000353,0.16891891891892927
41.800000000000004,24.005259707611017,24.005240965326745,24.0,0.0,0.7478765136260013,1.1250000000000353,0.16891891891892927
41.900000000000006,24.005240965326745,24.005231164077514,24.0,0.0,0.7479439583759037,1.1250000000000353,0.16891891891892927
42.0,24.005231164077514,24.005229465307515,24.0,0.0,0.748021296228585,1.1250000000000353,0.16891891891892927
42.1,24.005229465307515,24.00523506435144,24.0,0.0,0.7481077206749628,1.1250000000000353,0.16891891891892927
42.2,24.00523506435144,24.0052471901039,24.0,0.0,0.7482024497404485,1.1250000000000353,0.16891891891892927
42.300000000000004,24.0052471901039,24.00526510465109,24.0,0.0,0.7483047261799401,1.1250000000000353,0.16891891891892927
42.400000000000006,24.00526510465109,24.005288102866736,24.0,0.0,0.7484138176240943,1.1250000000000353,0.16891891891892927
42.5,24.005288102866736,24.005315511974423,24.0,0.0,0.7485290166786328,1.1250000000000353,0.16891891891892927
42.6,24.005315511974423,24.005346691078316,24.0,0.0,0.7486496409784033,1.1250000000000353,0.16891891891892927
42.7,24.005346691078316,24.00538103066427,24.0,0.0,0.7487750331979566,1.1250000000000353,0.16891891891892927
42.800000000000004,24.00538103066427,24.00541795207333,24.0,0.0,0.748904561020404,1.1250000000000353,0.16891891891892927
42.900000000000006,24.00541795207333,24.00545690694951,24.0,0.0,0.7490376170662936,1.1250000000000353,0.16891891891892927
43.0,24.00545690694951,24.00549737666381,24.0,0.0,0.7491736187842533,1.1250000000000353,0.16891891891892927
43.1,24.00549737666381,24.00553887171628,24.0,0.0,0.7493120083051346,1.1250000000000353,0.16891891891892927
43.2,24.00553887171628,24.005580931117994,24.0,0.0,0.7494522522613953,1.1250000000000353,0.16891891891892927
43.300000000000004,24.005580931117994,24.005623121754738,24.0,0.0,0.7495938415734252,1.1250000000000353,0.16891891891892927
43.400000000000006,24.005623121754738,24.005665037734108,24.0,0.0,0.7497362912045386,1.1250000000000353,0.16891891891892927
43.5,24.005665037734108,24.005706299717804,24.0,0.0,0.749879139886298,1.1250000000000353,0.16891891891892927
43.6,24.005706299717804,24.005746554240726,24.0,0.0,0.7500219498158923,1.1250000000000353,0.16891891891892927
43.7,24.005746554240726,24.00578547301853,24.0,0.0,0.7501643063271649,1.1250000000000353,0.16891891891892927
43.800000000000004,24.00578547301853,24.005822752245212,24.0,0.0,0.7503058175369669,1.1250000000000353,0.16891891891892927
43.900000000000006,24.005822752245212,24.005858111882237,24.0,0.0,0.7504461139684231,1.1250000000000353,0.16891891891892927
44.0,24.005858111882237,24.00589129494071,24.0,0.0,0.7505848481526811,1.1250000000000353,0.16891891891892927
44.1,24.00589129494071,24.005922066758053,24.0,0.0,0.7507216942107054,1.1250000000000353,0.16891891891892927
44.2,24.005922066758053,24.00595021427053,24.0,0.0,0.7508563474166701,1.1250000000000353,0.16891891891892927
44.300000000000004,24.00595021427053,24.00597554528302,24.0,0.0,0.7509885237443984,1.1250000000000353,0.16891891891892927
44.400000000000006,24.00597554528302,24.005997887737326,24.0,0.0,0.7511179593983668,1.1250000000000353,0.16891891891892927
44.5,24.005997887737326,24.006017088980254,24.0,0.0,0.7512444103306979,1.1250000000000353,0.16891891891892927
44.6,24.006017088980254,24.006033015032727,24.0,0.0,0.7513676517455503,1.1250000000000353,0.16891891891892927
44.7,24.006033015032727,24.00604554986102,24.0,0.0,0.7514874775922977,1.1250000000000353,0.16891891891892927
44.800000000000004,24.00604554986102,24.00605459465125,24.0,0.0,0.7516037000488074,1.1250000000000353,0.16891891891892927
44.900000000000006,24.00605459465125,24.006060067088182,24.0,0.0,0.7517161489961129,1.1250000000000353,0.16891891891892927
45.0,24.006060067088182,24.00606190063936,24.0,0.0,0.7518246714857727,1.1250000000000353,0.16891891891892927
45.1,24.00606190063936,24.006060043845466,24.0,0.0,0.7519291312011069,1.1250000000000353,0.16891891891892927
45.2,24.006060043845466,24.006054459617893,24.0,0.0,0.7520294079134742,1.1250000000000353,0.16891891891892927
45.300000000000004,24.006054459617893,24.006045124544308,24.0,0.0,0.7521253969347841,1.1250000000000353,0.16891891891892927
45.400000000000006,24.006045124544308,24.006032028203066,24.0,0.0,0.7522170085672761,1.1250000000000353,0.16891891891892927
45.5,24.006032028203066,24.00601517248722,24.0,0.0,0.7523041675516743,1.1250000000000353,0.16891891891892927
45.6,24.00601517248722,24.005994570938828,24.0,0.0,0.7523868125147135,1.1250000000000353,0.16891891891892927
45.7,24.005994570938828,24.005970248094236,24.0,0.0,0.7524648954170089,1.1250000000000353,0.16891891891892927
45.800000000000004,24.005970248094236,24.00594223884096,24.0,0.0,0.7525383810022188,1.1250000000000353,0.16891891891892927
45.900000000000006,24.00594223884096,24.005910587786726,24.0,0.0,0.7526072462483788,1.1250000000000353,0.16891891891892927
46.0,24.005910587786726,24.005875348641236,24.0,0.0,0.752671479822278,1.1250000000000353,0.16891891891892927
46.1,24.005875348641236,24.005836583611092,24.0,0.0,0.7527310815376771,1.1250000000000353,0.16891891891892927
46.2,24.005836583611092,24.005794362808377,24.0,0.0,0.7527860618181416,1.1250000000000353,0.16891891891892927
46.300000000000004,24.005794362808377,24.005748763673278,24.0,0.0,0.7528364411652283,1.1250000000000353,0.16891891891892927
46.400000000000006,24.005748763673278,24.00569987041112,24.0,0.0,0.7528822496327231,1.1250000000000353,0.16891891891892927
46.5,24.00569987041112,24.005647773444114,24.0,0.0,0.7529235263075787,1.1250000000000353,0.16891891891892927
46.6,24.005647773444114,24.005592568878143,24.0,0.0,0.7529603187981437,1.1250000000000353,0.16891891891892927
46.7,24.005592568878143,24.00553435798481,24.0,0.0,0.752992682730314,1.1250000000000353,0.16891891891892927
46.800000000000004,24.00553435798481,24.005473246698955,24.0,0.0,0.7530206812520857,1.1250000000000353,0.16891891891892927
46.900000000000006,24.005473246698955,24.00540934513184,24.0,0.0,0.7530443845470344,1.1250000000000353,0.16891891891892927
47.0,24.00540934513184,24.005342767100146,24.0,0.0,0.7530638693572049,1.1250000000000353,0.16891891891892927
47.1,24.005342767100146,24.005273629670846,24.0,0.0,0.7530792185158064,1.1250000000000353,0.16891891891892927
47.2,24.005273629670846,24.005202052722108,24.0,0.0,0.7530905204901219,1.1250000000000353,0.16891891891892927
47.300000000000004,24.005202052722108,24.005128158520197,24.0,0.0,0.7530978689349896,1.1250000000000353,0.16891891891892927
47.400000000000006,24.005128158520197,24.005052071312466,24.0,0.0,0.7531013622571673,1.1250000000000353,0.16891891891892927
47.5,24.005052071312466,24.004973916936372,24.0,0.0,0.7531011031909105,1.1250000000000353,0.16891891891892927
47.6,24.004973916936372,24.004893822444505,24.0,0.0,0.7530971983849728,1.1250000000000353,0.16891891891892927
47.7,24.004893822444505,24.004811915745574,24.0,0.0,0.7530897580012927,1.1250000000000353,0.16891891891892927
47.800000000000004,24.004811915745574,24.004728325261237,24.0,0.0,0.7530788953255627,1.1250000000000353,0.16891891891892927
47.900000000000006,24.004728325261237,24.004643179598684,24.0,0.0,0.753064726389826,1.1250000000000353,0.16891891891892927
48.0,24.004643179598684,24.004556607238854,24.0,0.0,0.7530473696072699,1.1250000000000353,0.16891891891892927
48.1,24.004556607238854,24.004468736240078,24.0,0.0,0.7530269454193335,1.1250000000000353,0.16891891891892927
48.2,24.004468736240078,24.004379693957045,24.0,0.0,0.7530035759551713,1.1250000000000353,0.16891891891892927
48.300000000000004,24.004379693957045,24.004289606774833,24.0,0.0,0.7529773847036011,1.1250000000000353,0.16891891891892927
48.400000000000006,24.004289606774833,24.004198599857837,24.0,0.0,0.752948496197512,1.1250000000000353,0.16891891891892927
48.5,24.004198599857837,24.00410679691335,24.0,0.0,0.7529170357107873,1.1250000000000353,0.16891891891892927
48.6,24.00410679691335,24.004014319969556,24.0,0.0,0.7528831289677235,1.1250000000000353,0.16891891891892927
48.7,24.004014319969556,24.00392128916766,24.0,0.0,0.7528469018648992,1.1250000000000353,0.16891891891892927
48.800000000000004,24.00392128916766,24.00382782256792,24.0,0.0,0.7528084802054634,1.1250000000000353,0.16891891891892927
48.900000000000006,24.00382782256792,24.003734035969277,24.0,0.0,0.7527679894457547,1.1250000000000353,0.16891891891892927
49.0,24.003734035969277,24.003640042742262,24.0,0.0,0.7527255544541941,1.1250000000000353,0.16891891891892927
49.1,24.003640042742262,24.00354595367493,24.0,0.0,0.7526812992822864,1.1250000000000353,0.16891891891892927
49.2,24.00354595367493,24.00345187683146,24.0,0.0,0.7526353469476685,1.1250000000000353,0.16891891891892927
49.300000000000004,24.00345187683146,24.003357917423102,24.0,0.0,0.7525878192290248,1.1250000000000353,0.16891891891892927
49.400000000000006,24.003357917423102,24.003264177691182,24.0,0.0,0.7525388364727164,1.1250000000000353,0.16891891891892927
49.5,24.003264177691182,24.003170756801772,24.0,0.0,0.7524885174109819,1.1250000000000353,0.16891891891892927
49.6,24.003170756801772,24.0030777507517,24.0,0.0,0.7524369789915065,1.1250000000000353,0.16891891891892927
49.7,24.0030777507517,24.002985252285583,24.0,0.0,0.7523843362181433,1.1250000000000353,0.16891891891892927
49.800000000000004,24.002985252285583,24.00289335082348,24.0,0.0,0.75233070200264,1.1250000000000353,0.16891891891892927
49.900000000000006,24.00289335082348,24.002802132398845,24.0,0.0,0.7522761870270901,1.1250000000000353,0.16891891891892927
50.0,24.002802132398845,24.002711679606396,24.0,0.0,0.7522208996169226,1.1250000000000353,0.16891891891892927
50.1,24.002711679606396,24.002622071559575,24.0,0.0,0.7521649456241741,1.1250000000000353,0.16891891891892927
50.2,24.002622071559575,24.002533383857195,24.0,0.0,0.7521084283208178,1.1250000000000353,0.16891891891892927
50.300000000000004,24.002533383857195,24.00244568855894,24.0,0.0,0.7520514483018764,1.1250000000000353,0.16891891891892927
50.400000000000006,24.00244568855894,24.002359054169343,24.0,0.0,0.7519941033980783,1.1250000000000353,0.16891891891892927
50.5,24.002359054169343,24.002273545629897,24.0,0.0,0.751936488597778,1.1250000000000353,0.16891891891892927
50.6,24.002273545629897,24.00218922431892,24.0,0.0,0.7518786959778933,1.1250000000000353,0.16891891891892927
50.7,24.00218922431892,24.002106148058814,24.0,0.0,0.7518208146435642,1.1250000000000353,0.16891891891892927
50.800000000000004,24.002106148058814,24.002024371130407,24.0,0.0,0.751762930676265,1.1250000000000353,0.16891891891892927
50.900000000000006,24.002024371130407,24.00194394429395,24.0,0.0,0.7517051270900903,1.1250000000000353,0.16891891891892927
51.0,24.00194394429395,24.001864914816494,24.0,0.0,0.751647483795932,1.1250000000000353,0.16891891891892927
51.1,24.001864914816494,24.001787326505273,24.0,0.0,0.7515900775732633,1.1250000000000353,0.16891891891892927
51.2,24.001787326505273,24.001711219746717,24.0,0.0,0.7515329820492421,1.1250000000000353,0.16891891891892927
51.300000000000004,24.001711219746717,24.001636631550845,24.0,0.0,0.7514762676848318,1.1250000000000353,0.16891891891892927
51.400000000000006,24.001636631550845,24.00156359560061,24.0,0.0,0.7514200017676994,1.1250000000000353,0.16891891891892927
51.5,24.00156359560061,24.001492142305967,24.0,0.0,0.7513642484115348,1.1250000000000353,0.16891891891892927
51.6,24.001492142305967,24.00142229886225,24.0,0.0,0.7513090685615793,1.1250000000000353,0.16891891891892927
51.7,24.00142229886225,24.00135408931263,24.0,0.0,0.7512545200060153,1.1250000000000353,0.16891891891892927
51.800000000000004,24.00135408931263,24.001287534614306,24.0,0.0,0.7512006573929767,1.1250000000000353,0.16891891891892927
51.900000000000006,24.001287534614306,24.001222652708122,24.0,0.0,0.751147532252873,1.1250000000000353,0.16891891891892927
52.0,24.001222652708122,24.001159458591353,24.0,0.0,0.7510951930257833,1.1250000000000353,0.16891891891892927
52.1,24.001159458591353,24.001097964393338,24.0,0.0,0.7510436850935956,1.1250000000000353,0.16891891891892927
52.2,24.001097964393338,24.001038179453726,24.0,0.0,0.7509930508166627,1.1250000000000353,0.16891891891892927
52.300000000000004,24.001038179453726,24.000980110403017,24.0,0.0,0.7509433295746957,1.1250000000000353,0.16891891891892927
52.400000000000006,24.000980110403017,24.00092376124516,24.0,0.0,0.7508945578116176,1.1250000000000353,0.16891891891892927
52.5,24.00092376124516,24.00086913344199,24.0,0.0,0.7508467690841175,1.1250000000000353,0.16891891891892927
52.6,24.00086913344199,24.000816225999166,24.0,0.0,0.7507999941136931,1.1250000000000353,0.16891891891892927
52.7,24.000816225999166,24.00076503555348,24.0,0.0,0.7507542608418523,1.1250000000000353,0.16891891891892927
52.800000000000004,24.00076503555348,24.000715556461238,24.0,0.0,0.7507095944883194,1.1250000000000353,0.16891891891892927
52.900000000000006,24.000715556461238,24.00066778088749,24.0,0.0,0.7506660176119309,1.1250000000000353,0.16891891891892927
53.0,24.00066778088749,24.000621698895962,24.0,0.0,0.7506235501740235,1.1250000000000353,0.16891891891892927
53.1,24.000621698895962,24.000577298539394,24.0,0.0,0.7505822096040949,1.1250000000000353,0.16891891891892927
53.2,24.000577298539394,24.000534565950165,24.0,0.0,0.7505420108674724,1.1250000000000353,0.16891891891892927
53.300000000000004,24.000534565950165,24.000493485430972,24.0,0.0,0.7505029665348292,1.1250000000000353,0.16891891891892927
53.400000000000006,24.000493485430972,24.000454039545396,24.0,0.0,0.7504650868532877,1.1250000000000353,0.16891891891892927
53.5,24.000454039545396,24.000416209208193,24.0,0.0,0.7504283798189295,1.1250000000000353,0.16891891891892927
53.6,24.000416209208193,24.00037997377513,24.0,0.0,0.750392851250526,1.1250000000000353,0.16891891891892927
53.7,24.00037997377513,24.000345311132218,24.0,0.0,0.7503585048642594,1.1250000000000353,0.16891891891892927
53.800000000000004,24.000345311132218,24.000312197784204,24.0,0.0,0.7503253423492994,1.1250000000000353,0.16891891891892927
53.900000000000006,24.000312197784204,24.000280608942166,24.0,0.0,0.7502933634440035,1.1250000000000353,0.16891891891892927
54.0,24.000280608942166,24.000250518610088,24.0,0.0,0.7502625660126256,1.1250000000000353,0.16891891891892927
54.1,24.000250518610088,24.00022189967029,24.0,0.0,0.7502329461223158,1.1250000000000353,0.16891891891892927
54.2,24.00022189967029,24.000194723967613,24.0,0.0,0.750204498120285,1.1250000000000353,0.16891891891892927
54.300000000000004,24.000194723967613,24.00016896239221,24.0,0.0,0.7501772147109835,1.1250000000000353,0.16891891891892927
54.400000000000006,24.00016896239221,24.000144584960882,24.0,0.0,0.7501510870331165,1.1250000000000353,0.16891891891892927
54.5,24.000144584960882,24.00012156089686,24.0,0.0,0.7501261047364022,1.1250000000000353,0.16891891891892927
54.6,24.00012156089686,24.000099858707916,24.0,0.0,0.750102256057907,1.1250000000000353,0.16891891891892927
54.7,24.000099858707916,24.00007944626275,24.0,0.0,0.7500795278978419,1.1250000000000353,0.16891891891892927
54.800000000000004,24.00007944626275,24.000060290865584,24.0,0.0,0.7500579058947106,1.1250000000000353,0.16891891891892927
54.900000000000006,24.000060290865584,24.000042359328877,24.0,0.0,0.750037374499683,1.1250000000000353,0.16891891891892927
55.0,24.000042359328877,24.000025618044116,24.0,0.0,0.7500179170500916,1.1250000000000353,0.16891891891892927
55.1,24.000025618044116,24.000010033050614,24.0,0.0,0.749999515841968,1.1250000000000353,0.16891891891892927
55.2,24.000010033050614,23.999995570102286,24.0,0.0,0.7499821522014846,1.1250000000000353,0.16891891891892927
55.300000000000004,23.999995570102286,23.99998219473235,24.0,0.0,0.7499658065552615,1.1250000000000353,0.16891891891892927
55.400000000000006,23.99998219473235,23.999969872315926,24.0,0.0,0.7499504584994281,1.1250000000000353,0.16891891891892927
55.5,23.999969872315926,23.999958568130477,24.0,0.0,0.7499360868673687,1.1250000000000353,0.16891891891892927
55.6,23.999958568130477,23.99994824741411,24.0,0.0,0.7499226697960777,1.1250000000000353,0.16891891891892927
55.7,23.99994824741411,23.99993887542168,24.0,0.0,0.749910184791079,1.1250000000000353,0.16891891891892927
55.800000000000004,23.99993887542168,23.999930417478698,24.0,0.0,0.7498986087898262,1.1250000000000353,0.16891891891892927
55.900000000000006,23.999930417478698,23.999922839033022,24.0,0.0,0.7498879182235435,1.1250000000000353,0.16891891891892927
56.0,23.999922839033022,23.999916105704358,24.0,0.0,0.7498780890774461,1.1250000000000353,0.16891891891892927
56.1,23.999916105704358,23.99991018333152,24.0,0.0,0.7498690969493264,1.1250000000000353,0.16891891891892927
56.2,23.99991018333152,23.999905038017495,24.0,0.0,0.7498609171064281,1.1250000000000353,0.16891891891892927
56.300000000000004,23.999905038017495,23.999900636172296,24.0,0.0,0.749853524540609,1.1250000000000353,0.16891891891892927
56.400000000000006,23.999900636172296,23.99989694455362,24.0,0.0,0.7498468940217241,1.1250000000000353,0.16891891891892927
56.5,23.99989694455362,23.99989393030534,24.0,0.0,0.7498410001492539,1.1250000000000353,0.16891891891892927
56.6,23.99989393030534,23.999891560993824,24.0,0.0,0.7498358174021253,1.1250000000000353,0.16891891891892927
56.7,23.999891560993824,23.999889804642113,24.0,0.0,0.7498313201866998,1.1250000000000353,0.16891891891892927
56.800000000000004,23.999889804642113,23.999888629762,24.0,0.0,0.7498274828829523,1.1250000000000353,0.16891891891892927
56.900000000000006,23.999888629762,23.999888005384012,24.0,0.0,0.7498242798888067,1.1250000000000353,0.16891891891892927
57.0,23.999888005384012,23.999887901085323,24.0,0.0,0.749821685662623,1.1250000000000353,0.16891891891892927
57.1,23.999887901085323,23.99988828701568,24.0,0.0,0.7498196747638501,1.1250000000000353,0.16891891891892927
57.2,23.99988828701568,23.999889133921293,24.0,0.0,0.7498182218918467,1.1250000000000353,0.16891891891892927
57.300000000000004,23.999889133921293,23.99989041316682,24.0,0.0,0.7498173019228465,1.1250000000000353,0.16891891891892927
57.400000000000006,23.99989041316682,23.999892096755406,24.0,0.0,0.7498168899451259,1.1250000000000353,0.16891891891892927
57.5,23.999892096755406,23.999894157346866,24.0,0.0,0.7498169612923425,1.1250000000000353,0.16891891891892927
57.6,23.999894157346866,23.999896568274036,24.0,0.0,0.7498174915750799,1.1250000000000353,0.16891891891892927
57.7,23.999896568274036,23.999899303557356,24.0,0.0,0.7498184567106129,1.1250000000000353,0.16891891891892927
57.800000000000004,23.999899303557356,23.999902337917693,24.0,0.0,0.7498198329509257,1.1250000000000353,0.16891891891892927
57.900000000000006,23.999902337917693,23.999905646787493,24.0,0.0,0.7498215969089678,1.1250000000000353,0.16891891891892927
58.0,23.999905646787493,23.999909206320286,24.0,0.0,0.7498237255832279,1.1250000000000353,0.16891891891892927
58.1,23.999909206320286,23.9999129933986,24.0,0.0,0.7498261963805978,1.1250000000000353,0.16891891891892927
58.2,23.9999129933986,23.999916985640333,24.0,0.0,0.7498289871375954,1.1250000000000353,0.16891891891892927
58.300000000000004,23.999916985640333,23.999921161403645,24.0,0.0,0.7498320761399567,1.1250000000000353,0.16891891891892927
58.400000000000006,23.999921161403645,23.999925499790393,24.0,0.0,0.7498354421406362,1.1250000000000353,0.16891891891892927
58.5,23.999925499790393,23.9999299806482,24.0,0.0,0.7498390643762417,1.1250000000000353,0.16891891891892927
58.6,23.9999299806482,23.999934584571182,24.0,0.0,0.7498429225819542,1.1250000000000353,0.16891891891892927
58.7,23.999934584571182,23.99993929289939,24.0,0.0,0.7498469970049567,1.1250000000000353,0.16891891891892927
58.800000000000004,23.99993929289939,23.999944087717047,24.0,0.0,0.7498512684164114,1.1250000000000353,0.16891891891892927
58.900000000000006,23.999944087717047,23.999948951849564,24.0,0.0,0.7498557181220351,1.1250000000000353,0.16891891891892927
59.0,23.999948951849564,23.999953868859492,24.0,0.0,0.7498603279712786,1.1250000000000353,0.16891891891892927
59.1,23.999953868859492,23.999958823041368,24.0,0.0,0.7498650803652094,1.1250000000000353,0.16891891891892927
59.2,23.999958823041368,23.99996379941555,24.0,0.0,0.7498699582630856,1.1250000000000353,0.16891891891892927
59.300000000000004,23.99996379941555,23.999968783721098,24.0,0.0,0.7498749451876814,1.1250000000000353,0.16891891891892927
59.400000000000006,23.999968783721098,23.999973762407738,24.0,0.0,0.7498800252294142,1.1250000000000353,0.16891891891892927
59.5,23.999973762407738,23.999978722626956,24.0,0.0,0.7498851830493121,1.1250000000000353,0.16891891891892927
59.6,23.999978722626956,23.99998365222231,24.0,0.0,0.7498904038808476,1.1250000000000353,0.16891891891892927
59.7,23.99998365222231,23.99998853971893,24.0,0.0,0.7498956735307256,1.1250000000000353,0.16891891891892927
59.800000000000004,23.99998853971893,23.99999337431238,24.0,0.0,0.749900978378597,1.1250000000000353,0.16891891891892927
59.900000000000006,23.99999337431238,23.99999814585677,24.0,0.0,0.7499063053758263,1.1250000000000353,0.16891891891892927
60.0,23.99999814585677,24.00333062879783,24.0,1.0,0.7499116420432819,1.1250000000000353,0.16891891891892927
60.1,24.00333062879783,24.006651956177418,24.0,1.0,0.7537169459735573,1.1250000000000353,0.16891891891892927
60.2,24.006651956177418,24.009962156600785,24.0,1.0,0.7575658034002125,1.1250000000000353,0.16891891891892927
60.300000000000004,24.009962156600785,24.013261259156067,24.0,1.0,0.7614580585488118,1.1250000000000353,0.16891891891892927
60.400000000000006,24.013261259156067,24.016549293400246,24.0,1.0,0.7653935566795185,1.1250000000000353,0.16891891891892927
60.5,24.016549293400246,24.019826289344717,24.0,1.0,0.7693721440792236,1.1250000000000353,0.16891891891892927
60.6,24.019826289344717,24.023092277440494,24.0,1.0,0.7733936680529824,1.1250000000000353,0.16891891891892927
60.7,24.023092277440494,24.026347288563123,24.0,1.0,0.7774579769147936,1.1250000000000353,0.16891891891892927
60.800000000000004,24.026347288563123,24.029591353997322,24.0,1.0,0.7815649199778044,1.1250000000000353,0.16891891891892927
60.900000000000006,24.029591353997322,24.032824505421377,24.0,1.0,0.7857143475439359,1.1250000000000353,0.16891891891892927
61.0,24.032824505421377,24.036046774891375,24.0,1.0,0.789906110892981,1.1250000000000353,0.16891891891892927
61.1,24.036046774891375,24.039258194825237,24.0,1.0,0.7941400622712448,1.1250000000000353,0.16891891891892927
61.2,24.039258194825237,24.04245879798668,24.0,1.0,0.7984160548796988,1.1250000000000353,0.16891891891892927
61.300000000000004,24.04245879798668,24.045648617469045,24.0,1.0,0.8027339428617721,1.1250000000000353,0.16891891891892927
61.400000000000006,24.045648617469045,24.048827686679097,24.0,1.0,0.8070935812907347,1.1250000000000353,0.16891891891892927
61.5,24.048827686679097,24.05199603932079,24.0,1.0,0.811494826156758,1.1250000000000353,0.16891891891892927
61.6,24.05199603932079,24.055153709379034,24.0,1.0,0.8159375343536776,1.1250000000000353,0.16891891891892927
61.7,24.055153709379034,24.058300731103504,24.0,1.0,0.820421563665469,1.1250000000000353,0.16891891891892927
61.800000000000004,24.058300731103504,24.0614371389925,24.0,1.0,0.8249467727525162,1.1250000000000353,0.16891891891892927
61.900000000000006,24.0614371389925,24.064562967776908,24.0,1.0,0.8295130211376442,1.1250000000000353,0.16891891891892927
62.0,24.064562967776908,24.067678252404264,24.0,1.0,0.8341201691920117,1.1250000000000353,0.16891891891892927
62.1,24.067678252404264,24.070681864202836,24.0,1.0,0.838768078120832,1.1250000000000353,0.16891891891892927
62.2,24.070681864202836,24.073573015302664,24.0,1.0,0.8433410918030577,1.1250000000000353,0.16891891891892927
62.300000000000004,24.073573015302664,24.076350924602714,24.0,1.0,0.8478364242110171,1.1250000000000353,0.16891891891892927
62.400000000000006,24.076350924602714,24.07901481772082,24.0,1.0,0.852251283737809,1.1250000000000353,0.16891891891892927
62.5,24.07901481772082,24.081563926943982,24.0,1.0,0.8565828732544779,1.1250000000000353,0.16891891891892927
62.6,24.081563926943982,24.083997491179066,24.0,1.0,0.8608283901667495,1.1250000000000353,0.16891891891892927
62.7,24.083997491179066,24.086314755903917,24.0,1.0,0.8649850264714055,1.1250000000000353,0.16891891891892927
62.800000000000004,24.086314755903917,24.0885149731189,24.0,1.0,0.8690499688122677,1.1250000000000353,0.16891891891892927
62.900000000000006,24.0885149731189,24.090597401298858,24.0,1.0,0.873020398535863,1.1250000000000353,0.16891891891892927
63.0,24.090597401298858,24.09256130534554,24.0,1.0,0.8768934917467415,1.1250000000000353,0.16891891891892927
63.1,24.09256130534554,24.094405956540488,24.0,1.0,0.880666419362529,1.1250000000000353,0.16891891891892927
63.2,24.094405956540488,24.096130632498376,24.0,1.0,0.8843363471686772,1.1250000000000353,0.16891891891892927
63.300000000000004,24.096130632498376,24.09773461712086,24.0,1.0,0.8879004358729633,1.1250000000000353,0.16891891891892927
63.400000000000006,24.09773461712086,24.099217200550893,24.0,1.0,0.8913558411597592,1.1250000000000353,0.16891891891892927
63.5,24.099217200550893,24.100577679127547,24.0,1.0,0.8946997137440678,1.1250000000000353,0.16891891891892927
63.6,24.100577679127547,24.101815355341337,24.0,1.0,0.8979291994253634,1.1250000000000353,0.16891891891892927
63.7,24.101815355341337,24.102929537790054,24.0,1.0,0.9010414391412382,1.1250000000000353,0.16891891891892927
63.800000000000004,24.102929537790054,24.10391954113511,24.0,1.0,0.904033569020877,1.1250000000000353,0.16891891891892927
63.900000000000006,24.10391954113511,24.10478468605839,24.0,1.0,0.9069027204383739,1.1250000000000353,0.16891891891892927
64.0,24.10478468605839,24.105524299219645,24.0,1.0,0.9096460200658899,1.1250000000000353,0.16891891891892927
64.10000000000001,24.105524299219645,24.10613771321439,24.0,1.0,0.9122605899266873,1.1250000000000353,0.16891891891892927
64.2,24.10613771321439,24.10662734188778,24.0,1.0,0.9147435474480463,1.1250000000000353,0.16891891891892927
64.3,24.10662734188778,24.106995665222595,24.0,1.0,0.917095517237497,1.1250000000000353,0.16891891891892927
64.4,24.106995665222595,24.10724522926769,24.0,1.0,0.919317240199005,1.1250000000000353,0.16891891891892927
64.5,24.10724522926769,24.107378646065147,24.0,1.0,0.9214095745684482,1.1250000000000353,0.16891891891892927
64.60000000000001,24.107378646065147,24.10739859357616,24.0,1.0,0.9233734969464176,1.1250000000000353,0.16891891891892927
64.7,24.10739859357616,24.107307815605672,24.0,1.0,0.9252101033283378,1.1250000000000353,0.16891891891892927
64.8,24.107307815605672,24.10710912172577,24.0,1.0,0.9269206101319047,1.1250000000000353,0.16891891891892927
64.9,24.10710912172577,24.106805387197845,24.0,1.0,0.9285063552218422,1.1250000000000353,0.16891891891892927
65.0,24.106805387197845,24.106399552893553,24.0,1.0,0.929968798931944,1.1250000000000353,0.16891891891892927
65.10000000000001,24.106399552893553,24.105894625214564,24.0,1.0,0.931309525084439,1.1250000000000353,0.16891891891892927
65.2,24.105894625214564,24.105293676011122,24.0,1.0,0.9325302420066333,1.1250000000000353,0.16891891891892927
65.3,24.105293676011122,24.104599842499432,24.0,1.0,0.9336327835448412,1.1250000000000353,0.16891891891892927
65.4,24.104599842499432,24.103816327177853,24.0,1.0,0.9346191100755995,1.1250000000000353,0.16891891891892927
65.5,24.103816327177853,24.102946397741967,24.0,1.0,0.9354913095141244,1.1250000000000353,0.16891891891892927
65.60000000000001,24.102946397741967,24.101993386998473,24.0,1.0,0.9362515983200694,1.1250000000000353,0.16891891891892927
65.7,24.101993386998473,24.100960692777942,24.0,1.0,0.9369023225005046,1.1250000000000353,0.16891891891892927
65.8,24.100960692777942,24.09985177784645,24.0,1.0,0.9374459586101437,1.1250000000000353,0.16891891891892927
65.9,24.09985177784645,24.09867016981607,24.0,1.0,0.93788511474881,1.1250000000000353,0.16891891891892927
66.0,24.09867016981607,24.09741946105426,24.0,1.0,0.9382225315561215,1.1250000000000353,0.16891891891892927
66.10000000000001,24.09741946105426,24.096103308592127,24.0,1.0,0.9384610832033773,1.1250000000000353,0.16891891891892927
66.2,24.096103308592127,24.094725434031616,24.0,1.0,0.9386037783826713,1.1250000000000353,0.16891891891892927
66.3,24.094725434031616,24.093289529961503,24.0,1.0,0.9386537612931711,1.1250000000000353,0.16891891891892927
66.4,24.093289529961503,24.09179925695788,24.0,1.0,0.9386142058690484,1.1250000000000353,0.16891891891892927
66.5,24.09179925695788,24.090258240567046,24.0,1.0,0.9384883118642623,1.1250000000000353,0.16891891891892927
66.60000000000001,24.090258240567046,24.08867006827094,24.0,1.0,0.938279300866584,1.1250000000000353,0.16891891891892927
66.7,24.08867006827094,24.08703828643525,24.0,1.0,0.9379904122407439,1.1250000000000353,0.16891891891892927
66.8,24.08703828643525,24.085366397240318,24.0,1.0,0.9376248990005113,1.1250000000000353,0.16891891891892927
66.9,24.085366397240318,24.083657855594993,24.0,1.0,0.9371860236095976,1.1250000000000353,0.16891891891892927
67.0,24.083657855594993,24.08191606603353,24.0,1.0,0.9366770537112253,1.1250000000000353,0.16891891891892927
67.10000000000001,24.08191606603353,24.08014437959568,24.0,1.0,0.9361012577862255,1.1250000000000353,0.16891891891892927
67.2,24.08014437959568,24.078346090690108,24.0,1.0,0.9354619007395188,1.1250000000000353,0.16891891891892927
67.3,24.078346090690108,24.076524433941245,24.0,1.0,0.9347622394148397,1.1250000000000353,0.16891891891892927
67.4,24.076524433941245,24.07468258101971,24.0,1.0,0.9340055180375926,1.1250000000000353,0.16891891891892927
67.5,24.07468258101971,24.07282363745645,24.0,1.0,0.9331949635856602,1.1250000000000353,0.16891891891892927
67.60000000000001,24.07282363745645,24.070950639440678,24.0,1.0,0.9323337810880815,1.1250000000000353,0.16891891891892927
67.7,24.070950639440678,24.069066550601786,24.0,1.0,0.9314251488514287,1.1250000000000353,0.16891891891892927
67.8,24.069066550601786,24.067174258775342,24.0,1.0,0.9304722136137861,1.1250000000000353,0.16891891891892927
67.9,24.067174258775342,24.065276572753277,24.0,1.0,0.9294780856261879,1.1250000000000353,0.16891891891892927
68.0,24.065276572753277,24.063376219018412,24.0,1.0,0.928445833661386,1.1250000000000353,0.16891891891892927
68.10000000000001,24.063376219018412,24.061475838463462,24.0,1.0,0.9273784799498392,1.1250000000000353,0.16891891891892927
68.2,24.061475838463462,24.0595779830946,24.0,1.0,0.9262789950428085,1.1250000000000353,0.16891891891892927
68.3,24.0595779830946,24.057685112719746,24.0,1.0,0.9251502926024081,1.1250000000000353,0.16891891891892927
68.4,24.057685112719746,24.05579959446378,24.0,1.0,0.9239952241185321,1.1250000000000353,0.16891891891892927
68.5,24.05579959446378,24.053923702389582,24.0,1.0,0.9228165767978662,1.1250000000000353,0.16891891891892927
68.60000000000001,24.053923702389582,24.05205961722645,24.0,1.0,0.9216170715655672,1.1250000000000353,0.16891891891892927
68.7,24.05205961722645,24.05020942620745,24.0,1.0,0.9203993611831672,1.1250000000000353,0.16891891891892927
68.8,24.05020942620745,24.048375123017156,24.0,1.0,0.9191660284862395,1.1250000000000353,0.16891891891892927
68.9,24.048375123017156,24.04655860785141,24.0,1.0,0.9179195847454226,1.1250000000000353,0.16891891891892927
69.0,24.04655860785141,24.044761687590523,24.0,1.0,0.916662468154421,1.1250000000000353,0.16891891891892927
69.10000000000001,24.044761687590523,24.042986076087512,24.0,1.0,0.9153970424486011,1.1250000000000353,0.16891891891892927
69.2,24.042986076087512,24.041233394572878,24.0,1.0,0.9141255956578415,1.1250000000000353,0.16891891891892927
69.3,24.041233394572878,24.039505172177435,24.0,1.0,0.9128503389973381,1.1250000000000353,0.16891891891892927
69.4,24.039505172177435,24.03780284657474,24.0,1.0,0.9115734059000572,1.1250000000000353,0.16891891891892927
69.5,24.03780284657474,24.03612776474459,24.0,1.0,0.9102968511945696,1.1250000000000353,0.16891891891892927
69.60000000000001,24.03612776474459,24.03448118385918,24.0,1.0,0.9090226504320158,1.1250000000000353,0.16891891891892927
69.7,24.03448118385918,24.032864272293363,24.0,1.0,0.9077526993659832,1.1250000000000353,0.16891891891892927
69.8,24.032864272293363,24.031278110760574,24.0,1.0,0.9064888135891224,1.1250000000000353,0.16891891891892927
69.9,24.031278110760574,24.029723693575924,24.0,1.0,0.9052327283302855,1.1250000000000353,0.16891891891892927
70.0,24.029723693575924,24.028201930047956,24.0,1.0,0.9039860984160664,1.1250000000000353,0.16891891891892927
70.10000000000001,24.028201930047956,24.026713646000587,24.0,1.0,0.9027504984006148,1.1250000000000353,0.16891891891892927
70.2,24.026713646000587,24.025259585426753,24.0,1.0,0.9015274228676049,1.1250000000000353,0.16891891891892927
70.3,24.025259585426753,24.023840412275234,24.0,1.0,0.9003182869083036,1.1250000000000353,0.16891891891892927
70.4,24.023840412275234,24.022456712372197,24.0,1.0,0.899124426779657,1.1250000000000353,0.16891891891892927
70.5,24.022456712372197,24.02110899539253,24.0,1.0,0.8979471007463783,1.1250000000000353,0.16891891891892927
70.60000000000001,24.02110899539253,24.01979769687783,24.0,1.0,0.8967874900123713,1.1250000000000353,0.16891891891892927
70.7,24.01979769687783,24.018523180297763,24.0,1.0,0.8956466997387021,1.1250000000000353,0.16891891891892927
70.8,24.018523180297763,24.017285739151493,24.0,1.0,0.8945257601452095,1.1250000000000353,0.16891891891892927
70.9,24.017285739151493,24.01608559910576,24.0,1.0,0.8934256276926749,1.1250000000000353,0.16891891891892927
71.0,24.01608559910576,24.01492292016608,24.0,1.0,0.8923471863423369,1.1250000000000353,0.16891891891892927
71.10000000000001,24.01492292016608,24.01379779887749,24.0,1.0,0.8912912488893513,1.1250000000000353,0.16891891891892927
71.2,24.01379779887749,24.012710270551203,24.0,1.0,0.8902585583666742,1.1250000000000353,0.16891891891892927
71.3,24.012710270551203,24.01166031151335,24.0,1.0,0.8892497895156682,1.1250000000000353,0.16891891891892927
71.4,24.01166031151335,24.010647841372013,24.0,1.0,0.8882655503195922,1.1250000000000353,0.16891891891892927
71.5,24.010647841372013,24.009672725298593,24.0,1.0,0.8873063835959263,1.1250000000000353,0.16891891891892927
71.60000000000001,24.009672725298593,24.008734776319514,24.0,1.0,0.8863727686433729,1.1250000000000353,0.16891891891892927
71.7,24.008734776319514,24.00783375761414,24.0,1.0,0.8854651229391983,1.1250000000000353,0.16891891891892927
71.8,24.00783375761414,24.006969384814727,24.0,1.0,0.8845838038823779,1.1250000000000353,0.16891891891892927
71.9,24.006969384814727,24.006141328304107,24.0,1.0,0.8837291105778821,1.1250000000000353,0.16891891891892927
72.0,24.006141328304107,24.005349215506765,24.0,1.0,0.8829012856572196,1.1250000000000353,0.16891891891892927
72.10000000000001,24.005349215506765,24.00459263316883,24.0,1.0,0.8821005171302567,1.1250000000000353,0.16891891891892927
72.2,24.00459263316883,24.003871129622432,24.0,1.0,0.8813269402630666,1.1250000000000353,0.16891891891892927
72.3,24.003871129622432,24.00318421702982,24.0,1.0,0.8805806394764506,1.1250000000000353,0.16891891891892927
72.4,24.00318421702982,24.00253137360246,24.0,1.0,0.879861650259589,1.1250000000000353,0.16891891891892927
72.5,24.00253137360246,24.001912045790352,24.0,1.0,0.8791699610930391,1.1250000000000353,0.16891891891892927
72.60000000000001,24.001912045790352,24.001325650439263,24.0,1.0,0.878505515375202,1.1250000000000353,0.16891891891892927
72.7,24.001325650439263,24.000771576913674,24.0,1.0,0.8778682133491333,1.1250000000000353,0.16891891891892927
72.8,24.000771576913674,24.000249189183332,24.0,1.0,0.8772579140266584,1.1250000000000353,0.16891891891892927
72.9,24.000249189183332,23.9997578278714,24.0,1.0,0.876674437106769,1.1250000000000353,0.16891891891892927
73.0,23.9997578278714,23.999296812262248,24.0,1.0,0.8761175648854282,1.1250000000000353,0.16891891891892927
73.10000000000001,23.999296812262248,23.998865442267068,24.0,1.0,0.8755870441538877,1.1250000000000353,0.16891891891892927
73.2,23.998865442267068,23.998463000345566,24.0,1.0,0.8750825880827402,1.1250000000000353,0.16891891891892927
73.3,23.998463000345566,23.998088753382127,24.0,1.0,0.8746038780890505,1.1250000000000353,0.16891891891892927
73.4,23.998088753382127,23.997741954514886,24.0,1.0,0.8741505656839338,1.1250000000000353,0.16891891891892927
73.5,23.997741954514886,23.99742184491634,24.0,1.0,0.8737222742980659,1.1250000000000353,0.16891891891892927
73.60000000000001,23.99742184491634,23.997127655524178,24.0,1.0,0.8733186010827463,1.1250000000000353,0.16891891891892927
73.7,23.997127655524178,23.996858608721176,24.0,1.0,0.8729391186842035,1.1250000000000353,0.16891891891892927
73.8,23.996858608721176,23.99661391996307,24.0,1.0,0.8725833769889545,1.1250000000000353,0.16891891891892927
73.9,23.99661391996307,23.99639279935354,24.0,1.0,0.8722509048381651,1.1250000000000353,0.16891891891892927
74.0,23.99639279935354,23.99619445316547,24.0,1.0,0.8719412117090903,1.1250000000000353,0.16891891891892927
74.10000000000001,23.99619445316547,23.996018085307842,24.0,1.0,0.8716537893617917,1.1250000000000353,0.16891891891892927
74.2,23.996018085307842,23.995862898737776,24.0,1.0,0.871388113449459,1.1250000000000353,0.16891891891892927
74.3,23.995862898737776,23.995728096817295,24.0,1.0,0.871143645090868,1.1250000000000353,0.16891891891892927
74.4,23.995728096817295,23.995612884614665,24.0,1.0,0.8709198324035917,1.1250000000000353,0.16891891891892927
74.5,23.995612884614665,23.995516470150182,24.0,1.0,0.8707161119968269,1.1250000000000353,0.16891891891892927
74.60000000000001,23.995516470150182,23.995438065586544,24.0,1.0,0.870531910422766,1.1250000000000353,0.16891891891892927
74.7,23.995438065586544,23.99537688836396,24.0,1.0,0.8703666455857433,1.1250000000000353,0.16891891891892927
74.8,23.99537688836396,23.995332162280256,24.0,1.0,0.8702197281083763,1.1250000000000353,0.16891891891892927
74.9,23.995332162280256,23.995303118516308,24.0,1.0,0.8700905626540782,1.1250000000000353,0.16891891891892927
75.0,23.995303118516308,23.995288996607233,24.0,1.0,0.8699785492053846,1.1250000000000353,0.16891891891892927
75.10000000000001,23.995288996607233,23.995289045359804,24.0,1.0,0.8698830842976621,1.1250000000000353,0.16891891891892927
75.2,23.995289045359804,23.995302523716656,24.0,1.0,0.8698035622078157,1.1250000000000353,0.16891891891892927
75.3,23.995302523716656,23.995328701567903,24.0,1.0,0.8697393760977312,1.1250000000000353,0.16891891891892927
75.4,23.995328701567903,23.995366860510867,24.0,1.0,0.869689919112274,1.1250000000000353,0.16891891891892927
75.5,23.995366860510867,23.995416294558698,24.0,1.0,0.8696545854317376,1.1250000000000353,0.16891891891892927
75.60000000000001,23.995416294558698,23.995476310798658,24.0,1.0,0.8696327712787689,1.1250000000000353,0.16891891891892927
75.7,23.995476310798658,23.995546230001008,24.0,1.0,0.8696238758797823,1.1250000000000353,0.16891891891892927
75.8,23.995546230001008,23.995625387179373,24.0,1.0,0.8696273023810913,1.1250000000000353,0.16891891891892927
75.9,23.995625387179373,23.99571313210364,24.0,1.0,0.869642458719918,1.1250000000000353,0.16891891891892927
76.0,23.99571313210364,23.995808829766336,24.0,1.0,0.869668758450656,1.1250000000000353,0.16891891891892927
76.10000000000001,23.995808829766336,23.995911860803673,24.0,1.0,0.8697056215267029,1.1250000000000353,0.16891891891892927
76.2,23.995911860803673,23.996021621872263,24.0,1.0,0.8697524750383641,1.1250000000000353,0.16891891891892927
76.3,23.996021621872263,23.996137525982764,24.0,1.0,0.8698087539072886,1.1250000000000353,0.16891891891892927
76.4,23.996137525982764,23.996259002791565,24.0,1.0,0.8698739015380681,1.1250000000000353,0.16891891891892927
76.5,23.996259002791565,23.996385498851783,24.0,1.0,0.8699473704275559,1.1250000000000353,0.16891891891892927
76.60000000000001,23.996385498851783,23.996516477824773,24.0,1.0,0.8700286227326629,1.1250000000000353,0.16891891891892927
76.7,23.996516477824773,23.99665142065341,24.0,1.0,0.8701171307972899,1.1250000000000353,0.16891891891892927
76.80000000000001,23.99665142065341,23.99678982569845,24.0,1.0,0.870212377639193,1.1250000000000353,0.16891891891892927
76.9,23.99678982569845,23.9969312088392,24.0,1.0,0.870313857397606,1.1250000000000353,0.16891891891892927
77.0,23.9969312088392,23.997075103539856,24.0,1.0,0.8704210757424232,1.1250000000000353,0.16891891891892927
77.10000000000001,23.997075103539856,23.997221060882737,24.0,1.0,0.8705335502458618,1.1250000000000353,0.16891891891892927
77.2,23.997221060882737,23.997368649569786,24.0,1.0,0.8706508107174592,1.1250000000000353,0.16891891891892927
77.30000000000001,23.997368649569786,23.997517455893625,24.0,1.0,0.870772399503393,1.1250000000000353,0.16891891891892927
77.4,23.997517455893625,23.997667083679467,24.0,1.0,0.8708978717510503,1.1250000000000353,0.16891891891892927
77.5,23.997667083679467,23.9978171541992,24.0,1.0,0.8710267956398426,1.1250000000000353,0.16891891891892927
77.60000000000001,23.9978171541992,23.997967306058975,24.0,1.0,0.8711587525792592,1.1250000000000353,0.16891891891892927
77.7,23.997967306058975,23.99811719506153,24.0,1.0,0.8712933373752041,1.1250000000000353,0.16891891891892927
77.80000000000001,23.99811719506153,23.998266494044614,24.0,1.0,0.8714301583656029,1.1250000000000353,0.16891891891892927
77.9,23.998266494044614,23.998414892696776,24.0,1.0,0.871568837526382,1.1250000000000353,0.16891891891892927
78.0,23.998414892696776,23.99856209735171,24.0,1.0,0.8717090105488604,1.1250000000000353,0.16891891891892927
78.10000000000001,23.99856209735171,23.998707830762534,24.0,1.0,0.8718503268895743,1.1250000000000353,0.16891891891892927
78.2,23.998707830762534,23.998851831857145,24.0,1.0,0.8719924497936874,1.1250000000000353,0.16891891891892927
78.30000000000001,23.998851831857145,23.99899385547589,24.0,1.0,0.8721350562929822,1.1250000000000353,0.16891891891892927
78.4,23.99899385547589,23.999133672092803,24.0,1.0,0.872277837179543,1.1250000000000353,0.16891891891892927
78.5,23.999133672092803,23.999271067521494,24.0,1.0,0.8724204969562174,1.1250000000000353,0.16891891891892927
78.60000000000001,23.999271067521494,23.99940584260695,24.0,1.0,0.8725627537648716,1.1250000000000353,0.16891891891892927
78.7,23.99940584260695,23.99953781290431,24.0,1.0,0.8727043392935598,1.1250000000000353,0.16891891891892927
78.80000000000001,23.99953781290431,23.999666808345744,24.0,1.0,0.872844998663636,1.1250000000000353,0.16891891891892927
78.9,23.999666808345744,23.99979267289653,24.0,1.0,0.8729844902978445,1.1250000000000353,0.16891891891892927
79.0,23.99979267289653,23.99991526420139,24.0,1.0,0.87312258577046,1.1250000000000353,0.16891891891892927
79.10000000000001,23.99991526420139,24.000034453222103,24.0,1.0,0.8732590696404804,1.1250000000000353,0.16891891891892927
79.2,24.000034453222103,24.000150123867385,24.0,1.0,0.8733937392688842,1.1250000000000353,0.16891891891892927
79.30000000000001,24.000150123867385,24.000262172616072,24.0,1.0,0.8735264046209653,1.1250000000000353,0.16891891891892927
79.4,24.000262172616072,24.000370508134484,24.0,1.0,0.8736568880547254,1.1250000000000353,0.16891891891892927
79.5,24.000370508134484,24.000475050888916,24.0,1.0,0.8737850240962919,1.1250000000000353,0.16891891891892927
79.60000000000001,24.000475050888916,24.00057573275417,24.0,1.0,0.8739106592032866,1.1250000000000353,0.16891891891892927
79.7,24.00057573275417,24.000672496618947,24.0,1.0,0.8740336515171412,1.1250000000000353,0.16891891891892927
79.80000000000001,24.000672496618947,24.000765295988927,24.0,1.0,0.8741538706051981,1.1250000000000353,0.16891891891892927
79.9,24.000765295988927,24.000854094588373,24.0,1.0,0.8742711971935363,1.1250000000000353,0.16891891891892927
80.0,24.000854094588373,24.000938865960997,24.0,1.0,0.8743855228913653,1.1250000000000353,0.16891891891892927
80.10000000000001,24.000938865960997,24.001019593070808,24.0,1.0,0.8744967499078812,1.1250000000000353,0.16891891891892927
80.2,24.001019593070808,24.00109626790369,24.0,1.0,0.8746047907623444,1.1250000000000353,0.16891891891892927
80.30000000000001,24.00109626790369,24.001168891070343,24.0,1.0,0.8747095679882514,1.1250000000000353,0.16891891891892927
80.4,24.001168891070343,24.00123747141125,24.0,1.0,0.8748110138323284,1.1250000000000353,0.16891891891892927
80.5,24.00123747141125,24.001302025604286,24.0,1.0,0.8749090699491485,1.1250000000000353,0.16891891891892927
80.60000000000001,24.001302025604286,24.001362577775524,24.0,1.0,0.8750036870920606,1.1250000000000353,0.16891891891892927
80.7,24.001362577775524,24.001419159113823,24.0,1.0,0.8750948248011817,1.1250000000000353,0.16891891891892927
80.80000000000001,24.001419159113823,24.001471807489704,24.0,1.0,0.8751824510890963,1.1250000000000353,0.16891891891892927
80.9,24.001471807489704,24.001520567078998,24.0,1.0,0.8752665421249644,1.1250000000000353,0.16891891891892927
81.0,24.001520567078998,24.00156548799174,24.0,1.0,0.8753470819176331,1.1250000000000353,0.16891891891892927
81.10000000000001,24.00156548799174,24.00160662590674,24.0,1.0,0.8754240619983829,1.1250000000000353,0.16891891891892927
81.2,24.00160662590674,24.001644041712225,24.0,1.0,0.8754974811038831,1.1250000000000353,0.16891891891892927
81.30000000000001,24.001644041712225,24.001677801152965,24.0,1.0,0.8755673448599245,1.1250000000000353,0.16891891891892927
81.4,24.001677801152965,24.001707974484173,24.0,1.0,0.8756336654664487,1.1250000000000353,0.16891891891892927
81.5,24.001707974484173,24.001734636132557,24.0,1.0,0.8756964613843983,1.1250000000000353,0.16891891891892927
81.60000000000001,24.001734636132557,24.001757864364798,24.0,1.0,0.8757557570248534,1.1250000000000353,0.16891891891892927
81.7,24.001757864364798,24.00177774096372,24.0,1.0,0.875811582440935,1.1250000000000353,0.16891891891892927
81.80000000000001,24.00177774096372,24.00179435091241,24.0,1.0,0.8758639730228946,1.1250000000000353,0.16891891891892927
81.9,24.00179435091241,24.00180778208648,24.0,1.0,0.8759129691967967,1.1250000000000353,0.16891891891892927
82.0,24.00180778208648,24.00181812495473,24.0,1.0,0.8759586161271962,1.1250000000000353,0.16891891891892927
82.10000000000001,24.00181812495473,24.001825472288314,24.0,1.0,0.8760009634241596,1.1250000000000353,0.16891891891892927
82.2,24.001825472288314,24.001829918878588,24.0,1.0,0.8760400648549856,1.1250000000000353,0.16891891891892927
82.30000000000001,24.001829918878588,24.00183156126381,24.0,1.0,0.8760759780609126,1.1250000000000353,0.16891891891892927
82.4,24.00183156126381,24.00183049746472,24.0,1.0,0.8761087642791486,1.1250000000000353,0.16891891891892927
82.5,24.00183049746472,24.00182682672915,24.0,1.0,0.8761384880704551,1.1250000000000353,0.16891891891892927
82.60000000000001,24.00182682672915,24.001820649285722,24.0,1.0,0.8761652170525532,1.1250000000000353,0.16891891891892927
82.7,24.001820649285722,24.001812066106652,24.0,1.0,0.8761890216396043,1.1250000000000353,0.16891891891892927
82.80000000000001,24.001812066106652,24.001801178679713,24.0,1.0,0.8762099747879244,1.1250000000000353,0.16891891891892927
82.9,24.001801178679713,24.001788088789386,24.0,1.0,0.876228151748154,1.1250000000000353,0.16891891891892927
83.0,24.001788088789386,24.001772898307152,24.0,1.0,0.8762436298240593,1.1250000000000353,0.16891891891892927
83.10000000000001,24.001772898307152,24.00175570899095,24.0,1.0,0.876256488138086,1.1250000000000353,0.16891891891892927
83.2,24.00175570899095,24.00173662229371,24.0,1.0,0.876266807403826,1.1250000000000353,0.16891891891892927
83.30000000000001,24.00173662229371,24.00171573918099,24.0,1.0,0.8762746697054739,1.1250000000000353,0.16891891891892927
83.4,24.00171573918099,24.00169315995756,24.0,1.0,0.8762801582844258,1.1250000000000353,0.16891891891892927
83.5,24.00169315995756,24.001668984102928,24.0,1.0,0.8762833573330263,1.1250000000000353,0.16891891891892927
83.60000000000001,24.001668984102928,24.00164331011567,24.0,1.0,0.8762843517955993,1.1250000000000353,0.16891891891892927
83.7,24.00164331011567,24.001616235366512,24.0,1.0,0.8762832271767549,1.1250000000000353,0.16891891891892927
83.80000000000001,24.001616235366512,24.00158785595997,24.0,1.0,0.876280069357034,1.1250000000000353,0.16891891891892927
83.9,24.00158785595997,24.001558266604512,24.0,1.0,0.8762749644158878,1.1250000000000353,0.16891891891892927
84.0,24.001558266604512,24.00152756049106,24.0,1.0,0.8762679984620213,1.1250000000000353,0.16891891891892927
84.10000000000001,24.00152756049106,24.001495829179678,24.0,1.0,0.8762592574710603,1.1250000000000353,0.16891891891892927
84.2,24.001495829179678,24.001463162494336,24.0,1.0,0.8762488271305484,1.1250000000000353,0.16891891891892927
84.30000000000001,24.001463162494336,24.001429648425542,24.0,1.0,0.8762367926922127,1.1250000000000353,0.16891891891892927
84.4,24.001429648425542,24.001395373040726,24.0,1.0,0.8762232388314681,1.1250000000000353,0.16891891891892927
84.5,24.001395373040726,24.00136042040214,24.0,1.0,0.8762082495141023,1.1250000000000353,0.16891891891892927
84.60000000000001,24.00136042040214,24.001324872492162,24.0,1.0,0.8761919078700534,1.1250000000000353,0.16891891891892927
84.7,24.001324872492162,24.00128880914577,24.0,1.0,0.876174296074237,1.1250000000000353,0.16891891891892927
84.80000000000001,24.00128880914577,24.001252307989997,24.0,1.0,0.8761554952343048,1.1250000000000353,0.16891891891892927
84.9,24.001252307989997,24.001215444390212,24.0,1.0,0.876135585285243,1.1250000000000353,0.16891891891892927
85.0,24.001215444390212,24.001178291402983,24.0,1.0,0.8761146448907248,1.1250000000000353,0.16891891891892927
85.10000000000001,24.001178291402983,24.00114091973534,24.0,1.0,0.8760927513510886,1.1250000000000353,0.16891891891892927
85.2,24.00114091973534,24.00110339771024,24.0,1.0,0.8760699805178187,1.1250000000000353,0.16891891891892927
85.30000000000001,24.00110339771024,24.001065791238,24.0,1.0,0.8760464067144129,1.1250000000000353,0.16891891891892927
85.4,24.001065791238,24.001028163793535,24.0,1.0,0.8760221026635142,1.1250000000000353,0.16891891891892927
85.5,24.001028163793535,24.000990576399136,24.0,1.0,0.8759971394201405,1.1250000000000353,0.16891891891892927
85.60000000000001,24.000990576399136,24.00095308761261,24.0,1.0,0.8759715863108868,1.1250000000000353,0.16891891891892927
85.7,24.00095308761261,24.000915753520577,24.0,1.0,0.875945510878962,1.1250000000000353,0.16891891891892927
85.80000000000001,24.000915753520577,24.000878627736668,24.0,1.0,0.8759189788348921,1.1250000000000353,0.16891891891892927
85.9,24.000878627736668,24.000841761404477,24.0,1.0,0.8758920540127361,1.1250000000000353,0.16891891891892927
86.0,24.000841761404477,24.00080520320499,24.0,1.0,0.8758647983316639,1.1250000000000353,0.16891891891892927
86.10000000000001,24.00080520320499,24.00076899936833,24.0,1.0,0.8758372717627314,1.1250000000000353,0.16891891891892927
86.2,24.00076899936833,24.000733193689573,24.0,1.0,0.8758095323006825,1.1250000000000353,0.16891891891892927
86.30000000000001,24.000733193689573,24.000697827548464,24.0,1.0,0.8757816359406219,1.1250000000000353,0.16891891891892927
86.4,24.000697827548464,24.00066293993279,24.0,1.0,0.8757536366593821,1.1250000000000353,0.16891891891892927
86.5,24.00066293993279,24.000628567465245,24.0,1.0,0.8757255864014257,1.1250000000000353,0.16891891891892927
86.60000000000001,24.000628567465245,24.00059474443353,24.0,1.0,0.8756975350691062,1.1250000000000353,0.16891891891892927
86.7,24.00059474443353,24.00056150282357,24.0,1.0,0.8756695305171024,1.1250000000000353,0.16891891891892927
86.80000000000001,24.00056150282357,24.00052887235557,24.0,1.0,0.8756416185508874,1.1250000000000353,0.16891891891892927
86.9,24.00052887235557,24.00049688052279,24.0,1.0,0.8756138429290438,1.1250000000000353,0.16891891891892927
87.0,24.00049688052279,24.000465552632786,24.0,1.0,0.8755862453692391,1.1250000000000353,0.16891891891892927
87.10000000000001,24.000465552632786,24.000434911850988,24.0,1.0,0.8755588655577287,1.1250000000000353,0.16891891891892927
87.2,24.000434911850988,24.000404979246397,24.0,1.0,0.8755317411621752,1.1250000000000353,0.16891891891892927
87.30000000000001,24.000404979246397,24.000375773839245,24.0,1.0,0.8755049078476596,1.1250000000000353,0.16891891891892927
87.4,24.000375773839245,24.000347312650423,24.0,1.0,0.8754783992956816,1.1250000000000353,0.16891891891892927
87.5,24.000347312650423,24.00031961075253,24.0,1.0,0.8754522472259998,1.1250000000000353,0.16891891891892927
87.60000000000001,24.00031961075253,24.00029268132238,24.0,1.0,0.8754264814211505,1.1250000000000353,0.16891891891892927
87.7,24.00029268132238,24.000266535694788,24.0,1.0,0.8754011297534895,1.1250000000000353,0.16891891891892927
87.80000000000001,24.000266535694788,24.00024118341748,24.0,1.0,0.8753762182145883,1.1250000000000353,0.16891891891892927
87.9,24.00024118341748,24.000216632306998,24.0,1.0,0.8753517709468304,1.1250000000000353,0.16891891891892927
88.0,24.000216632306998,24.000192888505453,24.0,1.0,0.8753278102770488,1.1250000000000353,0.16891891891892927
88.10000000000001,24.000192888505453,24.000169956537942,24.0,1.0,0.8753043567520915,1.1250000000000353,0.16891891891892927
88.2,24.000169956537942,24.000147839370555,24.0,1.0,0.8752814291761072,1.1250000000000353,0.16891891891892927
88.30000000000001,24.000147839370555,24.000126538468795,24.0,1.0,0.8752590446494622,1.1250000000000353,0.16891891891892927
88.4,24.000126538468795,24.000106053856303,24.0,1.0,0.8752372186091165,1.1250000000000353,0.16891891891892927
88.5,24.000106053856303,24.000086384173763,24.0,1.0,0.8752159648703388,1.1250000000000353,0.16891891891892927
88.60000000000001,24.000086384173763,24.000067526737862,24.0,1.0,0.8751952956696051,1.1250000000000353,0.16891891891892927
88.7,24.000067526737862,24.00004947760022,24.0,1.0,0.8751752217085724,1.1250000000000353,0.16891891891892927
88.80000000000001,24.00004947760022,24.000032231606156,24.0,1.0,0.8751557521990009,1.1250000000000353,0.16891891891892927
88.9,24.000032231606156,24.00001578245318,24.0,1.0,0.8751368949084837,1.1250000000000353,0.16891891891892927
89.0,24.00001578245318,24.00000012274916,24.0,1.0,0.8751186562068779,1.1250000000000353,0.16891891891892927
89.10000000000001,24.00000012274916,23.999985244070032,24.0,1.0,0.8751010411133222,1.1250000000000353,0.16891891891892927
89.2,23.999985244070032,23.999971137016956,24.0,1.0,0.8750840533437296,1.1250000000000353,0.16891891891892927
89.30000000000001,23.999971137016956,23.999957791272895,24.0,1.0,0.8750676953586299,1.1250000000000353,0.16891891891892927
89.4,23.999957791272895,23.999945195658455,24.0,1.0,0.8750519684113052,1.1250000000000353,0.16891891891892927
89.5,23.999945195658455,23.999933338187,24.0,1.0,0.8750368725960482,1.1250000000000353,0.16891891891892927
89.60000000000001,23.999933338187,23.9999222061189,24.0,1.0,0.8750224068965214,1.1250000000000353,0.16891891891892927
89.7,23.9999222061189,23.9999117860149,24.0,1.0,0.8750085692340803,1.1250000000000353,0.16891891891892927
89.80000000000001,23.9999117860149,23.999902063788507,24.0,1.0,0.8749953565159795,1.1250000000000353,0.16891891891892927
89.9,23.999902063788507,23.999893024757384,24.0,1.0,0.8749827646833928,1.1250000000000353,0.16891891891892927
90.0,23.999893024757384,23.999884653693663,24.0,1.0,0.8749707887591454,1.1250000000000353,0.16891891891892927
90.10000000000001,23.999884653693663,23.999876934873143,24.0,1.0,0.8749594228951221,1.1250000000000353,0.16891891891892927
90.2,23.999876934873143,23.999869852123343,24.0,1.0,0.8749486604192189,1.1250000000000353,0.16891891891892927
90.30000000000001,23.999869852123343,23.999863388870352,24.0,1.0,0.8749384938818315,1.1250000000000353,0.16891891891892927
90.4,23.999863388870352,23.999857528184446,24.0,1.0,0.8749289151017839,1.1250000000000353,0.16891891891892927
90.5,23.999857528184446,23.99985225282444,24.0,1.0,0.8749199152116333,1.1250000000000353,0.16891891891892927
90.60000000000001,23.99985225282444,23.999847545280765,24.0,1.0,0.874911484702309,1.1250000000000353,0.16891891891892927
90.7,23.999847545280765,23.999843387817222,24.0,1.0,0.87490361346704,1.1250000000000353,0.16891891891892927
90.80000000000001,23.999843387817222,23.999839762511392,24.0,1.0,0.8748962908444935,1.1250000000000353,0.16891891891892927
90.9,23.999839762511392,23.999836651293705,24.0,1.0,0.8748895056611005,1.1250000000000353,0.16891891891892927
91.0,23.999836651293705,23.999834035985145,24.0,1.0,0.8748832462725151,1.1250000000000353,0.16891891891892927
91.10000000000001,23.999834035985145,23.99983189833357,24.0,1.0,0.8748775006041883,1.1250000000000353,0.16891891891892927
91.2,23.99983189833357,23.999830220048654,24.0,1.0,0.8748722561909915,1.1250000000000353,0.16891891891892927
91.30000000000001,23.999830220048654,23.999828982835428,24.0,1.0,0.874867500215876,1.1250000000000353,0.16891891891892927
91.4,23.999828982835428,23.999828168426443,24.0,1.0,0.8748632195475411,1.1250000000000353,0.16891891891892927
91.5,23.999828168426443,23.99982775861253,24.0,1.0,0.8748594007770691,1.1250000000000353,0.16891891891892927
91.60000000000001,23.99982775861253,23.99982773527217,24.0,1.0,0.874856030253519,1.1250000000000353,0.16891891891892927
91.7,23.99982773527217,23.99982808039949,24.0,1.0,0.8748530941184558,1.1250000000000353,0.16891891891892927
91.80000000000001,23.99982808039949,23.99982877613087,24.0,1.0,0.8748505783393834,1.1250000000000353,0.16891891891892927
91.9,23.99982877613087,23.99982980477019,24.0,1.0,0.8748484687420993,1.1250000000000353,0.16891891891892927
92.0,23.99982980477019,23.99983114881273,24.0,1.0,0.8748467510419133,1.1250000000000353,0.16891891891892927
92.10000000000001,23.99983114881273,23.999832790967705,24.0,1.0,0.8748454108737711,1.1250000000000353,0.16891891891892927
92.2,23.999832790967705,23.9998347141795,24.0,1.0,0.8748444338212197,1.1250000000000353,0.16891891891892927
92.30000000000001,23.9998347141795,23.99983690164758,24.0,1.0,0.8748438054442771,1.1250000000000353,0.16891891891892927
92.4,23.99983690164758,23.999839336845124,24.0,1.0,0.8748435113061308,1.1250000000000353,0.16891891891892927
92.5,23.999839336845124,23.999842003536376,24.0,1.0,0.8748435369987247,1.1250000000000353,0.16891891891892927
92.60000000000001,23.999842003536376,23.999844885792765,24.0,1.0,0.8748438681672002,1.1250000000000353,0.16891891891892927
92.7,23.999844885792765,23.99984796800779,24.0,1.0,0.8748444905332184,1.1250000000000353,0.16891891891892927
92.80000000000001,23.99984796800779,23.999851234910714,24.0,1.0,0.8748453899171436,1.1250000000000353,0.16891891891892927
92.9,23.999851234910714,23.999854671579087,24.0,1.0,0.8748465522591298,1.1250000000000353,0.16891891891892927
93.0,23.999854671579087,23.99985826345011,24.0,1.0,0.8748479636390735,1.1250000000000353,0.16891891891892927
93.10000000000001,23.99985826345011,23.999861996330907,24.0,1.0,0.8748496102954983,1.1250000000000353,0.16891891891892927
93.2,23.999861996330907,23.999865856407677,24.0,1.0,0.8748514786433343,1.1250000000000353,0.16891891891892927
93.30000000000001,23.999865856407677,23.999869830253804,24.0,1.0,0.8748535552906413,1.1250000000000353,0.16891891891892927
93.4,23.999869830253804,23.999873904836946,24.0,1.0,0.8748558270542537,1.1250000000000353,0.16891891891892927
93.5,23.999873904836946,23.9998780675251,24.0,1.0,0.8748582809744261,1.1250000000000353,0.16891891891892927
93.60000000000001,23.9998780675251,23.99988230609172,24.0,1.0,0.8748609043284143,1.1250000000000353,0.16891891891892927
93.7,23.99988230609172,23.99988660871989,24.0,1.0,0.8748636846430883,1.1250000000000353,0.16891891891892927
93.80000000000001,23.99988660871989,23.999890964005598,24.0,1.0,0.8748666097065346,1.1250000000000353,0.16891891891892927
93.9,23.999890964005598,23.999895360960128,24.0,1.0,0.8748696675787254,1.1250000000000353,0.16891891891892927
94.0,23.999895360960128,23.999899789011625,24.0,1.0,0.8748728466012228,1.1250000000000353,0.16891891891892927
94.10000000000001,23.999899789011625,23.999904238005843,24.0,1.0,0.874876135405975,1.1250000000000353,0.16891891891892927
94.2,23.999904238005843,23.999908698206127,24.0,1.0,0.874879522923218,1.1250000000000353,0.16891891891892927
94.30000000000001,23.999908698206127,23.99991316029265,24.0,1.0,0.8748829983885056,1.1250000000000353,0.16891891891892927
94.4,23.99991316029265,23.99991761536094,24.0,1.0,0.8748865513488949,1.1250000000000353,0.16891891891892927
94.5,23.99991761536094,23.99992205491973,24.0,1.0,0.874890171668304,1.1250000000000353,0.16891891891892927
94.60000000000001,23.99992205491973,23.99992647088817,24.0,1.0,0.8748938495320732,1.1250000000000353,0.16891891891892927
94.7,23.99992647088817,23.999930855592424,24.0,1.0,0.874897575450761,1.1250000000000353,0.16891891891892927
94.80000000000001,23.999930855592424,23.999935201761687,24.0,1.0,0.8749013402631899,1.1250000000000353,0.16891891891892927
94.9,23.999935201761687,23.999939502523652,24.0,1.0,0.8749051351387741,1.1250000000000353,0.16891891891892927
95.0,23.999939502523652,23.99994375139947,24.0,1.0,0.8749089515791548,1.1250000000000353,0.16891891891892927
95.10000000000001,23.99994375139947,23.999947942298213,24.0,1.0,0.8749127814191712,1.1250000000000353,0.16891891891892927
95.2,23.999947942298213,23.999952069510886,24.0,1.0,0.874916616827186,1.1250000000000353,0.16891891891892927
95.30000000000001,23.999952069510886,23.99995612770402,24.0,1.0,0.8749204503048027,1.1250000000000353,0.16891891891892927
95.4,23.99995612770402,23.999960111912856,24.0,1.0,0.8749242746859982,1.1250000000000353,0.16891891891892927
95.5,23.999960111912856,23.999964017534175,24.0,1.0,0.8749280831356816,1.1250000000000353,0.16891891891892927
95.60000000000001,23.999964017534175,23.99996784031879,24.0,1.0,0.8749318691477436,1.1250000000000353,0.16891891891892927
95.7,23.99996784031879,23.99997157636371,24.0,1.0,0.8749356265425753,1.1250000000000353,0.16891891891892927
95.80000000000001,23.99997157636371,23.999975222104045,24.0,1.0,0.8749393494641194,1.1250000000000353,0.16891891891892927
95.9,23.999975222104045,23.99997877430464,24.0,1.0,0.874943032376457,1.1250000000000353,0.16891891891892927
96.0,23.99997877430464,23.999982230051483,24.0,1.0,0.8749466700599761,1.1250000000000353,0.16891891891892927
96.10000000000001,23.999982230051483,23.99998558674289,24.0,1.0,0.8749502576071245,1.1250000000000353,0.16891891891892927
96.2,23.99998558674289,23.99998884208055,24.0,1.0,0.8749537904177781,1.1250000000000353,0.16891891891892927
96.30000000000001,23.99998884208055,23.99999199406037,24.0,1.0,0.8749572641942764,1.1250000000000353,0.16891891891892927
96.4,23.99999199406037,23.999995040963206,24.0,1.0,0.8749606749361055,1.1250000000000353,0.16891891891892927
96.5,23.999995040963206,23.99999798134548,24.0,1.0,0.8749640189342834,1.1250000000000353,0.16891891891892927
96.60000000000001,23.99999798134548,24.00000081402971,24.0,1.0,0.8749672927654474,1.1250000000000353,0.16891891891892927
96.7,24.00000081402971,24.000003538094962,24.0,1.0,0.8749704932857093,1.1250000000000353,0.16891891891892927
96.80000000000001,24.000003538094962,24.00000615286725,24.0,1.0,0.874973617624234,1.1250000000000353,0.16891891891892927
96.9,24.00000615286725,24.000008657909934,24.0,1.0,0.8749766631766269,1.1250000000000353,0.16891891891892927
97.0,24.000008657909934,24.000011053014067,24.0,1.0,0.8749796275981245,1.1250000000000353,0.16891891891892927
97.10000000000001,24.000011053014067,24.00001333818877,24.0,1.0,0.8749825087965927,1.1250000000000353,0.16891891891892927
97.2,24.00001333818877,24.00001551365163,24.0,1.0,0.8749853049253751,1.1250000000000353,0.16891891891892927
97.30000000000001,24.00001551365163,24.000017579819136,24.0,1.0,0.8749880143760194,1.1250000000000353,0.16891891891892927
97.4,24.000017579819136,24.00001953729717,24.0,1.0,0.8749906357708694,1.1250000000000353,0.16891891891892927
97.5,24.00001953729717,24.00002138687156,24.0,1.0,0.8749931679555693,1.1250000000000353,0.16891891891892927
97.60000000000001,24.00002138687156,24.00002312949872,24.0,1.0,0.8749956099914789,1.1250000000000353,0.16891891891892927
97.7,24.00002312949872,24.000024766296413,24.0,1.0,0.8749979611480286,1.1250000000000353,0.16891891891892927
97.80000000000001,24.000024766296413,24.000026298534564,24.0,1.0,0.8750002208950327,1.1250000000000353,0.16891891891892927
97.9,24.000026298534564,24.000027727626268,24.0,1.0,0.8750023888949559,1.1250000000000353,0.16891891891892927
98.0,24.000027727626268,24.000029055118866,24.0,1.0,0.8750044649951878,1.1250000000000353,0.16891891891892927
98.10000000000001,24.000029055118866,24.0000302826852,24.0,1.0,0.8750064492202869,1.1250000000000353,0.16891891891892927
98.2,24.0000302826852,24.00003141211501,24.0,1.0,0.8750083417642561,1.1250000000000353,0.16891891891892927
98.30000000000001,24.00003141211501,24.000032445306505,24.0,1.0,0.8750101429828454,1.1250000000000353,0.16891891891892927
98.4,24.000032445306505,24.000033384258067,24.0,1.0,0.8750118533858872,1.1250000000000353,0.16891891891892927
98.5,24.000033384258067,24.000034231060173,24.0,1.0,0.8750134736296724,1.1250000000000353,0.16891891891892927
98.60000000000001,24.000034231060173,24.00003498788748,24.0,1.0,0.8750150045094092,1.1250000000000353,0.16891891891892927
98.7,24.00003498788748,24.000035656991113,24.0,1.0,0.875016446951744,1.1250000000000353,0.16891891891892927
98.80000000000001,24.000035656991113,24.000036240691124,24.0,1.0,0.8750178020073681,1.1250000000000353,0.16891891891892927
98.9,24.000036240691124,24.000036741369183,24.0,1.0,0.875019070843717,1.1250000000000353,0.16891891891892927
99.0,24.000036741369183,24.00003716146146,24.0,1.0,0.8750202547377696,1.1250000000000353,0.16891891891892927
99.10000000000001,24.00003716146146,24.00003750345171,24.0,1.0,0.8750213550689712,1.1250000000000353,0.16891891891892927
99.2,24.00003750345171,24.000037769864594,24.0,1.0,0.8750223733122556,1.1250000000000353,0.16891891891892927
99.30000000000001,24.000037769864594,24.00003796325918,24.0,1.0,0.8750233110312183,1.1250000000000353,0.16891891891892927
99.4,24.00003796325918,24.00003808622271,24.0,1.0,0.8750241698713992,1.1250000000000353,0.16891891891892927
99.5,24.00003808622271,24.00003814136453,24.0,1.0,0.8750249515537241,1.1250000000000353,0.16891891891892927
99.60000000000001,24.00003814136453,24.00003813131031,24.0,1.0,0.8750256578680798,1.1250000000000353,0.16891891891892927
99.7,24.00003813131031,24.00003805869642,24.0,1.0,0.8750262906670512,1.1250000000000353,0.16891891891892927
99.80000000000001,24.00003805869642,24.000037926164573,24.0,1.0,0.8750268518598103,1.1250000000000353,0.16891891891892927
99.9,24.000037926164573,24.00003773635668,24.0,1.0,0.8750273434061565,1.1250000000000353,0.16891891891892927
100.0,24.00003773635668,24.000037491909925,24.0,1.0,0.8750277673107354,1.1250000000000353,0.16891891891892927
100.10000000000001,24.000037491909925,24.000037195452055,24.0,1.0,0.8750281256174239,1.1250000000000353,0.16891891891892927
100.2,24.000037195452055,24.000036849596913,24.0,1.0,0.8750284204038754,1.1250000000000353,0.16891891891892927
100.30000000000001,24.000036849596913,24.000036456940173,24.0,1.0,0.8750286537762482,1.1250000000000353,0.16891891891892927
100.4,24.000036456940173,24.000036020055294,24.0,1.0,0.8750288278641067,1.1250000000000353,0.16891891891892927
100.5,24.000036020055294,24.000035541489705,24.0,1.0,0.8750289448154984,1.1250000000000353,0.16891891891892927
100.60000000000001,24.000035541489705,24.000035023761182,24.0,1.0,0.8750290067922126,1.1250000000000353,0.16891891891892927
100.7,24.000035023761182,24.000034469354457,24.0,1.0,0.8750290159652117,1.1250000000000353,0.16891891891892927
100.80000000000001,24.000034469354457,24.000033880718018,24.0,1.0,0.8750289745102551,1.1250000000000353,0.16891891891892927
100.9,24.000033880718018,24.000033260261127,24.0,1.0,0.875028884603687,1.1250000000000353,0.16891891891892927
101.0,24.000033260261127,24.000032610351035,24.0,1.0,0.8750287484184196,1.1250000000000353,0.16891891891892927
101.10000000000001,24.000032610351035,24.000031933310385,24.0,1.0,0.8750285681200903,1.1250000000000353,0.16891891891892927
101.2,24.000031933310385,24.000031231414834,24.0,1.0,0.8750283458633866,1.1250000000000353,0.16891891891892927
101.30000000000001,24.000031231414834,24.00003050689083,24.0,1.0,0.8750280837885742,1.1250000000000353,0.16891891891892927
101.4,24.00003050689083,24.00002976191361,24.0,1.0,0.8750277840181722,1.1250000000000353,0.16891891891892927
101.5,24.00002976191361,24.00002899860535,24.0,1.0,0.8750274486538254,1.1250000000000353,0.16891891891892927
101.60000000000001,24.00002899860535,24.000028219033528,24.0,1.0,0.8750270797733424,1.1250000000000353,0.16891891891892927
101.7,24.000028219033528,24.000027425209403,24.0,1.0,0.875026679427904,1.1250000000000353,0.16891891891892927
101.80000000000001,24.000027425209403,24.00002661908673,24.0,1.0,0.8750262496394361,1.1250000000000353,0.16891891891892927
101.9,24.00002661908673,24.000025802560575,24.0,1.0,0.8750257923981627,1.1250000000000353,0.16891891891892927
102.0,24.000025802560575,24.000024977466342,24.0,1.0,0.8750253096603039,1.1250000000000353,0.16891891891892927
102.10000000000001,24.000024977466342,24.000024145578905,24.0,1.0,0.875024803345953,1.1250000000000353,0.16891891891892927
102.2,24.000024145578905,24.000023308611926,24.0,1.0,0.8750242753370947,1.1250000000000353,0.16891891891892927
102.30000000000001,24.000023308611926,24.00002246821729,24.0,1.0,0.8750237274757958,1.1250000000000353,0.16891891891892927
102.4,24.00002246821729,24.00002162598469,24.0,1.0,0.8750231615625261,1.1250000000000353,0.16891891891892927
102.5,24.00002162598469,24.000020783441347,24.0,1.0,0.8750225793546484,1.1250000000000353,0.16891891891892927
102.60000000000001,24.000020783441347,24.000019942051846,24.0,1.0,0.8750219825650314,1.1250000000000353,0.16891891891892927
102.7,24.000019942051846,24.0000191032181,24.0,1.0,0.8750213728608275,1.1250000000000353,0.16891891891892927
102.80000000000001,24.0000191032181,24.000018268279437,24.0,1.0,0.8750207518623586,1.1250000000000353,0.16891891891892927
102.9,24.000018268279437,24.000017438512785,24.0,1.0,0.8750201211421629,1.1250000000000353,0.16891891891892927
103.0,24.000017438512785,24.00001661513298,24.0,1.0,0.8750194822241523,1.1250000000000353,0.16891891891892927
103.10000000000001,24.00001661513298,24.00001579929316,24.0,1.0,0.8750188365829035,1.1250000000000353,0.16891891891892927
103.2,24.00001579929316,24.00001499208525,24.0,1.0,0.8750181856430553,1.1250000000000353,0.16891891891892927
103.30000000000001,24.00001499208525,24.000014194540586,24.0,1.0,0.8750175307788426,1.1250000000000353,0.16891891891892927
103.4,24.000014194540586,24.000013407630544,24.0,1.0,0.8750168733137396,1.1250000000000353,0.16891891891892927
103.5,24.000013407630544,24.000012632267328,24.0,1.0,0.875016214520187,1.1250000000000353,0.16891891891892927
103.60000000000001,24.000012632267328,24.000011869304792,24.0,1.0,0.8750155556194636,1.1250000000000353,0.16891891891892927
103.7,24.000011869304792,24.000011119539337,24.0,1.0,0.8750148977816242,1.1250000000000353,0.16891891891892927
103.80000000000001,24.000011119539337,24.000010383710883,24.0,1.0,0.8750142421255437,1.1250000000000353,0.16891891891892927
103.9,24.000010383710883,24.00000966250391,24.0,1.0,0.8750135897190544,1.1250000000000353,0.16891891891892927
104.0,24.00000966250391,24.000008956548534,24.0,1.0,0.875012941579181,1.1250000000000353,0.16891891891892927
104.10000000000001,24.000008956548534,24.000008266421663,24.0,1.0,0.8750122986724326,1.1250000000000353,0.16891891891892927
104.2,24.000008266421663,24.00000759264818,24.0,1.0,0.8750116619152035,1.1250000000000353,0.16891891891892927
104.30000000000001,24.00000759264818,24.000006935702185,24.0,1.0,0.8750110321742292,1.1250000000000353,0.16891891891892927
104.4,24.000006935702185,24.00000629600826,24.0,1.0,0.8750104102671149,1.1250000000000353,0.16891891891892927
104.5,24.00000629600826,24.00000567394279,24.0,1.0,0.8750097969629387,1.1250000000000353,0.16891891891892927
104.60000000000001,24.00000567394279,24.000005069835318,24.0,1.0,0.8750091929829159,1.1250000000000353,0.16891891891892927
104.7,24.000005069835318,24.000004483969896,24.0,1.0,0.8750085990011185,1.1250000000000353,0.16891891891892927
104.80000000000001,24.000004483969896,24.000003916586497,24.0,1.0,0.8750080156452535,1.1250000000000353,0.16891891891892927
104.9,24.000003916586497,24.00000336788243,24.0,1.0,0.8750074434974855,1.1250000000000353,0.16891891891892927
105.0,24.00000336788243,24.000002838013785,24.0,1.0,0.8750068830953179,1.1250000000000353,0.16891891891892927
105.10000000000001,24.000002838013785,24.000002327096862,24.0,1.0,0.8750063349325123,1.1250000000000353,0.16891891891892927
105.2,24.000002327096862,24.00000183520966,24.0,1.0,0.8750057994600426,1.1250000000000353,0.16891891891892927
105.30000000000001,24.00000183520966,24.000001362393323,24.0,1.0,0.8750052770871024,1.1250000000000353,0.16891891891892927
105.4,24.000001362393323,24.000000908653632,24.0,1.0,0.8750047681821258,1.1250000000000353,0.16891891891892927
105.5,24.000000908653632,24.00000047396247,24.0,1.0,0.8750042730738522,1.1250000000000353,0.16891891891892927
105.60000000000001,24.00000047396247,24.0000000582593,24.0,1.0,0.8750037920524165,1.1250000000000353,0.16891891891892927
105.7,24.0000000582593,23.999999661452637,24.0,1.0,0.8750033253704604,1.1250000000000353,0.16891891891892927
105.80000000000001,23.999999661452637,23.999999283421516,24.0,1.0,0.8750028732442601,1.1250000000000353,0.16891891891892927
105.9,23.999999283421516,23.999998924016943,24.0,1.0,0.8750024358548826,1.1250000000000353,0.16891891891892927
106.0,23.999998924016943,23.999998583063345,24.0,1.0,0.8750020133493477,1.1250000000000353,0.16891891891892927
106.10000000000001,23.999998583063345,23.999998260360005,24.0,1.0,0.8750016058418094,1.1250000000000353,0.16891891891892927
106.2,23.999998260360005,23.999997955682478,24.0,1.0,0.8750012134147417,1.1250000000000353,0.16891891891892927
106.30000000000001,23.999997955682478,23.999997668783987,24.0,1.0,0.8750008361201325,1.1250000000000353,0.16891891891892927
106.4,23.999997668783987,23.99999739939681,24.0,1.0,0.8750004739806815,1.1250000000000353,0.16891891891892927
106.5,23.99999739939681,23.99999714723365,24.0,1.0,0.8750001269910009,1.1250000000000353,0.16891891891892927
106.60000000000001,23.99999714723365,23.99999691198895,24.0,1.0,0.8749997951188235,1.1250000000000353,0.16891891891892927
106.7,23.99999691198895,23.999996693340243,24.0,1.0,0.8749994783061891,1.1250000000000353,0.16891891891892927
106.80000000000001,23.999996693340243,23.999996490949407,24.0,1.0,0.8749991764706534,1.1250000000000353,0.16891891891892927
106.9,23.999996490949407,23.99999630446396,24.0,1.0,0.874998889506459,1.1250000000000353,0.16891891891892927
107.0,23.99999630446396,23.999996133518273,24.0,1.0,0.8749986172857352,1.1250000000000353,0.16891891891892927
107.10000000000001,23.999996133518273,23.999995977734795,24.0,1.0,0.8749983596596471,1.1250000000000353,0.16891891891892927
107.2,23.999995977734795,23.999995836725223,24.0,1.0,0.8749981164595647,1.1250000000000353,0.16891891891892927
107.30000000000001,23.999995836725223,23.999995710091657,24.0,1.0,0.8749978874982087,1.1250000000000353,0.16891891891892927
107.4,23.999995710091657,23.999995597427706,24.0,1.0,0.8749976725707792,1.1250000000000353,0.16891891891892927
107.5,23.999995597427706,23.99999549831958,24.0,1.0,0.874997471456059,1.1250000000000353,0.16891891891892927
107.60000000000001,23.99999549831958,23.99999541234715,24.0,1.0,0.8749972839175201,1.1250000000000353,0.16891891891892927
107.7,23.99999541234715,23.999995339084954,24.0,1.0,0.8749971097043993,1.1250000000000353,0.16891891891892927
107.80000000000001,23.999995339084954,23.999995278103185,24.0,1.0,0.8749969485527553,1.1250000000000353,0.16891891891892927
107.9,23.999995278103185,23.999995228968647,24.0,1.0,0.8749968001864947,1.1250000000000353,0.16891891891892927
108.0,23.999995228968647,23.999995191245674,24.0,1.0,0.8749966643183934,1.1250000000000353,0.16891891891892927
108.10000000000001,23.999995191245674,23.99999516449701,24.0,1.0,0.8749965406510903,1.1250000000000353,0.16891891891892927
108.2,23.99999516449701,23.999995148284665,24.0,1.0,0.874996428878052,1.1250000000000353,0.16891891891892927
108.30000000000001,23.999995148284665,23.999995142170707,24.0,1.0,0.8749963286845106,1.1250000000000353,0.16891891891892927
108.4,23.999995142170707,23.99999514571807,24.0,1.0,0.8749962397483814,1.1250000000000353,0.16891891891892927
108.5,23.99999514571807,23.999995158491284,24.0,1.0,0.8749961617411595,1.1250000000000353,0.16891891891892927
108.60000000000001,23.999995158491284,23.99999518005718,24.0,1.0,0.8749960943287829,1.1250000000000353,0.16891891891892927
108.7,23.99999518005718,23.99999520998558,24.0,1.0,0.8749960371724625,1.1250000000000353,0.16891891891892927
108.80000000000001,23.99999520998558,23.999995247849935,24.0,1.0,0.874995989929508,1.1250000000000353,0.16891891891892927
108.9,23.999995247849935,23.999995293227922,24.0,1.0,0.8749959522541004,1.1250000000000353,0.16891891891892927
109.0,23.999995293227922,23.999995345702036,24.0,1.0,0.8749959237980514,1.1250000000000353,0.16891891891892927
109.10000000000001,23.999995345702036,23.99999540486012,24.0,1.0,0.8749959042115315,1.1250000000000353,0.16891891891892927
109.2,23.99999540486012,23.999995470295875,24.0,1.0,0.8749958931437687,1.1250000000000353,0.16891891891892927
109.30000000000001,23.999995470295875,23.999995541609348,24.0,1.0,0.8749958902437223,1.1250000000000353,0.16891891891892927
109.4,23.999995541609348,23.99999561840736,24.0,1.0,0.8749958951607258,1.1250000000000353,0.16891891891892927
109.5,23.99999561840736,23.999995700303938,24.0,1.0,0.8749959075451016,1.1250000000000353,0.16891891891892927
109.60000000000001,23.999995700303938,23.99999578692068,24.0,1.0,0.8749959270487493,1.1250000000000353,0.16891891891892927
109.7,23.99999578692068,23.999995877887134,24.0,1.0,0.8749959533257059,1.1250000000000353,0.16891891891892927
109.80000000000001,23.999995877887134,23.99999597284109,24.0,1.0,0.8749959860326797,1.1250000000000353,0.16891891891892927
109.9,23.99999597284109,23.99999607142891,24.0,1.0,0.8749960248295491,1.1250000000000353,0.16891891891892927
110.0,23.99999607142891,23.999996173305767,24.0,1.0,0.8749960693798471,1.1250000000000353,0.16891891891892927
110.10000000000001,23.999996173305767,23.999996278135907,24.0,1.0,0.8749961193512061,1.1250000000000353,0.16891891891892927
110.2,23.999996278135907,23.999996385592844,24.0,1.0,0.8749961744157869,1.1250000000000353,0.16891891891892927
110.30000000000001,23.999996385592844,23.999996495359568,24.0,1.0,0.8749962342506667,1.1250000000000353,0.16891891891892927
110.4,23.999996495359568,23.999996607128693,24.0,1.0,0.8749962985382236,1.1250000000000353,0.16891891891892927
110.5,23.999996607128693,23.999996720602606,24.0,1.0,0.8749963669664744,1.1250000000000353,0.16891891891892927
110.60000000000001,23.999996720602606,23.999996835493572,24.0,1.0,0.8749964392294002,1.1250000000000353,0.16891891891892927
110.7,23.999996835493572,23.999996951523837,24.0,1.0,0.8749965150272365,1.1250000000000353,0.16891891891892927
110.80000000000001,23.999996951523837,23.999997068425692,24.0,1.0,0.8749965940667543,1.1250000000000353,0.16891891891892927
110.9,23.999997068425692,23.999997185941528,24.0,1.0,0.8749966760615053,1.1250000000000353,0.16891891891892927
111.0,23.999997185941528,23.99999730382386,24.0,1.0,0.8749967607320486,1.1250000000000353,0.16891891891892927
111.10000000000001,23.99999730382386,23.999997421835346,24.0,1.0,0.8749968478061576,1.1250000000000353,0.16891891891892927
111.2,23.999997421835346,23.99999753974876,24.0,1.0,0.8749969370189996,1.1250000000000353,0.16891891891892927
111.30000000000001,23.99999753974876,23.999997657346995,24.0,1.0,0.8749970281132946,1.1250000000000353,0.16891891891892927
111.4,23.999997657346995,23.999997774422983,24.0,1.0,0.8749971208394659,1.1250000000000353,0.16891891891892927
111.5,23.999997774422983,23.999997890779667,24.0,1.0,0.874997214955746,1.1250000000000353,0.16891891891892927
111.60000000000001,23.999997890779667,23.999998006229912,24.0,1.0,0.874997310228294,1.1250000000000353,0.16891891891892927
111.7,23.999998006229912,23.99999812059641,24.0,1.0,0.8749974064312708,1.1250000000000353,0.16891891891892927
111.80000000000001,23.99999812059641,23.999998233711587,24.0,1.0,0.8749975033468973,1.1250000000000353,0.16891891891892927
111.9,23.999998233711587,23.99999834541748,24.0,1.0,0.8749976007655192,1.1250000000000353,0.16891891891892927
112.0,23.99999834541748,23.99999845556561,24.0,1.0,0.8749976984856213,1.1250000000000353,0.16891891891892927
112.10000000000001,23.99999845556561,23.99999856401684,24.0,1.0,0.8749977963138474,1.1250000000000353,0.16891891891892927
112.2,23.99999856401684,23.999998670641222,24.0,1.0,0.8749978940650072,1.1250000000000353,0.16891891891892927
112.30000000000001,23.999998670641222,23.99999877531784,24.0,1.0,0.8749979915620544,1.1250000000000353,0.16891891891892927
112.4,23.99999877531784,23.99999887793464,24.0,1.0,0.8749980886360526,1.1250000000000353,0.16891891891892927
112.5,23.99999887793464,23.999998978388238,24.0,1.0,0.8749981851261442,1.1250000000000353,0.16891891891892927
112.60000000000001,23.999998978388238,23.999999076583745,24.0,1.0,0.874998280879486,1.1250000000000353,0.16891891891892927
112.7,23.999999076583745,23.999999172434567,24.0,1.0,0.8749983757511836,1.1250000000000353,0.16891891891892927
112.80000000000001,23.999999172434567,23.999999265862204,24.0,1.0,0.8749984696042129,1.1250000000000353,0.16891891891892927
112.9,23.999999265862204,23.99999935679605,24.0,1.0,0.8749985623093285,1.1250000000000353,0.16891891891892927
113.0,23.99999935679605,23.999999445173163,24.0,1.0,0.8749986537449729,1.1250000000000353,0.16891891891892927
113.10000000000001,23.999999445173163,23.999999530938066,24.0,1.0,0.8749987437971508,1.1250000000000353,0.16891891891892927
113.2,23.999999530938066,23.999999614042515,24.0,1.0,0.8749988323593229,1.1250000000000353,0.16891891891892927
113.30000000000001,23.999999614042515,23.999999694445272,24.0,1.0,0.8749989193322765,1.1250000000000353,0.16891891891892927
113.4,23.999999694445272,23.999999772111885,24.0,1.0,0.8749990046239801,1.1250000000000353,0.16891891891892927
113.5,23.999999772111885,23.99999984701445,24.0,1.0,0.8749990881494579,1.1250000000000353,0.16891891891892927
113.60000000000001,23.99999984701445,23.999999919131387,24.0,1.0,0.8749991698306292,1.1250000000000353,0.16891891891892927
113.7,23.999999919131387,23.99999998844719,24.0,1.0,0.8749992495961588,1.1250000000000353,0.16891891891892927
113.80000000000001,23.99999998844719,24.000000054952213,24.0,1.0,0.8749993273812883,1.1250000000000353,0.16891891891892927
113.9,24.000000054952213,24.000000118642415,24.0,1.0,0.8749994031276868,1.1250000000000353,0.16891891891892927
114.0,24.000000118642415,24.00000017951914,24.0,1.0,0.8749994767832584,1.1250000000000353,0.16891891891892927
114.10000000000001,24.00000017951914,24.00000023758887,24.0,1.0,0.8749995483019929,1.1250000000000353,0.16891891891892927
114.2,24.00000023758887,24.000000292863,24.0,1.0,0.8749996176437651,1.1250000000000353,0.16891891891892927
114.30000000000001,24.000000292863,24.000000345357595,24.0,1.0,0.8749996847741697,1.1250000000000353,0.16891891891892927
114.4,24.000000345357595,24.00000039509317,24.0,1.0,0.8749997496643326,1.1250000000000353,0.16891891891892927
114.5,24.00000039509317,24.00000044209445,24.0,1.0,0.8749998122907263,1.1250000000000353,0.16891891891892927
114.60000000000001,24.00000044209445,24.00000048639015,24.0,1.0,0.8749998726349772,1.1250000000000353,0.16891891891892927
114.7,24.00000048639015,24.00000052801274,24.0,1.0,0.8749999306836891,1.1250000000000353,0.16891891891892927
114.80000000000001,24.00000052801274,24.000000566998242,24.0,1.0,0.8749999864282387,1.1250000000000353,0.16891891891892927
114.9,24.000000566998242,24.000000603385985,24.0,1.0,0.8750000398646004,1.1250000000000353,0.16891891891892927
115.0,24.000000603385985,24.000000637218413,24.0,1.0,0.8750000909931417,1.1250000000000353,0.16891891891892927
115.10000000000001,24.000000637218413,24.00000066854086,24.0,1.0,0.8750001398184482,1.1250000000000353,0.16891891891892927
115.2,24.00000066854086,24.000000697401347,24.0,1.0,0.8750001863491208,1.1250000000000353,0.16891891891892927
115.30000000000001,24.000000697401347,24.000000723850377,24.0,1.0,0.8750002305975972,1.1250000000000353,0.16891891891892927
115.4,24.000000723850377,24.00000074794073,24.0,1.0,0.8750002725799579,1.1250000000000353,0.16891891891892927
115.5,24.00000074794073,24.00000076972728,24.0,1.0,0.8750003123157408,1.1250000000000353,0.16891891891892927
115.60000000000001,24.00000076972728,24.00000078926679,24.0,1.0,0.875000349827757,1.1250000000000353,0.16891891891892927
115.7,24.00000078926679,24.000000806617734,24.0,1.0,0.8750003851419145,1.1250000000000353,0.16891891891892927
115.80000000000001,24.000000806617734,24.00000082184012,24.0,1.0,0.8750004182870278,1.1250000000000353,0.16891891891892927
115.9,24.00000082184012,24.000000834995312,24.0,1.0,0.8750004492946476,1.1250000000000353,0.16891891891892927
116.0,24.000000834995312,24.000000846145845,24.0,1.0,0.8750004781988877,1.1250000000000353,0.16891891891892927
116.10000000000001,24.000000846145845,24.00000085535528,24.0,1.0,0.8750005050362414,1.1250000000000353,0.16891891891892927
116.2,24.00000085535528,24.000000862688037,24.0,1.0,0.8750005298454266,1.1250000000000353,0.16891891891892927
116.30000000000001,24.000000862688037,24.000000868209224,24.0,1.0,0.8750005526672089,1.1250000000000353,0.16891891891892927
116.4,24.000000868209224,24.000000871984515,24.0,1.0,0.8750005735442407,1.1250000000000353,0.16891891891892927
116.5,24.000000871984515,24.000000874079987,24.0,1.0,0.8750005925209114,1.1250000000000353,0.16891891891892927
116.60000000000001,24.000000874079987,24.000000874561984,24.0,1.0,0.8750006096431824,1.1250000000000353,0.16891891891892927
116.7,24.000000874561984,24.000000873496987,24.0,1.0,0.8750006249584351,1.1250000000000353,0.16891891891892927
116.80000000000001,24.000000873496987,24.00000087095149,24.0,1.0,0.8750006385153302,1.1250000000000353,0.16891891891892927
116.9,24.00000087095149,24.000000866991865,24.0,1.0,0.8750006503636633,1.1250000000000353,0.16891891891892927
117.0,24.000000866991865,24.00000086168426,24.0,1.0,0.8750006605542194,1.1250000000000353,0.16891891891892927
117.10000000000001,24.00000086168426,24.000000855094477,24.0,1.0,0.8750006691386412,1.1250000000000353,0.16891891891892927
117.2,24.000000855094477,24.000000847287872,24.0,1.0,0.8750006761692988,1.1250000000000353,0.16891891891892927
117.30000000000001,24.000000847287872,24.00000083832925,24.0,1.0,0.8750006816991631,1.1250000000000353,0.16891891891892927
117.4,24.00000083832925,24.000000828282772,24.0,1.0,0.8750006857816801,1.1250000000000353,0.16891891891892927
117.5,24.000000828282772,24.000000817211873,24.0,1.0,0.875000688470656,1.1250000000000353,0.16891891891892927
117.60000000000001,24.000000817211873,24.00000080517916,24.0,1.0,0.8750006898201494,1.1250000000000353,0.16891891891892927
117.7,24.00000080517916,24.000000792246343,24.0,1.0,0.8750006898843451,1.1250000000000353,0.16891891891892927
117.80000000000001,24.000000792246343,24.000000778474167,24.0,1.0,0.8750006887174671,1.1250000000000353,0.16891891891892927
117.9,24.000000778474167,24.00000076392233,24.0,1.0,0.8750006863736702,1.1250000000000353,0.16891891891892927
118.0,24.00000076392233,24.00000074864942,24.0,1.0,0.875000682906947,1.1250000000000353,0.16891891891892927
118.10000000000001,24.00000074864942,24.000000732712863,24.0,1.0,0.8750006783710282,1.1250000000000353,0.16891891891892927
118.2,24.000000732712863,24.000000716168863,24.0,1.0,0.8750006728193082,1.1250000000000353,0.16891891891892927
118.30000000000001,24.000000716168863,24.000000699072352,24.0,1.0,0.8750006663047553,1.1250000000000353,0.16891891891892927
118.4,24.000000699072352,24.00000068147694,24.0,1.0,0.8750006588798351,1.1250000000000353,0.16891891891892927
118.5,24.00000068147694,24.00000066343488,24.0,1.0,0.8750006505964322,1.1250000000000353,0.16891891891892927
118.60000000000001,24.00000066343488,24.000000644997023,24.0,1.0,0.8750006415057826,1.1250000000000353,0.16891891891892927
118.7,24.000000644997023,24.0000006262128,24.0,1.0,0.8750006316584149,1.1250000000000353,0.16891891891892927
118.80000000000001,24.0000006262128,24.00000060713017,24.0,1.0,0.8750006211040818,1.1250000000000353,0.16891891891892927
118.9,24.00000060713017,24.00000058779561,24.0,1.0,0.8750006098916996,1.1250000000000353,0.16891891891892927
119.0,24.00000058779561,24.0000005682541,24.0,1.0,0.8750005980693029,1.1250000000000353,0.16891891891892927
119.10000000000001,24.0000005682541,24.000000548549085,24.0,1.0,0.8750005856839912,1.1250000000000353,0.16891891891892927
119.2,24.000000548549085,24.00000052872247,24.0,1.0,0.8750005727818797,1.1250000000000353,0.16891891891892927
119.30000000000001,24.00000052872247,24.000000508814615,24.0,1.0,0.8750005594080607,1.1250000000000353,0.16891891891892927
119.4,24.000000508814615,24.000000488864323,24.0,1.0,0.8750005456065654,1.1250000000000353,0.16891891891892927
119.5,24.000000488864323,24.000000468908837,24.0,1.0,0.8750005314203301,1.1250000000000353,0.16891891891892927
119.60000000000001,24.000000468908837,24.00000044898383,24.0,1.0,0.8750005168911655,1.1250000000000353,0.16891891891892927
119.7,24.00000044898383,24.00000042912342,24.0,1.0,0.8750005020597185,1.1250000000000353,0.16891891891892927
119.80000000000001,24.00000042912342,24.00000040936017,24.0,1.0,0.8750004869654654,1.1250000000000353,0.16891891891892927
119.9,24.00000040936017,24.00000038972508,24.0,1.0,0.8750004716466742,1.1250000000000353,0.16891891891892927
