time,temperature,next_temperature,setpoint,disturbance,command,kp,ki
0.0,28.0,28.009975041614634,24.0,0.0,1.0,1.1250000000000353,0.16891891891892927
0.1,28.009975041614634,28.019900332501663,24.0,0.0,1.0,1.1250000000000353,0.16891891891892927
0.2,28.019900332501663,28.029776120793873,24.0,0.0,1.0,1.1250000000000353,0.16891891891892927
0.30000000000000004,28.029776120793873,28.03960265338649,24.0,0.0,1.0,1.1250000000000353,0.16891891891892927
0.4,28.03960265338649,28.049380175943334,24.0,0.0,1.0,1.1250000000000353,0.16891891891892927
0.5,28.049380175943334,28.059108932902983,24.0,0.0,1.0,1.1250000000000353,0.16891891891892927
0.6000000000000001,28.059108932902983,28.068789167484866,24.0,0.0,1.0,1.1250000000000353,0.16891891891892927
0.7000000000000001,28.068789167484866,28.078421121695353,24.0,0.0,1.0,1.1250000000000353,0.16891891891892927
0.8,28.078421121695353,28.0880050363338,24.0,0.0,1.0,1.1250000000000353,0.16891891891892927
0.9,28.0880050363338,28.097541150998573,24.0,0.0,1.0,1.1250000000000353,0.16891891891892927
1.0,28.097541150998573,28.107029704093033,24.0,0.0,1.0,1.1250000000000353,0.16891891891892927
1.1,28.107029704093033,28.116470932831504,24.0,0.0,1.0,1.1250000000000353,0.16891891891892927
1.2000000000000002,28.116470932831504,28.125865073245194,24.0,0.0,1.0,1.1250000000000353,0.16891891891892927
1.3,28.125865073245194,28.135212360188106,24.0,0.0,1.0,1.1250000000000353,0.16891891891892927
1.4000000000000001,28.135212360188106,28.144513027342896,24.0,0.0,1.0,1.1250000000000353,0.16891891891892927
1.5,28.144513027342896,28.15376730722673,24.0,0.0,1.0,1.1250000000000353,0.16891891891892927
1.6,28.15376730722673,28.162975431197086,24.0,0.0,1.0,1.1250000000000353,0.16891891891892927
1.7000000000000002,28.162975431197086,28.172137629457545,24.0,0.0,1.0,1.1250000000000353,0.16891891891892927
1.8,28.172137629457545,28.18125413106354,24.0,0.0,1.0,1.1250000000000353,0.16891891891892927
1.9000000000000001,28.18125413106354,28.190325163928083,24.0,0.0,1.0,1.1250000000000353,0.16891891891892927
2.0,28.190325163928083,28.15945078836893,24.0,0.0,1.0,1.1250000000000353,0.16891891891892927
2.1,28.15945078836893,28.12873039940029,24.0,0.0,1.0,1.1250000000000353,0.16891891891892927
2.2,28.12873039940029,28.09816322901084,24.0,0.0,1.0,1.1250000000000353,0.16891891891892927
2.3000000000000003,28.09816322901084,28.06774851301973,24.0,0.0,1.0,1.1250000000000353,0.16891891891892927
2.4000000000000004,28.06774851301973,28.037485491057474,24.0,0.0,1.0,1.1250000000000353,0.16891891891892927
2.5,28.037485491057474,28.007373406546947,24.0,0.0,1.0,1.1250000000000353,0.16891891891892927
2.6,28.007373406546947,27.97741150668447,24.0,0.0,1.0,1.1250000000000353,0.16891891891892927
2.7,27.97741150668447,27.94759904242098,24.0,0.0,1.0,1.1250000000000353,0.16891891891892927
2.8000000000000003,27.94759904242098,27.917935268443323,24.0,0.0,1.0,1.1250000000000353,0.16891891891892927
2.9000000000000004,27.917935268443323,27.888419443155602,24.0,0.0,1.0,1.1250000000000353,0.16891891891892927
3.0,27.888419443155602,27.85905082866065,24.0,0.0,1.0,1.1250000000000353,0.16891891891892927
3.1,27.85905082866065,27.82982869074157,24.0,0.0,1.0,1.1250000000000353,0.16891891891892927
3.2,27.82982869074157,27.8007522988434,24.0,0.0,1.0,1.1250000000000353,0.16891891891892927
3.3000000000000003,27.8007522988434,27.771820926054822,24.0,0.0,1.0,1.1250000000000353,0.16891891891892927
3.4000000000000004,27.771820926054822,27.74303384909001,24.0,0.0,1.0,1.1250000000000353,0.16891891891892927
3.5,27.74303384909001,27.714390348270545,24.0,0.0,1.0,1.1250000000000353,0.16891891891892927
3.6,27.714390348270545,27.68588970750741,24.0,0.0,1.0,1.1250000000000353,0.16891891891892927
3.7,27.68588970750741,27.657531214283104,24.0,0.0,1.0,1.1250000000000353,0.16891891891892927
3.8000000000000003,27.657531214283104,27.629314159633818,24.0,0.0,1.0,1.1250000000000353,0.16891891891892927
3.9000000000000004,27.629314159633818,27.601237838131716,24.0,0.0,1.0,1.1250000000000353,0.16891891891892927
4.0,27.601237838131716,27.5733015478673,24.0,0.0,1.0,1.1250000000000353,0.16891891891892927
4.1000000000000005,27.5733015478673,27.545504590431854,24.0,0.0,1.0,1.1250000000000353,0.16891891891892927
4.2,27.545504590431854,27.517846270899998,24.0,0.0,1.0,1.1250000000000353,0.16891891891892927
4.3,27.517846270899998,27.490325897812305,24.0,0.0,1.0,1.1250000000000353,0.16891891891892927
4.4,27.490325897812305,27.46294278315801,24.0,0.0,1.0,1.1250000000000353,0.16891891891892927
4.5,27.46294278315801,27.43569624235782,24.0,0.0,1.0,1.1250000000000353,0.16891891891892927
4.6000000000000005,27.43569624235782,27.4085855942468,24.0,0.0,1.0,1.1250000000000353,0.16891891891892927
4.7,27.4085855942468,27.38161016105734,24.0,0.0,1.0,1.1250000000000353,0.16891891891892927
4.800000000000001,27.38161016105734,27.354769268402194,24.0,0.0,1.0,1.1250000000000353,0.16891891891892927
4.9,27.354769268402194,27.32806224525765,24.0,0.0,1.0,1.1250000000000353,0.16891891891892927
5.0,27.32806224525765,27.301488423946743,24.0,0.0,1.0,1.1250000000000353,0.16891891891892927
5.1000000000000005,27.301488423946743,27.275047140122556,24.0,0.0,1.0,1.1250000000000353,0.16891891891892927
5.2,27.275047140122556,27.248737732751614,24.0,0.0,1.0,1.1250000000000353,0.16891891891892927
5.300000000000001,27.248737732751614,27.22255954409736,24.0,0.0,1.0,1.1250000000000353,0.16891891891892927
5.4,27.22255954409736,27.19651191970372,24.0,0.0,1.0,1.1250000000000353,0.16891891891892927
5.5,27.19651191970372,27.170594208378724,24.0,0.0,1.0,1.1250000000000353,0.16891891891892927
5.6000000000000005,27.170594208378724,27.144805762178237,24.0,0.0,1.0,1.1250000000000353,0.16891891891892927
5.7,27.144805762178237,27.119145936389764,24.0,0.0,1.0,1.1250000000000353,0.16891891891892927
5.800000000000001,27.119145936389764,27.093614089516322,24.0,0.0,1.0,1.1250000000000353,0.16891891891892927
5.9,27.093614089516322,27.068209583260412,24.0,0.0,1.0,1.1250000000000353,0.16891891891892927
6.0,27.068209583260412,27.042931782508056,24.0,0.0,1.0,1.1250000000000353,0.16891891891892927
6.1000000000000005,27.042931782508056,27.01778005531291,24.0,0.0,1.0,1.1250000000000353,0.16891891891892927
6.2,27.01778005531291,26.992753772880494,24.0,0.0,1.0,1.1250000000000353,0.16891891891892927
6.300000000000001,26.992753772880494,26.96785230955244,24.0,0.0,1.0,1.1250000000000353,0.16891891891892927
6.4,26.96785230955244,26.943075042790866,24.0,0.0,1.0,1.1250000000000353,0.16891891891892927
6.5,26.943075042790866,26.918421353162813,24.0,0.0,1.0,1.1250000000000353,0.16891891891892927
6.6000000000000005,26.918421353162813,26.893890624324758,24.0,0.0,1.0,1.1250000000000353,0.16891891891892927
6.7,26.893890624324758,26.8694822430072,24.0,0.0,1.0,1.1250000000000353,0.16891891891892927
6.800000000000001,26.8694822430072,26.84519559899934,24.0,0.0,1.0,1.1250000000000353,0.16891891891892927
6.9,26.84519559899934,26.821030085133806,24.0,0.0,1.0,1.1250000000000353,0.16891891891892927
7.0,26.821030085133806,26.796985097271495,24.0,0.0,1.0,1.1250000000000353,0.16891891891892927
7.1000000000000005,26.796985097271495,26.77306003428646,24.0,0.0,1.0,1.1250000000000353,0.16891891891892927
7.2,26.77306003428646,26.74925429805088,24.0,0.0,1.0,1.1250000000000353,0.16891891891892927
7.300000000000001,26.74925429805088,26.725567293420106,24.0,0.0,1.0,1.1250000000000353,0.16891891891892927
7.4,26.725567293420106,26.70199842821779,24.0,0.0,1.0,1.1250000000000353,0.16891891891892927
7.5,26.70199842821779,26.67854711322108,24.0,0.0,1.0,1.1250000000000353,0.16891891891892927
7.6000000000000005,26.67854711322108,26.655212762145872,24.0,0.0,1.0,1.1250000000000353,0.16891891891892927
7.7,26.655212762145872,26.63199479163218,24.0,0.0,1.0,1.1250000000000353,0.16891891891892927
7.800000000000001,26.63199479163218,26.60889262122953,24.0,0.0,1.0,1.1250000000000353,0.16891891891892927
7.9,26.60889262122953,26.585905673382456,24.0,0.0,1.0,1.1250000000000353,0.16891891891892927
8.0,26.585905673382456,26.563033373416065,24.0,0.0,1.0,1.1250000000000353,0.16891891891892927
8.1,26.563033373416065,26.54027514952167,24.0,0.0,1.0,1.1250000000000353,0.16891891891892927
8.200000000000001,26.54027514952167,26.517630432742482,24.0,0.0,1.0,1.1250000000000353,0.16891891891892927
8.3,26.517630432742482,26.495098656959406,24.0,0.0,1.0,1.1250000000000353,0.16891891891892927
8.4,26.495098656959406,26.472679258876877,24.0,0.0,1.0,1.1250000000000353,0.16891891891892927
8.5,26.472679258876877,26.45037167800877,24.0,0.0,1.0,1.1250000000000353,0.16891891891892927
8.6,26.45037167800877,26.428175356664404,24.0,0.0,1.0,1.1250000000000353,0.16891891891892927
8.700000000000001,26.428175356664404,26.40608973993459,24.0,0.0,1.0,1.1250000000000353,0.16891891891892927
8.8,26.40608973993459,26.384114275677756,24.0,0.0,1.0,1.1250000000000353,0.16891891891892927
8.9,26.384114275677756,26.362248414506155,24.0,0.0,1.0,1.1250000000000353,0.16891891891892927
9.0,26.362248414506155,26.340491609772116,24.0,0.0,1.0,1.1250000000000353,0.16891891891892927
9.1,26.340491609772116,26.31884331755439,24.0,0.0,1.0,1.1250000000000353,0.16891891891892927
9.200000000000001,26.31884331755439,26.297302996644543,24.0,0.0,1.0,1.1250000000000353,0.16891891891892927
9.3,26.297302996644543,26.27587010853343,24.0,0.0,1.0,1.1250000000000353,0.16891891891892927
9.4,26.27587010853343,26.25454411739773,24.0,0.0,1.0,1.1250000000000353,0.16891891891892927
9.5,26.25454411739773,26.23332449008656,24.0,0.0,1.0,1.1250000000000353,0.16891891891892927
9.600000000000001,26.23332449008656,26.212210696108126,24.0,0.0,1.0,1.1250000000000353,0.16891891891892927
9.700000000000001,26.212210696108126,26.19120220761648,24.0,0.0,1.0,1.1250000000000353,0.16891891891892927
9.8,26.19120220761648,26.170298499398317,24.0,0.0,1.0,1.1250000000000353,0.16891891891892927
9.9,26.170298499398317,26.14949904885984,24.0,0.0,1.0,1.1250000000000353,0.16891891891892927
10.0,26.14949904885984,26.128803336013707,24.0,0.0,1.0,1.1250000000000353,0.16891891891892927
10.100000000000001,26.128803336013707,26.108210843466015,24.0,0.0,1.0,1.1250000000000353,0.16891891891892927
10.200000000000001,26.108210843466015,26.08772105640338,24.0,0.0,1.0,1.1250000000000353,0.16891891891892927
10.3,26.08772105640338,26.06733346258006,24.0,0.0,1.0,1.1250000000000353,0.16891891891892927
10.4,26.06733346258006,26.04704755230514,24.0,0.0,1.0,1.1250000000000353,0.16891891891892927
10.5,26.04704755230514,26.026862818429816,24.0,0.0,1.0,1.1250000000000353,0.16891891891892927
10.600000000000001,26.026862818429816,26.006778756334683,24.0,0.0,1.0,1.1250000000000353,0.16891891891892927
10.700000000000001,26.006778756334683,25.986794863917144,24.0,0.0,1.0,1.1250000000000353,0.16891891891892927
10.8,25.986794863917144,25.96691064157885,24.0,0.0,1.0,1.1250000000000353,0.16891891891892927
10.9,25.96691064157885,25.947125592213204,24.0,0.0,1.0,1.1250000000000353,0.16891891891892927
11.0,25.947125592213204,25.927439221192945,24.0,0.0,1.0,1.1250000000000353,0.16891891891892927
11.100000000000001,25.927439221192945,25.90785103635777,24.0,0.0,1.0,1.1250000000000353,0.16891891891892927
11.200000000000001,25.90785103635777,25.888360548002037,24.0,0.0,1.0,1.1250000000000353,0.16891891891892927
11.3,25.888360548002037,25.868967268862523,24.0,0.0,1.0,1.1250000000000353,0.16891891891892927
11.4,25.868967268862523,25.84967071410624,24.0,0.0,1.0,1.1250000000000353,0.16891891891892927
11.5,25.84967071410624,25.830470401318312,24.0,0.0,1.0,1.1250000000000353,0.16891891891892927
11.600000000000001,25.830470401318312,25.81136585048992,24.0,0.0,1.0,1.1250000000000353,0.16891891891892927
11.700000000000001,25.81136585048992,25.792356584006303,24.0,0.0,1.0,1.1250000000000353,0.16891891891892927
11.8,25.792356584006303,25.773442126634805,24.0,0.0,1.0,1.1250000000000353,0.16891891891892927
11.9,25.773442126634805,25.754622005513006,24.0,0.0,1.0,1.1250000000000353,0.16891891891892927
12.0,25.754622005513006,25.735895750136898,24.0,0.0,1.0,1.1250000000000353,0.16891891891892927
12.100000000000001,25.735895750136898,25.71726289234912,24.0,0.0,1.0,1.1250000000000353,0.16891891891892927
12.200000000000001,25.71726289234912,25.698722966327257,24.0,0.0,1.0,1.1250000000000353,0.16891891891892927
12.3,25.698722966327257,25.680275508572194,24.0,0.0,1.0,1.1250000000000353,0.16891891891892927
12.4,25.680275508572194,25.66192005789653,24.0,0.0,1.0,1.1250000000000353,0.16891891891892927
12.5,25.66192005789653,25.643656155413037,24.0,0.0,1.0,1.1250000000000353,0.16891891891892927
12.600000000000001,25.643656155413037,25.625483344523204,24.0,0.0,1.0,1.1250000000000353,0.16891891891892927
12.700000000000001,25.625483344523204,25.60740117090581,24.0,0.0,1.0,1.1250000000000353,0.16891891891892927
12.8,25.60740117090581,25.589409182505577,24.0,0.0,1.0,1.1250000000000353,0.16891891891892927
12.9,25.589409182505577,25.571506929521853,24.0,0.0,1.0,1.1250000000000353,0.16891891891892927
13.0,25.571506929521853,25.553693964397382,24.0,0.0,1.0,1.1250000000000353,0.16891891891892927
13.100000000000001,25.553693964397382,25.535969841807113,24.0,0.0,1.0,1.1250000000000353,0.16891891891892927
13.200000000000001,25.535969841807113,25.51833411864705,24.0,0.0,1.0,1.1250000000000353,0.16891891891892927
13.3,25.51833411864705,25.5007863540232,24.0,0.0,1.0,1.1250000000000353,0.16891891891892927
13.4,25.5007863540232,25.483326109240537,24.0,0.0,1.0,1.1250000000000353,0.16891891891892927
13.5,25.483326109240537,25.465952947792026,24.0,0.0,1.0,1.1250000000000353,0.16891891891892927
13.600000000000001,25.465952947792026,25.44866643534773,24.0,0.0,1.0,1.1250000000000353,0.16891891891892927
13.700000000000001,25.44866643534773,25.431466139743932,24.0,0.0,1.0,1.1250000000000353,0.16891891891892927
13.8,25.431466139743932,25.414351630972355,24.0,0.0,1.0,1.1250000000000353,0.16891891891892927
13.9,25.414351630972355,25.397322481169383,24.0,0.0,1.0,1.1250000000000353,0.16891891891892927
14.0,25.397322481169383,25.380378264605383,24.0,0.0,1.0,1.1250000000000353,0.16891891891892927
14.100000000000001,25.380378264605383,25.36351855767406,24.0,0.0,1.0,1.1250000000000353,0.16891891891892927
14.200000000000001,25.36351855767406,25.34674293888186,24.0,0.0,1.0,1.1250000000000353,0.16891891891892927
14.3,25.34674293888186,25.330050988837442,24.0,0.0,1.0,1.1250000000000353,0.16891891891892927
14.4,25.330050988837442,25.313442290241188,24.0,0.0,1.0,1.1250000000000353,0.16891891891892927
14.5,25.313442290241188,25.296916427874763,24.0,0.0,1.0,1.1250000000000353,0.16891891891892927
14.600000000000001,25.296916427874763,25.28047298859075,24.0,0.0,1.0,1.1250000000000353,0.16891891891892927
14.700000000000001,25.28047298859075,25.264111561302308,24.0,0.0,1.0,1.1250000000000353,0.16891891891892927
14.8,25.264111561302308,25.247831736972906,24.0,0.0,1.0,1.1250000000000353,0.16891891891892927
14.9,25.247831736972906,25.231633108606086,24.0,0.0,1.0,1.1250000000000353,0.16891891891892927
15.0,25.231633108606086,25.215515271235297,24.0,0.0,1.0,1.1250000000000353,0.16891891891892927
15.100000000000001,25.215515271235297,25.199477821913764,24.0,0.0,1.0,1.1250000000000353,0.16891891891892927
15.200000000000001,25.199477821913764,25.183520359704417,24.0,0.0,1.0,1.1250000000000353,0.16891891891892927
15.3,25.183520359704417,25.167642485669873,24.0,0.0,1.0,1.1250000000000353,0.16891891891892927
15.4,25.167642485669873,25.15184380286245,24.0,0.0,1.0,1.1250000000000353,0.16891891891892927
15.5,25.15184380286245,25.13612391631426,24.0,0.0,1.0,1.1250000000000353,0.16891891891892927
15.600000000000001,25.13612391631426,25.120482433027316,24.0,0.0,1.0,1.1250000000000353,0.16891891891892927
15.700000000000001,25.120482433027316,25.104918961963723,24.0,0.0,1.0,1.1250000000000353,0.16891891891892927
15.8,25.104918961963723,25.08943311403589,24.0,0.0,1.0,1.1250000000000353,0.16891891891892927
15.9,25.08943311403589,25.074024502096822,24.0,0.0,1.0,1.1250000000000353,0.16891891891892927
16.0,25.074024502096822,25.05869274093041,24.0,0.0,1.0,1.1250000000000353,0.16891891891892927
16.1,25.05869274093041,25.04343744724183,24.0,0.0,1.0,1.1250000000000353,0.16891891891892927
16.2,25.04343744724183,25.02825823964794,24.0,0.0,1.0,1.1250000000000353,0.16891891891892927
16.3,25.02825823964794,25.013154738667765,24.0,0.0,1.0,1.1250000000000353,0.16891891891892927
16.400000000000002,25.013154738667765,24.99812656671299,24.0,0.0,1.0,1.1250000000000353,0.16891891891892927
16.5,24.99812656671299,24.983173348078537,24.0,0.0,1.0,1.1250000000000353,0.16891891891892927
16.6,24.983173348078537,24.96829470893316,24.0,0.0,1.0,1.1250000000000353,0.16891891891892927
16.7,24.96829470893316,24.953490277310106,24.0,0.0,1.0,1.1250000000000353,0.16891891891892927
16.8,24.953490277310106,24.93875968309781,24.0,0.0,1.0,1.1250000000000353,0.16891891891892927
16.900000000000002,24.93875968309781,24.924102558030654,24.0,0.0,1.0,1.1250000000000353,0.16891891891892927
17.0,24.924102558030654,24.909518535679744,24.0,0.0,1.0,1.1250000000000353,0.16891891891892927
17.1,24.909518535679744,24.895007251443765,24.0,0.0,1.0,1.1250000000000353,0.16891891891892927
17.2,24.895007251443765,24.880568342539853,24.0,0.0,1.0,1.1250000000000353,0.16891891891892927
17.3,24.880568342539853,24.866201447994534,24.0,0.0,0.9906393853573654,1.1250000000000353,0.16891891891892927
17.400000000000002,24.866201447994534,24.8519062086347,24.0,0.0,0.9891084102100062,1.1250000000000353,0.16891891891892927
17.5,24.8519062086347,24.837682267078613,24.0,0.0,0.9874165735084803,1.1250000000000353,0.16891891891892927
17.6,24.837682267078613,24.823529267727,24.0,0.0,0.9855646775531309,1.1250000000000353,0.16891891891892927
17.7,24.823529267727,24.809446856754143,24.0,0.0,0.9835535206428209,1.1250000000000353,0.16891891891892927
17.8,24.809446856754143,24.795434682099028,24.0,0.0,0.9813838970948789,1.1250000000000353,0.16891891891892927
17.900000000000002,24.795434682099028,24.78149239345656,24.0,0.0,0.9790565972649536,1.1250000000000353,0.16891891891892927
18.0,24.78149239345656,24.767619642268798,24.0,0.0,0.9765724075667813,1.1250000000000353,0.16891891891892927
18.1,24.767619642268798,24.75381608171624,24.0,0.0,0.9739321104918467,1.1250000000000353,0.16891891891892927
18.2,24.75381608171624,24.740081366709155,24.0,0.0,0.9711364846289411,1.1250000000000353,0.16891891891892927
18.3,24.740081366709155,24.72641515387895,24.0,0.0,0.9681863046836243,1.1250000000000353,0.16891891891892927
18.400000000000002,24.72641515387895,24.71281710156959,24.0,0.0,0.9650823414975985,1.1250000000000353,0.16891891891892927
18.5,24.71281710156959,24.699286869829066,24.0,0.0,0.9618253620679756,1.1250000000000353,0.16891891891892927
18.6,24.699286869829066,24.685824120400873,24.0,0.0,0.9584161295664575,1.1250000000000353,0.16891891891892927
18.7,24.685824120400873,24.672428516715577,24.0,0.0,0.9548554033584041,1.1250000000000353,0.16891891891892927
18.8,24.672428516715577,24.659099723882388,24.0,0.0,0.9511439390218306,1.1250000000000353,0.16891891891892927
18.900000000000002,24.659099723882388,24.64583740868079,24.0,0.0,0.9472824883662905,1.1250000000000353,0.16891891891892927
19.0,24.64583740868079,24.632641239552214,24.0,0.0,0.9432717994516691,1.1250000000000353,0.16891891891892927
19.1,24.632641239552214,24.619510886591744,24.0,0.0,0.9391126166068889,1.1250000000000353,0.16891891891892927
19.200000000000003,24.619510886591744,24.606446021539874,24.0,0.0,0.9348056804485182,1.1250000000000353,0.16891891891892927
19.3,24.606446021539874,24.59381980785669,24.0,0.0,0.930351727899284,1.1250000000000353,0.16891891891892927
19.400000000000002,24.59381980785669,24.58131765384019,24.0,0.0,0.9261779775032812,1.1250000000000353,0.16891891891892927
19.5,24.58131765384019,24.568945359142997,24.0,0.0,0.9219326091982372,1.1250000000000353,0.16891891891892927
19.6,24.568945359142997,24.556708662479924,24.0,0.0,0.9176243411629315,1.1250000000000353,0.16891891891892927
19.700000000000003,24.556708662479924,24.544613242091565,24.0,0.0,0.9132619199588643,1.1250000000000353,0.16891891891892927
19.8,24.544613242091565,24.53266471620478,24.0,0.0,0.9088541200302638,1.1250000000000353,0.16891891891892927
19.900000000000002,24.53266471620478,24.520868643490086,24.0,0.0,0.9044097432083892,1.1250000000000353,0.16891891891892927
20.0,24.520868643490086,24.509230523515974,24.0,0.0,0.8999376182200683,1.1250000000000353,0.16891891891892927
20.1,24.509230523515974,24.49775579720018,24.0,0.0,0.8954466002004757,1.1250000000000353,0.16891891891892927
20.200000000000003,24.49775579720018,24.48644984725793,24.0,0.0,0.8909455702100766,1.1250000000000353,0.16891891891892927
20.3,24.48644984725793,24.475317998647164,24.0,0.0,0.8864434347557524,1.1250000000000353,0.16891891891892927
20.400000000000002,24.475317998647164,24.46436551901077,24.0,0.0,0.8819491253160587,1.1250000000000353,0.16891891891892927
20.5,24.46436551901077,24.45359761911585,24.0,0.0,0.8774715978705675,1.1250000000000353,0.16891891891892927
20.6,24.45359761911585,24.443019453290013,24.0,0.0,0.8730198324333082,1.1250000000000353,0.16891891891892927
20.700000000000003,24.443019453290013,24.43263611985475,24.0,0.0,0.8686028325902213,1.1250000000000353,0.16891891891892927
20.8,24.43263611985475,24.42245266155588,24.0,0.0,0.864229625040663,1.1250000000000353,0.16891891891892927
20.900000000000002,24.42245266155588,24.412474065991095,24.0,0.0,0.8599092591428799,1.1250000000000353,0.16891891891892927
21.0,24.412474065991095,24.402705266034623,24.0,0.0,0.855650806463427,1.1250000000000353,0.16891891891892927
21.1,24.402705266034623,24.393151140259032,24.0,0.0,0.8514633603305486,1.1250000000000353,0.16891891891892927
21.200000000000003,24.393151140259032,24.38381651335419,24.0,0.0,0.8473560353914389,1.1250000000000353,0.16891891891892927
21.3,24.38381651335419,24.37470615654338,24.0,0.0,0.8433379671733938,1.1250000000000353,0.16891891891892927
21.400000000000002,24.37470615654338,24.365807771162277,24.0,0.0,0.8394183116487879,1.1250000000000353,0.16891891891892927
21.5,24.365807771162277,24.357123157565468,24.0,0.0,0.8355868134187359,1.1250000000000353,0.16891891891892927
21.6,24.357123157565468,24.348653759271432,24.0,0.0,0.8318491088920121,1.1250000000000353,0.16891891891892927
21.700000000000003,24.348653759271432,24.340400663609817,24.0,0.0,0.8282104574205367,1.1250000000000353,0.16891891891892927
21.8,24.340400663609817,24.332364602385404,24.0,0.0,0.8246757360108448,1.1250000000000353,0.16891891891892927
21.900000000000002,24.332364602385404,24.324545952558555,24.0,0.0,0.8212494340655663,1.1250000000000353,0.16891891891892927
22.0,24.324545952558555,24.31694473694186,24.0,0.0,0.8179356481549318,1.1250000000000353,0.16891891891892927
22.1,24.31694473694186,24.309560624912766,24.0,0.0,0.8147380768182756,1.1250000000000353,0.16891891891892927
22.200000000000003,24.309560624912766,24.30239293314191,24.0,0.0,0.8116600153955582,1.1250000000000353,0.16891891891892927
22.3,24.30239293314191,24.295440626336948,24.0,0.0,0.80870435088885,1.1250000000000353,0.16891891891892927
22.400000000000002,24.295440626336948,24.288702318001597,24.0,0.0,0.8058735568538244,1.1250000000000353,0.16891891891892927
22.5,24.288702318001597,24.28217627120967,24.0,0.0,0.8031696883211767,1.1250000000000353,0.16891891891892927
22.6,24.28217627120967,24.275860399393892,24.0,0.0,0.800594376747991,1.1250000000000353,0.16891891891892927
22.700000000000003,24.275860399393892,24.269752267149194,24.0,0.0,0.798148824999055,1.1250000000000353,0.16891891891892927
22.8,24.269752267149194,24.263849091050346,24.0,0.0,0.7958338023580467,1.1250000000000353,0.16891891891892927
22.900000000000002,24.263849091050346,24.258147740483604,24.0,0.0,0.7936496395686398,1.1250000000000353,0.16891891891892927
23.0,24.258147740483604,24.25264473849221,24.0,0.0,0.7915962239054403,1.1250000000000353,0.16891891891892927
23.1,24.25264473849221,24.24733626263549,24.0,0.0,0.7896729942747891,1.1250000000000353,0.16891891891892927
23.200000000000003,24.24733626263549,24.24221814586133,24.0,0.0,0.7878789363453598,1.1250000000000353,0.16891891891892927
23.3,24.24221814586133,24.237285877391816,24.0,0.0,0.7862125777085744,1.1250000000000353,0.16891891891892927
23.400000000000002,24.237285877391816,24.232534603621815,24.0,0.0,0.7846719830687472,1.1250000000000353,0.16891891891892927
23.5,24.232534603621815,24.227959904345767,24.0,0.0,0.7832547494629997,1.1250000000000353,0.16891891891892927
23.6,24.227959904345767,24.223557156510335,24.0,0.0,0.7819588868373399,1.1250000000000353,0.16891891891892927
23.700000000000003,24.223557156510335,24.219321550270738,24.0,0.0,0.7807820988419107,1.1250000000000353,0.16891891891892927
23.8,24.219321550270738,24.215248105178024,24.0,0.0,0.7797217977391,1.1250000000000353,0.16891891891892927
23.900000000000002,24.215248105178024,24.21133168649542,24.0,0.0,0.7787751197323978,1.1250000000000353,0.16891891891892927
24.0,24.21133168649542,24.20756702164193,24.0,0.0,0.7779389407160807,1.1250000000000353,0.16891891891892927
24.1,24.20756702164193,24.20394871676132,24.0,0.0,0.7772098924458001,1.1250000000000353,0.16891891891892927
24.200000000000003,24.20394871676132,24.200471273414728,24.0,0.0,0.7765843791301392,1.1250000000000353,0.16891891891892927
24.3,24.200471273414728,24.197129105394996,24.0,0.0,0.7760585944431733,1.1250000000000353,0.16891891891892927
24.400000000000002,24.197129105394996,24.193916555661012,24.0,0.0,0.7756285389580532,1.1250000000000353,0.16891891891892927
24.5,24.193916555661012,24.190827913390205,24.0,0.0,0.775290038001595,1.1250000000000353,0.16891891891892927
24.6,24.190827913390205,24.187857431147442,24.0,0.0,0.7750387599298797,1.1250000000000353,0.16891891891892927
24.700000000000003,24.187857431147442,24.18499934216854,24.0,0.0,0.7748702348248031,1.1250000000000353,0.16891891891892927
24.8,24.18499934216854,24.18224787775662,24.0,0.0,0.7747798736115182,1.1250000000000353,0.16891891891892927
24.900000000000002,24.18224787775662,24.179597284789576,24.0,0.0,0.7747629875967014,1.1250000000000353,0.16891891891892927
25.0,24.179597284789576,24.177041843336877,24.0,0.0,0.7748148084275204,1.1250000000000353,0.16891891891892927
25.1,24.177041843336877,24.174575884383994,24.0,0.0,0.7749305084712215,1.1250000000000353,0.16891891891892927
25.200000000000003,24.174575884383994,24.172193807662723,24.0,0.0,0.7751052216151748,1.1250000000000353,0.16891891891892927
25.3,24.172193807662723,24.169890099585647,24.0,0.0,0.775334064487236,1.1250000000000353,0.16891891891892927
25.400000000000002,24.169890099585647,24.167659351283117,24.0,0.0,0.7756121580962295,1.1250000000000353,0.16891891891892927
25.5,24.167659351283117,24.16549627674094,24.0,0.0,0.7759346498924223,1.1250000000000353,0.16891891891892927
25.6,24.16549627674094,24.16339569571252,24.0,0.0,0.7762967362476907,1.1250000000000353,0.16891891891892927
25.700000000000003,24.16339569571252,24.16135254541259,24.0,0.0,0.7766936450182961,1.1250000000000353,0.16891891891892927
25.8,24.16135254541259,24.159361891557793,24.0,0.0,0.7771206506844666,1.1250000000000353,0.16891891891892927
25.900000000000002,24.159361891557793,24.15741893874057,24.0,0.0,0.7775730889417016,1.1250000000000353,0.16891891891892927
26.0,24.15741893874057,24.15551904012289,24.0,0.0,0.7780463707172669,1.1250000000000353,0.16891891891892927
26.1,24.15551904012289,24.153657706436437,24.0,0.0,0.778535995585264,1.1250000000000353,0.16891891891892927
26.200000000000003,24.153657706436437,24.15183061427589,24.0,0.0,0.7790375645534854,1.1250000000000353,0.16891891891892927
26.3,24.15183061427589,24.150033613672043,24.0,0.0,0.7795467921950987,1.1250000000000353,0.16891891891892927
26.400000000000002,24.150033613672043,24.148262734931542,24.0,0.0,0.7800595180980685,1.1250000000000353,0.16891891891892927
26.5,24.148262734931542,24.146514194730116,24.0,0.0,0.7805717176050644,1.1250000000000353,0.16891891891892927
26.6,24.146514194730116,24.144784401446216,24.0,0.0,0.7810795118164691,1.1250000000000353,0.16891891891892927
26.700000000000003,24.144784401446216,24.143069959722055,24.0,0.0,0.7815791768289435,1.1250000000000353,0.16891891891892927
26.8,24.143069959722055,24.141367674239117,24.0,0.0,0.7820671521818647,1.1250000000000353,0.16891891891892927
26.900000000000002,24.141367674239117,24.139674552695247,24.0,0.0,0.7825400484838144,1.1250000000000353,0.16891891891892927
27.0,24.139674552695247,24.137987807970532,24.0,0.0,0.7829946541911377,1.1250000000000353,0.16891891891892927
27.1,24.137987807970532,24.136304859469224,24.0,0.0,0.7834279415104707,1.1250000000000353,0.16891891891892927
27.200000000000003,24.136304859469224,24.134623333625058,24.0,0.0,0.7838370713969924,1.1250000000000353,0.16891891891892927
27.3,24.134623333625058,24.13294106355734,24.0,0.0,0.7842193976200263,1.1250000000000353,0.16891891891892927
27.400000000000002,24.13294106355734,24.1312560878653,24.0,0.0,0.7845724698674472,1.1250000000000353,0.16891891891892927
27.5,24.1312560878653,24.129566648548234,24.0,0.0,0.7848940358602756,1.1250000000000353,0.16891891891892927
27.6,24.129566648548234,24.127871188039066,24.0,0.0,0.7851820424486488,1.1250000000000353,0.16891891891892927
27.700000000000003,24.127871188039066,24.12616834694845,24.0,0.0,0.7854346356602782,1.1250000000000353,0.16891891891892927
27.8,24.12616834694845,24.124456961216048,24.0,0.0,0.7856501615101674,1.1250000000000353,0.16891891891892927
27.900000000000002,24.124456961216048,24.122736058693818,24.0,0.0,0.7858271660952694,1.1250000000000353,0.16891891891892927
28.0,24.122736058693818,24.121004855187095,24.0,0.0,0.7859643949924535,1.1250000000000353,0.16891891891892927
28.1,24.121004855187095,24.11926274998015,24.0,0.0,0.7860607919796057,1.1250000000000353,0.16891891891892927
28.200000000000003,24.11926274998015,24.117509320873854,24.0,0.0,0.7861154971011886,1.1250000000000353,0.16891891891892927
28.3,24.117509320873854,24.11574431876404,24.0,0.0,0.7861278441010942,1.1250000000000353,0.16891891891892927
28.400000000000002,24.11574431876404,24.1139676617901,24.0,0.0,0.786097357247217,1.1250000000000353,0.16891891891892927
28.5,24.1139676617901,24.112179429084193,24.0,0.0,0.7860237475736629,1.1250000000000353,0.16891891891892927
28.6,24.112179429084193,24.110379854152555,24.0,0.0,0.7859069085681036,1.1250000000000353,0.16891891891892927
28.700000000000003,24.110379854152555,24.108569317921162,24.0,0.0,0.7857469113333981,1.1250000000000353,0.16891891891892927
28.8,24.108569317921162,24.106748341479086,24.0,0.0,0.7855439992541824,1.1250000000000353,0.16891891891892927
28.900000000000002,24.106748341479086,24.10491757855374,24.0,0.0,0.7852985822007503,1.1250000000000353,0.16891891891892927
29.0,24.10491757855374,24.10307780775318,24.0,0.0,0.7850112303042229,1.1250000000000353,0.16891891891892927
29.1,24.10307780775318,24.101229924611605,24.0,0.0,0.7846826673386152,1.1250000000000353,0.16891891891892927
29.200000000000003,24.101229924611605,24.099374933475072,24.0,0.0,0.7843137637471063,1.1250000000000353,0.16891891891892927
29.3,24.099374933475072,24.09751393926549,24.0,0.0,0.783905529351532,1.1250000000000353,0.16891891891892927
29.400000000000002,24.09751393926549,24.095648139161806,24.0,0.0,0.7834591057857765,1.1250000000000353,0.16891891891892927
29.5,24.095648139161806,24.09377881423832,24.0,0.0,0.7829757586955146,1.1250000000000353,0.16891891891892927
29.6,24.09377881423832,24.09190732110097,24.0,0.0,0.782456869748456,1.1250000000000353,0.16891891891892927
29.700000000000003,24.09190732110097,24.09003508356339,24.0,0.0,0.7819039285010472,1.1250000000000353,0.16891891891892927
29.8,24.09003508356339,24.0881635843322,24.0,0.0,0.7813185241693006,1.1250000000000353,0.16891891891892927
29.900000000000002,24.0881635843322,24.086294356729958,24.0,0.0,0.7807023372695538,1.1250000000000353,0.16891891891892927
30.0,24.086294356729958,24.084428976483434,24.0,0.0,0.7800571311617943,1.1250000000000353,0.16891891891892927
30.1,24.084428976483434,24.08256905360387,24.0,0.0,0.7793847435277556,1.1250000000000353,0.16891891891892927
30.200000000000003,24.08256905360387,24.080716224384908,24.0,0.0,0.778687077815338,1.1250000000000353,0.16891891891892927
30.3,24.080716224384908,24.078872143542878,24.0,0.0,0.7779660946802379,1.1250000000000353,0.16891891891892927
30.400000000000002,24.078872143542878,24.07703847652296,24.0,0.0,0.777223803454962,1.1250000000000353,0.16891891891892927
30.5,24.07703847652296,24.07521689199369,24.0,0.0,0.7764622536744983,1.1250000000000353,0.16891891891892927
30.6,24.07521689199369,24.073409054550932,24.0,0.0,0.7756835266870701,1.1250000000000353,0.16891891891892927
30.700000000000003,24.073409054550932,24.071616617651333,24.0,0.0,0.7748897273773275,1.1250000000000353,0.16891891891892927
30.8,24.071616617651333,24.069841216793805,24.0,0.0,0.7740829760283078,1.1250000000000353,0.16891891891892927
30.900000000000002,24.069841216793805,24.068084462966276,24.0,0.0,0.773265400347267,1.1250000000000353,0.16891891891892927
31.0,24.068084462966276,24.06634793637352,24.0,0.0,0.772439127679241,1.1250000000000353,0.16891891891892927
31.1,24.06634793637352,24.064633180460298,24.0,0.0,0.7716062774308639,1.1250000000000353,0.16891891891892927
31.200000000000003,24.064633180460298,24.062941696242582,24.0,0.0,0.7707689537254521,1.1250000000000353,0.16891891891892927
31.3,24.062941696242582,24.061274936957933,24.0,0.0,0.7699292383089439,1.1250000000000353,0.16891891891892927
31.400000000000002,24.061274936957933,24.059634303044483,24.0,0.0,0.7690891837244891,1.1250000000000353,0.16891891891892927
31.5,24.059634303044483,24.05802113745617,24.0,0.0,0.7682508067719337,1.1250000000000353,0.16891891891892927
31.6,24.05802113745617,24.056436721320157,24.0,0.0,0.7674160822664351,1.1250000000000353,0.16891891891892927
31.700000000000003,24.056436721320157,24.054882269940403,24.0,0.0,0.7665869371086944,1.1250000000000353,0.16891891891892927
31.8,24.054882269940403,24.05335892914953,24.0,0.0,0.7657652446770864,1.1250000000000353,0.16891891891892927
31.900000000000002,24.05335892914953,24.05186777201242,24.0,0.0,0.7649528195500168,1.1250000000000353,0.16891891891892927
32.0,24.05186777201242,24.05040979588366,24.0,0.0,0.7641514125682751,1.1250000000000353,0.16891891891892927
32.1,24.05040979588366,24.0489859198197,24.0,0.0,0.7633627062457768,1.1250000000000353,0.16891891891892927
32.2,24.0489859198197,24.047596982345294,24.0,0.0,0.7625883105356411,1.1250000000000353,0.16891891891892927
32.300000000000004,24.047596982345294,24.046243739572542,24.0,0.0,0.7618297589570913,1.1250000000000353,0.16891891891892927
32.4,24.046243739572542,24.04492686366973,24.0,0.0,0.7610885050872824,1.1250000000000353,0.16891891891892927
32.5,24.04492686366973,24.04364694167589,24.0,0.0,0.760365919420769,1.1250000000000353,0.16891891891892927
32.6,24.04364694167589,24.04240447465605,24.0,0.0,0.7596632865978982,1.1250000000000353,0.16891891891892927
32.7,24.04240447465605,24.041199877190916,24.0,0.0,0.7589818030022015,1.1250000000000353,0.16891891891892927
32.800000000000004,24.041199877190916,24.04003347719382,24.0,0.0,0.7583225747253951,1.1250000000000353,0.16891891891892927
32.9,24.04003347719382,24.038905516046746,24.0,0.0,0.7576866158974763,1.1250000000000353,0.16891891891892927
33.0,24.038905516046746,24.037816149046357,24.0,0.0,0.7570748473780786,1.1250000000000353,0.16891891891892927
33.1,24.037816149046357,24.036765446150095,24.0,0.0,0.7564880958040991,1.1250000000000353,0.16891891891892927
33.2,24.036765446150095,24.035753393011618,24.0,0.0,0.7559270929875297,1.1250000000000353,0.16891891891892927
33.300000000000004,24.035753393011618,24.03477989229412,24.0,0.0,0.7553924756562626,1.1250000000000353,0.16891891891892927
33.4,24.03477989229412,24.033844765249462,24.0,0.0,0.7548847855297235,1.1250000000000353,0.16891891891892927
33.5,24.033844765249462,24.03294775355036,24.0,0.0,0.7544044697201822,1.1250000000000353,0.16891891891892927
33.6,24.03294775355036,24.032088521362486,24.0,0.0,0.7539518814497455,1.1250000000000353,0.16891891891892927
33.7,24.032088521362486,24.03126665764284,24.0,0.0,0.7535272810722125,1.1250000000000353,0.16891891891892927
33.800000000000004,24.03126665764284,24.030481678650393,24.0,0.0,0.7531308373883331,1.1250000000000353,0.16891891891892927
33.9,24.030481678650393,24.02973303065481,24.0,0.0,0.7527626292422775,1.1250000000000353,0.16891891891892927
34.0,24.02973303065481,24.029020092828656,24.0,0.0,0.7524226473866867,1.1250000000000353,0.16891891891892927
34.1,24.029020092828656,24.0283421803083,24.0,0.0,0.7521107966030172,1.1250000000000353,0.16891891891892927
34.2,24.0283421803083,24.027698547408484,24.0,0.0,0.7518268980633652,1.1250000000000353,0.16891891891892927
34.300000000000004,24.027698547408484,24.0270883909754,24.0,0.0,0.7515706919194585,1.1250000000000353,0.16891891891892927
34.4,24.0270883909754,24.026510853863016,24.0,0.0,0.7513418401041214,1.1250000000000353,0.16891891891892927
34.5,24.026510853863016,24.02596502851737,24.0,0.0,0.7511399293301044,1.1250000000000353,0.16891891891892927
34.6,24.02596502851737,24.025449960653585,24.0,0.0,0.7509644742709372,1.1250000000000353,0.16891891891892927
34.7,24.025449960653585,24.024964653010393,24.0,0.0,0.7508149209081935,1.1250000000000353,0.16891891891892927
34.800000000000004,24.024964653010393,24.02450806916715,24.0,0.0,0.7506906500293725,1.1250000000000353,0.16891891891892927
34.9,24.02450806916715,24.02407913740842,24.0,0.0,0.7505909808605759,1.1250000000000353,0.16891891891892927
35.0,24.02407913740842,24.02367675462152,24.0,0.0,0.7505151748179576,1.1250000000000353,0.16891891891892927
35.1,24.02367675462152,24.02329979021261,24.0,0.0,0.7504624393621104,1.1250000000000353,0.16891891891892927
35.2,24.02329979021261,24.0229470900273,24.0,0.0,0.7504319319394646,1.1250000000000353,0.16891891891892927
35.300000000000004,24.0229470900273,24.022617480262014,24.0,0.0,0.7504227639949654,1.1250000000000353,0.16891891891892927
35.4,24.022617480262014,24.022309771352848,24.0,0.0,0.7504340050404695,1.1250000000000353,0.16891891891892927
35.5,24.022309771352848,24.02202276182902,24.0,0.0,0.7504646867634835,1.1250000000000353,0.16891891891892927
35.6,24.02202276182902,24.021755242118495,24.0,0.0,0.7505138071611547,1.1250000000000353,0.16891891891892927
35.7,24.021755242118495,24.021505998293833,24.0,0.0,0.7505803346847603,1.1250000000000353,0.16891891891892927
35.800000000000004,24.021505998293833,24.021273815746913,24.0,0.0,0.7506632123802223,1.1250000000000353,0.16891891891892927
35.9,24.021273815746913,24.021057482781593,24.0,0.0,0.7507613620106619,1.1250000000000353,0.16891891891892927
36.0,24.021057482781593,24.02085579411407,24.0,0.0,0.7508736881473398,1.1250000000000353,0.16891891891892927
36.1,24.02085579411407,24.020667554271153,24.0,0.0,0.7509990822158702,1.1250000000000353,0.16891891891892927
36.2,24.020667554271153,24.02049158087736,24.0,0.0,0.751136426485007,1.1250000000000353,0.16891891891892927
36.300000000000004,24.02049158087736,24.020326707822317,24.0,0.0,0.7512845979858626,1.1250000000000353,0.16891891891892927
36.4,24.020326707822317,24.020171788300594,24.0,0.0,0.7514424723499935,1.1250000000000353,0.16891891891892927
36.5,24.020171788300594,24.0200256977167,24.0,0.0,0.751608927555295,1.1250000000000353,0.16891891891892927
36.6,24.0200256977167,24.0198873364487,24.0,0.0,0.7517828475693052,1.1250000000000353,0.16891891891892927
36.7,24.0198873364487,24.019755632464474,24.0,0.0,0.7519631258801143,1.1250000000000353,0.16891891891892927
36.800000000000004,24.019755632464474,24.01962954378536,24.0,0.0,0.7521486689057048,1.1250000000000353,0.16891891891892927
36.9,24.01962954378536,24.01950806079258,24.0,0.0,0.7523383992732113,1.1250000000000353,0.16891891891892927
37.0,24.01950806079258,24.019390208372478,24.0,0.0,0.7525312589602645,1.1250000000000353,0.16891891891892927
37.1,24.019390208372478,24.01927504789724,24.0,0.0,0.7527262122912369,1.1250000000000353,0.16891891891892927
37.2,24.01927504789724,24.019161679038504,24.0,0.0,0.7529222487818839,1.1250000000000353,0.16891891891892927
37.300000000000004,24.019161679038504,24.019049241411825,24.0,0.0,0.7531183858265932,1.1250000000000353,0.16891891891892927
37.4,24.019049241411825,24.01893691605056,24.0,0.0,0.7533136712231299,1.1250000000000353,0.16891891891892927
37.5,24.01893691605056,24.018823926708517,24.0,0.0,0.753507185530399,1.1250000000000353,0.16891891891892927
37.6,24.018823926708517,24.018709540991125,24.0,0.0,0.7536980442555422,1.1250000000000353,0.16891891891892927
37.7,24.018709540991125,24.018593071315614,24.0,0.0,0.753885399867245,1.1250000000000353,0.16891891891892927
37.800000000000004,24.018593071315614,24.018473875701186,24.0,0.0,0.7540684436328966,1.1250000000000353,0.16891891891892927
37.9,24.018473875701186,24.018351358390774,24.0,0.0,0.7542464072778343,1.1250000000000353,0.16891891891892927
38.0,24.018351358390774,24.018224970306445,24.0,0.0,0.7544185644656266,1.1250000000000353,0.16891891891892927
38.1,24.018224970306445,24.01809420934111,24.0,0.0,0.7545842320989059,1.1250000000000353,0.16891891891892927
38.2,24.01809420934111,24.017958620489612,24.0,0.0,0.7547427714409647,1.1250000000000353,0.16891891891892927
38.300000000000004,24.017958620489612,24.01781779582278,24.0,0.0,0.7548935890588659,1.1250000000000353,0.16891891891892927
38.400000000000006,24.01781779582278,24.017671374308495,24.0,0.0,0.7550361375894694,1.1250000000000353,0.16891891891892927
38.5,24.017671374308495,24.01751904148416,24.0,0.0,0.7551699163303003,1.1250000000000353,0.16891891891892927
38.6,24.01751904148416,24.01736052898545,24.0,0.0,0.7552944716577232,1.1250000000000353,0.16891891891892927
38.7,24.01736052898545,24.01719561393651,24.0,0.0,0.7554093972754817,1.1250000000000353,0.16891891891892927
38.800000000000004,24.01719561393651,24.017024118207207,24.0,0.0,0.7555143342970569,1.1250000000000353,0.16891891891892927
38.900000000000006,24.017024118207207,24.016845907543175,24.0,0.0,0.7556089711659002,1.1250000000000353,0.16891891891892927
39.0,24.016845907543175,24.016660890574922,24.0,0.0,0.7556930434179043,1.1250000000000353,0.16891891891892927
39.1,24.016660890574922,24.01646901771229,24.0,0.0,0.7557663332910343,1.1250000000000353,0.16891891891892927
39.2,24.01646901771229,24.016270279930943,24.0,0.0,0.7558286691873339,1.1250000000000353,0.16891891891892927
39.300000000000004,24.016270279930943,24.016064707457684,24.0,0.0,0.7558799249929635,1.1250000000000353,0.16891891891892927
39.400000000000006,24.016064707457684,24.015852368361582,24.0,0.0,0.755920019262197,1.1250000000000353,0.16891891891892927
39.5,24.015852368361582,24.01563336705807,24.0,0.0,0.7559489142716769,1.1250000000000353,0.16891891891892927
39.6,24.01563336705807,24.01540784273321,24.0,0.0,0.7559666149514757,1.1250000000000353,0.16891891891892927
39.7,24.01540784273321,24.015175967695523,24.0,0.0,0.7559731676997474,1.1250000000000353,0.16891891891892927
39.800000000000004,24.015175967695523,24.01493794566269,24.0,0.0,0.7559686590880161,1.1250000000000353,0.16891891891892927
39.900000000000006,24.01493794566269,24.014694009990645,24.0,0.0,0.7559532144643013,1.1250000000000353,0.16891891891892927
40.0,24.014694009990645,24.01444442185239,24.0,0.0,0.7559269964614701,1.1250000000000353,0.16891891891892927
40.1,24.01444442185239,24.01418946837402,24.0,0.0,0.755890203418303,1.1250000000000353,0.16891891891892927
40.2,24.01418946837402,24.01392946073529,24.0,0.0,0.755843067720916,1.1250000000000353,0.16891891891892927
40.300000000000004,24.01392946073529,24.01366473224201,24.0,0.0,0.7557858540721981,1.1250000000000353,0.16891891891892927
40.400000000000006,24.01366473224201,24.0133956363775,24.0,0.0,0.7557188576970203,1.1250000000000353,0.16891891891892927
40.5,24.0133956363775,24.013122544840183,24.0,0.0,0.7556424024909579,1.1250000000000353,0.16891891891892927
40.6,24.013122544840183,24.012845845574294,24.0,0.0,0.755556839120264,1.1250000000000353,0.16891891891892927
40.7,24.012845845574294,24.01256594080047,24.0,0.0,0.7554625430808396,1.1250000000000353,0.16891891891892927
40.800000000000004,24.01256594080047,24.012283245052906,24.0,0.0,0.7553599127238103,1.1250000000000353,0.16891891891892927
40.900000000000006,24.012283245052906,24.011998183229444,24.0,0.0,0.7552493672553152,1.1250000000000353,0.16891891891892927
41.0,24.011998183229444,24.011711188660907,24.0,0.0,0.7551313447179316,1.1250000000000353,0.16891891891892927
41.1,24.011711188660907,24.011422701205614,24.0,0.0,0.7550062999611132,1.1250000000000353,0.16891891891892927
41.2,24.011422701205614,24.01113316537487,24.0,0.0,0.7548747026077869,1.1250000000000353,0.16891891891892927
41.300000000000004,24.01113316537487,24.01084302849493,24.0,0.0,0.754737035024125,1.1250000000000353,0.16891891891892927
41.400000000000006,24.01084302849493,24.010552738910697,24.0,0.0,0.7545937902993095,1.1250000000000353,0.16891891891892927
41.5,24.010552738910697,24.01026274423612,24.0,0.0,0.7544454702418916,1.1250000000000353,0.16891891891892927
41.6,24.01026274423612,24.009973489655945,24.0,0.0,0.7542925833991422,1.1250000000000353,0.16891891891892927
41.7,24.009973489655945,24.009685416283258,24.0,0.0,0.7541356431054993,1.1250000000000353,0.16891891891892927
41.800000000000004,24.009685416283258,24.00939895957687,24.0,0.0,0.7539751655660113,1.1250000000000353,0.16891891891892927
41.900000000000006,24.00939895957687,24.009114547822325,24.0,0.0,0.7538116679803942,1.1250000000000353,0.16891891891892927
42.0,24.009114547822325,24.008832600679998,24.0,0.0,0.7536456667129885,1.1250000000000353,0.16891891891892927
42.1,24.008832600679998,24.00855352780346,24.0,0.0,0.7534776755136819,1.1250000000000353,0.16891891891892927
42.2,24.00855352780346,24.00827772753087,24.0,0.0,0.7533082037945275,1.1250000000000353,0.16891891891892927
42.300000000000004,24.00827772753087,24.008005585651986,24.0,0.0,0.753137754966426,1.1250000000000353,0.16891891891892927
42.400000000000006,24.008005585651986,24.00773747425291,24.0,0.0,0.7529668248400456,1.1250000000000353,0.16891891891892927
42.5,24.00773747425291,24.00747375064046,24.0,0.0,0.7527959000946806,1.1250000000000353,0.16891891891892927
42.6,24.00747375064046,24.00721475634775,24.0,0.0,0.7526254568185216,1.1250000000000353,0.16891891891892927
42.7,24.00721475634775,24.006960816222133,24.0,0.0,0.7524559591234743,1.1250000000000353,0.16891891891892927
42.800000000000004,24.006960816222133,24.006712237596506,24.0,0.0,0.7522878578372586,1.1250000000000353,0.16891891891892927
42.900000000000006,24.006712237596506,24.006469309544542,24.0,0.0,0.7521215892752616,1.1250000000000353,0.16891891891892927
43.0,24.006469309544542,24.006232302220177,24.0,0.0,0.7519575740942435,1.1250000000000353,0.16891891891892927
43.1,24.006232302220177,24.006001466281386,24.0,0.0,0.7517962162296732,1.1250000000000353,0.16891891891892927
43.2,24.006001466281386,24.005777032397948,24.0,0.0,0.751637901918152,1.1250000000000353,0.16891891891892927
43.300000000000004,24.005777032397948,24.005559210842677,24.0,0.0,0.7514829988060056,1.1250000000000353,0.16891891891892927
43.400000000000006,24.005559210842677,24.005348191165307,24.0,0.0,0.7513318551448843,1.1250000000000353,0.16891891891892927
43.5,24.005348191165307,24.00514414194795,24.0,0.0,0.7511847990748255,1.1250000000000353,0.16891891891892927
43.6,24.00514414194795,24.004947210640786,24.0,0.0,0.7510421379949618,1.1250000000000353,0.16891891891892927
43.7,24.004947210640786,24.004757523476453,24.0,0.0,0.7509041580217112,1.1250000000000353,0.16891891891892927
43.800000000000004,24.004757523476453,24.004575185461338,24.0,0.0,0.7507711235340737,1.1250000000000353,0.16891891891892927
43.900000000000006,24.004575185461338,24.00440028044175,24.0,0.0,0.7506432768052673,1.1250000000000353,0.16891891891892927
44.0,24.00440028044175,24.004232871242788,24.0,0.0,0.7505208377197473,1.1250000000000353,0.16891891891892927
44.1,24.004232871242788,24.004072999877504,24.0,0.0,0.7504040035743405,1.1250000000000353,0.16891891891892927
44.2,24.004072999877504,24.003920687823786,24.0,0.0,0.7502929489620025,1.1250000000000353,0.16891891891892927
44.300000000000004,24.003920687823786,24.00377593636622,24.0,0.0,0.7501878257364311,1.1250000000000353,0.16891891891892927
44.400000000000006,24.00377593636622,24.003638727000055,24.0,0.0,0.750088763055559,1.1250000000000353,0.16891891891892927
44.5,24.003638727000055,24.003509021894253,24.0,0.0,0.7499958675017315,1.1250000000000353,0.16891891891892927
44.6,24.003509021894253,24.003386764410454,24.0,0.0,0.7499092232761878,1.1250000000000353,0.16891891891892927
44.7,24.003386764410454,24.003271879674646,24.0,0.0,0.7498288924651988,1.1250000000000353,0.16891891891892927
44.800000000000004,24.003271879674646,24.00316427519815,24.0,0.0,0.749754915375162,1.1250000000000353,0.16891891891892927
44.900000000000006,24.00316427519815,24.003063841544517,24.0,0.0,0.749687310933666,1.1250000000000353,0.16891891891892927
45.0,24.003063841544517,24.00297045303885,24.0,0.0,0.7496260771534741,1.1250000000000353,0.16891891891892927
45.1,24.00297045303885,24.00288396851595,24.0,0.0,0.7495711916561996,1.1250000000000353,0.16891891891892927
45.2,24.00288396851595,24.00280423210379,24.0,0.0,0.7495226122523285,1.1250000000000353,0.16891891891892927
45.300000000000004,24.00280423210379,24.002731074038607,24.0,0.0,0.7494802775741884,1.1250000000000353,0.16891891891892927
45.400000000000006,24.002731074038607,24.002664311508035,24.0,0.0,0.7494441077582648,1.1250000000000353,0.16891891891892927
45.5,24.002664311508035,24.002603749518645,24.0,0.0,0.7494140051733309,1.1250000000000353,0.16891891891892927
45.6,24.002603749518645,24.00254918178427,24.0,0.0,0.74938985519065,1.1250000000000353,0.16891891891892927
45.7,24.00254918178427,24.00250039163151,24.0,0.0,0.7493715269925922,1.1250000000000353,0.16891891891892927
45.800000000000004,24.00250039163151,24.002457152918854,24.0,0.0,0.7493588744158635,1.1250000000000353,0.16891891891892927
45.900000000000006,24.002457152918854,24.002419230965934,24.0,0.0,0.749351736825592,1.1250000000000353,0.16891891891892927
46.0,24.002419230965934,24.002386383489437,24.0,0.0,0.749349940016495,1.1250000000000353,0.16891891891892927
46.1,24.002386383489437,24.002358361542264,24.0,0.0,0.7493532971373521,1.1250000000000353,0.16891891891892927
46.2,24.002358361542264,24.002334910452653,24.0,0.0,0.749361609634996,1.1250000000000353,0.16891891891892927
46.300000000000004,24.002334910452653,24.00231577076004,24.0,0.0,0.7493746682141275,1.1250000000000353,0.16891891891892927
46.400000000000006,24.00231577076004,24.002300679144497,24.0,0.0,0.7493922538092608,1.1250000000000353,0.16891891891892927
46.5,24.002300679144497,24.002289369346762,24.0,0.0,0.7494141385651637,1.1250000000000353,0.16891891891892927
46.6,24.002289369346762,24.0022815730759,24.0,0.0,0.7494400868222182,1.1250000000000353,0.16891891891892927
46.7,24.0022815730759,24.002277020901833,24.0,0.0,0.7494698561032412,1.1250000000000353,0.16891891891892927
46.800000000000004,24.002277020901833,24.002275443130035,24.0,0.0,0.7495031980983232,1.1250000000000353,0.16891891891892927
46.900000000000006,24.002275443130035,24.002276570655873,24.0,0.0,0.7495398596444096,1.1250000000000353,0.16891891891892927
47.0,24.002276570655873,24.002280135796177,24.0,0.0,0.7495795836963807,1.1250000000000353,0.16891891891892927
47.1,24.002280135796177,24.002285873095747,24.0,0.0,0.7496221102865903,1.1250000000000353,0.16891891891892927
47.2,24.002285873095747,24.00229352010672,24.0,0.0,0.7496671774698191,1.1250000000000353,0.16891891891892927
47.300000000000004,24.00229352010672,24.002302818138766,24.0,0.0,0.7497145222508562,1.1250000000000353,0.16891891891892927
47.400000000000006,24.002302818138766,24.00231351297836,24.0,0.0,0.7497638814919563,1.1250000000000353,0.16891891891892927
47.5,24.00231351297836,24.002325355575373,24.0,0.0,0.7498149927976219,1.1250000000000353,0.16891891891892927
47.6,24.002325355575373,24.002338102695514,24.0,0.0,0.7498675953742492,1.1250000000000353,0.16891891891892927
47.7,24.002338102695514,24.00235151753728,24.0,0.0,0.7499214308623733,1.1250000000000353,0.16891891891892927
47.800000000000004,24.00235151753728,24.002365370312162,24.0,0.0,0.749976244139383,1.1250000000000353,0.16891891891892927
47.900000000000006,24.002365370312162,24.00237943878708,24.0,0.0,0.7500317840907215,1.1250000000000353,0.16891891891892927
48.0,24.00237943878708,24.00239350878817,24.0,0.0,0.7500878043477593,1.1250000000000353,0.16891891891892927
48.1,24.00239350878817,24.002407374665157,24.0,0.0,0.7501440639906771,1.1250000000000353,0.16891891891892927
48.2,24.002407374665157,24.002420839715754,24.0,0.0,0.7502003282148747,1.1250000000000353,0.16891891891892927
48.300000000000004,24.002420839715754,24.002433716569648,24.0,0.0,0.7502563689595616,1.1250000000000353,0.16891891891892927
48.400000000000006,24.002433716569648,24.002445827531794,24.0,0.0,0.7503119654973827,1.1250000000000353,0.16891891891892927
48.5,24.002445827531794,24.00245700488486,24.0,0.0,0.7503669049840502,1.1250000000000353,0.16891891891892927
48.6,24.00245700488486,24.00246709115087,24.0,0.0,0.7504209829671427,1.1250000000000353,0.16891891891892927
48.7,24.00246709115087,24.00247593931215,24.0,0.0,0.7504740038534108,1.1250000000000353,0.16891891891892927
48.800000000000004,24.00247593931215,24.002483412991886,24.0,0.0,0.7505257813340416,1.1250000000000353,0.16891891891892927
48.900000000000006,24.002483412991886,24.002489386594696,24.0,0.0,0.7505761387675279,1.1250000000000353,0.16891891891892927
49.0,24.002489386594696,24.002493745407754,24.0,0.0,0.7506249095199247,1.1250000000000353,0.16891891891892927
49.1,24.002493745407754,24.002496385663115,24.0,0.0,0.7506719372624486,1.1250000000000353,0.16891891891892927
49.2,24.002496385663115,24.00249721456203,24.0,0.0,0.7507170762264705,1.1250000000000353,0.16891891891892927
49.300000000000004,24.00249721456203,24.002496150262154,24.0,0.0,0.7507601914161635,1.1250000000000353,0.16891891891892927
49.400000000000006,24.002496150262154,24.002493121828557,24.0,0.0,0.7508011587791764,1.1250000000000353,0.16891891891892927
49.5,24.002493121828557,24.002488069149734,24.0,0.0,0.7508398653357818,1.1250000000000353,0.16891891891892927
49.6,24.002488069149734,24.002480942819687,24.0,0.0,0.750876209267203,1.1250000000000353,0.16891891891892927
49.7,24.002480942819687,24.00247170398742,24.0,0.0,0.7509100999638003,1.1250000000000353,0.16891891891892927
49.800000000000004,24.00247170398742,24.002460324175146,24.0,0.0,0.750941458034045,1.1250000000000353,0.16891891891892927
49.900000000000006,24.002460324175146,24.00244678506662,24.0,0.0,0.7509702152752216,1.1250000000000353,0.16891891891892927
50.0,24.00244678506662,24.002431078267097,24.0,0.0,0.750996314606958,1.1250000000000353,0.16891891891892927
50.1,24.002431078267097,24.002413205036447,24.0,0.0,0.751019709968763,1.1250000000000353,0.16891891891892927
50.2,24.002413205036447,24.002393175996996,24.0,0.0,0.7510403661828702,1.1250000000000353,0.16891891891892927
50.300000000000004,24.002393175996996,24.002371010817754,24.0,0.0,0.7510582587837074,1.1250000000000353,0.16891891891892927
50.400000000000006,24.002371010817754,24.002346737876692,24.0,0.0,0.7510733738154678,1.1250000000000353,0.16891891891892927
50.5,24.002346737876692,24.002320393902764,24.0,0.0,0.7510857075992853,1.1250000000000353,0.16891891891892927
50.6,24.002320393902764,24.002292023599427,24.0,0.0,0.7510952664715678,1.1250000000000353,0.16891891891892927
50.7,24.002292023599427,24.00226167925138,24.0,0.0,0.7511020664951691,1.1250000000000353,0.16891891891892927
50.800000000000004,24.00226167925138,24.002229420316304,24.0,0.0,0.751106133145024,1.1250000000000353,0.16891891891892927
50.900000000000006,24.002229420316304,24.002195313003362,24.0,0.0,0.751107500970029,1.1250000000000353,0.16891891891892927
51.0,24.002195313003362,24.002159429840212,24.0,0.0,0.751106213232891,1.1250000000000353,0.16891891891892927
51.1,24.002159429840212,24.00212184923033,24.0,0.0,0.751102321529756,1.1250000000000353,0.16891891891892927
51.2,24.00212184923033,24.002082655002344,24.0,0.0,0.7510958853914496,1.1250000000000353,0.16891891891892927
51.300000000000004,24.002082655002344,24.00204193595314,24.0,0.0,0.7510869718681112,1.1250000000000353,0.16891891891892927
51.400000000000006,24.00204193595314,24.001999785386438,24.0,0.0,0.7510756550991289,1.1250000000000353,0.16891891891892927
51.5,24.001999785386438,24.001956300648512,24.0,0.0,0.751062015870143,1.1250000000000353,0.16891891891892927
51.6,24.001956300648512,24.001911582662707,24.0,0.0,0.7510461411590389,1.1250000000000353,0.16891891891892927
51.7,24.001911582662707,24.001865735464353,24.0,0.0,0.7510281236726892,1.1250000000000353,0.16891891891892927
51.800000000000004,24.001865735464353,24.001818865737633,24.0,0.0,0.7510080613763035,1.1250000000000353,0.16891891891892927
51.900000000000006,24.001818865737633,24.001771082355937,24.0,0.0,0.7509860570171493,1.1250000000000353,0.16891891891892927
52.0,24.001771082355937,24.001722495927172,24.0,0.0,0.7509622176444295,1.1250000000000353,0.16891891891892927
52.1,24.001722495927172,24.001673218345402,24.0,0.0,0.7509366541270552,1.1250000000000353,0.16891891891892927
52.2,24.001673218345402,24.001623362350216,24.0,0.0,0.7509094806709663,1.1250000000000353,0.16891891891892927
52.300000000000004,24.001623362350216,24.00157304109509,24.0,0.0,0.7508808143377027,1.1250000000000353,0.16891891891892927
52.400000000000006,24.00157304109509,24.001522367725986,24.0,0.0,0.7508507745658042,1.1250000000000353,0.16891891891892927
52.5,24.001522367725986,24.00147145497134,24.0,0.0,0.7508194826966108,1.1250000000000353,0.16891891891892927
52.6,24.00147145497134,24.001420414744523,24.0,0.0,0.7507870615059348,1.1250000000000353,0.16891891891892927
52.7,24.001420414744523,24.001369357759824,24.0,0.0,0.7507536347430702,1.1250000000000353,0.16891891891892927
52.800000000000004,24.001369357759824,24.001318393162894,24.0,0.0,0.7507193266785244,1.1250000000000353,0.16891891891892927
52.900000000000006,24.001318393162894,24.001267628176503,24.0,0.0,0.7506842616617565,1.1250000000000353,0.16891891891892927
53.0,24.001267628176503,24.001217167762466,24.0,0.0,0.7506485636901837,1.1250000000000353,0.16891891891892927
53.1,24.001217167762466,24.001167114300397,24.0,0.0,0.7506123559906495,1.1250000000000353,0.16891891891892927
53.2,24.001167114300397,24.001117567284002,24.0,0.0,0.7505757606144102,1.1250000000000353,0.16891891891892927
53.300000000000004,24.001117567284002,24.001068623035447,24.0,0.0,0.7505388980467086,1.1250000000000353,0.16891891891892927
53.400000000000006,24.001068623035447,24.001020374438315,24.0,0.0,0.7505018868318727,1.1250000000000353,0.16891891891892927
53.5,24.001020374438315,24.000972910689573,24.0,0.0,0.7504648432148007,1.1250000000000353,0.16891891891892927
53.6,24.000972910689573,24.00092631707088,24.0,0.0,0.7504278807996536,1.1250000000000353,0.16891891891892927
53.7,24.00092631707088,24.000880674739538,24.0,0.0,0.7503911102264449,1.1250000000000353,0.16891891891892927
53.800000000000004,24.000880674739538,24.000836060539235,24.0,0.0,0.7503546388661754,1.1250000000000353,0.16891891891892927
53.900000000000006,24.000836060539235,24.000792546830777,24.0,0.0,0.7503185705350793,1.1250000000000353,0.16891891891892927
54.0,24.000792546830777,24.000750201342786,24.0,0.0,0.750283005228448,1.1250000000000353,0.16891891891892927
54.1,24.000750201342786,24.000709087042395,24.0,0.0,0.7502480388744379,1.1250000000000353,0.16891891891892927
54.2,24.000709087042395,24.000669262025855,24.0,0.0,0.7502137631081602,1.1250000000000353,0.16891891891892927
54.300000000000004,24.000669262025855,24.00063077942888,24.0,0.0,0.7501802650663413,1.1250000000000353,0.16891891891892927
54.400000000000006,24.00063077942888,24.00059368735656,24.0,0.0,0.7501476272026659,1.1250000000000353,0.16891891891892927
54.5,24.00059368735656,24.00055802883251,24.0,0.0,0.7501159271239481,1.1250000000000353,0.16891891891892927
54.6,24.00055802883251,24.000523841767,24.0,0.0,0.7500852374471053,1.1250000000000353,0.16891891891892927
54.7,24.000523841767,24.00049115894359,24.0,0.0,0.7500556256769001,1.1250000000000353,0.16891891891892927
54.800000000000004,24.00049115894359,24.00046000802393,24.0,0.0,0.7500271541043414,1.1250000000000353,0.16891891891892927
54.900000000000006,24.00046000802393,24.000430411570132,24.0,0.0,0.7499998797255327,1.1250000000000353,0.16891891891892927
55.0,24.000430411570132,24.00040238708427,24.0,0.0,0.7499738541807237,1.1250000000000353,0.16891891891892927
55.1,24.00040238708427,24.000375947064356,24.0,0.0,0.7499491237132565,1.1250000000000353,0.16891891891892927
55.2,24.000375947064356,24.000351099076195,24.0,0.0,0.7499257291480195,1.1250000000000353,0.16891891891892927
55.300000000000004,24.000351099076195,24.000327845840477,24.0,0.0,0.7499037058889765,1.1250000000000353,0.16891891891892927
55.400000000000006,24.000327845840477,24.00030618533439,24.0,0.0,0.7498830839352889,1.1250000000000353,0.16891891891892927
55.5,24.00030618533439,24.000286110907016,24.0,0.0,0.74986388791551,1.1250000000000353,0.16891891891892927
55.6,24.000286110907016,24.000267611407782,24.0,0.0,0.7498461371392229,1.1250000000000353,0.16891891891892927
55.7,24.000267611407782,24.00025067132718,24.0,0.0,0.7498298456655541,1.1250000000000353,0.16891891891892927
55.800000000000004,24.00025067132718,24.000235270948927,24.0,0.0,0.7498150223878357,1.1250000000000353,0.16891891891892927
55.900000000000006,24.000235270948927,24.000221386512795,24.0,0.0,0.7498016711337361,1.1250000000000353,0.16891891891892927
56.0,24.000221386512795,24.000208990387232,24.0,0.0,0.7497897907801276,1.1250000000000353,0.16891891891892927
56.1,24.000208990387232,24.000198051250948,24.0,0.0,0.7497793753818974,1.1250000000000353,0.16891891891892927
56.2,24.000198051250948,24.000188534282614,24.0,0.0,0.7497704143138971,1.1250000000000353,0.16891891891892927
56.300000000000004,24.000188534282614,24.000180401357802,24.0,0.0,0.7497628924252419,1.1250000000000353,0.16891891891892927
56.400000000000006,24.000180401357802,24.000173611252315,24.0,0.0,0.7497567902050617,1.1250000000000353,0.16891891891892927
56.5,24.000173611252315,24.00016811985104,24.0,0.0,0.7497520839588934,1.1250000000000353,0.16891891891892927
56.6,24.00016811985104,24.000163880361455,24.0,0.0,0.7497487459948076,1.1250000000000353,0.16891891891892927
56.7,24.000163880361455,24.000160843530974,24.0,0.0,0.7497467448183741,1.1250000000000353,0.16891891891892927
56.800000000000004,24.000160843530974,24.00015895786723,24.0,0.0,0.7497460453356194,1.1250000000000353,0.16891891891892927
56.900000000000006,24.00015895786723,24.000158169860534,24.0,0.0,0.7497466090630177,1.1250000000000353,0.16891891891892927
57.0,24.000158169860534,24.000158424207605,24.0,0.0,0.749748394343667,1.1250000000000353,0.16891891891892927
57.1,24.000158424207605,24.000159664035884,24.0,0.0,0.7497513565687103,1.1250000000000353,0.16891891891892927
57.2,24.000159664035884,24.00016183112754,24.0,0.0,0.7497554484031576,1.1250000000000353,0.16891891891892927
57.300000000000004,24.00016183112754,24.00016486614248,24.0,0.0,0.7497606200151801,1.1250000000000353,0.16891891891892927
57.400000000000006,24.00016486614248,24.000168708839606,24.0,0.0,0.7497668193080448,1.1250000000000353,0.16891891891892927
57.5,24.000168708839606,24.000173298295586,24.0,0.0,0.7497739921537911,1.1250000000000353,0.16891891891892927
57.6,24.000173298295586,24.000178573120486,24.0,0.0,0.7497820826278424,1.1250000000000353,0.16891891891892927
57.7,24.000178573120486,24.0001844716696,24.0,0.0,0.7497910332437014,1.1250000000000353,0.16891891891892927
57.800000000000004,24.0001844716696,24.000190932250824,24.0,0.0,0.7498007851869527,1.1250000000000353,0.16891891891892927
57.900000000000006,24.000190932250824,24.000197893327027,24.0,0.0,0.7498112785477711,1.1250000000000353,0.16891891891892927
58.0,24.000197893327027,24.000205293712803,24.0,0.0,0.7498224525511852,1.1250000000000353,0.16891891891892927
58.1,24.000205293712803,24.000213072765124,24.0,0.0,0.7498342457843862,1.1250000000000353,0.16891891891892927
58.2,24.000213072765124,24.000221170567368,24.0,0.0,0.7498465964203613,1.1250000000000353,0.16891891891892927
58.300000000000004,24.000221170567368,24.000229528106264,24.0,0.0,0.7498594424371994,1.1250000000000353,0.16891891891892927
58.400000000000006,24.000229528106264,24.00023808744136,24.0,0.0,0.749872721832414,1.1250000000000353,0.16891891891892927
58.5,24.00023808744136,24.0002467918666,24.0,0.0,0.7498863728317181,1.1250000000000353,0.16891891891892927
58.6,24.0002467918666,24.000255586063663,24.0,0.0,0.7499003340916447,1.1250000000000353,0.16891891891892927
58.7,24.000255586063663,24.000264416246754,24.0,0.0,0.749914544895495,1.1250000000000353,0.16891891891892927
58.800000000000004,24.000264416246754,24.000273230298603,24.0,0.0,0.7499289453421275,1.1250000000000353,0.16891891891892927
58.900000000000006,24.000273230298603,24.00028197789737,24.0,0.0,0.7499434765271236,1.1250000000000353,0.16891891891892927
59.0,24.00028197789737,24.00029061063431,24.0,0.0,0.7499580807158939,1.1250000000000353,0.16891891891892927
59.1,24.00029061063431,24.00029908212202,24.0,0.0,0.7499727015083683,1.1250000000000353,0.16891891891892927
59.2,24.00029908212202,24.000307348093134,24.0,0.0,0.7499872839949144,1.1250000000000353,0.16891891891892927
59.300000000000004,24.000307348093134,24.000315366489367,24.0,0.0,0.7500017749031809,1.1250000000000353,0.16891891891892927
59.400000000000006,24.000315366489367,24.000323097540864,24.0,0.0,0.7500161227355879,1.1250000000000353,0.16891891891892927
59.5,24.000323097540864,24.00033050383584,24.0,0.0,0.7500302778972526,1.1250000000000353,0.16891891891892927
59.6,24.00033050383584,24.000337550380507,24.0,0.0,0.750044192814166,1.1250000000000353,0.16891891891892927
59.7,24.000337550380507,24.000344204649323,24.0,0.0,0.7500578220414519,1.1250000000000353,0.16891891891892927
59.800000000000004,24.000344204649323,24.000350436625673,24.0,0.0,0.7500711223615949,1.1250000000000353,0.16891891891892927
59.900000000000006,24.000350436625673,24.00035621883307,24.0,0.0,0.7500840528725846,1.1250000000000353,0.16891891891892927
60.0,24.00035621883307,24.005349047164305,24.0,1.0,0.7500965750659226,1.1250000000000353,0.16891891891892927
60.1,24.005349047164305,24.010316503108385,24.0,1.0,0.7558038624649877,1.1250000000000353,0.16891891891892927
60.2,24.010316503108385,24.015258690970153,24.0,1.0,0.7615665156572865,1.1250000000000353,0.16891891891892927
60.300000000000004,24.015258690970153,24.020175717008918,24.0,1.0,0.767384225160056,1.1250000000000353,0.16891891891892927
60.400000000000006,24.020175717008918,24.025067689427924,24.0,1.0,0.7732566854842226,1.1250000000000353,0.16891891891892927
60.5,24.025067689427924,24.02993471835556,24.0,1.0,0.779183595155401,1.1250000000000353,0.16891891891892927
60.6,24.02993471835556,24.03477691581855,24.0,1.0,0.7851646567252664,1.1250000000000353,0.16891891891892927
60.7,24.03477691581855,24.039594395707503,24.0,1.0,0.7911995767734726,1.1250000000000353,0.16891891891892927
60.800000000000004,24.039594395707503,24.044387273735055,24.0,1.0,0.7972880659003606,1.1250000000000353,0.16891891891892927
60.900000000000006,24.044387273735055,24.049155667387016,24.0,1.0,0.8034298387106643,1.1250000000000353,0.16891891891892927
61.0,24.049155667387016,24.053899695866857,24.0,1.0,0.8096246137884962,1.1250000000000353,0.16891891891892927
61.1,24.053899695866857,24.05861948003389,24.0,1.0,0.8158721136639066,1.1250000000000353,0.16891891891892927
61.2,24.05861948003389,24.063315142335544,24.0,1.0,0.8221720647713106,1.1250000000000353,0.16891891891892927
61.300000000000004,24.063315142335544,24.067986806734112,24.0,1.0,0.8285241974001226,1.1250000000000353,0.16891891891892927
61.400000000000006,24.067986806734112,24.072634598628387,24.0,1.0,0.8349282456379398,1.1250000000000353,0.16891891891892927
61.5,24.072634598628387,24.077258644770573,24.0,1.0,0.8413839473066409,1.1250000000000353,0.16891891891892927
61.6,24.077258644770573,24.08185907317891,24.0,1.0,0.8478910438917798,1.1250000000000353,0.16891891891892927
61.7,24.08185907317891,24.086436013046402,24.0,1.0,0.854449280465669,1.1250000000000353,0.16891891891892927
61.800000000000004,24.086436013046402,24.090989594646082,24.0,1.0,0.8610584056045423,1.1250000000000353,0.16891891891892927
61.900000000000006,24.090989594646082,24.095519949233246,24.0,1.0,0.8677181713002312,1.1250000000000353,0.16891891891892927
62.0,24.095519949233246,24.100027208945043,24.0,1.0,0.8744283328667579,1.1250000000000353,0.16891891891892927
62.1,24.100027208945043,24.104284266887994,24.0,1.0,0.8811886488422774,1.1250000000000353,0.16891891891892927
62.2,24.104284266887994,24.108290161844263,24.0,1.0,0.8877393975903946,1.1250000000000353,0.16891891891892927
62.300000000000004,24.108290161844263,24.112043949738514,24.0,1.0,0.8940752551230255,1.1250000000000353,0.16891891891892927
62.400000000000006,24.112043949738514,24.11554470339308,24.0,1.0,0.9001909007901816,1.1250000000000353,0.16891891891892927
62.5,24.11554470339308,24.11879151228349,24.0,1.0,0.9060810172899664,1.1250000000000353,0.16891891891892927
62.6,24.11879151228349,24.121783482294767,24.0,1.0,0.9117402906748445,1.1250000000000353,0.16891891891892927
62.7,24.121783482294767,24.12451973547887,24.0,1.0,0.917163410354672,1.1250000000000353,0.16891891891892927
62.800000000000004,24.12451973547887,24.12699940981364,24.0,1.0,0.9223450690969046,1.1250000000000353,0.16891891891892927
62.900000000000006,24.12699940981364,24.129221658963584,24.0,1.0,0.9272799630244257,1.1250000000000353,0.16891891891892927
63.0,24.129221658963584,24.131185652042877,24.0,1.0,0.9319627916114176,1.1250000000000353,0.16891891891892927
63.1,24.131185652042877,24.132890573380845,24.0,1.0,0.9363882576776985,1.1250000000000353,0.16891891891892927
63.2,24.132890573380845,24.134335622290298,24.0,1.0,0.9405510673819132,1.1250000000000353,0.16891891891892927
63.300000000000004,24.134335622290298,24.13552001283899,24.0,1.0,0.9444459302140056,1.1250000000000353,0.16891891891892927
63.400000000000006,24.13552001283899,24.136442973624483,24.0,1.0,0.9480675589873506,1.1250000000000353,0.16891891891892927
63.5,24.136442973624483,24.13710374755266,24.0,1.0,0.9514106698309015,1.1250000000000353,0.16891891891892927
63.6,24.13710374755266,24.137501591620218,24.0,1.0,0.9544699821817351,1.1250000000000353,0.16891891891892927
63.7,24.137501591620218,24.137635776701234,24.0,1.0,0.9572402187783484,1.1250000000000353,0.16891891891892927
63.800000000000004,24.137635776701234,24.137505587338183,24.0,1.0,0.9597161056549858,1.1250000000000353,0.16891891891892927
63.900000000000006,24.137505587338183,24.137110321537453,24.0,1.0,0.9618923721374002,1.1250000000000353,0.16891891891892927
64.0,24.137110321537453,24.13644929056966,24.0,1.0,0.9637637508402521,1.1250000000000353,0.16891891891892927
64.10000000000001,24.13644929056966,24.13552181877484,24.0,1.0,0.9653249776665156,1.1250000000000353,0.16891891891892927
64.2,24.13552181877484,24.134337596799416,24.0,1.0,0.9665707918090793,1.1250000000000353,0.16891891891892927
64.3,24.134337596799416,24.132906479385525,24.0,1.0,0.9675077582488787,1.1250000000000353,0.16891891891892927
64.4,24.132906479385525,24.131238484419395,24.0,1.0,0.9681427930397644,1.1250000000000353,0.16891891891892927
64.5,24.131238484419395,24.129343791984063,24.0,1.0,0.9684831649937361,1.1250000000000353,0.16891891891892927
64.60000000000001,24.129343791984063,24.127232743416585,24.0,1.0,0.9685364973550695,1.1250000000000353,0.16891891891892927
64.7,24.127232743416585,24.124915840369813,24.0,1.0,0.9683107694635584,1.1250000000000353,0.16891891891892927
64.8,24.124915840369813,24.12240374387885,24.0,1.0,0.9678143184070517,1.1250000000000353,0.16891891891892927
64.9,24.12240374387885,24.119707273432237,24.0,1.0,0.9670558406634816,1.1250000000000353,0.16891891891892927
65.0,24.119707273432237,24.116837406047967,24.0,1.0,0.9660443937325339,1.1250000000000353,0.16891891891892927
65.10000000000001,24.116837406047967,24.11380527535429,24.0,1.0,0.9647893977571218,1.1250000000000353,0.16891891891892927
65.2,24.11380527535429,24.110622170675406,24.0,1.0,0.9633006371347484,1.1250000000000353,0.16891891891892927
65.3,24.110622170675406,24.107299536122003,24.0,1.0,0.9615882621188971,1.1250000000000353,0.16891891891892927
65.4,24.107299536122003,24.103848969686666,24.0,1.0,0.9596627904105424,1.1250000000000353,0.16891891891892927
65.5,24.103848969686666,24.100282222344074,24.0,1.0,0.95753510873982,1.1250000000000353,0.16891891891892927
65.60000000000001,24.100282222344074,24.09661119715602,24.0,1.0,0.9552164744379182,1.1250000000000353,0.16891891891892927
65.7,24.09661119715602,24.09284794838114,24.0,1.0,0.9527185169992621,1.1250000000000353,0.16891891891892927
65.8,24.09284794838114,24.08900468058932,24.0,1.0,0.9500532396339634,1.1250000000000353,0.16891891891892927
65.9,24.08900468058932,24.08509374778067,24.0,1.0,0.9472330208105503,1.1250000000000353,0.16891891891892927
66.0,24.08509374778067,24.081127652509032,24.0,1.0,0.9442706157890088,1.1250000000000353,0.16891891891892927
66.10000000000001,24.081127652509032,24.077119045009837,24.0,1.0,0.9411791581440399,1.1250000000000353,0.16891891891892927
66.2,24.077119045009837,24.07308072233229,24.0,1.0,0.9379721612785579,1.1250000000000353,0.16891891891892927
66.3,24.07308072233229,24.069025155756208,24.0,1.0,0.9346635199273343,1.1250000000000353,0.16891891891892927
66.4,24.069025155756208,24.064964478408946,24.0,1.0,0.9312669729980977,1.1250000000000353,0.16891891891892927
66.5,24.064964478408946,24.060910472876824,24.0,1.0,0.9277960839285252,1.1250000000000353,0.16891891891892927
66.60000000000001,24.060910472876824,24.05687455881155,24.0,1.0,0.9242642208278068,1.1250000000000353,0.16891891891892927
66.7,24.05687455881155,24.0528677805321,24.0,1.0,0.9206845364032181,1.1250000000000353,0.16891891891892927
66.8,24.0528677805321,24.048900794622483,24.0,1.0,0.9170699476721491,1.1250000000000353,0.16891891891892927
66.9,24.048900794622483,24.044983857525857,24.0,1.0,0.9134331154600203,1.1250000000000353,0.16891891891892927
67.0,24.044983857525857,24.041126813135406,24.0,1.0,0.9097864236845226,1.1250000000000353,0.16891891891892927
67.10000000000001,24.041126813135406,24.037339080382434,24.0,1.0,0.906141958426607,1.1250000000000353,0.16891891891892927
67.2,24.037339080382434,24.033629640822028,24.0,1.0,0.9025114867886761,1.1250000000000353,0.16891891891892927
67.3,24.033629640822028,24.030007026216786,24.0,1.0,0.8989064355403475,1.1250000000000353,0.16891891891892927
67.4,24.030007026216786,24.02647930611894,24.0,1.0,0.895337869552302,1.1250000000000353,0.16891891891892927
67.5,24.02647930611894,24.023054075451316,24.0,1.0,0.8918164700185581,1.1250000000000353,0.16891891891892927
67.60000000000001,24.023054075451316,24.01973844208752,24.0,1.0,0.8883525124676726,1.1250000000000353,0.16891891891892927
67.7,24.01973844208752,24.01653901443172,24.0,1.0,0.8849558445632569,1.1250000000000353,0.16891891891892927
67.8,24.01653901443172,24.013461888998464,24.0,1.0,0.8816358636942638,1.1250000000000353,0.16891891891892927
67.9,24.013461888998464,24.010512637992832,24.0,1.0,0.8784014943554714,1.1250000000000353,0.16891891891892927
68.0,24.010512637992832,24.007696296891435,24.0,1.0,0.8752611653186094,1.1250000000000353,0.16891891891892927
68.10000000000001,24.007696296891435,24.005017352024517,24.0,1.0,0.8722227865945956,1.1250000000000353,0.16891891891892927
68.2,24.005017352024517,24.002479728159628,24.0,1.0,0.8692937261872941,1.1250000000000353,0.16891891891892927
68.3,24.002479728159628,24.000086776087233,24.0,1.0,0.8664807866392877,1.1250000000000353,0.16891891891892927
68.4,24.000086776087233,23.99784128170095,24.0,1.0,0.863790181370128,1.1250000000000353,0.16891891891892927
68.5,23.99784128170095,23.995745475816275,24.0,1.0,0.8612275353494265,1.1250000000000353,0.16891891891892927
68.60000000000001,23.995745475816275,23.993801044732688,24.0,1.0,0.8587978867666041,1.1250000000000353,0.16891891891892927
68.7,23.993801044732688,23.992009141544,24.0,1.0,0.856505689715351,1.1250000000000353,0.16891891891892927
68.8,23.992009141544,23.990370398201797,24.0,1.0,0.8543548179109135,1.1250000000000353,0.16891891891892927
68.9,23.990370398201797,23.988884938336756,24.0,1.0,0.8523485694583992,1.1250000000000353,0.16891891891892927
69.0,23.988884938336756,23.987552390842566,24.0,1.0,0.8504896726902409,1.1250000000000353,0.16891891891892927
69.10000000000001,23.987552390842566,23.986371904227173,24.0,1.0,0.8487802930910772,1.1250000000000353,0.16891891891892927
69.2,23.986371904227173,23.985342161736014,24.0,1.0,0.8472220413282731,1.1250000000000353,0.16891891891892927
69.3,23.985342161736014,23.984461397251856,24.0,1.0,0.8458159824063948,1.1250000000000353,0.16891891891892927
69.4,23.984461397251856,23.98372741197583,24.0,1.0,0.844562645963944,1.1250000000000353,0.16891891891892927
69.5,23.98372741197583,23.983137591894206,24.0,1.0,0.8434620377307107,1.1250000000000353,0.16891891891892927
69.60000000000001,23.983137591894206,23.982688926035394,24.0,1.0,0.842513652164122,1.1250000000000353,0.16891891891892927
69.7,23.982688926035394,23.98237802552168,24.0,1.0,0.8417164862830155,1.1250000000000353,0.16891891891892927
69.8,23.98237802552168,23.98220114342006,24.0,1.0,0.8410690547172778,1.1250000000000353,0.16891891891892927
69.9,23.98220114342006,23.982154195396607,24.0,1.0,0.8405694059918077,1.1250000000000353,0.16891891891892927
70.0,23.982154195396607,23.982232781178705,24.0,1.0,0.840215140063339,1.1250000000000353,0.16891891891892927
70.10000000000001,23.982232781178705,23.982432206829433,24.0,1.0,0.8400034271286511,1.1250000000000353,0.16891891891892927
70.2,23.982432206829433,23.982747507838393,24.0,1.0,0.839931027722703,1.1250000000000353,0.16891891891892927
70.3,23.982747507838393,23.983173473033215,24.0,1.0,0.8399943141253241,1.1250000000000353,0.16891891891892927
70.4,23.983173473033215,23.98370466931588,24.0,1.0,0.8401892930950596,1.1250000000000353,0.16891891891892927
70.5,23.98370466931588,23.984335466248833,24.0,1.0,0.8405116299487992,1.1250000000000353,0.16891891891892927
70.60000000000001,23.984335466248833,23.985060060451847,24.0,1.0,0.8409566728877094,1.1250000000000353,0.16891891891892927
70.7,23.985060060451847,23.985872499770096,24.0,1.0,0.8415194775223811,1.1250000000000353,0.16891891891892927
70.8,23.985872499770096,23.98676670717337,24.0,1.0,0.8421948315488252,1.1250000000000353,0.16891891891892927
70.9,23.98676670717337,23.987736504345825,24.0,1.0,0.8429772795257071,1.1250000000000353,0.16891891891892927
71.0,23.987736504345825,23.988775634925183,24.0,1.0,0.8438611477019127,1.1250000000000353,0.16891891891892927
71.10000000000001,23.988775634925183,23.989877787349702,24.0,1.0,0.844840568842291,1.1250000000000353,0.16891891891892927
71.2,23.989877787349702,23.99103661727079,24.0,1.0,0.8459095069980791,1.1250000000000353,0.16891891891892927
71.3,23.99103661727079,23.99224576948857,24.0,1.0,0.8470617821672562,1.1250000000000353,0.16891891891892927
71.4,23.99224576948857,23.993498899367186,24.0,1.0,0.8482910947887539,1.1250000000000353,0.16891891891892927
71.5,23.993498899367186,23.99478969368617,24.0,1.0,0.8495910500131296,1.1250000000000353,0.16891891891892927
71.60000000000001,23.99478969368617,23.996111890883604,24.0,1.0,0.8509551816910087,1.1250000000000353,0.16891891891892927
71.7,23.996111890883604,23.997459300646355,24.0,1.0,0.8523769760192655,1.1250000000000353,0.16891891891892927
71.8,23.997459300646355,23.99882582280212,24.0,1.0,0.8538498947835487,1.1250000000000353,0.16891891891892927
71.9,23.99882582280212,24.00020546546752,24.0,1.0,0.8553673981344977,1.1250000000000353,0.16891891891892927
72.0,24.00020546546752,24.001592362405937,24.0,1.0,0.8569229668335356,1.1250000000000353,0.16891891891892927
72.10000000000001,24.001592362405937,24.00298078954835,24.0,1.0,0.8585101239028686,1.1250000000000353,0.16891891891892927
72.2,24.00298078954835,24.00436518062985,24.0,1.0,0.8601224556128859,1.1250000000000353,0.16891891891892927
72.3,24.00436518062985,24.005740141894027,24.0,1.0,0.8617536317388629,1.1250000000000353,0.16891891891892927
72.4,24.005740141894027,24.00710046581694,24.0,1.0,0.863397425017379,1.1250000000000353,0.16891891891892927
72.5,24.00710046581694,24.008441143801864,24.0,1.0,0.8650477297316185,1.1250000000000353,0.16891891891892927
72.60000000000001,24.008441143801864,24.0097573778401,24.0,1.0,0.8666985793532032,1.1250000000000353,0.16891891891892927
72.7,24.0097573778401,24.01104459113507,24.0,1.0,0.8683441632178409,1.1250000000000353,0.16891891891892927
72.8,24.01104459113507,24.01229843768888,24.0,1.0,0.8699788422141288,1.1250000000000353,0.16891891891892927
72.9,24.01229843768888,24.01351481085239,24.0,1.0,0.8715971634670432,1.1250000000000353,0.16891891891892927
73.0,24.01351481085239,24.01468985084208,24.0,1.0,0.873193873999848,1.1250000000000353,0.16891891891892927
73.10000000000001,24.01468985084208,24.015819951228835,24.0,1.0,0.8747639333605814,1.1250000000000353,0.16891891891892927
73.2,24.015819951228835,24.016901764406047,24.0,1.0,0.876302525201575,1.1250000000000353,0.16891891891892927
73.3,24.016901764406047,24.017932206046474,24.0,1.0,0.8778050678030676,1.1250000000000353,0.16891891891892927
73.4,24.017932206046474,24.01890845855955,24.0,1.0,0.8792672235344687,1.1250000000000353,0.16891891891892927
73.5,24.01890845855955,24.019827973563064,24.0,1.0,0.8806849072495103,1.1250000000000353,0.16891891891892927
73.60000000000001,24.019827973563064,24.020688473385345,24.0,1.0,0.8820542936143253,1.1250000000000353,0.16891891891892927
73.7,24.020688473385345,24.02148795161649,24.0,1.0,0.8833718233702248,1.1250000000000353,0.16891891891892927
73.8,24.02148795161649,24.022224672729447,24.0,1.0,0.884634208535946,1.1250000000000353,0.16891891891892927
73.9,24.022224672729447,24.02289717079422,24.0,1.0,0.8858384365571018,1.1250000000000353,0.16891891891892927
74.0,24.02289717079422,24.023504247310875,24.0,1.0,0.8869817734136578,1.1250000000000353,0.16891891891892927
74.10000000000001,24.023504247310875,24.024044968189507,24.0,1.0,0.88806176569947,1.1250000000000353,0.16891891891892927
74.2,24.024044968189507,24.02451865990789,24.0,1.0,0.8890762416911326,1.1250000000000353,0.16891891891892927
74.3,24.02451865990789,24.024924904880024,24.0,1.0,0.8900233114268121,1.1250000000000353,0.16891891891892927
74.4,24.024924904880024,24.025263536071467,24.0,1.0,0.890901365819111,1.1250000000000353,0.16891891891892927
74.5,24.025263536071467,24.025534630899994,24.0,1.0,0.8917090748296108,1.1250000000000353,0.16891891891892927
74.60000000000001,24.025534630899994,24.025738504462723,24.0,1.0,0.8924453847363657,1.1250000000000353,0.16891891891892927
74.7,24.025738504462723,24.025875702131696,24.0,1.0,0.8931095145292789,1.1250000000000353,0.16891891891892927
74.8,24.025875702131696,24.02594699156038,24.0,1.0,0.8937009514699092,1.1250000000000353,0.16891891891892927
74.9,24.02594699156038,24.025953354144182,24.0,1.0,0.8942194458535384,1.1250000000000353,0.16891891891892927
75.0,24.025953354144182,24.02589597597842,24.0,1.0,0.8946650050127493,1.1250000000000353,0.16891891891892927
75.10000000000001,24.02589597597842,24.025776238357608,24.0,1.0,0.8950378866029277,1.1250000000000353,0.16891891891892927
75.2,24.025776238357608,24.025595707860106,24.0,1.0,0.8953385912112324,1.1250000000000353,0.16891891891892927
75.3,24.025595707860106,24.025356126062306,24.0,1.0,0.8955678543316118,1.1250000000000353,0.16891891891892927
75.4,24.025356126062306,24.025059398926636,24.0,1.0,0.8957266377493287,1.1250000000000353,0.16891891891892927
75.5,24.025059398926636,24.024707585907514,24.0,1.0,0.8958161203792451,1.1250000000000353,0.16891891891892927
75.60000000000001,24.024707585907514,24.024302888819243,24.0,1.0,0.8958376886027917,1.1250000000000353,0.16891891891892927
75.7,24.024302888819243,24.023847640509544,24.0,1.0,0.8957929261490819,1.1250000000000353,0.16891891891892927
75.8,24.023847640509544,24.023344293382017,24.0,1.0,0.8956836035660348,1.1250000000000353,0.16891891891892927
75.9,24.023344293382017,24.022795407810264,24.0,1.0,0.8955116673276686,1.1250000000000353,0.16891891891892927
76.0,24.022795407810264,24.022203640485827,24.0,1.0,0.895279228623809,1.1250000000000353,0.16891891891892927
76.10000000000001,24.022203640485827,24.021571732741254,24.0,1.0,0.8949885518785106,1.1250000000000353,0.16891891891892927
76.2,24.021571732741254,24.02090249888877,24.0,1.0,0.8946420430432519,1.1250000000000353,0.16891891891892927
76.3,24.02090249888877,24.02019881461395,24.0,1.0,0.8942422377107065,1.1250000000000353,0.16891891891892927
76.4,24.02019881461395,24.01946360546268,24.0,1.0,0.8937917890943355,1.1250000000000353,0.16891891891892927
76.5,24.01946360546268,24.018699835458378,24.0,1.0,0.8932934559184595,1.1250000000000353,0.16891891891892927
76.60000000000001,24.018699835458378,24.017910495885022,24.0,1.0,0.8927500902625797,1.1250000000000353,0.16891891891892927
76.7,24.017910495885022,24.017098594269925,24.0,1.0,0.8921646254027749,1.1250000000000353,0.16891891891892927
76.80000000000001,24.017098594269925,24.016267143598647,24.0,1.0,0.8915400636917006,1.1250000000000353,0.16891891891892927
76.9,24.016267143598647,24.015419151792674,24.0,1.0,0.8908794645175712,1.1250000000000353,0.16891891891892927
77.0,24.015419151792674,24.01455761147886,24.0,1.0,0.8901859323809984,1.1250000000000353,0.16891891891892927
77.10000000000001,24.01455761147886,24.01368549007777,24.0,1.0,0.889462605127263,1.1250000000000353,0.16891891891892927
77.2,24.01368549007777,24.012805720236386,24.0,1.0,0.8887126423699166,1.1250000000000353,0.16891891891892927
77.30000000000001,24.012805720236386,24.01192119062873,24.0,1.0,0.8879392141401917,1.1250000000000353,0.16891891891892927
77.4,24.01192119062873,24.011034737146097,24.0,1.0,0.8871454897949013,1.1250000000000353,0.16891891891892927
77.5,24.011034737146097,24.010149134496825,24.0,1.0,0.8863346272138672,1.1250000000000353,0.16891891891892927
77.60000000000001,24.010149134496825,24.009267088233482,24.0,1.0,0.8855097623161517,1.1250000000000353,0.16891891891892927
77.7,24.009267088233482,24.008391227223587,24.0,1.0,0.8846739989224842,1.1250000000000353,0.16891891891892927
77.80000000000001,24.008391227223587,24.007524096577963,24.0,1.0,0.8838303989894534,1.1250000000000353,0.16891891891892927
77.9,24.007524096577963,24.00666815104901,24.0,1.0,0.8829819732391059,1.1250000000000353,0.16891891891892927
78.0,24.00666815104901,24.005825748909164,24.0,1.0,0.882131672205671,1.1250000000000353,0.16891891891892927
78.10000000000001,24.005825748909164,24.004999146318042,24.0,1.0,0.8812823777191078,1.1250000000000353,0.16891891891892927
78.2,24.004999146318042,24.00419049218475,24.0,1.0,0.8804368948432518,1.1250000000000353,0.16891891891892927
78.30000000000001,24.00419049218475,24.003401823530094,24.0,1.0,0.8795979442842582,1.1250000000000353,0.16891891891892927
78.4,24.003401823530094,24.002635061351537,24.0,1.0,0.8787681552830747,1.1250000000000353,0.16891891891892927
78.5,24.002635061351537,24.00189200699197,24.0,1.0,0.8779500590036765,1.1250000000000353,0.16891891891892927
78.60000000000001,24.00189200699197,24.001174339011598,24.0,1.0,0.8771460824267302,1.1250000000000353,0.16891891891892927
78.7,24.001174339011598,24.000483610560575,24.0,1.0,0.8763585427564407,1.1250000000000353,0.16891891891892927
78.80000000000001,24.000483610560575,23.99982124724831,24.0,1.0,0.8755896423463472,1.1250000000000353,0.16891891891892927
78.9,23.99982124724831,23.999188545503856,24.0,1.0,0.8748414641478912,1.1250000000000353,0.16891891891892927
79.0,23.999188545503856,23.99858667142021,24.0,1.0,0.8741159676837563,1.1250000000000353,0.16891891891892927
79.10000000000001,23.99858667142021,23.998016660073908,24.0,1.0,0.8734149855460771,1.1250000000000353,0.16891891891892927
79.2,23.998016660073908,23.99747941530991,24.0,1.0,0.8727402204178715,1.1250000000000353,0.16891891891892927
79.30000000000001,23.99747941530991,23.996975709980465,24.0,1.0,0.8720932426142854,1.1250000000000353,0.16891891891892927
79.4,23.996975709980465,23.99650618662533,24.0,1.0,0.8714754881385983,1.1250000000000353,0.16891891891892927
79.5,23.99650618662533,23.996071358579652,24.0,1.0,0.870888257246255,1.1250000000000353,0.16891891891892927
79.60000000000001,23.996071358579652,23.995671611494625,24.0,1.0,0.8703327135087141,1.1250000000000353,0.16891891891892927
79.7,23.995671611494625,23.99530720525503,24.0,1.0,0.8698098833673603,1.1250000000000353,0.16891891891892927
79.80000000000001,23.99530720525503,23.994978276276893,24.0,1.0,0.8693206561663139,1.1250000000000353,0.16891891891892927
79.9,23.994978276276893,23.994684840167544,24.0,1.0,0.8688657846516663,1.1250000000000353,0.16891891891892927
80.0,23.994684840167544,23.99442679472967,24.0,1.0,0.868445885923371,1.1250000000000353,0.16891891891892927
80.10000000000001,23.99442679472967,23.994203923290172,24.0,1.0,0.8680614428248445,1.1250000000000353,0.16891891891892927
80.2,23.994203923290172,23.9940158983341,24.0,1.0,0.8677128057542305,1.1250000000000353,0.16891891891892927
80.30000000000001,23.9940158983341,23.993862285423365,24.0,1.0,0.8674001948802406,1.1250000000000353,0.16891891891892927
80.4,23.993862285423365,23.99374254737949,24.0,1.0,0.8671237027445702,1.1250000000000353,0.16891891891892927
80.5,23.99374254737949,23.993656048709326,24.0,1.0,0.8668832972320268,1.1250000000000353,0.16891891891892927
80.60000000000001,23.993656048709326,23.99360206025233,24.0,1.0,0.8666788248887225,1.1250000000000353,0.16891891891892927
80.7,23.99360206025233,23.99357976402782,24.0,1.0,0.8665100145680519,1.1250000000000353,0.16891891891892927
80.80000000000001,23.99357976402782,23.99358825826055,24.0,1.0,0.8663764813835184,1.1250000000000353,0.16891891891892927
80.9,23.99358825826055,23.993626562562778,24.0,1.0,0.8662777309470387,1.1250000000000353,0.16891891891892927
81.0,23.993626562562778,23.993693623251183,24.0,1.0,0.8662131638708738,1.1250000000000353,0.16891891891892927
81.10000000000001,23.993693623251183,23.993788318776986,24.0,1.0,0.8661820805110588,1.1250000000000353,0.16891891891892927
81.2,23.993788318776986,23.99390946524782,24.0,1.0,0.8661836859299011,1.1250000000000353,0.16891891891892927
81.30000000000001,23.99390946524782,23.99405582202017,24.0,1.0,0.8662170950549934,1.1250000000000353,0.16891891891892927
81.4,23.99405582202017,23.994226097341482,24.0,1.0,0.8662813380120631,1.1250000000000353,0.16891891891892927
81.5,23.994226097341482,23.99441895402144,24.0,1.0,0.8663753656090383,1.1250000000000353,0.16891891891892927
81.60000000000001,23.99441895402144,23.9946330151123,24.0,1.0,0.8664980549486788,1.1250000000000353,0.16891891891892927
81.7,23.9946330151123,23.99486686957868,24.0,1.0,0.866648215147386,1.1250000000000353,0.16891891891892927
81.80000000000001,23.99486686957868,23.9951190779378,24.0,1.0,0.8668245931379196,1.1250000000000353,0.16891891891892927
81.9,23.9951190779378,23.995388177851638,24.0,1.0,0.867025879534124,1.1250000000000353,0.16891891891892927
82.0,23.995388177851638,23.995672689653208,24.0,1.0,0.8672507145360355,1.1250000000000353,0.16891891891892927
82.10000000000001,23.995672689653208,23.995971121789875,24.0,1.0,0.8674976938542418,1.1250000000000353,0.16891891891892927
82.2,23.995971121789875,23.9962819761672,24.0,1.0,0.8677653746328209,1.1250000000000353,0.16891891891892927
82.30000000000001,23.9962819761672,23.99660375337776,24.0,1.0,0.8680522813506766,1.1250000000000353,0.16891891891892927
82.4,23.99660375337776,23.996934957800022,24.0,1.0,0.8683569116817739,1.1250000000000353,0.16891891891892927
82.5,23.996934957800022,23.997274102553305,24.0,1.0,0.8686777422953339,1.1250000000000353,0.16891891891892927
82.60000000000001,23.997274102553305,23.99761971429561,24.0,1.0,0.8690132345777998,1.1250000000000353,0.16891891891892927
82.7,23.99761971429561,23.997970337852053,24.0,1.0,0.8693618402591016,1.1250000000000353,0.16891891891892927
82.80000000000001,23.997970337852053,23.9983245406625,24.0,1.0,0.8697220069265198,1.1250000000000353,0.16891891891892927
82.9,23.9983245406625,23.99868091703792,24.0,1.0,0.8700921834102767,1.1250000000000353,0.16891891891892927
83.0,23.99868091703792,23.999038092215837,24.0,1.0,0.8704708250258302,1.1250000000000353,0.16891891891892927
83.10000000000001,23.999038092215837,23.99939472620635,24.0,1.0,0.8708563986586875,1.1250000000000353,0.16891891891892927
83.2,23.99939472620635,23.999749517420938,24.0,1.0,0.8712473876785278,1.1250000000000353,0.16891891891892927
83.30000000000001,23.999749517420938,24.000101206077307,24.0,1.0,0.8716422966702918,1.1250000000000353,0.16891891891892927
83.4,24.000101206077307,24.000448577374506,24.0,1.0,0.8720396559708241,1.1250000000000353,0.16891891891892927
83.5,24.000448577374506,24.00079046443336,24.0,1.0,0.8724380260006881,1.1250000000000353,0.16891891891892927
83.60000000000001,24.00079046443336,24.001125750998323,24.0,1.0,0.8728360013816532,1.1250000000000353,0.16891891891892927
83.7,24.001125750998323,24.00145337389764,24.0,1.0,0.873232214831396,1.1250000000000353,0.16891891891892927
83.80000000000001,24.00145337389764,24.001772325259747,24.0,1.0,0.8736253408278846,1.1250000000000353,0.16891891891892927
83.9,24.001772325259747,24.002081654484584,24.0,1.0,0.8740140990369404,1.1250000000000353,0.16891891891892927
84.0,24.002081654484584,24.002380469969477,24.0,1.0,0.8743972574973922,1.1250000000000353,0.16891891891892927
84.10000000000001,24.002380469969477,24.002667940590012,24.0,1.0,0.8747736355592729,1.1250000000000353,0.16891891891892927
84.2,24.002667940590012,24.00294329693722,24.0,1.0,0.8751421065713949,1.1250000000000353,0.16891891891892927
84.30000000000001,24.00294329693722,24.00320583231312,24.0,1.0,0.8755016003156751,1.1250000000000353,0.16891891891892927
84.4,24.00320583231312,24.00345490348745,24.0,1.0,0.8758511051864187,1.1250000000000353,0.16891891891892927
84.5,24.00345490348745,24.00368993121923,24.0,1.0,0.8761896701137476,1.1250000000000353,0.16891891891892927
84.60000000000001,24.00368993121923,24.00391040054739,24.0,1.0,0.8765164062312434,1.1250000000000353,0.16891891891892927
84.7,24.00391040054739,24.004115860855478,24.0,1.0,0.8768304882887229,1.1250000000000353,0.16891891891892927
84.80000000000001,24.004115860855478,24.00430592571602,24.0,1.0,0.8771311558119346,1.1250000000000353,0.16891891891892927
84.9,24.00430592571602,24.004480272520794,24.0,1.0,0.8774177140117356,1.1250000000000353,0.16891891891892927
85.0,24.004480272520794,24.004638641903764,24.0,1.0,0.8776895344461725,1.1250000000000353,0.16891891891892927
85.10000000000001,24.004638641903764,24.004780836964006,24.0,1.0,0.8779460554395767,1.1250000000000353,0.16891891891892927
85.2,24.004780836964006,24.004906722296454,24.0,1.0,0.8781867822634979,1.1250000000000353,0.16891891891892927
85.30000000000001,24.004906722296454,24.005016222838677,24.0,1.0,0.8784112870850771,1.1250000000000353,0.16891891891892927
85.4,24.005016222838677,24.005109322542435,24.0,1.0,0.8786192086889745,1.1250000000000353,0.16891891891892927
85.5,24.005109322542435,24.005186062878977,24.0,1.0,0.8788102519797296,1.1250000000000353,0.16891891891892927
85.60000000000001,24.005186062878977,24.00524654118755,24.0,1.0,0.8789841872718359,1.1250000000000353,0.16891891891892927
85.7,24.00524654118755,24.0052909088767,24.0,1.0,0.8791408493755266,1.1250000000000353,0.16891891891892927
85.80000000000001,24.0052909088767,24.00531936948838,24.0,1.0,0.8792801364865747,1.1250000000000353,0.16891891891892927
85.9,24.00531936948838,24.005332176634912,24.0,1.0,0.8794020088890462,1.1250000000000353,0.16891891891892927
86.0,24.005332176634912,24.005329631819183,24.0,1.0,0.8795064874801608,1.1250000000000353,0.16891891891892927
86.10000000000001,24.005329631819183,24.005312082148453,24.0,1.0,0.8795936521269792,1.1250000000000353,0.16891891891892927
86.2,24.005312082148453,24.005279917952354,24.0,1.0,0.8796636398647805,1.1250000000000353,0.16891891891892927
86.30000000000001,24.005279917952354,24.005233570315614,24.0,1.0,0.8797166429474178,1.1250000000000353,0.16891891891892927
86.4,24.005233570315614,24.005173508536156,24.0,1.0,0.8797529067600652,1.1250000000000353,0.16891891891892927
86.5,24.005173508536156,24.005100237519116,24.0,1.0,0.8797727276050701,1.1250000000000353,0.16891891891892927
86.60000000000001,24.005100237519116,24.005014295117324,24.0,1.0,0.8797764503716956,1.1250000000000353,0.16891891891892927
86.7,24.005014295117324,24.00491624942867,24.0,1.0,0.8797644661007149,1.1250000000000353,0.16891891891892927
86.80000000000001,24.00491624942867,24.004806696060708,24.0,1.0,0.8797372094548437,1.1250000000000353,0.16891891891892927
86.9,24.004806696060708,24.004686255372572,24.0,1.0,0.8796951561060998,1.1250000000000353,0.16891891891892927
87.0,24.004686255372572,24.004555569704294,24.0,1.0,0.8796388200510784,1.1250000000000353,0.16891891891892927
87.10000000000001,24.004555569704294,24.00441530060317,24.0,1.0,0.8795687508652165,1.1250000000000353,0.16891891891892927
87.2,24.00441530060317,24.004266126056763,24.0,1.0,0.8794855309069114,1.1250000000000353,0.16891891891892927
87.30000000000001,24.004266126056763,24.004108737741756,24.0,1.0,0.8793897724823505,1.1250000000000353,0.16891891891892927
87.4,24.004108737741756,24.00394383829764,24.0,1.0,0.879282114981714,1.1250000000000353,0.16891891891892927
87.5,24.00394383829764,24.00377213863383,24.0,1.0,0.8791632219972471,1.1250000000000353,0.16891891891892927
87.60000000000001,24.00377213863383,24.00359435527856,24.0,1.0,0.8790337784334653,1.1250000000000353,0.16891891891892927
87.7,24.00359435527856,24.003411207777454,24.0,1.0,0.8788944876195697,1.1250000000000353,0.16891891891892927
87.80000000000001,24.003411207777454,24.003223416149407,24.0,1.0,0.8787460684338246,1.1250000000000353,0.16891891891892927
87.9,24.003223416149407,24.003031698406865,24.0,1.0,0.87858925244939,1.1250000000000353,0.16891891891892927
88.0,24.003031698406865,24.00283676814738,24.0,1.0,0.8784247811107679,1.1250000000000353,0.16891891891892927
88.10000000000001,24.00283676814738,24.0026393322227,24.0,1.0,0.8782534029497142,1.1250000000000353,0.16891891891892927
88.2,24.0026393322227,24.002440088491415,24.0,1.0,0.8780758708490224,1.1250000000000353,0.16891891891892927
88.30000000000001,24.002440088491415,24.002239723660566,24.0,1.0,0.8778929393623311,1.1250000000000353,0.16891891891892927
88.4,24.002239723660566,24.002038911221316,24.0,1.0,0.8777053620975674,1.1250000000000353,0.16891891891892927
88.5,24.002038911221316,24.001838309483272,24.0,1.0,0.8775138891713392,1.1250000000000353,0.16891891891892927
88.60000000000001,24.001838309483272,24.001638559711562,24.0,1.0,0.8773192647410952,1.1250000000000353,0.16891891891892927
88.7,24.001638559711562,24.001440284370403,24.0,1.0,0.8771222246214277,1.1250000000000353,0.16891891891892927
88.80000000000001,24.001440284370403,24.00124408547634,24.0,1.0,0.8769234939905023,1.1250000000000353,0.16891891891892927
88.9,24.00124408547634,24.001050543063958,24.0,1.0,0.8767237851920522,1.1250000000000353,0.16891891891892927
89.0,24.001050543063958,24.00086021376636,24.0,1.0,0.8765237956379855,1.1250000000000353,0.16891891891892927
89.10000000000001,24.00086021376636,24.00067362951227,24.0,1.0,0.876324205816132,1.1250000000000353,0.16891891891892927
89.2,24.00067362951227,24.00049129634122,24.0,1.0,0.8761256774071795,1.1250000000000353,0.16891891891892927
89.30000000000001,24.00049129634122,24.000313693337734,24.0,1.0,0.8759288515144306,1.1250000000000353,0.16891891891892927
89.4,24.000313693337734,24.00014127168512,24.0,1.0,0.8757343470094568,1.1250000000000353,0.16891891891892927
89.5,24.00014127168512,23.999974453838956,24.0,1.0,0.8755427589962983,1.1250000000000353,0.16891891891892927
89.60000000000001,23.999974453838956,23.999813632820015,24.0,1.0,0.875354657396373,1.1250000000000353,0.16891891891892927
89.7,23.999813632820015,23.99965917162591,24.0,1.0,0.8751705856558079,1.1250000000000353,0.16891891891892927
89.80000000000001,23.99965917162591,23.999511402760444,24.0,1.0,0.8749910595763926,1.1250000000000353,0.16891891891892927
89.9,23.999511402760444,23.99937062787915,24.0,1.0,0.8748165662709925,1.1250000000000353,0.16891891891892927
90.0,23.99937062787915,23.999237117549292,24.0,1.0,0.8746475632437102,1.1250000000000353,0.16891891891892927
90.10000000000001,23.999237117549292,23.999111111122136,24.0,1.0,0.874484477594738,1.1250000000000353,0.16891891891892927
90.2,23.999111111122136,23.998992816715027,24.0,1.0,0.8743277053493592,1.1250000000000353,0.16891891891892927
90.30000000000001,23.998992816715027,23.998882411300507,24.0,1.0,0.8741776109101965,1.1250000000000353,0.16891891891892927
90.4,23.998882411300507,23.998780040899376,24.0,1.0,0.874034526631369,1.1250000000000353,0.16891891891892927
90.5,23.998780040899376,23.99868582087438,24.0,1.0,0.8738987525128572,1.1250000000000353,0.16891891891892927
90.60000000000001,23.99868582087438,23.99859983632088,24.0,1.0,0.8737705560130178,1.1250000000000353,0.16891891891892927
90.7,23.99859983632088,23.99852214255071,24.0,1.0,0.8736501719768353,1.1250000000000353,0.16891891891892927
90.80000000000001,23.99852214255071,23.998452765665085,24.0,1.0,0.8735378026771256,1.1250000000000353,0.16891891891892927
90.9,23.998452765665085,23.998391703212423,24.0,1.0,0.8734336179656829,1.1250000000000353,0.16891891891892927
91.0,23.998391703212423,23.99833892492651,24.0,1.0,0.8733377555309719,1.1250000000000353,0.16891891891892927
91.10000000000001,23.99833892492651,23.998294373540514,24.0,1.0,0.8732503212587549,1.1250000000000353,0.16891891891892927
91.2,23.998294373540514,23.998257965672046,24.0,1.0,0.8731713896917465,1.1250000000000353,0.16891891891892927
91.30000000000001,23.998257965672046,23.998229592774464,24.0,1.0,0.8731010045841806,1.1250000000000353,0.16891891891892927
91.4,23.998229592774464,23.998209122149422,24.0,1.0,0.8730391795469429,1.1250000000000353,0.16891891891892927
91.5,23.998209122149422,23.998196398015665,24.0,1.0,0.8729858987787269,1.1250000000000353,0.16891891891892927
91.60000000000001,23.998196398015665,23.998191242628938,24.0,1.0,0.8729411178785146,1.1250000000000353,0.16891891891892927
91.7,23.998191242628938,23.9981934574479,24.0,1.0,0.8729047647344758,1.1250000000000353,0.16891891891892927
91.80000000000001,23.9981934574479,23.998202824340858,24.0,1.0,0.8728767404843208,1.1250000000000353,0.16891891891892927
91.9,23.998202824340858,23.998219106828174,24.0,1.0,0.8728569205419529,1.1250000000000353,0.16891891891892927
92.0,23.998219106828174,23.998242051355167,24.0,1.0,0.8728451556852536,1.1250000000000353,0.16891891891892927
92.10000000000001,23.998242051355167,23.998271388590393,24.0,1.0,0.8728412731996606,1.1250000000000353,0.16891891891892927
92.2,23.998271388590393,23.998306834744234,24.0,1.0,0.8728450780722358,1.1250000000000353,0.16891891891892927
92.30000000000001,23.998306834744234,23.998348092902756,24.0,1.0,0.8728563542308518,1.1250000000000353,0.16891891891892927
92.4,23.998348092902756,23.998394854371895,24.0,1.0,0.8728748658230866,1.1250000000000353,0.16891891891892927
92.5,23.998394854371895,23.998446800027164,24.0,1.0,0.8729003585294478,1.1250000000000353,0.16891891891892927
92.60000000000001,23.998446800027164,23.99850360166408,24.0,1.0,0.8729325609055977,1.1250000000000353,0.16891891891892927
92.7,23.99850360166408,23.99856492334473,24.0,1.0,0.8729711857482104,1.1250000000000353,0.16891891891892927
92.80000000000001,23.99856492334473,23.998630422735985,24.0,1.0,0.873015931479225,1.1250000000000353,0.16891891891892927
92.9,23.998630422735985,23.998699752434995,24.0,1.0,0.8730664835433053,1.1250000000000353,0.16891891891892927
93.0,23.998699752434995,23.99877256127779,24.0,1.0,0.87312251581339,1.1250000000000353,0.16891891891892927
93.10000000000001,23.99877256127779,23.99884849562698,24.0,1.0,0.8731836919993347,1.1250000000000353,0.16891891891892927
93.2,23.99884849562698,23.998927200634686,24.0,1.0,0.8732496670547921,1.1250000000000353,0.16891891891892927
93.30000000000001,23.998927200634686,23.99900832147704,24.0,1.0,0.8733200885775606,1.1250000000000353,0.16891891891892927
93.4,23.99900832147704,23.999091504556777,24.0,1.0,0.8733945981988062,1.1250000000000353,0.16891891891892927
93.5,23.999091504556777,23.999176398670695,24.0,1.0,0.8734728329567003,1.1250000000000353,0.16891891891892927
93.60000000000001,23.999176398670695,23.99926265613883,24.0,1.0,0.8735544266502416,1.1250000000000353,0.16891891891892927
93.7,23.99926265613883,23.999349933892542,24.0,1.0,0.8736390111691018,1.1250000000000353,0.16891891891892927
93.80000000000001,23.999349933892542,23.99943789451889,24.0,1.0,0.8737262177956203,1.1250000000000353,0.16891891891892927
93.9,23.99943789451889,23.999526207258786,24.0,1.0,0.8738156784752441,1.1250000000000353,0.16891891891892927
94.0,23.999526207258786,23.999614548956792,24.0,1.0,0.8739070270518614,1.1250000000000353,0.16891891891892927
94.10000000000001,23.999614548956792,23.99970260496056,24.0,1.0,0.8739999004647674,1.1250000000000353,0.16891891891892927
94.2,23.99970260496056,23.99979006996813,24.0,1.0,0.8740939399041516,1.1250000000000353,0.16891891891892927
94.30000000000001,23.99979006996813,23.99987664882155,24.0,1.0,0.8741887919222656,1.1250000000000353,0.16891891891892927
94.4,23.99987664882155,23.999962057245526,24.0,1.0,0.8742841094975919,1.1250000000000353,0.16891891891892927
94.5,23.999962057245526,24.000046022529983,24.0,1.0,0.8743795530496561,1.1250000000000353,0.16891891891892927
94.60000000000001,24.000046022529983,24.000128284155664,24.0,1.0,0.8744747914022711,1.1250000000000353,0.16891891891892927
94.7,24.000128284155664,24.000208594362128,24.0,1.0,0.8745695026932522,1.1250000000000353,0.16891891891892927
94.80000000000001,24.000208594362128,24.00028671865765,24.0,1.0,0.8746633752289382,1.1250000000000353,0.16891891891892927
94.9,24.00028671865765,24.00036243627085,24.0,1.0,0.8747561082819706,1.1250000000000353,0.16891891891892927
95.0,24.00036243627085,24.00043554054398,24.0,1.0,0.8748474128311253,1.1250000000000353,0.16891891891892927
95.10000000000001,24.00043554054398,24.00050583926802,24.0,1.0,0.8749370122421771,1.1250000000000353,0.16891891891892927
95.2,24.00050583926802,24.000573154960016,24.0,1.0,0.8750246428889524,1.1250000000000353,0.16891891891892927
95.30000000000001,24.000573154960016,24.00063732508312,24.0,1.0,0.8751100547140704,1.1250000000000353,0.16891891891892927
95.4,24.00063732508312,24.000698202210106,24.0,1.0,0.8751930117289656,1.1250000000000353,0.16891891891892927
95.5,24.000698202210106,24.000755654131293,24.0,1.0,0.8752732924530783,1.1250000000000353,0.16891891891892927
95.60000000000001,24.000755654131293,24.000809563907872,24.0,1.0,0.8753506902923067,1.1250000000000353,0.16891891891892927
95.7,24.000809563907872,24.00085982987194,24.0,1.0,0.8754250138569692,1.1250000000000353,0.16891891891892927
95.80000000000001,24.00085982987194,24.000906365574547,24.0,1.0,0.8754960872197864,1.1250000000000353,0.16891891891892927
95.9,24.000906365574547,24.000949099683364,24.0,1.0,0.875563750114521,1.1250000000000353,0.16891891891892927
96.0,24.000949099683364,24.00098797583151,24.0,1.0,0.8756278580761861,1.1250000000000353,0.16891891891892927
96.10000000000001,24.00098797583151,24.001022952419426,24.0,1.0,0.875688282523788,1.1250000000000353,0.16891891891892927
96.2,24.001022952419426,24.001054002371596,24.0,1.0,0.8757449107868728,1.1250000000000353,0.16891891891892927
96.30000000000001,24.001054002371596,24.00108111285017,24.0,1.0,0.8757976460771791,1.1250000000000353,0.16891891891892927
96.4,24.00108111285017,24.001104284927546,24.0,1.0,0.875846407406962,1.1250000000000353,0.16891891891892927
96.5,24.001104284927546,24.001123533220092,24.0,1.0,0.875891129455625,1.1250000000000353,0.16891891891892927
96.60000000000001,24.001123533220092,24.001138885485254,24.0,1.0,0.8759317623864296,1.1250000000000353,0.16891891891892927
96.7,24.001138885485254,24.0011503821844,24.0,1.0,0.8759682716152313,1.1250000000000353,0.16891891891892927
96.80000000000001,24.0011503821844,24.001158076013716,24.0,1.0,0.8760006375332623,1.1250000000000353,0.16891891891892927
96.9,24.001158076013716,24.00116203140565,24.0,1.0,0.876028855186071,1.1250000000000353,0.16891891891892927
97.0,24.00116203140565,24.00116232400327,24.0,1.0,0.8760529339108739,1.1250000000000353,0.16891891891892927
97.10000000000001,24.00116232400327,24.001159040110142,24.0,1.0,0.8760728969346059,1.1250000000000353,0.16891891891892927
97.2,24.001159040110142,24.001152276118106,24.0,1.0,0.8760887809350747,1.1250000000000353,0.16891891891892927
97.30000000000001,24.001152276118106,24.00114213791558,24.0,1.0,0.87610063556765,1.1250000000000353,0.16891891891892927
97.4,24.00114213791558,24.001128740278848,24.0,1.0,0.8761085229600035,1.1250000000000353,0.16891891891892927
97.5,24.001128740278848,24.001112206248852,24.0,1.0,0.8761125171774448,1.1250000000000353,0.16891891891892927
97.60000000000001,24.001112206248852,24.001092666496007,24.0,1.0,0.8761127036614166,1.1250000000000353,0.16891891891892927
97.7,24.001092666496007,24.001070258675483,24.0,1.0,0.8761091786437903,1.1250000000000353,0.16891891891892927
97.80000000000001,24.001070258675483,24.001045126775423,24.0,1.0,0.876102048539544,1.1250000000000353,0.16891891891892927
97.9,24.001045126775423,24.001017420460474,24.0,1.0,0.8760914293204806,1.1250000000000353,0.16891891891892927
98.0,24.001017420460474,24.000987294413004,24.0,1.0,0.87607744587259,1.1250000000000353,0.16891891891892927
98.10000000000001,24.000987294413004,24.000954907674306,24.0,1.0,0.8760602313396761,1.1250000000000353,0.16891891891892927
98.2,24.000954907674306,24.000920422988017,24.0,1.0,0.8760399264558411,1.1250000000000353,0.16891891891892927
98.30000000000001,24.000920422988017,24.00088400614796,24.0,1.0,0.8760166788693746,1.1250000000000353,0.16891891891892927
98.4,24.00088400614796,24.000845825352474,24.0,1.0,0.8759906424605933,1.1250000000000353,0.16891891891892927
98.5,24.000845825352474,24.000806050567313,24.0,1.0,0.8759619766560859,1.1250000000000353,0.16891891891892927
98.60000000000001,24.000806050567313,24.000764852899017,24.0,1.0,0.8759308457418217,1.1250000000000353,0.16891891891892927
98.7,24.000764852899017,24.000722403980646,24.0,1.0,0.8758974181774727,1.1250000000000353,0.16891891891892927
98.80000000000001,24.000722403980646,24.00067887537162,24.0,1.0,0.8758618659142481,1.1250000000000353,0.16891891891892927
98.9,24.00067887537162,24.000634437973392,24.0,1.0,0.8758243637184786,1.1250000000000353,0.16891891891892927
99.0,24.000634437973392,24.000589261462487,24.0,1.0,0.875785088503132,1.1250000000000353,0.16891891891892927
99.10000000000001,24.000589261462487,24.000543513742397,24.0,1.0,0.8757442186692836,1.1250000000000353,0.16891891891892927
99.2,24.000543513742397,24.00049736041575,24.0,1.0,0.8757019334595603,1.1250000000000353,0.16891891891892927
99.30000000000001,24.00049736041575,24.000450964277967,24.0,1.0,0.8756584123254568,1.1250000000000353,0.16891891891892927
99.4,24.000450964277967,24.00040448483362,24.0,1.0,0.8756138343102812,1.1250000000000353,0.16891891891892927
99.5,24.00040448483362,24.000358077836527,24.0,1.0,0.8755683774494726,1.1250000000000353,0.16891891891892927
99.60000000000001,24.000358077836527,24.00031189485456,24.0,1.0,0.8755222181898463,1.1250000000000353,0.16891891891892927
99.7,24.00031189485456,24.000266082859962,24.0,1.0,0.8754755308292966,1.1250000000000353,0.16891891891892927
99.80000000000001,24.000266082859962,24.00022078384599,24.0,1.0,0.8754284869782808,1.1250000000000353,0.16891891891892927
99.9,24.00022078384599,24.000176134470397,24.0,1.0,0.8753812550444193,1.1250000000000353,0.16891891891892927
100.0,24.000176134470397,24.000132265726396,24.0,1.0,0.8753339997413103,1.1250000000000353,0.16891891891892927
100.10000000000001,24.000132265726396,24.000089302641396,24.0,1.0,0.8752868816226606,1.1250000000000353,0.16891891891892927
100.2,24.000089302641396,24.000047364003922,24.0,1.0,0.8752400566425989,1.1250000000000353,0.16891891891892927
100.30000000000001,24.000047364003922,24.000006562118845,24.0,1.0,0.8751936757430755,1.1250000000000353,0.16891891891892927
100.4,24.000006562118845,23.999967002591063,24.0,1.0,0.8751478844689652,1.1250000000000353,0.16891891891892927
100.5,23.999967002591063,23.99992878413762,24.0,1.0,0.8751028226115465,1.1250000000000353,0.16891891891892927
100.60000000000001,23.99992878413762,23.99989199842817,24.0,1.0,0.8750586238807739,1.1250000000000353,0.16891891891892927
100.7,23.99989199842817,23.999856729953592,24.0,1.0,0.8750154156067661,1.1250000000000353,0.16891891891892927
100.80000000000001,23.999856729953592,23.999823055922487,24.0,1.0,0.8749733184707325,1.1250000000000353,0.16891891891892927
100.9,23.999823055922487,23.999791046185166,24.0,1.0,0.8749324462655113,1.1250000000000353,0.16891891891892927
101.0,23.999791046185166,23.999760763184707,24.0,1.0,0.8748929056857744,1.1250000000000353,0.16891891891892927
101.10000000000001,23.999760763184707,23.999732261934515,24.0,1.0,0.8748547961478372,1.1250000000000353,0.16891891891892927
101.2,23.999732261934515,23.999705590021808,24.0,1.0,0.8748182096389138,1.1250000000000353,0.16891891891892927
101.30000000000001,23.999705590021808,23.999680787636315,24.0,1.0,0.874783230595595,1.1250000000000353,0.16891891891892927
101.4,23.999680787636315,23.999657887623464,24.0,1.0,0.8747499358111775,1.1250000000000353,0.16891891891892927
101.5,23.999657887623464,23.999636915561215,24.0,1.0,0.8747183943714405,1.1250000000000353,0.16891891891892927
101.60000000000001,23.999636915561215,23.999617889859707,24.0,1.0,0.8746886676183232,1.1250000000000353,0.16891891891892927
101.7,23.999617889859707,23.999600821882737,24.0,1.0,0.8746608091409456,1.1250000000000353,0.16891891891892927
101.80000000000001,23.999600821882737,23.999585716090145,24.0,1.0,0.8746348647932525,1.1250000000000353,0.16891891891892927
101.9,23.999585716090145,23.99957257020003,24.0,1.0,0.8746108727375688,1.1250000000000353,0.16891891891892927
102.0,23.99957257020003,23.999561375369776,24.0,1.0,0.8745888635132167,1.1250000000000353,0.16891891891892927
102.10000000000001,23.999561375369776,23.99955211639475,24.0,1.0,0.8745688601293462,1.1250000000000353,0.16891891891892927
102.2,23.99955211639475,23.99954477192355,24.0,1.0,0.8745508781810012,1.1250000000000353,0.16891891891892927
102.30000000000001,23.99954477192355,23.999539314688665,24.0,1.0,0.8745349259874475,1.1250000000000353,0.16891891891892927
102.4,23.999539314688665,23.999535711751314,24.0,1.0,0.8745210047517273,1.1250000000000353,0.16891891891892927
102.5,23.999535711751314,23.999533924759298,24.0,1.0,0.8745091087403039,1.1250000000000353,0.16891891891892927
102.60000000000001,23.999533924759298,23.99953391021666,24.0,1.0,0.8744992254817068,1.1250000000000353,0.16891891891892927
102.7,23.99953391021666,23.999535619763876,24.0,1.0,0.8744913359830057,1.1250000000000353,0.16891891891892927
102.80000000000001,23.999535619763876,23.999539000467426,24.0,1.0,0.8744854149628791,1.1250000000000353,0.16891891891892927
102.9,23.999539000467426,23.99954399511744,24.0,1.0,0.8744814311001065,1.1250000000000353,0.16891891891892927
103.0,23.99954399511744,23.999550542532244,24.0,1.0,0.8744793472961924,1.1250000000000353,0.16891891891892927
103.10000000000001,23.999550542532244,23.999558577868587,24.0,1.0,0.8744791209508936,1.1250000000000353,0.16891891891892927
103.2,23.999558577868587,23.99956803293632,24.0,1.0,0.874480704249357,1.1250000000000353,0.16891891891892927
103.30000000000001,23.99956803293632,23.999578836516356,24.0,1.0,0.8744840444596162,1.1250000000000353,0.16891891891892927
103.4,23.999578836516356,23.999590914680752,24.0,1.0,0.8744890842391221,1.1250000000000353,0.16891891891892927
103.5,23.999590914680752,23.99960419111375,24.0,1.0,0.87449576194908,1.1250000000000353,0.16891891891892927
103.60000000000001,23.99960419111375,23.99961858743266,24.0,1.0,0.8745040119752867,1.1250000000000353,0.16891891891892927
103.7,23.99961858743266,23.999634023507515,24.0,1.0,0.8745137650542071,1.1250000000000353,0.16891891891892927
103.80000000000001,23.999634023507515,23.999650417778415,24.0,1.0,0.8745249486030716,1.1250000000000353,0.16891891891892927
103.9,23.999650417778415,23.999667687569563,24.0,1.0,0.8745374870527407,1.1250000000000353,0.16891891891892927
104.0,23.999667687569563,23.999685749398985,24.0,1.0,0.8745513021821322,1.1250000000000353,0.16891891891892927
104.10000000000001,23.999685749398985,23.999704519283004,24.0,1.0,0.874566313453053,1.1250000000000353,0.16891891891892927
104.2,23.999704519283004,23.999723913034565,24.0,1.0,0.8745824383442463,1.1250000000000353,0.16891891891892927
104.30000000000001,23.999723913034565,23.999743846554566,24.0,1.0,0.8745995926835797,1.1250000000000353,0.16891891891892927
104.4,23.999743846554566,23.999764236115343,24.0,1.0,0.8746176909772726,1.1250000000000353,0.16891891891892927
104.5,23.999764236115343,23.999784998635597,24.0,1.0,0.8746366467350957,1.1250000000000353,0.16891891891892927
104.60000000000001,23.999784998635597,23.999806051946013,24.0,1.0,0.8746563727905775,1.1250000000000353,0.16891891891892927
104.7,23.999806051946013,23.999827315044918,24.0,1.0,0.8746767816152348,1.1250000000000353,0.16891891891892927
104.80000000000001,23.999827315044918,23.999848708343364,24.0,1.0,0.8746977856259099,1.1250000000000353,0.16891891891892927
104.9,23.999848708343364,23.999870153899074,24.0,1.0,0.8747192974843543,1.1250000000000353,0.16891891891892927
105.0,23.999870153899074,23.999891575638753,24.0,1.0,0.8747412303882285,1.1250000000000353,0.16891891891892927
105.10000000000001,23.999891575638753,23.999912899568276,24.0,1.0,0.8747634983527778,1.1250000000000353,0.16891891891892927
105.2,23.999912899568276,23.999934053970385,24.0,1.0,0.8747860164824153,1.1250000000000353,0.16891891891892927
105.30000000000001,23.999934053970385,23.999954969589528,24.0,1.0,0.8748087012315852,1.1250000000000353,0.16891891891892927
105.4,23.999954969589528,23.999975579803543,24.0,1.0,0.8748314706542948,1.1250000000000353,0.16891891891892927
105.5,23.999975579803543,23.999995820781947,24.0,1.0,0.8748542446417437,1.1250000000000353,0.16891891891892927
105.60000000000001,23.999995820781947,24.00001563163063,24.0,1.0,0.8748769451475492,1.1250000000000353,0.16891891891892927
105.7,24.00001563163063,24.000034954522825,24.0,1.0,0.8748994964001336,1.1250000000000353,0.16891891891892927
105.80000000000001,24.000034954522825,24.000053734816227,24.0,1.0,0.8749218251018714,1.1250000000000353,0.16891891891892927
105.9,24.000053734816227,24.000071921156298,24.0,1.0,0.8749438606146555,1.1250000000000353,0.16891891891892927
106.0,24.000071921156298,24.000089465565658,24.0,1.0,0.8749655351316326,1.1250000000000353,0.16891891891892927
106.10000000000001,24.000089465565658,24.000106323519702,24.0,1.0,0.8749867838348256,1.1250000000000353,0.16891891891892927
106.2,24.000106323519702,24.00012245400851,24.0,1.0,0.8750075450385258,1.1250000000000353,0.16891891891892927
106.30000000000001,24.00012245400851,24.00013781958517,24.0,1.0,0.8750277603183061,1.1250000000000353,0.16891891891892927
106.4,24.00013781958517,24.000152386400767,24.0,1.0,0.8750473746255838,1.1250000000000353,0.16891891891892927
106.5,24.000152386400767,24.000166124226176,24.0,1.0,0.8750663363877383,1.1250000000000353,0.16891891891892927
106.60000000000001,24.000166124226176,24.000179006460996,24.0,1.0,0.8750845975937924,1.1250000000000353,0.16891891891892927
106.7,24.000179006460996,24.000191010129903,24.0,1.0,0.8751021138657522,1.1250000000000353,0.16891891891892927
106.80000000000001,24.000191010129903,24.00020211586674,24.0,1.0,0.875118844515737,1.1250000000000353,0.16891891891892927
106.9,24.00020211586674,24.00021230788675,24.0,1.0,0.8751347525890469,1.1250000000000353,0.16891891891892927
107.0,24.00021230788675,24.00022157394733,24.0,1.0,0.8751498048934292,1.1250000000000353,0.16891891891892927
107.10000000000001,24.00022157394733,24.000229905297747,24.0,1.0,0.8751639720147462,1.1250000000000353,0.16891891891892927
107.2,24.000229905297747,24.000237296618263,24.0,1.0,0.8751772283194018,1.1250000000000353,0.16891891891892927
107.30000000000001,24.000237296618263,24.000243745949145,24.0,1.0,0.8751895519438039,1.1250000000000353,0.16891891891892927
107.4,24.000243745949145,24.0002492546101,24.0,1.0,0.875200924771269,1.1250000000000353,0.16891891891892927
107.5,24.0002492546101,24.0002538271106,24.0,1.0,0.8752113323967706,1.1250000000000353,0.16891891891892927
107.60000000000001,24.0002538271106,24.0002574710517,24.0,1.0,0.8752207640799456,1.1250000000000353,0.16891891891892927
107.7,24.0002574710517,24.000260197019838,24.0,1.0,0.8752292126868527,1.1250000000000353,0.16891891891892927
107.80000000000001,24.000260197019838,24.000262018473236,24.0,1.0,0.875236674620937,1.1250000000000353,0.16891891891892927
107.9,24.000262018473236,24.00026295162147,24.0,1.0,0.8752431497437342,1.1250000000000353,0.16891891891892927
108.0,24.00026295162147,24.00026301529877,24.0,1.0,0.8752486412858583,1.1250000000000353,0.16891891891892927
108.10000000000001,24.00026301529877,24.000262230831687,24.0,1.0,0.8752531557488155,1.1250000000000353,0.16891891891892927
108.2,24.000262230831687,24.000260621901663,24.0,1.0,0.8752567027982063,1.1250000000000353,0.16891891891892927
108.30000000000001,24.000260621901663,24.000258214403186,24.0,1.0,0.875259295148917,1.1250000000000353,0.16891891891892927
108.4,24.000258214403186,24.00025503629803,24.0,1.0,0.8752609484429129,1.1250000000000353,0.16891891891892927
108.5,24.00025503629803,24.000251117466274,24.0,1.0,0.8752616811201863,1.1250000000000353,0.16891891891892927
108.60000000000001,24.000251117466274,24.000246489554613,24.0,1.0,0.8752615142835543,1.1250000000000353,0.16891891891892927
108.7,24.000246489554613,24.00024118582259,24.0,1.0,0.8752604715578446,1.1250000000000353,0.16891891891892927
108.80000000000001,24.00024118582259,24.00023524098732,24.0,1.0,0.8752585789441584,1.1250000000000353,0.16891891891892927
108.9,24.00023524098732,24.000228691067267,24.0,1.0,0.8752558646698066,1.1250000000000353,0.16891891891892927
109.0,24.000228691067267,24.000221573225627,24.0,1.0,0.8752523590345335,1.1250000000000353,0.16891891891892927
109.10000000000001,24.000221573225627,24.00021392561387,24.0,1.0,0.8752480942536612,1.1250000000000353,0.16891891891892927
109.2,24.00021392561387,24.000205787215975,24.0,1.0,0.8752431042987778,1.1250000000000353,0.16891891891892927
109.30000000000001,24.000205787215975,24.000197197693844,24.0,1.0,0.8752374247365508,1.1250000000000353,0.16891891891892927
109.4,24.000197197693844,24.000188197234422,24.0,1.0,0.8752310925662782,1.1250000000000353,0.16891891891892927
109.5,24.000188197234422,24.00017882639899,24.0,1.0,0.8752241460567675,1.1250000000000353,0.16891891891892927
109.60000000000001,24.00017882639899,24.000169125975066,24.0,1.0,0.8752166245831056,1.1250000000000353,0.16891891891892927
109.7,24.000169125975066,24.000159136831385,24.0,1.0,0.8752085684638784,1.1250000000000353,0.16891891891892927
109.80000000000001,24.000159136831385,24.000148899776356,24.0,1.0,0.8752000187993889,1.1250000000000353,0.16891891891892927
109.9,24.000148899776356,24.000138455420373,24.0,1.0,0.8751910173114057,1.1250000000000353,0.16891891891892927
110.0,24.000138455420373,24.00012784404239,24.0,1.0,0.8751816061849179,1.1250000000000353,0.16891891891892927
110.10000000000001,24.00012784404239,24.00011710546105,24.0,1.0,0.8751718279124286,1.1250000000000353,0.16891891891892927
110.2,24.00011710546105,24.00010627891075,24.0,1.0,0.8751617251412115,1.1250000000000353,0.16891891891892927
110.30000000000001,24.00010627891075,24.000095402922867,24.0,1.0,0.8751513405239929,1.1250000000000353,0.16891891891892927
110.4,24.000095402922867,24.000084515212496,24.0,1.0,0.875140716573484,1.1250000000000353,0.16891891891892927
110.5,24.000084515212496,24.000073652570862,24.0,1.0,0.8751298955211498,1.1250000000000353,0.16891891891892927
110.60000000000001,24.000073652570862,24.000062850763687,24.0,1.0,0.8751189191805759,1.1250000000000353,0.16891891891892927
110.7,24.000062850763687,24.000052144435678,24.0,1.0,0.8751078288158096,1.1250000000000353,0.16891891891892927
110.80000000000001,24.000052144435678,24.000041567021306,24.0,1.0,0.8750966650149696,1.1250000000000353,0.16891891891892927
110.9,24.000041567021306,24.000031150662007,24.0,1.0,0.8750854675694314,1.1250000000000353,0.16891891891892927
111.0,24.000031150662007,24.00002092612995,24.0,1.0,0.8750742753588354,1.1250000000000353,0.16891891891892927
111.10000000000001,24.00002092612995,24.00001092275842,24.0,1.0,0.8750631262421946,1.1250000000000353,0.16891891891892927
111.2,24.00001092275842,24.000001168378947,24.0,1.0,0.8750520569552795,1.1250000000000353,0.16891891891892927
111.30000000000001,24.000001168378947,23.999991689265123,24.0,1.0,0.8750411030145032,1.1250000000000353,0.16891891891892927
111.4,23.999991689265123,23.999982510083225,24.0,1.0,0.8750302986274155,1.1250000000000353,0.16891891891892927
111.5,23.999982510083225,23.999973653849572,24.0,1.0,0.8750196766099968,1.1250000000000353,0.16891891891892927
111.60000000000001,23.999973653849572,23.99996514189462,24.0,1.0,0.8750092683108133,1.1250000000000353,0.16891891891892927
111.7,23.99996514189462,23.99995699383372,24.0,1.0,0.8749991035421442,1.1250000000000353,0.16891891891892927
111.80000000000001,23.99995699383372,23.99994922754448,24.0,1.0,0.8749892105181204,1.1250000000000353,0.16891891891892927
111.9,23.99994922754448,23.99994185915064,24.0,1.0,0.8749796157998955,1.1250000000000353,0.16891891891892927
112.0,23.99994185915064,23.999934903012328,24.0,1.0,0.8749703442478816,1.1250000000000353,0.16891891891892927
112.10000000000001,23.999934903012328,23.9999283717226,24.0,1.0,0.8749614189810038,1.1250000000000353,0.16891891891892927
112.2,23.9999283717226,23.99992227611007,24.0,1.0,0.8749528613429418,1.1250000000000353,0.16891891891892927
112.30000000000001,23.99992227611007,23.99991662524749,24.0,1.0,0.8749446908752991,1.1250000000000353,0.16891891891892927
112.4,23.99991662524749,23.9999114264661,24.0,1.0,0.8749369252975912,1.1250000000000353,0.16891891891892927
112.5,23.9999114264661,23.999906685375525,24.0,1.0,0.874929580493967,1.1250000000000353,0.16891891891892927
112.60000000000001,23.999906685375525,23.999902405889056,24.0,1.0,0.8749226705065223,1.1250000000000353,0.16891891891892927
112.7,23.999902405889056,23.999898590254016,24.0,1.0,0.874916207535074,1.1250000000000353,0.16891891891892927
112.80000000000001,23.999898590254016,23.999895239087046,24.0,1.0,0.8749102019431881,1.1250000000000353,0.16891891891892927
112.9,23.999895239087046,23.999892351414033,24.0,1.0,0.8749046622703301,1.1250000000000353,0.16891891891892927
113.0,23.999892351414033,23.999889924714413,24.0,1.0,0.8748995952499143,1.1250000000000353,0.16891891891892927
113.10000000000001,23.999889924714413,23.99988795496962,24.0,1.0,0.8748950058330178,1.1250000000000353,0.16891891891892927
113.2,23.99988795496962,23.999886436715357,24.0,1.0,0.8748908972175844,1.1250000000000353,0.16891891891892927
113.30000000000001,23.999886436715357,23.99988536309748,24.0,1.0,0.8748872708828127,1.1250000000000353,0.16891891891892927
113.4,23.99988536309748,23.99988472593114,24.0,1.0,0.8748841266285365,1.1250000000000353,0.16891891891892927
113.5,23.99988472593114,23.999884515762943,24.0,1.0,0.8748814626192938,1.1250000000000353,0.16891891891892927
113.60000000000001,23.999884515762943,23.999884721935835,24.0,1.0,0.874879275432826,1.1250000000000353,0.16891891891892927
113.7,23.999884721935835,23.999885332656397,24.0,1.0,0.8748775601127322,1.1250000000000353,0.16891891891892927
113.80000000000001,23.999885332656397,23.999886335064282,24.0,1.0,0.8748763102249929,1.1250000000000353,0.16891891891892927
113.9,23.999886335064282,23.99988771530349,24.0,1.0,0.8748755179180572,1.1250000000000353,0.16891891891892927
114.0,23.99988771530349,23.999889458595195,24.0,1.0,0.874875173986212,1.1250000000000353,0.16891891891892927
114.10000000000001,23.999889458595195,23.999891549311833,24.0,1.0,0.8748752679359203,1.1250000000000353,0.16891891891892927
114.2,23.999891549311833,23.99989397105216,24.0,1.0,0.874875788054838,1.1250000000000353,0.16891891891892927
114.30000000000001,23.99989397105216,23.999896706717024,24.0,1.0,0.874876721483181,1.1250000000000353,0.16891891891892927
114.4,23.999896706717024,23.999899738585547,24.0,1.0,0.8748780542871842,1.1250000000000353,0.16891891891892927
114.5,23.999899738585547,23.999903048391452,24.0,1.0,0.8748797715342992,1.1250000000000353,0.16891891891892927
114.60000000000001,23.999903048391452,23.99990661739928,24.0,1.0,0.8748818573698519,1.1250000000000353,0.16891891891892927
114.7,23.99990661739928,23.99991042648024,24.0,1.0,0.8748842950948614,1.1250000000000353,0.16891891891892927
114.80000000000001,23.99991042648024,23.99991445618745,24.0,1.0,0.8748870672447313,1.1250000000000353,0.16891891891892927
114.9,23.99991445618745,23.99991868683028,24.0,1.0,0.8748901556685086,1.1250000000000353,0.16891891891892927
115.0,23.99991868683028,23.999923098547647,24.0,1.0,0.8748935416084199,1.1250000000000353,0.16891891891892927
115.10000000000001,23.999923098547647,23.999927671379982,24.0,1.0,0.8748972057794379,1.1250000000000353,0.16891891891892927
115.2,23.999927671379982,23.99993238533966,24.0,1.0,0.8749011284485847,1.1250000000000353,0.16891891891892927
115.30000000000001,23.99993238533966,23.999937220479723,24.0,1.0,0.8749052895136873,1.1250000000000353,0.16891891891892927
115.4,23.999937220479723,23.999942156960696,24.0,1.0,0.8749096685813901,1.1250000000000353,0.16891891891892927
115.5,23.999942156960696,23.99994717511528,24.0,1.0,0.8749142450441184,1.1250000000000353,0.16891891891892927
115.60000000000001,23.99994717511528,23.99995225551082,24.0,1.0,0.8749189981557849,1.1250000000000353,0.16891891891892927
115.7,23.99995225551082,23.999957379009338,24.0,1.0,0.8749239071060165,1.1250000000000353,0.16891891891892927
115.80000000000001,23.999957379009338,23.999962526825026,24.0,1.0,0.8749289510926825,1.1250000000000353,0.16891891891892927
115.9,23.999962526825026,23.999967680579058,24.0,1.0,0.8749341093925115,1.1250000000000353,0.16891891891892927
116.0,23.999967680579058,23.99997282235157,24.0,1.0,0.8749393614296324,1.1250000000000353,0.16891891891892927
116.10000000000001,23.99997282235157,23.999977934730776,24.0,1.0,0.8749446868418089,1.1250000000000353,0.16891891891892927
116.2,23.999977934730776,23.999983000859054,24.0,1.0,0.8749500655442736,1.1250000000000353,0.16891891891892927
116.30000000000001,23.999983000859054,23.999988004475963,24.0,1.0,0.874955477790935,1.1250000000000353,0.16891891891892927
116.4,23.999988004475963,23.99999292995813,24.0,1.0,0.8749609042328627,1.1250000000000353,0.16891891891892927
116.5,23.99999292995813,23.999997762355903,24.0,1.0,0.8749663259739165,1.1250000000000353,0.16891891891892927
116.60000000000001,23.999997762355903,24.00000248742681,24.0,1.0,0.8749717246233706,1.1250000000000353,0.16891891891892927
116.7,24.00000248742681,24.00000709166569,24.0,1.0,0.8749770823454837,1.1250000000000353,0.16891891891892927
116.80000000000001,24.00000709166569,24.000011562331593,24.0,1.0,0.8749823819058757,1.1250000000000353,0.16891891891892927
116.9,24.000011562331593,24.000015887471335,24.0,1.0,0.8749876067146722,1.1250000000000353,0.16891891891892927
117.0,24.000015887471335,24.000020055939785,24.0,1.0,0.8749927408663296,1.1250000000000353,0.16891891891892927
117.10000000000001,24.000020055939785,24.00002405741688,24.0,1.0,0.874997769176103,1.1250000000000353,0.16891891891892927
117.2,24.00002405741688,24.00002788242137,24.0,1.0,0.8750026772131194,1.1250000000000353,0.16891891891892927
117.30000000000001,24.00002788242137,24.000031522321382,24.0,1.0,0.8750074513300192,1.1250000000000353,0.16891891891892927
117.4,24.000031522321382,24.000034969341787,24.0,1.0,0.8750120786891773,1.1250000000000353,0.16891891891892927
117.5,24.000034969341787,24.00003821656848,24.0,1.0,0.8750165472854731,1.1250000000000353,0.16891891891892927
117.60000000000001,24.00003821656848,24.00004125794962,24.0,1.0,0.8750208459656468,1.1250000000000353,0.16891891891892927
117.7,24.00004125794962,24.000044088293873,24.0,1.0,0.8750249644442517,1.1250000000000353,0.16891891891892927
117.80000000000001,24.000044088293873,24.000046703265816,24.0,1.0,0.8750288933162313,1.1250000000000353,0.16891891891892927
117.9,24.000046703265816,24.000049099378515,24.0,1.0,0.8750326240661854,1.1250000000000353,0.16891891891892927
118.0,24.000049099378515,24.000051273983395,24.0,1.0,0.875036149074365,1.1250000000000353,0.16891891891892927
118.10000000000001,24.000051273983395,24.000053225257556,24.0,1.0,0.8750394616194396,1.1250000000000353,0.16891891891892927
118.2,24.000053225257556,24.00005495218857,24.0,1.0,0.8750425558781671,1.1250000000000353,0.16891891891892927
118.30000000000001,24.00005495218857,24.00005645455694,24.0,1.0,0.8750454269219866,1.1250000000000353,0.16891891891892927
118.4,24.00005645455694,24.00005773291628,24.0,1.0,0.8750480707106757,1.1250000000000353,0.16891891891892927
118.5,24.00005773291628,24.000058788571405,24.0,1.0,0.8750504840831118,1.1250000000000353,0.16891891891892927
118.60000000000001,24.000058788571405,24.000059623554417,24.0,1.0,0.8750526647453212,1.1250000000000353,0.16891891891892927
118.7,24.000059623554417,24.00006024059893,24.0,1.0,0.8750546112558457,1.1250000000000353,0.16891891891892927
118.80000000000001,24.00006024059893,24.00006064311258,24.0,1.0,0.8750563230086078,1.1250000000000353,0.16891891891892927
118.9,24.00006064311258,24.00006083514794,24.0,1.0,0.8750578002133647,1.1250000000000353,0.16891891891892927
119.0,24.00006083514794,24.000060821372017,24.0,1.0,0.875059043873889,1.1250000000000353,0.16891891891892927
119.10000000000001,24.000060821372017,24.000060607034403,24.0,1.0,0.8750600557640149,1.1250000000000353,0.16891891891892927
119.2,24.000060607034403,24.000060197934307,24.0,1.0,0.8750608384016718,1.1250000000000353,0.16891891891892927
119.30000000000001,24.000060197934307,24.00005960038655,24.0,1.0,0.8750613950210622,1.1250000000000353,0.16891891891892927
119.4,24.00005960038655,24.000058821186673,24.0,1.0,0.8750617295431218,1.1250000000000353,0.16891891891892927
119.5,24.000058821186673,24.000057867575336,24.0,1.0,0.8750618465443873,1.1250000000000353,0.16891891891892927
119.60000000000001,24.000057867575336,24.000056747202102,24.0,1.0,0.8750617512244593,1.1250000000000353,0.16891891891892927
119.7,24.000056747202102,24.00005546808877,24.0,1.0,0.8750614493721739,1.1250000000000353,0.16891891891892927
119.80000000000001,24.00005546808877,24.000054038592396,24.0,1.0,0.8750609473306357,1.1250000000000353,0.16891891891892927
119.9,24.000054038592396,24.00005246736812,24.0,1.0,0.875060251961274,1.1250000000000353,0.16891891891892927
