time,temperature,next_temperature,setpoint,disturbance,command,kp,ki
0.0,28.0,28.010430532443767,24.0,0.0,0.052899067856105465,0.013208366980619566,0.0001639998340680019
0.1,28.010430532443767,28.020806666884003,24.0,0.0,0.05310260915061219,0.013208366980619566,0.0001639998340680019
0.2,28.020806666884003,28.03112868702078,24.0,0.0,0.053305602104757925,0.013208366980619566,0.0001639998340680019
0.30000000000000004,28.03112868702078,28.041396875074593,24.0,0.0,0.05350804957828363,0.013208366980619566,0.0001639998340680019
0.4,28.041396875074593,28.05161151179409,24.0,0.0,0.05370995441601594,0.013208366980619566,0.0001639998340680019
0.5,28.05161151179409,28.061772876463735,24.0,0.0,0.05391131944794498,0.013208366980619566,0.0001639998340680019
0.6000000000000001,28.061772876463735,28.07188124691145,24.0,0.0,0.05411214748930176,0.013208366980619566,0.0001639998340680019
0.7000000000000001,28.07188124691145,28.08193689951621,24.0,0.0,0.05431244134063502,0.013208366980619566,0.0001639998340680019
0.8,28.08193689951621,28.091940109215603,24.0,0.0,0.05451220378788802,0.013208366980619566,0.0001639998340680019
0.9,28.091940109215603,28.10189114951334,24.0,0.0,0.054711437602474426,0.013208366980619566,0.0001639998340680019
1.0,28.10189114951334,28.111790292486738,24.0,0.0,0.05491014554135438,0.013208366980619566,0.0001639998340680019
1.1,28.111790292486738,28.121637808794162,24.0,0.0,0.055108330347109685,0.013208366980619566,0.0001639998340680019
1.2000000000000002,28.121637808794162,28.13143396768242,24.0,0.0,0.05530599474801884,0.013208366980619566,0.0001639998340680019
1.3,28.13143396768242,28.14117903699412,24.0,0.0,0.05550314145813168,0.013208366980619566,0.0001639998340680019
1.4000000000000001,28.14117903699412,28.150873283175013,24.0,0.0,0.0556997731773435,0.013208366980619566,0.0001639998340680019
1.5,28.150873283175013,28.16051697128125,24.0,0.0,0.055895892591469,0.013208366980619566,0.0001639998340680019
1.6,28.16051697128125,28.170110364986655,24.0,0.0,0.05609150237231554,0.013208366980619566,0.0001639998340680019
1.7000000000000002,28.170110364986655,28.179653726589912,24.0,0.0,0.056286605177756396,0.013208366980619566,0.0001639998340680019
1.8,28.179653726589912,28.189147317021757,24.0,0.0,0.05648120365180321,0.013208366980619566,0.0001639998340680019
1.9000000000000001,28.189147317021757,28.198591395852098,24.0,0.0,0.05667530042467852,0.013208366980619566,0.0001639998340680019
2.0,28.198591395852098,28.20798622129712,24.0,0.0,0.05686889811288747,0.013208366980619566,0.0001639998340680019
2.1,28.20798622129712,28.217332050226336,24.0,0.0,0.05706199931928949,0.013208366980619566,0.0001639998340680019
2.2,28.217332050226336,28.226629138169624,24.0,0.0,0.05725460663316936,0.013208366980619566,0.0001639998340680019
2.3000000000000003,28.226629138169624,28.2358777393242,24.0,0.0,0.05744672263030808,0.013208366980619566,0.0001639998340680019
2.4000000000000004,28.2358777393242,28.24507810656157,24.0,0.0,0.057638349873053225,0.013208366980619566,0.0001639998340680019
2.5,28.24507810656157,28.254230491434463,24.0,0.0,0.057829490910389095,0.013208366980619566,0.0001639998340680019
2.6,28.254230491434463,28.263335144183678,24.0,0.0,0.05802014827800635,0.013208366980619566,0.0001639998340680019
2.7,28.263335144183678,28.272392313744948,24.0,0.0,0.05821032449837133,0.013208366980619566,0.0001639998340680019
2.8000000000000003,28.272392313744948,28.28140224775574,24.0,0.0,0.05840002208079504,0.013208366980619566,0.0001639998340680019
2.9000000000000004,28.28140224775574,28.29036519256202,24.0,0.0,0.058589243521501765,0.013208366980619566,0.0001639998340680019
3.0,28.29036519256202,28.29928139322501,24.0,0.0,0.058777991303697305,0.013208366980619566,0.0001639998340680019
3.1,28.29928139322501,28.30815109352785,24.0,0.0,0.05896626789763695,0.013208366980619566,0.0001639998340680019
3.2,28.30815109352785,28.316974535982304,24.0,0.0,0.05915407576069284,0.013208366980619566,0.0001639998340680019
3.3000000000000003,28.316974535982304,28.325751961835365,24.0,0.0,0.05934141733742133,0.013208366980619566,0.0001639998340680019
3.4000000000000004,28.325751961835365,28.334483611075857,24.0,0.0,0.059528295059629775,0.013208366980619566,0.0001639998340680019
3.5,28.334483611075857,28.343169722441004,24.0,0.0,0.05971471134644293,0.013208366980619566,0.0001639998340680019
3.6,28.343169722441004,28.35181053342295,24.0,0.0,0.05990066860436927,0.013208366980619566,0.0001639998340680019
3.7,28.35181053342295,28.36040628027525,24.0,0.0,0.06008616922736664,0.013208366980619566,0.0001639998340680019
3.8000000000000003,28.36040628027525,28.36895719801934,24.0,0.0,0.06027121559690775,0.013208366980619566,0.0001639998340680019
3.9000000000000004,28.36895719801934,28.377463520450956,24.0,0.0,0.06045581008204534,0.013208366980619566,0.0001639998340680019
4.0,28.377463520450956,28.38592548014652,24.0,0.0,0.060639955039476855,0.013208366980619566,0.0001639998340680019
4.1000000000000005,28.38592548014652,28.391817556079392,24.0,0.0,0.06082365281360892,0.013208366980619566,0.0001639998340680019
4.2,28.391817556079392,28.397669184856145,24.0,0.0,0.060973503249853386,0.013208366980619566,0.0001639998340680019
4.3,28.397669184856145,28.40348060360087,24.0,0.0,0.06112291541183134,0.013208366980619566,0.0001639998340680019
4.4,28.40348060360087,28.40925204806445,24.0,0.0,0.06127189177212092,0.013208366980619566,0.0001639998340680019
4.5,28.40925204806445,28.414983752632438,24.0,0.0,0.061420434789028804,0.013208366980619566,0.0001639998340680019
4.6000000000000005,28.414983752632438,28.42067595033288,24.0,0.0,0.06156854690667176,0.013208366980619566,0.0001639998340680019
4.7,28.42067595033288,28.426328872844095,24.0,0.0,0.06171623055505771,0.013208366980619566,0.0001639998340680019
4.800000000000001,28.426328872844095,28.43194275050243,24.0,0.0,0.06186348815016657,0.013208366980619566,0.0001639998340680019
4.9,28.43194275050243,28.43751781230994,24.0,0.0,0.06201032209403027,0.013208366980619566,0.0001639998340680019
5.0,28.43751781230994,28.443054285942054,24.0,0.0,0.06215673477481279,0.013208366980619566,0.0001639998340680019
5.1000000000000005,28.443054285942054,28.448552397755172,24.0,0.0,0.06230272856688922,0.013208366980619566,0.0001639998340680019
5.2,28.448552397755172,28.45401237279424,24.0,0.0,0.062448305830924825,0.013208366980619566,0.0001639998340680019
5.300000000000001,28.45401237279424,28.45943443480026,24.0,0.0,0.06259346891395334,0.013208366980619566,0.0001639998340680019
5.4,28.45943443480026,28.464818806217796,24.0,0.0,0.062738220149455,0.013208366980619566,0.0001639998340680019
5.5,28.464818806217796,28.470165708202373,24.0,0.0,0.0628825618574341,0.013208366980619566,0.0001639998340680019
5.6000000000000005,28.470165708202373,28.475475360627907,24.0,0.0,0.06302649634449596,0.013208366980619566,0.0001639998340680019
5.7,28.475475360627907,28.480747982094037,24.0,0.0,0.0631700259039238,0.013208366980619566,0.0001639998340680019
5.800000000000001,28.480747982094037,28.485983789933446,24.0,0.0,0.06331315281575473,0.013208366980619566,0.0001639998340680019
5.9,28.485983789933446,28.49118300021912,24.0,0.0,0.06345587934685573,0.013208366980619566,0.0001639998340680019
6.0,28.49118300021912,28.49634582777159,24.0,0.0,0.06359820775099882,0.013208366980619566,0.0001639998340680019
6.1000000000000005,28.49634582777159,28.501472486166108,24.0,0.0,0.06374014026893621,0.013208366980619566,0.0001639998340680019
6.2,28.501472486166108,28.506563187739793,24.0,0.0,0.06388167912847455,0.013208366980619566,0.0001639998340680019
6.300000000000001,28.506563187739793,28.51161814359875,24.0,0.0,0.06402282654454923,0.013208366980619566,0.0001639998340680019
6.4,28.51161814359875,28.51663756362511,24.0,0.0,0.06416358471929799,0.013208366980619566,0.0001639998340680019
6.5,28.51663756362511,28.521621656484083,24.0,0.0,0.06430395584213403,0.013208366980619566,0.0001639998340680019
6.6000000000000005,28.521621656484083,28.526570629630918,24.0,0.0,0.06444394208981899,0.013208366980619566,0.0001639998340680019
6.7,28.526570629630918,28.531484689317868,24.0,0.0,0.06458354562653527,0.013208366980619566,0.0001639998340680019
6.800000000000001,28.531484689317868,28.53636404060108,24.0,0.0,0.06472276860395815,0.013208366980619566,0.0001639998340680019
6.9,28.53636404060108,28.54120888734747,24.0,0.0,0.06486161316132723,0.013208366980619566,0.0001639998340680019
7.0,28.54120888734747,28.54601943224155,24.0,0.0,0.06500008142551772,0.013208366980619566,0.0001639998340680019
7.1000000000000005,28.54601943224155,28.55079587679221,24.0,0.0,0.06513817551111124,0.013208366980619566,0.0001639998340680019
7.2,28.55079587679221,28.55553842133947,24.0,0.0,0.06527589752046609,0.013208366980619566,0.0001639998340680019
7.300000000000001,28.55553842133947,28.560247265061196,24.0,0.0,0.06541324954378722,0.013208366980619566,0.0001639998340680019
7.4,28.560247265061196,28.564922605979767,24.0,0.0,0.06555023365919609,0.013208366980619566,0.0001639998340680019
7.5,28.564922605979767,28.56956464096871,24.0,0.0,0.06568685193279947,0.013208366980619566,0.0001639998340680019
7.6000000000000005,28.56956464096871,28.574173565759306,24.0,0.0,0.06582310641875849,0.013208366980619566,0.0001639998340680019
7.7,28.574173565759306,28.578749574947135,24.0,0.0,0.06595899915935703,0.013208366980619566,0.0001639998340680019
7.800000000000001,28.578749574947135,28.583292861998608,24.0,0.0,0.0660945321850696,0.013208366980619566,0.0001639998340680019
7.9,28.583292861998608,28.587803619257453,24.0,0.0,0.06622970751462902,0.013208366980619566,0.0001639998340680019
8.0,28.587803619257453,28.592282037951158,24.0,0.0,0.06636452715509382,0.013208366980619566,0.0001639998340680019
8.1,28.592282037951158,28.59672830819738,24.0,0.0,0.06649899310191489,0.013208366980619566,0.0001639998340680019
8.200000000000001,28.59672830819738,28.601142619010332,24.0,0.0,0.06663310733900202,0.013208366980619566,0.0001639998340680019
8.3,28.601142619010332,28.605526753163392,24.0,0.0,0.06676687183879008,0.013208366980619566,0.0001639998340680019
8.4,28.605526753163392,28.609880888961996,24.0,0.0,0.06690030965390742,0.013208366980619566,0.0001639998340680019
8.5,28.609880888961996,28.614205203663612,24.0,0.0,0.06703342264750514,0.013208366980619566,0.0001639998340680019
8.6,28.614205203663612,28.618499873483888,24.0,0.0,0.06716621267179942,0.013208366980619566,0.0001639998340680019
8.700000000000001,28.618499873483888,28.62276507360276,24.0,0.0,0.06729868156813566,0.013208366980619566,0.0001639998340680019
8.8,28.62276507360276,28.627000978170532,24.0,0.0,0.06743083116705213,0.013208366980619566,0.0001639998340680019
8.9,28.627000978170532,28.63120776031391,24.0,0.0,0.06756266328834339,0.013208366980619566,0.0001639998340680019
9.0,28.63120776031391,28.63538559214201,24.0,0.0,0.06769417974112323,0.013208366980619566,0.0001639998340680019
9.1,28.63538559214201,28.639534644752334,24.0,0.0,0.06782538232388736,0.013208366980619566,0.0001639998340680019
9.200000000000001,28.639534644752334,28.643655088236684,24.0,0.0,0.06795627282457561,0.013208366980619566,0.0001639998340680019
9.3,28.643655088236684,28.64774709168708,24.0,0.0,0.0680868530206338,0.013208366980619566,0.0001639998340680019
9.4,28.64774709168708,28.65181082320162,24.0,0.0,0.06821712467907526,0.013208366980619566,0.0001639998340680019
9.5,28.65181082320162,28.655846449890312,24.0,0.0,0.06834708955654212,0.013208366980619566,0.0001639998340680019
9.600000000000001,28.655846449890312,28.65985413788086,24.0,0.0,0.06847674939936593,0.013208366980619566,0.0001639998340680019
9.700000000000001,28.65985413788086,28.663834052324443,24.0,0.0,0.06860610594362826,0.013208366980619566,0.0001639998340680019
9.8,28.663834052324443,28.667786357401432,24.0,0.0,0.06873516091522078,0.013208366980619566,0.0001639998340680019
9.9,28.667786357401432,28.671711216327097,24.0,0.0,0.06886391602990488,0.013208366980619566,0.0001639998340680019
10.0,28.671711216327097,28.67560879135725,24.0,0.0,0.06899237299337135,0.013208366980619566,0.0001639998340680019
10.100000000000001,28.67560879135725,28.679479243793892,24.0,0.0,0.06912053350129904,0.013208366980619566,0.0001639998340680019
10.200000000000001,28.679479243793892,28.683322733990803,24.0,0.0,0.06924839923941395,0.013208366980619566,0.0001639998340680019
10.3,28.683322733990803,28.687139421359106,24.0,0.0,0.0693759718835473,0.013208366980619566,0.0001639998340680019
10.4,28.687139421359106,28.690929464372793,24.0,0.0,0.06950325309969378,0.013208366980619566,0.0001639998340680019
10.5,28.690929464372793,28.69469302057423,24.0,0.0,0.06963024454406909,0.013208366980619566,0.0001639998340680019
10.600000000000001,28.69469302057423,28.69843024657962,24.0,0.0,0.0697569478631673,0.013208366980619566,0.0001639998340680019
10.700000000000001,28.69843024657962,28.702141298084435,24.0,0.0,0.0698833646938179,0.013208366980619566,0.0001639998340680019
10.8,28.702141298084435,28.705826329868827,24.0,0.0,0.0700094966632425,0.013208366980619566,0.0001639998340680019
10.9,28.705826329868827,28.70948549580299,24.0,0.0,0.07013534538911113,0.013208366980619566,0.0001639998340680019
11.0,28.70948549580299,28.713118948852504,24.0,0.0,0.07026091247959827,0.013208366980619566,0.0001639998340680019
11.100000000000001,28.713118948852504,28.716726841083638,24.0,0.0,0.07038619953343855,0.013208366980619566,0.0001639998340680019
11.200000000000001,28.716726841083638,28.720309323668634,24.0,0.0,0.07051120813998207,0.013208366980619566,0.0001639998340680019
11.3,28.720309323668634,28.723866546890946,24.0,0.0,0.07063593987924952,0.013208366980619566,0.0001639998340680019
11.4,28.723866546890946,28.727398660150467,24.0,0.0,0.07076039632198675,0.013208366980619566,0.0001639998340680019
11.5,28.727398660150467,28.7309058119687,24.0,0.0,0.0708845790297194,0.013208366980619566,0.0001639998340680019
11.600000000000001,28.7309058119687,28.73438814999392,24.0,0.0,0.0710084895548068,0.013208366980619566,0.0001639998340680019
11.700000000000001,28.73438814999392,28.7378458210063,24.0,0.0,0.0711321294404957,0.013208366980619566,0.0001639998340680019
11.8,28.7378458210063,28.741278970923002,24.0,0.0,0.07125550022097396,0.013208366980619566,0.0001639998340680019
11.9,28.741278970923002,28.74468774480324,24.0,0.0,0.0713786034214234,0.013208366980619566,0.0001639998340680019
12.0,28.74468774480324,28.748072286853326,24.0,0.0,0.07150144055807275,0.013208366980619566,0.0001639998340680019
12.100000000000001,28.748072286853326,28.751432740431657,24.0,0.0,0.07162401313825031,0.013208366980619566,0.0001639998340680019
12.200000000000001,28.751432740431657,28.75476924805371,24.0,0.0,0.07174632266043585,0.013208366980619566,0.0001639998340680019
12.3,28.75476924805371,28.758081951396974,24.0,0.0,0.07186837061431278,0.013208366980619566,0.0001639998340680019
12.4,28.758081951396974,28.76137099130588,24.0,0.0,0.07199015848081967,0.013208366980619566,0.0001639998340680019
12.5,28.76137099130588,28.764636506789635,24.0,0.0,0.07211168773220146,0.013208366980619566,0.0001639998340680019
12.600000000000001,28.764636506789635,28.76787863604351,24.0,0.0,0.07223295981874256,0.013208366980619566,0.0001639998340680019
12.700000000000001,28.76787863604351,28.77109751645361,24.0,0.0,0.07235397618224307,0.013208366980619566,0.0001639998340680019
12.8,28.77109751645361,28.774293284601637,24.0,0.0,0.07247473825606851,0.013208366980619566,0.0001639998340680019
12.9,28.774293284601637,28.777466076269555,24.0,0.0,0.07259524746519926,0.013208366980619566,0.0001639998340680019
13.0,28.777466076269555,28.780616026444317,24.0,0.0,0.07271550522627954,0.013208366980619566,0.0001639998340680019
13.100000000000001,28.780616026444317,28.783743269322503,24.0,0.0,0.07283551294766644,0.013208366980619566,0.0001639998340680019
13.200000000000001,28.783743269322503,28.786847938314942,24.0,0.0,0.07295527202947834,0.013208366980619566,0.0001639998340680019
13.3,28.786847938314942,28.789930166051327,24.0,0.0,0.07307478386364305,0.013208366980619566,0.0001639998340680019
13.4,28.789930166051327,28.792990084384787,24.0,0.0,0.07319404983394605,0.013208366980619566,0.0001639998340680019
13.5,28.792990084384787,28.796027824396425,24.0,0.0,0.07331307131607798,0.013208366980619566,0.0001639998340680019
13.600000000000001,28.796027824396425,28.799043516399855,24.0,0.0,0.07343184967768207,0.013208366980619566,0.0001639998340680019
13.700000000000001,28.799043516399855,28.802037289945687,24.0,0.0,0.07355038627840135,0.013208366980619566,0.0001639998340680019
13.8,28.802037289945687,28.805009273826,24.0,0.0,0.07366868246992553,0.013208366980619566,0.0001639998340680019
13.9,28.805009273826,28.807959596078774,24.0,0.0,0.07378673959603743,0.013208366980619566,0.0001639998340680019
14.0,28.807959596078774,28.810888383992324,24.0,0.0,0.07390455899265944,0.013208366980619566,0.0001639998340680019
14.100000000000001,28.810888383992324,28.81379576410968,24.0,0.0,0.07402214198789946,0.013208366980619566,0.0001639998340680019
14.200000000000001,28.81379576410968,28.816681862232954,24.0,0.0,0.07413948990209678,0.013208366980619566,0.0001639998340680019
14.3,28.816681862232954,28.819546803427674,24.0,0.0,0.07425660404786749,0.013208366980619566,0.0001639998340680019
14.4,28.819546803427674,28.822390712027104,24.0,0.0,0.07437348573014976,0.013208366980619566,0.0001639998340680019
14.5,28.822390712027104,28.825213711636536,24.0,0.0,0.07449013624624873,0.013208366980619566,0.0001639998340680019
14.600000000000001,28.825213711636536,28.828015925137546,24.0,0.0,0.07460655688588134,0.013208366980619566,0.0001639998340680019
14.700000000000001,28.828015925137546,28.830797474692233,24.0,0.0,0.07472274893122076,0.013208366980619566,0.0001639998340680019
14.8,28.830797474692233,28.83355848174744,24.0,0.0,0.07483871365694042,0.013208366980619566,0.0001639998340680019
14.9,28.83355848174744,28.83629906703893,24.0,0.0,0.0749544523302581,0.013208366980619566,0.0001639998340680019
15.0,28.83629906703893,28.839019350595567,24.0,0.0,0.07506996621097957,0.013208366980619566,0.0001639998340680019
15.100000000000001,28.839019350595567,28.841719451743447,24.0,0.0,0.07518525655154194,0.013208366980619566,0.0001639998340680019
15.200000000000001,28.841719451743447,28.84439948911001,24.0,0.0,0.0753003245970569,0.013208366980619566,0.0001639998340680019
15.3,28.84439948911001,28.847059580628134,24.0,0.0,0.07541517158535356,0.013208366980619566,0.0001639998340680019
15.4,28.847059580628134,28.84969984354021,24.0,0.0,0.07552979874702104,0.013208366980619566,0.0001639998340680019
15.5,28.84969984354021,28.852320394402184,24.0,0.0,0.0756442073054511,0.013208366980619566,0.0001639998340680019
15.600000000000001,28.852320394402184,28.85492134908757,24.0,0.0,0.0757583984768801,0.013208366980619566,0.0001639998340680019
15.700000000000001,28.85492134908757,28.857502822791446,24.0,0.0,0.07587237347043096,0.013208366980619566,0.0001639998340680019
15.8,28.857502822791446,28.86006493003444,24.0,0.0,0.07598613348815486,0.013208366980619566,0.0001639998340680019
15.9,28.86006493003444,28.862607784666668,24.0,0.0,0.07609967972507256,0.013208366980619566,0.0001639998340680019
16.0,28.862607784666668,28.865131499871666,24.0,0.0,0.07621301336921571,0.013208366980619566,0.0001639998340680019
16.1,28.865131499871666,28.867636188170295,24.0,0.0,0.07632613560166768,0.013208366980619566,0.0001639998340680019
16.2,28.867636188170295,28.870121961424616,24.0,0.0,0.07643904759660439,0.013208366980619566,0.0001639998340680019
16.3,28.870121961424616,28.872588930841754,24.0,0.0,0.0765517505213345,0.013208366980619566,0.0001639998340680019
16.400000000000002,28.872588930841754,28.875037206977733,24.0,0.0,0.07666424553634002,0.013208366980619566,0.0001639998340680019
16.5,28.875037206977733,28.877466899741286,24.0,0.0,0.07677653379531588,0.013208366980619566,0.0001639998340680019
16.6,28.877466899741286,28.87987811839765,24.0,0.0,0.07688861644521001,0.013208366980619566,0.0001639998340680019
16.7,28.87987811839765,28.882270971572964,24.0,0.0,0.0770004946262627,0.013208366980619566,0.0001639998340680019
16.8,28.882270971572964,28.884645567258023,24.0,0.0,0.0771121694720543,0.013208366980619566,0.0001639998340680019
16.900000000000002,28.884645567258023,28.88700201281197,24.0,0.0,0.07722364210954429,0.013208366980619566,0.0001639998340680019
17.0,28.88700201281197,28.889340414966007,24.0,0.0,0.07733491365910977,0.013208366980619566,0.0001639998340680019
17.1,28.889340414966007,28.891660879827068,24.0,0.0,0.07744598523458422,0.013208366980619566,0.0001639998340680019
17.2,28.891660879827068,28.893963512881463,24.0,0.0,0.0775568579432956,0.013208366980619566,0.0001639998340680019
17.3,28.893963512881463,28.896248418998518,24.0,0.0,0.0776675328861045,0.013208366980619566,0.0001639998340680019
17.400000000000002,28.896248418998518,28.898515702434167,24.0,0.0,0.07777801115744197,0.013208366980619566,0.0001639998340680019
17.5,28.898515702434167,28.900765466834564,24.0,0.0,0.07788829384534698,0.013208366980619566,0.0001639998340680019
17.6,28.900765466834564,28.902997815239623,24.0,0.0,0.07799838203150405,0.013208366980619566,0.0001639998340680019
17.7,28.902997815239623,28.905212850086585,24.0,0.0,0.07810827679128018,0.013208366980619566,0.0001639998340680019
17.8,28.905212850086585,28.907410673213533,24.0,0.0,0.07821797919376196,0.013208366980619566,0.0001639998340680019
17.900000000000002,28.907410673213533,28.9095913858629,24.0,0.0,0.07832749030179224,0.013208366980619566,0.0001639998340680019
18.0,28.9095913858629,28.911755088684945,24.0,0.0,0.07843681117200668,0.013208366980619566,0.0001639998340680019
18.1,28.911755088684945,28.913901881741236,24.0,0.0,0.07854594285486996,0.013208366980619566,0.0001639998340680019
18.2,28.913901881741236,28.916031864508067,24.0,0.0,0.07865488639471209,0.013208366980619566,0.0001639998340680019
18.3,28.916031864508067,28.918145135879904,24.0,0.0,0.07876364282976403,0.013208366980619566,0.0001639998340680019
18.400000000000002,28.918145135879904,28.920241794172775,24.0,0.0,0.07887221319219354,0.013208366980619566,0.0001639998340680019
18.5,28.920241794172775,28.92232193712766,24.0,0.0,0.07898059850814063,0.013208366980619566,0.0001639998340680019
18.6,28.92232193712766,28.92438566191385,24.0,0.0,0.07908879979775271,0.013208366980619566,0.0001639998340680019
18.7,28.92438566191385,28.926433065132294,24.0,0.0,0.07919681807521978,0.013208366980619566,0.0001639998340680019
18.8,28.926433065132294,28.92846424281892,24.0,0.0,0.07930465434880918,0.013208366980619566,0.0001639998340680019
18.900000000000002,28.92846424281892,28.930479290447938,24.0,0.0,0.0794123096209002,0.013208366980619566,0.0001639998340680019
19.0,28.930479290447938,28.932478302935138,24.0,0.0,0.07951978488801864,0.013208366980619566,0.0001639998340680019
19.1,28.932478302935138,28.934461374641145,24.0,0.0,0.07962708114087096,0.013208366980619566,0.0001639998340680019
19.200000000000003,28.934461374641145,28.936428599374665,24.0,0.0,0.0797341993643784,0.013208366980619566,0.0001639998340680019
19.3,28.936428599374665,28.938380070395716,24.0,0.0,0.07984114053771067,0.013208366980619566,0.0001639998340680019
19.400000000000002,28.938380070395716,28.940315880418844,24.0,0.0,0.07994790563431974,0.013208366980619566,0.0001639998340680019
19.5,28.940315880418844,28.9422361216163,24.0,0.0,0.08005449562197317,0.013208366980619566,0.0001639998340680019
19.6,28.9422361216163,28.944140885621227,24.0,0.0,0.08016091146278749,0.013208366980619566,0.0001639998340680019
19.700000000000003,28.944140885621227,28.9460302635308,24.0,0.0,0.0802671541132611,0.013208366980619566,0.0001639998340680019
19.8,28.9460302635308,28.94790434590937,24.0,0.0,0.08037322452430727,0.013208366980619566,0.0001639998340680019
19.900000000000002,28.94790434590937,28.949763222791574,24.0,0.0,0.08047912364128669,0.013208366980619566,0.0001639998340680019
20.0,28.949763222791574,28.951606983685437,24.0,0.0,0.08058485240403998,0.013208366980619566,0.0001639998340680019
20.1,28.951606983685437,28.953435717575452,24.0,0.0,0.08069041174692008,0.013208366980619566,0.0001639998340680019
20.200000000000003,28.953435717575452,28.95524951292564,24.0,0.0,0.08079580259882418,0.013208366980619566,0.0001639998340680019
20.3,28.95524951292564,28.957048457682596,24.0,0.0,0.08090102588322574,0.013208366980619566,0.0001639998340680019
20.400000000000002,28.957048457682596,28.95883263927852,24.0,0.0,0.08100608251820618,0.013208366980619566,0.0001639998340680019
20.5,28.95883263927852,28.960602144634212,24.0,0.0,0.08111097341648646,0.013208366980619566,0.0001639998340680019
20.6,28.960602144634212,28.962357060162077,24.0,0.0,0.08121569948545836,0.013208366980619566,0.0001639998340680019
20.700000000000003,28.962357060162077,28.964097471769094,24.0,0.0,0.08132026162721567,0.013208366980619566,0.0001639998340680019
20.8,28.964097471769094,28.96582346485977,24.0,0.0,0.08142466073858522,0.013208366980619566,0.0001639998340680019
20.900000000000002,28.96582346485977,28.96753512433908,24.0,0.0,0.0815288977111577,0.013208366980619566,0.0001639998340680019
21.0,28.96753512433908,28.969232534615386,24.0,0.0,0.08163297343131812,0.013208366980619566,0.0001639998340680019
21.1,28.969232534615386,28.970915779603352,24.0,0.0,0.08173688878027649,0.013208366980619566,0.0001639998340680019
21.200000000000003,28.970915779603352,28.972584942726815,24.0,0.0,0.08184064463409792,0.013208366980619566,0.0001639998340680019
21.3,28.972584942726815,28.974240106921666,24.0,0.0,0.08194424186373275,0.013208366980619566,0.0001639998340680019
21.400000000000002,28.974240106921666,28.975881354638698,24.0,0.0,0.08204768133504649,0.013208366980619566,0.0001639998340680019
21.5,28.975881354638698,28.97750876784645,24.0,0.0,0.08215096390884943,0.013208366980619566,0.0001639998340680019
21.6,28.97750876784645,28.979122428034024,24.0,0.0,0.08225409044092644,0.013208366980619566,0.0001639998340680019
21.700000000000003,28.979122428034024,28.980722416213883,24.0,0.0,0.08235706178206609,0.013208366980619566,0.0001639998340680019
21.8,28.980722416213883,28.982308812924643,24.0,0.0,0.0824598787780901,0.013208366980619566,0.0001639998340680019
21.900000000000002,28.982308812924643,28.98388169823385,24.0,0.0,0.08256254226988219,0.013208366980619566,0.0001639998340680019
22.0,28.98388169823385,28.985441151740726,24.0,0.0,0.08266505309341712,0.013208366980619566,0.0001639998340680019
22.1,28.985441151740726,28.98698725257891,24.0,0.0,0.08276741207978927,0.013208366980619566,0.0001639998340680019
22.200000000000003,28.98698725257891,28.988520079419185,24.0,0.0,0.08286962005524127,0.013208366980619566,0.0001639998340680019
22.3,28.988520079419185,28.99003971047218,24.0,0.0,0.08297167784119233,0.013208366980619566,0.0001639998340680019
22.400000000000002,28.99003971047218,28.991546223491056,24.0,0.0,0.08307358625426643,0.013208366980619566,0.0001639998340680019
22.5,28.991546223491056,28.9930396957742,24.0,0.0,0.08317534610632038,0.013208366980619566,0.0001639998340680019
22.6,28.9930396957742,28.99452020416787,24.0,0.0,0.08327695820447173,0.013208366980619566,0.0001639998340680019
22.700000000000003,28.99452020416787,28.995987825068834,24.0,0.0,0.08337842335112647,0.013208366980619566,0.0001639998340680019
22.8,28.995987825068834,28.997442634427014,24.0,0.0,0.08347974234400654,0.013208366980619566,0.0001639998340680019
22.900000000000002,28.997442634427014,28.998884707748086,24.0,0.0,0.08358091597617726,0.013208366980619566,0.0001639998340680019
23.0,28.998884707748086,29.000314120096085,24.0,0.0,0.08368194503607453,0.013208366980619566,0.0001639998340680019
23.1,29.000314120096085,29.001730946095993,24.0,0.0,0.08378283030753189,0.013208366980619566,0.0001639998340680019
23.200000000000003,29.001730946095993,29.00313525993629,24.0,0.0,0.08388357256980761,0.013208366980619566,0.0001639998340680019
23.3,29.00313525993629,29.00452713537152,24.0,0.0,0.08398417259761114,0.013208366980619566,0.0001639998340680019
23.400000000000002,29.00452713537152,29.005906645724835,24.0,0.0,0.08408463116112996,0.013208366980619566,0.0001639998340680019
23.5,29.005906645724835,29.00727386389049,24.0,0.0,0.08418494902605597,0.013208366980619566,0.0001639998340680019
23.6,29.00727386389049,29.008628862336383,24.0,0.0,0.08428512695361162,0.013208366980619566,0.0001639998340680019
23.700000000000003,29.008628862336383,29.009971713106534,24.0,0.0,0.08438516570057629,0.013208366980619566,0.0001639998340680019
23.8,29.009971713106534,29.011302487823556,24.0,0.0,0.08448506601931213,0.013208366980619566,0.0001639998340680019
23.900000000000002,29.011302487823556,29.012621257691137,24.0,0.0,0.08458482865778985,0.013208366980619566,0.0001639998340680019
24.0,29.012621257691137,29.013928093496478,24.0,0.0,0.08468445435961455,0.013208366980619566,0.0001639998340680019
24.1,29.013928093496478,29.01522306561273,24.0,0.0,0.08478394386405114,0.013208366980619566,0.0001639998340680019
24.200000000000003,29.01522306561273,29.01650624400142,24.0,0.0,0.08488329790604972,0.013208366980619566,0.0001639998340680019
24.3,29.01650624400142,29.017777698214854,24.0,0.0,0.08498251721627087,0.013208366980619566,0.0001639998340680019
24.400000000000002,29.017777698214854,29.01903749739851,24.0,0.0,0.08508160252111069,0.013208366980619566,0.0001639998340680019
24.5,29.01903749739851,29.02028571029342,24.0,0.0,0.08518055454272577,0.013208366980619566,0.0001639998340680019
24.6,29.02028571029342,29.021522405238535,24.0,0.0,0.0852793739990579,0.013208366980619566,0.0001639998340680019
24.700000000000003,29.021522405238535,29.022747650173073,24.0,0.0,0.08537806160385882,0.013208366980619566,0.0001639998340680019
24.8,29.022747650173073,29.02396151263886,24.0,0.0,0.08547661806671472,0.013208366980619566,0.0001639998340680019
24.900000000000002,29.02396151263886,29.025164059782654,24.0,0.0,0.0855750440930705,0.013208366980619566,0.0001639998340680019
25.0,29.025164059782654,29.02635535835845,24.0,0.0,0.08567334038425412,0.013208366980619566,0.0001639998340680019
25.1,29.02635535835845,29.02753547472979,24.0,0.0,0.0857715076375005,0.013208366980619566,0.0001639998340680019
25.200000000000003,29.02753547472979,29.028704474872026,24.0,0.0,0.08586954654597563,0.013208366980619566,0.0001639998340680019
25.3,29.028704474872026,29.029862424374613,24.0,0.0,0.08596745779880029,0.013208366980619566,0.0001639998340680019
25.400000000000002,29.029862424374613,29.031009388443348,24.0,0.0,0.08606524208107373,0.013208366980619566,0.0001639998340680019
25.5,29.031009388443348,29.03214543190262,24.0,0.0,0.08616290007389708,0.013208366980619566,0.0001639998340680019
25.6,29.03214543190262,29.033270619197644,24.0,0.0,0.0862604324543969,0.013208366980619566,0.0001639998340680019
25.700000000000003,29.033270619197644,29.034385014396673,24.0,0.0,0.08635783989574829,0.013208366980619566,0.0001639998340680019
25.8,29.034385014396673,29.035488681193208,24.0,0.0,0.08645512306719805,0.013208366980619566,0.0001639998340680019
25.900000000000002,29.035488681193208,29.03658168290818,24.0,0.0,0.0865522826340877,0.013208366980619566,0.0001639998340680019
26.0,29.03658168290818,29.037664082492142,24.0,0.0,0.08664931925787622,0.013208366980619566,0.0001639998340680019
26.1,29.037664082492142,29.038735942527424,24.0,0.0,0.08674623359616274,0.013208366980619566,0.0001639998340680019
26.200000000000003,29.038735942527424,29.03979732523029,24.0,0.0,0.0868430263027093,0.013208366980619566,0.0001639998340680019
26.3,29.03979732523029,29.04084829245308,24.0,0.0,0.08693969802746303,0.013208366980619566,0.0001639998340680019
26.400000000000002,29.04084829245308,29.041888905686342,24.0,0.0,0.0870362494165787,0.013208366980619566,0.0001639998340680019
26.5,29.041888905686342,29.04291922606094,24.0,0.0,0.08713268111244069,0.013208366980619566,0.0001639998340680019
26.6,29.04291922606094,29.04393931435016,24.0,0.0,0.0872289937536852,0.013208366980619566,0.0001639998340680019
26.700000000000003,29.04393931435016,29.0449492309718,24.0,0.0,0.0873251879752221,0.013208366980619566,0.0001639998340680019
26.8,29.0449492309718,29.045949035990255,24.0,0.0,0.08742126440825665,0.013208366980619566,0.0001639998340680019
26.900000000000002,29.045949035990255,29.046938789118578,24.0,0.0,0.08751722368031128,0.013208366980619566,0.0001639998340680019
27.0,29.046938789118578,29.04791854972054,24.0,0.0,0.08761306641524705,0.013208366980619566,0.0001639998340680019
27.1,29.04791854972054,29.04888837681266,24.0,0.0,0.0877087932332852,0.013208366980619566,0.0001639998340680019
27.200000000000003,29.04888837681266,29.04984832906625,24.0,0.0,0.08780440475102819,0.013208366980619566,0.0001639998340680019
27.3,29.04984832906625,29.050798464809436,24.0,0.0,0.08789990158148105,0.013208366980619566,0.0001639998340680019
27.400000000000002,29.050798464809436,29.051738842029145,24.0,0.0,0.08799528433407242,0.013208366980619566,0.0001639998340680019
27.5,29.051738842029145,29.05266951837312,24.0,0.0,0.08809055361467531,0.013208366980619566,0.0001639998340680019
27.6,29.05266951837312,29.053590551151892,24.0,0.0,0.08818571002562806,0.013208366980619566,0.0001639998340680019
27.700000000000003,29.053590551151892,29.05450199734076,24.0,0.0,0.08828075416575493,0.013208366980619566,0.0001639998340680019
27.8,29.05450199734076,29.05540391358175,24.0,0.0,0.08837568663038663,0.013208366980619566,0.0001639998340680019
27.900000000000002,29.05540391358175,29.056296356185555,24.0,0.0,0.08847050801138079,0.013208366980619566,0.0001639998340680019
28.0,29.056296356185555,29.057179381133487,24.0,0.0,0.0885652188971423,0.013208366980619566,0.0001639998340680019
28.1,29.057179381133487,29.05805304407939,24.0,0.0,0.08865981987264343,0.013208366980619566,0.0001639998340680019
28.200000000000003,29.05805304407939,29.058917400351568,24.0,0.0,0.08875431151944391,0.013208366980619566,0.0001639998340680019
28.3,29.058917400351568,29.059772504954672,24.0,0.0,0.08884869441571097,0.013208366980619566,0.0001639998340680019
28.400000000000002,29.059772504954672,29.060618412571614,24.0,0.0,0.08894296913623903,0.013208366980619566,0.0001639998340680019
28.5,29.060618412571614,29.061455177565424,24.0,0.0,0.08903713625246962,0.013208366980619566,0.0001639998340680019
28.6,29.061455177565424,29.062282853981145,24.0,0.0,0.08913119633251074,0.013208366980619566,0.0001639998340680019
28.700000000000003,29.062282853981145,29.063101495547677,24.0,0.0,0.0892251499411566,0.013208366980619566,0.0001639998340680019
28.8,29.063101495547677,29.06391115567963,24.0,0.0,0.08931899763990687,0.013208366980619566,0.0001639998340680019
28.900000000000002,29.06391115567963,29.064711887479163,24.0,0.0,0.08941273998698594,0.013208366980619566,0.0001639998340680019
29.0,29.064711887479163,29.06550374373781,24.0,0.0,0.08950637753736213,0.013208366980619566,0.0001639998340680019
29.1,29.06550374373781,29.0662867769383,24.0,0.0,0.08959991084276661,0.013208366980619566,0.0001639998340680019
29.200000000000003,29.0662867769383,29.06706103925635,24.0,0.0,0.08969334045171254,0.013208366980619566,0.0001639998340680019
29.3,29.06706103925635,29.06782658256249,24.0,0.0,0.0897866669095137,0.013208366980619566,0.0001639998340680019
29.400000000000002,29.06782658256249,29.068583458423802,24.0,0.0,0.08987989075830329,0.013208366980619566,0.0001639998340680019
29.5,29.068583458423802,29.069331718105744,24.0,0.0,0.08997301253705242,0.013208366980619566,0.0001639998340680019
29.6,29.069331718105744,29.070071412573878,24.0,0.0,0.09006603278158881,0.013208366980619566,0.0001639998340680019
29.700000000000003,29.070071412573878,29.07080259249564,24.0,0.0,0.09015895202461496,0.013208366980619566,0.0001639998340680019
29.8,29.07080259249564,29.07152530824208,24.0,0.0,0.09025177079572652,0.013208366980619566,0.0001639998340680019
29.900000000000002,29.07152530824208,29.072239609889593,24.0,0.0,0.09034448962143053,0.013208366980619566,0.0001639998340680019
30.0,29.072239609889593,29.07294554722165,24.0,0.0,0.09043710902516325,0.013208366980619566,0.0001639998340680019
30.1,29.07294554722165,29.0736431697305,24.0,0.0,0.09052962952730842,0.013208366980619566,0.0001639998340680019
30.200000000000003,29.0736431697305,29.07433252661888,24.0,0.0,0.09062205164521484,0.013208366980619566,0.0001639998340680019
30.3,29.07433252661888,29.07501366680171,24.0,0.0,0.09071437589321431,0.013208366980619566,0.0001639998340680019
30.400000000000002,29.07501366680171,29.075686638907765,24.0,0.0,0.09080660278263922,0.013208366980619566,0.0001639998340680019
30.5,29.075686638907765,29.07635149128137,24.0,0.0,0.09089873282183993,0.013208366980619566,0.0001639998340680019
30.6,29.07635149128137,29.07700827198403,24.0,0.0,0.09099076651620251,0.013208366980619566,0.0001639998340680019
30.700000000000003,29.07700827198403,29.077657028796125,24.0,0.0,0.0910827043681658,0.013208366980619566,0.0001639998340680019
30.8,29.077657028796125,29.07829780921852,24.0,0.0,0.09117454687723879,0.013208366980619566,0.0001639998340680019
30.900000000000002,29.07829780921852,29.07893066047421,24.0,0.0,0.09126629454001775,0.013208366980619566,0.0001639998340680019
31.0,29.07893066047421,29.07955562950996,24.0,0.0,0.09135794785020313,0.013208366980619566,0.0001639998340680019
31.1,29.07955562950996,29.080172762997897,24.0,0.0,0.09144950729861673,0.013208366980619566,0.0001639998340680019
31.200000000000003,29.080172762997897,29.080782107337132,24.0,0.0,0.09154097337321826,0.013208366980619566,0.0001639998340680019
31.3,29.080782107337132,29.08138370865535,24.0,0.0,0.09163234655912234,0.013208366980619566,0.0001639998340680019
31.400000000000002,29.08138370865535,29.081977612810395,24.0,0.0,0.09172362733861489,0.013208366980619566,0.0001639998340680019
31.5,29.081977612810395,29.082563865391858,24.0,0.0,0.09181481619116988,0.013208366980619566,0.0001639998340680019
31.6,29.082563865391858,29.083142511722638,24.0,0.0,0.09190591359346562,0.013208366980619566,0.0001639998340680019
31.700000000000003,29.083142511722638,29.083713596860505,24.0,0.0,0.09199692001940118,0.013208366980619566,0.0001639998340680019
31.8,29.083713596860505,29.084277165599644,24.0,0.0,0.09208783594011276,0.013208366980619566,0.0001639998340680019
31.900000000000002,29.084277165599644,29.084833262472205,24.0,0.0,0.09217866182398952,0.013208366980619566,0.0001639998340680019
32.0,29.084833262472205,29.085381931749833,24.0,0.0,0.09226939813668997,0.013208366980619566,0.0001639998340680019
32.1,29.085381931749833,29.085923217445185,24.0,0.0,0.0923600453411578,0.013208366980619566,0.0001639998340680019
32.2,29.085923217445185,29.086457163313455,24.0,0.0,0.09245060389763772,0.013208366980619566,0.0001639998340680019
32.300000000000004,29.086457163313455,29.086983812853873,24.0,0.0,0.09254107426369136,0.013208366980619566,0.0001639998340680019
32.4,29.086983812853873,29.087503209311205,24.0,0.0,0.09263145689421286,0.013208366980619566,0.0001639998340680019
32.5,29.087503209311205,29.088015395677232,24.0,0.0,0.09272175224144447,0.013208366980619566,0.0001639998340680019
32.6,29.088015395677232,29.088520414692248,24.0,0.0,0.09281196075499207,0.013208366980619566,0.0001639998340680019
32.7,29.088520414692248,29.089018308846512,24.0,0.0,0.09290208288184071,0.013208366980619566,0.0001639998340680019
32.800000000000004,29.089018308846512,29.08950912038172,24.0,0.0,0.09299211906636973,0.013208366980619566,0.0001639998340680019
32.9,29.08950912038172,29.089992891292457,24.0,0.0,0.09308206975036809,0.013208366980619566,0.0001639998340680019
33.0,29.089992891292457,29.090469663327642,24.0,0.0,0.09317193537304957,0.013208366980619566,0.0001639998340680019
33.1,29.090469663327642,29.090939477991963,24.0,0.0,0.0932617163710678,0.013208366980619566,0.0001639998340680019
33.2,29.090939477991963,29.091402376547308,24.0,0.0,0.09335141317853111,0.013208366980619566,0.0001639998340680019
33.300000000000004,29.091402376547308,29.091858400014186,24.0,0.0,0.09344102622701762,0.013208366980619566,0.0001639998340680019
33.4,29.091858400014186,29.092307589173128,24.0,0.0,0.09353055594558993,0.013208366980619566,0.0001639998340680019
33.5,29.092307589173128,29.092749984566108,24.0,0.0,0.0936200027608097,0.013208366980619566,0.0001639998340680019
33.6,29.092749984566108,29.093185626497927,24.0,0.0,0.0937093670967526,0.013208366980619566,0.0001639998340680019
33.7,29.093185626497927,29.093614555037597,24.0,0.0,0.09379864937502254,0.013208366980619566,0.0001639998340680019
33.800000000000004,29.093614555037597,29.094036810019727,24.0,0.0,0.0938878500147662,0.013208366980619566,0.0001639998340680019
33.9,29.094036810019727,29.09445243104589,24.0,0.0,0.09397696943268752,0.013208366980619566,0.0001639998340680019
34.0,29.09445243104589,29.094861457485994,24.0,0.0,0.09406600804306184,0.013208366980619566,0.0001639998340680019
34.1,29.094861457485994,29.09526392847962,24.0,0.0,0.09415496625775022,0.013208366980619566,0.0001639998340680019
34.2,29.09526392847962,29.09565988293739,24.0,0.0,0.09424384448621342,0.013208366980619566,0.0001639998340680019
34.300000000000004,29.09565988293739,29.096049359542288,24.0,0.0,0.09433264313552613,0.013208366980619566,0.0001639998340680019
34.4,29.096049359542288,29.096432396751,24.0,0.0,0.09442136261039072,0.013208366980619566,0.0001639998340680019
34.5,29.096432396751,29.09680903279523,24.0,0.0,0.09451000331315118,0.013208366980619566,0.0001639998340680019
34.6,29.09680903279523,29.09717930568303,24.0,0.0,0.09459856564380698,0.013208366980619566,0.0001639998340680019
34.7,29.09717930568303,29.0975432532001,24.0,0.0,0.09468705000002674,0.013208366980619566,0.0001639998340680019
34.800000000000004,29.0975432532001,29.097900912911083,24.0,0.0,0.09477545677716182,0.013208366980619566,0.0001639998340680019
34.9,29.097900912911083,29.09825232216086,24.0,0.0,0.0948637863682599,0.013208366980619566,0.0001639998340680019
35.0,29.09825232216086,29.098597518075845,24.0,0.0,0.09495203916407846,0.013208366980619566,0.0001639998340680019
35.1,29.098597518075845,29.09893653756525,24.0,0.0,0.09504021555309819,0.013208366980619566,0.0001639998340680019
35.2,29.09893653756525,29.099269417322365,24.0,0.0,0.09512831592153623,0.013208366980619566,0.0001639998340680019
35.300000000000004,29.099269417322365,29.09959619382581,24.0,0.0,0.09521634065335949,0.013208366980619566,0.0001639998340680019
35.4,29.09959619382581,29.0999169033408,24.0,0.0,0.09530429013029777,0.013208366980619566,0.0001639998340680019
35.5,29.0999169033408,29.100231581920397,24.0,0.0,0.0953921647318568,0.013208366980619566,0.0001639998340680019
35.6,29.100231581920397,29.10054026540673,24.0,0.0,0.09547996483533139,0.013208366980619566,0.0001639998340680019
35.7,29.10054026540673,29.100842989432245,24.0,0.0,0.09556769081581809,0.013208366980619566,0.0001639998340680019
35.800000000000004,29.100842989432245,29.101139789420937,24.0,0.0,0.09565534304622834,0.013208366980619566,0.0001639998340680019
35.9,29.101139789420937,29.101430700589557,24.0,0.0,0.0957429218973011,0.013208366980619566,0.0001639998340680019
36.0,29.101430700589557,29.10171575794882,24.0,0.0,0.0958304277376156,0.013208366980619566,0.0001639998340680019
36.1,29.10171575794882,29.101994996304626,24.0,0.0,0.09591786093360385,0.013208366980619566,0.0001639998340680019
36.2,29.101994996304626,29.102268450259242,24.0,0.0,0.09600522184956337,0.013208366980619566,0.0001639998340680019
36.300000000000004,29.102268450259242,29.102536154212505,24.0,0.0,0.09609251084766954,0.013208366980619566,0.0001639998340680019
36.4,29.102536154212505,29.102798142363,24.0,0.0,0.09617972828798808,0.013208366980619566,0.0001639998340680019
36.5,29.102798142363,29.103054448709234,24.0,0.0,0.09626687452848738,0.013208366980619566,0.0001639998340680019
36.6,29.103054448709234,29.103305107050815,24.0,0.0,0.09635394992505074,0.013208366980619566,0.0001639998340680019
36.7,29.103305107050815,29.103550150989605,24.0,0.0,0.09644095483148857,0.013208366980619566,0.0001639998340680019
36.800000000000004,29.103550150989605,29.103789613930882,24.0,0.0,0.09652788959955048,0.013208366980619566,0.0001639998340680019
36.9,29.103789613930882,29.104023529084493,24.0,0.0,0.0966147545789374,0.013208366980619566,0.0001639998340680019
37.0,29.104023529084493,29.10425192946599,24.0,0.0,0.09670155011731353,0.013208366980619566,0.0001639998340680019
37.1,29.10425192946599,29.104474847897762,24.0,0.0,0.0967882765603182,0.013208366980619566,0.0001639998340680019
37.2,29.104474847897762,29.10469231701019,24.0,0.0,0.09687493425157775,0.013208366980619566,0.0001639998340680019
37.300000000000004,29.10469231701019,29.104904369242735,24.0,0.0,0.09696152353271746,0.013208366980619566,0.0001639998340680019
37.4,29.104904369242735,29.105111036845077,24.0,0.0,0.09704804474337285,0.013208366980619566,0.0001639998340680019
37.5,29.105111036845077,29.10531235187822,24.0,0.0,0.09713449822120172,0.013208366980619566,0.0001639998340680019
37.6,29.10531235187822,29.10550834621559,24.0,0.0,0.0972208843018955,0.013208366980619566,0.0001639998340680019
37.7,29.10550834621559,29.105699051544143,24.0,0.0,0.09730720331919084,0.013208366980619566,0.0001639998340680019
37.800000000000004,29.105699051544143,29.105884499365445,24.0,0.0,0.09739345560488097,0.013208366980619566,0.0001639998340680019
37.9,29.105884499365445,29.10606472099676,24.0,0.0,0.09747964148882711,0.013208366980619566,0.0001639998340680019
38.0,29.10606472099676,29.10623974757213,24.0,0.0,0.09756576129896975,0.013208366980619566,0.0001639998340680019
38.1,29.10623974757213,29.106409610043443,24.0,0.0,0.09765181536133992,0.013208366980619566,0.0001639998340680019
38.2,29.106409610043443,29.1065743391815,24.0,0.0,0.0977378040000703,0.013208366980619566,0.0001639998340680019
38.300000000000004,29.1065743391815,29.10673396557707,24.0,0.0,0.09782372753740633,0.013208366980619566,0.0001639998340680019
38.400000000000006,29.10673396557707,29.106888519641956,24.0,0.0,0.09790958629371724,0.013208366980619566,0.0001639998340680019
38.5,29.106888519641956,29.10703803161002,24.0,0.0,0.09799538058750709,0.013208366980619566,0.0001639998340680019
38.6,29.10703803161002,29.107182531538246,24.0,0.0,0.0980811107354256,0.013208366980619566,0.0001639998340680019
38.7,29.107182531538246,29.107322049307758,24.0,0.0,0.098166777052279,0.013208366980619566,0.0001639998340680019
38.800000000000004,29.107322049307758,29.10745661462486,24.0,0.0,0.09825237985104085,0.013208366980619566,0.0001639998340680019
38.900000000000006,29.10745661462486,29.107586257022046,24.0,0.0,0.09833791944286278,0.013208366980619566,0.0001639998340680019
39.0,29.107586257022046,29.10771100585903,24.0,0.0,0.09842339613708505,0.013208366980619566,0.0001639998340680019
39.1,29.10771100585903,29.107830890323747,24.0,0.0,0.09850881024124716,0.013208366980619566,0.0001639998340680019
39.2,29.107830890323747,29.10794593943336,24.0,0.0,0.09859416206109846,0.013208366980619566,0.0001639998340680019
39.300000000000004,29.10794593943336,29.10805618203526,24.0,0.0,0.09867945190060856,0.013208366980619566,0.0001639998340680019
39.400000000000006,29.10805618203526,29.108161646808057,24.0,0.0,0.09876468006197772,0.013208366980619566,0.0001639998340680019
39.5,29.108161646808057,29.108262362262572,24.0,0.0,0.09884984684564727,0.013208366980619566,0.0001639998340680019
39.6,29.108262362262572,29.10835835674281,24.0,0.0,0.09893495255030982,0.013208366980619566,0.0001639998340680019
39.7,29.10835835674281,29.108449658426938,24.0,0.0,0.09901999747291947,0.013208366980619566,0.0001639998340680019
39.800000000000004,29.108449658426938,29.108536295328268,24.0,0.0,0.09910498190870208,0.013208366980619566,0.0001639998340680019
39.900000000000006,29.108536295328268,29.108618295296196,24.0,0.0,0.09918990615116532,0.013208366980619566,0.0001639998340680019
40.0,29.108618295296196,29.10869568601718,24.0,0.0,0.09927477049210864,0.013208366980619566,0.0001639998340680019
40.1,29.10869568601718,29.108768495015692,24.0,0.0,0.09935957522163341,0.013208366980619566,0.0001639998340680019
40.2,29.108768495015692,29.108836749655154,24.0,0.0,0.09944432062815266,0.013208366980619566,0.0001639998340680019
40.300000000000004,29.108836749655154,29.10890047713889,24.0,0.0,0.0995290069984012,0.013208366980619566,0.0001639998340680019
40.400000000000006,29.10890047713889,29.108959704511054,24.0,0.0,0.09961363461744518,0.013208366980619566,0.0001639998340680019
40.5,29.108959704511054,29.109014458657573,24.0,0.0,0.09969820376869204,0.013208366980619566,0.0001639998340680019
40.6,29.109014458657573,29.10906476630706,24.0,0.0,0.09978271473390005,0.013208366980619566,0.0001639998340680019
40.7,29.10906476630706,29.109110654031742,24.0,0.0,0.09986716779318813,0.013208366980619566,0.0001639998340680019
40.800000000000004,29.109110654031742,29.109152148248366,24.0,0.0,0.09995156322504525,0.013208366980619566,0.0001639998340680019
40.900000000000006,29.109152148248366,29.109189275219123,24.0,0.0,0.10003590130634009,0.013208366980619566,0.0001639998340680019
41.0,29.109189275219123,29.10922206105253,24.0,0.0,0.10012018231233052,0.013208366980619566,0.0001639998340680019
41.1,29.10922206105253,29.109250531704355,24.0,0.0,0.10020440651667287,0.013208366980619566,0.0001639998340680019
41.2,29.109250531704355,29.109274712978486,24.0,0.0,0.10028857419143145,0.013208366980619566,0.0001639998340680019
41.300000000000004,29.109274712978486,29.109294630527835,24.0,0.0,0.10037268560708787,0.013208366980619566,0.0001639998340680019
41.400000000000006,29.109294630527835,29.109310309855214,24.0,0.0,0.10045674103255015,0.013208366980619566,0.0001639998340680019
41.5,29.109310309855214,29.109321776314218,24.0,0.0,0.10054074073516199,0.013208366980619566,0.0001639998340680019
41.6,29.109321776314218,29.10932905511009,24.0,0.0,0.10062468498071205,0.013208366980619566,0.0001639998340680019
41.7,29.10932905511009,29.109332171300597,24.0,0.0,0.1007085740334428,0.013208366980619566,0.0001639998340680019
41.800000000000004,29.109332171300597,29.10933114979688,24.0,0.0,0.10079240815605975,0.013208366980619566,0.0001639998340680019
41.900000000000006,29.10933114979688,29.109326015364328,24.0,0.0,0.10087618760974029,0.013208366980619566,0.0001639998340680019
42.0,29.109326015364328,29.10931679262342,24.0,0.0,0.10095991265414282,0.013208366980619566,0.0001639998340680019
42.1,29.10931679262342,29.109303506050576,24.0,0.0,0.10104358354741547,0.013208366980619566,0.0001639998340680019
42.2,29.109303506050576,29.109286179978994,24.0,0.0,0.10112720054620496,0.013208366980619566,0.0001639998340680019
42.300000000000004,29.109286179978994,29.109264838599493,24.0,0.0,0.10121076390566541,0.013208366980619566,0.0001639998340680019
42.400000000000006,29.109264838599493,29.109239505961348,24.0,0.0,0.10129427387946707,0.013208366980619566,0.0001639998340680019
42.5,29.109239505961348,29.10921020597311,24.0,0.0,0.10137773071980499,0.013208366980619566,0.0001639998340680019
42.6,29.10921020597311,29.10917696240343,24.0,0.0,0.10146113467740762,0.013208366980619566,0.0001639998340680019
42.7,29.10917696240343,29.10913979888189,24.0,0.0,0.10154448600154539,0.013208366980619566,0.0001639998340680019
42.800000000000004,29.10913979888189,29.1090987388998,24.0,0.0,0.1016277849400393,0.013208366980619566,0.0001639998340680019
42.900000000000006,29.1090987388998,29.109053805811012,24.0,0.0,0.10171103173926926,0.013208366980619566,0.0001639998340680019
43.0,29.109053805811012,29.10900502283273,24.0,0.0,0.10179422664418275,0.013208366980619566,0.0001639998340680019
43.1,29.10900502283273,29.1089524130463,24.0,0.0,0.10187736989830289,0.013208366980619566,0.0001639998340680019
43.2,29.1089524130463,29.10889599939801,24.0,0.0,0.10196046174373705,0.013208366980619566,0.0001639998340680019
43.300000000000004,29.10889599939801,29.108835804699876,24.0,0.0,0.1020435024211849,0.013208366980619566,0.0001639998340680019
43.400000000000006,29.108835804699876,29.108771851630436,24.0,0.0,0.10212649216994682,0.013208366980619566,0.0001639998340680019
43.5,29.108771851630436,29.108704162735517,24.0,0.0,0.10220943122793198,0.013208366980619566,0.0001639998340680019
43.6,29.108704162735517,29.108632760429025,24.0,0.0,0.1022923198316665,0.013208366980619566,0.0001639998340680019
43.7,29.108632760429025,29.108557666993704,24.0,0.0,0.10237515821630155,0.013208366980619566,0.0001639998340680019
43.800000000000004,29.108557666993704,29.108478904581915,24.0,0.0,0.10245794661562138,0.013208366980619566,0.0001639998340680019
43.900000000000006,29.108478904581915,29.108396495216386,24.0,0.0,0.10254068526205133,0.013208366980619566,0.0001639998340680019
44.0,29.108396495216386,29.10831046079098,24.0,0.0,0.10262337438666569,0.013208366980619566,0.0001639998340680019
44.1,29.10831046079098,29.108220823071452,24.0,0.0,0.10270601421919574,0.013208366980619566,0.0001639998340680019
44.2,29.108220823071452,29.10812760369618,24.0,0.0,0.10278860498803752,0.013208366980619566,0.0001639998340680019
44.300000000000004,29.10812760369618,29.10803082417692,24.0,0.0,0.10287114692025967,0.013208366980619566,0.0001639998340680019
44.400000000000006,29.10803082417692,29.107930505899564,24.0,0.0,0.10295364024161102,0.013208366980619566,0.0001639998340680019
44.5,29.107930505899564,29.107826670124844,24.0,0.0,0.10303608517652865,0.013208366980619566,0.0001639998340680019
44.6,29.107826670124844,29.10771933798909,24.0,0.0,0.1031184819481453,0.013208366980619566,0.0001639998340680019
44.7,29.10771933798909,29.107608530504937,24.0,0.0,0.10320083077829706,0.013208366980619566,0.0001639998340680019
44.800000000000004,29.107608530504937,29.107494268562068,24.0,0.0,0.10328313188753088,0.013208366980619566,0.0001639998340680019
44.900000000000006,29.107494268562068,29.107376572927922,24.0,0.0,0.10336538549511229,0.013208366980619566,0.0001639998340680019
45.0,29.107376572927922,29.107255464248407,24.0,0.0,0.10344759181903279,0.013208366980619566,0.0001639998340680019
45.1,29.107255464248407,29.10713096304862,24.0,0.0,0.10352975107601717,0.013208366980619566,0.0001639998340680019
45.2,29.10713096304862,29.10700308973354,24.0,0.0,0.10361186348153119,0.013208366980619566,0.0001639998340680019
45.300000000000004,29.10700308973354,29.106871864588744,24.0,0.0,0.10369392924978868,0.013208366980619566,0.0001639998340680019
45.400000000000006,29.106871864588744,29.106737307781103,24.0,0.0,0.10377594859375906,0.013208366980619566,0.0001639998340680019
45.5,29.106737307781103,29.106599439359467,24.0,0.0,0.1038579217251745,0.013208366980619566,0.0001639998340680019
45.6,29.106599439359467,29.106458279255364,24.0,0.0,0.10393984885453716,0.013208366980619566,0.0001639998340680019
45.7,29.106458279255364,29.10631384728368,24.0,0.0,0.10402173019112645,0.013208366980619566,0.0001639998340680019
45.800000000000004,29.10631384728368,29.10616616314335,24.0,0.0,0.10410356594300607,0.013208366980619566,0.0001639998340680019
45.900000000000006,29.10616616314335,29.106015246418025,24.0,0.0,0.1041853563170313,0.013208366980619566,0.0001639998340680019
46.0,29.106015246418025,29.105861116576754,24.0,0.0,0.10426710151885582,0.013208366980619566,0.0001639998340680019
46.1,29.105861116576754,29.10570379297465,24.0,0.0,0.10434880175293895,0.013208366980619566,0.0001639998340680019
46.2,29.10570379297465,29.105543294853565,24.0,0.0,0.10443045722255248,0.013208366980619566,0.0001639998340680019
46.300000000000004,29.105543294853565,29.105379641342736,24.0,0.0,0.10451206812978776,0.013208366980619566,0.0001639998340680019
46.400000000000006,29.105379641342736,29.105212851459463,24.0,0.0,0.10459363467556251,0.013208366980619566,0.0001639998340680019
46.5,29.105212851459463,29.105042944109744,24.0,0.0,0.1046751570596277,0.013208366980619566,0.0001639998340680019
46.6,29.105042944109744,29.104869938088942,24.0,0.0,0.10475663548057432,0.013208366980619566,0.0001639998340680019
46.7,29.104869938088942,29.104693852082427,24.0,0.0,0.10483807013584023,0.013208366980619566,0.0001639998340680019
46.800000000000004,29.104693852082427,29.10451470466621,24.0,0.0,0.10491946122171697,0.013208366980619566,0.0001639998340680019
46.900000000000006,29.10451470466621,29.1043325143076,24.0,0.0,0.10500080893335627,0.013208366980619566,0.0001639998340680019
47.0,29.1043325143076,29.104147299365824,24.0,0.0,0.10508211346477683,0.013208366980619566,0.0001639998340680019
47.1,29.104147299365824,29.103959078092668,24.0,0.0,0.10516337500887102,0.013208366980619566,0.0001639998340680019
47.2,29.103959078092668,29.103767868633103,24.0,0.0,0.10524459375741133,0.013208366980619566,0.0001639998340680019
47.300000000000004,29.103767868633103,29.103573689025904,24.0,0.0,0.10532576990105696,0.013208366980619566,0.0001639998340680019
47.400000000000006,29.103573689025904,29.103376557204285,24.0,0.0,0.10540690362936034,0.013208366980619566,0.0001639998340680019
47.5,29.103376557204285,29.103176490996503,24.0,0.0,0.10548799513077364,0.013208366980619566,0.0001639998340680019
47.6,29.103176490996503,29.102973508126475,24.0,0.0,0.10556904459265515,0.013208366980619566,0.0001639998340680019
47.7,29.102973508126475,29.102767626214394,24.0,0.0,0.10565005220127566,0.013208366980619566,0.0001639998340680019
47.800000000000004,29.102767626214394,29.102558862777325,24.0,0.0,0.1057310181418249,0.013208366980619566,0.0001639998340680019
47.900000000000006,29.102558862777325,29.102347235229825,24.0,0.0,0.10581194259841774,0.013208366980619566,0.0001639998340680019
48.0,29.102347235229825,29.10213276088452,24.0,0.0,0.10589282575410064,0.013208366980619566,0.0001639998340680019
48.1,29.10213276088452,29.101915456952717,24.0,0.0,0.1059736677908577,0.013208366980619566,0.0001639998340680019
48.2,29.101915456952717,29.101695340545,24.0,0.0,0.10605446888961706,0.013208366980619566,0.0001639998340680019
48.300000000000004,29.101695340545,29.1014724286718,24.0,0.0,0.10613522923025696,0.013208366980619566,0.0001639998340680019
48.400000000000006,29.1014724286718,29.101246738244004,24.0,0.0,0.10621594899161188,0.013208366980619566,0.0001639998340680019
48.5,29.101246738244004,29.101018286073515,24.0,0.0,0.10629662835147871,0.013208366980619566,0.0001639998340680019
48.6,29.101018286073515,29.100787088873847,24.0,0.0,0.10637726748662277,0.013208366980619566,0.0001639998340680019
48.7,29.100787088873847,29.10055316326069,24.0,0.0,0.10645786657278382,0.013208366980619566,0.0001639998340680019
48.800000000000004,29.10055316326069,29.100316525752497,24.0,0.0,0.10653842578468206,0.013208366980619566,0.0001639998340680019
48.900000000000006,29.100316525752497,29.100077192771028,24.0,0.0,0.10661894529602423,0.013208366980619566,0.0001639998340680019
49.0,29.100077192771028,29.099835180641943,24.0,0.0,0.10669942527950926,0.013208366980619566,0.0001639998340680019
49.1,29.099835180641943,29.099590505595344,24.0,0.0,0.1067798659068345,0.013208366980619566,0.0001639998340680019
49.2,29.099590505595344,29.099343183766344,24.0,0.0,0.10686026734870126,0.013208366980619566,0.0001639998340680019
49.300000000000004,29.099343183766344,29.099093231195617,24.0,0.0,0.10694062977482086,0.013208366980619566,0.0001639998340680019
49.400000000000006,29.099093231195617,29.098840663829954,24.0,0.0,0.10702095335392028,0.013208366980619566,0.0001639998340680019
49.5,29.098840663829954,29.09858549752281,24.0,0.0,0.10710123825374798,0.013208366980619566,0.0001639998340680019
49.6,29.09858549752281,29.098327748034844,24.0,0.0,0.10718148464107967,0.013208366980619566,0.0001639998340680019
49.7,29.098327748034844,29.098067431034483,24.0,0.0,0.10726169268172377,0.013208366980619566,0.0001639998340680019
49.800000000000004,29.098067431034483,29.097804562098435,24.0,0.0,0.10734186254052741,0.013208366980619566,0.0001639998340680019
49.900000000000006,29.097804562098435,29.097539156712244,24.0,0.0,0.10742199438138181,0.013208366980619566,0.0001639998340680019
50.0,29.097539156712244,29.09727123027081,24.0,0.0,0.10750208836722797,0.013208366980619566,0.0001639998340680019
50.1,29.09727123027081,29.097000798078927,24.0,0.0,0.10758214466006208,0.013208366980619566,0.0001639998340680019
50.2,29.097000798078927,29.09672787535181,24.0,0.0,0.10766216342094126,0.013208366980619566,0.0001639998340680019
50.300000000000004,29.09672787535181,29.096452477215614,24.0,0.0,0.1077421448099889,0.013208366980619566,0.0001639998340680019
50.400000000000006,29.096452477215614,29.096174618707963,24.0,0.0,0.10782208898640012,0.013208366980619566,0.0001639998340680019
50.5,29.096174618707963,29.09589431477846,24.0,0.0,0.10790199610844733,0.013208366980619566,0.0001639998340680019
50.6,29.09589431477846,29.095611580289198,24.0,0.0,0.10798186633348553,0.013208366980619566,0.0001639998340680019
50.7,29.095611580289198,29.09532643001529,24.0,0.0,0.10806169981795753,0.013208366980619566,0.0001639998340680019
50.800000000000004,29.09532643001529,29.095038878645358,24.0,0.0,0.10814149671739962,0.013208366980619566,0.0001639998340680019
50.900000000000006,29.095038878645358,29.094748940782047,24.0,0.0,0.10822125718644657,0.013208366980619566,0.0001639998340680019
51.0,29.094748940782047,29.09445663094253,24.0,0.0,0.10830098137883701,0.013208366980619566,0.0001639998340680019
51.1,29.09445663094253,29.09416196355901,24.0,0.0,0.10838066944741875,0.013208366980619566,0.0001639998340680019
51.2,29.09416196355901,29.0938649529792,24.0,0.0,0.1084603215441539,0.013208366980619566,0.0001639998340680019
51.300000000000004,29.0938649529792,29.093565613466836,24.0,0.0,0.10853993782012399,0.013208366980619566,0.0001639998340680019
51.400000000000006,29.093565613466836,29.093263959202165,24.0,0.0,0.10861951842553519,0.013208366980619566,0.0001639998340680019
51.5,29.093263959202165,29.092960004282425,24.0,0.0,0.10869906350972351,0.013208366980619566,0.0001639998340680019
51.6,29.092960004282425,29.092653762722335,24.0,0.0,0.10877857322115975,0.013208366980619566,0.0001639998340680019
51.7,29.092653762722335,29.09234524845458,24.0,0.0,0.10885804770745461,0.013208366980619566,0.0001639998340680019
51.800000000000004,29.09234524845458,29.09203447533029,24.0,0.0,0.1089374871153637,0.013208366980619566,0.0001639998340680019
51.900000000000006,29.09203447533029,29.09172145711951,24.0,0.0,0.10901689159079263,0.013208366980619566,0.0001639998340680019
52.0,29.09172145711951,29.09140620751169,24.0,0.0,0.10909626127880184,0.013208366980619566,0.0001639998340680019
52.1,29.09140620751169,29.09108874011613,24.0,0.0,0.1091755963236117,0.013208366980619566,0.0001639998340680019
52.2,29.09108874011613,29.09076906846248,24.0,0.0,0.10925489686860723,0.013208366980619566,0.0001639998340680019
52.300000000000004,29.09076906846248,29.09044720600118,24.0,0.0,0.10933416305634312,0.013208366980619566,0.0001639998340680019
52.400000000000006,29.09044720600118,29.09012316610394,24.0,0.0,0.10941339502854863,0.013208366980619566,0.0001639998340680019
52.5,29.09012316610394,29.08979696206419,24.0,0.0,0.10949259292613218,0.013208366980619566,0.0001639998340680019
52.6,29.08979696206419,29.08946860709755,24.0,0.0,0.10957175688918647,0.013208366980619566,0.0001639998340680019
52.7,29.08946860709755,29.08913811434227,24.0,0.0,0.109650887056993,0.013208366980619566,0.0001639998340680019
52.800000000000004,29.08913811434227,29.088805496859685,24.0,0.0,0.10972998356802693,0.013208366980619566,0.0001639998340680019
52.900000000000006,29.088805496859685,29.088470767634682,24.0,0.0,0.10980904655996172,0.013208366980619566,0.0001639998340680019
53.0,29.088470767634682,29.088133939576124,24.0,0.0,0.10988807616967394,0.013208366980619566,0.0001639998340680019
53.1,29.088133939576124,29.087795025517313,24.0,0.0,0.10996707253324778,0.013208366980619566,0.0001639998340680019
53.2,29.087795025517313,29.087454038216414,24.0,0.0,0.11004603578597977,0.013208366980619566,0.0001639998340680019
53.300000000000004,29.087454038216414,29.087110990356912,24.0,0.0,0.1101249660623834,0.013208366980619566,0.0001639998340680019
53.400000000000006,29.087110990356912,29.08676589454804,24.0,0.0,0.11020386349619357,0.013208366980619566,0.0001639998340680019
53.5,29.08676589454804,29.086418763325216,24.0,0.0,0.11028272822037138,0.013208366980619566,0.0001639998340680019
53.6,29.086418763325216,29.086069609150467,24.0,0.0,0.11036156036710845,0.013208366980619566,0.0001639998340680019
53.7,29.086069609150467,29.08571844441287,24.0,0.0,0.11044036006783145,0.013208366980619566,0.0001639998340680019
53.800000000000004,29.08571844441287,29.08536528142897,24.0,0.0,0.11051912745320663,0.013208366980619566,0.0001639998340680019
53.900000000000006,29.08536528142897,29.08501013244321,24.0,0.0,0.1105978626531443,0.013208366980619566,0.0001639998340680019
54.0,29.08501013244321,29.084653009628344,24.0,0.0,0.11067656579680304,0.013208366980619566,0.0001639998340680019
54.1,29.084653009628344,29.084293925085866,24.0,0.0,0.11075523701259438,0.013208366980619566,0.0001639998340680019
54.2,29.084293925085866,29.083932890846423,24.0,0.0,0.11083387642818698,0.013208366980619566,0.0001639998340680019
54.300000000000004,29.083932890846423,29.08356991887023,24.0,0.0,0.11091248417051103,0.013208366980619566,0.0001639998340680019
54.400000000000006,29.08356991887023,29.083205021047476,24.0,0.0,0.11099106036576253,0.013208366980619566,0.0001639998340680019
54.5,29.083205021047476,29.082838209198744,24.0,0.0,0.11106960513940774,0.013208366980619566,0.0001639998340680019
54.6,29.082838209198744,29.082469495075408,24.0,0.0,0.11114811861618715,0.013208366980619566,0.0001639998340680019
54.7,29.082469495075408,29.082098890360047,24.0,0.0,0.11122660092011999,0.013208366980619566,0.0001639998340680019
54.800000000000004,29.082098890360047,29.08172640666684,24.0,0.0,0.1113050521745084,0.013208366980619566,0.0001639998340680019
54.900000000000006,29.08172640666684,29.081352055541963,24.0,0.0,0.11138347250194143,0.013208366980619566,0.0001639998340680019
55.0,29.081352055541963,29.080975848464004,24.0,0.0,0.11146186202429946,0.013208366980619566,0.0001639998340680019
55.1,29.080975848464004,29.08059779684434,24.0,0.0,0.11154022086275822,0.013208366980619566,0.0001639998340680019
55.2,29.08059779684434,29.080217912027535,24.0,0.0,0.11161854913779298,0.013208366980619566,0.0001639998340680019
55.300000000000004,29.080217912027535,29.079836205291738,24.0,0.0,0.11169684696918242,0.013208366980619566,0.0001639998340680019
55.400000000000006,29.079836205291738,29.07945268784906,24.0,0.0,0.11177511447601308,0.013208366980619566,0.0001639998340680019
55.5,29.07945268784906,29.07906737084597,24.0,0.0,0.11185335177668307,0.013208366980619566,0.0001639998340680019
55.6,29.07906737084597,29.07868026536367,24.0,0.0,0.11193155898890628,0.013208366980619566,0.0001639998340680019
55.7,29.07868026536367,29.078291382418488,24.0,0.0,0.11200973622971624,0.013208366980619566,0.0001639998340680019
55.800000000000004,29.078291382418488,29.07790073296225,24.0,0.0,0.11208788361547035,0.013208366980619566,0.0001639998340680019
55.900000000000006,29.07790073296225,29.07750832788265,24.0,0.0,0.11216600126185353,0.013208366980619566,0.0001639998340680019
56.0,29.07750832788265,29.077114178003647,24.0,0.0,0.1122440892838823,0.013208366980619566,0.0001639998340680019
56.1,29.077114178003647,29.07671829408581,24.0,0.0,0.11232214779590875,0.013208366980619566,0.0001639998340680019
56.2,29.07671829408581,29.076320686826715,24.0,0.0,0.11240017691162425,0.013208366980619566,0.0001639998340680019
56.300000000000004,29.076320686826715,29.07592136686129,24.0,0.0,0.11247817674406352,0.013208366980619566,0.0001639998340680019
56.400000000000006,29.07592136686129,29.075520344762204,24.0,0.0,0.11255614740560824,0.013208366980619566,0.0001639998340680019
56.5,29.075520344762204,29.075117631040207,24.0,0.0,0.11263408900799116,0.013208366980619566,0.0001639998340680019
56.6,29.075117631040207,29.074713236144515,24.0,0.0,0.1127120016622995,0.013208366980619566,0.0001639998340680019
56.7,29.074713236144515,29.074307170463154,24.0,0.0,0.11278988547897914,0.013208366980619566,0.0001639998340680019
56.800000000000004,29.074307170463154,29.073899444323327,24.0,0.0,0.1128677405678381,0.013208366980619566,0.0001639998340680019
56.900000000000006,29.073899444323327,29.073490067991766,24.0,0.0,0.11294556703805037,0.013208366980619566,0.0001639998340680019
57.0,29.073490067991766,29.073079051675084,24.0,0.0,0.11302336499815954,0.013208366980619566,0.0001639998340680019
57.1,29.073079051675084,29.072666405520124,24.0,0.0,0.11310113455608263,0.013208366980619566,0.0001639998340680019
57.2,29.072666405520124,29.07225213961432,24.0,0.0,0.11317887581911354,0.013208366980619566,0.0001639998340680019
57.300000000000004,29.07225213961432,29.07183626398604,24.0,0.0,0.11325658889392692,0.013208366980619566,0.0001639998340680019
57.400000000000006,29.07183626398604,29.071418788604916,24.0,0.0,0.11333427388658167,0.013208366980619566,0.0001639998340680019
57.5,29.071418788604916,29.070999723382215,24.0,0.0,0.11341193090252448,0.013208366980619566,0.0001639998340680019
57.6,29.070999723382215,29.070579078171157,24.0,0.0,0.11348956004659358,0.013208366980619566,0.0001639998340680019
57.7,29.070579078171157,29.070156862767263,24.0,0.0,0.11356716142302217,0.013208366980619566,0.0001639998340680019
57.800000000000004,29.070156862767263,29.069733086908695,24.0,0.0,0.11364473513544192,0.013208366980619566,0.0001639998340680019
57.900000000000006,29.069733086908695,29.06930776027659,24.0,0.0,0.11372228128688663,0.013208366980619566,0.0001639998340680019
58.0,29.06930776027659,29.06888089249539,24.0,0.0,0.11379979997979567,0.013208366980619566,0.0001639998340680019
58.1,29.06888089249539,29.06845249313318,24.0,0.0,0.11387729131601734,0.013208366980619566,0.0001639998340680019
58.2,29.06845249313318,29.068022571702006,24.0,0.0,0.11395475539681255,0.013208366980619566,0.0001639998340680019
58.300000000000004,29.068022571702006,29.06759113765822,24.0,0.0,0.11403219232285797,0.013208366980619566,0.0001639998340680019
58.400000000000006,29.06759113765822,29.067158200402787,24.0,0.0,0.11410960219424973,0.013208366980619566,0.0001639998340680019
58.5,29.067158200402787,29.066723769281626,24.0,0.0,0.11418698511050665,0.013208366980619566,0.0001639998340680019
58.6,29.066723769281626,29.06628785358592,24.0,0.0,0.11426434117057363,0.013208366980619566,0.0001639998340680019
58.7,29.06628785358592,29.065850462552437,24.0,0.0,0.114341670472825,0.013208366980619566,0.0001639998340680019
58.800000000000004,29.065850462552437,29.065411605363856,24.0,0.0,0.1144189731150679,0.013208366980619566,0.0001639998340680019
58.900000000000006,29.065411605363856,29.06497129114908,24.0,0.0,0.11449624919454564,0.013208366980619566,0.0001639998340680019
59.0,29.06497129114908,29.06452952898355,24.0,0.0,0.11457349880794088,0.013208366980619566,0.0001639998340680019
59.1,29.06452952898355,29.064086327889544,24.0,0.0,0.11465072205137895,0.013208366980619566,0.0001639998340680019
59.2,29.064086327889544,29.063641696836516,24.0,0.0,0.11472791902043111,0.013208366980619566,0.0001639998340680019
59.300000000000004,29.063641696836516,29.06319564474138,24.0,0.0,0.11480508981011783,0.013208366980619566,0.0001639998340680019
59.400000000000006,29.06319564474138,29.062748180468834,24.0,0.0,0.11488223451491196,0.013208366980619566,0.0001639998340680019
59.5,29.062748180468834,29.06229931283165,24.0,0.0,0.11495935322874196,0.013208366980619566,0.0001639998340680019
59.6,29.06229931283165,29.061849050590997,24.0,0.0,0.11503644604499501,0.013208366980619566,0.0001639998340680019
59.7,29.061849050590997,29.06139740245672,24.0,0.0,0.11511351305652034,0.013208366980619566,0.0001639998340680019
59.800000000000004,29.06139740245672,29.06094437708766,24.0,0.0,0.11519055435563222,0.013208366980619566,0.0001639998340680019
59.900000000000006,29.06094437708766,29.060489983091944,24.0,0.0,0.11526757003411314,0.013208366980619566,0.0001639998340680019
60.0,29.060489983091944,29.065249495249155,24.0,1.0,0.1153445601832169,0.013208366980619566,0.0001639998340680019
60.1,29.065249495249155,29.069980456843236,24.0,1.0,0.11549049557411145,0.013208366980619566,0.0001639998340680019
60.2,29.069980456843236,29.074683018181975,24.0,1.0,0.11563613144638232,0.013208366980619566,0.0001639998340680019
60.300000000000004,29.074683018181975,29.07935732878384,24.0,1.0,0.11578146931958622,0.013208366980619566,0.0001639998340680019
60.400000000000006,29.07935732878384,29.08400353738212,24.0,1.0,0.11592651070530631,0.013208366980619566,0.0001639998340680019
60.5,29.08400353738212,29.08862179192906,24.0,1.0,0.1160712571071941,0.013208366980619566,0.0001639998340680019
60.6,29.08862179192906,29.09321223959996,24.0,1.0,0.11621571002101111,0.013208366980619566,0.0001639998340680019
60.7,29.09321223959996,29.09777502679725,24.0,1.0,0.11635987093467044,0.013208366980619566,0.0001639998340680019
60.800000000000004,29.09777502679725,29.102310299154563,24.0,1.0,0.1165037413282778,0.013208366980619566,0.0001639998340680019
60.900000000000006,29.102310299154563,29.106818201540772,24.0,1.0,0.11664732267417273,0.013208366980619566,0.0001639998340680019
61.0,29.106818201540772,29.11129887806401,24.0,1.0,0.11679061643696939,0.013208366980619566,0.0001639998340680019
61.1,29.11129887806401,29.115752472075656,24.0,1.0,0.1169336240735972,0.013208366980619566,0.0001639998340680019
61.2,29.115752472075656,29.12017912617433,24.0,1.0,0.11707634703334105,0.013208366980619566,0.0001639998340680019
61.300000000000004,29.12017912617433,29.12457898220984,24.0,1.0,0.11721878675788173,0.013208366980619566,0.0001639998340680019
61.400000000000006,29.12457898220984,29.128952181287104,24.0,1.0,0.1173609446813357,0.013208366980619566,0.0001639998340680019
61.5,29.128952181287104,29.13329886377009,24.0,1.0,0.1175028222302949,0.013208366980619566,0.0001639998340680019
61.6,29.13329886377009,29.13761916928569,24.0,1.0,0.11764442082386636,0.013208366980619566,0.0001639998340680019
61.7,29.13761916928569,29.141913236727596,24.0,1.0,0.11778574187371152,0.013208366980619566,0.0001639998340680019
61.800000000000004,29.141913236727596,29.146181204260163,24.0,1.0,0.11792678678408533,0.013208366980619566,0.0001639998340680019
61.900000000000006,29.146181204260163,29.150423209322227,24.0,1.0,0.1180675569518751,0.013208366980619566,0.0001639998340680019
62.0,29.150423209322227,29.154639388630926,24.0,1.0,0.11820805376663937,0.013208366980619566,0.0001639998340680019
62.1,29.154639388630926,29.158829878185493,24.0,1.0,0.11834827861064634,0.013208366980619566,0.0001639998340680019
62.2,29.158829878185493,29.162994813271027,24.0,1.0,0.11848823285891227,0.013208366980619566,0.0001639998340680019
62.300000000000004,29.162994813271027,29.16713432846224,24.0,1.0,0.11862791787923949,0.013208366980619566,0.0001639998340680019
62.400000000000006,29.16713432846224,29.171248557627198,24.0,1.0,0.11876733503225437,0.013208366980619566,0.0001639998340680019
62.5,29.171248557627198,29.175337633931026,24.0,1.0,0.11890648567144502,0.013208366980619566,0.0001639998340680019
62.6,29.175337633931026,29.179401689839608,24.0,1.0,0.1190453711431988,0.013208366980619566,0.0001639998340680019
62.7,29.179401689839608,29.18344085712326,24.0,1.0,0.11918399278683961,0.013208366980619566,0.0001639998340680019
62.800000000000004,29.18344085712326,29.18745526686038,24.0,1.0,0.11932235193466514,0.013208366980619566,0.0001639998340680019
62.900000000000006,29.18745526686038,29.191445049441093,24.0,1.0,0.11946044991198362,0.013208366980619566,0.0001639998340680019
63.0,29.191445049441093,29.19541033457086,24.0,1.0,0.11959828803715074,0.013208366980619566,0.0001639998340680019
63.1,29.19541033457086,29.19935125127407,24.0,1.0,0.11973586762160596,0.013208366980619566,0.0001639998340680019
63.2,29.19935125127407,29.203267927897635,24.0,1.0,0.11987318996990903,0.013208366980619566,0.0001639998340680019
63.300000000000004,29.203267927897635,29.207160492114536,24.0,1.0,0.12001025637977614,0.013208366980619566,0.0001639998340680019
63.400000000000006,29.207160492114536,29.21102907092737,24.0,1.0,0.12014706814211583,0.013208366980619566,0.0001639998340680019
63.5,29.21102907092737,29.214873790671874,24.0,1.0,0.12028362654106477,0.013208366980619566,0.0001639998340680019
63.6,29.214873790671874,29.218694777020417,24.0,1.0,0.12041993285402336,0.013208366980619566,0.0001639998340680019
63.7,29.218694777020417,29.222492154985503,24.0,1.0,0.12055598835169115,0.013208366980619566,0.0001639998340680019
63.800000000000004,29.222492154985503,29.22626604892322,24.0,1.0,0.12069179429810203,0.013208366980619566,0.0001639998340680019
63.900000000000006,29.22626604892322,29.230016582536713,24.0,1.0,0.12082735195065923,0.013208366980619566,0.0001639998340680019
64.0,29.230016582536713,29.233743878879583,24.0,1.0,0.12096266256017026,0.013208366980619566,0.0001639998340680019
64.10000000000001,29.233743878879583,29.237448060359327,24.0,1.0,0.12109772737088148,0.013208366980619566,0.0001639998340680019
64.2,29.237448060359327,29.241125955622937,24.0,1.0,0.12123254762051262,0.013208366980619566,0.0001639998340680019
64.3,29.241125955622937,29.244777716061037,24.0,1.0,0.12136708098957584,0.013208366980619566,0.0001639998340680019
64.4,29.244777716061037,29.24840349220215,24.0,1.0,0.12150132904908331,0.013208366980619566,0.0001639998340680019
64.5,29.24840349220215,29.252003433717583,24.0,1.0,0.12163529336112902,0.013208366980619566,0.0001639998340680019
64.60000000000001,29.252003433717583,29.255577689426268,24.0,1.0,0.12176897547893906,0.013208366980619566,0.0001639998340680019
64.7,29.255577689426268,29.259126407299597,24.0,1.0,0.12190237694692169,0.013208366980619566,0.0001639998340680019
64.8,29.259126407299597,29.2626497344662,24.0,1.0,0.12203549930071728,0.013208366980619566,0.0001639998340680019
64.9,29.2626497344662,29.266147817216734,24.0,1.0,0.12216834406724761,0.013208366980619566,0.0001639998340680019
65.0,29.266147817216734,29.269620801008596,24.0,1.0,0.12230091276476532,0.013208366980619566,0.0001639998340680019
65.10000000000001,29.269620801008596,29.273068830470667,24.0,1.0,0.12243320690290266,0.013208366980619566,0.0001639998340680019
65.2,29.273068830470667,29.276492049407977,24.0,1.0,0.12256522798272032,0.013208366980619566,0.0001639998340680019
65.3,29.276492049407977,29.279890600806386,24.0,1.0,0.12269697749675573,0.013208366980619566,0.0001639998340680019
65.4,29.279890600806386,29.2832646268372,24.0,1.0,0.12282845692907136,0.013208366980619566,0.0001639998340680019
65.5,29.2832646268372,29.286614268861797,24.0,1.0,0.1229596677553024,0.013208366980619566,0.0001639998340680019
65.60000000000001,29.286614268861797,29.289939667436194,24.0,1.0,0.12309061144270445,0.013208366980619566,0.0001639998340680019
65.7,29.289939667436194,29.293240962315622,24.0,1.0,0.12322128945020083,0.013208366980619566,0.0001639998340680019
65.8,29.293240962315622,29.296518292459044,24.0,1.0,0.12335170322842973,0.013208366980619566,0.0001639998340680019
65.9,29.296518292459044,29.29977179603367,24.0,1.0,0.12348185421979084,0.013208366980619566,0.0001639998340680019
66.0,29.29977179603367,29.303001610419432,24.0,1.0,0.12361174385849205,0.013208366980619566,0.0001639998340680019
66.10000000000001,29.303001610419432,29.306207872213445,24.0,1.0,0.12374137357059559,0.013208366980619566,0.0001639998340680019
66.2,29.306207872213445,29.30939071723443,24.0,1.0,0.12387074477406416,0.013208366980619566,0.0001639998340680019
66.3,29.30939071723443,29.312550280527127,24.0,1.0,0.12399985887880663,0.013208366980619566,0.0001639998340680019
66.4,29.312550280527127,29.31568669636668,24.0,1.0,0.12412871728672352,0.013208366980619566,0.0001639998340680019
66.5,29.31568669636668,29.318800098262976,24.0,1.0,0.12425732139175233,0.013208366980619566,0.0001639998340680019
66.60000000000001,29.318800098262976,29.321890618965,24.0,1.0,0.12438567257991236,0.013208366980619566,0.0001639998340680019
66.7,29.321890618965,29.32495839046512,24.0,1.0,0.12451377222934973,0.013208366980619566,0.0001639998340680019
66.8,29.32495839046512,29.328003544003383,24.0,1.0,0.12464162171038153,0.013208366980619566,0.0001639998340680019
66.9,29.328003544003383,29.331026210071776,24.0,1.0,0.12476922238554028,0.013208366980619566,0.0001639998340680019
67.0,29.331026210071776,29.33402651841845,24.0,1.0,0.12489657560961787,0.013208366980619566,0.0001639998340680019
67.10000000000001,29.33402651841845,29.337004598051948,24.0,1.0,0.12502368272970926,0.013208366980619566,0.0001639998340680019
67.2,29.337004598051948,29.339960577245368,24.0,1.0,0.12515054508525605,0.013208366980619566,0.0001639998340680019
67.3,29.339960577245368,29.342894583540552,24.0,1.0,0.12527716400808964,0.013208366980619566,0.0001639998340680019
67.4,29.342894583540552,29.345806743752213,24.0,1.0,0.1254035408224742,0.013208366980619566,0.0001639998340680019
67.5,29.345806743752213,29.348697183972053,24.0,1.0,0.12552967684514968,0.013208366980619566,0.0001639998340680019
67.60000000000001,29.348697183972053,29.35156602957286,24.0,1.0,0.125655573385374,0.013208366980619566,0.0001639998340680019
67.7,29.35156602957286,29.354413405212583,24.0,1.0,0.1257812317449656,0.013208366980619566,0.0001639998340680019
67.8,29.354413405212583,29.357239434838366,24.0,1.0,0.12590665321834538,0.013208366980619566,0.0001639998340680019
67.9,29.357239434838366,29.36004424169059,24.0,1.0,0.12603183909257842,0.013208366980619566,0.0001639998340680019
68.0,29.36004424169059,29.362827948306865,24.0,1.0,0.1261567906474158,0.013208366980619566,0.0001639998340680019
68.10000000000001,29.362827948306865,29.365590676526008,24.0,1.0,0.1262815091553357,0.013208366980619566,0.0001639998340680019
68.2,29.365590676526008,29.368332547492013,24.0,1.0,0.12640599588158455,0.013208366980619566,0.0001639998340680019
68.3,29.368332547492013,29.371053681657976,24.0,1.0,0.1265302520842181,0.013208366980619566,0.0001639998340680019
68.4,29.371053681657976,29.37375420086941,24.0,1.0,0.12665427901414186,0.013208366980619566,0.0001639998340680019
68.5,29.37375420086941,29.376434226261363,24.0,1.0,0.12677807794265117,0.013208366980619566,0.0001639998340680019
68.60000000000001,29.376434226261363,29.379093878262545,24.0,1.0,0.1269016501336439,0.013208366980619566,0.0001639998340680019
68.7,29.379093878262545,29.381733276599437,24.0,1.0,0.12702499684366336,0.013208366980619566,0.0001639998340680019
68.8,29.381733276599437,29.384352540300377,24.0,1.0,0.12714811932194114,0.013208366980619566,0.0001639998340680019
68.9,29.384352540300377,29.386951787699612,24.0,1.0,0.12727101881043945,0.013208366980619566,0.0001639998340680019
69.0,29.386951787699612,29.38953113644134,24.0,1.0,0.1273936965438935,0.013208366980619566,0.0001639998340680019
69.10000000000001,29.38953113644134,29.392090703483728,24.0,1.0,0.12751615374985334,0.013208366980619566,0.0001639998340680019
69.2,29.392090703483728,29.394630605102886,24.0,1.0,0.12763839164872576,0.013208366980619566,0.0001639998340680019
69.3,29.394630605102886,29.397150956896848,24.0,1.0,0.12776041145381578,0.013208366980619566,0.0001639998340680019
69.4,29.397150956896848,29.39965187378951,24.0,1.0,0.1278822143713678,0.013208366980619566,0.0001639998340680019
69.5,29.39965187378951,29.402133470034546,24.0,1.0,0.1280038016006067,0.013208366980619566,0.0001639998340680019
69.60000000000001,29.402133470034546,29.404595859219317,24.0,1.0,0.1281251743337788,0.013208366980619566,0.0001639998340680019
69.7,29.404595859219317,29.407039154268734,24.0,1.0,0.128246333756192,0.013208366980619566,0.0001639998340680019
69.8,29.407039154268734,29.409463467449118,24.0,1.0,0.12836728104625655,0.013208366980619566,0.0001639998340680019
69.9,29.409463467449118,29.411868910372025,24.0,1.0,0.1284880173755249,0.013208366980619566,0.0001639998340680019
70.0,29.411868910372025,29.414255593998064,24.0,1.0,0.12860854390873144,0.013208366980619566,0.0001639998340680019
70.10000000000001,29.414255593998064,29.416623628640668,24.0,1.0,0.12872886180383256,0.013208366980619566,0.0001639998340680019
70.2,29.416623628640668,29.41897312396987,24.0,1.0,0.12884897221204547,0.013208366980619566,0.0001639998340680019
70.3,29.41897312396987,29.421304189016045,24.0,1.0,0.12896887627788783,0.013208366980619566,0.0001639998340680019
70.4,29.421304189016045,29.42361693217362,24.0,1.0,0.12908857513921648,0.013208366980619566,0.0001639998340680019
70.5,29.42361693217362,29.425911461204787,24.0,1.0,0.12920806992726613,0.013208366980619566,0.0001639998340680019
70.60000000000001,29.425911461204787,29.428187883243172,24.0,1.0,0.12932736176668802,0.013208366980619566,0.0001639998340680019
70.7,29.428187883243172,29.43044630479749,24.0,1.0,0.12944645177558795,0.013208366980619566,0.0001639998340680019
70.8,29.43044630479749,29.43268683175518,24.0,1.0,0.1295653410655645,0.013208366980619566,0.0001639998340680019
70.9,29.43268683175518,29.434909569386036,24.0,1.0,0.1296840307417468,0.013208366980619566,0.0001639998340680019
71.0,29.434909569386036,29.43711462234577,24.0,1.0,0.12980252190283217,0.013208366980619566,0.0001639998340680019
71.10000000000001,29.43711462234577,29.439302094679608,24.0,1.0,0.1299208156411234,0.013208366980619566,0.0001639998340680019
71.2,29.439302094679608,29.44147208982583,24.0,1.0,0.13003891304256598,0.013208366980619566,0.0001639998340680019
71.3,29.44147208982583,29.443624710619307,24.0,1.0,0.13015681518678512,0.013208366980619566,0.0001639998340680019
71.4,29.443624710619307,29.445760059295004,24.0,1.0,0.1302745231471225,0.013208366980619566,0.0001639998340680019
71.5,29.445760059295004,29.44787823749148,24.0,1.0,0.13039203799067256,0.013208366980619566,0.0001639998340680019
71.60000000000001,29.44787823749148,29.449979346254345,24.0,1.0,0.13050936077831907,0.013208366980619566,0.0001639998340680019
71.7,29.449979346254345,29.452063486039723,24.0,1.0,0.13062649256477116,0.013208366980619566,0.0001639998340680019
71.8,29.452063486039723,29.45413075671767,24.0,1.0,0.1307434343985992,0.013208366980619566,0.0001639998340680019
71.9,29.45413075671767,29.456181257575594,24.0,1.0,0.13086018732227053,0.013208366980619566,0.0001639998340680019
72.0,29.456181257575594,29.458215087321634,24.0,1.0,0.13097675237218476,0.013208366980619566,0.0001639998340680019
72.10000000000001,29.458215087321634,29.46023234408804,24.0,1.0,0.1310931305787094,0.013208366980619566,0.0001639998340680019
72.2,29.46023234408804,29.46223312543452,24.0,1.0,0.13120932296621457,0.013208366980619566,0.0001639998340680019
72.3,29.46223312543452,29.46421752835157,24.0,1.0,0.13132533055310802,0.013208366980619566,0.0001639998340680019
72.4,29.46421752835157,29.46618564926378,24.0,1.0,0.13144115435186993,0.013208366980619566,0.0001639998340680019
72.5,29.46618564926378,29.468137584033148,24.0,1.0,0.1315567953690871,0.013208366980619566,0.0001639998340680019
72.60000000000001,29.468137584033148,29.470073427961015,24.0,1.0,0.13167225460548734,0.013208366980619566,0.0001639998340680019
72.7,29.470073427961015,29.471993275791355,24.0,1.0,0.13178753305595636,0.013208366980619566,0.0001639998340680019
72.8,29.471993275791355,29.473897221714033,24.0,1.0,0.13190263170957156,0.013208366980619566,0.0001639998340680019
72.9,29.473897221714033,29.475785359368043,24.0,1.0,0.13201755154963615,0.013208366980619566,0.0001639998340680019
73.0,29.475785359368043,29.477657781844723,24.0,1.0,0.1321322935537131,0.013208366980619566,0.0001639998340680019
73.10000000000001,29.477657781844723,29.479514581690964,24.0,1.0,0.1322468586936582,0.013208366980619566,0.0001639998340680019
73.2,29.479514581690964,29.48135585091239,24.0,1.0,0.13236124793565396,0.013208366980619566,0.0001639998340680019
73.3,29.48135585091239,29.483181680976518,24.0,1.0,0.13247546224024243,0.013208366980619566,0.0001639998340680019
73.4,29.483181680976518,29.484992162815907,24.0,1.0,0.13258950256235816,0.013208366980619566,0.0001639998340680019
73.5,29.484992162815907,29.486787386831285,24.0,1.0,0.13270336985136116,0.013208366980619566,0.0001639998340680019
73.60000000000001,29.486787386831285,29.48856744289466,24.0,1.0,0.13281706505106938,0.013208366980619566,0.0001639998340680019
73.7,29.48856744289466,29.490332420352402,24.0,1.0,0.13293058909979108,0.013208366980619566,0.0001639998340680019
73.8,29.490332420352402,29.492082408028324,24.0,1.0,0.13304394293035707,0.013208366980619566,0.0001639998340680019
73.9,29.492082408028324,29.493817494226732,24.0,1.0,0.13315712747015265,0.013208366980619566,0.0001639998340680019
74.0,29.493817494226732,29.49553776673547,24.0,1.0,0.13327014364114953,0.013208366980619566,0.0001639998340680019
74.10000000000001,29.49553776673547,29.497243312828928,24.0,1.0,0.1333829923599375,0.013208366980619566,0.0001639998340680019
74.2,29.497243312828928,29.49893421927105,24.0,1.0,0.13349567453775582,0.013208366980619566,0.0001639998340680019
74.3,29.49893421927105,29.500610572318312,24.0,1.0,0.13360819108052438,0.013208366980619566,0.0001639998340680019
74.4,29.500610572318312,29.5022724577227,24.0,1.0,0.13372054288887497,0.013208366980619566,0.0001639998340680019
74.5,29.5022724577227,29.503919960734645,24.0,1.0,0.13383273085818223,0.013208366980619566,0.0001639998340680019
74.60000000000001,29.503919960734645,29.505553166105965,24.0,1.0,0.13394475587859409,0.013208366980619566,0.0001639998340680019
74.7,29.505553166105965,29.50717215809278,24.0,1.0,0.1340566188350626,0.013208366980619566,0.0001639998340680019
74.8,29.50717215809278,29.508777020458396,24.0,1.0,0.13416832060737421,0.013208366980619566,0.0001639998340680019
74.9,29.508777020458396,29.510367836476206,24.0,1.0,0.13427986207017995,0.013208366980619566,0.0001639998340680019
75.0,29.510367836476206,29.511944688932537,24.0,1.0,0.1343912440930254,0.013208366980619566,0.0001639998340680019
75.10000000000001,29.511944688932537,29.51350766012951,24.0,1.0,0.13450246754038064,0.013208366980619566,0.0001639998340680019
75.2,29.51350766012951,29.515056831887858,24.0,1.0,0.13461353327166975,0.013208366980619566,0.0001639998340680019
75.3,29.515056831887858,29.516592285549756,24.0,1.0,0.13472444214130055,0.013208366980619566,0.0001639998340680019
75.4,29.516592285549756,29.5181141019816,24.0,1.0,0.13483519499869373,0.013208366980619566,0.0001639998340680019
75.5,29.5181141019816,29.5196223615768,24.0,1.0,0.13494579268831197,0.013208366980619566,0.0001639998340680019
75.60000000000001,29.5196223615768,29.52111714425855,24.0,1.0,0.13505623604968914,0.013208366980619566,0.0001639998340680019
75.7,29.52111714425855,29.52259852948256,24.0,1.0,0.13516652591745879,0.013208366980619566,0.0001639998340680019
75.8,29.52259852948256,29.52406659623981,24.0,1.0,0.13527666312138312,0.013208366980619566,0.0001639998340680019
75.9,29.52406659623981,29.52552142305924,24.0,1.0,0.1353866484863813,0.013208366980619566,0.0001639998340680019
76.0,29.52552142305924,29.526963088010476,24.0,1.0,0.13549648283255766,0.013208366980619566,0.0001639998340680019
76.10000000000001,29.526963088010476,29.528391668706504,24.0,1.0,0.1356061669752301,0.013208366980619566,0.0001639998340680019
76.2,29.528391668706504,29.529807242306344,24.0,1.0,0.13571570172495773,0.013208366980619566,0.0001639998340680019
76.3,29.529807242306344,29.531209885517697,24.0,1.0,0.13582508788756908,0.013208366980619566,0.0001639998340680019
76.4,29.531209885517697,29.532599674599584,24.0,1.0,0.13593432626418955,0.013208366980619566,0.0001639998340680019
76.5,29.532599674599584,29.533976685364983,24.0,1.0,0.13604341765126868,0.013208366980619566,0.0001639998340680019
76.60000000000001,29.533976685364983,29.535340993183418,24.0,1.0,0.13615236284060794,0.013208366980619566,0.0001639998340680019
76.7,29.535340993183418,29.53669267298356,24.0,1.0,0.13626116261938753,0.013208366980619566,0.0001639998340680019
76.80000000000001,29.53669267298356,29.538031799255805,24.0,1.0,0.13636981777019358,0.013208366980619566,0.0001639998340680019
76.9,29.538031799255805,29.539358446054838,24.0,1.0,0.1364783290710449,0.013208366980619566,0.0001639998340680019
77.0,29.539358446054838,29.54067268700218,24.0,1.0,0.13658669729541983,0.013208366980619566,0.0001639998340680019
77.10000000000001,29.54067268700218,29.541974595288718,24.0,1.0,0.1366949232122826,0.013208366980619566,0.0001639998340680019
77.2,29.541974595288718,29.54326424367723,24.0,1.0,0.13680300758610997,0.013208366980619566,0.0001639998340680019
77.30000000000001,29.54326424367723,29.54454170450488,24.0,1.0,0.1369109511769172,0.013208366980619566,0.0001639998340680019
77.4,29.54454170450488,29.54580704968572,24.0,1.0,0.13701875474028438,0.013208366980619566,0.0001639998340680019
77.5,29.54580704968572,29.54706035071315,24.0,1.0,0.13712641902738223,0.013208366980619566,0.0001639998340680019
77.60000000000001,29.54706035071315,29.54830167866238,24.0,1.0,0.13723394478499792,0.013208366980619566,0.0001639998340680019
77.7,29.54830167866238,29.549531104192887,24.0,1.0,0.13734133275556065,0.013208366980619566,0.0001639998340680019
77.80000000000001,29.549531104192887,29.550748697550837,24.0,1.0,0.13744858367716722,0.013208366980619566,0.0001639998340680019
77.9,29.550748697550837,29.551954528571507,24.0,1.0,0.13755569828360734,0.013208366980619566,0.0001639998340680019
78.0,29.551954528571507,29.55314866668168,24.0,1.0,0.13766267730438886,0.013208366980619566,0.0001639998340680019
78.10000000000001,29.55314866668168,29.554331180902036,24.0,1.0,0.13776952146476262,0.013208366980619566,0.0001639998340680019
78.2,29.554331180902036,29.555502139849537,24.0,1.0,0.13787623148574757,0.013208366980619566,0.0001639998340680019
78.30000000000001,29.555502139849537,29.55666161173978,24.0,1.0,0.13798280808415536,0.013208366980619566,0.0001639998340680019
78.4,29.55666161173978,29.557809664389342,24.0,1.0,0.13808925197261515,0.013208366980619566,0.0001639998340680019
78.5,29.557809664389342,29.558946365218116,24.0,1.0,0.13819556385959778,0.013208366980619566,0.0001639998340680019
78.60000000000001,29.558946365218116,29.56007178125163,24.0,1.0,0.13830174444944027,0.013208366980619566,0.0001639998340680019
78.7,29.56007178125163,29.56118597912336,24.0,1.0,0.13840779444236995,0.013208366980619566,0.0001639998340680019
78.80000000000001,29.56118597912336,29.56228902507701,24.0,1.0,0.1385137145345285,0.013208366980619566,0.0001639998340680019
78.9,29.56228902507701,29.56338098496881,24.0,1.0,0.1386195054179959,0.013208366980619566,0.0001639998340680019
79.0,29.56338098496881,29.564461924269754,24.0,1.0,0.13872516778081412,0.013208366980619566,0.0001639998340680019
79.10000000000001,29.564461924269754,29.565531908067886,24.0,1.0,0.13883070230701056,0.013208366980619566,0.0001639998340680019
79.2,29.565531908067886,29.56659100107051,24.0,1.0,0.13893610967662193,0.013208366980619566,0.0001639998340680019
79.30000000000001,29.56659100107051,29.567639267606438,24.0,1.0,0.13904139056571718,0.013208366980619566,0.0001639998340680019
79.4,29.567639267606438,29.56867677162819,24.0,1.0,0.13914654564642104,0.013208366980619566,0.0001639998340680019
79.5,29.56867677162819,29.569703576714204,24.0,1.0,0.13925157558693674,0.013208366980619566,0.0001639998340680019
79.60000000000001,29.569703576714204,29.570719746071017,24.0,1.0,0.13935648105156928,0.013208366980619566,0.0001639998340680019
79.7,29.570719746071017,29.57172534253544,24.0,1.0,0.13946126270074802,0.013208366980619566,0.0001639998340680019
79.80000000000001,29.57172534253544,29.57272042857673,24.0,1.0,0.13956592119104938,0.013208366980619566,0.0001639998340680019
79.9,29.57272042857673,29.57370506629872,24.0,1.0,0.1396704571752194,0.013208366980619566,0.0001639998340680019
80.0,29.57370506629872,29.574679317441976,24.0,1.0,0.13977487130219612,0.013208366980619566,0.0001639998340680019
80.10000000000001,29.574679317441976,29.57564324338591,24.0,1.0,0.1398791642171318,0.013208366980619566,0.0001639998340680019
80.2,29.57564324338591,29.576596905150904,24.0,1.0,0.1399833365614152,0.013208366980619566,0.0001639998340680019
80.30000000000001,29.576596905150904,29.577540363400388,24.0,1.0,0.14008738897269352,0.013208366980619566,0.0001639998340680019
80.4,29.577540363400388,29.578473678442947,24.0,1.0,0.1401913220848941,0.013208366980619566,0.0001639998340680019
80.5,29.578473678442947,29.579396910234387,24.0,1.0,0.1402951365282465,0.013208366980619566,0.0001639998340680019
80.60000000000001,29.579396910234387,29.580310118379806,24.0,1.0,0.1403988329293038,0.013208366980619566,0.0001639998340680019
80.7,29.580310118379806,29.581213362135635,24.0,1.0,0.1405024119109644,0.013208366980619566,0.0001639998340680019
80.80000000000001,29.581213362135635,29.582106700411682,24.0,1.0,0.1406058740924932,0.013208366980619566,0.0001639998340680019
80.9,29.582106700411682,29.582990191773163,24.0,1.0,0.14070922008954279,0.013208366980619566,0.0001639998340680019
81.0,29.582990191773163,29.583863894442707,24.0,1.0,0.14081245051417485,0.013208366980619566,0.0001639998340680019
81.10000000000001,29.583863894442707,29.58472786630237,24.0,1.0,0.14091556597488084,0.013208366980619566,0.0001639998340680019
81.2,29.58472786630237,29.58558216489562,24.0,1.0,0.14101856707660304,0.013208366980619566,0.0001639998340680019
81.30000000000001,29.58558216489562,29.58642684742932,24.0,1.0,0.14112145442075533,0.013208366980619566,0.0001639998340680019
81.4,29.58642684742932,29.587261970775696,24.0,1.0,0.1412242286052437,0.013208366980619566,0.0001639998340680019
81.5,29.587261970775696,29.588087591474295,24.0,1.0,0.14132689022448688,0.013208366980619566,0.0001639998340680019
81.60000000000001,29.588087591474295,29.588903765733924,24.0,1.0,0.14142943986943668,0.013208366980619566,0.0001639998340680019
81.7,29.588903765733924,29.5897105494346,24.0,1.0,0.14153187812759827,0.013208366980619566,0.0001639998340680019
81.80000000000001,29.5897105494346,29.59050799812945,24.0,1.0,0.1416342055830503,0.013208366980619566,0.0001639998340680019
81.9,29.59050799812945,29.591296167046643,24.0,1.0,0.141736422816465,0.013208366980619566,0.0001639998340680019
82.0,29.591296167046643,29.59207511109128,24.0,1.0,0.14183853040512806,0.013208366980619566,0.0001639998340680019
82.10000000000001,29.59207511109128,29.592844884847285,24.0,1.0,0.1419405289229585,0.013208366980619566,0.0001639998340680019
82.2,29.592844884847285,29.593605542579287,24.0,1.0,0.14204241894052816,0.013208366980619566,0.0001639998340680019
82.30000000000001,29.593605542579287,29.59435713823448,24.0,1.0,0.14214420102508157,0.013208366980619566,0.0001639998340680019
82.4,29.59435713823448,29.595099725444484,24.0,1.0,0.14224587574055514,0.013208366980619566,0.0001639998340680019
82.5,29.595099725444484,29.595833357527198,24.0,1.0,0.1423474436475967,0.013208366980619566,0.0001639998340680019
82.60000000000001,29.595833357527198,29.596558087488617,24.0,1.0,0.1424489053035846,0.013208366980619566,0.0001639998340680019
82.7,29.596558087488617,29.597273968024673,24.0,1.0,0.1425502612626469,0.013208366980619566,0.0001639998340680019
82.80000000000001,29.597273968024673,29.597981051523035,24.0,1.0,0.14265151207568033,0.013208366980619566,0.0001639998340680019
82.9,29.597981051523035,29.598679390064923,24.0,1.0,0.14275265829036918,0.013208366980619566,0.0001639998340680019
83.0,29.598679390064923,29.59936903542689,24.0,1.0,0.1428537004512042,0.013208366980619566,0.0001639998340680019
83.10000000000001,29.59936903542689,29.600050039082614,24.0,1.0,0.14295463909950107,0.013208366980619566,0.0001639998340680019
83.2,29.600050039082614,29.600722452204664,24.0,1.0,0.14305547477341923,0.013208366980619566,0.0001639998340680019
83.30000000000001,29.600722452204664,29.601386325666255,24.0,1.0,0.14315620800798012,0.013208366980619566,0.0001639998340680019
83.4,29.601386325666255,29.60204171004301,24.0,1.0,0.14325683933508548,0.013208366980619566,0.0001639998340680019
83.5,29.60204171004301,29.602688655614696,24.0,1.0,0.14335736928353596,0.013208366980619566,0.0001639998340680019
83.60000000000001,29.602688655614696,29.603327212366946,24.0,1.0,0.14345779837904882,0.013208366980619566,0.0001639998340680019
83.7,29.603327212366946,29.603957429992995,24.0,1.0,0.14355812714427618,0.013208366980619566,0.0001639998340680019
83.80000000000001,29.603957429992995,29.604579357895375,24.0,1.0,0.143658356098823,0.013208366980619566,0.0001639998340680019
83.9,29.604579357895375,29.605193045187626,24.0,1.0,0.1437584857592647,0.013208366980619566,0.0001639998340680019
84.0,29.605193045187626,29.605798540695975,24.0,1.0,0.14385851663916507,0.013208366980619566,0.0001639998340680019
84.10000000000001,29.605798540695975,29.606395892961032,24.0,1.0,0.14395844924909373,0.013208366980619566,0.0001639998340680019
84.2,29.606395892961032,29.606985150239442,24.0,1.0,0.14405828409664384,0.013208366980619566,0.0001639998340680019
84.30000000000001,29.606985150239442,29.607566360505558,24.0,1.0,0.14415802168644917,0.013208366980619566,0.0001639998340680019
84.4,29.607566360505558,29.60813957145309,24.0,1.0,0.14425766252020175,0.013208366980619566,0.0001639998340680019
84.5,29.60813957145309,29.60870483049674,24.0,1.0,0.14435720709666894,0.013208366980619566,0.0001639998340680019
84.60000000000001,29.60870483049674,29.609262184773847,24.0,1.0,0.14445665591171036,0.013208366980619566,0.0001639998340680019
84.7,29.609262184773847,29.60981168114599,24.0,1.0,0.14455600945829528,0.013208366980619566,0.0001639998340680019
84.80000000000001,29.60981168114599,29.610353366200624,24.0,1.0,0.14465526822651914,0.013208366980619566,0.0001639998340680019
84.9,29.610353366200624,29.61088728625265,24.0,1.0,0.1447544327036206,0.013208366980619566,0.0001639998340680019
85.0,29.61088728625265,29.611413487346052,24.0,1.0,0.1448535033739981,0.013208366980619566,0.0001639998340680019
85.10000000000001,29.611413487346052,29.611932015255444,24.0,1.0,0.1449524807192265,0.013208366980619566,0.0001639998340680019
85.2,29.611932015255444,29.612442915487666,24.0,1.0,0.1450513652180737,0.013208366980619566,0.0001639998340680019
85.30000000000001,29.612442915487666,29.61294623328334,24.0,1.0,0.145150157346517,0.013208366980619566,0.0001639998340680019
85.4,29.61294623328334,29.613442013618428,24.0,1.0,0.14524885757775924,0.013208366980619566,0.0001639998340680019
85.5,29.613442013618428,29.613930301205794,24.0,1.0,0.14534746638224527,0.013208366980619566,0.0001639998340680019
85.60000000000001,29.613930301205794,29.61441114049672,24.0,1.0,0.14544598422767796,0.013208366980619566,0.0001639998340680019
85.7,29.61441114049672,29.61488457568245,24.0,1.0,0.14554441157903433,0.013208366980619566,0.0001639998340680019
85.80000000000001,29.61488457568245,29.615350650695706,24.0,1.0,0.14564274889858125,0.013208366980619566,0.0001639998340680019
85.9,29.615350650695706,29.615809409212208,24.0,1.0,0.14574099664589163,0.013208366980619566,0.0001639998340680019
86.0,29.615809409212208,29.616260894652164,24.0,1.0,0.1458391552778599,0.013208366980619566,0.0001639998340680019
86.10000000000001,29.616260894652164,29.616705150181772,24.0,1.0,0.14593722524871783,0.013208366980619566,0.0001639998340680019
86.2,29.616705150181772,29.617142218714704,24.0,1.0,0.1460352070100499,0.013208366980619566,0.0001639998340680019
86.30000000000001,29.617142218714704,29.61757214291358,24.0,1.0,0.14613310101080912,0.013208366980619566,0.0001639998340680019
86.4,29.61757214291358,29.617994965191446,24.0,1.0,0.14623090769733202,0.013208366980619566,0.0001639998340680019
86.5,29.617994965191446,29.618410727713222,24.0,1.0,0.1463286275133543,0.013208366980619566,0.0001639998340680019
86.60000000000001,29.618410727713222,29.61881947239716,24.0,1.0,0.14642626090002575,0.013208366980619566,0.0001639998340680019
86.7,29.61881947239716,29.61922124091628,24.0,1.0,0.1465238082959257,0.013208366980619566,0.0001639998340680019
86.80000000000001,29.61922124091628,29.61961607469981,24.0,1.0,0.14662127013707765,0.013208366980619566,0.0001639998340680019
86.9,29.61961607469981,29.620004014934615,24.0,1.0,0.14671864685696454,0.013208366980619566,0.0001639998340680019
87.0,29.620004014934615,29.620385102566605,24.0,1.0,0.14681593888654348,0.013208366980619566,0.0001639998340680019
87.10000000000001,29.620385102566605,29.620759378302147,24.0,1.0,0.14691314665426047,0.013208366980619566,0.0001639998340680019
87.2,29.620759378302147,29.62112688260947,24.0,1.0,0.14701027058606525,0.013208366980619566,0.0001639998340680019
87.30000000000001,29.62112688260947,29.621487655720056,24.0,1.0,0.14710731110542566,0.013208366980619566,0.0001639998340680019
87.4,29.621487655720056,29.62184173763002,24.0,1.0,0.14720426863334235,0.013208366980619566,0.0001639998340680019
87.5,29.62184173763002,29.622189168101496,24.0,1.0,0.14730114358836316,0.013208366980619566,0.0001639998340680019
87.60000000000001,29.622189168101496,29.622529986663995,24.0,1.0,0.14739793638659743,0.013208366980619566,0.0001639998340680019
87.7,29.622529986663995,29.62286423261577,24.0,1.0,0.14749464744173024,0.013208366980619566,0.0001639998340680019
87.80000000000001,29.62286423261577,29.623191945025166,24.0,1.0,0.14759127716503662,0.013208366980619566,0.0001639998340680019
87.9,29.623191945025166,29.623513162731975,24.0,1.0,0.14768782596539573,0.013208366980619566,0.0001639998340680019
88.0,29.623513162731975,29.623827924348756,24.0,1.0,0.14778429424930467,0.013208366980619566,0.0001639998340680019
88.10000000000001,29.623827924348756,29.62413626826218,24.0,1.0,0.14788068242089253,0.013208366980619566,0.0001639998340680019
88.2,29.62413626826218,29.624438232634336,24.0,1.0,0.1479769908819344,0.013208366980619566,0.0001639998340680019
88.30000000000001,29.624438232634336,29.624733855404052,24.0,1.0,0.14807322003186466,0.013208366980619566,0.0001639998340680019
88.4,29.624733855404052,29.625023174288206,24.0,1.0,0.1481693702677912,0.013208366980619566,0.0001639998340680019
88.5,29.625023174288206,29.625306226783014,24.0,1.0,0.1482654419845087,0.013208366980619566,0.0001639998340680019
88.60000000000001,29.625306226783014,29.625583050165325,24.0,1.0,0.1483614355745123,0.013208366980619566,0.0001639998340680019
88.7,29.625583050165325,29.625853681493908,24.0,1.0,0.148457351428011,0.013208366980619566,0.0001639998340680019
88.80000000000001,29.625853681493908,29.626118157610716,24.0,1.0,0.14855318993294098,0.013208366980619566,0.0001639998340680019
88.9,29.626118157610716,29.626376515142166,24.0,1.0,0.14864895147497886,0.013208366980619566,0.0001639998340680019
89.0,29.626376515142166,29.626628790500394,24.0,1.0,0.14874463643755523,0.013208366980619566,0.0001639998340680019
89.10000000000001,29.626628790500394,29.62687501988451,24.0,1.0,0.14884024520186728,0.013208366980619566,0.0001639998340680019
89.2,29.62687501988451,29.62711523928183,24.0,1.0,0.14893577814689232,0.013208366980619566,0.0001639998340680019
89.30000000000001,29.62711523928183,29.62734948446915,24.0,1.0,0.1490312356494004,0.013208366980619566,0.0001639998340680019
89.4,29.62734948446915,29.627577791013934,24.0,1.0,0.14912661808396752,0.013208366980619566,0.0001639998340680019
89.5,29.627577791013934,29.62780019427557,24.0,1.0,0.1492219258229882,0.013208366980619566,0.0001639998340680019
89.60000000000001,29.62780019427557,29.628016729406564,24.0,1.0,0.14931715923668848,0.013208366980619566,0.0001639998340680019
89.7,29.628016729406564,29.628227431353775,24.0,1.0,0.14941231869313834,0.013208366980619566,0.0001639998340680019
89.80000000000001,29.628227431353775,29.628432334859596,24.0,1.0,0.14950740455826453,0.013208366980619566,0.0001639998340680019
89.9,29.628432334859596,29.628631474463155,24.0,1.0,0.14960241719586304,0.013208366980619566,0.0001639998340680019
90.0,29.628631474463155,29.628824884501512,24.0,1.0,0.14969735696761138,0.013208366980619566,0.0001639998340680019
90.10000000000001,29.628824884501512,29.629012599110833,24.0,1.0,0.14979222423308136,0.013208366980619566,0.0001639998340680019
90.2,29.629012599110833,29.629194652227564,24.0,1.0,0.14988701934975096,0.013208366980619566,0.0001639998340680019
90.30000000000001,29.629194652227564,29.629371077589607,24.0,1.0,0.1499817426730169,0.013208366980619566,0.0001639998340680019
90.4,29.629371077589607,29.62954190873747,24.0,1.0,0.15007639455620664,0.013208366980619566,0.0001639998340680019
90.5,29.62954190873747,29.62970717901543,24.0,1.0,0.15017097535059049,0.013208366980619566,0.0001639998340680019
90.60000000000001,29.62970717901543,29.62986692157268,24.0,1.0,0.1502654854053938,0.013208366980619566,0.0001639998340680019
90.7,29.62986692157268,29.630021169364465,24.0,1.0,0.15035992506780868,0.013208366980619566,0.0001639998340680019
90.80000000000001,29.630021169364465,29.630169955153217,24.0,1.0,0.15045429468300603,0.013208366980619566,0.0001639998340680019
90.9,29.630169955153217,29.630313311509692,24.0,1.0,0.15054859459414735,0.013208366980619566,0.0001639998340680019
91.0,29.630313311509692,29.630451270814074,24.0,1.0,0.15064282514239652,0.013208366980619566,0.0001639998340680019
91.10000000000001,29.630451270814074,29.630583865257105,24.0,1.0,0.15073698666693133,0.013208366980619566,0.0001639998340680019
91.2,29.630583865257105,29.630711126841184,24.0,1.0,0.15083107950495528,0.013208366980619566,0.0001639998340680019
91.30000000000001,29.630711126841184,29.630833087381475,24.0,1.0,0.15092510399170903,0.013208366980619566,0.0001639998340680019
91.4,29.630833087381475,29.630949778507,24.0,1.0,0.15101906046048186,0.013208366980619566,0.0001639998340680019
91.5,29.630949778507,29.63106123166171,24.0,1.0,0.1511129492426232,0.013208366980619566,0.0001639998340680019
91.60000000000001,29.63106123166171,29.631167478105606,24.0,1.0,0.15120677066755367,0.013208366980619566,0.0001639998340680019
91.7,29.631167478105606,29.631268548915777,24.0,1.0,0.1513005250627769,0.013208366980619566,0.0001639998340680019
91.80000000000001,29.631268548915777,29.63136447498749,24.0,1.0,0.15139421275389012,0.013208366980619566,0.0001639998340680019
91.9,29.63136447498749,29.631455287035244,24.0,1.0,0.15148783406459573,0.013208366980619566,0.0001639998340680019
92.0,29.631455287035244,29.631541015593836,24.0,1.0,0.15158138931671225,0.013208366980619566,0.0001639998340680019
92.10000000000001,29.631541015593836,29.631621691019404,24.0,1.0,0.15167487883018532,0.013208366980619566,0.0001639998340680019
92.2,29.631621691019404,29.631697343490476,24.0,1.0,0.15176830292309862,0.013208366980619566,0.0001639998340680019
92.30000000000001,29.631697343490476,29.631768003009007,24.0,1.0,0.15186166191168488,0.013208366980619566,0.0001639998340680019
92.4,29.631768003009007,29.63183369940141,24.0,1.0,0.15195495611033663,0.013208366980619566,0.0001639998340680019
92.5,29.63183369940141,29.63189446231959,24.0,1.0,0.15204818583161683,0.013208366980619566,0.0001639998340680019
92.60000000000001,29.63189446231959,29.631950321241955,24.0,1.0,0.15214135138626986,0.013208366980619566,0.0001639998340680019
92.7,29.631950321241955,29.632001305474436,24.0,1.0,0.15223445308323189,0.013208366980619566,0.0001639998340680019
92.80000000000001,29.632001305474436,29.632047444151496,24.0,1.0,0.15232749122964157,0.013208366980619566,0.0001639998340680019
92.9,29.632047444151496,29.63208876623713,24.0,1.0,0.15242046613085058,0.013208366980619566,0.0001639998340680019
93.0,29.63208876623713,29.63212530052586,24.0,1.0,0.15251337809043392,0.013208366980619566,0.0001639998340680019
93.10000000000001,29.63212530052586,29.63215707564374,24.0,1.0,0.15260622741020052,0.013208366980619566,0.0001639998340680019
93.2,29.63215707564374,29.632184120049317,24.0,1.0,0.1526990143902034,0.013208366980619566,0.0001639998340680019
93.30000000000001,29.632184120049317,29.632206462034635,24.0,1.0,0.15279173932874984,0.013208366980619566,0.0001639998340680019
93.4,29.632206462034635,29.63222412972619,24.0,1.0,0.15288440252241203,0.013208366980619566,0.0001639998340680019
93.5,29.63222412972619,29.632237151085913,24.0,1.0,0.15297700426603672,0.013208366980619566,0.0001639998340680019
93.60000000000001,29.632237151085913,29.63224555391212,24.0,1.0,0.15306954485275548,0.013208366980619566,0.0001639998340680019
93.7,29.63224555391212,29.63224936584048,24.0,1.0,0.15316202457399491,0.013208366980619566,0.0001639998340680019
93.80000000000001,29.63224936584048,29.632248614344956,24.0,1.0,0.15325444371948632,0.013208366980619566,0.0001639998340680019
93.9,29.632248614344956,29.632243326738756,24.0,1.0,0.15334680257727587,0.013208366980619566,0.0001639998340680019
94.0,29.632243326738756,29.63223353017527,24.0,1.0,0.15343910143373432,0.013208366980619566,0.0001639998340680019
94.10000000000001,29.63223353017527,29.632219251649012,24.0,1.0,0.15353134057356677,0.013208366980619566,0.0001639998340680019
94.2,29.632219251649012,29.63220051799654,24.0,1.0,0.1536235202798225,0.013208366980619566,0.0001639998340680019
94.30000000000001,29.63220051799654,29.63217735589739,24.0,1.0,0.15371564083390468,0.013208366980619566,0.0001639998340680019
94.4,29.63217735589739,29.63214979187498,24.0,1.0,0.15380770251557993,0.013208366980619566,0.0001639998340680019
94.5,29.63214979187498,29.632117852297537,24.0,1.0,0.15389970560298782,0.013208366980619566,0.0001639998340680019
94.60000000000001,29.632117852297537,29.632081563378993,24.0,1.0,0.15399165037265058,0.013208366980619566,0.0001639998340680019
94.7,29.632081563378993,29.6320409511799,24.0,1.0,0.1540835370994823,0.013208366980619566,0.0001639998340680019
94.80000000000001,29.6320409511799,29.631996041608314,24.0,1.0,0.15417536605679855,0.013208366980619566,0.0001639998340680019
94.9,29.631996041608314,29.631946860420697,24.0,1.0,0.15426713751632565,0.013208366980619566,0.0001639998340680019
95.0,29.631946860420697,29.6318934332228,24.0,1.0,0.15435885174820996,0.013208366980619566,0.0001639998340680019
95.10000000000001,29.6318934332228,29.631835785470535,24.0,1.0,0.15445050902102708,0.013208366980619566,0.0001639998340680019
95.2,29.631835785470535,29.631773942470872,24.0,1.0,0.15454210960179113,0.013208366980619566,0.0001639998340680019
95.30000000000001,29.631773942470872,29.631707929382692,24.0,1.0,0.15463365375596375,0.013208366980619566,0.0001639998340680019
95.4,29.631707929382692,29.631637771217658,24.0,1.0,0.15472514174746338,0.013208366980619566,0.0001639998340680019
95.5,29.631637771217658,29.63156349284108,24.0,1.0,0.15481657383867398,0.013208366980619566,0.0001639998340680019
95.60000000000001,29.63156349284108,29.63148511897277,24.0,1.0,0.15490795029045437,0.013208366980619566,0.0001639998340680019
95.7,29.63148511897277,29.631402674187882,24.0,1.0,0.1549992713621468,0.013208366980619566,0.0001639998340680019
95.80000000000001,29.631402674187882,29.631316182917775,24.0,1.0,0.15509053731158606,0.013208366980619566,0.0001639998340680019
95.9,29.631316182917775,29.631225669450846,24.0,1.0,0.15518174839510818,0.013208366980619566,0.0001639998340680019
96.0,29.631225669450846,29.631131157933357,24.0,1.0,0.15527290486755924,0.013208366980619566,0.0001639998340680019
96.10000000000001,29.631131157933357,29.63103267237029,24.0,1.0,0.15536400698230396,0.013208366980619566,0.0001639998340680019
96.2,29.63103267237029,29.63093023662614,24.0,1.0,0.1554550549912347,0.013208366980619566,0.0001639998340680019
96.30000000000001,29.63093023662614,29.63082387442577,24.0,1.0,0.15554604914477954,0.013208366980619566,0.0001639998340680019
96.4,29.63082387442577,29.630713609355205,24.0,1.0,0.1556369896919114,0.013208366980619566,0.0001639998340680019
96.5,29.630713609355205,29.630599464862456,24.0,1.0,0.1557278768801561,0.013208366980619566,0.0001639998340680019
96.60000000000001,29.630599464862456,29.630481464258317,24.0,1.0,0.15581871095560118,0.013208366980619566,0.0001639998340680019
96.7,29.630481464258317,29.630359630717177,24.0,1.0,0.1559094921629039,0.013208366980619566,0.0001639998340680019
96.80000000000001,29.630359630717177,29.630233987277812,24.0,1.0,0.15600022074530004,0.013208366980619566,0.0001639998340680019
96.9,29.630233987277812,29.630104556844184,24.0,1.0,0.15609089694461198,0.013208366980619566,0.0001639998340680019
97.0,29.630104556844184,29.629971362186218,24.0,1.0,0.15618152100125693,0.013208366980619566,0.0001639998340680019
97.10000000000001,29.629971362186218,29.629834425940597,24.0,1.0,0.15627209315425528,0.013208366980619566,0.0001639998340680019
97.2,29.629834425940597,29.62969377061154,24.0,1.0,0.15636261364123863,0.013208366980619566,0.0001639998340680019
97.30000000000001,29.62969377061154,29.629549418571564,24.0,1.0,0.15645308269845803,0.013208366980619566,0.0001639998340680019
97.4,29.629549418571564,29.629401392062277,24.0,1.0,0.15654350056079197,0.013208366980619566,0.0001639998340680019
97.5,29.629401392062277,29.629249713195126,24.0,1.0,0.1566338674617545,0.013208366980619566,0.0001639998340680019
97.60000000000001,29.629249713195126,29.62909440395216,24.0,1.0,0.1567241836335031,0.013208366980619566,0.0001639998340680019
97.7,29.62909440395216,29.62893548618679,24.0,1.0,0.15681444930684663,0.013208366980619566,0.0001639998340680019
97.80000000000001,29.62893548618679,29.628772981624547,24.0,1.0,0.1569046647112533,0.013208366980619566,0.0001639998340680019
97.9,29.628772981624547,29.628606911863816,24.0,1.0,0.15699483007485848,0.013208366980619566,0.0001639998340680019
98.0,29.628606911863816,29.62843729837659,24.0,1.0,0.15708494562447234,0.013208366980619566,0.0001639998340680019
98.10000000000001,29.62843729837659,29.62826416250921,24.0,1.0,0.15717501158558778,0.013208366980619566,0.0001639998340680019
98.2,29.62826416250921,29.628087525483096,24.0,1.0,0.15726502818238816,0.013208366980619566,0.0001639998340680019
98.30000000000001,29.628087525483096,29.627907408395473,24.0,1.0,0.1573549956377548,0.013208366980619566,0.0001639998340680019
98.4,29.627907408395473,29.627723832220106,24.0,1.0,0.1574449141732747,0.013208366980619566,0.0001639998340680019
98.5,29.627723832220106,29.627536817808018,24.0,1.0,0.15753478400924803,0.013208366980619566,0.0001639998340680019
98.60000000000001,29.627536817808018,29.627346385888206,24.0,1.0,0.1576246053646957,0.013208366980619566,0.0001639998340680019
98.7,29.627346385888206,29.62715255706836,24.0,1.0,0.15771437845736688,0.013208366980619566,0.0001639998340680019
98.80000000000001,29.62715255706836,29.62695535183557,24.0,1.0,0.1578041035037464,0.013208366980619566,0.0001639998340680019
98.9,29.62695535183557,29.626754790557023,24.0,1.0,0.1578937807190621,0.013208366980619566,0.0001639998340680019
99.0,29.626754790557023,29.626550893480722,24.0,1.0,0.15798341031729224,0.013208366980619566,0.0001639998340680019
99.10000000000001,29.626550893480722,29.626343680736166,24.0,1.0,0.15807299251117277,0.013208366980619566,0.0001639998340680019
99.2,29.626343680736166,29.626133172335052,24.0,1.0,0.15816252751220464,0.013208366980619566,0.0001639998340680019
99.30000000000001,29.626133172335052,29.62591938817196,24.0,1.0,0.15825201553066098,0.013208366980619566,0.0001639998340680019
99.4,29.62591938817196,29.625702348025037,24.0,1.0,0.1583414567755942,0.013208366980619566,0.0001639998340680019
99.5,29.625702348025037,29.62548207155669,24.0,1.0,0.1584308514548433,0.013208366980619566,0.0001639998340680019
99.60000000000001,29.62548207155669,29.625258578314245,24.0,1.0,0.158520199775041,0.013208366980619566,0.0001639998340680019
99.7,29.625258578314245,29.625031887730632,24.0,1.0,0.1586095019416204,0.013208366980619566,0.0001639998340680019
99.80000000000001,29.625031887730632,29.62480201912505,24.0,1.0,0.1586987581588225,0.013208366980619566,0.0001639998340680019
99.9,29.62480201912505,29.624568991703626,24.0,1.0,0.15878796862970285,0.013208366980619566,0.0001639998340680019
100.0,29.624568991703626,29.624332824560092,24.0,1.0,0.15887713355613847,0.013208366980619566,0.0001639998340680019
100.10000000000001,29.624332824560092,29.62409353667643,24.0,1.0,0.15896625313883503,0.013208366980619566,0.0001639998340680019
100.2,29.62409353667643,29.623851146923528,24.0,1.0,0.15905532757733337,0.013208366980619566,0.0001639998340680019
100.30000000000001,29.623851146923528,29.623605674061828,24.0,1.0,0.15914435707001656,0.013208366980619566,0.0001639998340680019
100.4,29.623605674061828,29.62335713674198,24.0,1.0,0.15923334181411647,0.013208366980619566,0.0001639998340680019
100.5,29.62335713674198,29.623105553505475,24.0,1.0,0.15932228200572063,0.013208366980619566,0.0001639998340680019
100.60000000000001,29.623105553505475,29.622850942785284,24.0,1.0,0.15941117783977887,0.013208366980619566,0.0001639998340680019
100.7,29.622850942785284,29.622593322906496,24.0,1.0,0.15950002951010994,0.013208366980619566,0.0001639998340680019
100.80000000000001,29.622593322906496,29.622332712086955,24.0,1.0,0.15958883720940828,0.013208366980619566,0.0001639998340680019
100.9,29.622332712086955,29.62206912843787,24.0,1.0,0.1596776011292504,0.013208366980619566,0.0001639998340680019
101.0,29.62206912843787,29.62180258996446,24.0,1.0,0.1597663214601015,0.013208366980619566,0.0001639998340680019
101.10000000000001,29.62180258996446,29.621533114566553,24.0,1.0,0.15985499839132195,0.013208366980619566,0.0001639998340680019
101.2,29.621533114566553,29.621260720039217,24.0,1.0,0.1599436321111738,0.013208366980619566,0.0001639998340680019
101.30000000000001,29.621260720039217,29.62098542407337,24.0,1.0,0.16003222280682716,0.013208366980619566,0.0001639998340680019
101.4,29.62098542407337,29.620707244256383,24.0,1.0,0.1601207706643667,0.013208366980619566,0.0001639998340680019
101.5,29.620707244256383,29.62042619807269,24.0,1.0,0.16020927586879757,0.013208366980619566,0.0001639998340680019
101.60000000000001,29.62042619807269,29.62014230290439,24.0,1.0,0.1602977386040524,0.013208366980619566,0.0001639998340680019
101.7,29.62014230290439,29.61985557603185,24.0,1.0,0.16038615905299697,0.013208366980619566,0.0001639998340680019
101.80000000000001,29.61985557603185,29.619566034634282,24.0,1.0,0.16047453739743678,0.013208366980619566,0.0001639998340680019
101.9,29.619566034634282,29.619273695790362,24.0,1.0,0.16056287381812304,0.013208366980619566,0.0001639998340680019
102.0,29.619273695790362,29.618978576478796,24.0,1.0,0.16065116849475908,0.013208366980619566,0.0001639998340680019
102.10000000000001,29.618978576478796,29.618680693578913,24.0,1.0,0.16073942160600624,0.013208366980619566,0.0001639998340680019
102.2,29.618680693578913,29.618380063871246,24.0,1.0,0.16082763332949016,0.013208366980619566,0.0001639998340680019
102.30000000000001,29.618380063871246,29.61807670403811,24.0,1.0,0.1609158038418066,0.013208366980619566,0.0001639998340680019
102.4,29.61807670403811,29.61777063066417,24.0,1.0,0.16100393331852772,0.013208366980619566,0.0001639998340680019
102.5,29.61777063066417,29.617461860237025,24.0,1.0,0.16109202193420785,0.013208366980619566,0.0001639998340680019
102.60000000000001,29.617461860237025,29.617150409147765,24.0,1.0,0.16118006986238956,0.013208366980619566,0.0001639998340680019
102.7,29.617150409147765,29.616836293691538,24.0,1.0,0.1612680772756096,0.013208366980619566,0.0001639998340680019
102.80000000000001,29.616836293691538,29.61651953006811,24.0,1.0,0.16135604434540474,0.013208366980619566,0.0001639998340680019
102.9,29.61651953006811,29.616200134382428,24.0,1.0,0.1614439712423175,0.013208366980619566,0.0001639998340680019
103.0,29.616200134382428,29.61587812264517,24.0,1.0,0.1615318581359021,0.013208366980619566,0.0001639998340680019
103.10000000000001,29.61587812264517,29.6155535107733,24.0,1.0,0.16161970519473035,0.013208366980619566,0.0001639998340680019
103.2,29.6155535107733,29.615226314590604,24.0,1.0,0.16170751258639707,0.013208366980619566,0.0001639998340680019
103.30000000000001,29.615226314590604,29.614896549828256,24.0,1.0,0.16179528047752606,0.013208366980619566,0.0001639998340680019
103.4,29.614896549828256,29.61456423212534,24.0,1.0,0.16188300903377578,0.013208366980619566,0.0001639998340680019
103.5,29.61456423212534,29.614229377029396,24.0,1.0,0.1619706984198448,0.013208366980619566,0.0001639998340680019
103.60000000000001,29.614229377029396,29.613891999996962,24.0,1.0,0.1620583487994775,0.013208366980619566,0.0001639998340680019
103.7,29.613891999996962,29.6135521163941,24.0,1.0,0.1621459603354698,0.013208366980619566,0.0001639998340680019
103.80000000000001,29.6135521163941,29.613209741496917,24.0,1.0,0.16223353318967457,0.013208366980619566,0.0001639998340680019
103.9,29.613209741496917,29.612864890492105,24.0,1.0,0.16232106752300707,0.013208366980619566,0.0001639998340680019
104.0,29.612864890492105,29.61251757847746,24.0,1.0,0.16240856349545055,0.013208366980619566,0.0001639998340680019
104.10000000000001,29.61251757847746,29.612167820462393,24.0,1.0,0.16249602126606172,0.013208366980619566,0.0001639998340680019
104.2,29.612167820462393,29.61181563136846,24.0,1.0,0.16258344099297609,0.013208366980619566,0.0001639998340680019
104.30000000000001,29.61181563136846,29.611461026029872,24.0,1.0,0.16267082283341333,0.013208366980619566,0.0001639998340680019
104.4,29.611461026029872,29.611104019193995,24.0,1.0,0.16275816694368275,0.013208366980619566,0.0001639998340680019
104.5,29.611104019193995,29.610744625521875,24.0,1.0,0.1628454734791885,0.013208366980619566,0.0001639998340680019
104.60000000000001,29.610744625521875,29.610382859588725,24.0,1.0,0.16293274259443496,0.013208366980619566,0.0001639998340680019
104.7,29.610382859588725,29.610018735884445,24.0,1.0,0.1630199744430319,0.013208366980619566,0.0001639998340680019
104.80000000000001,29.610018735884445,29.609652268814106,24.0,1.0,0.1631071691776998,0.013208366980619566,0.0001639998340680019
104.9,29.609652268814106,29.609283472698454,24.0,1.0,0.16319432695027491,0.013208366980619566,0.0001639998340680019
105.0,29.609283472698454,29.608912361774404,24.0,1.0,0.16328144791171467,0.013208366980619566,0.0001639998340680019
105.10000000000001,29.608912361774404,29.608538950195527,24.0,1.0,0.16336853221210257,0.013208366980619566,0.0001639998340680019
105.2,29.608538950195527,29.608163252032536,24.0,1.0,0.16345558000065355,0.013208366980619566,0.0001639998340680019
105.30000000000001,29.608163252032536,29.60778528127377,24.0,1.0,0.1635425914257188,0.013208366980619566,0.0001639998340680019
105.4,29.60778528127377,29.607405051825687,24.0,1.0,0.16362956663479086,0.013208366980619566,0.0001639998340680019
105.5,29.607405051825687,29.607022577513323,24.0,1.0,0.16371650577450886,0.013208366980619566,0.0001639998340680019
105.60000000000001,29.607022577513323,29.60663787208079,24.0,1.0,0.16380340899066329,0.013208366980619566,0.0001639998340680019
105.7,29.60663787208079,29.60625094919173,24.0,1.0,0.16389027642820098,0.013208366980619566,0.0001639998340680019
105.80000000000001,29.60625094919173,29.605861822429798,24.0,1.0,0.16397710823123018,0.013208366980619566,0.0001639998340680019
105.9,29.605861822429798,29.60547050529913,24.0,1.0,0.16406390454302527,0.013208366980619566,0.0001639998340680019
106.0,29.60547050529913,29.605077011224797,24.0,1.0,0.16415066550603186,0.013208366980619566,0.0001639998340680019
106.10000000000001,29.605077011224797,29.60468135355328,24.0,1.0,0.16423739126187126,0.013208366980619566,0.0001639998340680019
106.2,29.60468135355328,29.604283545552917,24.0,1.0,0.16432408195134585,0.013208366980619566,0.0001639998340680019
106.30000000000001,29.604283545552917,29.603883600414377,24.0,1.0,0.1644107377144433,0.013208366980619566,0.0001639998340680019
106.4,29.603883600414377,29.6034815312511,24.0,1.0,0.1644973586903418,0.013208366980619566,0.0001639998340680019
106.5,29.6034815312511,29.603077351099746,24.0,1.0,0.16458394501741444,0.013208366980619566,0.0001639998340680019
106.60000000000001,29.603077351099746,29.60267107292066,24.0,1.0,0.16467049683323415,0.013208366980619566,0.0001639998340680019
106.7,29.60267107292066,29.602262709598307,24.0,1.0,0.16475701427457823,0.013208366980619566,0.0001639998340680019
106.80000000000001,29.602262709598307,29.601852273941716,24.0,1.0,0.1648434974774331,0.013208366980619566,0.0001639998340680019
106.9,29.601852273941716,29.601439778684927,24.0,1.0,0.16492994657699891,0.013208366980619566,0.0001639998340680019
107.0,29.601439778684927,29.60102523648742,24.0,1.0,0.16501636170769413,0.013208366980619566,0.0001639998340680019
107.10000000000001,29.60102523648742,29.60060865993456,24.0,1.0,0.16510274300315994,0.013208366980619566,0.0001639998340680019
107.2,29.60060865993456,29.60019006153803,24.0,1.0,0.1651890905962652,0.013208366980619566,0.0001639998340680019
107.30000000000001,29.60019006153803,29.599769453736254,24.0,1.0,0.16527540461911042,0.013208366980619566,0.0001639998340680019
107.4,29.599769453736254,29.599346848894832,24.0,1.0,0.16536168520303285,0.013208366980619566,0.0001639998340680019
107.5,29.599346848894832,29.59892225930697,24.0,1.0,0.16544793247861034,0.013208366980619566,0.0001639998340680019
107.60000000000001,29.59892225930697,29.59849569719389,24.0,1.0,0.16553414657566634,0.013208366980619566,0.0001639998340680019
107.7,29.59849569719389,29.598067174705264,24.0,1.0,0.16562032762327375,0.013208366980619566,0.0001639998340680019
107.80000000000001,29.598067174705264,29.597636703919623,24.0,1.0,0.16570647574975983,0.013208366980619566,0.0001639998340680019
107.9,29.597636703919623,29.59720429684478,24.0,1.0,0.16579259108271022,0.013208366980619566,0.0001639998340680019
108.0,29.59720429684478,29.59676996541824,24.0,1.0,0.16587867374897342,0.013208366980619566,0.0001639998340680019
108.10000000000001,29.59676996541824,29.596333721507616,24.0,1.0,0.165964723874665,0.013208366980619566,0.0001639998340680019
108.2,29.596333721507616,29.59589557691103,24.0,1.0,0.16605074158517205,0.013208366980619566,0.0001639998340680019
108.30000000000001,29.59589557691103,29.59545554335752,24.0,1.0,0.1661367270051573,0.013208366980619566,0.0001639998340680019
108.4,29.59545554335752,29.595013632507456,24.0,1.0,0.1662226802585633,0.013208366980619566,0.0001639998340680019
108.5,29.595013632507456,29.594569855952923,24.0,1.0,0.16630860146861687,0.013208366980619566,0.0001639998340680019
108.60000000000001,29.594569855952923,29.59412422521814,24.0,1.0,0.16639449075783302,0.013208366980619566,0.0001639998340680019
108.7,29.59412422521814,29.593676751759837,24.0,1.0,0.1664803482480193,0.013208366980619566,0.0001639998340680019
108.80000000000001,29.593676751759837,29.593227446967667,24.0,1.0,0.16656617406027985,0.013208366980619566,0.0001639998340680019
108.9,29.593227446967667,29.59277632216459,24.0,1.0,0.16665196831501944,0.013208366980619566,0.0001639998340680019
109.0,29.59277632216459,29.59232338860726,24.0,1.0,0.1667377311319478,0.013208366980619566,0.0001639998340680019
109.10000000000001,29.59232338860726,29.591868657486422,24.0,1.0,0.16682346263008335,0.013208366980619566,0.0001639998340680019
109.2,29.591868657486422,29.59141213992729,24.0,1.0,0.1669091629277576,0.013208366980619566,0.0001639998340680019
109.30000000000001,29.59141213992729,29.590953846989933,24.0,1.0,0.16699483214261884,0.013208366980619566,0.0001639998340680019
109.4,29.590953846989933,29.590493789669654,24.0,1.0,0.16708047039163645,0.013208366980619566,0.0001639998340680019
109.5,29.590493789669654,29.590031978897372,24.0,1.0,0.16716607779110448,0.013208366980619566,0.0001639998340680019
109.60000000000001,29.590031978897372,29.589568425539994,24.0,1.0,0.16725165445664597,0.013208366980619566,0.0001639998340680019
109.7,29.589568425539994,29.5891031404008,24.0,1.0,0.16733720050321665,0.013208366980619566,0.0001639998340680019
109.80000000000001,29.5891031404008,29.588636134219794,24.0,1.0,0.167422716045109,0.013208366980619566,0.0001639998340680019
109.9,29.588636134219794,29.5881674176741,24.0,1.0,0.16750820119595594,0.013208366980619566,0.0001639998340680019
110.0,29.5881674176741,29.58769700137831,24.0,1.0,0.1675936560687348,0.013208366980619566,0.0001639998340680019
110.10000000000001,29.58769700137831,29.58722489588486,24.0,1.0,0.16767908077577115,0.013208366980619566,0.0001639998340680019
110.2,29.58722489588486,29.58675111168439,24.0,1.0,0.16776447542874268,0.013208366980619566,0.0001639998340680019
110.30000000000001,29.58675111168439,29.586275659206102,24.0,1.0,0.16784984013868282,0.013208366980619566,0.0001639998340680019
110.4,29.586275659206102,29.58579854881813,24.0,1.0,0.16793517501598454,0.013208366980619566,0.0001639998340680019
110.5,29.58579854881813,29.58531979082788,24.0,1.0,0.16802048017040427,0.013208366980619566,0.0001639998340680019
110.60000000000001,29.58531979082788,29.584839395482412,24.0,1.0,0.16810575571106542,0.013208366980619566,0.0001639998340680019
110.7,29.584839395482412,29.584357372968757,24.0,1.0,0.16819100174646223,0.013208366980619566,0.0001639998340680019
110.80000000000001,29.584357372968757,29.583873733414297,24.0,1.0,0.1682762183844633,0.013208366980619566,0.0001639998340680019
110.9,29.583873733414297,29.583388486887102,24.0,1.0,0.16836140573231528,0.013208366980619566,0.0001639998340680019
111.0,29.583388486887102,29.582901643396283,24.0,1.0,0.1684465638966467,0.013208366980619566,0.0001639998340680019
111.10000000000001,29.582901643396283,29.582413212892327,24.0,1.0,0.16853169298347137,0.013208366980619566,0.0001639998340680019
111.2,29.582413212892327,29.581923205267447,24.0,1.0,0.16861679309819189,0.013208366980619566,0.0001639998340680019
111.30000000000001,29.581923205267447,29.581431630355926,24.0,1.0,0.1687018643456036,0.013208366980619566,0.0001639998340680019
111.4,29.581431630355926,29.580938497934447,24.0,1.0,0.16878690682989778,0.013208366980619566,0.0001639998340680019
111.5,29.580938497934447,29.580443817722436,24.0,1.0,0.16887192065466536,0.013208366980619566,0.0001639998340680019
111.60000000000001,29.580443817722436,29.579947599382393,24.0,1.0,0.1689569059229003,0.013208366980619566,0.0001639998340680019
111.7,29.579947599382393,29.579449852520227,24.0,1.0,0.16904186273700317,0.013208366980619566,0.0001639998340680019
111.80000000000001,29.579449852520227,29.57895058668559,24.0,1.0,0.16912679119878465,0.013208366980619566,0.0001639998340680019
111.9,29.57895058668559,29.5784498113722,24.0,1.0,0.16921169140946885,0.013208366980619566,0.0001639998340680019
112.0,29.5784498113722,29.57794753601817,24.0,1.0,0.16929656346969693,0.013208366980619566,0.0001639998340680019
112.10000000000001,29.57794753601817,29.577443770006333,24.0,1.0,0.1693814074795303,0.013208366980619566,0.0001639998340680019
112.2,29.577443770006333,29.576938522664573,24.0,1.0,0.16946622353845406,0.013208366980619566,0.0001639998340680019
112.30000000000001,29.576938522664573,29.576431803266136,24.0,1.0,0.16955101174538056,0.013208366980619566,0.0001639998340680019
112.4,29.576431803266136,29.57592362102995,24.0,1.0,0.1696357721986525,0.013208366980619566,0.0001639998340680019
112.5,29.57592362102995,29.575413985120953,24.0,1.0,0.1697205049960464,0.013208366980619566,0.0001639998340680019
112.60000000000001,29.575413985120953,29.574902904650397,24.0,1.0,0.1698052102347759,0.013208366980619566,0.0001639998340680019
112.7,29.574902904650397,29.574390388676164,24.0,1.0,0.16988988801149496,0.013208366980619566,0.0001639998340680019
112.80000000000001,29.574390388676164,29.57387644620309,24.0,1.0,0.1699745384223012,0.013208366980619566,0.0001639998340680019
112.9,29.57387644620309,29.573361086183258,24.0,1.0,0.17005916156273918,0.013208366980619566,0.0001639998340680019
113.0,29.573361086183258,29.572844317516317,24.0,1.0,0.17014375752780359,0.013208366980619566,0.0001639998340680019
113.10000000000001,29.572844317516317,29.572326149049786,24.0,1.0,0.17022832641194252,0.013208366980619566,0.0001639998340680019
113.2,29.572326149049786,29.57180658957936,24.0,1.0,0.17031286830906045,0.013208366980619566,0.0001639998340680019
113.30000000000001,29.57180658957936,29.57128564784921,24.0,1.0,0.17039738331252183,0.013208366980619566,0.0001639998340680019
113.4,29.57128564784921,29.57076333255229,24.0,1.0,0.17048187151515376,0.013208366980619566,0.0001639998340680019
113.5,29.57076333255229,29.570239652330628,24.0,1.0,0.1705663330092495,0.013208366980619566,0.0001639998340680019
113.60000000000001,29.570239652330628,29.569714615775634,24.0,1.0,0.17065076788657144,0.013208366980619566,0.0001639998340680019
113.7,29.569714615775634,29.56918823142839,24.0,1.0,0.17073517623835416,0.013208366980619566,0.0001639998340680019
113.80000000000001,29.56918823142839,29.568660507779946,24.0,1.0,0.1708195581553077,0.013208366980619566,0.0001639998340680019
113.9,29.568660507779946,29.568131453271608,24.0,1.0,0.17090391372762037,0.013208366980619566,0.0001639998340680019
114.0,29.568131453271608,29.567601076295233,24.0,1.0,0.17098824304496205,0.013208366980619566,0.0001639998340680019
114.10000000000001,29.567601076295233,29.567069385193523,24.0,1.0,0.17107254619648693,0.013208366980619566,0.0001639998340680019
114.2,29.567069385193523,29.5665363882603,24.0,1.0,0.17115682327083692,0.013208366980619566,0.0001639998340680019
114.30000000000001,29.5665363882603,29.566002093740806,24.0,1.0,0.17124107435614416,0.013208366980619566,0.0001639998340680019
114.4,29.566002093740806,29.565466509831978,24.0,1.0,0.17132529954003453,0.013208366980619566,0.0001639998340680019
114.5,29.565466509831978,29.56492964468273,24.0,1.0,0.17140949890963014,0.013208366980619566,0.0001639998340680019
114.60000000000001,29.56492964468273,29.564391506394244,24.0,1.0,0.17149367255155262,0.013208366980619566,0.0001639998340680019
114.7,29.564391506394244,29.563852103020235,24.0,1.0,0.17157782055192577,0.013208366980619566,0.0001639998340680019
114.80000000000001,29.563852103020235,29.563311442567237,24.0,1.0,0.17166194299637869,0.013208366980619566,0.0001639998340680019
114.9,29.563311442567237,29.562769532994878,24.0,1.0,0.17174603997004853,0.013208366980619566,0.0001639998340680019
115.0,29.562769532994878,29.562226382216156,24.0,1.0,0.1718301115575835,0.013208366980619566,0.0001639998340680019
115.10000000000001,29.562226382216156,29.561681998097708,24.0,1.0,0.1719141578431455,0.013208366980619566,0.0001639998340680019
115.2,29.561681998097708,29.561136388460078,24.0,1.0,0.17199817891041336,0.013208366980619566,0.0001639998340680019
115.30000000000001,29.561136388460078,29.560589561077997,24.0,1.0,0.17208217484258506,0.013208366980619566,0.0001639998340680019
115.4,29.560589561077997,29.560041523680646,24.0,1.0,0.17216614572238118,0.013208366980619566,0.0001639998340680019
115.5,29.560041523680646,29.559492283951915,24.0,1.0,0.17225009163204735,0.013208366980619566,0.0001639998340680019
115.60000000000001,29.559492283951915,29.55894184953068,24.0,1.0,0.17233401265335696,0.013208366980619566,0.0001639998340680019
115.7,29.55894184953068,29.55839022801106,24.0,1.0,0.1724179088676142,0.013208366980619566,0.0001639998340680019
115.80000000000001,29.55839022801106,29.557837426942676,24.0,1.0,0.17250178035565655,0.013208366980619566,0.0001639998340680019
115.9,29.557837426942676,29.55728345383092,24.0,1.0,0.1725856271978576,0.013208366980619566,0.0001639998340680019
116.0,29.55728345383092,29.5567283161372,24.0,1.0,0.17266944947412985,0.013208366980619566,0.0001639998340680019
116.10000000000001,29.5567283161372,29.556172021279213,24.0,1.0,0.17275324726392716,0.013208366980619566,0.0001639998340680019
116.2,29.556172021279213,29.555614576631193,24.0,1.0,0.17283702064624773,0.013208366980619566,0.0001639998340680019
116.30000000000001,29.555614576631193,29.55505598952416,24.0,1.0,0.17292076969963666,0.013208366980619566,0.0001639998340680019
116.4,29.55505598952416,29.55449626724618,24.0,1.0,0.17300449450218836,0.013208366980619566,0.0001639998340680019
116.5,29.55449626724618,29.553935417042617,24.0,1.0,0.17308819513154952,0.013208366980619566,0.0001639998340680019
116.60000000000001,29.553935417042617,29.553373446116378,24.0,1.0,0.17317187166492165,0.013208366980619566,0.0001639998340680019
116.7,29.553373446116378,29.552810361628165,24.0,1.0,0.17325552417906354,0.013208366980619566,0.0001639998340680019
116.80000000000001,29.552810361628165,29.552246170696716,24.0,1.0,0.17333915275029393,0.013208366980619566,0.0001639998340680019
116.9,29.552246170696716,29.551680880399058,24.0,1.0,0.1734227574544941,0.013208366980619566,0.0001639998340680019
117.0,29.551680880399058,29.551114497770747,24.0,1.0,0.17350633836711046,0.013208366980619566,0.0001639998340680019
117.10000000000001,29.551114497770747,29.55054702980611,24.0,1.0,0.173589895563157,0.013208366980619566,0.0001639998340680019
117.2,29.55054702980611,29.549978483458492,24.0,1.0,0.1736734291172178,0.013208366980619566,0.0001639998340680019
117.30000000000001,29.549978483458492,29.549408865640483,24.0,1.0,0.17375693910344978,0.013208366980619566,0.0001639998340680019
117.4,29.549408865640483,29.54883818322417,24.0,1.0,0.17384042559558488,0.013208366980619566,0.0001639998340680019
117.5,29.54883818322417,29.548266443041364,24.0,1.0,0.1739238886669327,0.013208366980619566,0.0001639998340680019
117.60000000000001,29.548266443041364,29.54769365188384,24.0,1.0,0.17400732839038302,0.013208366980619566,0.0001639998340680019
117.7,29.54769365188384,29.547119816503574,24.0,1.0,0.17409074483840808,0.013208366980619566,0.0001639998340680019
117.80000000000001,29.547119816503574,29.54654494361297,24.0,1.0,0.17417413808306528,0.013208366980619566,0.0001639998340680019
117.9,29.54654494361297,29.5459690398851,24.0,1.0,0.1742575081959993,0.013208366980619566,0.0001639998340680019
118.0,29.5459690398851,29.545392111953916,24.0,1.0,0.17434085524844484,0.013208366980619566,0.0001639998340680019
118.10000000000001,29.545392111953916,29.5448141664145,24.0,1.0,0.1744241793112286,0.013208366980619566,0.0001639998340680019
118.2,29.5448141664145,29.54423520982328,24.0,1.0,0.1745074804547722,0.013208366980619566,0.0001639998340680019
118.30000000000001,29.54423520982328,29.543655248698258,24.0,1.0,0.17459075874909402,0.013208366980619566,0.0001639998340680019
118.4,29.543655248698258,29.543074289519232,24.0,1.0,0.1746740142638119,0.013208366980619566,0.0001639998340680019
118.5,29.543074289519232,29.542492338728028,24.0,1.0,0.17475724706814533,0.013208366980619566,0.0001639998340680019
118.60000000000001,29.542492338728028,29.54190940272871,24.0,1.0,0.1748404572309179,0.013208366980619566,0.0001639998340680019
118.7,29.54190940272871,29.54132548788781,24.0,1.0,0.17492364482055944,0.013208366980619566,0.0001639998340680019
118.80000000000001,29.54132548788781,29.54074060053455,24.0,1.0,0.17500680990510845,0.013208366980619566,0.0001639998340680019
118.9,29.54074060053455,29.540154746961047,24.0,1.0,0.17508995255221443,0.013208366980619566,0.0001639998340680019
119.0,29.540154746961047,29.53956793342254,24.0,1.0,0.17517307282913996,0.013208366980619566,0.0001639998340680019
119.10000000000001,29.53956793342254,29.538980166137605,24.0,1.0,0.17525617080276312,0.013208366980619566,0.0001639998340680019
119.2,29.538980166137605,29.53839145128837,24.0,1.0,0.17533924653957977,0.013208366980619566,0.0001639998340680019
119.30000000000001,29.53839145128837,29.53780179502072,24.0,1.0,0.1754223001057056,0.013208366980619566,0.0001639998340680019
119.4,29.53780179502072,29.53721120344452,24.0,1.0,0.17550533156687853,0.013208366980619566,0.0001639998340680019
119.5,29.53721120344452,29.536619682633823,24.0,1.0,0.17558834098846088,0.013208366980619566,0.0001639998340680019
119.60000000000001,29.536619682633823,29.53602723862707,24.0,1.0,0.17567132843544148,0.013208366980619566,0.0001639998340680019
119.7,29.53602723862707,29.535433877427312,24.0,1.0,0.1757542939724379,0.013208366980619566,0.0001639998340680019
119.80000000000001,29.535433877427312,29.534839605002404,24.0,1.0,0.1758372376636987,0.013208366980619566,0.0001639998340680019
119.9,29.534839605002404,29.534244427285223,24.0,1.0,0.17592015957310536,0.013208366980619566,0.0001639998340680019
