time,temperature,next_temperature,setpoint,disturbance,command,kp,ki
0.0,28.0,28.010430532443767,24.0,0.0,0.8018646436883274,0.19942339331004313,0.010427676120387138
0.1,28.010430532443767,28.020806666884003,24.0,0.0,0.8081266829318574,0.19942339331004313,0.010427676120387138
0.2,28.020806666884003,28.03112868702078,24.0,0.0,0.8143886938378664,0.19942339331004313,0.010427676120387138
0.30000000000000004,28.03112868702078,28.041396875074593,24.0,0.0,0.8206506765541424,0.19942339331004313,0.010427676120387138
0.4,28.041396875074593,28.05161151179409,24.0,0.0,0.8269126312277018,0.19942339331004313,0.010427676120387138
0.5,28.05161151179409,28.061772876463735,24.0,0.0,0.8331745580047952,0.19942339331004313,0.010427676120387138
0.6000000000000001,28.061772876463735,28.07188124691145,24.0,0.0,0.8394364570309105,0.19942339331004313,0.010427676120387138
0.7000000000000001,28.07188124691145,28.08193689951621,24.0,0.0,0.8456983284507756,0.19942339331004313,0.010427676120387138
0.8,28.08193689951621,28.091940109215603,24.0,0.0,0.8519601724083656,0.19942339331004313,0.010427676120387138
0.9,28.091940109215603,28.10189114951334,24.0,0.0,0.8582219890469024,0.19942339331004313,0.010427676120387138
1.0,28.10189114951334,28.111790292486738,24.0,0.0,0.8644837785088625,0.19942339331004313,0.010427676120387138
1.1,28.111790292486738,28.121637808794162,24.0,0.0,0.8707455409359794,0.19942339331004313,0.010427676120387138
1.2000000000000002,28.121637808794162,28.13143396768242,24.0,0.0,0.8770072764692468,0.19942339331004313,0.010427676120387138
1.3,28.13143396768242,28.14117903699412,24.0,0.0,0.883268985248923,0.19942339331004313,0.010427676120387138
1.4000000000000001,28.14117903699412,28.150873283175013,24.0,0.0,0.8895306674145355,0.19942339331004313,0.010427676120387138
1.5,28.150873283175013,28.16051697128125,24.0,0.0,0.8957923231048834,0.19942339331004313,0.010427676120387138
1.6,28.16051697128125,28.170110364986655,24.0,0.0,0.9020539524580427,0.19942339331004313,0.010427676120387138
1.7000000000000002,28.170110364986655,28.179653726589912,24.0,0.0,0.9083155556113687,0.19942339331004313,0.010427676120387138
1.8,28.179653726589912,28.189147317021757,24.0,0.0,0.9145771327014998,0.19942339331004313,0.010427676120387138
1.9000000000000001,28.189147317021757,28.198591395852098,24.0,0.0,0.9208386838643631,0.19942339331004313,0.010427676120387138
2.0,28.198591395852098,28.20798622129712,24.0,0.0,0.9271002092351763,0.19942339331004313,0.010427676120387138
2.1,28.20798622129712,28.217332050226336,24.0,0.0,0.9333617089484518,0.19942339331004313,0.010427676120387138
2.2,28.217332050226336,28.226629138169624,24.0,0.0,0.9396231831380002,0.19942339331004313,0.010427676120387138
2.3000000000000003,28.226629138169624,28.2358777393242,24.0,0.0,0.9458846319369351,0.19942339331004313,0.010427676120387138
2.4000000000000004,28.2358777393242,28.24507810656157,24.0,0.0,0.9521460554776745,0.19942339331004313,0.010427676120387138
2.5,28.24507810656157,28.254230491434463,24.0,0.0,0.9584074538919469,0.19942339331004313,0.010427676120387138
2.6,28.254230491434463,28.263335144183678,24.0,0.0,0.9646688273107937,0.19942339331004313,0.010427676120387138
2.7,28.263335144183678,28.272392313744948,24.0,0.0,0.9709301758645731,0.19942339331004313,0.010427676120387138
2.8000000000000003,28.272392313744948,28.28140224775574,24.0,0.0,0.9771914996829625,0.19942339331004313,0.010427676120387138
2.9000000000000004,28.28140224775574,28.29036519256202,24.0,0.0,0.9834527988949634,0.19942339331004313,0.010427676120387138
3.0,28.29036519256202,28.29928139322501,24.0,0.0,0.9897140736289046,0.19942339331004313,0.010427676120387138
3.1,28.29928139322501,28.30815109352785,24.0,0.0,0.9959753240124466,0.19942339331004313,0.010427676120387138
3.2,28.30815109352785,28.316974535982304,24.0,0.0,0.9977441497444824,0.19942339331004313,0.010427676120387138
3.3000000000000003,28.316974535982304,28.325751961835365,24.0,0.0,0.9995037505794254,0.19942339331004313,0.010427676120387138
3.4000000000000004,28.325751961835365,28.334483611075857,24.0,0.0,1.0,0.19942339331004313,0.010427676120387138
3.5,28.334483611075857,28.343169722441004,24.0,0.0,1.0,0.19942339331004313,0.010427676120387138
3.6,28.343169722441004,28.35181053342295,24.0,0.0,1.0,0.19942339331004313,0.010427676120387138
3.7,28.35181053342295,28.36040628027525,24.0,0.0,1.0,0.19942339331004313,0.010427676120387138
3.8000000000000003,28.36040628027525,28.36895719801934,24.0,0.0,1.0,0.19942339331004313,0.010427676120387138
3.9000000000000004,28.36895719801934,28.377463520450956,24.0,0.0,1.0,0.19942339331004313,0.010427676120387138
4.0,28.377463520450956,28.38592548014652,24.0,0.0,1.0,0.19942339331004313,0.010427676120387138
4.1000000000000005,28.38592548014652,28.35605697144262,24.0,0.0,1.0,0.19942339331004313,0.010427676120387138
4.2,28.35605697144262,28.32604524367235,24.0,0.0,1.0,0.19942339331004313,0.010427676120387138
4.3,28.32604524367235,28.295891045114292,24.0,0.0,1.0,0.19942339331004313,0.010427676120387138
4.4,28.295891045114292,28.265595120137494,24.0,0.0,0.9997788253343974,0.19942339331004313,0.010427676120387138
4.5,28.265595120137494,28.235158209221908,24.0,0.0,0.9981851336094077,0.19942339331004313,0.010427676120387138
4.6000000000000005,28.235158209221908,28.2045810489787,24.0,0.0,0.9965315873651824,0.19942339331004313,0.010427676120387138
4.7,28.2045810489787,28.173864372170463,24.0,0.0,0.9948181872517637,0.19942339331004313,0.010427676120387138
4.800000000000001,28.173864372170463,28.14300890773134,24.0,0.0,0.993044933915799,0.19942339331004313,0.010427676120387138
4.9,28.14300890773134,28.112015380786996,24.0,0.0,0.9912118280005616,0.19942339331004313,0.010427676120387138
5.0,28.112015380786996,28.08088451267455,24.0,0.0,0.9893188701459643,0.19942339331004313,0.010427676120387138
5.1000000000000005,28.08088451267455,28.049617020962348,24.0,0.0,0.9873660609885804,0.19942339331004313,0.010427676120387138
5.2,28.049617020962348,28.018213619469652,24.0,0.0,0.9853534011616595,0.19942339331004313,0.010427676120387138
5.300000000000001,28.018213619469652,27.986675018286242,24.0,0.0,0.9832808912951441,0.19942339331004313,0.010427676120387138
5.4,27.986675018286242,27.955001923791894,24.0,0.0,0.9811485320156891,0.19942339331004313,0.010427676120387138
5.5,27.955001923791894,27.92319503867576,24.0,0.0,0.9789563239466776,0.19942339331004313,0.010427676120387138
5.6000000000000005,27.92319503867576,27.89125506195566,24.0,0.0,0.9767042677082378,0.19942339331004313,0.010427676120387138
5.7,27.89125506195566,27.859182688997247,24.0,0.0,0.9743923639172607,0.19942339331004313,0.010427676120387138
5.800000000000001,27.859182688997247,27.826978611533107,24.0,0.0,0.9720206131874153,0.19942339331004313,0.010427676120387138
5.9,27.826978611533107,27.794643517681727,24.0,0.0,0.9695890161291687,0.19942339331004313,0.010427676120387138
6.0,27.794643517681727,27.76217809196639,24.0,0.0,0.9670975733497988,0.19942339331004313,0.010427676120387138
6.1000000000000005,27.76217809196639,27.729583015333944,24.0,0.0,0.9645462854534155,0.19942339331004313,0.010427676120387138
6.2,27.729583015333944,27.696858965173497,24.0,0.0,0.961935153040972,0.19942339331004313,0.010427676120387138
6.300000000000001,27.696858965173497,27.664006615335012,24.0,0.0,0.9592641767102855,0.19942339331004313,0.010427676120387138
6.4,27.664006615335012,27.631026636147777,24.0,0.0,0.9565333570560531,0.19942339331004313,0.010427676120387138
6.5,27.631026636147777,27.59791969443882,24.0,0.0,0.9537426946698647,0.19942339331004313,0.010427676120387138
6.6000000000000005,27.59791969443882,27.56468645355119,24.0,0.0,0.9508921901402235,0.19942339331004313,0.010427676120387138
6.7,27.56468645355119,27.531327573362184,24.0,0.0,0.9479818440525589,0.19942339331004313,0.010427676120387138
6.800000000000001,27.531327573362184,27.497843710301424,24.0,0.0,0.9450116569892455,0.19942339331004313,0.010427676120387138
6.9,27.497843710301424,27.46423551736889,24.0,0.0,0.9419816295296157,0.19942339331004313,0.010427676120387138
7.0,27.46423551736889,27.43050364415284,24.0,0.0,0.9388917622499778,0.19942339331004313,0.010427676120387138
7.1000000000000005,27.43050364415284,27.39664873684762,24.0,0.0,0.935742055723632,0.19942339331004313,0.010427676120387138
7.2,27.39664873684762,27.36267143827141,24.0,0.0,0.932532510520885,0.19942339331004313,0.010427676120387138
7.300000000000001,27.36267143827141,27.32878688487933,24.0,0.0,0.9292631272090657,0.19942339331004313,0.010427676120387138
7.4,27.32878688487933,27.29499503343834,24.0,0.0,0.9259769057417535,0.19942339331004313,0.010427676120387138
7.5,27.29499503343834,27.26135572125968,24.0,0.0,0.9226739341638601,0.19942339331004313,0.010427676120387138
7.6000000000000005,27.26135572125968,27.227891847049552,24.0,0.0,0.9193663044980427,0.19942339331004313,0.010427676120387138
7.7,27.227891847049552,27.194602495852244,24.0,0.0,0.9160587662230256,0.19942339331004313,0.010427676120387138
7.800000000000001,27.194602495852244,27.161486757483786,24.0,0.0,0.9127513188621814,0.19942339331004313,0.010427676120387138
7.9,27.161486757483786,27.128543726507054,24.0,0.0,0.9094439619413693,0.19942339331004313,0.010427676120387138
8.0,27.128543726507054,27.09577250220702,24.0,0.0,0.9061366949889201,0.19942339331004313,0.010427676120387138
8.1,27.09577250220702,27.063172188566128,24.0,0.0,0.902829517535624,0.19942339331004313,0.010427676120387138
8.200000000000001,27.063172188566128,27.03074189423979,24.0,0.0,0.8995224291147204,0.19942339331004313,0.010427676120387138
8.3,27.03074189423979,26.998480732532016,24.0,0.0,0.8962154292618805,0.19942339331004313,0.010427676120387138
8.4,26.998480732532016,26.96638782137118,24.0,0.0,0.892908517515199,0.19942339331004313,0.010427676120387138
8.5,26.96638782137118,26.93447284363151,24.0,0.0,0.8896016934151789,0.19942339331004313,0.010427676120387138
8.6,26.93447284363151,26.902800404411465,24.0,0.0,0.886297073496666,0.19942339331004313,0.010427676120387138
8.700000000000001,26.902800404411465,26.87137209665987,24.0,0.0,0.8830077944389316,0.19942339331004313,0.010427676120387138
8.8,26.87137209665987,26.84018950498686,24.0,0.0,0.8797344284856243,0.19942339331004313,0.010427676120387138
8.9,26.84018950498686,26.80925420570754,24.0,0.0,0.8764775478698441,0.19942339331004313,0.010427676120387138
9.0,26.80925420570754,26.77856776688538,24.0,0.0,0.8732377248141956,0.19942339331004313,0.010427676120387138
9.1,26.77856776688538,26.74813174837545,24.0,0.0,0.8700155315308424,0.19942339331004313,0.010427676120387138
9.200000000000001,26.74813174837545,26.717947701867352,24.0,0.0,0.8668115402215659,0.19942339331004313,0.010427676120387138
9.3,26.717947701867352,26.68801717092798,24.0,0.0,0.8636263230778154,0.19942339331004313,0.010427676120387138
9.4,26.68801717092798,26.658341691044043,24.0,0.0,0.8604604522807624,0.19942339331004313,0.010427676120387138
9.5,26.658341691044043,26.62892278966435,24.0,0.0,0.8573145000013567,0.19942339331004313,0.010427676120387138
9.600000000000001,26.62892278966435,26.5997619862419,24.0,0.0,0.8541890384003773,0.19942339331004313,0.010427676120387138
9.700000000000001,26.5997619862419,26.57086079227573,24.0,0.0,0.8510846396284878,0.19942339331004313,0.010427676120387138
9.8,26.57086079227573,26.542220711352552,24.0,0.0,0.8480018758262877,0.19942339331004313,0.010427676120387138
9.9,26.542220711352552,26.51384323918817,24.0,0.0,0.8449413191243657,0.19942339331004313,0.010427676120387138
10.0,26.51384323918817,26.485729863668684,24.0,0.0,0.8419035416433509,0.19942339331004313,0.010427676120387138
10.100000000000001,26.485729863668684,26.457882064891482,24.0,0.0,0.8388891154939668,0.19942339331004313,0.010427676120387138
10.200000000000001,26.457882064891482,26.430301315206002,24.0,0.0,0.8358986127770816,0.19942339331004313,0.010427676120387138
10.3,26.430301315206002,26.40298907925429,24.0,0.0,0.8329326055837601,0.19942339331004313,0.010427676120387138
10.4,26.40298907925429,26.375946814011357,24.0,0.0,0.8299916659953144,0.19942339331004313,0.010427676120387138
10.5,26.375946814011357,26.349175968825303,24.0,0.0,0.827076366083356,0.19942339331004313,0.010427676120387138
10.600000000000001,26.349175968825303,26.32267798545725,24.0,0.0,0.824187277909846,0.19942339331004313,0.010427676120387138
10.700000000000001,26.32267798545725,26.29645429812105,24.0,0.0,0.821324973527146,0.19942339331004313,0.010427676120387138
10.8,26.29645429812105,26.270506333522786,24.0,0.0,0.8184900249780667,0.19942339331004313,0.010427676120387138
10.9,26.270506333522786,26.2448355109001,24.0,0.0,0.8156830042959186,0.19942339331004313,0.010427676120387138
11.0,26.2448355109001,26.21944324206126,24.0,0.0,0.8129044835045632,0.19942339331004313,0.010427676120387138
11.100000000000001,26.21944324206126,26.194330931424062,24.0,0.0,0.8101550346184607,0.19942339331004313,0.010427676120387138
11.200000000000001,26.194330931424062,26.169499976054517,24.0,0.0,0.8074352296427186,0.19942339331004313,0.010427676120387138
11.3,26.169499976054517,26.14495176570534,24.0,0.0,0.8047456405731421,0.19942339331004313,0.010427676120387138
11.4,26.14495176570534,26.120687682854218,24.0,0.0,0.8020868393962832,0.19942339331004313,0.010427676120387138
11.5,26.120687682854218,26.096707049665845,24.0,0.0,0.7994593980894863,0.19942339331004313,0.010427676120387138
11.600000000000001,26.096707049665845,26.073009187636153,24.0,0.0,0.7968634770486623,0.19942339331004313,0.010427676120387138
11.700000000000001,26.073009187636153,26.049592844446288,24.0,0.0,0.7942992358288335,0.19942339331004313,0.010427676120387138
11.8,26.049592844446288,26.026456547536945,24.0,0.0,0.791766718247053,0.19942339331004313,0.010427676120387138
11.9,26.026456547536945,26.003598832051377,24.0,0.0,0.7892659226637386,0.19942339331004313,0.010427676120387138
12.0,26.003598832051377,25.981018240795088,24.0,0.0,0.7867968474478728,0.19942339331004313,0.010427676120387138
12.100000000000001,25.981018240795088,25.958713324195756,24.0,0.0,0.7843594909769555,0.19942339331004313,0.010427676120387138
12.200000000000001,25.958713324195756,25.93668264026337,24.0,0.0,0.7819538516369593,0.19942339331004313,0.010427676120387138
12.3,25.93668264026337,25.91492475455057,24.0,0.0,0.7795799278222862,0.19942339331004313,0.010427676120387138
12.4,25.91492475455057,25.893438240113188,24.0,0.0,0.7772377179357237,0.19942339331004313,0.010427676120387138
12.5,25.893438240113188,25.872221677471007,24.0,0.0,0.7749272203884017,0.19942339331004313,0.010427676120387138
12.600000000000001,25.872221677471007,25.851273654568715,24.0,0.0,0.7726484335997463,0.19942339331004313,0.010427676120387138
12.700000000000001,25.851273654568715,25.830592665657832,24.0,0.0,0.7704013559974396,0.19942339331004313,0.010427676120387138
12.8,25.830592665657832,25.81017658561055,24.0,0.0,0.7681859657544077,0.19942339331004313,0.010427676120387138
12.9,25.81017658561055,25.790023273059457,24.0,0.0,0.7660021153088343,0.19942339331004313,0.010427676120387138
13.0,25.790023273059457,25.770130570482745,24.0,0.0,0.7638496516273998,0.19942339331004313,0.010427676120387138
13.100000000000001,25.770130570482745,25.750496304288948,24.0,0.0,0.7617284162054234,0.19942339331004313,0.010427676120387138
13.200000000000001,25.750496304288948,25.731118284901257,24.0,0.0,0.7596382450670096,0.19942339331004313,0.010427676120387138
13.3,25.731118284901257,25.71199430684138,24.0,0.0,0.7575789687651915,0.19942339331004313,0.010427676120387138
13.4,25.71199430684138,25.693122148812968,24.0,0.0,0.7555504123820729,0.19942339331004313,0.010427676120387138
13.5,25.693122148812968,25.674499573784594,24.0,0.0,0.7535523955289711,0.19942339331004313,0.010427676120387138
13.600000000000001,25.674499573784594,25.656124329072313,24.0,0.0,0.7515847323465572,0.19942339331004313,0.010427676120387138
13.700000000000001,25.656124329072313,25.637994146421775,24.0,0.0,0.7496472315049976,0.19942339331004313,0.010427676120387138
13.8,25.637994146421775,25.620106742089913,24.0,0.0,0.7477396962040941,0.19942339331004313,0.010427676120387138
13.9,25.620106742089913,25.6024598169262,24.0,0.0,0.7458619241734223,0.19942339331004313,0.010427676120387138
14.0,25.6024598169262,25.58505105645348,24.0,0.0,0.7440137076724702,0.19942339331004313,0.010427676120387138
14.100000000000001,25.58505105645348,25.56787813094838,24.0,0.0,0.7421948334907762,0.19942339331004313,0.010427676120387138
14.200000000000001,25.56787813094838,25.550938695521292,24.0,0.0,0.7404050829480653,0.19942339331004313,0.010427676120387138
14.3,25.550938695521292,25.534230390195948,24.0,0.0,0.7386442318943864,0.19942339331004313,0.010427676120387138
14.4,25.534230390195948,25.51775083998855,24.0,0.0,0.7369120507102477,0.19942339331004313,0.010427676120387138
14.5,25.51775083998855,25.501497654986526,24.0,0.0,0.7352083043067501,0.19942339331004313,0.010427676120387138
14.600000000000001,25.501497654986526,25.485468430426835,24.0,0.0,0.7335327521257224,0.19942339331004313,0.010427676120387138
14.700000000000001,25.485468430426835,25.469660746773886,24.0,0.0,0.7318851481398552,0.19942339331004313,0.010427676120387138
14.8,25.469660746773886,25.45407216979704,24.0,0.0,0.730265240852833,0.19942339331004313,0.010427676120387138
14.9,25.45407216979704,25.438700250647692,24.0,0.0,0.7286727732994667,0.19942339331004313,0.010427676120387138
15.0,25.438700250647692,25.423542525935975,24.0,0.0,0.7271074830458233,0.19942339331004313,0.010427676120387138
15.100000000000001,25.423542525935975,25.40859651780704,24.0,0.0,0.7255691021893591,0.19942339331004313,0.010427676120387138
15.200000000000001,25.40859651780704,25.39385973401695,24.0,0.0,0.7240573573590473,0.19942339331004313,0.010427676120387138
15.3,25.39385973401695,25.37932966800816,24.0,0.0,0.7225719697155086,0.19942339331004313,0.010427676120387138
15.4,25.37932966800816,25.36500379898462,24.0,0.0,0.7211126549511401,0.19942339331004313,0.010427676120387138
15.5,25.36500379898462,25.35087959198647,24.0,0.0,0.7196791232902413,0.19942339331004313,0.010427676120387138
15.600000000000001,25.35087959198647,25.336954497964346,24.0,0.0,0.7182710794891441,0.19942339331004313,0.010427676120387138
15.700000000000001,25.336954497964346,25.323225973504492,24.0,0.0,0.7168882228363376,0.19942339331004313,0.010427676120387138
15.8,25.323225973504492,25.30969148083952,24.0,0.0,0.7155302510919925,0.19942339331004313,0.010427676120387138
15.9,25.30969148083952,25.296348493345047,24.0,0.0,0.7141968604959961,0.19942339331004313,0.010427676120387138
16.0,25.296348493345047,25.283194497652005,24.0,0.0,0.7128877468757304,0.19942339331004313,0.010427676120387138
16.1,25.283194497652005,25.270226993577086,24.0,0.0,0.7116026060811361,0.19942339331004313,0.010427676120387138
16.2,25.270226993577086,25.257443494053575,24.0,0.0,0.7103411339845935,0.19942339331004313,0.010427676120387138
16.3,25.257443494053575,25.24484152506253,24.0,0.0,0.7091030264808055,0.19942339331004313,0.010427676120387138
16.400000000000002,25.24484152506253,25.232418625564343,24.0,0.0,0.7078879794866793,0.19942339331004313,0.010427676120387138
16.5,25.232418625564343,25.22017234743064,24.0,0.0,0.7066956889412129,0.19942339331004313,0.010427676120387138
16.6,25.22017234743064,25.20810025537656,24.0,0.0,0.7055258508053774,0.19942339331004313,0.010427676120387138
16.7,25.20810025537656,25.19619992689336,24.0,0.0,0.704378161062004,0.19942339331004313,0.010427676120387138
16.8,25.19619992689336,25.1844689521814,24.0,0.0,0.7032523157156675,0.19942339331004313,0.010427676120387138
16.900000000000002,25.1844689521814,25.172904935050962,24.0,0.0,0.7021480107925745,0.19942339331004313,0.010427676120387138
17.0,25.172904935050962,25.161505498854662,24.0,0.0,0.7010649425343984,0.19942339331004313,0.010427676120387138
17.1,25.161505498854662,25.150268286646803,24.0,0.0,0.7000028086017216,0.19942339331004313,0.010427676120387138
17.2,25.150268286646803,25.139190961341846,24.0,0.0,0.6989613081263557,0.19942339331004313,0.010427676120387138
17.3,25.139190961341846,25.128271205872075,24.0,0.0,0.6979401417636566,0.19942339331004313,0.010427676120387138
17.400000000000002,25.128271205872075,25.11750672334442,24.0,0.0,0.6969390117448381,0.19942339331004313,0.010427676120387138
17.5,25.11750672334442,25.106895237196458,24.0,0.0,0.6959576219292856,0.19942339331004313,0.010427676120387138
17.6,25.106895237196458,25.0964344913516,24.0,0.0,0.6949956778568649,0.19942339331004313,0.010427676120387138
17.7,25.0964344913516,25.08612225037346,24.0,0.0,0.6940528868002332,0.19942339331004313,0.010427676120387138
17.8,25.08612225037346,25.075956299619392,24.0,0.0,0.6931289578171456,0.19942339331004313,0.010427676120387138
17.900000000000002,25.075956299619392,25.065934445393253,24.0,0.0,0.6922236018027585,0.19942339331004313,0.010427676120387138
18.0,25.065934445393253,25.056054515097344,24.0,0.0,0.691336531541936,0.19942339331004313,0.010427676120387138
18.1,25.056054515097344,25.046314357383544,24.0,0.0,0.6904674617615498,0.19942339331004313,0.010427676120387138
18.2,25.046314357383544,25.036711842303674,24.0,0.0,0.6896161091827794,0.19942339331004313,0.010427676120387138
18.3,25.036711842303674,25.02724486145905,24.0,0.0,0.6887821925734122,0.19942339331004313,0.010427676120387138
18.400000000000002,25.02724486145905,25.017911328149246,24.0,0.0,0.6879654328001387,0.19942339331004313,0.010427676120387138
18.5,25.017911328149246,25.008709177520096,24.0,0.0,0.6871655528808467,0.19942339331004313,0.010427676120387138
18.6,25.008709177520096,24.999636366710902,24.0,0.0,0.6863822780369156,0.19942339331004313,0.010427676120387138
18.7,24.999636366710902,24.990690875000872,24.0,0.0,0.6856153357455084,0.19942339331004313,0.010427676120387138
18.8,24.990690875000872,24.981870703954787,24.0,0.0,0.6848644557918606,0.19942339331004313,0.010427676120387138
18.900000000000002,24.981870703954787,24.9731738775679,24.0,0.0,0.6841293703215688,0.19942339331004313,0.010427676120387138
19.0,24.9731738775679,24.964598442410075,24.0,0.0,0.6834098138928772,0.19942339331004313,0.010427676120387138
19.1,24.964598442410075,24.956142467769176,24.0,0.0,0.6827055235289621,0.19942339331004313,0.010427676120387138
19.200000000000003,24.956142467769176,24.94780404579369,24.0,0.0,0.6820162387702148,0.19942339331004313,0.010427676120387138
19.3,24.94780404579369,24.939581291634592,24.0,0.0,0.6813417017265249,0.19942339331004313,0.010427676120387138
19.400000000000002,24.939581291634592,24.931472343586506,24.0,0.0,0.6806816571295577,0.19942339331004313,0.010427676120387138
19.5,24.931472343586506,24.923475363228064,24.0,0.0,0.6800358523850354,0.19942339331004313,0.010427676120387138
19.6,24.923475363228064,24.91558853556157,24.0,0.0,0.6794040376250111,0.19942339331004313,0.010427676120387138
19.700000000000003,24.91558853556157,24.90781006915192,24.0,0.0,0.6787859657601452,0.19942339331004313,0.010427676120387138
19.8,24.90781006915192,24.90013819626478,24.0,0.0,0.6781813925319786,0.19942339331004313,0.010427676120387138
19.900000000000002,24.90013819626478,24.892571172815952,24.0,0.0,0.6775900765652056,0.19942339331004313,0.010427676120387138
20.0,24.892571172815952,24.885107278320632,24.0,0.0,0.6770117793822354,0.19942339331004313,0.010427676120387138
20.1,24.885107278320632,24.877744815790013,24.0,0.0,0.676446265417683,0.19942339331004313,0.010427676120387138
20.200000000000003,24.877744815790013,24.870482111607686,24.0,0.0,0.6758933020222497,0.19942339331004313,0.010427676120387138
20.3,24.870482111607686,24.86331751540666,24.0,0.0,0.6753526594624465,0.19942339331004313,0.010427676120387138
20.400000000000002,24.86331751540666,24.856249399947053,24.0,0.0,0.6748241109203135,0.19942339331004313,0.010427676120387138
20.5,24.856249399947053,24.849276160994417,24.0,0.0,0.674307432493144,0.19942339331004313,0.010427676120387138
20.6,24.849276160994417,24.842396217198704,24.0,0.0,0.6738024031932092,0.19942339331004313,0.010427676120387138
20.700000000000003,24.842396217198704,24.835608009973864,24.0,0.0,0.6733088049474845,0.19942339331004313,0.010427676120387138
20.8,24.835608009973864,24.828910003378088,24.0,0.0,0.6728264225973759,0.19942339331004313,0.010427676120387138
20.900000000000002,24.828910003378088,24.822300683994666,24.0,0.0,0.6723550438984507,0.19942339331004313,0.010427676120387138
21.0,24.822300683994666,24.81577856081349,24.0,0.0,0.6718944595201657,0.19942339331004313,0.010427676120387138
21.1,24.81577856081349,24.809342165103903,24.0,0.0,0.6714444630456018,0.19942339331004313,0.010427676120387138
21.200000000000003,24.809342165103903,24.802990050230754,24.0,0.0,0.6710048509693369,0.19942339331004313,0.010427676120387138
21.3,24.802990050230754,24.79672079146893,24.0,0.0,0.6705754226838084,0.19942339331004313,0.010427676120387138
21.400000000000002,24.79672079146893,24.790532985816327,24.0,0.0,0.670155980465168,0.19942339331004313,0.010427676120387138
21.5,24.790532985816327,24.784425251805338,24.0,0.0,0.6697463294586408,0.19942339331004313,0.010427676120387138
21.6,24.784425251805338,24.778396229312786,24.0,0.0,0.6693462776633821,0.19942339331004313,0.010427676120387138
21.700000000000003,24.778396229312786,24.772444579368386,24.0,0.0,0.6689556359168353,0.19942339331004313,0.010427676120387138
21.8,24.772444579368386,24.766568983961683,24.0,0.0,0.6685742178785897,0.19942339331004313,0.010427676120387138
21.900000000000002,24.766568983961683,24.760768145847504,24.0,0.0,0.6682018400137368,0.19942339331004313,0.010427676120387138
22.0,24.760768145847504,24.755040788349945,24.0,0.0,0.6678383215757253,0.19942339331004313,0.010427676120387138
22.1,24.755040788349945,24.74938565516486,24.0,0.0,0.6674834845887219,0.19942339331004313,0.010427676120387138
22.200000000000003,24.74938565516486,24.743801510160896,24.0,0.0,0.6671371538294646,0.19942339331004313,0.010427676120387138
22.3,24.743801510160896,24.73828713717906,24.0,0.0,0.6667991568086198,0.19942339331004313,0.010427676120387138
22.400000000000002,24.73828713717906,24.732841339830845,24.0,0.0,0.6664693237516401,0.19942339331004313,0.010427676120387138
22.5,24.732841339830845,24.72746294129491,24.0,0.0,0.6661474875791187,0.19942339331004313,0.010427676120387138
22.6,24.72746294129491,24.722150784112305,24.0,0.0,0.6658334838866495,0.19942339331004313,0.010427676120387138
22.700000000000003,24.722150784112305,24.716903729980295,24.0,0.0,0.6655271509241789,0.19942339331004313,0.010427676120387138
22.8,24.716903729980295,24.711720659544746,24.0,0.0,0.6652283295748651,0.19942339331004313,0.010427676120387138
22.900000000000002,24.711720659544746,24.7066004721911,24.0,0.0,0.664936863333435,0.19942339331004313,0.010427676120387138
23.0,24.7066004721911,24.701542085833935,24.0,0.0,0.6646525982840397,0.19942339331004313,0.010427676120387138
23.1,24.701542085833935,24.696544436705153,24.0,0.0,0.6643753830776107,0.19942339331004313,0.010427676120387138
23.200000000000003,24.696544436705153,24.691606479140738,24.0,0.0,0.6641050689087178,0.19942339331004313,0.010427676120387138
23.3,24.691606479140738,24.68672718536617,24.0,0.0,0.6638415094919252,0.19942339331004313,0.010427676120387138
23.400000000000002,24.68672718536617,24.681905545280422,24.0,0.0,0.6635845610376506,0.19942339331004313,0.010427676120387138
23.5,24.681905545280422,24.67714056623862,24.0,0.0,0.6633340822275191,0.19942339331004313,0.010427676120387138
23.6,24.67714056623862,24.672431272833325,24.0,0.0,0.6630899341892229,0.19942339331004313,0.010427676120387138
23.700000000000003,24.672431272833325,24.667776706674463,24.0,0.0,0.662851980470879,0.19942339331004313,0.010427676120387138
23.8,24.667776706674463,24.663175926167895,24.0,0.0,0.6626200870148865,0.19942339331004313,0.010427676120387138
23.900000000000002,24.663175926167895,24.658628006292673,24.0,0.0,0.6623941221312837,0.19942339331004313,0.010427676120387138
24.0,24.658628006292673,24.654132038376932,24.0,0.0,0.6621739564706084,0.19942339331004313,0.010427676120387138
24.1,24.654132038376932,24.64968712987428,24.0,0.0,0.6619594629962546,0.19942339331004313,0.010427676120387138
24.200000000000003,24.64968712987428,24.64529240414064,24.0,0.0,0.6617505169566943,0.19942339331004313,0.010427676120387138
24.3,24.64529240414064,24.640947000212094,24.0,0.0,0.6615469958575573,0.19942339331004313,0.010427676120387138
24.400000000000002,24.640947000212094,24.63665007258388,24.0,0.0,0.6613487794336783,0.19942339331004313,0.010427676120387138
24.5,24.63665007258388,24.632400790990555,24.0,0.0,0.6611557496211447,0.19942339331004313,0.010427676120387138
24.6,24.632400790990555,24.628198340187343,24.0,0.0,0.6609677905293466,0.19942339331004313,0.010427676120387138
24.700000000000003,24.628198340187343,24.624041919732598,24.0,0.0,0.6607847884130353,0.19942339331004313,0.010427676120387138
24.8,24.624041919732598,24.619930743771448,24.0,0.0,0.6606066316443784,0.19942339331004313,0.010427676120387138
24.900000000000002,24.619930743771448,24.615864040820558,24.0,0.0,0.6604332106850233,0.19942339331004313,0.010427676120387138
25.0,24.615864040820558,24.61184105355404,24.0,0.0,0.6602644180581596,0.19942339331004313,0.010427676120387138
25.1,24.61184105355404,24.6078610385905,24.0,0.0,0.6601001483205896,0.19942339331004313,0.010427676120387138
25.200000000000003,24.6078610385905,24.60392326628118,24.0,0.0,0.6599402980347977,0.19942339331004313,0.010427676120387138
25.3,24.60392326628118,24.600027020499333,24.0,0.0,0.6597847657410253,0.19942339331004313,0.010427676120387138
25.400000000000002,24.600027020499333,24.596171598431344,24.0,0.0,0.6596334519293645,0.19942339331004313,0.010427676120387138
25.5,24.596171598431344,24.592356310369603,24.0,0.0,0.6594862590119852,0.19942339331004313,0.010427676120387138
25.6,24.592356310369603,24.588580479507172,24.0,0.0,0.6593430912954976,0.19942339331004313,0.010427676120387138
25.700000000000003,24.588580479507172,24.58484344173423,24.0,0.0,0.6592038549534552,0.19942339331004313,0.010427676120387138
25.8,24.58484344173423,24.581144545436345,24.0,0.0,0.6590684579990009,0.19942339331004313,0.010427676120387138
25.900000000000002,24.581144545436345,24.57748315129455,24.0,0.0,0.6589368102576689,0.19942339331004313,0.010427676120387138
26.0,24.57748315129455,24.57385863208728,24.0,0.0,0.6588088233403347,0.19942339331004313,0.010427676120387138
26.1,24.57385863208728,24.570270372494125,24.0,0.0,0.6586844106163328,0.19942339331004313,0.010427676120387138
26.200000000000003,24.570270372494125,24.56671776890149,24.0,0.0,0.6585634871867307,0.19942339331004313,0.010427676120387138
26.3,24.56671776890149,24.563200229210103,24.0,0.0,0.6584459698577794,0.19942339331004313,0.010427676120387138
26.400000000000002,24.563200229210103,24.559717172644437,24.0,0.0,0.6583317771145332,0.19942339331004313,0.010427676120387138
26.5,24.559717172644437,24.556268029564016,24.0,0.0,0.6582208290946526,0.19942339331004313,0.010427676120387138
26.6,24.556268029564016,24.552852241276682,24.0,0.0,0.6581130475623853,0.19942339331004313,0.010427676120387138
26.700000000000003,24.552852241276682,24.549469259853755,24.0,0.0,0.6580083558827426,0.19942339331004313,0.010427676120387138
26.8,24.549469259853755,24.54611854794717,24.0,0.0,0.6579066789958641,0.19942339331004313,0.010427676120387138
26.900000000000002,24.54611854794717,24.542799578608573,24.0,0.0,0.6578079433915816,0.19942339331004313,0.010427676120387138
27.0,24.542799578608573,24.539511835110382,24.0,0.0,0.6577120770841879,0.19942339331004313,0.010427676120387138
27.1,24.539511835110382,24.536254810768853,24.0,0.0,0.6576190095874103,0.19942339331004313,0.010427676120387138
27.200000000000003,24.536254810768853,24.533028008769136,24.0,0.0,0.6575286718895988,0.19942339331004313,0.010427676120387138
27.3,24.533028008769136,24.529830941992365,24.0,0.0,0.6574409964291298,0.19942339331004313,0.010427676120387138
27.400000000000002,24.529830941992365,24.526663132844767,24.0,0.0,0.6573559170700329,0.19942339331004313,0.010427676120387138
27.5,24.526663132844767,24.523524113088815,24.0,0.0,0.6572733690778456,0.19942339331004313,0.010427676120387138
27.6,24.523524113088815,24.52041342367644,24.0,0.0,0.6571932890956966,0.19942339331004313,0.010427676120387138
27.700000000000003,24.52041342367644,24.51733061458432,24.0,0.0,0.6571156151206274,0.19942339331004313,0.010427676120387138
27.8,24.51733061458432,24.514275244651238,24.0,0.0,0.6570402864801543,0.19942339331004313,0.010427676120387138
27.900000000000002,24.514275244651238,24.51124688141755,24.0,0.0,0.656967243809077,0.19942339331004313,0.010427676120387138
28.0,24.51124688141755,24.508245100966757,24.0,0.0,0.6568964290265376,0.19942339331004313,0.010427676120387138
28.1,24.508245100966757,24.5052694877692,24.0,0.0,0.6568277853133344,0.19942339331004313,0.010427676120387138
28.200000000000003,24.5052694877692,24.50231963452789,24.0,0.0,0.6567612570894968,0.19942339331004313,0.010427676120387138
28.3,24.50231963452789,24.499395142026458,24.0,0.0,0.6566967899921247,0.19942339331004313,0.010427676120387138
28.400000000000002,24.499395142026458,24.496495618979257,24.0,0.0,0.656634330853494,0.19942339331004313,0.010427676120387138
28.5,24.496495618979257,24.493620681883552,24.0,0.0,0.6565738276794312,0.19942339331004313,0.010427676120387138
28.6,24.493620681883552,24.49076995487383,24.0,0.0,0.6565152296279535,0.19942339331004313,0.010427676120387138
28.700000000000003,24.49076995487383,24.487943069578204,24.0,0.0,0.6564584869881782,0.19942339331004313,0.010427676120387138
28.8,24.487943069578204,24.4851396649769,24.0,0.0,0.6564035511595011,0.19942339331004313,0.010427676120387138
28.900000000000002,24.4851396649769,24.482359387262804,24.0,0.0,0.656350374631041,0.19942339331004313,0.010427676120387138
29.0,24.482359387262804,24.479601889704096,24.0,0.0,0.6562989109613524,0.19942339331004313,0.010427676120387138
29.1,24.479601889704096,24.476866832508904,24.0,0.0,0.6562491147584066,0.19942339331004313,0.010427676120387138
29.200000000000003,24.476866832508904,24.474153882692026,24.0,0.0,0.6562009416598402,0.19942339331004313,0.010427676120387138
29.3,24.474153882692026,24.47146271394365,24.0,0.0,0.6561543483134722,0.19942339331004313,0.010427676120387138
29.400000000000002,24.47146271394365,24.468793006500132,24.0,0.0,0.6561092923580858,0.19942339331004313,0.010427676120387138
29.5,24.468793006500132,24.46614444701673,24.0,0.0,0.6560657324044826,0.19942339331004313,0.010427676120387138
29.6,24.46614444701673,24.46351672844238,24.0,0.0,0.6560236280168,0.19942339331004313,0.010427676120387138
29.700000000000003,24.46351672844238,24.460909549896392,24.0,0.0,0.6559829396940967,0.19942339331004313,0.010427676120387138
29.8,24.460909549896392,24.458322616547164,24.0,0.0,0.6559436288522023,0.19942339331004313,0.010427676120387138
29.900000000000002,24.458322616547164,24.455755639492775,24.0,0.0,0.6559056578058325,0.19942339331004313,0.010427676120387138
30.0,24.455755639492775,24.453208335643527,24.0,0.0,0.6558689897509642,0.19942339331004313,0.010427676120387138
30.1,24.453208335643527,24.4506804276064,24.0,0.0,0.6558335887474706,0.19942339331004313,0.010427676120387138
30.200000000000003,24.4506804276064,24.44817164357137,24.0,0.0,0.6557994197020187,0.19942339331004313,0.010427676120387138
30.3,24.44817164357137,24.445681717199616,24.0,0.0,0.6557664483512214,0.19942339331004313,0.010427676120387138
30.400000000000002,24.445681717199616,24.443210387513563,24.0,0.0,0.6557346412450474,0.19942339331004313,0.010427676120387138
30.5,24.443210387513563,24.440757398788772,24.0,0.0,0.6557039657304853,0.19942339331004313,0.010427676120387138
30.6,24.440757398788772,24.438322500447633,24.0,0.0,0.6556743899354596,0.19942339331004313,0.010427676120387138
30.700000000000003,24.438322500447633,24.435905446954855,24.0,0.0,0.6556458827529992,0.19942339331004313,0.010427676120387138
30.8,24.435905446954855,24.433505997714743,24.0,0.0,0.6556184138256532,0.19942339331004313,0.010427676120387138
30.900000000000002,24.433505997714743,24.431123916970225,24.0,0.0,0.6555919535301563,0.19942339331004313,0.010427676120387138
31.0,24.431123916970225,24.428758973703637,24.0,0.0,0.6555664729623378,0.19942339331004313,0.010427676120387138
31.1,24.428758973703637,24.4264109415392,24.0,0.0,0.6555419439222782,0.19942339331004313,0.010427676120387138
31.200000000000003,24.4264109415392,24.42407959864723,24.0,0.0,0.6555183388997009,0.19942339331004313,0.010427676120387138
31.3,24.42407959864723,24.421764727650018,24.0,0.0,0.6554956310596105,0.19942339331004313,0.010427676120387138
31.400000000000002,24.421764727650018,24.419466115529378,24.0,0.0,0.6554737942281655,0.19942339331004313,0.010427676120387138
31.5,24.419466115529378,24.41718355353584,24.0,0.0,0.6554528028787856,0.19942339331004313,0.010427676120387138
31.6,24.41718355353584,24.414916837099472,24.0,0.0,0.655432632118496,0.19942339331004313,0.010427676120387138
31.700000000000003,24.414916837099472,24.412665765742304,24.0,0.0,0.655413257674501,0.19942339331004313,0.010427676120387138
31.8,24.412665765742304,24.410430142992347,24.0,0.0,0.6553946558809847,0.19942339331004313,0.010427676120387138
31.900000000000002,24.410430142992347,24.40820977629917,24.0,0.0,0.6553768036661439,0.19942339331004313,0.010427676120387138
32.0,24.40820977629917,24.406004476951033,24.0,0.0,0.6553596785394403,0.19942339331004313,0.010427676120387138
32.1,24.406004476951033,24.403814059993543,24.0,0.0,0.6553432585790775,0.19942339331004313,0.010427676120387138
32.2,24.403814059993543,24.40163834414982,24.0,0.0,0.6553275224196982,0.19942339331004313,0.010427676120387138
32.300000000000004,24.40163834414982,24.399477151742147,24.0,0.0,0.6553124492402967,0.19942339331004313,0.010427676120387138
32.4,24.399477151742147,24.39733030861509,24.0,0.0,0.6552980187523488,0.19942339331004313,0.010427676120387138
32.5,24.39733030861509,24.395197644060058,24.0,0.0,0.6552842111881518,0.19942339331004313,0.010427676120387138
32.6,24.395197644060058,24.3930789907413,24.0,0.0,0.6552710072893754,0.19942339331004313,0.010427676120387138
32.7,24.3930789907413,24.390974184623307,24.0,0.0,0.6552583882958193,0.19942339331004313,0.010427676120387138
32.800000000000004,24.390974184623307,24.38888306489957,24.0,0.0,0.6552463359343775,0.19942339331004313,0.010427676120387138
32.9,24.38888306489957,24.386805473922756,24.0,0.0,0.6552348324082,0.19942339331004313,0.010427676120387138
33.0,24.386805473922756,24.384741257136188,24.0,0.0,0.6552238603860594,0.19942339331004313,0.010427676120387138
33.1,24.384741257136188,24.382690263006662,24.0,0.0,0.655213402991911,0.19942339331004313,0.010427676120387138
33.2,24.382690263006662,24.380652342958577,24.0,0.0,0.6552034437946479,0.19942339331004313,0.010427676120387138
33.300000000000004,24.380652342958577,24.37862735130935,24.0,0.0,0.655193966798048,0.19942339331004313,0.010427676120387138
33.4,24.37862735130935,24.37661514520609,24.0,0.0,0.6551849564309123,0.19942339331004313,0.010427676120387138
33.5,24.37661514520609,24.37461558456353,24.0,0.0,0.6551763975373853,0.19942339331004313,0.010427676120387138
33.6,24.37461558456353,24.372628532003173,24.0,0.0,0.655168275367464,0.19942339331004313,0.010427676120387138
33.7,24.372628532003173,24.37065385279367,24.0,0.0,0.6551605755676869,0.19942339331004313,0.010427676120387138
33.800000000000004,24.37065385279367,24.368691414792366,24.0,0.0,0.6551532841719996,0.19942339331004313,0.010427676120387138
33.9,24.368691414792366,24.366741088388032,24.0,0.0,0.6551463875928013,0.19942339331004313,0.010427676120387138
34.0,24.366741088388032,24.36480274644474,24.0,0.0,0.6551398726121618,0.19942339331004313,0.010427676120387138
34.1,24.36480274644474,24.362876264246882,24.0,0.0,0.6551337263732109,0.19942339331004313,0.010427676120387138
34.2,24.362876264246882,24.360961519445283,24.0,0.0,0.6551279363716965,0.19942339331004313,0.010427676120387138
34.300000000000004,24.360961519445283,24.359058392004453,24.0,0.0,0.6551224904477086,0.19942339331004313,0.010427676120387138
34.4,24.359058392004453,24.357166764150872,24.0,0.0,0.6551173767775699,0.19942339331004313,0.010427676120387138
34.5,24.357166764150872,24.355286520322373,24.0,0.0,0.6551125838658821,0.19942339331004313,0.010427676120387138
34.6,24.355286520322373,24.353417547118546,24.0,0.0,0.6551081005377387,0.19942339331004313,0.010427676120387138
34.7,24.353417547118546,24.351559733252174,24.0,0.0,0.6551039159310873,0.19942339331004313,0.010427676120387138
34.800000000000004,24.351559733252174,24.34971296950169,24.0,0.0,0.6551000194892491,0.19942339331004313,0.010427676120387138
34.9,24.34971296950169,24.347877148664615,24.0,0.0,0.6550964009535922,0.19942339331004313,0.010427676120387138
35.0,24.347877148664615,24.346052165511963,24.0,0.0,0.655093050356349,0.19942339331004313,0.010427676120387138
35.1,24.346052165511963,24.34423791674363,24.0,0.0,0.6550899580135853,0.19942339331004313,0.010427676120387138
35.2,24.34423791674363,24.342434300944692,24.0,0.0,0.6550871145183116,0.19942339331004313,0.010427676120387138
35.300000000000004,24.342434300944692,24.340641218542665,24.0,0.0,0.655084510733736,0.19942339331004313,0.010427676120387138
35.4,24.340641218542665,24.338858571765634,24.0,0.0,0.6550821377866608,0.19942339331004313,0.010427676120387138
35.5,24.338858571765634,24.337086264601304,24.0,0.0,0.655079987061011,0.19942339331004313,0.010427676120387138
35.6,24.337086264601304,24.335324202756922,24.0,0.0,0.655078050191502,0.19942339331004313,0.010427676120387138
35.7,24.335324202756922,24.33357229362005,24.0,0.0,0.6550763190574409,0.19942339331004313,0.010427676120387138
35.800000000000004,24.33357229362005,24.3318304462202,24.0,0.0,0.6550747857766557,0.19942339331004313,0.010427676120387138
35.9,24.3318304462202,24.330098571191265,24.0,0.0,0.6550734426995555,0.19942339331004313,0.010427676120387138
36.0,24.330098571191265,24.328376580734826,24.0,0.0,0.655072282403315,0.19942339331004313,0.010427676120387138
36.1,24.328376580734826,24.32666438858419,24.0,0.0,0.6550712976861869,0.19942339331004313,0.010427676120387138
36.2,24.32666438858419,24.32496190996927,24.0,0.0,0.6550704815619306,0.19942339331004313,0.010427676120387138
36.300000000000004,24.32496190996927,24.323269061582195,24.0,0.0,0.6550698272543676,0.19942339331004313,0.010427676120387138
36.4,24.323269061582195,24.321585761543698,24.0,0.0,0.6550693281920494,0.19942339331004313,0.010427676120387138
36.5,24.321585761543698,24.31991192937025,24.0,0.0,0.655068978003044,0.19942339331004313,0.010427676120387138
36.6,24.31991192937025,24.318247485941896,24.0,0.0,0.6550687705098355,0.19942339331004313,0.010427676120387138
36.7,24.318247485941896,24.316592353470845,24.0,0.0,0.6550686997243336,0.19942339331004313,0.010427676120387138
36.800000000000004,24.316592353470845,24.31494645547072,24.0,0.0,0.6550687598429976,0.19942339331004313,0.010427676120387138
36.9,24.31494645547072,24.313309716726522,24.0,0.0,0.6550689452420619,0.19942339331004313,0.010427676120387138
37.0,24.313309716726522,24.311682063265255,24.0,0.0,0.655069250472871,0.19942339331004313,0.010427676120387138
37.1,24.311682063265255,24.31006342232722,24.0,0.0,0.6550696702573189,0.19942339331004313,0.010427676120387138
37.2,24.31006342232722,24.308453722337962,24.0,0.0,0.6550701994833863,0.19942339331004313,0.010427676120387138
37.300000000000004,24.308453722337962,24.306852892880823,24.0,0.0,0.6550708332007839,0.19942339331004313,0.010427676120387138
37.4,24.306852892880823,24.30526086467016,24.0,0.0,0.6550715666166871,0.19942339331004313,0.010427676120387138
37.5,24.30526086467016,24.303677569525142,24.0,0.0,0.6550723950915723,0.19942339331004313,0.010427676120387138
37.6,24.303677569525142,24.302102940344163,24.0,0.0,0.655073314135145,0.19942339331004313,0.010427676120387138
37.7,24.302102940344163,24.30053691107983,24.0,0.0,0.6550743194023616,0.19942339331004313,0.010427676120387138
37.800000000000004,24.30053691107983,24.29897941671454,24.0,0.0,0.655075406689542,0.19942339331004313,0.010427676120387138
37.9,24.29897941671454,24.2974303932366,24.0,0.0,0.6550765719305707,0.19942339331004313,0.010427676120387138
38.0,24.2974303932366,24.295889777616917,24.0,0.0,0.6550778111931855,0.19942339331004313,0.010427676120387138
38.1,24.295889777616917,24.294357507786227,24.0,0.0,0.6550791206753545,0.19942339331004313,0.010427676120387138
38.2,24.294357507786227,24.292833522612845,24.0,0.0,0.6550804967017314,0.19942339331004313,0.010427676120387138
38.300000000000004,24.292833522612845,24.29131776188094,24.0,0.0,0.6550819357202013,0.19942339331004313,0.010427676120387138
38.400000000000006,24.29131776188094,24.289810166269316,24.0,0.0,0.6550834342984997,0.19942339331004313,0.010427676120387138
38.5,24.289810166269316,24.288310677330692,24.0,0.0,0.6550849891209155,0.19942339331004313,0.010427676120387138
38.6,24.288310677330692,24.286819237471477,24.0,0.0,0.6550865969850697,0.19942339331004313,0.010427676120387138
38.7,24.286819237471477,24.285335789932006,24.0,0.0,0.655088254798772,0.19942339331004313,0.010427676120387138
38.800000000000004,24.285335789932006,24.283860278767257,24.0,0.0,0.6550899595769498,0.19942339331004313,0.010427676120387138
38.900000000000006,24.283860278767257,24.282392648828026,24.0,0.0,0.6550917084386515,0.19942339331004313,0.010427676120387138
39.0,24.282392648828026,24.280932845742537,24.0,0.0,0.6550934986041222,0.19942339331004313,0.010427676120387138
39.1,24.280932845742537,24.27948081589851,24.0,0.0,0.6550953273919479,0.19942339331004313,0.010427676120387138
39.2,24.27948081589851,24.278036506425636,24.0,0.0,0.6550971922162694,0.19942339331004313,0.010427676120387138
39.300000000000004,24.278036506425636,24.276599865178497,24.0,0.0,0.6550990905840642,0.19942339331004313,0.010427676120387138
39.400000000000006,24.276599865178497,24.275170840719873,24.0,0.0,0.655101020092493,0.19942339331004313,0.010427676120387138
39.5,24.275170840719873,24.273749382304473,24.0,0.0,0.6551029784263115,0.19942339331004313,0.010427676120387138
39.6,24.273749382304473,24.272335439863042,24.0,0.0,0.655104963355346,0.19942339331004313,0.010427676120387138
39.7,24.272335439863042,24.27092896398686,24.0,0.0,0.6551069727320301,0.19942339331004313,0.010427676120387138
39.800000000000004,24.27092896398686,24.269529905912634,24.0,0.0,0.6551090044890022,0.19942339331004313,0.010427676120387138
39.900000000000006,24.269529905912634,24.26813821750772,24.0,0.0,0.6551110566367635,0.19942339331004313,0.010427676120387138
40.0,24.26813821750772,24.266753851255743,24.0,0.0,0.6551131272613919,0.19942339331004313,0.010427676120387138
40.1,24.266753851255743,24.265376760242557,24.0,0.0,0.6551152145223149,0.19942339331004313,0.010427676120387138
40.2,24.265376760242557,24.264006898142544,24.0,0.0,0.6551173166501374,0.19942339331004313,0.010427676120387138
40.300000000000004,24.264006898142544,24.262644219205256,24.0,0.0,0.6551194319445237,0.19942339331004313,0.010427676120387138
40.400000000000006,24.262644219205256,24.261288678242387,24.0,0.0,0.6551215587721343,0.19942339331004313,0.010427676120387138
40.5,24.261288678242387,24.259940230615058,24.0,0.0,0.6551236955646117,0.19942339331004313,0.010427676120387138
40.6,24.259940230615058,24.258598832221438,24.0,0.0,0.6551258408166201,0.19942339331004313,0.010427676120387138
40.7,24.258598832221438,24.25726443948465,24.0,0.0,0.6551279930839352,0.19942339331004313,0.010427676120387138
40.800000000000004,24.25726443948465,24.255937009341,24.0,0.0,0.6551301509815808,0.19942339331004313,0.010427676120387138
40.900000000000006,24.255937009341,24.254616499228476,24.0,0.0,0.6551323131820148,0.19942339331004313,0.010427676120387138
41.0,24.254616499228476,24.253302867075558,24.0,0.0,0.6551344784133611,0.19942339331004313,0.010427676120387138
41.1,24.253302867075558,24.25199607129029,24.0,0.0,0.655136645457688,0.19942339331004313,0.010427676120387138
41.2,24.25199607129029,24.250696070749644,24.0,0.0,0.655138813149329,0.19942339331004313,0.010427676120387138
41.300000000000004,24.250696070749644,24.249402824789144,24.0,0.0,0.6551409803732517,0.19942339331004313,0.010427676120387138
41.400000000000006,24.249402824789144,24.248116293192748,24.0,0.0,0.6551431460634654,0.19942339331004313,0.010427676120387138
41.5,24.248116293192748,24.24683643618299,24.0,0.0,0.655145309201472,0.19942339331004313,0.010427676120387138
41.6,24.24683643618299,24.245563214411376,24.0,0.0,0.6551474688147568,0.19942339331004313,0.010427676120387138
41.7,24.245563214411376,24.244296588949027,24.0,0.0,0.6551496239753221,0.19942339331004313,0.010427676120387138
41.800000000000004,24.244296588949027,24.24303652127754,24.0,0.0,0.6551517737982548,0.19942339331004313,0.010427676120387138
41.900000000000006,24.24303652127754,24.241782973280113,24.0,0.0,0.6551539174403372,0.19942339331004313,0.010427676120387138
42.0,24.241782973280113,24.240535907232882,24.0,0.0,0.6551560540986926,0.19942339331004313,0.010427676120387138
42.1,24.240535907232882,24.239295285796466,24.0,0.0,0.6551581830094669,0.19942339331004313,0.010427676120387138
42.2,24.239295285796466,24.238061072007756,24.0,0.0,0.6551603034465457,0.19942339331004313,0.010427676120387138
42.300000000000004,24.238061072007756,24.2368332292719,24.0,0.0,0.655162414720308,0.19942339331004313,0.010427676120387138
42.400000000000006,24.2368332292719,24.235611721354505,24.0,0.0,0.6551645161764121,0.19942339331004313,0.010427676120387138
42.5,24.235611721354505,24.234396512374023,24.0,0.0,0.6551666071946152,0.19942339331004313,0.010427676120387138
42.6,24.234396512374023,24.233187566794353,24.0,0.0,0.6551686871876249,0.19942339331004313,0.010427676120387138
42.7,24.233187566794353,24.23198484941763,24.0,0.0,0.6551707555999833,0.19942339331004313,0.010427676120387138
42.800000000000004,24.23198484941763,24.23078832537719,24.0,0.0,0.6551728119069803,0.19942339331004313,0.010427676120387138
42.900000000000006,24.23078832537719,24.229597960130747,24.0,0.0,0.6551748556135991,0.19942339331004313,0.010427676120387138
43.0,24.229597960130747,24.228413719453705,24.0,0.0,0.6551768862534894,0.19942339331004313,0.010427676120387138
43.1,24.228413719453705,24.227235569432693,24.0,0.0,0.6551789033879696,0.19942339331004313,0.010427676120387138
43.2,24.227235569432693,24.226063476459228,24.0,0.0,0.6551809066050587,0.19942339331004313,0.010427676120387138
43.300000000000004,24.226063476459228,24.224897407223573,24.0,0.0,0.6551828955185318,0.19942339331004313,0.010427676120387138
43.400000000000006,24.224897407223573,24.223737328708744,24.0,0.0,0.6551848697670073,0.19942339331004313,0.010427676120387138
43.5,24.223737328708744,24.222583208184677,24.0,0.0,0.6551868290130555,0.19942339331004313,0.010427676120387138
43.6,24.222583208184677,24.221435013202548,24.0,0.0,0.655188772942336,0.19942339331004313,0.010427676120387138
43.7,24.221435013202548,24.22029271158925,24.0,0.0,0.6551907012627572,0.19942339331004313,0.010427676120387138
43.800000000000004,24.22029271158925,24.219156271441996,24.0,0.0,0.655192613703663,0.19942339331004313,0.010427676120387138
43.900000000000006,24.219156271441996,24.2180256611231,24.0,0.0,0.655194510015039,0.19942339331004313,0.010427676120387138
44.0,24.2180256611231,24.216900849254866,24.0,0.0,0.6551963899667459,0.19942339331004313,0.010427676120387138
44.1,24.216900849254866,24.21578180471462,24.0,0.0,0.655198253347774,0.19942339331004313,0.010427676120387138
44.2,24.21578180471462,24.214668496629884,24.0,0.0,0.6552000999655166,0.19942339331004313,0.010427676120387138
44.300000000000004,24.214668496629884,24.213560894373668,24.0,0.0,0.6552019296450697,0.19942339331004313,0.010427676120387138
44.400000000000006,24.213560894373668,24.212458967559904,24.0,0.0,0.6552037422285482,0.19942339331004313,0.010427676120387138
44.5,24.212458967559904,24.21136268603897,24.0,0.0,0.6552055375744268,0.19942339331004313,0.010427676120387138
44.6,24.21136268603897,24.210272019893377,24.0,0.0,0.655207315556894,0.19942339331004313,0.010427676120387138
44.7,24.210272019893377,24.209186939433533,24.0,0.0,0.6552090760652343,0.19942339331004313,0.010427676120387138
44.800000000000004,24.209186939433533,24.208107415193638,24.0,0.0,0.6552108190032203,0.19942339331004313,0.010427676120387138
44.900000000000006,24.208107415193638,24.2070334179277,24.0,0.0,0.655212544288529,0.19942339331004313,0.010427676120387138
45.0,24.2070334179277,24.205964918605638,24.0,0.0,0.6552142518521747,0.19942339331004313,0.010427676120387138
45.1,24.205964918605638,24.204901888409488,24.0,0.0,0.6552159416379577,0.19942339331004313,0.010427676120387138
45.2,24.204901888409488,24.20384429872974,24.0,0.0,0.6552176136019294,0.19942339331004313,0.010427676120387138
45.300000000000004,24.20384429872974,24.202792121161753,24.0,0.0,0.6552192677118789,0.19942339331004313,0.010427676120387138
45.400000000000006,24.202792121161753,24.20174532750225,24.0,0.0,0.65522090394683,0.19942339331004313,0.010427676120387138
45.5,24.20174532750225,24.20070388974594,24.0,0.0,0.6552225222965555,0.19942339331004313,0.010427676120387138
45.6,24.20070388974594,24.19966778008223,24.0,0.0,0.655224122761109,0.19942339331004313,0.010427676120387138
45.7,24.19966778008223,24.198636970891986,24.0,0.0,0.6552257053503676,0.19942339331004313,0.010427676120387138
45.800000000000004,24.198636970891986,24.19761143474443,24.0,0.0,0.6552272700835936,0.19942339331004313,0.010427676120387138
45.900000000000006,24.19761143474443,24.196591144394098,24.0,0.0,0.6552288169890061,0.19942339331004313,0.010427676120387138
46.0,24.196591144394098,24.195576072777875,24.0,0.0,0.655230346103369,0.19942339331004313,0.010427676120387138
46.1,24.195576072777875,24.194566193012122,24.0,0.0,0.6552318574715917,0.19942339331004313,0.010427676120387138
46.2,24.194566193012122,24.193561478389878,24.0,0.0,0.6552333511463407,0.19942339331004313,0.010427676120387138
46.300000000000004,24.193561478389878,24.192561902378134,24.0,0.0,0.6552348271876679,0.19942339331004313,0.010427676120387138
46.400000000000006,24.192561902378134,24.191567438615188,24.0,0.0,0.6552362856626471,0.19942339331004313,0.010427676120387138
46.5,24.191567438615188,24.19057806090806,24.0,0.0,0.6552377266450257,0.19942339331004313,0.010427676120387138
46.6,24.19057806090806,24.189593743229988,24.0,0.0,0.6552391502148849,0.19942339331004313,0.010427676120387138
46.7,24.189593743229988,24.18861445971799,24.0,0.0,0.6552405564583144,0.19942339331004313,0.010427676120387138
46.800000000000004,24.18861445971799,24.18764018467049,24.0,0.0,0.655241945467095,0.19942339331004313,0.010427676120387138
46.900000000000006,24.18764018467049,24.186670892544996,24.0,0.0,0.6552433173383965,0.19942339331004313,0.010427676120387138
47.0,24.186670892544996,24.185706557955875,24.0,0.0,0.6552446721744782,0.19942339331004313,0.010427676120387138
47.1,24.185706557955875,24.184747155672145,24.0,0.0,0.6552460100824091,0.19942339331004313,0.010427676120387138
47.2,24.184747155672145,24.18379266061536,24.0,0.0,0.6552473311737894,0.19942339331004313,0.010427676120387138
47.300000000000004,24.18379266061536,24.18284304785753,24.0,0.0,0.6552486355644878,0.19942339331004313,0.010427676120387138
47.400000000000006,24.18284304785753,24.18189829261912,24.0,0.0,0.6552499233743834,0.19942339331004313,0.010427676120387138
47.5,24.18189829261912,24.180958370267074,24.0,0.0,0.6552511947271205,0.19942339331004313,0.010427676120387138
47.6,24.180958370267074,24.180023256312918,24.0,0.0,0.6552524497498693,0.19942339331004313,0.010427676120387138
47.7,24.180023256312918,24.179092926410902,24.0,0.0,0.6552536885730967,0.19942339331004313,0.010427676120387138
47.800000000000004,24.179092926410902,24.178167356356195,24.0,0.0,0.6552549113303455,0.19942339331004313,0.010427676120387138
47.900000000000006,24.178167356356195,24.177246522083113,24.0,0.0,0.6552561181580204,0.19942339331004313,0.010427676120387138
48.0,24.177246522083113,24.176330399663428,24.0,0.0,0.6552573091951811,0.19942339331004313,0.010427676120387138
48.1,24.176330399663428,24.17541896530469,24.0,0.0,0.6552584845833469,0.19942339331004313,0.010427676120387138
48.2,24.17541896530469,24.174512195348605,24.0,0.0,0.6552596444663051,0.19942339331004313,0.010427676120387138
48.300000000000004,24.174512195348605,24.173610066269465,24.0,0.0,0.6552607889899263,0.19942339331004313,0.010427676120387138
48.400000000000006,24.173610066269465,24.1727125546726,24.0,0.0,0.6552619183019902,0.19942339331004313,0.010427676120387138
48.5,24.1727125546726,24.17181963729289,24.0,0.0,0.6552630325520135,0.19942339331004313,0.010427676120387138
48.6,24.17181963729289,24.17093129099331,24.0,0.0,0.6552641318910877,0.19942339331004313,0.010427676120387138
48.7,24.17093129099331,24.1700474927635,24.0,0.0,0.6552652164717223,0.19942339331004313,0.010427676120387138
48.800000000000004,24.1700474927635,24.1691682197184,24.0,0.0,0.6552662864476948,0.19942339331004313,0.010427676120387138
48.900000000000006,24.1691682197184,24.168293449096893,24.0,0.0,0.6552673419739035,0.19942339331004313,0.010427676120387138
49.0,24.168293449096893,24.167423158260494,24.0,0.0,0.6552683832062309,0.19942339331004313,0.010427676120387138
49.1,24.167423158260494,24.166557324692082,24.0,0.0,0.6552694103014088,0.19942339331004313,0.010427676120387138
49.2,24.166557324692082,24.16569592599465,24.0,0.0,0.6552704234168911,0.19942339331004313,0.010427676120387138
49.300000000000004,24.16569592599465,24.1648389398901,24.0,0.0,0.6552714227107306,0.19942339331004313,0.010427676120387138
49.400000000000006,24.1648389398901,24.163986344218053,24.0,0.0,0.6552724083414616,0.19942339331004313,0.010427676120387138
49.5,24.163986344218053,24.163138116934704,24.0,0.0,0.6552733804679878,0.19942339331004313,0.010427676120387138
49.6,24.163138116934704,24.162294236111702,24.0,0.0,0.6552743392494726,0.19942339331004313,0.010427676120387138
49.7,24.162294236111702,24.16145467993506,24.0,0.0,0.6552752848452382,0.19942339331004313,0.010427676120387138
49.800000000000004,24.16145467993506,24.160619426704077,24.0,0.0,0.6552762174146659,0.19942339331004313,0.010427676120387138
49.900000000000006,24.160619426704077,24.159788454830313,24.0,0.0,0.6552771371171017,0.19942339331004313,0.010427676120387138
50.0,24.159788454830313,24.158961742836567,24.0,0.0,0.6552780441117652,0.19942339331004313,0.010427676120387138
50.1,24.158961742836567,24.158139269355896,24.0,0.0,0.6552789385576655,0.19942339331004313,0.010427676120387138
50.2,24.158139269355896,24.157321013130645,24.0,0.0,0.6552798206135184,0.19942339331004313,0.010427676120387138
50.300000000000004,24.157321013130645,24.156506953011505,24.0,0.0,0.6552806904376675,0.19942339331004313,0.010427676120387138
50.400000000000006,24.156506953011505,24.155697067956602,24.0,0.0,0.6552815481880094,0.19942339331004313,0.010427676120387138
50.5,24.155697067956602,24.154891337030598,24.0,0.0,0.6552823940219242,0.19942339331004313,0.010427676120387138
50.6,24.154891337030598,24.154089739403823,24.0,0.0,0.6552832280962065,0.19942339331004313,0.010427676120387138
50.7,24.154089739403823,24.153292254351403,24.0,0.0,0.6552840505670035,0.19942339331004313,0.010427676120387138
50.800000000000004,24.153292254351403,24.15249886125245,24.0,0.0,0.6552848615897499,0.19942339331004313,0.010427676120387138
50.900000000000006,24.15249886125245,24.151709539589234,24.0,0.0,0.6552856613191148,0.19942339331004313,0.010427676120387138
51.0,24.151709539589234,24.15092426894639,24.0,0.0,0.655286449908944,0.19942339331004313,0.010427676120387138
51.1,24.15092426894639,24.150143029010145,24.0,0.0,0.6552872275122094,0.19942339331004313,0.010427676120387138
51.2,24.150143029010145,24.14936579956755,24.0,0.0,0.6552879942809592,0.19942339331004313,0.010427676120387138
51.300000000000004,24.14936579956755,24.14859256050575,24.0,0.0,0.6552887503662719,0.19942339331004313,0.010427676120387138
51.400000000000006,24.14859256050575,24.147823291811246,24.0,0.0,0.6552894959182132,0.19942339331004313,0.010427676120387138
51.5,24.147823291811246,24.147057973569193,24.0,0.0,0.6552902310857934,0.19942339331004313,0.010427676120387138
51.6,24.147057973569193,24.146296585962705,24.0,0.0,0.6552909560169312,0.19942339331004313,0.010427676120387138
51.7,24.146296585962705,24.14553910927217,24.0,0.0,0.6552916708584148,0.19942339331004313,0.010427676120387138
51.800000000000004,24.14553910927217,24.144785523874596,24.0,0.0,0.6552923757558692,0.19942339331004313,0.010427676120387138
51.900000000000006,24.144785523874596,24.14403581024295,24.0,0.0,0.6552930708537243,0.19942339331004313,0.010427676120387138
52.0,24.14403581024295,24.143289948945526,24.0,0.0,0.6552937562951859,0.19942339331004313,0.010427676120387138
52.1,24.143289948945526,24.142547920645317,24.0,0.0,0.655294432222206,0.19942339331004313,0.010427676120387138
52.2,24.142547920645317,24.14180970609941,24.0,0.0,0.6552950987754587,0.19942339331004313,0.010427676120387138
52.300000000000004,24.14180970609941,24.14107528615838,24.0,0.0,0.655295756094316,0.19942339331004313,0.010427676120387138
52.400000000000006,24.14107528615838,24.14034464176571,24.0,0.0,0.6552964043168265,0.19942339331004313,0.010427676120387138
52.5,24.14034464176571,24.139617753957218,24.0,0.0,0.6552970435796941,0.19942339331004313,0.010427676120387138
52.6,24.139617753957218,24.13889460386047,24.0,0.0,0.6552976740182608,0.19942339331004313,0.010427676120387138
52.7,24.13889460386047,24.138175172694257,24.0,0.0,0.6552982957664878,0.19942339331004313,0.010427676120387138
52.800000000000004,24.138175172694257,24.13745944176803,24.0,0.0,0.6552989089569419,0.19942339331004313,0.010427676120387138
52.900000000000006,24.13745944176803,24.136747392481375,24.0,0.0,0.6552995137207812,0.19942339331004313,0.010427676120387138
53.0,24.136747392481375,24.136039006323493,24.0,0.0,0.6553001101877429,0.19942339331004313,0.010427676120387138
53.1,24.136039006323493,24.13533426487267,24.0,0.0,0.6553006984861323,0.19942339331004313,0.010427676120387138
53.2,24.13533426487267,24.1346331497958,24.0,0.0,0.6553012787428115,0.19942339331004313,0.010427676120387138
53.300000000000004,24.1346331497958,24.133935642847852,24.0,0.0,0.6553018510831947,0.19942339331004313,0.010427676120387138
53.400000000000006,24.133935642847852,24.133241725871414,24.0,0.0,0.655302415631237,0.19942339331004313,0.010427676120387138
53.5,24.133241725871414,24.132551380796194,24.0,0.0,0.6553029725094313,0.19942339331004313,0.010427676120387138
53.6,24.132551380796194,24.131864589638557,24.0,0.0,0.6553035218388013,0.19942339331004313,0.010427676120387138
53.7,24.131864589638557,24.131181334501058,24.0,0.0,0.6553040637388997,0.19942339331004313,0.010427676120387138
53.800000000000004,24.131181334501058,24.130501597571985,24.0,0.0,0.6553045983278049,0.19942339331004313,0.010427676120387138
53.900000000000006,24.130501597571985,24.129825361124908,24.0,0.0,0.6553051257221185,0.19942339331004313,0.010427676120387138
54.0,24.129825361124908,24.129152607518236,24.0,0.0,0.6553056460369646,0.19942339331004313,0.010427676120387138
54.1,24.129152607518236,24.128483319194782,24.0,0.0,0.6553061593859909,0.19942339331004313,0.010427676120387138
54.2,24.128483319194782,24.127817478681333,24.0,0.0,0.6553066658813684,0.19942339331004313,0.010427676120387138
54.300000000000004,24.127817478681333,24.127155068588227,24.0,0.0,0.6553071656337947,0.19942339331004313,0.010427676120387138
54.400000000000006,24.127155068588227,24.12649607160893,24.0,0.0,0.6553076587524949,0.19942339331004313,0.010427676120387138
54.5,24.12649607160893,24.125840470519627,24.0,0.0,0.6553081453452263,0.19942339331004313,0.010427676120387138
54.6,24.125840470519627,24.12518824817882,24.0,0.0,0.6553086255182814,0.19942339331004313,0.010427676120387138
54.7,24.12518824817882,24.124539387526916,24.0,0.0,0.6553090993764936,0.19942339331004313,0.010427676120387138
54.800000000000004,24.124539387526916,24.123893871585842,24.0,0.0,0.6553095670232418,0.19942339331004313,0.010427676120387138
54.900000000000006,24.123893871585842,24.123251683458648,24.0,0.0,0.6553100285604571,0.19942339331004313,0.010427676120387138
55.0,24.123251683458648,24.122612806329116,24.0,0.0,0.6553104840886285,0.19942339331004313,0.010427676120387138
55.1,24.122612806329116,24.121977223461386,24.0,0.0,0.6553109337068102,0.19942339331004313,0.010427676120387138
55.2,24.121977223461386,24.12134491819958,24.0,0.0,0.6553113775126297,0.19942339331004313,0.010427676120387138
55.300000000000004,24.12134491819958,24.12071587396742,24.0,0.0,0.6553118156022965,0.19942339331004313,0.010427676120387138
55.400000000000006,24.12071587396742,24.12009007426787,24.0,0.0,0.6553122480706093,0.19942339331004313,0.010427676120387138
55.5,24.12009007426787,24.11946750268276,24.0,0.0,0.6553126750109668,0.19942339331004313,0.010427676120387138
55.6,24.11946750268276,24.11884814287243,24.0,0.0,0.6553130965153742,0.19942339331004313,0.010427676120387138
55.7,24.11884814287243,24.118231978575377,24.0,0.0,0.6553135126744567,0.19942339331004313,0.010427676120387138
55.800000000000004,24.118231978575377,24.1176189936079,24.0,0.0,0.6553139235774674,0.19942339331004313,0.010427676120387138
55.900000000000006,24.1176189936079,24.117009171863735,24.0,0.0,0.6553143293122997,0.19942339331004313,0.010427676120387138
56.0,24.117009171863735,24.116402497313732,24.0,0.0,0.6553147299654954,0.19942339331004313,0.010427676120387138
56.1,24.116402497313732,24.115798954005495,24.0,0.0,0.6553151256222581,0.19942339331004313,0.010427676120387138
56.2,24.115798954005495,24.115198526063047,24.0,0.0,0.6553155163664648,0.19942339331004313,0.010427676120387138
56.300000000000004,24.115198526063047,24.114601197686493,24.0,0.0,0.6553159022806768,0.19942339331004313,0.010427676120387138
56.400000000000006,24.114601197686493,24.114006953151684,24.0,0.0,0.6553162834461524,0.19942339331004313,0.010427676120387138
56.5,24.114006953151684,24.11341577680988,24.0,0.0,0.6553166599428585,0.19942339331004313,0.010427676120387138
56.6,24.11341577680988,24.112827653087432,24.0,0.0,0.655317031849483,0.19942339331004313,0.010427676120387138
56.7,24.112827653087432,24.11224256648545,24.0,0.0,0.6553173992434482,0.19942339331004313,0.010427676120387138
56.800000000000004,24.11224256648545,24.111660501579475,24.0,0.0,0.6553177622009235,0.19942339331004313,0.010427676120387138
56.900000000000006,24.111660501579475,24.111081443019163,24.0,0.0,0.6553181207968387,0.19942339331004313,0.010427676120387138
57.0,24.111081443019163,24.110505375527964,24.0,0.0,0.6553184751048949,0.19942339331004313,0.010427676120387138
57.1,24.110505375527964,24.109932283902804,24.0,0.0,0.6553188251975812,0.19942339331004313,0.010427676120387138
57.2,24.109932283902804,24.109362153013773,24.0,0.0,0.6553191711461855,0.19942339331004313,0.010427676120387138
57.300000000000004,24.109362153013773,24.108794967803806,24.0,0.0,0.6553195130208097,0.19942339331004313,0.010427676120387138
57.400000000000006,24.108794967803806,24.108230713288382,24.0,0.0,0.6553198508903816,0.19942339331004313,0.010427676120387138
57.5,24.108230713288382,24.1076693745552,24.0,0.0,0.6553201848226701,0.19942339331004313,0.010427676120387138
57.6,24.1076693745552,24.107110936763895,24.0,0.0,0.6553205148842973,0.19942339331004313,0.010427676120387138
57.7,24.107110936763895,24.106555385145715,24.0,0.0,0.6553208411407552,0.19942339331004313,0.010427676120387138
57.800000000000004,24.106555385145715,24.106002705003217,24.0,0.0,0.6553211636564169,0.19942339331004313,0.010427676120387138
57.900000000000006,24.106002705003217,24.105452881709976,24.0,0.0,0.6553214824945508,0.19942339331004313,0.010427676120387138
58.0,24.105452881709976,24.104905900710282,24.0,0.0,0.655321797717335,0.19942339331004313,0.010427676120387138
58.1,24.104905900710282,24.104361747518837,24.0,0.0,0.6553221093858724,0.19942339331004313,0.010427676120387138
58.2,24.104361747518837,24.103820407720463,24.0,0.0,0.6553224175602024,0.19942339331004313,0.010427676120387138
58.300000000000004,24.103820407720463,24.103281866969805,24.0,0.0,0.6553227222993163,0.19942339331004313,0.010427676120387138
58.400000000000006,24.103281866969805,24.10274611099104,24.0,0.0,0.6553230236611716,0.19942339331004313,0.010427676120387138
58.5,24.10274611099104,24.102213125577574,24.0,0.0,0.655323321702704,0.19942339331004313,0.010427676120387138
58.6,24.102213125577574,24.101682896591768,24.0,0.0,0.6553236164798437,0.19942339331004313,0.010427676120387138
58.7,24.101682896591768,24.101155409964633,24.0,0.0,0.6553239080475273,0.19942339331004313,0.010427676120387138
58.800000000000004,24.101155409964633,24.100630651695553,24.0,0.0,0.655324196459712,0.19942339331004313,0.010427676120387138
58.900000000000006,24.100630651695553,24.100108607851993,24.0,0.0,0.655324481769391,0.19942339331004313,0.010427676120387138
59.0,24.100108607851993,24.099589264569207,24.0,0.0,0.655324764028606,0.19942339331004313,0.010427676120387138
59.1,24.099589264569207,24.099072608049966,24.0,0.0,0.6553250432884595,0.19942339331004313,0.010427676120387138
59.2,24.099072608049966,24.098558624564262,24.0,0.0,0.6553253195991313,0.19942339331004313,0.010427676120387138
59.300000000000004,24.098558624564262,24.098047300449036,24.0,0.0,0.6553255930098898,0.19942339331004313,0.010427676120387138
59.400000000000006,24.098047300449036,24.09753862210789,24.0,0.0,0.655325863569106,0.19942339331004313,0.010427676120387138
59.5,24.09753862210789,24.09703257601081,24.0,0.0,0.6553261313242686,0.19942339331004313,0.010427676120387138
59.6,24.09703257601081,24.096529148693882,24.0,0.0,0.6553263963219944,0.19942339331004313,0.010427676120387138
59.7,24.096529148693882,24.09602832675902,24.0,0.0,0.6553266586080432,0.19942339331004313,0.010427676120387138
59.800000000000004,24.09602832675902,24.09553009687368,24.0,0.0,0.6553269182273311,0.19942339331004313,0.010427676120387138
59.900000000000006,24.09553009687368,24.095034445770597,24.0,0.0,0.6553271752239433,0.19942339331004313,0.010427676120387138
60.0,24.095034445770597,24.099756626469382,24.0,1.0,0.6553274296411462,0.19942339331004313,0.010427676120387138
60.1,24.099756626469382,24.10445416060883,24.0,1.0,0.6563731659190897,0.19942339331004313,0.010427676120387138
60.2,24.10445416060883,24.10912717696588,24.0,1.0,0.657418885532994,0.19942339331004313,0.010427676120387138
60.300000000000004,24.10912717696588,24.113775803641847,24.0,1.0,0.6584645885976433,0.19942339331004313,0.010427676120387138
60.400000000000006,24.113775803641847,24.118400168066028,24.0,1.0,0.6595102752266674,0.19942339331004313,0.010427676120387138
60.5,24.118400168066028,24.123000396999263,24.0,1.0,0.6605559455325591,0.19942339331004313,0.010427676120387138
60.6,24.123000396999263,24.12757661653748,24.0,1.0,0.6616015996266866,0.19942339331004313,0.010427676120387138
60.7,24.12757661653748,24.132128952115224,24.0,1.0,0.662647237619308,0.19942339331004313,0.010427676120387138
60.800000000000004,24.132128952115224,24.136657528509176,24.0,1.0,0.6636928596195864,0.19942339331004313,0.010427676120387138
60.900000000000006,24.136657528509176,24.14116246984163,24.0,1.0,0.6647384657356026,0.19942339331004313,0.010427676120387138
61.0,24.14116246984163,24.14564389958397,24.0,1.0,0.6657840560743692,0.19942339331004313,0.010427676120387138
61.1,24.14564389958397,24.150101940560134,24.0,1.0,0.6668296307418446,0.19942339331004313,0.010427676120387138
61.2,24.150101940560134,24.154536714950034,24.0,1.0,0.6678751898429469,0.19942339331004313,0.010427676120387138
61.300000000000004,24.154536714950034,24.158948344292973,24.0,1.0,0.6689207334815659,0.19942339331004313,0.010427676120387138
61.400000000000006,24.158948344292973,24.163336949491054,24.0,1.0,0.6699662617605769,0.19942339331004313,0.010427676120387138
61.5,24.163336949491054,24.16770265081255,24.0,1.0,0.6710117747818548,0.19942339331004313,0.010427676120387138
61.6,24.16770265081255,24.172045567895267,24.0,1.0,0.6720572726462862,0.19942339331004313,0.010427676120387138
61.7,24.172045567895267,24.176365819749886,24.0,1.0,0.6731027554537817,0.19942339331004313,0.010427676120387138
61.800000000000004,24.176365819749886,24.18066352476329,24.0,1.0,0.6741482233032896,0.19942339331004313,0.010427676120387138
61.900000000000006,24.18066352476329,24.184938800701868,24.0,1.0,0.675193676292808,0.19942339331004313,0.010427676120387138
62.0,24.184938800701868,24.18919176471481,24.0,1.0,0.6762391145193973,0.19942339331004313,0.010427676120387138
62.1,24.18919176471481,24.193422533337365,24.0,1.0,0.6772845380791926,0.19942339331004313,0.010427676120387138
62.2,24.193422533337365,24.197631222494106,24.0,1.0,0.6783299470674149,0.19942339331004313,0.010427676120387138
62.300000000000004,24.197631222494106,24.201817947502164,24.0,1.0,0.6793753415783839,0.19942339331004313,0.010427676120387138
62.400000000000006,24.201817947502164,24.20598282307444,24.0,1.0,0.6804207217055301,0.19942339331004313,0.010427676120387138
62.5,24.20598282307444,24.21012596332281,24.0,1.0,0.6814660875414057,0.19942339331004313,0.010427676120387138
62.6,24.21012596332281,24.214247481761312,24.0,1.0,0.6825114391776965,0.19942339331004313,0.010427676120387138
62.7,24.214247481761312,24.218347491309302,24.0,1.0,0.6835567767052341,0.19942339331004313,0.010427676120387138
62.800000000000004,24.218347491309302,24.222426104294613,24.0,1.0,0.6846021002140051,0.19942339331004313,0.010427676120387138
62.900000000000006,24.222426104294613,24.22648343245668,24.0,1.0,0.6856474097931645,0.19942339331004313,0.010427676120387138
63.0,24.22648343245668,24.23051958694965,24.0,1.0,0.6866927055310453,0.19942339331004313,0.010427676120387138
63.1,24.23051958694965,24.234534678345504,24.0,1.0,0.6877379875151691,0.19942339331004313,0.010427676120387138
63.2,24.234534678345504,24.238528816637107,24.0,1.0,0.6887832558322587,0.19942339331004313,0.010427676120387138
63.300000000000004,24.238528816637107,24.242502111241286,24.0,1.0,0.6898285105682469,0.19942339331004313,0.010427676120387138
63.400000000000006,24.242502111241286,24.24645467100188,24.0,1.0,0.6908737518082863,0.19942339331004313,0.010427676120387138
63.5,24.24645467100188,24.250386604192776,24.0,1.0,0.6919189796367613,0.19942339331004313,0.010427676120387138
63.6,24.250386604192776,24.254298018520906,24.0,1.0,0.6929641941372984,0.19942339331004313,0.010427676120387138
63.7,24.254298018520906,24.25818902112926,24.0,1.0,0.6940093953927747,0.19942339331004313,0.010427676120387138
63.800000000000004,24.25818902112926,24.26205971859987,24.0,1.0,0.6950545834853288,0.19942339331004313,0.010427676120387138
63.900000000000006,24.26205971859987,24.265910216956755,24.0,1.0,0.6960997584963697,0.19942339331004313,0.010427676120387138
64.0,24.265910216956755,24.269740621668902,24.0,1.0,0.6971449205065875,0.19942339331004313,0.010427676120387138
64.10000000000001,24.269740621668902,24.27355103765317,24.0,1.0,0.6981900695959622,0.19942339331004313,0.010427676120387138
64.2,24.27355103765317,24.277291650917167,24.0,1.0,0.6992352058437722,0.19942339331004313,0.010427676120387138
64.3,24.277291650917167,24.280962826296314,24.0,1.0,0.700270322386604,0.19942339331004313,0.010427676120387138
64.4,24.280962826296314,24.284564926717835,24.0,1.0,0.7012954195735984,0.19942339331004313,0.010427676120387138
64.5,24.284564926717835,24.28809831321077,24.0,1.0,0.7023104977518052,0.19942339331004313,0.010427676120387138
64.60000000000001,24.28809831321077,24.29156334491593,24.0,1.0,0.7033155572662015,0.19942339331004313,0.010427676120387138
64.7,24.29156334491593,24.294960379095777,24.0,1.0,0.7043105984597071,0.19942339331004313,0.010427676120387138
64.8,24.294960379095777,24.298289771144308,24.0,1.0,0.7052956216731984,0.19942339331004313,0.010427676120387138
64.9,24.298289771144308,24.301551874596825,24.0,1.0,0.7062706272455277,0.19942339331004313,0.010427676120387138
65.0,24.301551874596825,24.304747041139688,24.0,1.0,0.7072356155135361,0.19942339331004313,0.010427676120387138
65.10000000000001,24.304747041139688,24.307875620620013,24.0,1.0,0.7081905868120697,0.19942339331004313,0.010427676120387138
65.2,24.307875620620013,24.31093796105531,24.0,1.0,0.7091355414739952,0.19942339331004313,0.010427676120387138
65.3,24.31093796105531,24.313934408643075,24.0,1.0,0.7100704798302143,0.19942339331004313,0.010427676120387138
65.4,24.313934408643075,24.316865307770332,24.0,1.0,0.7109954022096797,0.19942339331004313,0.010427676120387138
65.5,24.316865307770332,24.31973100102312,24.0,1.0,0.7119103089394083,0.19942339331004313,0.010427676120387138
65.60000000000001,24.31973100102312,24.32253182919594,24.0,1.0,0.7128152003444963,0.19942339331004313,0.010427676120387138
65.7,24.32253182919594,24.32526813130114,24.0,1.0,0.7137100767481356,0.19942339331004313,0.010427676120387138
65.8,24.32526813130114,24.32794024457826,24.0,1.0,0.7145949384716255,0.19942339331004313,0.010427676120387138
65.9,24.32794024457826,24.330548504503323,24.0,1.0,0.7154697858343882,0.19942339331004313,0.010427676120387138
66.0,24.330548504503323,24.33309324479807,24.0,1.0,0.7163346191539824,0.19942339331004313,0.010427676120387138
66.10000000000001,24.33309324479807,24.33557479743917,24.0,1.0,0.7171894387461183,0.19942339331004313,0.010427676120387138
66.2,24.33557479743917,24.337993492667337,24.0,1.0,0.7180342449246694,0.19942339331004313,0.010427676120387138
66.3,24.337993492667337,24.340349658996466,24.0,1.0,0.718869038001687,0.19942339331004313,0.010427676120387138
66.4,24.340349658996466,24.34264362322265,24.0,1.0,0.7196938182874146,0.19942339331004313,0.010427676120387138
66.5,24.34264362322265,24.344875710433193,24.0,1.0,0.7205085860903001,0.19942339331004313,0.010427676120387138
66.60000000000001,24.344875710433193,24.347046244015566,24.0,1.0,0.7213133417170093,0.19942339331004313,0.010427676120387138
66.7,24.347046244015566,24.34915554566631,24.0,1.0,0.7221080854724387,0.19942339331004313,0.010427676120387138
66.8,24.34915554566631,24.351203935399894,24.0,1.0,0.722892817659729,0.19942339331004313,0.010427676120387138
66.9,24.351203935399894,24.353191731557533,24.0,1.0,0.7236675385802774,0.19942339331004313,0.010427676120387138
67.0,24.353191731557533,24.355119250815946,24.0,1.0,0.7244322485337505,0.19942339331004313,0.010427676120387138
67.10000000000001,24.355119250815946,24.356986808196083,24.0,1.0,0.7251869478180959,0.19942339331004313,0.010427676120387138
67.2,24.356986808196083,24.358794717071802,24.0,1.0,0.7259316367295561,0.19942339331004313,0.010427676120387138
67.3,24.358794717071802,24.360543289178487,24.0,1.0,0.7266663155626804,0.19942339331004313,0.010427676120387138
67.4,24.360543289178487,24.362232834621636,24.0,1.0,0.727390984610336,0.19942339331004313,0.010427676120387138
67.5,24.362232834621636,24.3638636618854,24.0,1.0,0.7281056441637207,0.19942339331004313,0.010427676120387138
67.60000000000001,24.3638636618854,24.365436077841075,24.0,1.0,0.7288102945123749,0.19942339331004313,0.010427676120387138
67.7,24.365436077841075,24.366950387755544,24.0,1.0,0.7295049359441935,0.19942339331004313,0.010427676120387138
67.8,24.366950387755544,24.36840689529969,24.0,1.0,0.7301895687454366,0.19942339331004313,0.010427676120387138
67.9,24.36840689529969,24.369805902556745,24.0,1.0,0.7308641932007418,0.19942339331004313,0.010427676120387138
68.0,24.369805902556745,24.371147710030616,24.0,1.0,0.7315288095931363,0.19942339331004313,0.010427676120387138
68.10000000000001,24.371147710030616,24.372432616654145,24.0,1.0,0.7321834182040466,0.19942339331004313,0.010427676120387138
68.2,24.372432616654145,24.37366091979734,24.0,1.0,0.732828019313311,0.19942339331004313,0.010427676120387138
68.3,24.37366091979734,24.374832915275565,24.0,1.0,0.7334626131991899,0.19942339331004313,0.010427676120387138
68.4,24.374832915275565,24.37594937515546,24.0,1.0,0.7340872001383768,0.19942339331004313,0.010427676120387138
68.5,24.37594937515546,24.37701106746046,24.0,1.0,0.7347018761882984,0.19942339331004313,0.010427676120387138
68.60000000000001,24.37701106746046,24.37801875619199,24.0,1.0,0.7353067374009408,0.19942339331004313,0.010427676120387138
68.7,24.37801875619199,24.37897320135053,24.0,1.0,0.7359018798228829,0.19942339331004313,0.010427676120387138
68.8,24.37897320135053,24.379875158956576,24.0,1.0,0.7364873994953258,0.19942339331004313,0.010427676120387138
68.9,24.379875158956576,24.380725381071507,24.0,1.0,0.7370633924541234,0.19942339331004313,0.010427676120387138
69.0,24.380725381071507,24.381524615818318,24.0,1.0,0.7376299547298126,0.19942339331004313,0.010427676120387138
69.10000000000001,24.381524615818318,24.38227360740227,24.0,1.0,0.7381871823476439,0.19942339331004313,0.010427676120387138
69.2,24.38227360740227,24.38297309613139,24.0,1.0,0.7387351713276122,0.19942339331004313,0.010427676120387138
69.3,24.38297309613139,24.383623818436927,24.0,1.0,0.7392740176844839,0.19942339331004313,0.010427676120387138
69.4,24.383623818436927,24.384226506893636,24.0,1.0,0.7398038174278292,0.19942339331004313,0.010427676120387138
69.5,24.384226506893636,24.384781890239992,24.0,1.0,0.7403246665620504,0.19942339331004313,0.010427676120387138
69.60000000000001,24.384781890239992,24.385290693398296,24.0,1.0,0.7408366610864099,0.19942339331004313,0.010427676120387138
69.7,24.385290693398296,24.385753637494663,24.0,1.0,0.7413398969950615,0.19942339331004313,0.010427676120387138
69.8,24.385753637494663,24.386171439878904,24.0,1.0,0.7418344702770772,0.19942339331004313,0.010427676120387138
69.9,24.386171439878904,24.38654481414433,24.0,1.0,0.7423204769164757,0.19942339331004313,0.010427676120387138
70.0,24.38654481414433,24.38687447014742,24.0,1.0,0.7427980128922528,0.19942339331004313,0.010427676120387138
70.10000000000001,24.38687447014742,24.38716111402739,24.0,1.0,0.7432671741784082,0.19942339331004313,0.010427676120387138
70.2,24.38716111402739,24.38740544822569,24.0,1.0,0.7437280567439721,0.19942339331004313,0.010427676120387138
70.3,24.38740544822569,24.387608171505356,24.0,1.0,0.7441807565530357,0.19942339331004313,0.010427676120387138
70.4,24.387608171505356,24.387769978970294,24.0,1.0,0.7446253695647773,0.19942339331004313,0.010427676120387138
70.5,24.387769978970294,24.387891562084445,24.0,1.0,0.7450619917334893,0.19942339331004313,0.010427676120387138
70.60000000000001,24.387891562084445,24.38797360869085,24.0,1.0,0.7454907190086072,0.19942339331004313,0.010427676120387138
70.7,24.38797360869085,24.388016803030627,24.0,1.0,0.7459116473347347,0.19942339331004313,0.010427676120387138
70.8,24.388016803030627,24.388021825761836,24.0,1.0,0.746324872651672,0.19942339331004313,0.010427676120387138
70.9,24.388021825761836,24.38798935397825,24.0,1.0,0.746730490894442,0.19942339331004313,0.010427676120387138
71.0,24.38798935397825,24.387920061228023,24.0,1.0,0.7471285979933165,0.19942339331004313,0.010427676120387138
71.10000000000001,24.387920061228023,24.387814617532275,24.0,1.0,0.7475192898738433,0.19942339331004313,0.010427676120387138
71.2,24.387814617532275,24.38767368940356,24.0,1.0,0.7479026624568719,0.19942339331004313,0.010427676120387138
71.3,24.38767368940356,24.38749793986424,24.0,1.0,0.7482788116585803,0.19942339331004313,0.010427676120387138
71.4,24.38749793986424,24.387288028464784,24.0,1.0,0.7486478333904987,0.19942339331004313,0.010427676120387138
71.5,24.387288028464784,24.387044611301942,24.0,1.0,0.7490098235595383,0.19942339331004313,0.010427676120387138
71.60000000000001,24.387044611301942,24.38676834103684,24.0,1.0,0.7493648780680141,0.19942339331004313,0.010427676120387138
71.7,24.38676834103684,24.386459866912983,24.0,1.0,0.7497130928136723,0.19942339331004313,0.010427676120387138
71.8,24.386459866912983,24.386119834774146,24.0,1.0,0.7500545636897137,0.19942339331004313,0.010427676120387138
71.9,24.386119834774146,24.38574888708219,24.0,1.0,0.7503893865848206,0.19942339331004313,0.010427676120387138
72.0,24.38574888708219,24.38534766293478,24.0,1.0,0.7507176573831795,0.19942339331004313,0.010427676120387138
72.10000000000001,24.38534766293478,24.384916798083,24.0,1.0,0.7510394719645084,0.19942339331004313,0.010427676120387138
72.2,24.384916798083,24.38445692494889,24.0,1.0,0.7513549262040791,0.19942339331004313,0.010427676120387138
72.3,24.38445692494889,24.383968672642865,24.0,1.0,0.7516641159727431,0.19942339331004313,0.010427676120387138
72.4,24.383968672642865,24.383452666981096,24.0,1.0,0.7519671371369537,0.19942339331004313,0.010427676120387138
72.5,24.383452666981096,24.38290953050273,24.0,1.0,0.7522640855587943,0.19942339331004313,0.010427676120387138
72.60000000000001,24.38290953050273,24.382339877913793,24.0,1.0,0.7525550570959971,0.19942339331004313,0.010427676120387138
72.7,24.382339877913793,24.3817443161283,24.0,1.0,0.752840146685183,0.19942339331004313,0.010427676120387138
72.8,24.3817443161283,24.381123444309143,24.0,1.0,0.7531194483419329,0.19942339331004313,0.010427676120387138
72.9,24.381123444309143,24.380477853908772,24.0,1.0,0.7533930551608599,0.19942339331004313,0.010427676120387138
73.0,24.380477853908772,24.379808128709676,24.0,1.0,0.7536610593156836,0.19942339331004313,0.010427676120387138
73.10000000000001,24.379808128709676,24.37911484486462,24.0,1.0,0.7539235520593022,0.19942339331004313,0.010427676120387138
73.2,24.37911484486462,24.3783985709367,24.0,1.0,0.754180623723862,0.19942339331004313,0.010427676120387138
73.3,24.3783985709367,24.37765986793917,24.0,1.0,0.7544323637208309,0.19942339331004313,0.010427676120387138
73.4,24.37765986793917,24.37689928937507,24.0,1.0,0.7546788605410689,0.19942339331004313,0.010427676120387138
73.5,24.37689928937507,24.376117381276647,24.0,1.0,0.7549202017548984,0.19942339331004313,0.010427676120387138
73.60000000000001,24.376117381276647,24.375314682244547,24.0,1.0,0.7551564740121739,0.19942339331004313,0.010427676120387138
73.7,24.375314682244547,24.374491723486837,24.0,1.0,0.7553877630423531,0.19942339331004313,0.010427676120387138
73.8,24.374491723486837,24.373649028857788,24.0,1.0,0.7556141536545652,0.19942339331004313,0.010427676120387138
73.9,24.373649028857788,24.372787114896482,24.0,1.0,0.7558357297376785,0.19942339331004313,0.010427676120387138
74.0,24.372787114896482,24.371906490865197,24.0,1.0,0.7560525742603732,0.19942339331004313,0.010427676120387138
74.10000000000001,24.371906490865197,24.371007658787594,24.0,1.0,0.756264769271205,0.19942339331004313,0.010427676120387138
74.2,24.371007658787594,24.37009111348672,24.0,1.0,0.7564723958986757,0.19942339331004313,0.010427676120387138
74.3,24.37009111348672,24.36915734262278,24.0,1.0,0.7566755343513001,0.19942339331004313,0.010427676120387138
74.4,24.36915734262278,24.36820682673075,24.0,1.0,0.7568742639176728,0.19942339331004313,0.010427676120387138
74.5,24.36820682673075,24.36724003925775,24.0,1.0,0.7570686629665349,0.19942339331004313,0.010427676120387138
74.60000000000001,24.36724003925775,24.36625744660026,24.0,1.0,0.757258808946842,0.19942339331004313,0.010427676120387138
74.7,24.36625744660026,24.36525950814112,24.0,1.0,0.7574447783878266,0.19942339331004313,0.010427676120387138
74.8,24.36525950814112,24.364246676286317,24.0,1.0,0.7576266468990684,0.19942339331004313,0.010427676120387138
74.9,24.364246676286317,24.363219396501634,24.0,1.0,0.7578044891705555,0.19942339331004313,0.010427676120387138
75.0,24.363219396501634,24.362178107349052,24.0,1.0,0.7579783789727514,0.19942339331004313,0.010427676120387138
75.10000000000001,24.362178107349052,24.361123240522986,24.0,1.0,0.7581483891566596,0.19942339331004313,0.010427676120387138
75.2,24.361123240522986,24.360055220886327,24.0,1.0,0.758314591653887,0.19942339331004313,0.010427676120387138
75.3,24.360055220886327,24.3589744665063,24.0,1.0,0.7584770574767086,0.19942339331004313,0.010427676120387138
75.4,24.3589744665063,24.357881388690117,24.0,1.0,0.7586358567181305,0.19942339331004313,0.010427676120387138
75.5,24.357881388690117,24.356776392020468,24.0,1.0,0.7587910585519528,0.19942339331004313,0.010427676120387138
75.60000000000001,24.356776392020468,24.3556598743908,24.0,1.0,0.7589427312328341,0.19942339331004313,0.010427676120387138
75.7,24.3556598743908,24.354532227040423,24.0,1.0,0.7590909420963515,0.19942339331004313,0.010427676120387138
75.8,24.354532227040423,24.353393834589443,24.0,1.0,0.759235757559064,0.19942339331004313,0.010427676120387138
75.9,24.353393834589443,24.35224507507349,24.0,1.0,0.7593772431185754,0.19942339331004313,0.010427676120387138
76.0,24.35224507507349,24.351086319978275,24.0,1.0,0.7595154633535935,0.19942339331004313,0.010427676120387138
76.10000000000001,24.351086319978275,24.349917934273964,24.0,1.0,0.7596504819239938,0.19942339331004313,0.010427676120387138
76.2,24.349917934273964,24.348740276449373,24.0,1.0,0.7597823615708775,0.19942339331004313,0.010427676120387138
76.3,24.348740276449373,24.347553698545987,24.0,1.0,0.7599111641166342,0.19942339331004313,0.010427676120387138
76.4,24.347553698545987,24.34635854619178,24.0,1.0,0.7600369504650022,0.19942339331004313,0.010427676120387138
76.5,24.34635854619178,24.345155158634896,24.0,1.0,0.7601597806011254,0.19942339331004313,0.010427676120387138
76.60000000000001,24.345155158634896,24.343943868777107,24.0,1.0,0.760279713591617,0.19942339331004313,0.010427676120387138
76.7,24.343943868777107,24.342725003207136,24.0,1.0,0.7603968075846147,0.19942339331004313,0.010427676120387138
76.80000000000001,24.342725003207136,24.341498882277556,24.0,1.0,0.7605111198098425,0.19942339331004313,0.010427676120387138
76.9,24.341498882277556,24.340265820181283,24.0,1.0,0.7606227065874437,0.19942339331004313,0.010427676120387138
77.0,24.340265820181283,24.339026125027683,24.0,1.0,0.760731623336812,0.19942339331004313,0.010427676120387138
77.10000000000001,24.339026125027683,24.337780098918262,24.0,1.0,0.7608379245854249,0.19942339331004313,0.010427676120387138
77.2,24.337780098918262,24.336528038021974,24.0,1.0,0.7609416639776744,0.19942339331004313,0.010427676120387138
77.30000000000001,24.336528038021974,24.33527023265011,24.0,1.0,0.761042894283698,0.19942339331004313,0.010427676120387138
77.4,24.33527023265011,24.334006967330815,24.0,1.0,0.7611416674082055,0.19942339331004313,0.010427676120387138
77.5,24.334006967330815,24.332738520883204,24.0,1.0,0.7612380343993086,0.19942339331004313,0.010427676120387138
77.60000000000001,24.332738520883204,24.331465166491093,24.0,1.0,0.7613320454573487,0.19942339331004313,0.010427676120387138
77.7,24.331465166491093,24.330187171776323,24.0,1.0,0.7614237499437235,0.19942339331004313,0.010427676120387138
77.80000000000001,24.330187171776323,24.328904798871733,24.0,1.0,0.7615131963897108,0.19942339331004313,0.010427676120387138
77.9,24.328904798871733,24.32761830449371,24.0,1.0,0.7616004325052962,0.19942339331004313,0.010427676120387138
78.0,24.32761830449371,24.326327940014394,24.0,1.0,0.7616855051879939,0.19942339331004313,0.010427676120387138
78.10000000000001,24.326327940014394,24.325033951533474,24.0,1.0,0.7617684605316721,0.19942339331004313,0.010427676120387138
78.2,24.325033951533474,24.323736579949617,24.0,1.0,0.7618493438353748,0.19942339331004313,0.010427676120387138
78.30000000000001,24.323736579949617,24.32243606103153,24.0,1.0,0.7619281996121419,0.19942339331004313,0.010427676120387138
78.4,24.32243606103153,24.32113262548864,24.0,1.0,0.7620050715978304,0.19942339331004313,0.010427676120387138
78.5,24.32113262548864,24.319826499041397,24.0,1.0,0.7620800027599347,0.19942339331004313,0.010427676120387138
78.60000000000001,24.319826499041397,24.318517902491212,24.0,1.0,0.7621530353064055,0.19942339331004313,0.010427676120387138
78.7,24.318517902491212,24.317207051790035,24.0,1.0,0.7622242106944661,0.19942339331004313,0.010427676120387138
78.80000000000001,24.317207051790035,24.315894158109554,24.0,1.0,0.7622935696394315,0.19942339331004313,0.010427676120387138
78.9,24.315894158109554,24.31457942791004,24.0,1.0,0.7623611521235234,0.19942339331004313,0.010427676120387138
79.0,24.31457942791004,24.31326306300882,24.0,1.0,0.7624269974046874,0.19942339331004313,0.010427676120387138
79.10000000000001,24.31326306300882,24.3119452606484,24.0,1.0,0.7624911440254052,0.19942339331004313,0.010427676120387138
79.2,24.3119452606484,24.310626213564227,24.0,1.0,0.7625536298215118,0.19942339331004313,0.010427676120387138
79.30000000000001,24.310626213564227,24.30930611005208,24.0,1.0,0.7626144919310052,0.19942339331004313,0.010427676120387138
79.4,24.30930611005208,24.30798513403514,24.0,1.0,0.7626737668028604,0.19942339331004313,0.010427676120387138
79.5,24.30798513403514,24.306663465130665,24.0,1.0,0.762731490205842,0.19942339331004313,0.010427676120387138
79.60000000000001,24.306663465130665,24.30534127871635,24.0,1.0,0.7627876972373132,0.19942339331004313,0.010427676120387138
79.7,24.30534127871635,24.30401874599632,24.0,1.0,0.7628424223320462,0.19942339331004313,0.010427676120387138
79.80000000000001,24.30401874599632,24.302696034066773,24.0,1.0,0.7628956992710315,0.19942339331004313,0.010427676120387138
79.9,24.302696034066773,24.301373305981294,24.0,1.0,0.7629475611902871,0.19942339331004313,0.010427676120387138
80.0,24.301373305981294,24.300050720815804,24.0,1.0,0.7629980405896645,0.19942339331004313,0.010427676120387138
80.10000000000001,24.300050720815804,24.29872843373319,24.0,1.0,0.7630471693416566,0.19942339331004313,0.010427676120387138
80.2,24.29872843373319,24.297406596047573,24.0,1.0,0.7630949787002034,0.19942339331004313,0.010427676120387138
80.30000000000001,24.297406596047573,24.296085355288263,24.0,1.0,0.7631414993094978,0.19942339331004313,0.010427676120387138
80.4,24.296085355288263,24.29476485526335,24.0,1.0,0.7631867612127903,0.19942339331004313,0.010427676120387138
80.5,24.29476485526335,24.29344523612297,24.0,1.0,0.7632307938611919,0.19942339331004313,0.010427676120387138
80.60000000000001,24.29344523612297,24.292126634422264,24.0,1.0,0.7632736261224768,0.19942339331004313,0.010427676120387138
80.7,24.292126634422264,24.29080918318396,24.0,1.0,0.7633152862898869,0.19942339331004313,0.010427676120387138
80.80000000000001,24.29080918318396,24.289493011960666,24.0,1.0,0.7633558020909315,0.19942339331004313,0.010427676120387138
80.9,24.289493011960666,24.288178246896802,24.0,1.0,0.7633952006961893,0.19942339331004313,0.010427676120387138
81.0,24.288178246896802,24.286865010789825,24.0,1.0,0.7634335087281061,0.19942339331004313,0.010427676120387138
81.10000000000001,24.286865010789825,24.285553423150677,24.0,1.0,0.7634707522697142,0.19942339331004313,0.010427676120387138
81.2,24.285553423150677,24.284243600263512,24.0,1.0,0.7635069568732603,0.19942339331004313,0.010427676120387138
81.30000000000001,24.284243600263512,24.282935655244696,24.0,1.0,0.7635421475687507,0.19942339331004313,0.010427676120387138
81.4,24.282935655244696,24.281629698101064,24.0,1.0,0.7635763488724155,0.19942339331004313,0.010427676120387138
81.5,24.281629698101064,24.280325835787465,24.0,1.0,0.763609584795083,0.19942339331004313,0.010427676120387138
81.60000000000001,24.280325835787465,24.279024172263572,24.0,1.0,0.763641878850473,0.19942339331004313,0.010427676120387138
81.7,24.279024172263572,24.27772480854998,24.0,1.0,0.7636732540634026,0.19942339331004313,0.010427676120387138
81.80000000000001,24.27772480854998,24.276427842783598,24.0,1.0,0.7637037329779096,0.19942339331004313,0.010427676120387138
81.9,24.276427842783598,24.275133370272318,24.0,1.0,0.7637333376652912,0.19942339331004313,0.010427676120387138
82.0,24.275133370272318,24.27384148354899,24.0,1.0,0.7637620897320562,0.19942339331004313,0.010427676120387138
82.10000000000001,24.27384148354899,24.272552272424672,24.0,1.0,0.7637900103277951,0.19942339331004313,0.010427676120387138
82.2,24.272552272424672,24.27126582404122,24.0,1.0,0.763817120152963,0.19942339331004313,0.010427676120387138
82.30000000000001,24.27126582404122,24.269982222923133,24.0,1.0,0.7638434394665796,0.19942339331004313,0.010427676120387138
82.4,24.269982222923133,24.268701551028748,24.0,1.0,0.7638689880938447,0.19942339331004313,0.010427676120387138
82.5,24.268701551028748,24.26742388780073,24.0,1.0,0.7638937854336671,0.19942339331004313,0.010427676120387138
82.60000000000001,24.26742388780073,24.26614931021588,24.0,1.0,0.7639178504661127,0.19942339331004313,0.010427676120387138
82.7,24.26614931021588,24.264877892834242,24.0,1.0,0.7639412017597643,0.19942339331004313,0.010427676120387138
82.80000000000001,24.264877892834242,24.263609707847582,24.0,1.0,0.7639638574789974,0.19942339331004313,0.010427676120387138
82.9,24.263609707847582,24.26234482512714,24.0,1.0,0.7639858353911753,0.19942339331004313,0.010427676120387138
83.0,24.26234482512714,24.261083312270745,24.0,1.0,0.7640071528737541,0.19942339331004313,0.010427676120387138
83.10000000000001,24.261083312270745,24.259825234649252,24.0,1.0,0.7640278269213072,0.19942339331004313,0.010427676120387138
83.2,24.259825234649252,24.25857065545231,24.0,1.0,0.7640478741524641,0.19942339331004313,0.010427676120387138
83.30000000000001,24.25857065545231,24.25731963573349,24.0,1.0,0.764067310816763,0.19942339331004313,0.010427676120387138
83.4,24.25731963573349,24.256072234454734,24.0,1.0,0.764086152801423,0.19942339331004313,0.010427676120387138
83.5,24.256072234454734,24.254828508530167,24.0,1.0,0.7641044156380258,0.19942339331004313,0.010427676120387138
83.60000000000001,24.254828508530167,24.253588512869253,24.0,1.0,0.7641221145091203,0.19942339331004313,0.010427676120387138
83.7,24.253588512869253,24.25235230041931,24.0,1.0,0.7641392642547362,0.19942339331004313,0.010427676120387138
83.80000000000001,24.25235230041931,24.251119922207376,24.0,1.0,0.7641558793788172,0.19942339331004313,0.010427676120387138
83.9,24.251119922207376,24.24989142738144,24.0,1.0,0.7641719740555675,0.19942339331004313,0.010427676120387138
84.0,24.24989142738144,24.248666863251035,24.0,1.0,0.7641875621357146,0.19942339331004313,0.010427676120387138
84.10000000000001,24.248666863251035,24.24744627532721,24.0,1.0,0.7642026571526892,0.19942339331004313,0.010427676120387138
84.2,24.24744627532721,24.246229707361852,24.0,1.0,0.7642172723287176,0.19942339331004313,0.010427676120387138
84.30000000000001,24.246229707361852,24.245017201386403,24.0,1.0,0.7642314205808324,0.19942339331004313,0.010427676120387138
84.4,24.245017201386403,24.243808797749946,24.0,1.0,0.7642451145267978,0.19942339331004313,0.010427676120387138
84.5,24.243808797749946,24.24260453515666,24.0,1.0,0.7642583664909509,0.19942339331004313,0.010427676120387138
84.60000000000001,24.24260453515666,24.241404450702685,24.0,1.0,0.7642711885099563,0.19942339331004313,0.010427676120387138
84.7,24.241404450702685,24.24020857991236,24.0,1.0,0.7642835923384811,0.19942339331004313,0.010427676120387138
84.80000000000001,24.24020857991236,24.23901695677384,24.0,1.0,0.7642955894547803,0.19942339331004313,0.010427676120387138
84.9,24.23901695677384,24.237829613774128,24.0,1.0,0.7643071910662015,0.19942339331004313,0.010427676120387138
85.0,24.237829613774128,24.236646581933506,24.0,1.0,0.7643184081146037,0.19942339331004313,0.010427676120387138
85.10000000000001,24.236646581933506,24.23546789083933,24.0,1.0,0.764329251281693,0.19942339331004313,0.010427676120387138
85.2,24.23546789083933,24.234293568679284,24.0,1.0,0.7643397309942707,0.19942339331004313,0.010427676120387138
85.30000000000001,24.234293568679284,24.23312364227401,24.0,1.0,0.7643498574294025,0.19942339331004313,0.010427676120387138
85.4,24.23312364227401,24.231958137109167,24.0,1.0,0.7643596405195034,0.19942339331004313,0.010427676120387138
85.5,24.231958137109167,24.23079707736694,24.0,1.0,0.7643690899573365,0.19942339331004313,0.010427676120387138
85.60000000000001,24.23079707736694,24.22964048595696,24.0,1.0,0.7643782152009374,0.19942339331004313,0.010427676120387138
85.7,24.22964048595696,24.228488384546676,24.0,1.0,0.7643870254784546,0.19942339331004313,0.010427676120387138
85.80000000000001,24.228488384546676,24.227340793591175,24.0,1.0,0.7643955297929108,0.19942339331004313,0.010427676120387138
85.9,24.227340793591175,24.226197732362472,24.0,1.0,0.764403736926885,0.19942339331004313,0.010427676120387138
86.0,24.226197732362472,24.225059218978235,24.0,1.0,0.7644116554471201,0.19942339331004313,0.010427676120387138
86.10000000000001,24.225059218978235,24.223925270430005,24.0,1.0,0.7644192937090478,0.19942339331004313,0.010427676120387138
86.2,24.223925270430005,24.222795902610894,24.0,1.0,0.7644266598612424,0.19942339331004313,0.010427676120387138
86.30000000000001,24.222795902610894,24.22167113034274,24.0,1.0,0.7644337618497977,0.19942339331004313,0.010427676120387138
86.4,24.22167113034274,24.220550967402794,24.0,1.0,0.7644406074226271,0.19942339331004313,0.010427676120387138
86.5,24.220550967402794,24.219435426549854,24.0,1.0,0.7644472041336939,0.19942339331004313,0.010427676120387138
86.60000000000001,24.219435426549854,24.218324519549956,24.0,1.0,0.7644535593471649,0.19942339331004313,0.010427676120387138
86.7,24.218324519549956,24.217218257201534,24.0,1.0,0.7644596802414939,0.19942339331004313,0.010427676120387138
86.80000000000001,24.217218257201534,24.216116649360117,24.0,1.0,0.7644655738134336,0.19942339331004313,0.010427676120387138
86.9,24.216116649360117,24.215019704962547,24.0,1.0,0.7644712468819764,0.19942339331004313,0.010427676120387138
87.0,24.215019704962547,24.21392743205073,24.0,1.0,0.7644767060922255,0.19942339331004313,0.010427676120387138
87.10000000000001,24.21392743205073,24.212839837794913,24.0,1.0,0.7644819579191997,0.19942339331004313,0.010427676120387138
87.2,24.212839837794913,24.211756928516518,24.0,1.0,0.7644870086715642,0.19942339331004313,0.010427676120387138
87.30000000000001,24.211756928516518,24.21067870971051,24.0,1.0,0.7644918644953014,0.19942339331004313,0.010427676120387138
87.4,24.21067870971051,24.20960518606734,24.0,1.0,0.7644965313773089,0.19942339331004313,0.010427676120387138
87.5,24.20960518606734,24.20853636149443,24.0,1.0,0.7645010151489355,0.19942339331004313,0.010427676120387138
87.60000000000001,24.20853636149443,24.207472239137257,24.0,1.0,0.7645053214894518,0.19942339331004313,0.010427676120387138
87.7,24.207472239137257,24.20641282139996,24.0,1.0,0.7645094559294565,0.19942339331004313,0.010427676120387138
87.80000000000001,24.20641282139996,24.20535810996559,24.0,1.0,0.7645134238542176,0.19942339331004313,0.010427676120387138
87.9,24.20535810996559,24.204308105815905,24.0,1.0,0.7645172305069542,0.19942339331004313,0.010427676120387138
88.0,24.204308105815905,24.203262809250763,24.0,1.0,0.7645208809920558,0.19942339331004313,0.010427676120387138
88.10000000000001,24.203262809250763,24.202222219907146,24.0,1.0,0.7645243802782387,0.19942339331004313,0.010427676120387138
88.2,24.202222219907146,24.201186336777745,24.0,1.0,0.764527733201646,0.19942339331004313,0.010427676120387138
88.30000000000001,24.201186336777745,24.20015515822919,24.0,1.0,0.7645309444688849,0.19942339331004313,0.010427676120387138
88.4,24.20015515822919,24.199128682019882,24.0,1.0,0.7645340186600075,0.19942339331004313,0.010427676120387138
88.5,24.199128682019882,24.198106905317463,24.0,1.0,0.7645369602314336,0.19942339331004313,0.010427676120387138
88.60000000000001,24.198106905317463,24.197089824715892,24.0,1.0,0.7645397735188182,0.19942339331004313,0.010427676120387138
88.7,24.197089824715892,24.19607743625219,24.0,1.0,0.7645424627398593,0.19942339331004313,0.010427676120387138
88.80000000000001,24.19607743625219,24.195069735422795,24.0,1.0,0.764545031997055,0.19942339331004313,0.010427676120387138
88.9,24.195069735422795,24.194066717199586,24.0,1.0,0.7645474852804037,0.19942339331004313,0.010427676120387138
89.0,24.194066717199586,24.193068376045552,24.0,1.0,0.7645498264700501,0.19942339331004313,0.010427676120387138
89.10000000000001,24.193068376045552,24.19207470593012,24.0,1.0,0.7645520593388807,0.19942339331004313,0.010427676120387138
89.2,24.19207470593012,24.191085700344157,24.0,1.0,0.7645541875550664,0.19942339331004313,0.010427676120387138
89.30000000000001,24.191085700344157,24.190101352314624,24.0,1.0,0.7645562146845535,0.19942339331004313,0.010427676120387138
89.4,24.190101352314624,24.189121654418937,24.0,1.0,0.7645581441935044,0.19942339331004313,0.010427676120387138
89.5,24.189121654418937,24.18814659879898,24.0,1.0,0.7645599794506911,0.19942339331004313,0.010427676120387138
89.60000000000001,24.18814659879898,24.18717617717482,24.0,1.0,0.764561723729836,0.19942339331004313,0.010427676120387138
89.7,24.18717617717482,24.186210380858117,24.0,1.0,0.7645633802119076,0.19942339331004313,0.010427676120387138
89.80000000000001,24.186210380858117,24.18524920076523,24.0,1.0,0.7645649519873687,0.19942339331004313,0.010427676120387138
89.9,24.18524920076523,24.184292627430036,24.0,1.0,0.7645664420583773,0.19942339331004313,0.010427676120387138
90.0,24.184292627430036,24.18334065101643,24.0,1.0,0.7645678533409445,0.19942339331004313,0.010427676120387138
90.10000000000001,24.18334065101643,24.182393261330574,24.0,1.0,0.7645691886670419,0.19942339331004313,0.010427676120387138
90.2,24.182393261330574,24.181450447832855,24.0,1.0,0.7645704507866714,0.19942339331004313,0.010427676120387138
90.30000000000001,24.181450447832855,24.18051219964956,24.0,1.0,0.7645716423698877,0.19942339331004313,0.010427676120387138
90.4,24.18051219964956,24.179578505584278,24.0,1.0,0.7645727660087804,0.19942339331004313,0.010427676120387138
90.5,24.179578505584278,24.17864935412906,24.0,1.0,0.7645738242194101,0.19942339331004313,0.010427676120387138
90.60000000000001,24.17864935412906,24.177724733475298,24.0,1.0,0.7645748194437091,0.19942339331004313,0.010427676120387138
90.7,24.177724733475298,24.176804631524355,24.0,1.0,0.7645757540513375,0.19942339331004313,0.010427676120387138
90.80000000000001,24.176804631524355,24.175889035897942,24.0,1.0,0.7645766303415014,0.19942339331004313,0.010427676120387138
90.9,24.175889035897942,24.174977933948252,24.0,1.0,0.7645774505447293,0.19942339331004313,0.010427676120387138
91.0,24.174977933948252,24.174071312767865,24.0,1.0,0.7645782168246134,0.19942339331004313,0.010427676120387138
91.10000000000001,24.174071312767865,24.173169159199386,24.0,1.0,0.7645789312795132,0.19942339331004313,0.010427676120387138
91.2,24.173169159199386,24.172271459844882,24.0,1.0,0.7645795959442174,0.19942339331004313,0.010427676120387138
91.30000000000001,24.172271459844882,24.17137820107508,24.0,1.0,0.7645802127915751,0.19942339331004313,0.010427676120387138
91.4,24.17137820107508,24.17048936903833,24.0,1.0,0.7645807837340874,0.19942339331004313,0.010427676120387138
91.5,24.17048936903833,24.169604949669374,24.0,1.0,0.764581310625466,0.19942339331004313,0.010427676120387138
91.60000000000001,24.169604949669374,24.16872492869788,24.0,1.0,0.7645817952621566,0.19942339331004313,0.010427676120387138
91.7,24.16872492869788,24.167849291656776,24.0,1.0,0.7645822393848272,0.19942339331004313,0.010427676120387138
91.80000000000001,24.167849291656776,24.166978023890362,24.0,1.0,0.7645826446798253,0.19942339331004313,0.010427676120387138
91.9,24.166978023890362,24.16611111056225,24.0,1.0,0.7645830127806006,0.19942339331004313,0.010427676120387138
92.0,24.16611111056225,24.16524853666309,24.0,1.0,0.7645833452690973,0.19942339331004313,0.010427676120387138
92.10000000000001,24.16524853666309,24.164390287018072,24.0,1.0,0.7645836436771147,0.19942339331004313,0.010427676120387138
92.2,24.164390287018072,24.163536346294304,24.0,1.0,0.7645839094876344,0.19942339331004313,0.010427676120387138
92.30000000000001,24.163536346294304,24.162686699007946,24.0,1.0,0.7645841441361219,0.19942339331004313,0.010427676120387138
92.4,24.162686699007946,24.161841329531182,24.0,1.0,0.7645843490117945,0.19942339331004313,0.010427676120387138
92.5,24.161841329531182,24.161000222099016,24.0,1.0,0.7645845254588619,0.19942339331004313,0.010427676120387138
92.60000000000001,24.161000222099016,24.1601633608159,24.0,1.0,0.7645846747777371,0.19942339331004313,0.010427676120387138
92.7,24.1601633608159,24.159330729662166,24.0,1.0,0.7645847982262225,0.19942339331004313,0.010427676120387138
92.80000000000001,24.159330729662166,24.15850231250031,24.0,1.0,0.7645848970206632,0.19942339331004313,0.010427676120387138
92.9,24.15850231250031,24.157678093081117,24.0,1.0,0.7645849723370783,0.19942339331004313,0.010427676120387138
93.0,24.157678093081117,24.1568580550496,24.0,1.0,0.7645850253122637,0.19942339331004313,0.010427676120387138
93.10000000000001,24.1568580550496,24.156042181950806,24.0,1.0,0.7645850570448685,0.19942339331004313,0.010427676120387138
93.2,24.156042181950806,24.155230457235454,24.0,1.0,0.7645850685964467,0.19942339331004313,0.010427676120387138
93.30000000000001,24.155230457235454,24.154422864265438,24.0,1.0,0.7645850609924847,0.19942339331004313,0.010427676120387138
93.4,24.154422864265438,24.15361938631915,24.0,1.0,0.7645850352234049,0.19942339331004313,0.010427676120387138
93.5,24.15361938631915,24.1528200065967,24.0,1.0,0.7645849922455412,0.19942339331004313,0.010427676120387138
93.60000000000001,24.1528200065967,24.15202470822496,24.0,1.0,0.7645849329820973,0.19942339331004313,0.010427676120387138
93.7,24.15202470822496,24.1512334742625,24.0,1.0,0.7645848583240781,0.19942339331004313,0.010427676120387138
93.80000000000001,24.1512334742625,24.150446287704355,24.0,1.0,0.7645847691311992,0.19942339331004313,0.010427676120387138
93.9,24.150446287704355,24.14966313148669,24.0,1.0,0.7645846662327753,0.19942339331004313,0.010427676120387138
94.0,24.14966313148669,24.14888398849132,24.0,1.0,0.7645845504285873,0.19942339331004313,0.010427676120387138
94.10000000000001,24.14888398849132,24.148108841550105,24.0,1.0,0.7645844224897268,0.19942339331004313,0.010427676120387138
94.2,24.148108841550105,24.147337673449226,24.0,1.0,0.7645842831594207,0.19942339331004313,0.010427676120387138
94.30000000000001,24.147337673449226,24.14657046693333,24.0,1.0,0.7645841331538369,0.19942339331004313,0.010427676120387138
94.4,24.14657046693333,24.145807204709577,24.0,1.0,0.7645839731628667,0.19942339331004313,0.010427676120387138
94.5,24.145807204709577,24.145047869451542,24.0,1.0,0.7645838038508936,0.19942339331004313,0.010427676120387138
94.60000000000001,24.145047869451542,24.144292443803035,24.0,1.0,0.7645836258575357,0.19942339331004313,0.010427676120387138
94.7,24.144292443803035,24.143540910381788,24.0,1.0,0.7645834397983768,0.19942339331004313,0.010427676120387138
94.80000000000001,24.143540910381788,24.142793251783036,24.0,1.0,0.7645832462656744,0.19942339331004313,0.010427676120387138
94.9,24.142793251783036,24.142049450583016,24.0,1.0,0.764583045829051,0.19942339331004313,0.010427676120387138
95.0,24.142049450583016,24.14130948934233,24.0,1.0,0.7645828390361709,0.19942339331004313,0.010427676120387138
95.10000000000001,24.14130948934233,24.140573350609223,24.0,1.0,0.7645826264133951,0.19942339331004313,0.010427676120387138
95.2,24.140573350609223,24.13984101692277,24.0,1.0,0.7645824084664231,0.19942339331004313,0.010427676120387138
95.30000000000001,24.13984101692277,24.139112470815952,24.0,1.0,0.7645821856809168,0.19942339331004313,0.010427676120387138
95.4,24.139112470815952,24.13838769481865,24.0,1.0,0.7645819585231102,0.19942339331004313,0.010427676120387138
95.5,24.13838769481865,24.137666671460543,24.0,1.0,0.7645817274404001,0.19942339331004313,0.010427676120387138
95.60000000000001,24.137666671460543,24.13694938327391,24.0,1.0,0.7645814928619268,0.19942339331004313,0.010427676120387138
95.7,24.13694938327391,24.13623581279636,24.0,1.0,0.7645812551991342,0.19942339331004313,0.010427676120387138
95.80000000000001,24.13623581279636,24.135525942573455,24.0,1.0,0.764581014846319,0.19942339331004313,0.010427676120387138
95.9,24.135525942573455,24.134819755161274,24.0,1.0,0.7645807721811639,0.19942339331004313,0.010427676120387138
96.0,24.134819755161274,24.13411723312888,24.0,1.0,0.7645805275652592,0.19942339331004313,0.010427676120387138
96.10000000000001,24.13411723312888,24.133418359060702,24.0,1.0,0.764580281344607,0.19942339331004313,0.010427676120387138
96.2,24.133418359060702,24.132723115558868,24.0,1.0,0.7645800338501144,0.19942339331004313,0.010427676120387138
96.30000000000001,24.132723115558868,24.132031485245427,24.0,1.0,0.7645797853980756,0.19942339331004313,0.010427676120387138
96.4,24.132031485245427,24.131343450764522,24.0,1.0,0.7645795362906365,0.19942339331004313,0.010427676120387138
96.5,24.131343450764522,24.130658994784483,24.0,1.0,0.7645792868162506,0.19942339331004313,0.010427676120387138
96.60000000000001,24.130658994784483,24.129978099999843,24.0,1.0,0.7645790372501226,0.19942339331004313,0.010427676120387138
96.7,24.129978099999843,24.1293007491333,24.0,1.0,0.7645787878546367,0.19942339331004313,0.010427676120387138
96.80000000000001,24.1293007491333,24.128626924937603,24.0,1.0,0.7645785388797779,0.19942339331004313,0.010427676120387138
96.9,24.128626924937603,24.12795661019737,24.0,1.0,0.7645782905635385,0.19942339331004313,0.010427676120387138
97.0,24.12795661019737,24.127289787730856,24.0,1.0,0.7645780431323155,0.19942339331004313,0.010427676120387138
97.10000000000001,24.127289787730856,24.12662644039164,24.0,1.0,0.7645777968012971,0.19942339331004313,0.010427676120387138
97.2,24.12662644039164,24.12596655107027,24.0,1.0,0.7645775517748356,0.19942339331004313,0.010427676120387138
97.30000000000001,24.12596655107027,24.125310102695842,24.0,1.0,0.7645773082468154,0.19942339331004313,0.010427676120387138
97.4,24.125310102695842,24.124657078237508,24.0,1.0,0.7645770664010064,0.19942339331004313,0.010427676120387138
97.5,24.124657078237508,24.12400746070596,24.0,1.0,0.7645768264114085,0.19942339331004313,0.010427676120387138
97.60000000000001,24.12400746070596,24.12336123315483,24.0,1.0,0.764576588442589,0.19942339331004313,0.010427676120387138
97.7,24.12336123315483,24.122718378682052,24.0,1.0,0.7645763526500072,0.19942339331004313,0.010427676120387138
97.80000000000001,24.122718378682052,24.122078880431157,24.0,1.0,0.7645761191803326,0.19942339331004313,0.010427676120387138
97.9,24.122078880431157,24.12144272159255,24.0,1.0,0.764575888171751,0.19942339331004313,0.010427676120387138
98.0,24.12144272159255,24.1208098854047,24.0,1.0,0.7645756597542666,0.19942339331004313,0.010427676120387138
98.10000000000001,24.1208098854047,24.120180355155306,24.0,1.0,0.7645754340499901,0.19942339331004313,0.010427676120387138
98.2,24.120180355155306,24.119554114182403,24.0,1.0,0.7645752111734236,0.19942339331004313,0.010427676120387138
98.30000000000001,24.119554114182403,24.118931145875447,24.0,1.0,0.764574991231733,0.19942339331004313,0.010427676120387138
98.4,24.118931145875447,24.118311433676322,24.0,1.0,0.7645747743250167,0.19942339331004313,0.010427676120387138
98.5,24.118311433676322,24.117694961080325,24.0,1.0,0.7645745605465631,0.19942339331004313,0.010427676120387138
98.60000000000001,24.117694961080325,24.117081711637113,24.0,1.0,0.7645743499831015,0.19942339331004313,0.010427676120387138
98.7,24.117081711637113,24.11647166895159,24.0,1.0,0.7645741427150479,0.19942339331004313,0.010427676120387138
98.80000000000001,24.11647166895159,24.115864816684777,24.0,1.0,0.7645739388167399,0.19942339331004313,0.010427676120387138
98.9,24.115864816684777,24.11526113855463,24.0,1.0,0.7645737383566678,0.19942339331004313,0.010427676120387138
99.0,24.11526113855463,24.114660618336817,24.0,1.0,0.7645735413976982,0.19942339331004313,0.010427676120387138
99.10000000000001,24.114660618336817,24.114063239865477,24.0,1.0,0.7645733479972887,0.19942339331004313,0.010427676120387138
99.2,24.114063239865477,24.11346898703392,24.0,1.0,0.7645731582076994,0.19942339331004313,0.010427676120387138
99.30000000000001,24.11346898703392,24.112877843795317,24.0,1.0,0.7645729720761959,0.19942339331004313,0.010427676120387138
99.4,24.112877843795317,24.11228979416334,24.0,1.0,0.7645727896452482,0.19942339331004313,0.010427676120387138
99.5,24.11228979416334,24.11170482221276,24.0,1.0,0.7645726109527202,0.19942339331004313,0.010427676120387138
99.60000000000001,24.11170482221276,24.11112291208006,24.0,1.0,0.764572436032057,0.19942339331004313,0.010427676120387138
99.7,24.11112291208006,24.11054404796395,24.0,1.0,0.7645722649124647,0.19942339331004313,0.010427676120387138
99.80000000000001,24.11054404796395,24.109968214125907,24.0,1.0,0.7645720976190848,0.19942339331004313,0.010427676120387138
99.9,24.109968214125907,24.10939539489067,24.0,1.0,0.764571934173164,0.19942339331004313,0.010427676120387138
100.0,24.10939539489067,24.108825574646684,24.0,1.0,0.7645717745922178,0.19942339331004313,0.010427676120387138
100.10000000000001,24.108825574646684,24.108258737846555,24.0,1.0,0.7645716188901887,0.19942339331004313,0.010427676120387138
100.2,24.108258737846555,24.107694869007453,24.0,1.0,0.7645714670776005,0.19942339331004313,0.010427676120387138
100.30000000000001,24.107694869007453,24.10713395271149,24.0,1.0,0.7645713191617087,0.19942339331004313,0.010427676120387138
100.4,24.10713395271149,24.106575973606084,24.0,1.0,0.764571175146642,0.19942339331004313,0.010427676120387138
100.5,24.106575973606084,24.1060209164043,24.0,1.0,0.7645710350335438,0.19942339331004313,0.010427676120387138
100.60000000000001,24.1060209164043,24.105468765885156,24.0,1.0,0.7645708988207082,0.19942339331004313,0.010427676120387138
100.7,24.105468765885156,24.104919506893907,24.0,1.0,0.7645707665037093,0.19942339331004313,0.010427676120387138
100.80000000000001,24.104919506893907,24.104373124342317,24.0,1.0,0.7645706380755283,0.19942339331004313,0.010427676120387138
100.9,24.104373124342317,24.1038296032089,24.0,1.0,0.7645705135266762,0.19942339331004313,0.010427676120387138
101.0,24.1038296032089,24.103288928539158,24.0,1.0,0.7645703928453118,0.19942339331004313,0.010427676120387138
101.10000000000001,24.103288928539158,24.102751085445764,24.0,1.0,0.7645702760173576,0.19942339331004313,0.010427676120387138
101.2,24.102751085445764,24.102216059108766,24.0,1.0,0.7645701630266094,0.19942339331004313,0.010427676120387138
101.30000000000001,24.102216059108766,24.10168383477574,24.0,1.0,0.764570053854844,0.19942339331004313,0.010427676120387138
101.4,24.10168383477574,24.101154397761945,24.0,1.0,0.7645699484819221,0.19942339331004313,0.010427676120387138
101.5,24.101154397761945,24.100627733450448,24.0,1.0,0.7645698468858884,0.19942339331004313,0.010427676120387138
101.60000000000001,24.100627733450448,24.10010382729224,24.0,1.0,0.7645697490430693,0.19942339331004313,0.010427676120387138
101.7,24.10010382729224,24.09958266480633,24.0,1.0,0.764569654928165,0.19942339331004313,0.010427676120387138
101.80000000000001,24.09958266480633,24.09906423157983,24.0,1.0,0.7645695645143396,0.19942339331004313,0.010427676120387138
101.9,24.09906423157983,24.098548513268018,24.0,1.0,0.7645694777733092,0.19942339331004313,0.010427676120387138
102.0,24.098548513268018,24.098035495594377,24.0,1.0,0.7645693946754256,0.19942339331004313,0.010427676120387138
102.10000000000001,24.098035495594377,24.09752516435065,24.0,1.0,0.7645693151897563,0.19942339331004313,0.010427676120387138
102.2,24.09752516435065,24.09701750539684,24.0,1.0,0.7645692392841635,0.19942339331004313,0.010427676120387138
102.30000000000001,24.09701750539684,24.096512504661227,24.0,1.0,0.7645691669253789,0.19942339331004313,0.010427676120387138
102.4,24.096512504661227,24.09601014814037,24.0,1.0,0.7645690980790767,0.19942339331004313,0.010427676120387138
102.5,24.09601014814037,24.09551042189907,24.0,1.0,0.7645690327099436,0.19942339331004313,0.010427676120387138
102.60000000000001,24.09551042189907,24.09501331207036,24.0,1.0,0.7645689707817465,0.19942339331004313,0.010427676120387138
102.7,24.09501331207036,24.094518804855444,24.0,1.0,0.7645689122573966,0.19942339331004313,0.010427676120387138
102.80000000000001,24.094518804855444,24.094026886523654,24.0,1.0,0.7645688570990135,0.19942339331004313,0.010427676120387138
102.9,24.094026886523654,24.09353754341238,24.0,1.0,0.7645688052679843,0.19942339331004313,0.010427676120387138
103.0,24.09353754341238,24.093050761927003,24.0,1.0,0.7645687567250214,0.19942339331004313,0.010427676120387138
103.10000000000001,24.093050761927003,24.09256652854079,24.0,1.0,0.7645687114302198,0.19942339331004313,0.010427676120387138
103.2,24.09256652854079,24.092084829794818,24.0,1.0,0.7645686693431082,0.19942339331004313,0.010427676120387138
103.30000000000001,24.092084829794818,24.091605652297858,24.0,1.0,0.7645686304227034,0.19942339331004313,0.010427676120387138
103.4,24.091605652297858,24.091128982726264,24.0,1.0,0.7645685946275578,0.19942339331004313,0.010427676120387138
103.5,24.091128982726264,24.09065480782385,24.0,1.0,0.7645685619158079,0.19942339331004313,0.010427676120387138
103.60000000000001,24.09065480782385,24.090183114401754,24.0,1.0,0.7645685322452203,0.19942339331004313,0.010427676120387138
103.7,24.090183114401754,24.089713889338302,24.0,1.0,0.7645685055732347,0.19942339331004313,0.010427676120387138
103.80000000000001,24.089713889338302,24.089247119578857,24.0,1.0,0.7645684818570072,0.19942339331004313,0.010427676120387138
103.9,24.089247119578857,24.08878279213567,24.0,1.0,0.7645684610534488,0.19942339331004313,0.010427676120387138
104.0,24.08878279213567,24.088320894087705,24.0,1.0,0.764568443119267,0.19942339331004313,0.010427676120387138
104.10000000000001,24.088320894087705,24.08786141258048,24.0,1.0,0.7645684280109992,0.19942339331004313,0.010427676120387138
104.2,24.08786141258048,24.087404334825887,24.0,1.0,0.7645684156850522,0.19942339331004313,0.010427676120387138
104.30000000000001,24.087404334825887,24.08694964810201,24.0,1.0,0.764568406097733,0.19942339331004313,0.010427676120387138
104.4,24.08694964810201,24.08649733975293,24.0,1.0,0.7645683992052833,0.19942339331004313,0.010427676120387138
104.5,24.08649733975293,24.08604739718854,24.0,1.0,0.7645683949639094,0.19942339331004313,0.010427676120387138
104.60000000000001,24.08604739718854,24.085599807884336,24.0,1.0,0.7645683933298125,0.19942339331004313,0.010427676120387138
104.7,24.085599807884336,24.085154559381216,24.0,1.0,0.7645683942592172,0.19942339331004313,0.010427676120387138
104.80000000000001,24.085154559381216,24.084711639285267,24.0,1.0,0.764568397708399,0.19942339331004313,0.010427676120387138
104.9,24.084711639285267,24.084271035267545,24.0,1.0,0.764568403633709,0.19942339331004313,0.010427676120387138
105.0,24.084271035267545,24.08383273506386,24.0,1.0,0.7645684119915989,0.19942339331004313,0.010427676120387138
105.10000000000001,24.08383273506386,24.083396726474554,24.0,1.0,0.7645684227386451,0.19942339331004313,0.010427676120387138
105.2,24.083396726474554,24.08296299736426,24.0,1.0,0.7645684358315707,0.19942339331004313,0.010427676120387138
105.30000000000001,24.08296299736426,24.08253153566167,24.0,1.0,0.7645684512272675,0.19942339331004313,0.010427676120387138
105.4,24.08253153566167,24.082102329359305,24.0,1.0,0.7645684688828135,0.19942339331004313,0.010427676120387138
105.5,24.082102329359305,24.081675366513277,24.0,1.0,0.7645684887554949,0.19942339331004313,0.010427676120387138
105.60000000000001,24.081675366513277,24.081250635243027,24.0,1.0,0.7645685108028241,0.19942339331004313,0.010427676120387138
105.7,24.081250635243027,24.080828123731088,24.0,1.0,0.764568534982555,0.19942339331004313,0.010427676120387138
105.80000000000001,24.080828123731088,24.080407820222835,24.0,1.0,0.7645685612527002,0.19942339331004313,0.010427676120387138
105.9,24.080407820222835,24.079989713026226,24.0,1.0,0.7645685895715472,0.19942339331004313,0.010427676120387138
106.0,24.079989713026226,24.07957379051155,24.0,1.0,0.7645686198976721,0.19942339331004313,0.010427676120387138
106.10000000000001,24.07957379051155,24.07916004111116,24.0,1.0,0.7645686521899538,0.19942339331004313,0.010427676120387138
106.2,24.07916004111116,24.078748453319214,24.0,1.0,0.7645686864075864,0.19942339331004313,0.010427676120387138
106.30000000000001,24.078748453319214,24.078339015691416,24.0,1.0,0.7645687225100911,0.19942339331004313,0.010427676120387138
106.4,24.078339015691416,24.077931716844734,24.0,1.0,0.7645687604573287,0.19942339331004313,0.010427676120387138
106.5,24.077931716844734,24.07752654545715,24.0,1.0,0.7645688002095085,0.19942339331004313,0.010427676120387138
106.60000000000001,24.07752654545715,24.077123490267372,24.0,1.0,0.7645688417272003,0.19942339331004313,0.010427676120387138
106.7,24.077123490267372,24.076722540074574,24.0,1.0,0.7645688849713417,0.19942339331004313,0.010427676120387138
106.80000000000001,24.076722540074574,24.076323683738114,24.0,1.0,0.7645689299032487,0.19942339331004313,0.010427676120387138
106.9,24.076323683738114,24.07592691017726,24.0,1.0,0.7645689764846222,0.19942339331004313,0.010427676120387138
107.0,24.07592691017726,24.075532208370912,24.0,1.0,0.7645690246775558,0.19942339331004313,0.010427676120387138
107.10000000000001,24.075532208370912,24.075139567357326,24.0,1.0,0.7645690744445436,0.19942339331004313,0.010427676120387138
107.2,24.075139567357326,24.07474897623383,24.0,1.0,0.7645691257484842,0.19942339331004313,0.010427676120387138
107.30000000000001,24.07474897623383,24.074360424156545,24.0,1.0,0.7645691785526898,0.19942339331004313,0.010427676120387138
107.4,24.074360424156545,24.073973900340103,24.0,1.0,0.7645692328208876,0.19942339331004313,0.010427676120387138
107.5,24.073973900340103,24.07358939405736,24.0,1.0,0.7645692885172285,0.19942339331004313,0.010427676120387138
107.60000000000001,24.07358939405736,24.073206894639124,24.0,1.0,0.7645693456062876,0.19942339331004313,0.010427676120387138
107.7,24.073206894639124,24.072826391473853,24.0,1.0,0.7645694040530714,0.19942339331004313,0.010427676120387138
107.80000000000001,24.072826391473853,24.072447874007388,24.0,1.0,0.7645694638230184,0.19942339331004313,0.010427676120387138
107.9,24.072447874007388,24.07207133174265,24.0,1.0,0.7645695248820046,0.19942339331004313,0.010427676120387138
108.0,24.07207133174265,24.071696754239362,24.0,1.0,0.7645695871963434,0.19942339331004313,0.010427676120387138
108.10000000000001,24.071696754239362,24.071324131113773,24.0,1.0,0.7645696507327894,0.19942339331004313,0.010427676120387138
108.2,24.071324131113773,24.070953452038353,24.0,1.0,0.7645697154585409,0.19942339331004313,0.010427676120387138
108.30000000000001,24.070953452038353,24.070584706741517,24.0,1.0,0.7645697813412395,0.19942339331004313,0.010427676120387138
108.4,24.070584706741517,24.070217885007335,24.0,1.0,0.7645698483489728,0.19942339331004313,0.010427676120387138
108.5,24.070217885007335,24.069852976675243,24.0,1.0,0.7645699164502737,0.19942339331004313,0.010427676120387138
108.60000000000001,24.069852976675243,24.06948997163976,24.0,1.0,0.7645699856141223,0.19942339331004313,0.010427676120387138
108.7,24.06948997163976,24.069128859850203,24.0,1.0,0.7645700558099454,0.19942339331004313,0.010427676120387138
108.80000000000001,24.069128859850203,24.068769631310385,24.0,1.0,0.7645701270076163,0.19942339331004313,0.010427676120387138
108.9,24.068769631310385,24.06841227607835,24.0,1.0,0.7645701991774543,0.19942339331004313,0.010427676120387138
109.0,24.06841227607835,24.068056784266076,24.0,1.0,0.7645702722902255,0.19942339331004313,0.010427676120387138
109.10000000000001,24.068056784266076,24.06770314603918,24.0,1.0,0.7645703463171397,0.19942339331004313,0.010427676120387138
109.2,24.06770314603918,24.067351351616647,24.0,1.0,0.7645704212298504,0.19942339331004313,0.010427676120387138
109.30000000000001,24.067351351616647,24.06700139127054,24.0,1.0,0.7645704970004545,0.19942339331004313,0.010427676120387138
109.4,24.06700139127054,24.066653255325715,24.0,1.0,0.7645705736014884,0.19942339331004313,0.010427676120387138
109.5,24.066653255325715,24.066306934159527,24.0,1.0,0.7645706510059286,0.19942339331004313,0.010427676120387138
109.60000000000001,24.066306934159527,24.06596241820157,24.0,1.0,0.7645707291871875,0.19942339331004313,0.010427676120387138
109.7,24.06596241820157,24.06561969793336,24.0,1.0,0.7645708081191142,0.19942339331004313,0.010427676120387138
109.80000000000001,24.06561969793336,24.06527876388809,24.0,1.0,0.7645708877759887,0.19942339331004313,0.010427676120387138
109.9,24.06527876388809,24.06493960665032,24.0,1.0,0.7645709681325227,0.19942339331004313,0.010427676120387138
110.0,24.06493960665032,24.064602216855704,24.0,1.0,0.7645710491638541,0.19942339331004313,0.010427676120387138
110.10000000000001,24.064602216855704,24.06426658519072,24.0,1.0,0.7645711308455466,0.19942339331004313,0.010427676120387138
110.2,24.06426658519072,24.06393270239237,24.0,1.0,0.7645712131535862,0.19942339331004313,0.010427676120387138
110.30000000000001,24.06393270239237,24.063600559247927,24.0,1.0,0.7645712960643768,0.19942339331004313,0.010427676120387138
110.4,24.063600559247927,24.063270146594633,24.0,1.0,0.7645713795547383,0.19942339331004313,0.010427676120387138
110.5,24.063270146594633,24.062941455319436,24.0,1.0,0.7645714636019035,0.19942339331004313,0.010427676120387138
110.60000000000001,24.062941455319436,24.06261447635871,24.0,1.0,0.7645715481835141,0.19942339331004313,0.010427676120387138
110.7,24.06261447635871,24.062289200697982,24.0,1.0,0.7645716332776169,0.19942339331004313,0.010427676120387138
110.80000000000001,24.062289200697982,24.06196561937166,24.0,1.0,0.7645717188626608,0.19942339331004313,0.010427676120387138
110.9,24.06196561937166,24.06164372346275,24.0,1.0,0.7645718049174943,0.19942339331004313,0.010427676120387138
111.0,24.06164372346275,24.0613235041026,24.0,1.0,0.7645718914213597,0.19942339331004313,0.010427676120387138
111.10000000000001,24.0613235041026,24.06100495247061,24.0,1.0,0.7645719783538896,0.19942339331004313,0.010427676120387138
111.2,24.06100495247061,24.060688059793982,24.0,1.0,0.7645720656951044,0.19942339331004313,0.010427676120387138
111.30000000000001,24.060688059793982,24.060372817347435,24.0,1.0,0.7645721534254065,0.19942339331004313,0.010427676120387138
111.4,24.060372817347435,24.06005921645295,24.0,1.0,0.7645722415255782,0.19942339331004313,0.010427676120387138
111.5,24.06005921645295,24.05974724847949,24.0,1.0,0.7645723299767762,0.19942339331004313,0.010427676120387138
111.60000000000001,24.05974724847949,24.05943690484275,24.0,1.0,0.7645724187605277,0.19942339331004313,0.010427676120387138
111.7,24.05943690484275,24.05912817700489,24.0,1.0,0.7645725078587271,0.19942339331004313,0.010427676120387138
111.80000000000001,24.05912817700489,24.058821056474255,24.0,1.0,0.764572597253631,0.19942339331004313,0.010427676120387138
111.9,24.058821056474255,24.058515534805135,24.0,1.0,0.7645726869278537,0.19942339331004313,0.010427676120387138
112.0,24.058515534805135,24.058211603597496,24.0,1.0,0.7645727768643641,0.19942339331004313,0.010427676120387138
112.10000000000001,24.058211603597496,24.057909254496717,24.0,1.0,0.7645728670464801,0.19942339331004313,0.010427676120387138
112.2,24.057909254496717,24.05760847919334,24.0,1.0,0.7645729574578651,0.19942339331004313,0.010427676120387138
112.30000000000001,24.05760847919334,24.05730926942281,24.0,1.0,0.7645730480825236,0.19942339331004313,0.010427676120387138
112.4,24.05730926942281,24.05701161696521,24.0,1.0,0.7645731389047964,0.19942339331004313,0.010427676120387138
112.5,24.05701161696521,24.056715513645024,24.0,1.0,0.7645732299093558,0.19942339331004313,0.010427676120387138
112.60000000000001,24.056715513645024,24.056420951330875,24.0,1.0,0.7645733210812033,0.19942339331004313,0.010427676120387138
112.7,24.056420951330875,24.05612792193527,24.0,1.0,0.7645734124056627,0.19942339331004313,0.010427676120387138
112.80000000000001,24.05612792193527,24.055836417414362,24.0,1.0,0.764573503868377,0.19942339331004313,0.010427676120387138
112.9,24.055836417414362,24.055546429767684,24.0,1.0,0.764573595455304,0.19942339331004313,0.010427676120387138
113.0,24.055546429767684,24.05525795103792,24.0,1.0,0.7645736871527117,0.19942339331004313,0.010427676120387138
113.10000000000001,24.05525795103792,24.054970973310642,24.0,1.0,0.7645737789471743,0.19942339331004313,0.010427676120387138
113.2,24.054970973310642,24.054685488714075,24.0,1.0,0.7645738708255667,0.19942339331004313,0.010427676120387138
113.30000000000001,24.054685488714075,24.05440148941885,24.0,1.0,0.7645739627750611,0.19942339331004313,0.010427676120387138
113.4,24.05440148941885,24.054118967637766,24.0,1.0,0.7645740547831225,0.19942339331004313,0.010427676120387138
113.5,24.054118967637766,24.053837915625543,24.0,1.0,0.7645741468375042,0.19942339331004313,0.010427676120387138
113.60000000000001,24.053837915625543,24.053558325678583,24.0,1.0,0.7645742389262441,0.19942339331004313,0.010427676120387138
113.7,24.053558325678583,24.05328019013474,24.0,1.0,0.7645743310376587,0.19942339331004313,0.010427676120387138
113.80000000000001,24.05328019013474,24.05300350137307,24.0,1.0,0.764574423160341,0.19942339331004313,0.010427676120387138
113.9,24.05300350137307,24.052728251813605,24.0,1.0,0.7645745152831545,0.19942339331004313,0.010427676120387138
114.0,24.052728251813605,24.052454433917116,24.0,1.0,0.7645746073952295,0.19942339331004313,0.010427676120387138
114.10000000000001,24.052454433917116,24.05218204018488,24.0,1.0,0.7645746994859595,0.19942339331004313,0.010427676120387138
114.2,24.05218204018488,24.05191106315845,24.0,1.0,0.7645747915449956,0.19942339331004313,0.010427676120387138
114.30000000000001,24.05191106315845,24.051641495419418,24.0,1.0,0.7645748835622437,0.19942339331004313,0.010427676120387138
114.4,24.051641495419418,24.0513733295892,24.0,1.0,0.7645749755278596,0.19942339331004313,0.010427676120387138
114.5,24.0513733295892,24.051106558328794,24.0,1.0,0.764575067432246,0.19942339331004313,0.010427676120387138
114.60000000000001,24.051106558328794,24.05084117433856,24.0,1.0,0.7645751592660461,0.19942339331004313,0.010427676120387138
114.7,24.05084117433856,24.050577170358004,24.0,1.0,0.7645752510201421,0.19942339331004313,0.010427676120387138
114.80000000000001,24.050577170358004,24.05031453916553,24.0,1.0,0.7645753426856499,0.19942339331004313,0.010427676120387138
114.9,24.05031453916553,24.050053273578246,24.0,1.0,0.7645754342539143,0.19942339331004313,0.010427676120387138
115.0,24.050053273578246,24.049793366451727,24.0,1.0,0.7645755257165069,0.19942339331004313,0.010427676120387138
115.10000000000001,24.049793366451727,24.0495348106798,24.0,1.0,0.7645756170652211,0.19942339331004313,0.010427676120387138
115.2,24.0495348106798,24.049277599194316,24.0,1.0,0.7645757082920687,0.19942339331004313,0.010427676120387138
115.30000000000001,24.049277599194316,24.049021724964955,24.0,1.0,0.7645757993892741,0.19942339331004313,0.010427676120387138
115.4,24.049021724964955,24.048767180998997,24.0,1.0,0.7645758903492742,0.19942339331004313,0.010427676120387138
115.5,24.048767180998997,24.048513960341097,24.0,1.0,0.7645759811647125,0.19942339331004313,0.010427676120387138
115.60000000000001,24.048513960341097,24.048262056073096,24.0,1.0,0.7645760718284332,0.19942339331004313,0.010427676120387138
115.7,24.048262056073096,24.048011461313788,24.0,1.0,0.7645761623334825,0.19942339331004313,0.010427676120387138
115.80000000000001,24.048011461313788,24.047762169218725,24.0,1.0,0.7645762526731003,0.19942339331004313,0.010427676120387138
115.9,24.047762169218725,24.047514172979998,24.0,1.0,0.7645763428407194,0.19942339331004313,0.010427676120387138
116.0,24.047514172979998,24.04726746582604,24.0,1.0,0.7645764328299607,0.19942339331004313,0.010427676120387138
116.10000000000001,24.04726746582604,24.0470220410214,24.0,1.0,0.7645765226346308,0.19942339331004313,0.010427676120387138
116.2,24.0470220410214,24.04677789186656,24.0,1.0,0.7645766122487164,0.19942339331004313,0.010427676120387138
116.30000000000001,24.04677789186656,24.046535011697724,24.0,1.0,0.7645767016663827,0.19942339331004313,0.010427676120387138
116.4,24.046535011697724,24.046293393886604,24.0,1.0,0.7645767908819696,0.19942339331004313,0.010427676120387138
116.5,24.046293393886604,24.046053031840234,24.0,1.0,0.7645768798899882,0.19942339331004313,0.010427676120387138
116.60000000000001,24.046053031840234,24.045813919000768,24.0,1.0,0.7645769686851175,0.19942339331004313,0.010427676120387138
116.7,24.045813919000768,24.045576048845266,24.0,1.0,0.7645770572622017,0.19942339331004313,0.010427676120387138
116.80000000000001,24.045576048845266,24.045339414885515,24.0,1.0,0.7645771456162449,0.19942339331004313,0.010427676120387138
116.9,24.045339414885515,24.045104010667824,24.0,1.0,0.7645772337424102,0.19942339331004313,0.010427676120387138
117.0,24.045104010667824,24.044869829772832,24.0,1.0,0.7645773216360163,0.19942339331004313,0.010427676120387138
117.10000000000001,24.044869829772832,24.04463686581531,24.0,1.0,0.7645774092925334,0.19942339331004313,0.010427676120387138
117.2,24.04463686581531,24.044405112443968,24.0,1.0,0.7645774967075805,0.19942339331004313,0.010427676120387138
117.30000000000001,24.044405112443968,24.044174563341272,24.0,1.0,0.764577583876922,0.19942339331004313,0.010427676120387138
117.4,24.044174563341272,24.043945212223246,24.0,1.0,0.764577670796466,0.19942339331004313,0.010427676120387138
117.5,24.043945212223246,24.043717052839284,24.0,1.0,0.7645777574622604,0.19942339331004313,0.010427676120387138
117.60000000000001,24.043717052839284,24.043490078971963,24.0,1.0,0.7645778438704898,0.19942339331004313,0.010427676120387138
117.7,24.043490078971963,24.04326428443686,24.0,1.0,0.7645779300174729,0.19942339331004313,0.010427676120387138
117.80000000000001,24.04326428443686,24.043039663082357,24.0,1.0,0.7645780158996602,0.19942339331004313,0.010427676120387138
117.9,24.043039663082357,24.04281620878947,24.0,1.0,0.764578101513631,0.19942339331004313,0.010427676120387138
118.0,24.04281620878947,24.042593915471656,24.0,1.0,0.7645781868560899,0.19942339331004313,0.010427676120387138
118.10000000000001,24.042593915471656,24.04237277707463,24.0,1.0,0.7645782719238647,0.19942339331004313,0.010427676120387138
118.2,24.04237277707463,24.042152787576192,24.0,1.0,0.7645783567139041,0.19942339331004313,0.010427676120387138
118.30000000000001,24.042152787576192,24.04193394098605,24.0,1.0,0.7645784412232749,0.19942339331004313,0.010427676120387138
118.4,24.04193394098605,24.04171623134562,24.0,1.0,0.7645785254491595,0.19942339331004313,0.010427676120387138
118.5,24.04171623134562,24.04149965272788,24.0,1.0,0.7645786093888526,0.19942339331004313,0.010427676120387138
118.60000000000001,24.04149965272788,24.04128419923716,24.0,1.0,0.7645786930397596,0.19942339331004313,0.010427676120387138
118.7,24.04128419923716,24.041069865009,24.0,1.0,0.7645787763993936,0.19942339331004313,0.010427676120387138
118.80000000000001,24.041069865009,24.04085664420995,24.0,1.0,0.7645788594653733,0.19942339331004313,0.010427676120387138
118.9,24.04085664420995,24.04064453103741,24.0,1.0,0.7645789422354211,0.19942339331004313,0.010427676120387138
119.0,24.04064453103741,24.04043351971946,24.0,1.0,0.7645790247073603,0.19942339331004313,0.010427676120387138
119.10000000000001,24.04043351971946,24.04022360451468,24.0,1.0,0.7645791068791118,0.19942339331004313,0.010427676120387138
119.2,24.04022360451468,24.04001477971198,24.0,1.0,0.7645791887486943,0.19942339331004313,0.010427676120387138
119.30000000000001,24.04001477971198,24.039807039630446,24.0,1.0,0.7645792703142196,0.19942339331004313,0.010427676120387138
119.4,24.039807039630446,24.039600378619156,24.0,1.0,0.7645793515738911,0.19942339331004313,0.010427676120387138
119.5,24.039600378619156,24.039394791057024,24.0,1.0,0.7645794325260031,0.19942339331004313,0.010427676120387138
119.60000000000001,24.039394791057024,24.03919027135263,24.0,1.0,0.7645795131689379,0.19942339331004313,0.010427676120387138
119.7,24.03919027135263,24.038986813944057,24.0,1.0,0.7645795935011626,0.19942339331004313,0.010427676120387138
119.80000000000001,24.038986813944057,24.03878441329872,24.0,1.0,0.7645796735212281,0.19942339331004313,0.010427676120387138
119.9,24.03878441329872,24.038583063913222,24.0,1.0,0.7645797532277671,0.19942339331004313,0.010427676120387138
