time,temperature,next_temperature,setpoint,disturbance,command,kp,ki
0.0,28.0,28.009975041614634,24.0,0.0,1.0,0.634256712216447,0.037467601201599775
0.1,28.009975041614634,28.019900332501663,24.0,0.0,1.0,0.634256712216447,0.037467601201599775
0.2,28.019900332501663,28.029776120793873,24.0,0.0,1.0,0.634256712216447,0.037467601201599775
0.30000000000000004,28.029776120793873,28.03960265338649,24.0,0.0,1.0,0.634256712216447,0.037467601201599775
0.4,28.03960265338649,28.049380175943334,24.0,0.0,1.0,0.634256712216447,0.037467601201599775
0.5,28.049380175943334,28.059108932902983,24.0,0.0,1.0,0.634256712216447,0.037467601201599775
0.6000000000000001,28.059108932902983,28.068789167484866,24.0,0.0,1.0,0.634256712216447,0.037467601201599775
0.7000000000000001,28.068789167484866,28.078421121695353,24.0,0.0,1.0,0.634256712216447,0.037467601201599775
0.8,28.078421121695353,28.0880050363338,24.0,0.0,1.0,0.634256712216447,0.037467601201599775
0.9,28.0880050363338,28.097541150998573,24.0,0.0,1.0,0.634256712216447,0.037467601201599775
1.0,28.097541150998573,28.107029704093033,24.0,0.0,1.0,0.634256712216447,0.037467601201599775
1.1,28.107029704093033,28.116470932831504,24.0,0.0,1.0,0.634256712216447,0.037467601201599775
1.2000000000000002,28.116470932831504,28.125865073245194,24.0,0.0,1.0,0.634256712216447,0.037467601201599775
1.3,28.125865073245194,28.135212360188106,24.0,0.0,1.0,0.634256712216447,0.037467601201599775
1.4000000000000001,28.135212360188106,28.144513027342896,24.0,0.0,1.0,0.634256712216447,0.037467601201599775
1.5,28.144513027342896,28.15376730722673,24.0,0.0,1.0,0.634256712216447,0.037467601201599775
1.6,28.15376730722673,28.162975431197086,24.0,0.0,1.0,0.634256712216447,0.037467601201599775
1.7000000000000002,28.162975431197086,28.172137629457545,24.0,0.0,1.0,0.634256712216447,0.037467601201599775
1.8,28.172137629457545,28.18125413106354,24.0,0.0,1.0,0.634256712216447,0.037467601201599775
1.9000000000000001,28.18125413106354,28.190325163928083,24.0,0.0,1.0,0.634256712216447,0.037467601201599775
2.0,28.190325163928083,28.15945078836893,24.0,0.0,1.0,0.634256712216447,0.037467601201599775
2.1,28.15945078836893,28.12873039940029,24.0,0.0,1.0,0.634256712216447,0.037467601201599775
2.2,28.12873039940029,28.09816322901084,24.0,0.0,1.0,0.634256712216447,0.037467601201599775
2.3000000000000003,28.09816322901084,28.06774851301973,24.0,0.0,1.0,0.634256712216447,0.037467601201599775
2.4000000000000004,28.06774851301973,28.037485491057474,24.0,0.0,1.0,0.634256712216447,0.037467601201599775
2.5,28.037485491057474,28.007373406546947,24.0,0.0,1.0,0.634256712216447,0.037467601201599775
2.6,28.007373406546947,27.97741150668447,24.0,0.0,1.0,0.634256712216447,0.037467601201599775
2.7,27.97741150668447,27.94759904242098,24.0,0.0,1.0,0.634256712216447,0.037467601201599775
2.8000000000000003,27.94759904242098,27.917935268443323,24.0,0.0,1.0,0.634256712216447,0.037467601201599775
2.9000000000000004,27.917935268443323,27.888419443155602,24.0,0.0,1.0,0.634256712216447,0.037467601201599775
3.0,27.888419443155602,27.85905082866065,24.0,0.0,1.0,0.634256712216447,0.037467601201599775
3.1,27.85905082866065,27.82982869074157,24.0,0.0,1.0,0.634256712216447,0.037467601201599775
3.2,27.82982869074157,27.8007522988434,24.0,0.0,1.0,0.634256712216447,0.037467601201599775
3.3000000000000003,27.8007522988434,27.771820926054822,24.0,0.0,1.0,0.634256712216447,0.037467601201599775
3.4000000000000004,27.771820926054822,27.74303384909001,24.0,0.0,1.0,0.634256712216447,0.037467601201599775
3.5,27.74303384909001,27.714390348270545,24.0,0.0,1.0,0.634256712216447,0.037467601201599775
3.6,27.714390348270545,27.68588970750741,24.0,0.0,1.0,0.634256712216447,0.037467601201599775
3.7,27.68588970750741,27.657531214283104,24.0,0.0,1.0,0.634256712216447,0.037467601201599775
3.8000000000000003,27.657531214283104,27.629314159633818,24.0,0.0,1.0,0.634256712216447,0.037467601201599775
3.9000000000000004,27.629314159633818,27.601237838131716,24.0,0.0,1.0,0.634256712216447,0.037467601201599775
4.0,27.601237838131716,27.5733015478673,24.0,0.0,1.0,0.634256712216447,0.037467601201599775
4.1000000000000005,27.5733015478673,27.545504590431854,24.0,0.0,1.0,0.634256712216447,0.037467601201599775
4.2,27.545504590431854,27.517846270899998,24.0,0.0,1.0,0.634256712216447,0.037467601201599775
4.3,27.517846270899998,27.490325897812305,24.0,0.0,1.0,0.634256712216447,0.037467601201599775
4.4,27.490325897812305,27.46294278315801,24.0,0.0,1.0,0.634256712216447,0.037467601201599775
4.5,27.46294278315801,27.43569624235782,24.0,0.0,1.0,0.634256712216447,0.037467601201599775
4.6000000000000005,27.43569624235782,27.4085855942468,24.0,0.0,1.0,0.634256712216447,0.037467601201599775
4.7,27.4085855942468,27.38161016105734,24.0,0.0,1.0,0.634256712216447,0.037467601201599775
4.800000000000001,27.38161016105734,27.354769268402194,24.0,0.0,1.0,0.634256712216447,0.037467601201599775
4.9,27.354769268402194,27.32806224525765,24.0,0.0,1.0,0.634256712216447,0.037467601201599775
5.0,27.32806224525765,27.301488423946743,24.0,0.0,1.0,0.634256712216447,0.037467601201599775
5.1000000000000005,27.301488423946743,27.275047140122556,24.0,0.0,1.0,0.634256712216447,0.037467601201599775
5.2,27.275047140122556,27.248737732751614,24.0,0.0,1.0,0.634256712216447,0.037467601201599775
5.300000000000001,27.248737732751614,27.22255954409736,24.0,0.0,1.0,0.634256712216447,0.037467601201599775
5.4,27.22255954409736,27.19651191970372,24.0,0.0,1.0,0.634256712216447,0.037467601201599775
5.5,27.19651191970372,27.170594208378724,24.0,0.0,1.0,0.634256712216447,0.037467601201599775
5.6000000000000005,27.170594208378724,27.144805762178237,24.0,0.0,1.0,0.634256712216447,0.037467601201599775
5.7,27.144805762178237,27.119145936389764,24.0,0.0,1.0,0.634256712216447,0.037467601201599775
5.800000000000001,27.119145936389764,27.093614089516322,24.0,0.0,1.0,0.634256712216447,0.037467601201599775
5.9,27.093614089516322,27.068209583260412,24.0,0.0,1.0,0.634256712216447,0.037467601201599775
6.0,27.068209583260412,27.042931782508056,24.0,0.0,1.0,0.634256712216447,0.037467601201599775
6.1000000000000005,27.042931782508056,27.01778005531291,24.0,0.0,1.0,0.634256712216447,0.037467601201599775
6.2,27.01778005531291,26.992753772880494,24.0,0.0,1.0,0.634256712216447,0.037467601201599775
6.300000000000001,26.992753772880494,26.96785230955244,24.0,0.0,1.0,0.634256712216447,0.037467601201599775
6.4,26.96785230955244,26.943075042790866,24.0,0.0,1.0,0.634256712216447,0.037467601201599775
6.5,26.943075042790866,26.918421353162813,24.0,0.0,1.0,0.634256712216447,0.037467601201599775
6.6000000000000005,26.918421353162813,26.893890624324758,24.0,0.0,1.0,0.634256712216447,0.037467601201599775
6.7,26.893890624324758,26.8694822430072,24.0,0.0,1.0,0.634256712216447,0.037467601201599775
6.800000000000001,26.8694822430072,26.84519559899934,24.0,0.0,1.0,0.634256712216447,0.037467601201599775
6.9,26.84519559899934,26.821030085133806,24.0,0.0,1.0,0.634256712216447,0.037467601201599775
7.0,26.821030085133806,26.796985097271495,24.0,0.0,1.0,0.634256712216447,0.037467601201599775
7.1000000000000005,26.796985097271495,26.77306003428646,24.0,0.0,1.0,0.634256712216447,0.037467601201599775
7.2,26.77306003428646,26.74925429805088,24.0,0.0,1.0,0.634256712216447,0.037467601201599775
7.300000000000001,26.74925429805088,26.725567293420106,24.0,0.0,1.0,0.634256712216447,0.037467601201599775
7.4,26.725567293420106,26.70199842821779,24.0,0.0,1.0,0.634256712216447,0.037467601201599775
7.5,26.70199842821779,26.67854711322108,24.0,0.0,1.0,0.634256712216447,0.037467601201599775
7.6000000000000005,26.67854711322108,26.655212762145872,24.0,0.0,1.0,0.634256712216447,0.037467601201599775
7.7,26.655212762145872,26.63199479163218,24.0,0.0,1.0,0.634256712216447,0.037467601201599775
7.800000000000001,26.63199479163218,26.60889262122953,24.0,0.0,1.0,0.634256712216447,0.037467601201599775
7.9,26.60889262122953,26.585905673382456,24.0,0.0,1.0,0.634256712216447,0.037467601201599775
8.0,26.585905673382456,26.563033373416065,24.0,0.0,1.0,0.634256712216447,0.037467601201599775
8.1,26.563033373416065,26.54027514952167,24.0,0.0,1.0,0.634256712216447,0.037467601201599775
8.200000000000001,26.54027514952167,26.517630432742482,24.0,0.0,1.0,0.634256712216447,0.037467601201599775
8.3,26.517630432742482,26.495098656959406,24.0,0.0,1.0,0.634256712216447,0.037467601201599775
8.4,26.495098656959406,26.472679258876877,24.0,0.0,1.0,0.634256712216447,0.037467601201599775
8.5,26.472679258876877,26.45037167800877,24.0,0.0,1.0,0.634256712216447,0.037467601201599775
8.6,26.45037167800877,26.428175356664404,24.0,0.0,1.0,0.634256712216447,0.037467601201599775
8.700000000000001,26.428175356664404,26.40608973993459,24.0,0.0,1.0,0.634256712216447,0.037467601201599775
8.8,26.40608973993459,26.384114275677756,24.0,0.0,1.0,0.634256712216447,0.037467601201599775
8.9,26.384114275677756,26.362248414506155,24.0,0.0,1.0,0.634256712216447,0.037467601201599775
9.0,26.362248414506155,26.340491609772116,24.0,0.0,1.0,0.634256712216447,0.037467601201599775
9.1,26.340491609772116,26.31884331755439,24.0,0.0,1.0,0.634256712216447,0.037467601201599775
9.200000000000001,26.31884331755439,26.297302996644543,24.0,0.0,1.0,0.634256712216447,0.037467601201599775
9.3,26.297302996644543,26.27587010853343,24.0,0.0,1.0,0.634256712216447,0.037467601201599775
9.4,26.27587010853343,26.25454411739773,24.0,0.0,1.0,0.634256712216447,0.037467601201599775
9.5,26.25454411739773,26.23332449008656,24.0,0.0,1.0,0.634256712216447,0.037467601201599775
9.600000000000001,26.23332449008656,26.212210696108126,24.0,0.0,1.0,0.634256712216447,0.037467601201599775
9.700000000000001,26.212210696108126,26.19120220761648,24.0,0.0,1.0,0.634256712216447,0.037467601201599775
9.8,26.19120220761648,26.170298499398317,24.0,0.0,1.0,0.634256712216447,0.037467601201599775
9.9,26.170298499398317,26.14949904885984,24.0,0.0,1.0,0.634256712216447,0.037467601201599775
10.0,26.14949904885984,26.128803336013707,24.0,0.0,1.0,0.634256712216447,0.037467601201599775
10.100000000000001,26.128803336013707,26.108210843466015,24.0,0.0,1.0,0.634256712216447,0.037467601201599775
10.200000000000001,26.108210843466015,26.08772105640338,24.0,0.0,1.0,0.634256712216447,0.037467601201599775
10.3,26.08772105640338,26.06733346258006,24.0,0.0,1.0,0.634256712216447,0.037467601201599775
10.4,26.06733346258006,26.04704755230514,24.0,0.0,1.0,0.634256712216447,0.037467601201599775
10.5,26.04704755230514,26.026862818429816,24.0,0.0,1.0,0.634256712216447,0.037467601201599775
10.600000000000001,26.026862818429816,26.006778756334683,24.0,0.0,1.0,0.634256712216447,0.037467601201599775
10.700000000000001,26.006778756334683,25.986794863917144,24.0,0.0,1.0,0.634256712216447,0.037467601201599775
10.8,25.986794863917144,25.96691064157885,24.0,0.0,1.0,0.634256712216447,0.037467601201599775
10.9,25.96691064157885,25.947125592213204,24.0,0.0,1.0,0.634256712216447,0.037467601201599775
11.0,25.947125592213204,25.927439221192945,24.0,0.0,1.0,0.634256712216447,0.037467601201599775
11.100000000000001,25.927439221192945,25.90785103635777,24.0,0.0,1.0,0.634256712216447,0.037467601201599775
11.200000000000001,25.90785103635777,25.888360548002037,24.0,0.0,1.0,0.634256712216447,0.037467601201599775
11.3,25.888360548002037,25.868967268862523,24.0,0.0,1.0,0.634256712216447,0.037467601201599775
11.4,25.868967268862523,25.84967071410624,24.0,0.0,1.0,0.634256712216447,0.037467601201599775
11.5,25.84967071410624,25.830470401318312,24.0,0.0,1.0,0.634256712216447,0.037467601201599775
11.600000000000001,25.830470401318312,25.81136585048992,24.0,0.0,1.0,0.634256712216447,0.037467601201599775
11.700000000000001,25.81136585048992,25.792356584006303,24.0,0.0,1.0,0.634256712216447,0.037467601201599775
11.8,25.792356584006303,25.773442126634805,24.0,0.0,1.0,0.634256712216447,0.037467601201599775
11.9,25.773442126634805,25.754622005513006,24.0,0.0,1.0,0.634256712216447,0.037467601201599775
12.0,25.754622005513006,25.735895750136898,24.0,0.0,1.0,0.634256712216447,0.037467601201599775
12.100000000000001,25.735895750136898,25.71726289234912,24.0,0.0,1.0,0.634256712216447,0.037467601201599775
12.200000000000001,25.71726289234912,25.698722966327257,24.0,0.0,1.0,0.634256712216447,0.037467601201599775
12.3,25.698722966327257,25.680275508572194,24.0,0.0,1.0,0.634256712216447,0.037467601201599775
12.4,25.680275508572194,25.66192005789653,24.0,0.0,1.0,0.634256712216447,0.037467601201599775
12.5,25.66192005789653,25.643656155413037,24.0,0.0,1.0,0.634256712216447,0.037467601201599775
12.600000000000001,25.643656155413037,25.625483344523204,24.0,0.0,1.0,0.634256712216447,0.037467601201599775
12.700000000000001,25.625483344523204,25.60740117090581,24.0,0.0,1.0,0.634256712216447,0.037467601201599775
12.8,25.60740117090581,25.589409182505577,24.0,0.0,1.0,0.634256712216447,0.037467601201599775
12.9,25.589409182505577,25.571506929521853,24.0,0.0,1.0,0.634256712216447,0.037467601201599775
13.0,25.571506929521853,25.553693964397382,24.0,0.0,0.9967388183438939,0.634256712216447,0.037467601201599775
13.100000000000001,25.553693964397382,25.535969841807113,24.0,0.0,0.9912621442339585,0.634256712216447,0.037467601201599775
13.200000000000001,25.535969841807113,25.51833411864705,24.0,0.0,0.9857754110619841,0.634256712216447,0.037467601201599775
13.3,25.51833411864705,25.5007863540232,24.0,0.0,0.9802786689977488,0.634256712216447,0.037467601201599775
13.4,25.5007863540232,25.483326109240537,24.0,0.0,0.9747719679608127,0.634256712216447,0.037467601201599775
13.5,25.483326109240537,25.465952947792026,24.0,0.0,0.9692553576217596,0.634256712216447,0.037467601201599775
13.600000000000001,25.465952947792026,25.44866643534773,24.0,0.0,0.9637288874034399,0.634256712216447,0.037467601201599775
13.700000000000001,25.44866643534773,25.431466139743932,24.0,0.0,0.9581926064822064,0.634256712216447,0.037467601201599775
13.8,25.431466139743932,25.414351630972355,24.0,0.0,0.9526465637891434,0.634256712216447,0.037467601201599775
13.9,25.414351630972355,25.397322481169383,24.0,0.0,0.9470908080112939,0.634256712216447,0.037467601201599775
14.0,25.397322481169383,25.380378264605383,24.0,0.0,0.9415253875928674,0.634256712216447,0.037467601201599775
14.100000000000001,25.380378264605383,25.36351855767406,24.0,0.0,0.9359503507364609,0.634256712216447,0.037467601201599775
14.200000000000001,25.36351855767406,25.34674293888186,24.0,0.0,0.9303657454042575,0.634256712216447,0.037467601201599775
14.3,25.34674293888186,25.330050988837442,24.0,0.0,0.9247716193192306,0.634256712216447,0.037467601201599775
14.4,25.330050988837442,25.313442290241188,24.0,0.0,0.9191680199663324,0.634256712216447,0.037467601201599775
14.5,25.313442290241188,25.296916427874763,24.0,0.0,0.9135549945936854,0.634256712216447,0.037467601201599775
14.600000000000001,25.296916427874763,25.28047298859075,24.0,0.0,0.9079325902137566,0.634256712216447,0.037467601201599775
14.700000000000001,25.28047298859075,25.264111561302308,24.0,0.0,0.9023008536045409,0.634256712216447,0.037467601201599775
14.8,25.264111561302308,25.247831736972906,24.0,0.0,0.8966598313107266,0.634256712216447,0.037467601201599775
14.9,25.247831736972906,25.231633108606086,24.0,0.0,0.8910095696448588,0.634256712216447,0.037467601201599775
15.0,25.231633108606086,25.215645392926227,24.0,0.0,0.8853501146884979,0.634256712216447,0.037467601201599775
15.100000000000001,25.215645392926227,25.199955936519608,24.0,0.0,0.8797645303840111,0.634256712216447,0.037467601201599775
15.200000000000001,25.199955936519608,25.184563653170148,24.0,0.0,0.8743093343959865,0.634256712216447,0.037467601201599775
15.3,25.184563653170148,25.16946746007751,24.0,0.0,0.868984951220743,0.634256712216447,0.037467601201599775
15.4,25.16946746007751,25.15466627785004,24.0,0.0,0.8637918034640647,0.634256712216447,0.037467601201599775
15.5,25.15466627785004,25.14015903049772,24.0,0.0,0.8587303118494959,0.634256712216447,0.037467601201599775
15.600000000000001,25.14015903049772,25.125944645425065,24.0,0.0,0.8538008952266117,0.634256712216447,0.037467601201599775
15.700000000000001,25.125944645425065,25.11202205342404,24.0,0.0,0.849003970579237,0.634256712216447,0.037467601201599775
15.8,25.11202205342404,25.098390188666954,24.0,0.0,0.8443399530336446,0.634256712216447,0.037467601201599775
15.9,25.098390188666954,25.085047988699326,24.0,0.0,0.8398092558667073,0.634256712216447,0.037467601201599775
16.0,25.085047988699326,25.071994394432757,24.0,0.0,0.8354122905140238,0.634256712216447,0.037467601201599775
16.1,25.071994394432757,25.059228350137786,24.0,0.0,0.8311494665779975,0.634256712216447,0.037467601201599775
16.2,25.059228350137786,25.046748803436724,24.0,0.0,0.8270211918358992,0.634256712216447,0.037467601201599775
16.3,25.046748803436724,25.034554705296483,24.0,0.0,0.8230278722478739,0.634256712216447,0.037467601201599775
16.400000000000002,25.034554705296483,25.02264501002139,24.0,0.0,0.819169911964928,0.634256712216447,0.037467601201599775
16.5,25.02264501002139,25.011018675245992,24.0,0.0,0.8154477133368763,0.634256712216447,0.037467601201599775
16.6,25.011018675245992,24.99967466192786,24.0,0.0,0.8118616769202541,0.634256712216447,0.037467601201599775
16.7,24.99967466192786,24.988611934340348,24.0,0.0,0.808412201486201,0.634256712216447,0.037467601201599775
16.8,24.988611934340348,24.977829460065383,24.0,0.0,0.8050996840283007,0.634256712216447,0.037467601201599775
16.900000000000002,24.977829460065383,24.967326209986222,24.0,0.0,0.8019245197703935,0.634256712216447,0.037467601201599775
17.0,24.967326209986222,24.9571011582802,24.0,0.0,0.7988871021743597,0.634256712216447,0.037467601201599775
17.1,24.9571011582802,24.947149969975833,24.0,0.0,0.7959878229478576,0.634256712216447,0.037467601201599775
17.2,24.947149969975833,24.93746607665818,24.0,0.0,0.7932249587065994,0.634256712216447,0.037467601201599775
17.3,24.93746607665818,24.92804292573492,24.0,0.0,0.7905953448795153,0.634256712216447,0.037467601201599775
17.400000000000002,24.92804292573492,24.9188739804329,24.0,0.0,0.7880958023801506,0.634256712216447,0.037467601201599775
17.5,24.9188739804329,24.909952719794305,24.0,0.0,0.7857231376637361,0.634256712216447,0.037467601201599775
17.6,24.909952719794305,24.901272638672566,24.0,0.0,0.7834741427840319,0.634256712216447,0.037467601201599775
17.7,24.901272638672566,24.89282724772795,24.0,0.0,0.7813455954499555,0.634256712216447,0.037467601201599775
17.8,24.89282724772795,24.884610073422834,24.0,0.0,0.7793342590820205,0.634256712216447,0.037467601201599775
17.900000000000002,24.884610073422834,24.876614658016678,24.0,0.0,0.7774368828685405,0.634256712216447,0.037467601201599775
18.0,24.876614658016678,24.868834559560703,24.0,0.0,0.7756502018216314,0.634256712216447,0.037467601201599775
18.1,24.868834559560703,24.861263351892294,24.0,0.0,0.7739709368330036,0.634256712216447,0.037467601201599775
18.2,24.861263351892294,24.853894624629064,24.0,0.0,0.7723957947295558,0.634256712216447,0.037467601201599775
18.3,24.853894624629064,24.846721983162666,24.0,0.0,0.7709214683287386,0.634256712216447,0.037467601201599775
18.400000000000002,24.846721983162666,24.839739048652305,24.0,0.0,0.7695446364937308,0.634256712216447,0.037467601201599775
18.5,24.839739048652305,24.83293945801796,24.0,0.0,0.7682619641883979,0.634256712216447,0.037467601201599775
18.6,24.83293945801796,24.82631686393334,24.0,0.0,0.7670701025320503,0.634256712216447,0.037467601201599775
18.7,24.82631686393334,24.819864934818526,24.0,0.0,0.7659656888539953,0.634256712216447,0.037467601201599775
18.8,24.819864934818526,24.813577354832386,24.0,0.0,0.7649453467478755,0.634256712216447,0.037467601201599775
18.900000000000002,24.813577354832386,24.807447823864678,24.0,0.0,0.7640056861258201,0.634256712216447,0.037467601201599775
19.0,24.807447823864678,24.801470057527897,24.0,0.0,0.7631433032723784,0.634256712216447,0.037467601201599775
19.1,24.801470057527897,24.79563778714885,24.0,0.0,0.7623547808982618,0.634256712216447,0.037467601201599775
19.200000000000003,24.79563778714885,24.789944844082797,24.0,0.0,0.7616366881938705,0.634256712216447,0.037467601201599775
19.3,24.789944844082797,24.784385216718167,24.0,0.0,0.7609856346808967,0.634256712216447,0.037467601201599775
19.400000000000002,24.784385216718167,24.77895305027249,24.0,0.0,0.7603983069563008,0.634256712216447,0.037467601201599775
19.5,24.77895305027249,24.773642646587128,24.0,0.0,0.759871469150492,0.634256712216447,0.037467601201599775
19.6,24.773642646587128,24.768448463920706,24.0,0.0,0.7594019633839586,0.634256712216447,0.037467601201599775
19.700000000000003,24.768448463920706,24.763365116741355,24.0,0.0,0.7589867102223185,0.634256712216447,0.037467601201599775
19.8,24.763365116741355,24.758387375517717,24.0,0.0,0.7586227091298163,0.634256712216447,0.037467601201599775
19.900000000000002,24.758387375517717,24.753510166508757,24.0,0.0,0.7583070389212704,0.634256712216447,0.037467601201599775
20.0,24.753510166508757,24.74872857155239,24.0,0.0,0.7580368582124651,0.634256712216447,0.037467601201599775
20.1,24.74872857155239,24.744037827852935,24.0,0.0,0.7578094058690064,0.634256712216447,0.037467601201599775
20.200000000000003,24.744037827852935,24.739433327767408,24.0,0.0,0.7576220014536292,0.634256712216447,0.037467601201599775
20.3,24.739433327767408,24.73491061859067,24.0,0.0,0.7574720456719786,0.634256712216447,0.037467601201599775
20.400000000000002,24.73491061859067,24.730465402339462,24.0,0.0,0.7573570208168481,0.634256712216447,0.037467601201599775
20.5,24.730465402339462,24.72609353553529,24.0,0.0,0.7572744912109068,0.634256712216447,0.037467601201599775
20.6,24.72609353553529,24.721791028986257,24.0,0.0,0.757222103647895,0.634256712216447,0.037467601201599775
20.700000000000003,24.721791028986257,24.717554047567752,24.0,0.0,0.7571975878323094,0.634256712216447,0.037467601201599775
20.8,24.717554047567752,24.713378910002113,24.0,0.0,0.7571987568175729,0.634256712216447,0.037467601201599775
20.900000000000002,24.713378910002113,24.70926208863719,24.0,0.0,0.7572235074426985,0.634256712216447,0.037467601201599775
21.0,24.70926208863719,24.705200209223886,24.0,0.0,0.7572698207674464,0.634256712216447,0.037467601201599775
21.1,24.705200209223886,24.701190050692656,24.0,0.0,0.7573357625059935,0.634256712216447,0.037467601201599775
21.200000000000003,24.701190050692656,24.69722854492898,24.0,0.0,0.7574194834590972,0.634256712216447,0.037467601201599775
21.3,24.69722854492898,24.69331277440127,24.0,0.0,0.7575192199447782,0.634256712216447,0.037467601201599775
21.400000000000002,24.69331277440127,24.689439968334522,24.0,0.0,0.7576332928580038,0.634256712216447,0.037467601201599775
21.5,24.689439968334522,24.685607498884764,24.0,0.0,0.757760105793656,0.634256712216447,0.037467601201599775
21.6,24.685607498884764,24.681812877314364,24.0,0.0,0.7578981431556865,0.634256712216447,0.037467601201599775
21.700000000000003,24.681812877314364,24.678053750168278,24.0,0.0,0.7580459682524723,0.634256712216447,0.037467601201599775
21.8,24.678053750168278,24.67432789545123,24.0,0.0,0.7582022213784474,0.634256712216447,0.037467601201599775
21.900000000000002,24.67432789545123,24.67063321880598,24.0,0.0,0.7583656178820053,0.634256712216447,0.037467601201599775
22.0,24.67063321880598,24.666967749692624,24.0,0.0,0.758534946219761,0.634256712216447,0.037467601201599775
22.1,24.666967749692624,24.663329637569106,24.0,0.0,0.7587090659971752,0.634256712216447,0.037467601201599775
22.200000000000003,24.663329637569106,24.659717148072872,24.0,0.0,0.758886905995602,0.634256712216447,0.037467601201599775
22.3,24.659717148072872,24.656128659203816,24.0,0.0,0.7590674621857891,0.634256712216447,0.037467601201599775
22.400000000000002,24.656128659203816,24.65256265750853,24.0,0.0,0.7592497957278752,0.634256712216447,0.037467601201599775
22.5,24.65256265750853,24.64901773426591,24.0,0.0,0.7594330309579229,0.634256712216447,0.037467601201599775
22.6,24.64901773426591,24.64549258167421,24.0,0.0,0.7596163533610245,0.634256712216447,0.037467601201599775
22.700000000000003,24.64549258167421,24.64198598903953,24.0,0.0,0.7597990075310259,0.634256712216447,0.037467601201599775
22.8,24.64198598903953,24.63849683896587,24.0,0.0,0.7599802951169068,0.634256712216447,0.037467601201599775
22.900000000000002,24.63849683896587,24.635024103546744,24.0,0.0,0.7601595727558439,0.634256712216447,0.037467601201599775
23.0,24.635024103546744,24.631566840558413,24.0,0.0,0.7603362499930202,0.634256712216447,0.037467601201599775
23.1,24.631566840558413,24.628124189654827,24.0,0.0,0.7605097871881936,0.634256712216447,0.037467601201599775
23.200000000000003,24.628124189654827,24.62469536856429,24.0,0.0,0.7606796934090823,0.634256712216447,0.037467601201599775
23.3,24.62469536856429,24.621279669287905,24.0,0.0,0.760845524311605,0.634256712216447,0.037467601201599775
23.400000000000002,24.621279669287905,24.617876454354505,24.0,0.0,0.7610068800069991,0.634256712216447,0.037467601201599775
23.5,24.617876454354505,24.614485153169156,24.0,0.0,0.7611634029507366,0.634256712216447,0.037467601201599775
23.6,24.614485153169156,24.61110525845531,24.0,0.0,0.7613147758771058,0.634256712216447,0.037467601201599775
23.700000000000003,24.61110525845531,24.60773632279071,24.0,0.0,0.7614607197798652,0.634256712216447,0.037467601201599775
23.8,24.60773632279071,24.604377955237098,24.0,0.0,0.761600991939372,0.634256712216447,0.037467601201599775
23.900000000000002,24.604377955237098,24.601029818063846,24.0,0.0,0.7617353839965895,0.634256712216447,0.037467601201599775
24.0,24.601029818063846,24.597691623565552,24.0,0.0,0.761863720074382,0.634256712216447,0.037467601201599775
24.1,24.597691623565552,24.594363130973672,24.0,0.0,0.761985854946484,0.634256712216447,0.037467601201599775
24.200000000000003,24.594363130973672,24.591044143462312,24.0,0.0,0.762101672254547,0.634256712216447,0.037467601201599775
24.3,24.591044143462312,24.587734505248182,24.0,0.0,0.762211082773683,0.634256712216447,0.037467601201599775
24.400000000000002,24.587734505248182,24.58443409878483,24.0,0.0,0.7623140227268688,0.634256712216447,0.037467601201599775
24.5,24.58443409878483,24.581142842051204,24.0,0.0,0.7624104521486331,0.634256712216447,0.037467601201599775
24.6,24.581142842051204,24.57786068593462,24.0,0.0,0.7625003532984176,0.634256712216447,0.037467601201599775
24.700000000000003,24.57786068593462,24.574587611708175,24.0,0.0,0.7625837291240005,0.634256712216447,0.037467601201599775
24.8,24.574587611708175,24.571323628602684,24.0,0.0,0.762660601775381,0.634256712216447,0.037467601201599775
24.900000000000002,24.571323628602684,24.56806877147321,24.0,0.0,0.762731011169516,0.634256712216447,0.037467601201599775
25.0,24.56806877147321,24.564823098560222,24.0,0.0,0.7627950136063061,0.634256712216447,0.037467601201599775
25.1,24.564823098560222,24.561586689345447,24.0,0.0,0.7628526804362143,0.634256712216447,0.037467601201599775
25.200000000000003,24.561586689345447,24.558359642502474,24.0,0.0,0.7629040967799161,0.634256712216447,0.037467601201599775
25.3,24.558359642502474,24.555142073942164,24.0,0.0,0.7629493603003588,0.634256712216447,0.037467601201599775
25.400000000000002,24.555142073942164,24.551934114952893,24.0,0.0,0.7629885800276354,0.634256712216447,0.037467601201599775
25.5,24.551934114952893,24.548735910434317,24.0,0.0,0.7630218752370359,0.634256712216447,0.037467601201599775
25.6,24.548735910434317,24.545547617222365,24.0,0.0,0.7630493743798034,0.634256712216447,0.037467601201599775
25.700000000000003,24.545547617222365,24.542369402503134,24.0,0.0,0.7630712140654656,0.634256712216447,0.037467601201599775
25.8,24.542369402503134,24.53920144231343,24.0,0.0,0.763087538094622,0.634256712216447,0.037467601201599775
25.900000000000002,24.53920144231343,24.53604392012564,24.0,0.0,0.763098496541061,0.634256712216447,0.037467601201599775
26.0,24.53604392012564,24.53289702551459,24.0,0.0,0.7631042448820627,0.634256712216447,0.037467601201599775
26.1,24.53289702551459,24.529760952904166,24.0,0.0,0.7631049431757169,0.634256712216447,0.037467601201599775
26.200000000000003,24.529760952904166,24.52663590039127,24.0,0.0,0.7631007552841166,0.634256712216447,0.037467601201599775
26.3,24.52663590039127,24.52352206864488,24.0,0.0,0.7630918481412139,0.634256712216447,0.037467601201599775
26.400000000000002,24.52352206864488,24.52041965987785,24.0,0.0,0.7630783910641759,0.634256712216447,0.037467601201599775
26.5,24.52041965987785,24.517328876889113,24.0,0.0,0.7630605551070246,0.634256712216447,0.037467601201599775
26.6,24.517328876889113,24.514249922174006,24.0,0.0,0.76303851245535,0.634256712216447,0.037467601201599775
26.700000000000003,24.514249922174006,24.511182997100285,24.0,0.0,0.7630124358608797,0.634256712216447,0.037467601201599775
26.8,24.511182997100285,24.508128301147597,24.0,0.0,0.7629824981146464,0.634256712216447,0.037467601201599775
26.900000000000002,24.508128301147597,24.505086031207988,24.0,0.0,0.762948871557538,0.634256712216447,0.037467601201599775
27.0,24.505086031207988,24.50205638094512,24.0,0.0,0.7629117276269466,0.634256712216447,0.037467601201599775
27.1,24.50205638094512,24.499039540209868,24.0,0.0,0.7628712364382517,0.634256712216447,0.037467601201599775
27.200000000000003,24.499039540209868,24.49603569450988,24.0,0.0,0.762827566399871,0.634256712216447,0.037467601201599775
27.3,24.49603569450988,24.493045024530826,24.0,0.0,0.7627808838605579,0.634256712216447,0.037467601201599775
27.400000000000002,24.493045024530826,24.49006770570687,24.0,0.0,0.7627313527876728,0.634256712216447,0.037467601201599775
27.5,24.49006770570687,24.487103907838105,24.0,0.0,0.7626791344750916,0.634256712216447,0.037467601201599775
27.6,24.487103907838105,24.4841537947525,24.0,0.0,0.7626243872794358,0.634256712216447,0.037467601201599775
27.700000000000003,24.4841537947525,24.481217524010205,24.0,0.0,0.7625672663832972,0.634256712216447,0.037467601201599775
27.8,24.481217524010205,24.47829524664785,24.0,0.0,0.7625079235841946,0.634256712216447,0.037467601201599775
27.900000000000002,24.47829524664785,24.475387106960806,24.0,0.0,0.7624465071079649,0.634256712216447,0.037467601201599775
28.0,24.475387106960806,24.4724932423212,24.0,0.0,0.7623831614453933,0.634256712216447,0.037467601201599775
28.1,24.4724932423212,24.469613783029665,24.0,0.0,0.7623180272108513,0.634256712216447,0.037467601201599775
28.200000000000003,24.469613783029665,24.466748852198833,24.0,0.0,0.7622512410217743,0.634256712216447,0.037467601201599775
28.3,24.466748852198833,24.463898565666614,24.0,0.0,0.7621829353978327,0.634256712216447,0.037467601201599775
28.400000000000002,24.463898565666614,24.461063031937396,24.0,0.0,0.7621132386786718,0.634256712216447,0.037467601201599775
28.5,24.461063031937396,24.458242352149313,24.0,0.0,0.762042274959142,0.634256712216447,0.037467601201599775
28.6,24.458242352149313,24.455436620065832,24.0,0.0,0.7619701640409382,0.634256712216447,0.037467601201599775
28.700000000000003,24.455436620065832,24.45264592208996,24.0,0.0,0.7618970213996328,0.634256712216447,0.037467601201599775
28.8,24.45264592208996,24.449870337299366,24.0,0.0,0.7618229581661069,0.634256712216447,0.037467601201599775
28.900000000000002,24.449870337299366,24.447109937500894,24.0,0.0,0.7617480811213827,0.634256712216447,0.037467601201599775
29.0,24.447109937500894,24.444364787302867,24.0,0.0,0.7616724927039564,0.634256712216447,0.037467601201599775
29.1,24.444364787302867,24.44163494420374,24.0,0.0,0.7615962910286851,0.634256712216447,0.037467601201599775
29.200000000000003,24.44163494420374,24.438920458695673,24.0,0.0,0.7615195699163789,0.634256712216447,0.037467601201599775
29.3,24.438920458695673,24.43622137438165,24.0,0.0,0.7614424189332354,0.634256712216447,0.037467601201599775
29.400000000000002,24.43622137438165,24.433537728104852,24.0,0.0,0.7613649234393222,0.634256712216447,0.037467601201599775
29.5,24.433537728104852,24.430869550089067,24.0,0.0,0.7612871646452972,0.634256712216447,0.037467601201599775
29.6,24.430869550089067,24.42821686408887,24.0,0.0,0.7612092196766621,0.634256712216447,0.037467601201599775
29.700000000000003,24.42821686408887,24.42557968754856,24.0,0.0,0.761131161644783,0.634256712216447,0.037467601201599775
29.8,24.42557968754856,24.42295803176868,24.0,0.0,0.7610530597240479,0.634256712216447,0.037467601201599775
29.900000000000002,24.42295803176868,24.420351902079176,24.0,0.0,0.7609749792344704,0.634256712216447,0.037467601201599775
30.0,24.420351902079176,24.417761298018206,24.0,0.0,0.7608969817291398,0.634256712216447,0.037467601201599775
30.1,24.417761298018206,24.415186213515696,24.0,0.0,0.7608191250859355,0.634256712216447,0.037467601201599775
30.200000000000003,24.415186213515696,24.412626637080784,24.0,0.0,0.7607414636029347,0.634256712216447,0.037467601201599775
30.3,24.412626637080784,24.410082551992364,24.0,0.0,0.7606640480969907,0.634256712216447,0.037467601201599775
30.400000000000002,24.410082551992364,24.407553936491954,24.0,0.0,0.7605869260049889,0.634256712216447,0.037467601201599775
30.5,24.407553936491954,24.40504076397819,24.0,0.0,0.7605101414873018,0.634256712216447,0.037467601201599775
30.6,24.40504076397819,24.402543003202265,24.0,0.0,0.7604337355330006,0.634256712216447,0.037467601201599775
30.700000000000003,24.402543003202265,24.400060618463748,24.0,0.0,0.7603577460664076,0.634256712216447,0.037467601201599775
30.8,24.400060618463748,24.397593569806112,24.0,0.0,0.7602822080546059,0.634256712216447,0.037467601201599775
30.900000000000002,24.397593569806112,24.395141813211538,24.0,0.0,0.7602071536155177,0.634256712216447,0.037467601201599775
31.0,24.395141813211538,24.39270530079443,24.0,0.0,0.7601326121262366,0.634256712216447,0.037467601201599775
31.1,24.39270530079443,24.390283980993225,24.0,0.0,0.7600586103312784,0.634256712216447,0.037467601201599775
31.200000000000003,24.390283980993225,24.387877798760062,24.0,0.0,0.7599851724504647,0.634256712216447,0.037467601201599775
31.3,24.387877798760062,24.385486695747925,24.0,0.0,0.7599123202861551,0.634256712216447,0.037467601201599775
31.400000000000002,24.385486695747925,24.38311061049492,24.0,0.0,0.7598400733295869,0.634256712216447,0.037467601201599775
31.5,24.38311061049492,24.38074947860538,24.0,0.0,0.7597684488660827,0.634256712216447,0.037467601201599775
31.6,24.38074947860538,24.378403232927493,24.0,0.0,0.7596974620789243,0.634256712216447,0.037467601201599775
31.700000000000003,24.378403232927493,24.376071803727207,24.0,0.0,0.7596271261516874,0.634256712216447,0.037467601201599775
31.8,24.376071803727207,24.373755118858206,24.0,0.0,0.7595574523688704,0.634256712216447,0.037467601201599775
31.900000000000002,24.373755118858206,24.371453103927724,24.0,0.0,0.7594884502146597,0.634256712216447,0.037467601201599775
32.0,24.371453103927724,24.369165682458053,24.0,0.0,0.7594201274696851,0.634256712216447,0.037467601201599775
32.1,24.369165682458053,24.36689277604358,24.0,0.0,0.7593524903056439,0.634256712216447,0.037467601201599775
32.2,24.36689277604358,24.364634304503245,24.0,0.0,0.7592855433776802,0.634256712216447,0.037467601201599775
32.300000000000004,24.364634304503245,24.362390186028282,24.0,0.0,0.7592192899144267,0.634256712216447,0.037467601201599775
32.4,24.362390186028282,24.360160337325215,24.0,0.0,0.759153731805621,0.634256712216447,0.037467601201599775
32.5,24.360160337325215,24.357944673753988,24.0,0.0,0.7590888696872272,0.634256712216447,0.037467601201599775
32.6,24.357944673753988,24.35574310946122,24.0,0.0,0.7590247030240076,0.634256712216447,0.037467601201599775
32.7,24.35574310946122,24.353555557508535,24.0,0.0,0.7589612301894941,0.634256712216447,0.037467601201599775
32.800000000000004,24.353555557508535,24.351381929995977,24.0,0.0,0.7588984485433162,0.634256712216447,0.037467601201599775
32.9,24.351381929995977,24.34922213818048,24.0,0.0,0.7588363545058715,0.634256712216447,0.037467601201599775
33.0,24.34922213818048,24.347076092589433,24.0,0.0,0.7587749436303137,0.634256712216447,0.037467601201599775
33.1,24.347076092589433,24.34494370312936,24.0,0.0,0.7587142106718446,0.634256712216447,0.037467601201599775
33.2,24.34494370312936,24.34282487918976,24.0,0.0,0.7586541496543193,0.634256712216447,0.037467601201599775
33.300000000000004,24.34282487918976,24.340719529742127,24.0,0.0,0.7585947539341698,0.634256712216447,0.037467601201599775
33.4,24.340719529742127,24.338627563434265,24.0,0.0,0.7585360162616454,0.634256712216447,0.037467601201599775
33.5,24.338627563434265,24.336548888679907,24.0,0.0,0.7584779288394156,0.634256712216447,0.037467601201599775
33.6,24.336548888679907,24.33448341374376,24.0,0.0,0.7584204833785391,0.634256712216447,0.037467601201599775
33.7,24.33448341374376,24.33243104682204,24.0,0.0,0.758363671151844,0.634256712216447,0.037467601201599775
33.800000000000004,24.33243104682204,24.330391696118582,24.0,0.0,0.7583074830447477,0.634256712216447,0.037467601201599775
33.9,24.330391696118582,24.328365269916628,24.0,0.0,0.7582519096035646,0.634256712216447,0.037467601201599775
34.0,24.328365269916628,24.326351676646418,24.0,0.0,0.758196941081333,0.634256712216447,0.037467601201599775
34.1,24.326351676646418,24.324350824948645,24.0,0.0,0.7581425674812347,0.634256712216447,0.037467601201599775
34.2,24.324350824948645,24.322362623733916,24.0,0.0,0.7580887785976314,0.634256712216447,0.037467601201599775
34.300000000000004,24.322362623733916,24.320386982238325,24.0,0.0,0.7580355640547887,0.634256712216447,0.037467601201599775
34.4,24.320386982238325,24.318423810075256,24.0,0.0,0.757982913343346,0.634256712216447,0.037467601201599775
34.5,24.318423810075256,24.31647301728352,24.0,0.0,0.757930815854582,0.634256712216447,0.037467601201599775
34.6,24.31647301728352,24.314534514371967,24.0,0.0,0.7578792609125451,0.634256712216447,0.037467601201599775
34.7,24.314534514371967,24.312608212360683,24.0,0.0,0.757828237804104,0.634256712216447,0.037467601201599775
34.800000000000004,24.312608212360683,24.310694022818893,24.0,0.0,0.7577777358069983,0.634256712216447,0.037467601201599775
34.9,24.310694022818893,24.308791857899703,24.0,0.0,0.7577277442159336,0.634256712216447,0.037467601201599775
35.0,24.308791857899703,24.306901630371783,24.0,0.0,0.7576782523668031,0.634256712216447,0.037467601201599775
35.1,24.306901630371783,24.30502325364814,24.0,0.0,0.7576292496590928,0.634256712216447,0.037467601201599775
35.2,24.30502325364814,24.30315664181209,24.0,0.0,0.757580725576542,0.634256712216447,0.037467601201599775
35.300000000000004,24.30315664181209,24.301301709640533,24.0,0.0,0.7575326697061278,0.634256712216447,0.037467601201599775
35.4,24.301301709640533,24.299458372624688,24.0,0.0,0.7574850717554283,0.634256712216447,0.037467601201599775
35.5,24.299458372624688,24.29762654698838,24.0,0.0,0.7574379215684495,0.634256712216447,0.037467601201599775
35.6,24.29762654698838,24.295806149704,24.0,0.0,0.7573912091399674,0.634256712216447,0.037467601201599775
35.7,24.295806149704,24.293997098506257,24.0,0.0,0.7573449246284578,0.634256712216447,0.037467601201599775
35.800000000000004,24.293997098506257,24.29219931190383,24.0,0.0,0.7572990583676724,0.634256712216447,0.037467601201599775
35.9,24.29219931190383,24.29041270918904,24.0,0.0,0.7572536008769295,0.634256712216447,0.037467601201599775
36.0,24.29041270918904,24.288637210445657,24.0,0.0,0.7572085428701885,0.634256712216447,0.037467601201599775
36.1,24.288637210445657,24.28687273655489,24.0,0.0,0.7571638752639569,0.634256712216447,0.037467601201599775
36.2,24.28687273655489,24.285119209199777,24.0,0.0,0.7571195891840927,0.634256712216447,0.037467601201599775
36.300000000000004,24.285119209199777,24.283376550867953,24.0,0.0,0.7570756759715782,0.634256712216447,0.037467601201599775
36.4,24.283376550867953,24.28164468485297,24.0,0.0,0.7570321271872991,0.634256712216447,0.037467601201599775
36.5,24.28164468485297,24.279923535254245,24.0,0.0,0.7569889346158993,0.634256712216447,0.037467601201599775
36.6,24.279923535254245,24.278213026975724,24.0,0.0,0.7569460902687635,0.634256712216447,0.037467601201599775
36.7,24.278213026975724,24.276513085723355,24.0,0.0,0.7569035863861915,0.634256712216447,0.037467601201599775
36.800000000000004,24.276513085723355,24.274823638001443,24.0,0.0,0.7568614154387936,0.634256712216447,0.037467601201599775
36.9,24.274823638001443,24.273144611108002,24.0,0.0,0.7568195701281734,0.634256712216447,0.037467601201599775
37.0,24.273144611108002,24.271475933129146,24.0,0.0,0.7567780433869522,0.634256712216447,0.037467601201599775
37.1,24.271475933129146,24.269817532932628,24.0,0.0,0.7567368283781667,0.634256712216447,0.037467601201599775
37.2,24.269817532932628,24.268169340160565,24.0,0.0,0.7566959184940957,0.634256712216447,0.037467601201599775
37.300000000000004,24.268169340160565,24.26653128522148,24.0,0.0,0.7566553073545516,0.634256712216447,0.037467601201599775
37.4,24.26653128522148,24.26490329928164,24.0,0.0,0.7566149888046998,0.634256712216447,0.037467601201599775
37.5,24.26490329928164,24.26328531425586,24.0,0.0,0.7565749569124112,0.634256712216447,0.037467601201599775
37.6,24.26328531425586,24.261677262797733,24.0,0.0,0.7565352059652213,0.634256712216447,0.037467601201599775
37.7,24.261677262797733,24.260079078289426,24.0,0.0,0.7564957304669175,0.634256712216447,0.037467601201599775
37.800000000000004,24.260079078289426,24.25849069483105,24.0,0.0,0.7564565251337865,0.634256712216447,0.037467601201599775
37.9,24.25849069483105,24.25691204722967,24.0,0.0,0.7564175848905633,0.634256712216447,0.037467601201599775
38.0,24.25691204722967,24.255343070988015,24.0,0.0,0.7563789048661119,0.634256712216447,0.037467601201599775
38.1,24.255343070988015,24.25378370229294,24.0,0.0,0.7563404803888721,0.634256712216447,0.037467601201599775
38.2,24.25378370229294,24.252233878003633,24.0,0.0,0.7563023069820973,0.634256712216447,0.037467601201599775
38.300000000000004,24.252233878003633,24.250693535639705,24.0,0.0,0.7562643803589063,0.634256712216447,0.037467601201599775
38.400000000000006,24.250693535639705,24.249162613369112,24.0,0.0,0.7562266964171905,0.634256712216447,0.037467601201599775
38.5,24.249162613369112,24.247641049995984,24.0,0.0,0.7561892512343915,0.634256712216447,0.037467601201599775
38.6,24.247641049995984,24.246128784948425,24.0,0.0,0.7561520410621618,0.634256712216447,0.037467601201599775
38.7,24.246128784948425,24.244625758266245,24.0,0.0,0.7561150623209654,0.634256712216447,0.037467601201599775
38.800000000000004,24.244625758266245,24.243131910588737,24.0,0.0,0.7560783115945885,0.634256712216447,0.037467601201599775
38.900000000000006,24.243131910588737,24.24164718314246,24.0,0.0,0.7560417856246319,0.634256712216447,0.037467601201599775
39.0,24.24164718314246,24.240171517729106,24.0,0.0,0.756005481304967,0.634256712216447,0.037467601201599775
39.1,24.240171517729106,24.238704856713415,24.0,0.0,0.7559693956761863,0.634256712216447,0.037467601201599775
39.2,24.238704856713415,24.237247143011242,24.0,0.0,0.7559335259200605,0.634256712216447,0.037467601201599775
39.300000000000004,24.237247143011242,24.235798320077716,24.0,0.0,0.7558978693540237,0.634256712216447,0.037467601201599775
39.400000000000006,24.235798320077716,24.23435833189557,24.0,0.0,0.7558624234256899,0.634256712216447,0.037467601201599775
39.5,24.23435833189557,24.23292712296361,24.0,0.0,0.7558271857074252,0.634256712216447,0.037467601201599775
39.6,24.23292712296361,24.231504638285386,24.0,0.0,0.755792153890968,0.634256712216447,0.037467601201599775
39.7,24.231504638285386,24.230090823358047,24.0,0.0,0.7557573257821399,0.634256712216447,0.037467601201599775
39.800000000000004,24.230090823358047,24.228685624161393,24.0,0.0,0.755722699295616,0.634256712216447,0.037467601201599775
39.900000000000006,24.228685624161393,24.22728898714716,24.0,0.0,0.7556882724497989,0.634256712216447,0.037467601201599775
40.0,24.22728898714716,24.225900859228506,24.0,0.0,0.7556540433617849,0.634256712216447,0.037467601201599775
40.1,24.225900859228506,24.22452118776977,24.0,0.0,0.7556200102424321,0.634256712216447,0.037467601201599775
40.2,24.22452118776977,24.223149920576425,24.0,0.0,0.7555861713915422,0.634256712216447,0.037467601201599775
40.300000000000004,24.223149920576425,24.221787005885318,24.0,0.0,0.7555525251931532,0.634256712216447,0.037467601201599775
40.400000000000006,24.221787005885318,24.22043239235514,24.0,0.0,0.7555190701109609,0.634256712216447,0.037467601201599775
40.5,24.22043239235514,24.219086029057156,24.0,0.0,0.7554858046838535,0.634256712216447,0.037467601201599775
40.6,24.219086029057156,24.2177478654662,24.0,0.0,0.7554527275215811,0.634256712216447,0.037467601201599775
40.7,24.2177478654662,24.21641785145193,24.0,0.0,0.7554198373005532,0.634256712216447,0.037467601201599775
40.800000000000004,24.21641785145193,24.215095937270327,24.0,0.0,0.7553871327597701,0.634256712216447,0.037467601201599775
40.900000000000006,24.215095937270327,24.213782073555493,24.0,0.0,0.7553546126968878,0.634256712216447,0.037467601201599775
41.0,24.213782073555493,24.21247621131167,24.0,0.0,0.7553222759644191,0.634256712216447,0.037467601201599775
41.1,24.21247621131167,24.21117830190556,24.0,0.0,0.7552901214660706,0.634256712216447,0.037467601201599775
41.2,24.21117830190556,24.209888297058853,24.0,0.0,0.7552581481532179,0.634256712216447,0.037467601201599775
41.300000000000004,24.209888297058853,24.208606148841085,24.0,0.0,0.7552263550215117,0.634256712216447,0.037467601201599775
41.400000000000006,24.208606148841085,24.20733180966267,24.0,0.0,0.7551947411076336,0.634256712216447,0.037467601201599775
41.5,24.20733180966267,24.206065232268248,24.0,0.0,0.7551633054861678,0.634256712216447,0.037467601201599775
41.6,24.206065232268248,24.204806369730242,24.0,0.0,0.7551320472666286,0.634256712216447,0.037467601201599775
41.7,24.204806369730242,24.203555175442677,24.0,0.0,0.7551009655906009,0.634256712216447,0.037467601201599775
41.800000000000004,24.203555175442677,24.20231160311523,24.0,0.0,0.7550700596290264,0.634256712216447,0.037467601201599775
41.900000000000006,24.20231160311523,24.201075606767525,24.0,0.0,0.7550393285796146,0.634256712216447,0.037467601201599775
42.0,24.201075606767525,24.19984714072363,24.0,0.0,0.7550087716643806,0.634256712216447,0.037467601201599775
42.1,24.19984714072363,24.198626159606818,24.0,0.0,0.7549783881273019,0.634256712216447,0.037467601201599775
42.2,24.198626159606818,24.197412618334514,24.0,0.0,0.7549481772321093,0.634256712216447,0.037467601201599775
42.300000000000004,24.197412618334514,24.19620647211347,24.0,0.0,0.7549181382601913,0.634256712216447,0.037467601201599775
42.400000000000006,24.19620647211347,24.19500767643515,24.0,0.0,0.7548882705086117,0.634256712216447,0.037467601201599775
42.5,24.19500767643515,24.1938161870713,24.0,0.0,0.7548585732882535,0.634256712216447,0.037467601201599775
42.6,24.1938161870713,24.192631960069722,24.0,0.0,0.7548290459220566,0.634256712216447,0.037467601201599775
42.7,24.192631960069722,24.19145495175025,24.0,0.0,0.7547996877433759,0.634256712216447,0.037467601201599775
42.800000000000004,24.19145495175025,24.19028511870088,24.0,0.0,0.7547704980944403,0.634256712216447,0.037467601201599775
42.900000000000006,24.19028511870088,24.18912241777411,24.0,0.0,0.7547414763249148,0.634256712216447,0.037467601201599775
43.0,24.18912241777411,24.187966806083413,24.0,0.0,0.7547126217905551,0.634256712216447,0.037467601201599775
43.1,24.187966806083413,24.186818240999905,24.0,0.0,0.7546839338519608,0.634256712216447,0.037467601201599775
43.2,24.186818240999905,24.185676680149154,24.0,0.0,0.7546554118734254,0.634256712216447,0.037467601201599775
43.300000000000004,24.185676680149154,24.184542081408146,24.0,0.0,0.7546270552218596,0.634256712216447,0.037467601201599775
43.400000000000006,24.184542081408146,24.183414402902393,24.0,0.0,0.7545988632658146,0.634256712216447,0.037467601201599775
43.5,24.183414402902393,24.18229360300318,24.0,0.0,0.754570835374576,0.634256712216447,0.037467601201599775
43.6,24.18229360300318,24.18117964032495,24.0,0.0,0.7545429709173418,0.634256712216447,0.037467601201599775
43.7,24.18117964032495,24.180072473722802,24.0,0.0,0.7545152692624688,0.634256712216447,0.037467601201599775
43.800000000000004,24.180072473722802,24.178972062290132,24.0,0.0,0.7544877297767987,0.634256712216447,0.037467601201599775
43.900000000000006,24.178972062290132,24.177878365356367,24.0,0.0,0.7544603518250393,0.634256712216447,0.037467601201599775
44.0,24.177878365356367,24.17679134248482,24.0,0.0,0.7544331347692248,0.634256712216447,0.037467601201599775
44.1,24.17679134248482,24.17571095347065,24.0,0.0,0.7544060779682241,0.634256712216447,0.037467601201599775
44.2,24.17571095347065,24.174637158338914,24.0,0.0,0.754379180777321,0.634256712216447,0.037467601201599775
44.300000000000004,24.174637158338914,24.17356991734272,24.0,0.0,0.7543524425478353,0.634256712216447,0.037467601201599775
44.400000000000006,24.17356991734272,24.172509190961463,24.0,0.0,0.7543258626268066,0.634256712216447,0.037467601201599775
44.5,24.172509190961463,24.17145493989914,24.0,0.0,0.754299440356724,0.634256712216447,0.037467601201599775
44.6,24.17145493989914,24.170407125082747,24.0,0.0,0.7542731750753019,0.634256712216447,0.037467601201599775
44.7,24.170407125082747,24.16936570766077,24.0,0.0,0.7542470661152967,0.634256712216447,0.037467601201599775
44.800000000000004,24.16936570766077,24.168330649001707,24.0,0.0,0.7542211128043748,0.634256712216447,0.037467601201599775
44.900000000000006,24.168330649001707,24.16730191069268,24.0,0.0,0.7541953144650064,0.634256712216447,0.037467601201599775
45.0,24.16730191069268,24.166279454538095,24.0,0.0,0.7541696704144012,0.634256712216447,0.037467601201599775
45.1,24.166279454538095,24.16526324255838,24.0,0.0,0.754144179964475,0.634256712216447,0.037467601201599775
45.2,24.16526324255838,24.164253236988753,24.0,0.0,0.7541188424218529,0.634256712216447,0.037467601201599775
45.300000000000004,24.164253236988753,24.163249400278037,24.0,0.0,0.7540936570878962,0.634256712216447,0.037467601201599775
45.400000000000006,24.163249400278037,24.16225169508754,24.0,0.0,0.7540686232587573,0.634256712216447,0.037467601201599775
45.5,24.16225169508754,24.161260084289967,24.0,0.0,0.7540437402254543,0.634256712216447,0.037467601201599775
45.6,24.161260084289967,24.160274530968362,24.0,0.0,0.7540190072739784,0.634256712216447,0.037467601201599775
45.7,24.160274530968362,24.159294998415096,24.0,0.0,0.7539944236854125,0.634256712216447,0.037467601201599775
45.800000000000004,24.159294998415096,24.158321450130885,24.0,0.0,0.7539699887360714,0.634256712216447,0.037467601201599775
45.900000000000006,24.158321450130885,24.157353849823828,24.0,0.0,0.75394570169766,0.634256712216447,0.037467601201599775
46.0,24.157353849823828,24.156392161408494,24.0,0.0,0.7539215618374401,0.634256712216447,0.037467601201599775
46.1,24.156392161408494,24.155436349005008,24.0,0.0,0.7538975684184248,0.634256712216447,0.037467601201599775
46.2,24.155436349005008,24.154486376938166,24.0,0.0,0.7538737206995694,0.634256712216447,0.037467601201599775
46.300000000000004,24.154486376938166,24.15354220973658,24.0,0.0,0.7538500179359768,0.634256712216447,0.037467601201599775
46.400000000000006,24.15354220973658,24.152603812131833,24.0,0.0,0.7538264593791194,0.634256712216447,0.037467601201599775
46.5,24.152603812131833,24.151671149057638,24.0,0.0,0.7538030442770597,0.634256712216447,0.037467601201599775
46.6,24.151671149057638,24.15074418564903,24.0,0.0,0.7537797718746829,0.634256712216447,0.037467601201599775
46.7,24.15074418564903,24.149822887241566,24.0,0.0,0.7537566414139314,0.634256712216447,0.037467601201599775
46.800000000000004,24.149822887241566,24.1489072193705,24.0,0.0,0.7537336521340458,0.634256712216447,0.037467601201599775
46.900000000000006,24.1489072193705,24.14799714777003,24.0,0.0,0.7537108032718025,0.634256712216447,0.037467601201599775
47.0,24.14799714777003,24.14709263837249,24.0,0.0,0.7536880940617698,0.634256712216447,0.037467601201599775
47.1,24.14709263837249,24.146193657307588,24.0,0.0,0.7536655237365407,0.634256712216447,0.037467601201599775
47.2,24.146193657307588,24.14530017090162,24.0,0.0,0.7536430915269906,0.634256712216447,0.037467601201599775
47.300000000000004,24.14530017090162,24.14441214567671,24.0,0.0,0.7536207966625182,0.634256712216447,0.037467601201599775
47.400000000000006,24.14441214567671,24.14352954835004,24.0,0.0,0.7535986383712898,0.634256712216447,0.037467601201599775
47.5,24.14352954835004,24.142652345833067,24.0,0.0,0.753576615880486,0.634256712216447,0.037467601201599775
47.6,24.142652345833067,24.14178050523078,24.0,0.0,0.7535547284165385,0.634256712216447,0.037467601201599775
47.7,24.14178050523078,24.140913993840915,24.0,0.0,0.7535329752053702,0.634256712216447,0.037467601201599775
47.800000000000004,24.140913993840915,24.140052779153184,24.0,0.0,0.7535113554726314,0.634256712216447,0.037467601201599775
47.900000000000006,24.140052779153184,24.1391968288485,24.0,0.0,0.7534898684439272,0.634256712216447,0.037467601201599775
48.0,24.1391968288485,24.138346110798214,24.0,0.0,0.7534685133450408,0.634256712216447,0.037467601201599775
48.1,24.138346110798214,24.13750059306332,24.0,0.0,0.7534472894021603,0.634256712216447,0.037467601201599775
48.2,24.13750059306332,24.13666024389367,24.0,0.0,0.7534261958420931,0.634256712216447,0.037467601201599775
48.300000000000004,24.13666024389367,24.1358250317272,24.0,0.0,0.7534052318924693,0.634256712216447,0.037467601201599775
48.400000000000006,24.1358250317272,24.134994925189133,24.0,0.0,0.7533843967819572,0.634256712216447,0.037467601201599775
48.5,24.134994925189133,24.134169893091165,24.0,0.0,0.7533636897404556,0.634256712216447,0.037467601201599775
48.6,24.134169893091165,24.133349904430684,24.0,0.0,0.7533431099992857,0.634256712216447,0.037467601201599775
48.7,24.133349904430684,24.13253492838994,24.0,0.0,0.7533226567913821,0.634256712216447,0.037467601201599775
48.800000000000004,24.13253492838994,24.131724934335253,24.0,0.0,0.7533023293514646,0.634256712216447,0.037467601201599775
48.900000000000006,24.131724934335253,24.130919891816173,24.0,0.0,0.7532821269162214,0.634256712216447,0.037467601201599775
49.0,24.130919891816173,24.13011977056467,24.0,0.0,0.7532620487244681,0.634256712216447,0.037467601201599775
49.1,24.13011977056467,24.129324540494288,24.0,0.0,0.7532420940173102,0.634256712216447,0.037467601201599775
49.2,24.129324540494288,24.128534171699325,24.0,0.0,0.753222262038297,0.634256712216447,0.037467601201599775
49.300000000000004,24.128534171699325,24.127748634453976,24.0,0.0,0.7532025520335663,0.634256712216447,0.037467601201599775
49.400000000000006,24.127748634453976,24.126967899211493,24.0,0.0,0.7531829632519846,0.634256712216447,0.037467601201599775
49.5,24.126967899211493,24.126191936603323,24.0,0.0,0.7531634949452822,0.634256712216447,0.037467601201599775
49.6,24.126191936603323,24.125420717438264,24.0,0.0,0.7531441463681724,0.634256712216447,0.037467601201599775
49.7,24.125420717438264,24.124654212701582,24.0,0.0,0.7531249167784829,0.634256712216447,0.037467601201599775
49.800000000000004,24.124654212701582,24.12389239355416,24.0,0.0,0.7531058054372574,0.634256712216447,0.037467601201599775
49.900000000000006,24.12389239355416,24.12313523133161,24.0,0.0,0.7530868116088706,0.634256712216447,0.037467601201599775
50.0,24.12313523133161,24.122382697543397,24.0,0.0,0.7530679345611202,0.634256712216447,0.037467601201599775
50.1,24.122382697543397,24.121634763871967,24.0,0.0,0.7530491735653302,0.634256712216447,0.037467601201599775
50.2,24.121634763871967,24.120891402171843,24.0,0.0,0.7530305278964333,0.634256712216447,0.037467601201599775
50.300000000000004,24.120891402171843,24.120152584468745,24.0,0.0,0.7530119968330528,0.634256712216447,0.037467601201599775
50.400000000000006,24.120152584468745,24.11941828295869,24.0,0.0,0.75299357965758,0.634256712216447,0.037467601201599775
50.5,24.11941828295869,24.1186884700071,24.0,0.0,0.7529752756562452,0.634256712216447,0.037467601201599775
50.6,24.1186884700071,24.11796311814789,24.0,0.0,0.7529570841191819,0.634256712216447,0.037467601201599775
50.7,24.11796311814789,24.117242200082572,24.0,0.0,0.7529390043404859,0.634256712216447,0.037467601201599775
50.800000000000004,24.117242200082572,24.11652568867934,24.0,0.0,0.7529210356182683,0.634256712216447,0.037467601201599775
50.900000000000006,24.11652568867934,24.115813556972167,24.0,0.0,0.7529031772547059,0.634256712216447,0.037467601201599775
51.0,24.115813556972167,24.115105778159897,24.0,0.0,0.7528854285560875,0.634256712216447,0.037467601201599775
51.1,24.115105778159897,24.11440232560532,24.0,0.0,0.7528677888328502,0.634256712216447,0.037467601201599775
51.2,24.11440232560532,24.113703172834256,24.0,0.0,0.7528502573996146,0.634256712216447,0.037467601201599775
51.300000000000004,24.113703172834256,24.113008293534655,24.0,0.0,0.7528328335752147,0.634256712216447,0.037467601201599775
51.400000000000006,24.113008293534655,24.112317661555664,24.0,0.0,0.7528155166827253,0.634256712216447,0.037467601201599775
51.5,24.112317661555664,24.11163125090672,24.0,0.0,0.7527983060494856,0.634256712216447,0.037467601201599775
51.6,24.11163125090672,24.110949035756615,24.0,0.0,0.7527812010071155,0.634256712216447,0.037467601201599775
51.7,24.110949035756615,24.110270990432596,24.0,0.0,0.7527642008915298,0.634256712216447,0.037467601201599775
51.800000000000004,24.110270990432596,24.109597089419434,24.0,0.0,0.7527473050429473,0.634256712216447,0.037467601201599775
51.900000000000006,24.109597089419434,24.108927307358513,24.0,0.0,0.7527305128059023,0.634256712216447,0.037467601201599775
52.0,24.108927307358513,24.108261619046907,24.0,0.0,0.7527138235292482,0.634256712216447,0.037467601201599775
52.1,24.108261619046907,24.10759999943646,24.0,0.0,0.7526972365661566,0.634256712216447,0.037467601201599775
52.2,24.10759999943646,24.106942423632876,24.0,0.0,0.7526807512741142,0.634256712216447,0.037467601201599775
52.300000000000004,24.106942423632876,24.10628886689481,24.0,0.0,0.7526643670149215,0.634256712216447,0.037467601201599775
52.400000000000006,24.10628886689481,24.10563930463294,24.0,0.0,0.7526480831546878,0.634256712216447,0.037467601201599775
52.5,24.10563930463294,24.10499371240907,24.0,0.0,0.7526318990638143,0.634256712216447,0.037467601201599775
52.6,24.10499371240907,24.104352065935203,24.0,0.0,0.7526158141169906,0.634256712216447,0.037467601201599775
52.7,24.104352065935203,24.103714341072656,24.0,0.0,0.7525998276931731,0.634256712216447,0.037467601201599775
52.800000000000004,24.103714341072656,24.103080513831138,24.0,0.0,0.7525839391755756,0.634256712216447,0.037467601201599775
52.900000000000006,24.103080513831138,24.102450560367856,24.0,0.0,0.7525681479516451,0.634256712216447,0.037467601201599775
53.0,24.102450560367856,24.10182445698661,24.0,0.0,0.7525524534130489,0.634256712216447,0.037467601201599775
53.1,24.10182445698661,24.101202180136895,24.0,0.0,0.7525368549556459,0.634256712216447,0.037467601201599775
53.2,24.101202180136895,24.100583706413023,24.0,0.0,0.7525213519794677,0.634256712216447,0.037467601201599775
53.300000000000004,24.100583706413023,24.09996901255321,24.0,0.0,0.7525059438886986,0.634256712216447,0.037467601201599775
53.400000000000006,24.09996901255321,24.099358075438705,24.0,0.0,0.7524906300916402,0.634256712216447,0.037467601201599775
53.5,24.099358075438705,24.098750872092904,24.0,0.0,0.7524754100006928,0.634256712216447,0.037467601201599775
53.6,24.098750872092904,24.098147379680462,24.0,0.0,0.7524602830323268,0.634256712216447,0.037467601201599775
53.7,24.098147379680462,24.097547575506425,24.0,0.0,0.7524452486070492,0.634256712216447,0.037467601201599775
53.800000000000004,24.097547575506425,24.096951437015356,24.0,0.0,0.7524303061493764,0.634256712216447,0.037467601201599775
53.900000000000006,24.096951437015356,24.09635894179047,24.0,0.0,0.7524154550878067,0.634256712216447,0.037467601201599775
54.0,24.09635894179047,24.095770067552763,24.0,0.0,0.7524006948547878,0.634256712216447,0.037467601201599775
54.1,24.095770067552763,24.095184792160158,24.0,0.0,0.7523860248866827,0.634256712216447,0.037467601201599775
54.2,24.095184792160158,24.094603093606647,24.0,0.0,0.7523714446237388,0.634256712216447,0.037467601201599775
54.300000000000004,24.094603093606647,24.094024950021446,24.0,0.0,0.7523569535100574,0.634256712216447,0.037467601201599775
54.400000000000006,24.094024950021446,24.093450339668138,24.0,0.0,0.7523425509935588,0.634256712216447,0.037467601201599775
54.5,24.093450339668138,24.092879240943844,24.0,0.0,0.7523282365259484,0.634256712216447,0.037467601201599775
54.6,24.092879240943844,24.092311632378376,24.0,0.0,0.7523140095626861,0.634256712216447,0.037467601201599775
54.7,24.092311632378376,24.09174749263341,24.0,0.0,0.7522998695629483,0.634256712216447,0.037467601201599775
54.800000000000004,24.09174749263341,24.091186800501657,24.0,0.0,0.7522858159895988,0.634256712216447,0.037467601201599775
54.900000000000006,24.091186800501657,24.09062953490604,24.0,0.0,0.7522718483091522,0.634256712216447,0.037467601201599775
55.0,24.09062953490604,24.09007567489888,24.0,0.0,0.7522579659917393,0.634256712216447,0.037467601201599775
55.1,24.09007567489888,24.08952519966108,24.0,0.0,0.7522441685110782,0.634256712216447,0.037467601201599775
55.2,24.08952519966108,24.08897808850131,24.0,0.0,0.7522304553444331,0.634256712216447,0.037467601201599775
55.300000000000004,24.08897808850131,24.08843432085522,24.0,0.0,0.7522168259725862,0.634256712216447,0.037467601201599775
55.400000000000006,24.08843432085522,24.08789387628463,24.0,0.0,0.7522032798798016,0.634256712216447,0.037467601201599775
55.5,24.08789387628463,24.087356734476746,24.0,0.0,0.7521898165537941,0.634256712216447,0.037467601201599775
55.6,24.087356734476746,24.08682287524336,24.0,0.0,0.7521764354856953,0.634256712216447,0.037467601201599775
55.7,24.08682287524336,24.08629227852008,24.0,0.0,0.7521631361700212,0.634256712216447,0.037467601201599775
55.800000000000004,24.08629227852008,24.085764924365545,24.0,0.0,0.7521499181046376,0.634256712216447,0.037467601201599775
55.900000000000006,24.085764924365545,24.085240792960658,24.0,0.0,0.7521367807907299,0.634256712216447,0.037467601201599775
56.0,24.085240792960658,24.084719864607813,24.0,0.0,0.7521237237327724,0.634256712216447,0.037467601201599775
56.1,24.084719864607813,24.084202119730136,24.0,0.0,0.7521107464384944,0.634256712216447,0.037467601201599775
56.2,24.084202119730136,24.083687538870727,24.0,0.0,0.7520978484188504,0.634256712216447,0.037467601201599775
56.300000000000004,24.083687538870727,24.08317610269191,24.0,0.0,0.752085029187987,0.634256712216447,0.037467601201599775
56.400000000000006,24.08317610269191,24.08266779197448,24.0,0.0,0.7520722882632174,0.634256712216447,0.037467601201599775
56.5,24.08266779197448,24.08216258761697,24.0,0.0,0.7520596251649884,0.634256712216447,0.037467601201599775
56.6,24.08216258761697,24.081660470634908,24.0,0.0,0.7520470394168496,0.634256712216447,0.037467601201599775
56.7,24.081660470634908,24.081161422160086,24.0,0.0,0.7520345305454271,0.634256712216447,0.037467601201599775
56.800000000000004,24.081161422160086,24.080665423439832,24.0,0.0,0.7520220980803948,0.634256712216447,0.037467601201599775
56.900000000000006,24.080665423439832,24.08017245583629,24.0,0.0,0.7520097415544431,0.634256712216447,0.037467601201599775
57.0,24.08017245583629,24.079682500825704,24.0,0.0,0.7519974605032542,0.634256712216447,0.037467601201599775
57.1,24.079682500825704,24.079195539997706,24.0,0.0,0.7519852544654743,0.634256712216447,0.037467601201599775
57.2,24.079195539997706,24.0787115550546,24.0,0.0,0.7519731229826874,0.634256712216447,0.037467601201599775
57.300000000000004,24.0787115550546,24.07823052781067,24.0,0.0,0.7519610655993852,0.634256712216447,0.037467601201599775
57.400000000000006,24.07823052781067,24.07775244019149,24.0,0.0,0.7519490818629446,0.634256712216447,0.037467601201599775
57.5,24.07775244019149,24.077277274233204,24.0,0.0,0.7519371713236053,0.634256712216447,0.037467601201599775
57.6,24.077277274233204,24.076805012081866,24.0,0.0,0.7519253335344378,0.634256712216447,0.037467601201599775
57.7,24.076805012081866,24.076335635992745,24.0,0.0,0.751913568051323,0.634256712216447,0.037467601201599775
57.800000000000004,24.076335635992745,24.075869128329643,24.0,0.0,0.7519018744329287,0.634256712216447,0.037467601201599775
57.900000000000006,24.075869128329643,24.07540547156423,24.0,0.0,0.7518902522406825,0.634256712216447,0.037467601201599775
58.0,24.07540547156423,24.07494464827537,24.0,0.0,0.7518787010387543,0.634256712216447,0.037467601201599775
58.1,24.07494464827537,24.07448664114845,24.0,0.0,0.7518672203940259,0.634256712216447,0.037467601201599775
58.2,24.07448664114845,24.07403143297474,24.0,0.0,0.7518558098760738,0.634256712216447,0.037467601201599775
58.300000000000004,24.07403143297474,24.07357900665071,24.0,0.0,0.7518444690571494,0.634256712216447,0.037467601201599775
58.400000000000006,24.07357900665071,24.073129345177406,24.0,0.0,0.7518331975121513,0.634256712216447,0.037467601201599775
58.5,24.073129345177406,24.072682431659782,24.0,0.0,0.751821994818607,0.634256712216447,0.037467601201599775
58.6,24.072682431659782,24.07223824930607,24.0,0.0,0.7518108605566526,0.634256712216447,0.037467601201599775
58.7,24.07223824930607,24.071796781427146,24.0,0.0,0.7517997943090137,0.634256712216447,0.037467601201599775
58.800000000000004,24.071796781427146,24.071358011435876,24.0,0.0,0.7517887956609843,0.634256712216447,0.037467601201599775
58.900000000000006,24.071358011435876,24.07092192284651,24.0,0.0,0.7517778642004042,0.634256712216447,0.037467601201599775
59.0,24.07092192284651,24.07048849927404,24.0,0.0,0.7517669995176433,0.634256712216447,0.037467601201599775
59.1,24.07048849927404,24.0700577244336,24.0,0.0,0.7517562012055831,0.634256712216447,0.037467601201599775
59.2,24.0700577244336,24.06962958213982,24.0,0.0,0.7517454688595956,0.634256712216447,0.037467601201599775
59.300000000000004,24.06962958213982,24.069204056306244,24.0,0.0,0.7517348020775281,0.634256712216447,0.037467601201599775
59.400000000000006,24.069204056306244,24.068781130944693,24.0,0.0,0.7517242004596817,0.634256712216447,0.037467601201599775
59.5,24.068781130944693,24.068360790164686,24.0,0.0,0.7517136636087942,0.634256712216447,0.037467601201599775
59.6,24.068360790164686,24.067943018172823,24.0,0.0,0.7517031911300281,0.634256712216447,0.037467601201599775
59.7,24.067943018172823,24.067527799272195,24.0,0.0,0.7516927826309463,0.634256712216447,0.037467601201599775
59.800000000000004,24.067527799272195,24.067115117861796,24.0,0.0,0.7516824377214992,0.634256712216447,0.037467601201599775
59.900000000000006,24.067115117861796,24.066704958435924,24.0,0.0,0.7516721560140112,0.634256712216447,0.037467601201599775
60.0,24.066704958435924,24.073778586794578,24.0,1.5,0.7516619371231575,0.634256712216447,0.037467601201599775
60.1,24.073778586794578,24.080817393364246,24.0,1.5,0.7564248640560822,0.634256712216447,0.037467601201599775
60.2,24.080817393364246,24.087821549021253,24.0,1.5,0.7611920777553596,0.634256712216447,0.037467601201599775
60.300000000000004,24.087821549021253,24.094791223806748,24.0,1.5,0.7659635567717888,0.634256712216447,0.037467601201599775
60.400000000000006,24.094791223806748,24.101726586930752,24.0,1.5,0.7707392797635548,0.634256712216447,0.037467601201599775
60.5,24.101726586930752,24.108627806776205,24.0,1.5,0.7755192254956851,0.634256712216447,0.037467601201599775
60.6,24.108627806776205,24.11549505090299,24.0,1.5,0.7803033728395146,0.634256712216447,0.037467601201599775
60.7,24.11549505090299,24.122328486051924,24.0,1.5,0.7850917007721556,0.634256712216447,0.037467601201599775
60.800000000000004,24.122328486051924,24.129128278148755,24.0,1.5,0.7898841883759619,0.634256712216447,0.037467601201599775
60.900000000000006,24.129128278148755,24.135894592308116,24.0,1.5,0.7946808148380063,0.634256712216447,0.037467601201599775
61.0,24.135894592308116,24.142627592837467,24.0,1.5,0.7994815594495515,0.634256712216447,0.037467601201599775
61.1,24.142627592837467,24.14932744324103,24.0,1.5,0.8042864016055272,0.634256712216447,0.037467601201599775
61.2,24.14932744324103,24.155994306223693,24.0,1.5,0.8090953208040146,0.634256712216447,0.037467601201599775
61.300000000000004,24.155994306223693,24.16262834369489,24.0,1.5,0.8139082966457264,0.634256712216447,0.037467601201599775
61.400000000000006,24.16262834369489,24.16922971677248,24.0,1.5,0.8187253088334927,0.634256712216447,0.037467601201599775
61.5,24.16922971677248,24.175798585786595,24.0,1.5,0.8235463371717482,0.634256712216447,0.037467601201599775
61.6,24.175798585786595,24.182335110283464,24.0,1.5,0.8283713615660261,0.634256712216447,0.037467601201599775
61.7,24.182335110283464,24.188839449029246,24.0,1.5,0.833200362022448,0.634256712216447,0.037467601201599775
61.800000000000004,24.188839449029246,24.1953117600138,24.0,1.5,0.8380333186472251,0.634256712216447,0.037467601201599775
61.900000000000006,24.1953117600138,24.201752200454493,24.0,1.5,0.8428702116461498,0.634256712216447,0.037467601201599775
62.0,24.201752200454493,24.208160926799923,24.0,1.5,0.847711021324106,0.634256712216447,0.037467601201599775
62.1,24.208160926799923,24.214347647911904,24.0,1.5,0.8525557280845633,0.634256712216447,0.037467601201599775
62.2,24.214347647911904,24.220313300003465,24.0,1.5,0.8572828066954943,0.634256712216447,0.037467601201599775
62.300000000000004,24.220313300003465,24.22605881547408,24.0,1.5,0.8618920226637088,0.634256712216447,0.037467601201599775
62.400000000000006,24.22605881547408,24.231585122924404,24.0,1.5,0.8663831425707185,0.634256712216447,0.037467601201599775
62.5,24.231585122924404,24.23689314717096,24.0,1.5,0.870755934067854,0.634256712216447,0.037467601201599775
62.6,24.23689314717096,24.24198380926076,24.0,1.5,0.8750101658713992,0.634256712216447,0.037467601201599775
62.7,24.24198380926076,24.246858026485892,24.0,1.5,0.8791456077577428,0.634256712216447,0.037467601201599775
62.800000000000004,24.246858026485892,24.25151671239805,24.0,1.5,0.8831620305585631,0.634256712216447,0.037467601201599775
62.900000000000006,24.25151671239805,24.255960776823013,24.0,1.5,0.8870592061560245,0.634256712216447,0.037467601201599775
63.0,24.255960776823013,24.26019112587506,24.0,1.5,0.8908369074780049,0.634256712216447,0.037467601201599775
63.1,24.26019112587506,24.26420866197136,24.0,1.5,0.8944949084933328,0.634256712216447,0.037467601201599775
63.2,24.26420866197136,24.26801428384628,24.0,1.5,0.8980329842070576,0.634256712216447,0.037467601201599775
63.300000000000004,24.26801428384628,24.27160888656567,24.0,1.5,0.9014509106557325,0.634256712216447,0.037467601201599775
63.400000000000006,24.27160888656567,24.274993361541075,24.0,1.5,0.9047484649027216,0.634256712216447,0.037467601201599775
63.5,24.274993361541075,24.27816859654392,24.0,1.5,0.9079254250335319,0.634256712216447,0.037467601201599775
63.6,24.27816859654392,24.281135475719626,24.0,1.5,0.9109815701511633,0.634256712216447,0.037467601201599775
63.7,24.281135475719626,24.283894879601668,24.0,1.5,0.9139166803714781,0.634256712216447,0.037467601201599775
63.800000000000004,24.283894879601668,24.28644768512562,24.0,1.5,0.9167305368185884,0.634256712216447,0.037467601201599775
63.900000000000006,24.28644768512562,24.288794765643104,24.0,1.5,0.9194229216202785,0.634256712216447,0.037467601201599775
64.0,24.288794765643104,24.290936990935727,24.0,1.5,0.921993617903428,0.634256712216447,0.037467601201599775
64.10000000000001,24.290936990935727,24.29287522722894,24.0,1.5,0.9244424097894712,0.634256712216447,0.037467601201599775
64.2,24.29287522722894,24.294615185304874,24.0,1.5,0.9267690823898675,0.634256712216447,0.037467601201599775
64.3,24.294615185304874,24.296162556819326,24.0,1.5,0.9289765149055976,0.634256712216447,0.037467601201599775
64.4,24.296162556819326,24.297523014354276,24.0,1.5,0.9310675957319063,0.634256712216447,0.037467601201599775
64.5,24.297523014354276,24.298702211470342,24.0,1.5,0.9330452224201464,0.634256712216447,0.037467601201599775
64.60000000000001,24.298702211470342,24.29970578275914,24.0,1.5,0.9349123016397785,0.634256712216447,0.037467601201599775
64.7,24.29970578275914,24.300539343895608,24.0,1.5,0.9366717491405098,0.634256712216447,0.037467601201599775
64.8,24.300539343895608,24.301208491690243,24.0,1.5,0.9383264897146039,0.634256712216447,0.037467601201599775
64.9,24.301208491690243,24.301718804141274,24.0,1.5,0.9398794571593347,0.634256712216447,0.037467601201599775
65.0,24.301718804141274,24.302075840486758,24.0,1.5,0.9413335942395875,0.634256712216447,0.037467601201599775
65.10000000000001,24.302075840486758,24.302285141256622,24.0,1.5,0.9426918526506156,0.634256712216447,0.037467601201599775
65.2,24.302285141256622,24.302352228324622,24.0,1.5,0.9439571929809512,0.634256712216447,0.037467601201599775
65.3,24.302352228324622,24.30228260496023,24.0,1.5,0.9451325846754615,0.634256712216447,0.037467601201599775
65.4,24.30228260496023,24.302081755880454,24.0,1.5,0.9462210059985513,0.634256712216447,0.037467601201599775
65.5,24.302081755880454,24.30175514730159,24.0,1.5,0.9472254439975223,0.634256712216447,0.037467601201599775
65.60000000000001,24.30175514730159,24.301308226990898,24.0,1.5,0.9481488944660736,0.634256712216447,0.037467601201599775
65.7,24.301308226990898,24.300746424318188,24.0,1.5,0.9489943619079559,0.634256712216447,0.037467601201599775
65.8,24.300746424318188,24.300075150307368,24.0,1.5,0.9497648595007647,0.634256712216447,0.037467601201599775
65.9,24.300075150307368,24.299299797687887,24.0,1.5,0.9504634090598884,0.634256712216447,0.037467601201599775
66.0,24.299299797687887,24.298425740946115,24.0,1.5,0.9510930410025967,0.634256712216447,0.037467601201599775
66.10000000000001,24.298425740946115,24.297458336376653,24.0,1.5,0.9516567943122761,0.634256712216447,0.037467601201599775
66.2,24.297458336376653,24.296402922133563,24.0,1.5,0.9521577165028113,0.634256712216447,0.037467601201599775
66.3,24.296402922133563,24.295264694866145,24.0,1.5,0.9525988635831113,0.634256712216447,0.037467601201599775
66.4,24.295264694866145,24.294048710057858,24.0,1.5,0.9529832212823391,0.634256712216447,0.037467601201599775
66.5,24.294048710057858,24.29275988236505,24.0,1.5,0.9533137047359594,0.634256712216447,0.037467601201599775
66.60000000000001,24.29275988236505,24.291402985955525,24.0,1.5,0.953593158172934,0.634256712216447,0.037467601201599775
66.7,24.291402985955525,24.28998265484692,24.0,1.5,0.9538243546040837,0.634256712216447,0.037467601201599775
66.8,24.28998265484692,24.288503383244922,24.0,1.5,0.9540099955115997,0.634256712216447,0.037467601201599775
66.9,24.288503383244922,24.28696952588127,24.0,1.5,0.9541527105397148,0.634256712216447,0.037467601201599775
67.0,24.28696952588127,24.285385298351574,24.0,1.5,0.9542550571865078,0.634256712216447,0.037467601201599775
67.10000000000001,24.285385298351574,24.283754777452955,24.0,1.5,0.954319520496865,0.634256712216447,0.037467601201599775
67.2,24.283754777452955,24.282081901521437,24.0,1.5,0.9543485127565723,0.634256712216447,0.037467601201599775
67.3,24.282081901521437,24.28037047076917,24.0,1.5,0.9543443731875407,0.634256712216447,0.037467601201599775
67.4,24.28037047076917,24.278624147621425,24.0,1.5,0.9543093676441706,0.634256712216447,0.037467601201599775
67.5,24.278624147621425,24.276846457053356,24.0,1.5,0.9542456883108354,0.634256712216447,0.037467601201599775
67.60000000000001,24.276846457053356,24.275040786926574,24.0,1.5,0.9541554534004888,0.634256712216447,0.037467601201599775
67.7,24.275040786926574,24.273210388325456,24.0,1.5,0.9540407068544027,0.634256712216447,0.037467601201599775
67.8,24.273210388325456,24.271358375893236,24.0,1.5,0.953903418043003,0.634256712216447,0.037467601201599775
67.9,24.271358375893236,24.269487728167867,24.0,1.5,0.9537454814678272,0.634256712216447,0.037467601201599775
68.0,24.269487728167867,24.267601287917632,24.0,1.5,0.9535687164645915,0.634256712216447,0.037467601201599775
68.10000000000001,24.267601287917632,24.2657017624765,24.0,1.5,0.9533748669073578,0.634256712216447,0.037467601201599775
68.2,24.2657017624765,24.263791724079244,24.0,1.5,0.953165600913797,0.634256712216447,0.037467601201599775
68.3,24.263791724079244,24.2618736101963,24.0,1.5,0.9529425105515548,0.634256712216447,0.037467601201599775
68.4,24.2618736101963,24.259949727010078,24.0,1.5,0.952707111545708,0.634256712216447,0.037467601201599775
68.5,24.259949727010078,24.258022252886466,24.0,1.5,0.9524608449917338,0.634256712216447,0.037467601201599775
68.60000000000001,24.258022252886466,24.2560932418415,24.0,1.5,0.9522050790784383,0.634256712216447,0.037467601201599775
68.7,24.2560932418415,24.25416462700317,24.0,1.5,0.9519411108208041,0.634256712216447,0.037467601201599775
68.8,24.25416462700317,24.252238224068364,24.0,1.5,0.9516701678027233,0.634256712216447,0.037467601201599775
68.9,24.252238224068364,24.250315734754903,24.0,1.5,0.9513934099296081,0.634256712216447,0.037467601201599775
69.0,24.250315734754903,24.24839875024865,24.0,1.5,0.9511119311908092,0.634256712216447,0.037467601201599775
69.10000000000001,24.24839875024865,24.246488754645696,24.0,1.5,0.950826761431833,0.634256712216447,0.037467601201599775
69.2,24.246488754645696,24.244587128389565,24.0,1.5,0.9505388681363297,0.634256712216447,0.037467601201599775
69.3,24.244587128389565,24.242695151703447,24.0,1.5,0.9502491582178058,0.634256712216447,0.037467601201599775
69.4,24.242695151703447,24.240814008017427,24.0,1.5,0.9499584798210374,0.634256712216447,0.037467601201599775
69.5,24.240814008017427,24.238944787390682,24.0,1.5,0.949667624133151,0.634256712216447,0.037467601201599775
69.60000000000001,24.238944787390682,24.23708848992865,24.0,1.5,0.9493773272043403,0.634256712216447,0.037467601201599775
69.7,24.23708848992865,24.23524602919512,24.0,1.5,0.9490882717781887,0.634256712216447,0.037467601201599775
69.8,24.23524602919512,24.23341823561927,24.0,1.5,0.9488010891315678,0.634256712216447,0.037467601201599775
69.9,24.23341823561927,24.231605859897545,24.0,1.5,0.9485163609240735,0.634256712216447,0.037467601201599775
70.0,24.231605859897545,24.229809576390497,24.0,1.5,0.948234621056972,0.634256712216447,0.037467601201599775
70.10000000000001,24.229809576390497,24.228029986514418,24.0,1.5,0.9479563575416341,0.634256712216447,0.037467601201599775
70.2,24.228029986514418,24.22626762212785,24.0,1.5,0.9476820143774111,0.634256712216447,0.037467601201599775
70.3,24.22626762212785,24.22452294891292,24.0,1.5,0.947411993438931,0.634256712216447,0.037467601201599775
70.4,24.22452294891292,24.22279636975147,24.0,1.5,0.9471466563727853,0.634256712216447,0.037467601201599775
70.5,24.22279636975147,24.22108822801601,24.0,1.5,0.9468863265035644,0.634256712216447,0.037467601201599775
70.60000000000001,24.22108822801601,24.219398810775512,24.0,1.5,0.9466312906981993,0.634256712216447,0.037467601201599775
70.7,24.219398810775512,24.217728351916072,24.0,1.5,0.9463818011883028,0.634256712216447,0.037467601201599775
70.8,24.217728351916072,24.216077035176475,24.0,1.5,0.9461380773502088,0.634256712216447,0.037467601201599775
70.9,24.216077035176475,24.21444499709868,24.0,1.5,0.9459003074424056,0.634256712216447,0.037467601201599775
71.0,24.21444499709868,24.212832329893292,24.0,1.5,0.9456686503000691,0.634256712216447,0.037467601201599775
71.10000000000001,24.212832329893292,24.211239084219997,24.0,1.5,0.9454432369864045,0.634256712216447,0.037467601201599775
71.2,24.211239084219997,24.20966527188306,24.0,1.5,0.945224172400482,0.634256712216447,0.037467601201599775
71.3,24.20966527188306,24.208110868441874,24.0,1.5,0.9450115368412852,0.634256712216447,0.037467601201599775
71.4,24.208110868441874,24.206575815736613,24.0,1.5,0.9448053875276701,0.634256712216447,0.037467601201599775
71.5,24.206575815736613,24.205060024329022,24.0,1.5,0.9446057600739437,0.634256712216447,0.037467601201599775
71.60000000000001,24.205060024329022,24.203563375858398,24.0,1.5,0.9444126699207539,0.634256712216447,0.037467601201599775
71.7,24.203563375858398,24.20208572531278,24.0,1.5,0.9442261137210234,0.634256712216447,0.037467601201599775
71.8,24.20208572531278,24.200626903215408,24.0,1.5,0.9440460706806111,0.634256712216447,0.037467601201599775
71.9,24.200626903215408,24.199186717726477,24.0,1.5,0.9438725038534214,0.634256712216447,0.037467601201599775
72.0,24.199186717726477,24.197764956660233,24.0,1.5,0.9437053613906731,0.634256712216447,0.037467601201599775
72.10000000000001,24.197764956660233,24.196361389417472,24.0,1.5,0.9435445777440198,0.634256712216447,0.037467601201599775
72.2,24.196361389417472,24.194975768833455,24.0,1.5,0.9433900748222601,0.634256712216447,0.037467601201599775
72.3,24.194975768833455,24.193607832941325,24.0,1.5,0.9432417631013248,0.634256712216447,0.037467601201599775
72.4,24.193607832941325,24.19225730665103,24.0,1.5,0.9430995426872746,0.634256712216447,0.037467601201599775
72.5,24.19225730665103,24.190923903343823,24.0,1.5,0.9429633043319994,0.634256712216447,0.037467601201599775
72.60000000000001,24.190923903343823,24.18960732638444,24.0,1.5,0.9428329304013457,0.634256712216447,0.037467601201599775
72.7,24.18960732638444,24.18830727055301,24.0,1.5,0.9427082957966951,0.634256712216447,0.037467601201599775
72.8,24.18830727055301,24.187023423398802,24.0,1.5,0.9425892688309995,0.634256712216447,0.037467601201599775
72.9,24.187023423398802,24.18575546651789,24.0,1.5,0.9424757120603089,0.634256712216447,0.037467601201599775
73.0,24.18575546651789,24.184503076756844,24.0,1.5,0.9423674830718398,0.634256712216447,0.037467601201599775
73.10000000000001,24.184503076756844,24.18326592734453,24.0,1.5,0.9422644352296248,0.634256712216447,0.037467601201599775
73.2,24.18326592734453,24.182043688954092,24.0,1.5,0.9421664183788079,0.634256712216447,0.037467601201599775
73.3,24.182043688954092,24.180836030697265,24.0,1.5,0.9420732795096449,0.634256712216447,0.037467601201599775
73.4,24.180836030697265,24.179642621053052,24.0,1.5,0.9419848633822929,0.634256712216447,0.037467601201599775
73.5,24.179642621053052,24.178463128732904,24.0,1.5,0.9419010131134699,0.634256712216447,0.037467601201599775
73.60000000000001,24.178463128732904,24.177297223484498,24.0,1.5,0.9418215707260638,0.634256712216447,0.037467601201599775
73.7,24.177297223484498,24.1761445768362,24.0,1.5,0.9417463776628205,0.634256712216447,0.037467601201599775
73.8,24.1761445768362,24.175004862784327,24.0,1.5,0.9416752752651967,0.634256712216447,0.037467601201599775
73.9,24.175004862784327,24.1738777584253,24.0,1.5,0.9416081052185027,0.634256712216447,0.037467601201599775
74.0,24.1738777584253,24.1727629445348,24.0,1.5,0.9415447099644713,0.634256712216447,0.037467601201599775
74.10000000000001,24.1727629445348,24.17166010609604,24.0,1.5,0.9414849330823742,0.634256712216447,0.037467601201599775
74.2,24.17166010609604,24.17056893277924,24.0,1.5,0.9414286196398448,0.634256712216447,0.037467601201599775
74.3,24.17056893277924,24.169489119374415,24.0,1.5,0.9413756165145475,0.634256712216447,0.037467601201599775
74.4,24.169489119374415,24.168420366179607,24.0,1.5,0.941325772687869,0.634256712216447,0.037467601201599775
74.5,24.168420366179607,24.16736237934665,24.0,1.5,0.9412789395117837,0.634256712216447,0.037467601201599775
74.60000000000001,24.16736237934665,24.16631487118657,24.0,1.5,0.9412349709500946,0.634256712216447,0.037467601201599775
74.7,24.16631487118657,24.16527756043671,24.0,1.5,0.9411937237952154,0.634256712216447,0.037467601201599775
74.8,24.16527756043671,24.16425017249154,24.0,1.5,0.9411550578616631,0.634256712216447,0.037467601201599775
74.9,24.16425017249154,24.163232439599174,24.0,1.5,0.9411188361574084,0.634256712216447,0.037467601201599775
75.0,24.163232439599174,24.162224101025444,24.0,1.5,0.9410849250341893,0.634256712216447,0.037467601201599775
75.10000000000001,24.162224101025444,24.16122490318739,24.0,1.5,0.9410531943178654,0.634256712216447,0.037467601201599775
75.2,24.16122490318739,24.160234599758006,24.0,1.5,0.9410235174198858,0.634256712216447,0.037467601201599775
75.3,24.160234599758006,24.159252951743966,24.0,1.5,0.9409957714309118,0.634256712216447,0.037467601201599775
75.4,24.159252951743966,24.15827972753802,24.0,1.5,0.940969837197585,0.634256712216447,0.037467601201599775
75.5,24.15827972753802,24.157314702947733,24.0,1.5,0.9409455993834412,0.634256712216447,0.037467601201599775
75.60000000000001,24.157314702947733,24.15635766120215,24.0,1.5,0.9409229465149177,0.634256712216447,0.037467601201599775
75.7,24.15635766120215,24.15540839293793,24.0,1.5,0.9409017710133842,0.634256712216447,0.037467601201599775
75.8,24.15540839293793,24.154466696166427,24.0,1.5,0.9408819692141055,0.634256712216447,0.037467601201599775
75.9,24.154466696166427,24.15353237622321,24.0,1.5,0.9408634413729972,0.634256712216447,0.037467601201599775
76.0,24.15353237622321,24.15260524570134,24.0,1.5,0.9408460916620414,0.634256712216447,0.037467601201599775
76.10000000000001,24.15260524570134,24.151685124369788,24.0,1.5,0.9408298281541657,0.634256712216447,0.037467601201599775
76.2,24.151685124369788,24.15077183907825,24.0,1.5,0.9408145627983846,0.634256712216447,0.037467601201599775
76.3,24.15077183907825,24.14986522364963,24.0,1.5,0.9408002113859593,0.634256712216447,0.037467601201599775
76.4,24.14986522364963,24.148965118761307,24.0,1.5,0.9407866935083281,0.634256712216447,0.037467601201599775
76.5,24.148965118761307,24.148071371816364,24.0,1.5,0.9407739325074799,0.634256712216447,0.037467601201599775
76.60000000000001,24.148071371816364,24.147183836805837,24.0,1.5,0.9407618554194859,0.634256712216447,0.037467601201599775
76.7,24.147183836805837,24.146302374162985,24.0,1.5,0.9407503929118082,0.634256712216447,0.037467601201599775
76.80000000000001,24.146302374162985,24.14542685061059,24.0,1.5,0.94073947921501,0.634256712216447,0.037467601201599775
76.9,24.14542685061059,24.14455713900216,24.0,1.5,0.9407290520494681,0.634256712216447,0.037467601201599775
77.0,24.14455713900216,24.143693118157934,24.0,1.5,0.9407190525476261,0.634256712216447,0.037467601201599775
77.10000000000001,24.143693118157934,24.14283467269651,24.0,1.5,0.9407094251723366,0.634256712216447,0.037467601201599775
77.2,24.14283467269651,24.141981692862856,24.0,1.5,0.9407001176317913,0.634256712216447,0.037467601201599775
77.30000000000001,24.141981692862856,24.14113407435345,24.0,1.5,0.9406910807915233,0.634256712216447,0.037467601201599775
77.4,24.14113407435345,24.14029171813922,24.0,1.5,0.9406822685839159,0.634256712216447,0.037467601201599775
77.5,24.14029171813922,24.139454530286958,24.0,1.5,0.940673637915677,0.634256712216447,0.037467601201599775
77.60000000000001,24.139454530286958,24.138622421779754,24.0,1.5,0.9406651485736484,0.634256712216447,0.037467601201599775
77.7,24.138622421779754,24.13779530833708,24.0,1.5,0.9406567631293462,0.634256712216447,0.037467601201599775
77.80000000000001,24.13779530833708,24.136973110234997,24.0,1.5,0.9406484468425876,0.634256712216447,0.037467601201599775
77.9,24.136973110234997,24.136155752127003,24.0,1.5,0.9406401675645335,0.634256712216447,0.037467601201599775
78.0,24.136155752127003,24.135343162865933,24.0,1.5,0.9406318956404534,0.634256712216447,0.037467601201599775
78.10000000000001,24.135343162865933,24.13453527532738,24.0,1.5,0.9406236038125071,0.634256712216447,0.037467601201599775
78.2,24.13453527532738,24.133732026234973,24.0,1.5,0.9406152671228153,0.634256712216447,0.037467601201599775
78.30000000000001,24.133732026234973,24.132933355987873,24.0,1.5,0.94060686281706,0.634256712216447,0.037467601201599775
78.4,24.132933355987873,24.132139208490816,24.0,1.5,0.9405983702488435,0.634256712216447,0.037467601201599775
78.5,24.132139208490816,24.131349530986984,24.0,1.5,0.940589770785028,0.634256712216447,0.037467601201599775
78.60000000000001,24.131349530986984,24.130564273893953,24.0,1.5,0.94058104771224,0.634256712216447,0.037467601201599775
78.7,24.130564273893953,24.129783390642977,24.0,1.5,0.9405721861447126,0.634256712216447,0.037467601201599775
78.80000000000001,24.129783390642977,24.129006837521782,24.0,1.5,0.9405631729336444,0.634256712216447,0.037467601201599775
78.9,24.129006837521782,24.12823457352108,24.0,1.5,0.9405539965781884,0.634256712216447,0.037467601201599775
79.0,24.12823457352108,24.12746656018494,24.0,1.5,0.9405446471382346,0.634256712216447,0.037467601201599775
79.10000000000001,24.12746656018494,24.126702761465168,24.0,1.5,0.9405351161490698,0.634256712216447,0.037467601201599775
79.2,24.126702761465168,24.12594314357982,24.0,1.5,0.940525396538045,0.634256712216447,0.037467601201599775
79.30000000000001,24.12594314357982,24.125187674875914,24.0,1.5,0.9405154825433166,0.634256712216447,0.037467601201599775
79.4,24.125187674875914,24.124436325696436,24.0,1.5,0.9405053696347544,0.634256712216447,0.037467601201599775
79.5,24.124436325696436,24.123689068251725,24.0,1.5,0.940495054437071,0.634256712216447,0.037467601201599775
79.60000000000001,24.123689068251725,24.122945876495226,24.0,1.5,0.9404845346552344,0.634256712216447,0.037467601201599775
79.7,24.122945876495226,24.1222067260037,24.0,1.5,0.9404738090022018,0.634256712216447,0.037467601201599775
79.80000000000001,24.1222067260037,24.12147159386186,24.0,1.5,0.9404628771290191,0.634256712216447,0.037467601201599775
79.9,24.12147159386186,24.12074045855144,24.0,1.5,0.9404517395573042,0.634256712216447,0.037467601201599775
80.0,24.12074045855144,24.120013299844747,24.0,1.5,0.940440397614124,0.634256712216447,0.037467601201599775
80.10000000000001,24.120013299844747,24.119290098702546,24.0,1.5,0.940428853369303,0.634256712216447,0.037467601201599775
80.2,24.119290098702546,24.118570837176396,24.0,1.5,0.9404171095751284,0.634256712216447,0.037467601201599775
80.30000000000001,24.118570837176396,24.117855498315272,24.0,1.5,0.9404051696084751,0.634256712216447,0.037467601201599775
80.4,24.117855498315272,24.117144066076488,24.0,1.5,0.9403930374153274,0.634256712216447,0.037467601201599775
80.5,24.117144066076488,24.116436525240836,24.0,1.5,0.94038071745768,0.634256712216447,0.037467601201599775
80.60000000000001,24.116436525240836,24.11573286133188,24.0,1.5,0.9403682146628028,0.634256712216447,0.037467601201599775
80.7,24.11573286133188,24.115033060539332,24.0,1.5,0.9403555343748345,0.634256712216447,0.037467601201599775
80.80000000000001,24.115033060539332,24.11433710964642,24.0,1.5,0.9403426823086743,0.634256712216447,0.037467601201599775
80.9,24.11433710964642,24.113644995961177,24.0,1.5,0.9403296645061497,0.634256712216447,0.037467601201599775
81.0,24.113644995961177,24.112956707251552,24.0,1.5,0.9403164872943904,0.634256712216447,0.037467601201599775
81.10000000000001,24.112956707251552,24.11227223168424,24.0,1.5,0.9403031572464025,0.634256712216447,0.037467601201599775
81.2,24.11227223168424,24.11159155776716,24.0,1.5,0.9402896811437629,0.634256712216447,0.037467601201599775
81.30000000000001,24.11159155776716,24.110914674295444,24.0,1.5,0.9402760659414119,0.634256712216447,0.037467601201599775
81.4,24.110914674295444,24.11024157030086,24.0,1.5,0.9402623187344785,0.634256712216447,0.037467601201599775
81.5,24.11024157030086,24.109572235004563,24.0,1.5,0.940248446727082,0.634256712216447,0.037467601201599775
81.60000000000001,24.109572235004563,24.10890665777303,24.0,1.5,0.9402344572030737,0.634256712216447,0.037467601201599775
81.7,24.10890665777303,24.10824482807713,24.0,1.5,0.9402203574986392,0.634256712216447,0.037467601201599775
81.80000000000001,24.10824482807713,24.107586735454166,24.0,1.5,0.940206154976723,0.634256712216447,0.037467601201599775
81.9,24.107586735454166,24.10693236947282,24.0,1.5,0.9401918570032065,0.634256712216447,0.037467601201599775
82.0,24.10693236947282,24.10628171970084,24.0,1.5,0.9401774709247858,0.634256712216447,0.037467601201599775
82.10000000000001,24.10628171970084,24.105634775675426,24.0,1.5,0.9401630040484822,0.634256712216447,0.037467601201599775
82.2,24.105634775675426,24.104991526876145,24.0,1.5,0.9401484636227389,0.634256712216447,0.037467601201599775
82.30000000000001,24.104991526876145,24.10435196270029,24.0,1.5,0.9401338568200235,0.634256712216447,0.037467601201599775
82.4,24.10435196270029,24.103716072440594,24.0,1.5,0.9401191907208997,0.634256712216447,0.037467601201599775
82.5,24.103716072440594,24.10308384526516,24.0,1.5,0.9401044722994955,0.634256712216447,0.037467601201599775
82.60000000000001,24.10308384526516,24.102455270199517,24.0,1.5,0.9400897084103033,0.634256712216447,0.037467601201599775
82.7,24.102455270199517,24.101830336110694,24.0,1.5,0.9400749057762706,0.634256712216447,0.037467601201599775
82.80000000000001,24.101830336110694,24.101209031693223,24.0,1.5,0.9400600709781042,0.634256712216447,0.037467601201599775
82.9,24.101209031693223,24.100591345456948,24.0,1.5,0.9400452104447413,0.634256712216447,0.037467601201599775
83.0,24.100591345456948,24.09997726571657,24.0,1.5,0.9400303304449316,0.634256712216447,0.037467601201599775
83.10000000000001,24.09997726571657,24.09936678058281,24.0,1.5,0.940015437079871,0.634256712216447,0.037467601201599775
83.2,24.09936678058281,24.098759877955093,24.0,1.5,0.9400005362768301,0.634256712216447,0.037467601201599775
83.30000000000001,24.098759877955093,24.098156545515703,24.0,1.5,0.9399856337837335,0.634256712216447,0.037467601201599775
83.4,24.098156545515703,24.09755677072525,24.0,1.5,0.9399707351646235,0.634256712216447,0.037467601201599775
83.5,24.09755677072525,24.096960540819452,24.0,1.5,0.9399558457959664,0.634256712216447,0.037467601201599775
83.60000000000001,24.096960540819452,24.09636784280705,24.0,1.5,0.9399409708637605,0.634256712216447,0.037467601201599775
83.7,24.09636784280705,24.095778663468874,24.0,1.5,0.9399261153613732,0.634256712216447,0.037467601201599775
83.80000000000001,24.095778663468874,24.09519298935789,24.0,1.5,0.9399112840880821,0.634256712216447,0.037467601201599775
83.9,24.09519298935789,24.094610806800247,24.0,1.5,0.9398964816482647,0.634256712216447,0.037467601201599775
84.0,24.094610806800247,24.09403210189715,24.0,1.5,0.9398817124511993,0.634256712216447,0.037467601201599775
84.10000000000001,24.09403210189715,24.093456860527567,24.0,1.5,0.9398669807114196,0.634256712216447,0.037467601201599775
84.2,24.093456860527567,24.09288506835169,24.0,1.5,0.939852290449598,0.634256712216447,0.037467601201599775
84.30000000000001,24.09288506835169,24.09231671081505,24.0,1.5,0.9398376454939142,0.634256712216447,0.037467601201599775
84.4,24.09231671081505,24.09175177315325,24.0,1.5,0.9398230494818679,0.634256712216447,0.037467601201599775
84.5,24.09175177315325,24.091190240397253,24.0,1.5,0.93980850586249,0.634256712216447,0.037467601201599775
84.60000000000001,24.091190240397253,24.0906320973792,24.0,1.5,0.9397940178989389,0.634256712216447,0.037467601201599775
84.7,24.0906320973792,24.090077328738623,24.0,1.5,0.9397795886714282,0.634256712216447,0.037467601201599775
84.80000000000001,24.090077328738623,24.0895259189291,24.0,1.5,0.9397652210804639,0.634256712216447,0.037467601201599775
84.9,24.0895259189291,24.088977852225227,24.0,1.5,0.939750917850355,0.634256712216447,0.037467601201599775
85.0,24.088977852225227,24.088433112729916,24.0,1.5,0.9397366815329775,0.634256712216447,0.037467601201599775
85.10000000000001,24.088433112729916,24.087891684381916,24.0,1.5,0.9397225145117453,0.634256712216447,0.037467601201599775
85.2,24.087891684381916,24.087353550963588,24.0,1.5,0.9397084190057773,0.634256712216447,0.037467601201599775
85.30000000000001,24.087353550963588,24.08681869610884,24.0,1.5,0.9396943970742399,0.634256712216447,0.037467601201599775
85.4,24.08681869610884,24.08628710331119,24.0,1.5,0.9396804506208187,0.634256712216447,0.037467601201599775
85.5,24.08628710331119,24.085758755931966,24.0,1.5,0.9396665813983139,0.634256712216447,0.037467601201599775
85.60000000000001,24.085758755931966,24.08523363720856,24.0,1.5,0.9396527910133401,0.634256712216447,0.037467601201599775
85.7,24.08523363720856,24.084711730262732,24.0,1.5,0.9396390809310986,0.634256712216447,0.037467601201599775
85.80000000000001,24.084711730262732,24.08419301810893,24.0,1.5,0.9396254524802131,0.634256712216447,0.037467601201599775
85.9,24.08419301810893,24.0836774836626,24.0,1.5,0.9396119068576022,0.634256712216447,0.037467601201599775
86.0,24.0836774836626,24.08316510974847,24.0,1.5,0.9395984451333816,0.634256712216447,0.037467601201599775
86.10000000000001,24.08316510974847,24.082655879108767,24.0,1.5,0.9395850682557741,0.634256712216447,0.037467601201599775
86.2,24.082655879108767,24.082149774411366,24.0,1.5,0.9395717770560171,0.634256712216447,0.037467601201599775
86.30000000000001,24.082149774411366,24.081646778257845,24.0,1.5,0.9395585722532512,0.634256712216447,0.037467601201599775
86.4,24.081646778257845,24.081146873191415,24.0,1.5,0.9395454544593772,0.634256712216447,0.037467601201599775
86.5,24.081146873191415,24.08065004170474,24.0,1.5,0.9395324241838721,0.634256712216447,0.037467601201599775
86.60000000000001,24.08065004170474,24.0801562662476,24.0,1.5,0.9395194818385565,0.634256712216447,0.037467601201599775
86.7,24.0801562662476,24.079665529234404,24.0,1.5,0.9395066277422947,0.634256712216447,0.037467601201599775
86.80000000000001,24.079665529234404,24.079177813051547,24.0,1.5,0.9394938621256298,0.634256712216447,0.037467601201599775
86.9,24.079177813051547,24.078693100064562,24.0,1.5,0.9394811851353394,0.634256712216447,0.037467601201599775
87.0,24.078693100064562,24.078211372625116,24.0,1.5,0.9394685968388993,0.634256712216447,0.037467601201599775
87.10000000000001,24.078211372625116,24.077732613077803,24.0,1.5,0.9394560972288664,0.634256712216447,0.037467601201599775
87.2,24.077732613077803,24.07725680376673,24.0,1.5,0.9394436862271609,0.634256712216447,0.037467601201599775
87.30000000000001,24.07725680376673,24.076783927041898,24.0,1.5,0.939431363689242,0.634256712216447,0.037467601201599775
87.4,24.076783927041898,24.076313965265385,24.0,1.5,0.9394191294081765,0.634256712216447,0.037467601201599775
87.5,24.076313965265385,24.075846900817297,24.0,1.5,0.9394069831186054,0.634256712216447,0.037467601201599775
87.60000000000001,24.075846900817297,24.07538271610152,24.0,1.5,0.9393949245005877,0.634256712216447,0.037467601201599775
87.7,24.07538271610152,24.074921393551232,24.0,1.5,0.9393829531833359,0.634256712216447,0.037467601201599775
87.80000000000001,24.074921393551232,24.07446291563422,24.0,1.5,0.9393710687488244,0.634256712216447,0.037467601201599775
87.9,24.07446291563422,24.074007264857958,24.0,1.5,0.9393592707352865,0.634256712216447,0.037467601201599775
88.0,24.074007264857958,24.07355442377446,24.0,1.5,0.9393475586405865,0.634256712216447,0.037467601201599775
88.10000000000001,24.07355442377446,24.073104374984933,24.0,1.5,0.9393359319254705,0.634256712216447,0.037467601201599775
88.2,24.073104374984933,24.072657101144188,24.0,1.5,0.9393243900166904,0.634256712216447,0.037467601201599775
88.30000000000001,24.072657101144188,24.07221258496486,24.0,1.5,0.9393129323100124,0.634256712216447,0.037467601201599775
88.4,24.07221258496486,24.071770809221384,24.0,1.5,0.9393015581731046,0.634256712216447,0.037467601201599775
88.5,24.071770809221384,24.071331756753782,24.0,1.5,0.9392902669482933,0.634256712216447,0.037467601201599775
88.60000000000001,24.071331756753782,24.07089541047123,24.0,1.5,0.9392790579552077,0.634256712216447,0.037467601201599775
88.7,24.07089541047123,24.070461753355424,24.0,1.5,0.9392679304933046,0.634256712216447,0.037467601201599775
88.80000000000001,24.070461753355424,24.070030768463734,24.0,1.5,0.9392568838442726,0.634256712216447,0.037467601201599775
88.9,24.070030768463734,24.069602438932183,24.0,1.5,0.9392459172743187,0.634256712216447,0.037467601201599775
89.0,24.069602438932183,24.069176747978208,24.0,1.5,0.9392350300363485,0.634256712216447,0.037467601201599775
89.10000000000001,24.069176747978208,24.068753678903242,24.0,1.5,0.9392242213720272,0.634256712216447,0.037467601201599775
89.2,24.068753678903242,24.068333215095127,24.0,1.5,0.9392134905137278,0.634256712216447,0.037467601201599775
89.30000000000001,24.068333215095127,24.067915340030314,24.0,1.5,0.9392028366863873,0.634256712216447,0.037467601201599775
89.4,24.067915340030314,24.067500037275934,24.0,1.5,0.9391922591092349,0.634256712216447,0.037467601201599775
89.5,24.067500037275934,24.06708729049166,24.0,1.5,0.939181756997442,0.634256712216447,0.037467601201599775
89.60000000000001,24.06708729049166,24.066677083431426,24.0,1.5,0.939171329563654,0.634256712216447,0.037467601201599775
89.7,24.066677083431426,24.066269399944993,24.0,1.5,0.9391609760194313,0.634256712216447,0.037467601201599775
89.80000000000001,24.066269399944993,24.065864223979347,24.0,1.5,0.9391506955766022,0.634256712216447,0.037467601201599775
89.9,24.065864223979347,24.065461539579964,24.0,1.5,0.9391404874485134,0.634256712216447,0.037467601201599775
90.0,24.065461539579964,24.06506133089193,24.0,1.5,0.9391303508512026,0.634256712216447,0.037467601201599775
90.10000000000001,24.06506133089193,24.06466358216092,24.0,1.5,0.9391202850044795,0.634256712216447,0.037467601201599775
90.2,24.06466358216092,24.064268277734065,24.0,1.5,0.9391102891329298,0.634256712216447,0.037467601201599775
90.30000000000001,24.064268277734065,24.063875402060667,24.0,1.5,0.9391003624668327,0.634256712216447,0.037467601201599775
90.4,24.063875402060667,24.06348493969282,24.0,1.5,0.9390905042430133,0.634256712216447,0.037467601201599775
90.5,24.06348493969282,24.063096875285908,24.0,1.5,0.9390807137056105,0.634256712216447,0.037467601201599775
90.60000000000001,24.063096875285908,24.06271119359899,24.0,1.5,0.9390709901067817,0.634256712216447,0.037467601201599775
90.7,24.06271119359899,24.062327879495093,24.0,1.5,0.9390613327073394,0.634256712216447,0.037467601201599775
90.80000000000001,24.062327879495093,24.061946917941402,24.0,1.5,0.9390517407773225,0.634256712216447,0.037467601201599775
90.9,24.061946917941402,24.06156829400935,24.0,1.5,0.9390422135965069,0.634256712216447,0.037467601201599775
91.0,24.06156829400935,24.061191992874647,24.0,1.5,0.9390327504548585,0.634256712216447,0.037467601201599775
91.10000000000001,24.061191992874647,24.06081799981719,24.0,1.5,0.9390233506529337,0.634256712216447,0.037467601201599775
91.2,24.06081799981719,24.060446300220917,24.0,1.5,0.9390140135022214,0.634256712216447,0.037467601201599775
91.30000000000001,24.060446300220917,24.0600768795736,24.0,1.5,0.9390047383254367,0.634256712216447,0.037467601201599775
91.4,24.0600768795736,24.05970972346654,24.0,1.5,0.9389955244567746,0.634256712216447,0.037467601201599775
91.5,24.05970972346654,24.059344817594212,24.0,1.5,0.9389863712421105,0.634256712216447,0.037467601201599775
91.60000000000001,24.059344817594212,24.05898214775386,24.0,1.5,0.9389772780391596,0.634256712216447,0.037467601201599775
91.7,24.05898214775386,24.058621699845016,24.0,1.5,0.9389682442176028,0.634256712216447,0.037467601201599775
91.80000000000001,24.058621699845016,24.058263459869,24.0,1.5,0.9389592691591699,0.634256712216447,0.037467601201599775
91.9,24.058263459869,24.057907413928326,24.0,1.5,0.9389503522576972,0.634256712216447,0.037467601201599775
92.0,24.057907413928326,24.057553548226114,24.0,1.5,0.9389414929191359,0.634256712216447,0.037467601201599775
92.10000000000001,24.057553548226114,24.05720184906541,24.0,1.5,0.9389326905615516,0.634256712216447,0.037467601201599775
92.2,24.05720184906541,24.05685230284853,24.0,1.5,0.9389239446150726,0.634256712216447,0.037467601201599775
92.30000000000001,24.05685230284853,24.05650489607631,24.0,1.5,0.9389152545218379,0.634256712216447,0.037467601201599775
92.4,24.05650489607631,24.056159615347365,24.0,1.5,0.9389066197358997,0.634256712216447,0.037467601201599775
92.5,24.056159615347365,24.055816447357312,24.0,1.5,0.9388980397231155,0.634256712216447,0.037467601201599775
92.60000000000001,24.055816447357312,24.055475378897963,24.0,1.5,0.9388895139610139,0.634256712216447,0.037467601201599775
92.7,24.055475378897963,24.055136396856497,24.0,1.5,0.9388810419386522,0.634256712216447,0.037467601201599775
92.80000000000001,24.055136396856497,24.05479948821462,24.0,1.5,0.9388726231564426,0.634256712216447,0.037467601201599775
92.9,24.05479948821462,24.054464640047705,24.0,1.5,0.938864257125976,0.634256712216447,0.037467601201599775
93.0,24.054464640047705,24.054131839523915,24.0,1.5,0.9388559433698264,0.634256712216447,0.037467601201599775
93.10000000000001,24.054131839523915,24.053801073903326,24.0,1.5,0.9388476814213428,0.634256712216447,0.037467601201599775
93.2,24.053801073903326,24.05347233053702,24.0,1.5,0.9388394708244364,0.634256712216447,0.037467601201599775
93.30000000000001,24.05347233053702,24.053145596866187,24.0,1.5,0.9388313111333478,0.634256712216447,0.037467601201599775
93.4,24.053145596866187,24.05282086042123,24.0,1.5,0.9388232019124159,0.634256712216447,0.037467601201599775
93.5,24.05282086042123,24.052498108820842,24.0,1.5,0.9388151427358402,0.634256712216447,0.037467601201599775
93.60000000000001,24.052498108820842,24.052177329771084,24.0,1.5,0.9388071331874283,0.634256712216447,0.037467601201599775
93.7,24.052177329771084,24.051858511064495,24.0,1.5,0.9387991728603434,0.634256712216447,0.037467601201599775
93.80000000000001,24.051858511064495,24.051541640579167,24.0,1.5,0.9387912613568565,0.634256712216447,0.037467601201599775
93.9,24.051541640579167,24.05122670627783,24.0,1.5,0.9387833982880837,0.634256712216447,0.037467601201599775
94.0,24.05122670627783,24.05091369620696,24.0,1.5,0.9387755832737229,0.634256712216447,0.037467601201599775
94.10000000000001,24.05091369620696,24.05060259849586,24.0,1.5,0.9387678159417989,0.634256712216447,0.037467601201599775
94.2,24.05060259849586,24.050293401355788,24.0,1.5,0.9387600959284008,0.634256712216447,0.037467601201599775
94.30000000000001,24.050293401355788,24.049986093079053,24.0,1.5,0.9387524228774186,0.634256712216447,0.037467601201599775
94.4,24.049986093079053,24.04968066203814,24.0,1.5,0.9387447964402909,0.634256712216447,0.037467601201599775
94.5,24.04968066203814,24.049377096684832,24.0,1.5,0.9387372162757396,0.634256712216447,0.037467601201599775
94.60000000000001,24.049377096684832,24.049075385549372,24.0,1.5,0.9387296820495168,0.634256712216447,0.037467601201599775
94.7,24.049075385549372,24.04877551723958,24.0,1.5,0.9387221934341585,0.634256712216447,0.037467601201599775
94.80000000000001,24.04877551723958,24.048477480440035,24.0,1.5,0.9387147501087253,0.634256712216447,0.037467601201599775
94.9,24.048477480440035,24.048181263911236,24.0,1.5,0.9387073517585646,0.634256712216447,0.037467601201599775
95.0,24.048181263911236,24.04788685648879,24.0,1.5,0.938699998075066,0.634256712216447,0.037467601201599775
95.10000000000001,24.04788685648879,24.04759424708261,24.0,1.5,0.9386926887554262,0.634256712216447,0.037467601201599775
95.2,24.04759424708261,24.047303424676116,24.0,1.5,0.9386854235024167,0.634256712216447,0.037467601201599775
95.30000000000001,24.047303424676116,24.047014378325457,24.0,1.5,0.938678202024158,0.634256712216447,0.037467601201599775
95.4,24.047014378325457,24.04672709715875,24.0,1.5,0.9386710240338949,0.634256712216447,0.037467601201599775
95.5,24.04672709715875,24.04644157037533,24.0,1.5,0.9386638892497835,0.634256712216447,0.037467601201599775
95.60000000000001,24.04644157037533,24.046157787244997,24.0,1.5,0.9386567973946803,0.634256712216447,0.037467601201599775
95.7,24.046157787244997,24.045875737107306,24.0,1.5,0.9386497481959379,0.634256712216447,0.037467601201599775
95.80000000000001,24.045875737107306,24.04559540937085,24.0,1.5,0.9386427413852021,0.634256712216447,0.037467601201599775
95.9,24.04559540937085,24.04531679351257,24.0,1.5,0.9386357766982282,0.634256712216447,0.037467601201599775
96.0,24.04531679351257,24.045039879077052,24.0,1.5,0.9386288538746895,0.634256712216447,0.037467601201599775
96.10000000000001,24.045039879077052,24.04476465567588,24.0,1.5,0.938621972657996,0.634256712216447,0.037467601201599775
96.2,24.04476465567588,24.044491112986968,24.0,1.5,0.9386151327951229,0.634256712216447,0.037467601201599775
96.30000000000001,24.044491112986968,24.044219240753918,24.0,1.5,0.9386083340364436,0.634256712216447,0.037467601201599775
96.4,24.044219240753918,24.0439490287854,24.0,1.5,0.9386015761355669,0.634256712216447,0.037467601201599775
96.5,24.0439490287854,24.043680466954523,24.0,1.5,0.938594858849185,0.634256712216447,0.037467601201599775
96.60000000000001,24.043680466954523,24.04341354519825,24.0,1.5,0.9385881819369224,0.634256712216447,0.037467601201599775
96.7,24.04341354519825,24.043148253516787,24.0,1.5,0.9385815451611922,0.634256712216447,0.037467601201599775
96.80000000000001,24.043148253516787,24.042884581973027,24.0,1.5,0.938574948287061,0.634256712216447,0.037467601201599775
96.9,24.042884581973027,24.04262252069198,24.0,1.5,0.9385683910821173,0.634256712216447,0.037467601201599775
97.0,24.04262252069198,24.042362059860224,24.0,1.5,0.9385618733163517,0.634256712216447,0.037467601201599775
97.10000000000001,24.042362059860224,24.042103189725356,24.0,1.5,0.9385553947620321,0.634256712216447,0.037467601201599775
97.2,24.042103189725356,24.041845900595476,24.0,1.5,0.9385489551935943,0.634256712216447,0.037467601201599775
97.30000000000001,24.041845900595476,24.041590182838668,24.0,1.5,0.9385425543875305,0.634256712216447,0.037467601201599775
97.4,24.041590182838668,24.0413360268825,24.0,1.5,0.9385361921222922,0.634256712216447,0.037467601201599775
97.5,24.0413360268825,24.04108342321353,24.0,1.5,0.9385298681781927,0.634256712216447,0.037467601201599775
97.60000000000001,24.04108342321353,24.040832362376808,24.0,1.5,0.9385235823373127,0.634256712216447,0.037467601201599775
97.7,24.040832362376808,24.04058283497544,24.0,1.5,0.9385173343834131,0.634256712216447,0.037467601201599775
97.80000000000001,24.04058283497544,24.04033483167009,24.0,1.5,0.9385111241018619,0.634256712216447,0.037467601201599775
97.9,24.04033483167009,24.040088343178557,24.0,1.5,0.9385049512795479,0.634256712216447,0.037467601201599775
98.0,24.040088343178557,24.039843360275317,24.0,1.5,0.9384988157048131,0.634256712216447,0.037467601201599775
98.10000000000001,24.039843360275317,24.039599873791094,24.0,1.5,0.9384927171673876,0.634256712216447,0.037467601201599775
98.2,24.039599873791094,24.039357874612445,24.0,1.5,0.938486655458319,0.634256712216447,0.037467601201599775
98.30000000000001,24.039357874612445,24.039117353681338,24.0,1.5,0.9384806303699227,0.634256712216447,0.037467601201599775
98.4,24.039117353681338,24.03887830199475,24.0,1.5,0.9384746416957184,0.634256712216447,0.037467601201599775
98.5,24.03887830199475,24.038640710604266,24.0,1.5,0.9384686892303867,0.634256712216447,0.037467601201599775
98.60000000000001,24.038640710604266,24.038404570615697,24.0,1.5,0.9384627727697145,0.634256712216447,0.037467601201599775
98.7,24.038404570615697,24.03816987318869,24.0,1.5,0.9384568921105564,0.634256712216447,0.037467601201599775
98.80000000000001,24.03816987318869,24.03793660953636,24.0,1.5,0.938451047050792,0.634256712216447,0.037467601201599775
98.9,24.03793660953636,24.03770477092492,24.0,1.5,0.9384452373892905,0.634256712216447,0.037467601201599775
99.0,24.03770477092492,24.037474348673314,24.0,1.5,0.9384394629258743,0.634256712216447,0.037467601201599775
99.10000000000001,24.037474348673314,24.037245334152882,24.0,1.5,0.9384337234612883,0.634256712216447,0.037467601201599775
99.2,24.037245334152882,24.037017718786988,24.0,1.5,0.9384280187971753,0.634256712216447,0.037467601201599775
99.30000000000001,24.037017718786988,24.036791494050693,24.0,1.5,0.9384223487360438,0.634256712216447,0.037467601201599775
99.4,24.036791494050693,24.03656665147042,24.0,1.5,0.9384167130812495,0.634256712216447,0.037467601201599775
99.5,24.03656665147042,24.036343182623618,24.0,1.5,0.9384111116369763,0.634256712216447,0.037467601201599775
99.60000000000001,24.036343182623618,24.036121079138436,24.0,1.5,0.9384055442082151,0.634256712216447,0.037467601201599775
99.7,24.036121079138436,24.03590033269341,24.0,1.5,0.9384000106007447,0.634256712216447,0.037467601201599775
99.80000000000001,24.03590033269341,24.035680935017137,24.0,1.5,0.9383945106211244,0.634256712216447,0.037467601201599775
99.9,24.035680935017137,24.035462877887976,24.0,1.5,0.9383890440766764,0.634256712216447,0.037467601201599775
100.0,24.035462877887976,24.035246153133738,24.0,1.5,0.9383836107754766,0.634256712216447,0.037467601201599775
100.10000000000001,24.035246153133738,24.03503075263138,24.0,1.5,0.9383782105263477,0.634256712216447,0.037467601201599775
100.2,24.03503075263138,24.03481666830671,24.0,1.5,0.93837284313885,0.634256712216447,0.037467601201599775
100.30000000000001,24.03481666830671,24.034603892134093,24.0,1.5,0.9383675084232775,0.634256712216447,0.037467601201599775
100.4,24.034603892134093,24.034392416136164,24.0,1.5,0.9383622061906457,0.634256712216447,0.037467601201599775
100.5,24.034392416136164,24.034182232383532,24.0,1.5,0.9383569362527013,0.634256712216447,0.037467601201599775
100.60000000000001,24.034182232383532,24.033973332994506,24.0,1.5,0.9383516984219084,0.634256712216447,0.037467601201599775
100.7,24.033973332994506,24.03376571013481,24.0,1.5,0.9383464925114533,0.634256712216447,0.037467601201599775
100.80000000000001,24.03376571013481,24.0335593560173,24.0,1.5,0.9383413183352425,0.634256712216447,0.037467601201599775
100.9,24.0335593560173,24.033354262901707,24.0,1.5,0.9383361757079028,0.634256712216447,0.037467601201599775
101.0,24.033354262901707,24.033150423094348,24.0,1.5,0.9383310644447862,0.634256712216447,0.037467601201599775
101.10000000000001,24.033150423094348,24.03294782894786,24.0,1.5,0.9383259843619683,0.634256712216447,0.037467601201599775
101.2,24.03294782894786,24.032746472860943,24.0,1.5,0.9383209352762512,0.634256712216447,0.037467601201599775
101.30000000000001,24.032746472860943,24.032546347278082,24.0,1.5,0.9383159170051686,0.634256712216447,0.037467601201599775
101.4,24.032546347278082,24.032347444689293,24.0,1.5,0.9383109293669912,0.634256712216447,0.037467601201599775
101.5,24.032347444689293,24.032149757629863,24.0,1.5,0.9383059721807258,0.634256712216447,0.037467601201599775
101.60000000000001,24.032149757629863,24.031953278680092,24.0,1.5,0.9383010452661245,0.634256712216447,0.037467601201599775
101.7,24.031953278680092,24.03175800046503,24.0,1.5,0.9382961484436897,0.634256712216447,0.037467601201599775
101.80000000000001,24.03175800046503,24.03156391565423,24.0,1.5,0.9382912815346747,0.634256712216447,0.037467601201599775
101.9,24.03156391565423,24.031371016961494,24.0,1.5,0.9382864443610944,0.634256712216447,0.037467601201599775
102.0,24.031371016961494,24.031179297144625,24.0,1.5,0.93828163674573,0.634256712216447,0.037467601201599775
102.10000000000001,24.031179297144625,24.03098874900517,24.0,1.5,0.9382768585121324,0.634256712216447,0.037467601201599775
102.2,24.03098874900517,24.030799365388184,24.0,1.5,0.9382721094846296,0.634256712216447,0.037467601201599775
102.30000000000001,24.030799365388184,24.030611139181964,24.0,1.5,0.938267389488334,0.634256712216447,0.037467601201599775
102.4,24.030611139181964,24.03042406331783,24.0,1.5,0.9382626983491438,0.634256712216447,0.037467601201599775
102.5,24.03042406331783,24.030238130769863,24.0,1.5,0.9382580358937561,0.634256712216447,0.037467601201599775
102.60000000000001,24.030238130769863,24.03005333455467,24.0,1.5,0.9382534019496647,0.634256712216447,0.037467601201599775
102.7,24.03005333455467,24.029869667731134,24.0,1.5,0.9382487963451729,0.634256712216447,0.037467601201599775
102.80000000000001,24.029869667731134,24.029687123400198,24.0,1.5,0.9382442189093919,0.634256712216447,0.037467601201599775
102.9,24.029687123400198,24.029505694704596,24.0,1.5,0.9382396694722566,0.634256712216447,0.037467601201599775
103.0,24.029505694704596,24.029325374828638,24.0,1.5,0.9382351478645196,0.634256712216447,0.037467601201599775
103.10000000000001,24.029325374828638,24.029146156997964,24.0,1.5,0.9382306539177633,0.634256712216447,0.037467601201599775
103.2,24.029146156997964,24.02896803447931,24.0,1.5,0.9382261874644056,0.634256712216447,0.037467601201599775
103.30000000000001,24.02896803447931,24.028791000580274,24.0,1.5,0.9382217483376984,0.634256712216447,0.037467601201599775
103.4,24.028791000580274,24.028615048649087,24.0,1.5,0.938217336371739,0.634256712216447,0.037467601201599775
103.5,24.028615048649087,24.028440172074376,24.0,1.5,0.9382129514014712,0.634256712216447,0.037467601201599775
103.60000000000001,24.028440172074376,24.02826636428493,24.0,1.5,0.93820859326269,0.634256712216447,0.037467601201599775
103.7,24.02826636428493,24.028093618749484,24.0,1.5,0.9382042617920441,0.634256712216447,0.037467601201599775
103.80000000000001,24.028093618749484,24.02792192897647,24.0,1.5,0.9381999568270426,0.634256712216447,0.037467601201599775
103.9,24.02792192897647,24.027751288513798,24.0,1.5,0.9381956782060555,0.634256712216447,0.037467601201599775
104.0,24.027751288513798,24.02758169094864,24.0,1.5,0.9381914257683178,0.634256712216447,0.037467601201599775
104.10000000000001,24.02758169094864,24.027413129907185,24.0,1.5,0.9381871993539339,0.634256712216447,0.037467601201599775
104.2,24.027413129907185,24.027245599054417,24.0,1.5,0.9381829988038776,0.634256712216447,0.037467601201599775
104.30000000000001,24.027245599054417,24.027079092093903,24.0,1.5,0.9381788239599934,0.634256712216447,0.037467601201599775
104.4,24.027079092093903,24.026913602767554,24.0,1.5,0.9381746746650039,0.634256712216447,0.037467601201599775
104.5,24.026913602767554,24.026749124855407,24.0,1.5,0.938170550762506,0.634256712216447,0.037467601201599775
104.60000000000001,24.026749124855407,24.02658565217541,24.0,1.5,0.9381664520969729,0.634256712216447,0.037467601201599775
104.7,24.02658565217541,24.026423178583194,24.0,1.5,0.93816237851376,0.634256712216447,0.037467601201599775
104.80000000000001,24.026423178583194,24.026261697971847,24.0,1.5,0.9381583298591026,0.634256712216447,0.037467601201599775
104.9,24.026261697971847,24.02610120427171,24.0,1.5,0.938154305980112,0.634256712216447,0.037467601201599775
105.0,24.02610120427171,24.025941691450143,24.0,1.5,0.9381503067247856,0.634256712216447,0.037467601201599775
105.10000000000001,24.025941691450143,24.025783153511316,24.0,1.5,0.9381463319419963,0.634256712216447,0.037467601201599775
105.2,24.025783153511316,24.02562558449599,24.0,1.5,0.9381423814815026,0.634256712216447,0.037467601201599775
105.30000000000001,24.02562558449599,24.025468978481303,24.0,1.5,0.9381384551939406,0.634256712216447,0.037467601201599775
105.4,24.025468978481303,24.02531332958055,24.0,1.5,0.9381345529308264,0.634256712216447,0.037467601201599775
105.5,24.02531332958055,24.02515863194297,24.0,1.5,0.9381306745445543,0.634256712216447,0.037467601201599775
105.60000000000001,24.02515863194297,24.025004879753535,24.0,1.5,0.9381268198883969,0.634256712216447,0.037467601201599775
105.7,24.025004879753535,24.024852067232747,24.0,1.5,0.9381229888165007,0.634256712216447,0.037467601201599775
105.80000000000001,24.024852067232747,24.024700188636405,24.0,1.5,0.9381191811838911,0.634256712216447,0.037467601201599775
105.9,24.024700188636405,24.024549238255414,24.0,1.5,0.938115396846463,0.634256712216447,0.037467601201599775
106.0,24.024549238255414,24.024399210415563,24.0,1.5,0.9381116356609833,0.634256712216447,0.037467601201599775
106.10000000000001,24.024399210415563,24.02425009947732,24.0,1.5,0.9381078974850869,0.634256712216447,0.037467601201599775
106.2,24.02425009947732,24.02410189983563,24.0,1.5,0.9381041821772735,0.634256712216447,0.037467601201599775
106.30000000000001,24.02410189983563,24.023954605919705,24.0,1.5,0.9381004895969084,0.634256712216447,0.037467601201599775
106.4,24.023954605919705,24.02380821219281,24.0,1.5,0.9380968196042175,0.634256712216447,0.037467601201599775
106.5,24.02380821219281,24.02366271315207,24.0,1.5,0.9380931720602852,0.634256712216447,0.037467601201599775
106.60000000000001,24.02366271315207,24.02351810332826,24.0,1.5,0.938089546827047,0.634256712216447,0.037467601201599775
106.7,24.02351810332826,24.023374377285606,24.0,1.5,0.9380859437672954,0.634256712216447,0.037467601201599775
106.80000000000001,24.023374377285606,24.023231529621572,24.0,1.5,0.9380823627446685,0.634256712216447,0.037467601201599775
106.9,24.023231529621572,24.023089554966678,24.0,1.5,0.9380788036236473,0.634256712216447,0.037467601201599775
107.0,24.023089554966678,24.02294844798428,24.0,1.5,0.938075266269557,0.634256712216447,0.037467601201599775
107.10000000000001,24.02294844798428,24.02280820337039,24.0,1.5,0.938071750548558,0.634256712216447,0.037467601201599775
107.2,24.02280820337039,24.02266881585346,24.0,1.5,0.9380682563276456,0.634256712216447,0.037467601201599775
107.30000000000001,24.02266881585346,24.0225302801942,24.0,1.5,0.9380647834746458,0.634256712216447,0.037467601201599775
107.4,24.0225302801942,24.02239259118537,24.0,1.5,0.9380613318582062,0.634256712216447,0.037467601201599775
107.5,24.02239259118537,24.022255743651595,24.0,1.5,0.9380579013477971,0.634256712216447,0.037467601201599775
107.60000000000001,24.022255743651595,24.022119732449163,24.0,1.5,0.9380544918137089,0.634256712216447,0.037467601201599775
107.7,24.022119732449163,24.02198455246584,24.0,1.5,0.9380511031270388,0.634256712216447,0.037467601201599775
107.80000000000001,24.02198455246584,24.021850198620673,24.0,1.5,0.9380477351596987,0.634256712216447,0.037467601201599775
107.9,24.021850198620673,24.021716665863796,24.0,1.5,0.9380443877843976,0.634256712216447,0.037467601201599775
108.0,24.021716665863796,24.02158394917625,24.0,1.5,0.938041060874649,0.634256712216447,0.037467601201599775
108.10000000000001,24.02158394917625,24.021452043569784,24.0,1.5,0.9380377543047592,0.634256712216447,0.037467601201599775
108.2,24.021452043569784,24.021320944086675,24.0,1.5,0.9380344679498225,0.634256712216447,0.037467601201599775
108.30000000000001,24.021320944086675,24.02119064579954,24.0,1.5,0.9380312016857203,0.634256712216447,0.037467601201599775
108.4,24.02119064579954,24.02106114381114,24.0,1.5,0.9380279553891162,0.634256712216447,0.037467601201599775
108.5,24.02106114381114,24.02093243325421,24.0,1.5,0.9380247289374444,0.634256712216447,0.037467601201599775
108.60000000000001,24.02093243325421,24.02080450929127,24.0,1.5,0.9380215222089138,0.634256712216447,0.037467601201599775
108.7,24.02080450929127,24.020677367114445,24.0,1.5,0.9380183350824983,0.634256712216447,0.037467601201599775
108.80000000000001,24.020677367114445,24.020551001945268,24.0,1.5,0.9380151674379351,0.634256712216447,0.037467601201599775
108.9,24.020551001945268,24.020425409034523,24.0,1.5,0.9380120191557124,0.634256712216447,0.037467601201599775
109.0,24.020425409034523,24.020300583662053,24.0,1.5,0.938008890117074,0.634256712216447,0.037467601201599775
109.10000000000001,24.020300583662053,24.020176521136577,24.0,1.5,0.9380057802040108,0.634256712216447,0.037467601201599775
109.2,24.020176521136577,24.020053216795525,24.0,1.5,0.9380026892992512,0.634256712216447,0.037467601201599775
109.30000000000001,24.020053216795525,24.019930666004853,24.0,1.5,0.9379996172862638,0.634256712216447,0.037467601201599775
109.4,24.019930666004853,24.01980886415887,24.0,1.5,0.9379965640492485,0.634256712216447,0.037467601201599775
109.5,24.01980886415887,24.01968780668006,24.0,1.5,0.9379935294731282,0.634256712216447,0.037467601201599775
109.60000000000001,24.01968780668006,24.019567489018925,24.0,1.5,0.9379905134435527,0.634256712216447,0.037467601201599775
109.7,24.019567489018925,24.01944790665379,24.0,1.5,0.9379875158468871,0.634256712216447,0.037467601201599775
109.80000000000001,24.01944790665379,24.01932905509065,24.0,1.5,0.9379845365702094,0.634256712216447,0.037467601201599775
109.9,24.01932905509065,24.019210929862986,24.0,1.5,0.9379815755013042,0.634256712216447,0.037467601201599775
110.0,24.019210929862986,24.019093526531602,24.0,1.5,0.9379786325286573,0.634256712216447,0.037467601201599775
110.10000000000001,24.019093526531602,24.018976840684466,24.0,1.5,0.9379757075414524,0.634256712216447,0.037467601201599775
110.2,24.018976840684466,24.01886086793653,24.0,1.5,0.9379728004295691,0.634256712216447,0.037467601201599775
110.30000000000001,24.01886086793653,24.01874560392957,24.0,1.5,0.9379699110835735,0.634256712216447,0.037467601201599775
110.4,24.01874560392957,24.018631044332018,24.0,1.5,0.937967039394713,0.634256712216447,0.037467601201599775
110.5,24.018631044332018,24.0185171848388,24.0,1.5,0.9379641852549169,0.634256712216447,0.037467601201599775
110.60000000000001,24.0185171848388,24.018404021171175,24.0,1.5,0.937961348556785,0.634256712216447,0.037467601201599775
110.7,24.018404021171175,24.018291549076572,24.0,1.5,0.9379585291935902,0.634256712216447,0.037467601201599775
110.80000000000001,24.018291549076572,24.018179764328426,24.0,1.5,0.9379557270592671,0.634256712216447,0.037467601201599775
110.9,24.018179764328426,24.018068662726023,24.0,1.5,0.9379529420484117,0.634256712216447,0.037467601201599775
111.0,24.018068662726023,24.017958240094337,24.0,1.5,0.9379501740562759,0.634256712216447,0.037467601201599775
111.10000000000001,24.017958240094337,24.01784849228387,24.0,1.5,0.9379474229787625,0.634256712216447,0.037467601201599775
111.2,24.01784849228387,24.01773941517051,24.0,1.5,0.9379446887124175,0.634256712216447,0.037467601201599775
111.30000000000001,24.01773941517051,24.01763100465535,24.0,1.5,0.9379419711544348,0.634256712216447,0.037467601201599775
111.4,24.01763100465535,24.017523256664553,24.0,1.5,0.9379392702026405,0.634256712216447,0.037467601201599775
111.5,24.017523256664553,24.017416167149197,24.0,1.5,0.9379365857554962,0.634256712216447,0.037467601201599775
111.60000000000001,24.017416167149197,24.01730973208511,24.0,1.5,0.9379339177120938,0.634256712216447,0.037467601201599775
111.7,24.01730973208511,24.017203947472723,24.0,1.5,0.9379312659721487,0.634256712216447,0.037467601201599775
111.80000000000001,24.017203947472723,24.01709880933693,24.0,1.5,0.9379286304359931,0.634256712216447,0.037467601201599775
111.9,24.01709880933693,24.016994313726915,24.0,1.5,0.9379260110045816,0.634256712216447,0.037467601201599775
112.0,24.016994313726915,24.01689045671603,24.0,1.5,0.9379234075794748,0.634256712216447,0.037467601201599775
112.10000000000001,24.01689045671603,24.016787234401626,24.0,1.5,0.9379208200628453,0.634256712216447,0.037467601201599775
112.2,24.016787234401626,24.01668464290491,24.0,1.5,0.9379182483574676,0.634256712216447,0.037467601201599775
112.30000000000001,24.01668464290491,24.016582678370803,24.0,1.5,0.937915692366714,0.634256712216447,0.037467601201599775
112.4,24.016582678370803,24.016481336967797,24.0,1.5,0.9379131519945539,0.634256712216447,0.037467601201599775
112.5,24.016481336967797,24.016380614887797,24.0,1.5,0.9379106271455497,0.634256712216447,0.037467601201599775
112.60000000000001,24.016380614887797,24.016280508345996,24.0,1.5,0.9379081177248472,0.634256712216447,0.037467601201599775
112.7,24.016280508345996,24.016181013580717,24.0,1.5,0.9379056236381799,0.634256712216447,0.037467601201599775
112.80000000000001,24.016181013580717,24.016082126853274,24.0,1.5,0.9379031447918588,0.634256712216447,0.037467601201599775
112.9,24.016082126853274,24.015983844447838,24.0,1.5,0.9379006810927701,0.634256712216447,0.037467601201599775
113.0,24.015983844447838,24.015886162671293,24.0,1.5,0.937898232448374,0.634256712216447,0.037467601201599775
113.10000000000001,24.015886162671293,24.015789077853093,24.0,1.5,0.9378957987666984,0.634256712216447,0.037467601201599775
113.2,24.015789077853093,24.015692586345125,24.0,1.5,0.9378933799563344,0.634256712216447,0.037467601201599775
113.30000000000001,24.015692586345125,24.015596684521576,24.0,1.5,0.937890975926434,0.634256712216447,0.037467601201599775
113.4,24.015596684521576,24.015501368778793,24.0,1.5,0.9378885865867063,0.634256712216447,0.037467601201599775
113.5,24.015501368778793,24.01540663553515,24.0,1.5,0.9378862118474145,0.634256712216447,0.037467601201599775
113.60000000000001,24.01540663553515,24.015312481230907,24.0,1.5,0.9378838516193732,0.634256712216447,0.037467601201599775
113.7,24.015312481230907,24.01521890232808,24.0,1.5,0.9378815058139397,0.634256712216447,0.037467601201599775
113.80000000000001,24.01521890232808,24.01512589531031,24.0,1.5,0.9378791743430149,0.634256712216447,0.037467601201599775
113.9,24.01512589531031,24.015033456682723,24.0,1.5,0.9378768571190409,0.634256712216447,0.037467601201599775
114.0,24.015033456682723,24.01494158297181,24.0,1.5,0.9378745540549932,0.634256712216447,0.037467601201599775
114.10000000000001,24.01494158297181,24.01485027072529,24.0,1.5,0.9378722650643825,0.634256712216447,0.037467601201599775
114.2,24.01485027072529,24.01475951651197,24.0,1.5,0.9378699900612459,0.634256712216447,0.037467601201599775
114.30000000000001,24.01475951651197,24.014669316921633,24.0,1.5,0.9378677289601448,0.634256712216447,0.037467601201599775
114.4,24.014669316921633,24.014579668564902,24.0,1.5,0.9378654816761672,0.634256712216447,0.037467601201599775
114.5,24.014579668564902,24.01449056807311,24.0,1.5,0.9378632481249156,0.634256712216447,0.037467601201599775
114.60000000000001,24.01449056807311,24.01440201209818,24.0,1.5,0.9378610282225097,0.634256712216447,0.037467601201599775
114.7,24.01440201209818,24.01431399731249,24.0,1.5,0.9378588218855831,0.634256712216447,0.037467601201599775
114.80000000000001,24.01431399731249,24.01422652040876,24.0,1.5,0.9378566290312762,0.634256712216447,0.037467601201599775
114.9,24.01422652040876,24.014139578099908,24.0,1.5,0.9378544495772357,0.634256712216447,0.037467601201599775
115.0,24.014139578099908,24.01405316711895,24.0,1.5,0.937852283441612,0.634256712216447,0.037467601201599775
115.10000000000001,24.01405316711895,24.013967284218857,24.0,1.5,0.9378501305430527,0.634256712216447,0.037467601201599775
115.2,24.013967284218857,24.013881926172456,24.0,1.5,0.9378479908007034,0.634256712216447,0.037467601201599775
115.30000000000001,24.013881926172456,24.01379708977228,24.0,1.5,0.9378458641342053,0.634256712216447,0.037467601201599775
115.4,24.01379708977228,24.013712771830466,24.0,1.5,0.937843750463686,0.634256712216447,0.037467601201599775
115.5,24.013712771830466,24.013628969178637,24.0,1.5,0.9378416497097622,0.634256712216447,0.037467601201599775
115.60000000000001,24.013628969178637,24.013545678667768,24.0,1.5,0.9378395617935352,0.634256712216447,0.037467601201599775
115.7,24.013545678667768,24.013462897168083,24.0,1.5,0.9378374866365857,0.634256712216447,0.037467601201599775
115.80000000000001,24.013462897168083,24.013380621568928,24.0,1.5,0.9378354241609742,0.634256712216447,0.037467601201599775
115.9,24.013380621568928,24.013298848778657,24.0,1.5,0.937833374289236,0.634256712216447,0.037467601201599775
116.0,24.013298848778657,24.013217575724518,24.0,1.5,0.937831336944378,0.634256712216447,0.037467601201599775
116.10000000000001,24.013217575724518,24.013136799352534,24.0,1.5,0.9378293120498779,0.634256712216447,0.037467601201599775
116.2,24.013136799352534,24.01305651662739,24.0,1.5,0.937827299529679,0.634256712216447,0.037467601201599775
116.30000000000001,24.01305651662739,24.01297672453232,24.0,1.5,0.9378252993081895,0.634256712216447,0.037467601201599775
116.4,24.01297672453232,24.012897420068985,24.0,1.5,0.9378233113102765,0.634256712216447,0.037467601201599775
116.5,24.012897420068985,24.01281860025738,24.0,1.5,0.9378213354612656,0.634256712216447,0.037467601201599775
116.60000000000001,24.01281860025738,24.0127402621357,24.0,1.5,0.9378193716869397,0.634256712216447,0.037467601201599775
116.7,24.0127402621357,24.012662402760245,24.0,1.5,0.9378174199135332,0.634256712216447,0.037467601201599775
116.80000000000001,24.012662402760245,24.012585019205297,24.0,1.5,0.9378154800677291,0.634256712216447,0.037467601201599775
116.9,24.012585019205297,24.01250810856302,24.0,1.5,0.9378135520766576,0.634256712216447,0.037467601201599775
117.0,24.01250810856302,24.01243166794334,24.0,1.5,0.9378116358678944,0.634256712216447,0.037467601201599775
117.10000000000001,24.01243166794334,24.01235569447385,24.0,1.5,0.937809731369454,0.634256712216447,0.037467601201599775
117.2,24.01235569447385,24.012280185299698,24.0,1.5,0.9378078385097918,0.634256712216447,0.037467601201599775
117.30000000000001,24.012280185299698,24.01220513758347,24.0,1.5,0.9378059572178007,0.634256712216447,0.037467601201599775
117.4,24.01220513758347,24.012130548505098,24.0,1.5,0.9378040874228065,0.634256712216447,0.037467601201599775
117.5,24.012130548505098,24.012056415261736,24.0,1.5,0.9378022290545648,0.634256712216447,0.037467601201599775
117.60000000000001,24.012056415261736,24.011982735067672,24.0,1.5,0.9378003820432583,0.634256712216447,0.037467601201599775
117.7,24.011982735067672,24.011909505154215,24.0,1.5,0.9377985463194982,0.634256712216447,0.037467601201599775
117.80000000000001,24.011909505154215,24.011836722769598,24.0,1.5,0.9377967218143154,0.634256712216447,0.037467601201599775
117.9,24.011836722769598,24.01176438517886,24.0,1.5,0.9377949084591675,0.634256712216447,0.037467601201599775
118.0,24.01176438517886,24.011692489663762,24.0,1.5,0.9377931061859234,0.634256712216447,0.037467601201599775
118.10000000000001,24.011692489663762,24.01162103352267,24.0,1.5,0.9377913149268713,0.634256712216447,0.037467601201599775
118.2,24.01162103352267,24.011550014070455,24.0,1.5,0.9377895346147117,0.634256712216447,0.037467601201599775
118.30000000000001,24.011550014070455,24.01147942863841,24.0,1.5,0.9377877651825534,0.634256712216447,0.037467601201599775
118.4,24.01147942863841,24.01140927457412,24.0,1.5,0.9377860065639188,0.634256712216447,0.037467601201599775
118.5,24.01140927457412,24.01133954924139,24.0,1.5,0.9377842586927283,0.634256712216447,0.037467601201599775
118.60000000000001,24.01133954924139,24.011270250020132,24.0,1.5,0.9377825215033117,0.634256712216447,0.037467601201599775
118.7,24.011270250020132,24.011201374306268,24.0,1.5,0.9377807949303963,0.634256712216447,0.037467601201599775
118.80000000000001,24.011201374306268,24.011132919511628,24.0,1.5,0.9377790789091106,0.634256712216447,0.037467601201599775
118.9,24.011132919511628,24.011064883063867,24.0,1.5,0.937777373374974,0.634256712216447,0.037467601201599775
119.0,24.011064883063867,24.010997262406352,24.0,1.5,0.9377756782639042,0.634256712216447,0.037467601201599775
119.10000000000001,24.010997262406352,24.010930054998077,24.0,1.5,0.9377739935122062,0.634256712216447,0.037467601201599775
119.2,24.010930054998077,24.010863258313567,24.0,1.5,0.9377723190565752,0.634256712216447,0.037467601201599775
119.30000000000001,24.010863258313567,24.010796869842775,24.0,1.5,0.9377706548340947,0.634256712216447,0.037467601201599775
119.4,24.010796869842775,24.010730887090993,24.0,1.5,0.9377690007822307,0.634256712216447,0.037467601201599775
119.5,24.010730887090993,24.010665307578762,24.0,1.5,0.9377673568388293,0.634256712216447,0.037467601201599775
119.60000000000001,24.010665307578762,24.01060012884177,24.0,1.5,0.937765722942118,0.634256712216447,0.037467601201599775
119.7,24.01060012884177,24.010535348430768,24.0,1.5,0.9377640990306997,0.634256712216447,0.037467601201599775
119.80000000000001,24.010535348430768,24.010470963911473,24.0,1.5,0.9377624850435541,0.634256712216447,0.037467601201599775
119.9,24.010470963911473,24.01040697286448,24.0,1.5,0.9377608809200317,0.634256712216447,0.037467601201599775
