time,temperature,next_temperature,setpoint,disturbance,command,kp,ki
0.0,28.0,28.009975041614634,24.0,0.0,0.5884615384615424,0.1442307692307702,0.028846153846153973
0.1,28.009975041614634,28.019900332501663,24.0,0.0,0.6014674820836953,0.1442307692307702,0.028846153846153973
0.2,28.019900332501663,28.029776120793873,24.0,0.0,0.6144948807669255,0.1442307692307702,0.028846153846153973
0.30000000000000004,28.029776120793873,28.03960265338649,24.0,0.0,0.627543627503669,0.1442307692307702,0.028846153846153973
0.4,28.03960265338649,28.049380175943334,24.0,0.0,0.6406136158200649,0.1442307692307702,0.028846153846153973
0.5,28.049380175943334,28.059108932902983,24.0,0.0,0.6537047397732927,0.1442307692307702,0.028846153846153973
0.6000000000000001,28.059108932902983,28.068789167484866,24.0,0.0,0.6668168939489239,0.1442307692307702,0.028846153846153973
0.7000000000000001,28.068789167484866,28.078421121695353,24.0,0.0,0.6799499734582864,0.1442307692307702,0.028846153846153973
0.8,28.078421121695353,28.0880050363338,24.0,0.0,0.6931038739358433,0.1442307692307702,0.028846153846153973
0.9,28.0880050363338,28.097541150998573,24.0,0.0,0.7062784915365824,0.1442307692307702,0.028846153846153973
1.0,28.097541150998573,28.107029704093033,24.0,0.0,0.7194737229334206,0.1442307692307702,0.028846153846153973
1.1,28.107029704093033,28.116470932831504,24.0,0.0,0.7326894653146208,0.1442307692307702,0.028846153846153973
1.2000000000000002,28.116470932831504,28.125865073245194,24.0,0.0,0.7459256163812218,0.1442307692307702,0.028846153846153973
1.3,28.125865073245194,28.135212360188106,24.0,0.0,0.7591820743444807,0.1442307692307702,0.028846153846153973
1.4000000000000001,28.135212360188106,28.144513027342896,24.0,0.0,0.7724587379233279,0.1442307692307702,0.028846153846153973
1.5,28.144513027342896,28.15376730722673,24.0,0.0,0.7857555063418349,0.1442307692307702,0.028846153846153973
1.6,28.15376730722673,28.162975431197086,24.0,0.0,0.7990722793266958,0.1442307692307702,0.028846153846153973
1.7000000000000002,28.162975431197086,28.172137629457545,24.0,0.0,0.8124089571047197,0.1442307692307702,0.028846153846153973
1.8,28.172137629457545,28.18125413106354,24.0,0.0,0.8257654404003365,0.1442307692307702,0.028846153846153973
1.9000000000000001,28.18125413106354,28.190325163928083,24.0,0.0,0.8391416304331152,0.1442307692307702,0.028846153846153973
2.0,28.190325163928083,28.175871241488405,24.0,0.0,1.0,0.2884615384615404,0.007211538461538493
2.1,28.175871241488405,28.16097046897217,24.0,0.0,1.0,0.2884615384615404,0.007211538461538493
2.2,28.16097046897217,28.14562421899292,24.0,0.0,1.0,0.2884615384615404,0.007211538461538493
2.3000000000000003,28.14562421899292,28.129833861587887,24.0,0.0,1.0,0.2884615384615404,0.007211538461538493
2.4000000000000004,28.129833861587887,28.11360076420953,24.0,0.0,1.0,0.2884615384615404,0.007211538461538493
2.5,28.11360076420953,28.09692629171725,24.0,0.0,1.0,0.2884615384615404,0.007211538461538493
2.6,28.09692629171725,28.07981180636924,24.0,0.0,1.0,0.2884615384615404,0.007211538461538493
2.7,28.07981180636924,28.062258667814472,24.0,0.0,1.0,0.2884615384615404,0.007211538461538493
2.8000000000000003,28.062258667814472,28.044268233084846,24.0,0.0,1.0,0.2884615384615404,0.007211538461538493
2.9000000000000004,28.044268233084846,28.02584185658747,24.0,0.0,1.0,0.2884615384615404,0.007211538461538493
3.0,28.02584185658747,28.006980890097086,24.0,0.0,1.0,0.2884615384615404,0.007211538461538493
3.1,28.006980890097086,27.987686682748635,24.0,0.0,1.0,0.2884615384615404,0.007211538461538493
3.2,27.987686682748635,27.967960581029967,24.0,0.0,1.0,0.2884615384615404,0.007211538461538493
3.3000000000000003,27.967960581029967,27.947803928774682,24.0,0.0,1.0,0.2884615384615404,0.007211538461538493
3.4000000000000004,27.947803928774682,27.927218067155117,24.0,0.0,1.0,0.2884615384615404,0.007211538461538493
3.5,27.927218067155117,27.906204334675458,24.0,0.0,1.0,0.2884615384615404,0.007211538461538493
3.6,27.906204334675458,27.884764067164994,24.0,0.0,1.0,0.2884615384615404,0.007211538461538493
3.7,27.884764067164994,27.862898597771505,24.0,0.0,1.0,0.2884615384615404,0.007211538461538493
3.8000000000000003,27.862898597771505,27.84060925695478,24.0,0.0,1.0,0.2884615384615404,0.007211538461538493
3.9000000000000004,27.84060925695478,27.817897372480274,24.0,0.0,1.0,0.2884615384615404,0.007211538461538493
4.0,27.817897372480274,27.788880488280192,24.0,0.0,0.7977475711349908,0.1442307692307702,0.028846153846153973
4.1000000000000005,27.788880488280192,27.76000832639382,24.0,0.0,0.8044919065530949,0.1442307692307702,0.028846153846153973
4.2,27.76000832639382,27.731280165015608,24.0,0.0,0.8111738302994658,0.1442307692307702,0.028846153846153973
4.3,27.731280165015608,27.702695285940024,24.0,0.0,0.8177936536536148,0.1442307692307702,0.028846153846153973
4.4,27.702695285940024,27.674252974543606,24.0,0.0,0.8243516863425403,0.1442307692307702,0.028846153846153973
4.5,27.674252974543606,27.645952519767086,24.0,0.0,0.8308482365484712,0.1442307692307702,0.028846153846153973
4.6000000000000005,27.645952519767086,27.61779321409762,24.0,0.0,0.8372836109165704,0.1442307692307702,0.028846153846153973
4.7,27.61779321409762,27.5897743535511,24.0,0.0,0.8436581145626023,0.1442307692307702,0.028846153846153973
4.800000000000001,27.5897743535511,27.561895237654554,24.0,0.0,0.8499720510805593,0.1442307692307702,0.028846153846153973
4.9,27.561895237654554,27.53415516942863,24.0,0.0,0.8562257225502532,0.1442307692307702,0.028846153846153973
5.0,27.53415516942863,27.50655345537018,24.0,0.0,0.8624194295448662,0.1442307692307702,0.028846153846153973
5.1000000000000005,27.50655345537018,27.479089405434916,24.0,0.0,0.8685534711384655,0.1442307692307702,0.028846153846153973
5.2,27.479089405434916,27.451762333020156,24.0,0.0,0.8746281449134798,0.1442307692307702,0.028846153846153973
5.300000000000001,27.451762333020156,27.42457155494767,24.0,0.0,0.8806437469681399,0.1442307692307702,0.028846153846153973
5.4,27.42457155494767,27.397516391446583,24.0,0.0,0.8866005719238802,0.1442307692307702,0.028846153846153973
5.5,27.397516391446583,27.370596166136405,24.0,0.0,0.8924989129327041,0.1442307692307702,0.028846153846153973
5.6000000000000005,27.370596166136405,27.343810206010097,24.0,0.0,0.8983390616845143,0.1442307692307702,0.028846153846153973
5.7,27.343810206010097,27.317157841417266,24.0,0.0,0.9041213084144029,0.1442307692307702,0.028846153846153973
5.800000000000001,27.317157841417266,27.290638406047407,24.0,0.0,0.9098459419099099,0.1442307692307702,0.028846153846153973
5.9,27.290638406047407,27.264251236913253,24.0,0.0,0.9155132495182399,0.1442307692307702,0.028846153846153973
6.0,27.264251236913253,27.24606557991256,24.0,0.0,1.0,0.5769230769230808,0.007211538461538493
6.1000000000000005,27.24606557991256,27.227701524148717,24.0,0.0,1.0,0.5769230769230808,0.007211538461538493
6.2,27.227701524148717,27.20916244962536,24.0,0.0,1.0,0.5769230769230808,0.007211538461538493
6.300000000000001,27.20916244962536,27.190451707068178,24.0,0.0,1.0,0.5769230769230808,0.007211538461538493
6.4,27.190451707068178,27.171572618132892,24.0,0.0,1.0,0.5769230769230808,0.007211538461538493
6.5,27.171572618132892,27.15252847561187,24.0,0.0,1.0,0.5769230769230808,0.007211538461538493
6.6000000000000005,27.15252847561187,27.13332254363942,24.0,0.0,1.0,0.5769230769230808,0.007211538461538493
6.7,27.13332254363942,27.11395805789574,24.0,0.0,1.0,0.5769230769230808,0.007211538461538493
6.800000000000001,27.11395805789574,27.094438225809554,24.0,0.0,1.0,0.5769230769230808,0.007211538461538493
6.9,27.094438225809554,27.074766226759436,24.0,0.0,1.0,0.5769230769230808,0.007211538461538493
7.0,27.074766226759436,27.05494521227382,24.0,0.0,1.0,0.5769230769230808,0.007211538461538493
7.1000000000000005,27.05494521227382,27.03497830622973,24.0,0.0,1.0,0.5769230769230808,0.007211538461538493
7.2,27.03497830622973,27.014868605050182,24.0,0.0,1.0,0.5769230769230808,0.007211538461538493
7.300000000000001,27.014868605050182,26.99461917790037,24.0,0.0,1.0,0.5769230769230808,0.007211538461538493
7.4,26.99461917790037,26.974233066882505,24.0,0.0,1.0,0.5769230769230808,0.007211538461538493
7.5,26.974233066882505,26.95371328722944,24.0,0.0,1.0,0.5769230769230808,0.007211538461538493
7.6000000000000005,26.95371328722944,26.933062827497018,24.0,0.0,1.0,0.5769230769230808,0.007211538461538493
7.7,26.933062827497018,26.912284649755165,24.0,0.0,1.0,0.5769230769230808,0.007211538461538493
7.800000000000001,26.912284649755165,26.891381689777752,24.0,0.0,1.0,0.5769230769230808,0.007211538461538493
7.9,26.891381689777752,26.870356857231215,24.0,0.0,1.0,0.5769230769230808,0.007211538461538493
8.0,26.870356857231215,26.84606585106671,24.0,0.0,0.8569656873264075,0.1442307692307702,0.007211538461538493
8.1,26.84606585106671,26.821895996800883,24.0,0.0,0.8555146281568157,0.1442307692307702,0.007211538461538493
8.200000000000001,26.821895996800883,26.797846690186116,24.0,0.0,0.8540636126353987,0.1442307692307702,0.007211538461538493
8.3,26.797846690186116,26.773917329988492,24.0,0.0,0.8526126405444607,0.1442307692307702,0.007211538461538493
8.4,26.773917329988492,26.750107317972763,24.0,0.0,0.8511617116673913,0.1442307692307702,0.007211538461538493
8.5,26.750107317972763,26.72641605888738,24.0,0.0,0.8497108257886605,0.1442307692307702,0.007211538461538493
8.6,26.72641605888738,26.70284296044964,24.0,0.0,0.8482599826938128,0.1442307692307702,0.007211538461538493
8.700000000000001,26.70284296044964,26.679387433330852,24.0,0.0,0.8468091821694629,0.1442307692307702,0.007211538461538493
8.8,26.679387433330852,26.656048891141616,24.0,0.0,0.8453584240032898,0.1442307692307702,0.007211538461538493
8.9,26.656048891141616,26.63282675041716,24.0,0.0,0.8439077079840308,0.1442307692307702,0.007211538461538493
9.0,26.63282675041716,26.609720430602756,24.0,0.0,0.8424570339014773,0.1442307692307702,0.007211538461538493
9.1,26.609720430602756,26.586729354039207,24.0,0.0,0.8410064015464693,0.1442307692307702,0.007211538461538493
9.200000000000001,26.586729354039207,26.5638529459484,24.0,0.0,0.8395558107108894,0.1442307692307702,0.007211538461538493
9.3,26.5638529459484,26.541090634418946,24.0,0.0,0.8381052611876592,0.1442307692307702,0.007211538461538493
9.4,26.541090634418946,26.518441850391866,24.0,0.0,0.8366547527707322,0.1442307692307702,0.007211538461538493
9.5,26.518441850391866,26.49590602764638,24.0,0.0,0.8352042852550897,0.1442307692307702,0.007211538461538493
9.600000000000001,26.49590602764638,26.47348260278575,24.0,0.0,0.8337538584367359,0.1442307692307702,0.007211538461538493
9.700000000000001,26.47348260278575,26.45117101522318,24.0,0.0,0.8323034721126923,0.1442307692307702,0.007211538461538493
9.8,26.45117101522318,26.428970707167828,24.0,0.0,0.8308531260809924,0.1442307692307702,0.007211538461538493
9.9,26.428970707167828,26.406881123610827,24.0,0.0,0.8294028201406778,0.1442307692307702,0.007211538461538493
10.0,26.406881123610827,26.3906088051964,24.0,0.0,1.0,0.5769230769230808,0.014423076923076986
10.100000000000001,26.3906088051964,26.37447554281106,24.0,0.0,1.0,0.5769230769230808,0.014423076923076986
10.200000000000001,26.37447554281106,26.35848064116839,24.0,0.0,1.0,0.5769230769230808,0.014423076923076986
10.3,26.35848064116839,26.342623408458433,24.0,0.0,1.0,0.5769230769230808,0.014423076923076986
10.4,26.342623408458433,26.326903156330278,24.0,0.0,1.0,0.5769230769230808,0.014423076923076986
10.5,26.326903156330278,26.31131919987478,24.0,0.0,1.0,0.5769230769230808,0.014423076923076986
10.600000000000001,26.31131919987478,26.295870857607355,24.0,0.0,1.0,0.5769230769230808,0.014423076923076986
10.700000000000001,26.295870857607355,26.280557451450846,24.0,0.0,1.0,0.5769230769230808,0.014423076923076986
10.8,26.280557451450846,26.265378306718496,24.0,0.0,1.0,0.5769230769230808,0.014423076923076986
10.9,26.265378306718496,26.250332752096988,24.0,0.0,1.0,0.5769230769230808,0.014423076923076986
11.0,26.250332752096988,26.235420119629584,24.0,0.0,1.0,0.5769230769230808,0.014423076923076986
11.100000000000001,26.235420119629584,26.220639744699337,24.0,0.0,1.0,0.5769230769230808,0.014423076923076986
11.200000000000001,26.220639744699337,26.205990966012397,24.0,0.0,1.0,0.5769230769230808,0.014423076923076986
11.3,26.205990966012397,26.191473125581396,24.0,0.0,1.0,0.5769230769230808,0.014423076923076986
11.4,26.191473125581396,26.177085568708904,24.0,0.0,1.0,0.5769230769230808,0.014423076923076986
11.5,26.177085568708904,26.162827643971,24.0,0.0,1.0,0.5769230769230808,0.014423076923076986
11.600000000000001,26.162827643971,26.148698703200882,24.0,0.0,1.0,0.5769230769230808,0.014423076923076986
11.700000000000001,26.148698703200882,26.134698101472598,24.0,0.0,1.0,0.5769230769230808,0.014423076923076986
11.8,26.134698101472598,26.120825197084837,24.0,0.0,1.0,0.5769230769230808,0.014423076923076986
11.9,26.120825197084837,26.1070793515448,24.0,0.0,1.0,0.5769230769230808,0.014423076923076986
12.0,26.1070793515448,26.086595207821667,24.0,0.0,0.786015239067469,0.1442307692307702,0.014423076923076986
12.100000000000001,26.086595207821667,26.066213229191572,24.0,0.0,0.7860703075802211,0.1442307692307702,0.014423076923076986
12.200000000000001,26.066213229191572,26.04593290610399,24.0,0.0,0.7861107143583684,0.1442307692307702,0.014423076923076986
12.3,26.04593290610399,26.025753731549784,24.0,0.0,0.7861365325276171,0.1442307692307702,0.014423076923076986
12.4,26.025753731549784,26.005675201048543,24.0,0.0,0.7861478348489574,0.1442307692307702,0.014423076923076986
12.5,26.005675201048543,25.985696812635958,24.0,0.0,0.786144693720483,0.1442307692307702,0.014423076923076986
12.600000000000001,25.985696812635958,25.965818066851277,24.0,0.0,0.7861271811792004,0.1442307692307702,0.014423076923076986
12.700000000000001,25.965818066851277,25.94603846672482,24.0,0.0,0.78609536890283,0.1442307692307702,0.014423076923076986
12.8,25.94603846672482,25.926357517765553,24.0,0.0,0.7860493282115978,0.1442307692307702,0.014423076923076986
12.9,25.926357517765553,25.90677472794873,24.0,0.0,0.7859891300700195,0.1442307692307702,0.014423076923076986
13.0,25.90677472794873,25.887289607703583,24.0,0.0,0.7859148450886728,0.1442307692307702,0.014423076923076986
13.100000000000001,25.887289607703583,25.86790166990109,24.0,0.0,0.7858265435259646,0.1442307692307702,0.014423076923076986
13.200000000000001,25.86790166990109,25.8486104298418,24.0,0.0,0.7857242952898857,0.1442307692307702,0.014423076923076986
13.3,25.8486104298418,25.8294154052437,24.0,0.0,0.7856081699397595,0.1442307692307702,0.014423076923076986
13.4,25.8294154052437,25.810316116230183,24.0,0.0,0.7854782366879814,0.1442307692307702,0.014423076923076986
13.5,25.810316116230183,25.791312085318026,24.0,0.0,0.7853345644017484,0.1442307692307702,0.014423076923076986
13.600000000000001,25.791312085318026,25.772402837405465,24.0,0.0,0.7851772216047805,0.1442307692307702,0.014423076923076986
13.700000000000001,25.772402837405465,25.753587899760323,24.0,0.0,0.7850062764790344,0.1442307692307702,0.014423076923076986
13.8,25.753587899760323,25.73486680200817,24.0,0.0,0.7848217968664086,0.1442307692307702,0.014423076923076986
13.9,25.73486680200817,25.716239076120594,24.0,0.0,0.7846238502704368,0.1442307692307702,0.014423076923076986
14.0,25.716239076120594,25.706242283984274,24.0,0.0,1.0,0.5769230769230808,0.014423076923076986
14.100000000000001,25.706242283984274,25.696293153813915,24.0,0.0,1.0,0.5769230769230808,0.014423076923076986
14.200000000000001,25.696293153813915,25.686392032900123,24.0,0.0,1.0,0.5769230769230808,0.014423076923076986
14.3,25.686392032900123,25.676539263883654,24.0,0.0,1.0,0.5769230769230808,0.014423076923076986
14.4,25.676539263883654,25.66673518479316,24.0,0.0,1.0,0.5769230769230808,0.014423076923076986
14.5,25.66673518479316,25.656980129082676,24.0,0.0,1.0,0.5769230769230808,0.014423076923076986
14.600000000000001,25.656980129082676,25.647274425668837,24.0,0.0,1.0,0.5769230769230808,0.014423076923076986
14.700000000000001,25.647274425668837,25.637618398967845,24.0,0.0,1.0,0.5769230769230808,0.014423076923076986
14.8,25.637618398967845,25.628012368932186,24.0,0.0,1.0,0.5769230769230808,0.014423076923076986
14.9,25.628012368932186,25.618456651087076,24.0,0.0,1.0,0.5769230769230808,0.014423076923076986
15.0,25.618456651087076,25.608951556566666,24.0,0.0,1.0,0.5769230769230808,0.014423076923076986
15.100000000000001,25.608951556566666,25.599497392150003,24.0,0.0,1.0,0.5769230769230808,0.014423076923076986
15.200000000000001,25.599497392150003,25.590094460296722,24.0,0.0,1.0,0.5769230769230808,0.014423076923076986
15.3,25.590094460296722,25.58074305918251,24.0,0.0,1.0,0.5769230769230808,0.014423076923076986
15.4,25.58074305918251,25.571443482734306,24.0,0.0,1.0,0.5769230769230808,0.014423076923076986
15.5,25.571443482734306,25.562196020665276,24.0,0.0,1.0,0.5769230769230808,0.014423076923076986
15.600000000000001,25.562196020665276,25.553000958509518,24.0,0.0,1.0,0.5769230769230808,0.014423076923076986
15.700000000000001,25.553000958509518,25.54385857765656,24.0,0.0,1.0,0.5769230769230808,0.014423076923076986
15.8,25.54385857765656,25.53476915538559,24.0,0.0,1.0,0.5769230769230808,0.014423076923076986
15.9,25.53476915538559,25.525732964899447,24.0,0.0,1.0,0.5769230769230808,0.014423076923076986
16.0,25.525732964899447,25.508148298375964,24.0,0.0,0.7555606042679041,0.1442307692307702,0.007211538461538493
16.1,25.508148298375964,25.49065133574266,24.0,0.0,0.7541119612344998,0.1442307692307702,0.007211538461538493
16.2,25.49065133574266,25.47324163957455,24.0,0.0,0.7526633497987412,0.1442307692307702,0.007211538461538493
16.3,25.47324163957455,25.45591877462833,24.0,0.0,0.751214769803034,0.1442307692307702,0.007211538461538493
16.400000000000002,25.45591877462833,25.43868230783147,24.0,0.0,0.7497662210905709,0.1442307692307702,0.007211538461538493
16.5,25.43868230783147,25.421531808271407,24.0,0.0,0.7483177035053254,0.1442307692307702,0.007211538461538493
16.6,25.421531808271407,25.404466847184754,24.0,0.0,0.7468692168920504,0.1442307692307702,0.007211538461538493
16.7,25.404466847184754,25.387486997946596,24.0,0.0,0.7454207610962721,0.1442307692307702,0.007211538461538493
16.8,25.387486997946596,25.37059183605982,24.0,0.0,0.7439723359642876,0.1442307692307702,0.007211538461538493
16.900000000000002,25.37059183605982,25.353780939144496,24.0,0.0,0.7425239413431611,0.1442307692307702,0.007211538461538493
17.0,25.353780939144496,25.33705388692733,24.0,0.0,0.7410755770807187,0.1442307692307702,0.007211538461538493
17.1,25.33705388692733,25.32041026123114,24.0,0.0,0.739627243025546,0.1442307692307702,0.007211538461538493
17.2,25.32041026123114,25.30384964596442,24.0,0.0,0.7381789390269833,0.1442307692307702,0.007211538461538493
17.3,25.30384964596442,25.28737162711092,24.0,0.0,0.7367306649351231,0.1442307692307702,0.007211538461538493
17.400000000000002,25.28737162711092,25.27097579271932,24.0,0.0,0.7352824206008043,0.1442307692307702,0.007211538461538493
17.5,25.27097579271932,25.2546617328929,24.0,0.0,0.7338342058756112,0.1442307692307702,0.007211538461538493
17.6,25.2546617328929,25.238429039779316,24.0,0.0,0.7323860206118675,0.1442307692307702,0.007211538461538493
17.7,25.238429039779316,25.222277307560393,24.0,0.0,0.7309378646626339,0.1442307692307702,0.007211538461538493
17.8,25.222277307560393,25.206206132441988,24.0,0.0,0.729489737881703,0.1442307692307702,0.007211538461538493
17.900000000000002,25.206206132441988,25.190215112643884,24.0,0.0,0.7280416401235978,0.1442307692307702,0.007211538461538493
18.0,25.190215112643884,25.18405702096849,24.0,0.0,1.0,0.5769230769230808,0.014423076923076986
18.1,25.18405702096849,25.17798744400163,24.0,0.0,1.0,0.5769230769230808,0.014423076923076986
18.2,25.17798744400163,25.172005939013605,24.0,0.0,1.0,0.5769230769230808,0.014423076923076986
18.3,25.172005939013605,25.166112065489123,24.0,0.0,1.0,0.5769230769230808,0.014423076923076986
18.400000000000002,25.166112065489123,25.16030538511623,24.0,0.0,1.0,0.5769230769230808,0.014423076923076986
18.5,25.16030538511623,25.15458546177529,24.0,0.0,1.0,0.5769230769230808,0.014423076923076986
18.6,25.15458546177529,25.148951861528012,24.0,0.0,1.0,0.5769230769230808,0.014423076923076986
18.7,25.148951861528012,25.143404152606546,24.0,0.0,1.0,0.5769230769230808,0.014423076923076986
18.8,25.143404152606546,25.137941905402627,24.0,0.0,1.0,0.5769230769230808,0.014423076923076986
18.900000000000002,25.137941905402627,25.132564692456775,24.0,0.0,1.0,0.5769230769230808,0.014423076923076986
19.0,25.132564692456775,25.12727208844754,24.0,0.0,1.0,0.5769230769230808,0.014423076923076986
19.1,25.12727208844754,25.122063670180815,24.0,0.0,1.0,0.5769230769230808,0.014423076923076986
19.200000000000003,25.122063670180815,25.11693901657919,24.0,0.0,1.0,0.5769230769230808,0.014423076923076986
19.3,25.11693901657919,25.111897708671382,24.0,0.0,1.0,0.5769230769230808,0.014423076923076986
19.400000000000002,25.111897708671382,25.10693932958167,24.0,0.0,1.0,0.5769230769230808,0.014423076923076986
19.5,25.10693932958167,25.102063464519443,24.0,0.0,1.0,0.5769230769230808,0.014423076923076986
19.6,25.102063464519443,25.097269700768752,24.0,0.0,1.0,0.5769230769230808,0.014423076923076986
19.700000000000003,25.097269700768752,25.092557627677945,24.0,0.0,1.0,0.5769230769230808,0.014423076923076986
19.8,25.092557627677945,25.087926836649334,24.0,0.0,1.0,0.5769230769230808,0.014423076923076986
19.900000000000002,25.087926836649334,25.08337692112893,24.0,0.0,1.0,0.5769230769230808,0.014423076923076986
20.0,25.08337692112893,25.067998514577997,24.0,0.0,0.7111071699254132,0.1442307692307702,0.007211538461538493
20.1,25.067998514577997,25.05269680814972,24.0,0.0,0.7096593217555031,0.1442307692307702,0.007211538461538493
20.200000000000003,25.05269680814972,25.03747141930064,24.0,0.0,0.7082115012188401,0.1442307692307702,0.007211538461538493
20.3,25.03747141930064,25.022321967395246,24.0,0.0,0.7067637081776033,0.1442307692307702,0.007211538461538493
20.400000000000002,25.022321967395246,25.00724807369645,24.0,0.0,0.7053159424946585,0.1442307692307702,0.007211538461538493
20.5,25.00724807369645,24.992249361356123,24.0,0.0,0.7038682040335553,0.1442307692307702,0.007211538461538493
20.6,24.992249361356123,24.977325455405676,24.0,0.0,0.7024204926585247,0.1442307692307702,0.007211538461538493
20.700000000000003,24.977325455405676,24.962475982746685,24.0,0.0,0.700972808234474,0.1442307692307702,0.007211538461538493
20.8,24.962475982746685,24.947700572141557,24.0,0.0,0.699525150626985,0.1442307692307702,0.007211538461538493
20.900000000000002,24.947700572141557,24.932998854204257,24.0,0.0,0.6980775197023088,0.1442307692307702,0.007211538461538493
21.0,24.932998854204257,24.918370461391074,24.0,0.0,0.696629915327365,0.1442307692307702,0.007211538461538493
21.1,24.918370461391074,24.903815027991424,24.0,0.0,0.6951823373697359,0.1442307692307702,0.007211538461538493
21.200000000000003,24.903815027991424,24.889332190118715,24.0,0.0,0.6937347856976648,0.1442307692307702,0.007211538461538493
21.3,24.889332190118715,24.874921585701244,24.0,0.0,0.6922872601800519,0.1442307692307702,0.007211538461538493
21.400000000000002,24.874921585701244,24.86058285447315,24.0,0.0,0.6908397606864513,0.1442307692307702,0.007211538461538493
21.5,24.86058285447315,24.84631563796541,24.0,0.0,0.6893922870870673,0.1442307692307702,0.007211538461538493
21.6,24.84631563796541,24.832119579496865,24.0,0.0,0.687944839252753,0.1442307692307702,0.007211538461538493
21.700000000000003,24.832119579496865,24.817994324165312,24.0,0.0,0.6864974170550038,0.1442307692307702,0.007211538461538493
21.8,24.817994324165312,24.803939518838636,24.0,0.0,0.6850500203659566,0.1442307692307702,0.007211538461538493
21.900000000000002,24.803939518838636,24.789954812145968,24.0,0.0,0.6836026490583869,0.1442307692307702,0.007211538461538493
22.0,24.789954812145968,24.787566726477568,24.0,0.0,1.0,0.5769230769230808,0.007211538461538493
22.1,24.787566726477568,24.785248320819115,24.0,0.0,1.0,0.5769230769230808,0.007211538461538493
22.200000000000003,24.785248320819115,24.78299924653754,24.0,0.0,1.0,0.5769230769230808,0.007211538461538493
22.3,24.78299924653754,24.780819156744084,24.0,0.0,1.0,0.5769230769230808,0.007211538461538493
22.400000000000002,24.780819156744084,24.778707706285577,24.0,0.0,1.0,0.5769230769230808,0.007211538461538493
22.5,24.778707706285577,24.776664551735752,24.0,0.0,1.0,0.5769230769230808,0.007211538461538493
22.6,24.776664551735752,24.774689351386606,24.0,0.0,1.0,0.5769230769230808,0.007211538461538493
22.700000000000003,24.774689351386606,24.772781765239795,24.0,0.0,1.0,0.5769230769230808,0.007211538461538493
22.8,24.772781765239795,24.7709414549981,24.0,0.0,1.0,0.5769230769230808,0.007211538461538493
22.900000000000002,24.7709414549981,24.76916808405689,24.0,0.0,1.0,0.5769230769230808,0.007211538461538493
23.0,24.76916808405689,24.767461317495677,24.0,0.0,1.0,0.5769230769230808,0.007211538461538493
23.1,24.767461317495677,24.76582082206967,24.0,0.0,1.0,0.5769230769230808,0.007211538461538493
23.200000000000003,24.76582082206967,24.76424626620141,24.0,0.0,1.0,0.5769230769230808,0.007211538461538493
23.3,24.76424626620141,24.762737319972413,24.0,0.0,1.0,0.5769230769230808,0.007211538461538493
23.400000000000002,24.762737319972413,24.76129365511487,24.0,0.0,1.0,0.5769230769230808,0.007211538461538493
23.5,24.76129365511487,24.759914945003402,24.0,0.0,1.0,0.5769230769230808,0.007211538461538493
23.6,24.759914945003402,24.758600864646834,24.0,0.0,1.0,0.5769230769230808,0.007211538461538493
23.700000000000003,24.758600864646834,24.75735109068001,24.0,0.0,1.0,0.5769230769230808,0.007211538461538493
23.8,24.75735109068001,24.756165301355676,24.0,0.0,1.0,0.5769230769230808,0.007211538461538493
23.900000000000002,24.756165301355676,24.75504317653637,24.0,0.0,1.0,0.5769230769230808,0.007211538461538493
24.0,24.75504317653637,24.741302341368336,24.0,0.0,0.7876287593129301,0.2884615384615404,0.028846153846153973
24.1,24.741302341368336,24.727630038901612,24.0,0.0,0.7858034289991753,0.2884615384615404,0.028846153846153973
24.200000000000003,24.727630038901612,24.714025927327924,24.0,0.0,0.7839584283998368,0.2884615384615404,0.028846153846153973
24.3,24.714025927327924,24.700489666543778,24.0,0.0,0.7820938556208726,0.2884615384615404,0.028846153846153973
24.400000000000002,24.700489666543778,24.687020918141943,24.0,0.0,0.7802098082789375,0.2884615384615404,0.028846153846153973
24.5,24.687020918141943,24.67361934540301,24.0,0.0,0.7783063835038178,0.2884615384615404,0.028846153846153973
24.6,24.67361934540301,24.66028461328697,24.0,0.0,0.7763836779408653,0.2884615384615404,0.028846153846153973
24.700000000000003,24.66028461328697,24.647016388424813,24.0,0.0,0.7744417877534115,0.2884615384615404,0.028846153846153973
24.8,24.647016388424813,24.633814339110234,24.0,0.0,0.772480808625169,0.2884615384615404,0.028846153846153973
24.900000000000002,24.633814339110234,24.62067813529131,24.0,0.0,0.7705008357626277,0.2884615384615404,0.028846153846153973
25.0,24.62067813529131,24.607607448562263,24.0,0.0,0.7685019638974323,0.2884615384615404,0.028846153846153973
25.1,24.607607448562263,24.59460195215524,24.0,0.0,0.766484287288752,0.2884615384615404,0.028846153846153973
25.200000000000003,24.59460195215524,24.58166132093216,24.0,0.0,0.7644478997256358,0.2884615384615404,0.028846153846153973
25.3,24.58166132093216,24.568785231376562,24.0,0.0,0.7623928945293589,0.2884615384615404,0.028846153846153973
25.400000000000002,24.568785231376562,24.55597336158554,24.0,0.0,0.7603193645557537,0.2884615384615404,0.028846153846153973
25.5,24.55597336158554,24.543225391261682,24.0,0.0,0.7582274021975324,0.2884615384615404,0.028846153846153973
25.6,24.543225391261682,24.530541001705068,24.0,0.0,0.7561170993865974,0.2884615384615404,0.028846153846153973
25.700000000000003,24.530541001705068,24.517919875805294,24.0,0.0,0.7539885475963386,0.2884615384615404,0.028846153846153973
25.8,24.517919875805294,24.505361698033557,24.0,0.0,0.7518418378439191,0.2884615384615404,0.028846153846153973
25.900000000000002,24.505361698033557,24.492866154434758,24.0,0.0,0.7496770606925534,0.2884615384615404,0.028846153846153973
26.0,24.492866154434758,24.488906580474076,24.0,0.0,0.7464280092850402,0.2884615384615404,0.007211538461538493
26.1,24.488906580474076,24.485039585954272,24.0,0.0,0.7456384013496085,0.2884615384615404,0.007211538461538493
26.200000000000003,24.485039585954272,24.48126549398113,24.0,0.0,0.7448727103241514,0.2884615384615404,0.007211538461538493
26.3,24.48126549398113,24.477584622134486,24.0,0.0,0.7441310964092892,0.2884615384615404,0.007211538461538493
26.400000000000002,24.477584622134486,24.473997282515324,24.0,0.0,0.7434137184406427,0.2884615384615404,0.007211538461538493
26.5,24.473997282515324,24.470503781792527,24.0,0.0,0.7427207338984675,0.2884615384615404,0.007211538461538493
26.6,24.470503781792527,24.467104421249285,24.0,0.0,0.7420522989172225,0.2884615384615404,0.007211538461538493
26.700000000000003,24.467104421249285,24.46379949682921,24.0,0.0,0.741408568295073,0.2884615384615404,0.007211538461538493
26.8,24.46379949682921,24.460589299182086,24.0,0.0,0.7407896955033417,0.2884615384615404,0.007211538461538493
26.900000000000002,24.460589299182086,24.45747411370932,24.0,0.0,0.740195832695889,0.2884615384615404,0.007211538461538493
27.0,24.45747411370932,24.45445422060907,24.0,0.0,0.7396271307184393,0.2884615384615404,0.007211538461538493
27.1,24.45445422060907,24.451529894921038,24.0,0.0,0.7390837391178444,0.2884615384615404,0.007211538461538493
27.200000000000003,24.451529894921038,24.448701406570965,24.0,0.0,0.738565806151288,0.2884615384615404,0.007211538461538493
27.3,24.448701406570965,24.445969020414797,24.0,0.0,0.7380734787954288,0.2884615384615404,0.007211538461538493
27.400000000000002,24.445969020414797,24.44333299628254,24.0,0.0,0.7376069027554871,0.2884615384615404,0.007211538461538493
27.5,24.44333299628254,24.440793589021805,24.0,0.0,0.7371662224742703,0.2884615384615404,0.007211538461538493
27.6,24.440793589021805,24.438351048541058,24.0,0.0,0.7367515811411416,0.2884615384615404,0.007211538461538493
27.700000000000003,24.438351048541058,24.43600561985253,24.0,0.0,0.7363631207009318,0.2884615384615404,0.007211538461538493
27.8,24.43600561985253,24.433757543114847,24.0,0.0,0.7360009818627884,0.2884615384615404,0.007211538461538493
27.900000000000002,24.433757543114847,24.431607053675354,24.0,0.0,0.7356653041089725,0.2884615384615404,0.007211538461538493
28.0,24.431607053675354,24.42959692753868,24.0,0.0,0.7353562257035958,0.2884615384615404,0.007211538461538493
28.1,24.42959692753868,24.427628332435997,24.0,0.0,0.7350861871022993,0.2884615384615404,0.007211538461538493
28.200000000000003,24.427628332435997,24.425700106941722,24.0,0.0,0.7348267089470326,0.2884615384615404,0.007211538461538493
28.3,24.425700106941722,24.42381108903087,24.0,0.0,0.7345774853238823,0.2884615384615404,0.007211538461538493
28.400000000000002,24.42381108903087,24.421960116136518,24.0,0.0,0.7343382093080338,0.2884615384615404,0.007211538461538493
28.5,24.421960116136518,24.420146025206577,24.0,0.0,0.7341085729799536,0.2884615384615404,0.007211538461538493
28.6,24.420146025206577,24.418367652759912,24.0,0.0,0.7338882674414178,0.2884615384615404,0.007211538461538493
28.700000000000003,24.418367652759912,24.416623834941806,24.0,0.0,0.7336769828313893,0.2884615384615404,0.007211538461538493
28.8,24.416623834941806,24.41491340757876,24.0,0.0,0.7334744083417494,0.2884615384615404,0.007211538461538493
28.900000000000002,24.41491340757876,24.413235206232645,24.0,0.0,0.7332802322328743,0.2884615384615404,0.007211538461538493
29.0,24.413235206232645,24.411588066254232,24.0,0.0,0.7330941418490671,0.2884615384615404,0.007211538461538493
29.1,24.411588066254232,24.409970822836048,24.0,0.0,0.7329158236338428,0.2884615384615404,0.007211538461538493
29.200000000000003,24.409970822836048,24.408382311064642,24.0,0.0,0.7327449631450655,0.2884615384615404,0.007211538461538493
29.3,24.408382311064642,24.4068213659722,24.0,0.0,0.732581245069947,0.2884615384615404,0.007211538461538493
29.400000000000002,24.4068213659722,24.405286822587545,24.0,0.0,0.7324243532398954,0.2884615384615404,0.007211538461538493
29.5,24.405286822587545,24.403777515986526,24.0,0.0,0.7322739706452266,0.2884615384615404,0.007211538461538493
29.6,24.403777515986526,24.402292281341797,24.0,0.0,0.7321297794497307,0.2884615384615404,0.007211538461538493
29.700000000000003,24.402292281341797,24.40082995397199,24.0,0.0,0.7319914610051034,0.2884615384615404,0.007211538461538493
29.8,24.40082995397199,24.39938936939029,24.0,0.0,0.7318586958652348,0.2884615384615404,0.007211538461538493
29.900000000000002,24.39938936939029,24.397969363352416,24.0,0.0,0.7317311638003621,0.2884615384615404,0.007211538461538493
30.0,24.397969363352416,24.39656877190403,24.0,0.0,0.675070107815586,0.1442307692307702,0.028846153846153973
30.1,24.39656877190403,24.395185940519774,24.0,0.0,0.6760120478140994,0.1442307692307702,0.028846153846153973
30.200000000000003,24.395185940519774,24.393820359257408,24.0,0.0,0.6769525604236389,0.1442307692307702,0.028846153846153973
30.3,24.393820359257408,24.392471532924052,24.0,0.0,0.6778916218548094,0.1442307692307702,0.028846153846153973
30.400000000000002,24.392471532924052,24.39113898104296,24.0,0.0,0.6788292090170871,0.1442307692307702,0.028846153846153973
30.5,24.39113898104296,24.389822237819818,24.0,0.0,0.6797652995564767,0.1442307692307702,0.028846153846153973
30.6,24.389822237819818,24.38852085210856,24.0,0.0,0.6806998718930036,0.1442307692307702,0.028846153846153973
30.700000000000003,24.38852085210856,24.387234387376726,24.0,0.0,0.6816329052580392,0.1442307692307702,0.028846153846153973
30.8,24.387234387376726,24.385962421670364,24.0,0.0,0.6825643797314576,0.1442307692307702,0.028846153846153973
30.900000000000002,24.385962421670364,24.384704547578497,24.0,0.0,0.6834942762786275,0.1442307692307702,0.028846153846153973
31.0,24.384704547578497,24.383460372197128,24.0,0.0,0.6844225767872386,0.1442307692307702,0.028846153846153973
31.1,24.383460372197128,24.382229517092828,24.0,0.0,0.6853492641039558,0.1442307692307702,0.028846153846153973
31.200000000000003,24.382229517092828,24.381011618265916,24.0,0.0,0.6862743220709111,0.1442307692307702,0.028846153846153973
31.3,24.381011618265916,24.379806326113194,24.0,0.0,0.6871977355620275,0.1442307692307702,0.028846153846153973
31.400000000000002,24.379806326113194,24.3786133053903,24.0,0.0,0.688119490519173,0.1442307692307702,0.028846153846153973
31.5,24.3786133053903,24.377432235173643,24.0,0.0,0.6890395739881505,0.1442307692307702,0.028846153846153973
31.6,24.377432235173643,24.37626280882197,24.0,0.0,0.6899579741545184,0.1442307692307702,0.028846153846153973
31.700000000000003,24.37626280882197,24.375104733937523,24.0,0.0,0.6908746803792443,0.1442307692307702,0.028846153846153973
31.8,24.375104733937523,24.373957732326836,24.0,0.0,0.6917896832341919,0.1442307692307702,0.028846153846153973
31.900000000000002,24.373957732326836,24.37282153996117,24.0,0.0,0.6927029745374396,0.1442307692307702,0.028846153846153973
32.0,24.37282153996117,24.373951799944074,24.0,0.0,0.8541249748092166,0.5769230769230808,0.007211538461538493
32.1,24.373951799944074,24.37503883916906,24.0,0.0,0.8550467246550826,0.5769230769230808,0.007211538461538493
32.2,24.37503883916906,24.376082930153622,24.0,0.0,0.8559443233708225,0.5769230769230808,0.007211538461538493
32.300000000000004,24.376082930153622,24.37708434500525,24.0,0.0,0.856817897205776,0.5769230769230808,0.007211538461538493
32.4,24.37708434500525,24.37804335539563,24.0,0.0,0.8576675723689792,0.5769230769230808,0.007211538461538493
32.5,24.37804335539563,24.378960232533387,24.0,0.0,0.8584934750139539,0.5769230769230808,0.007211538461538493
32.6,24.378960232533387,24.37983524713555,24.0,0.0,0.8592957312226606,0.5769230769230808,0.007211538461538493
32.7,24.37983524713555,24.3806686693976,24.0,0.0,0.860074466988669,0.5769230769230808,0.007211538461538493
32.800000000000004,24.3806686693976,24.381460768962235,24.0,0.0,0.860829808199514,0.5769230769230808,0.007211538461538493
32.9,24.381460768962235,24.382211814886787,24.0,0.0,0.8615618806182663,0.5769230769230808,0.007211538461538493
33.0,24.382211814886787,24.382922075609347,24.0,0.0,0.8622708098643207,0.5769230769230808,0.007211538461538493
33.1,24.382922075609347,24.383591818913583,24.0,0.0,0.8629567213934004,0.5769230769230808,0.007211538461538493
33.2,24.383591818913583,24.38422131189229,24.0,0.0,0.8636197404767917,0.5769230769230808,0.007211538461538493
33.300000000000004,24.38422131189229,24.38481082090966,24.0,0.0,0.8642599921798141,0.5769230769230808,0.007211538461538493
33.4,24.38481082090966,24.385360611562316,24.0,0.0,0.8648776013395298,0.5769230769230808,0.007211538461538493
33.5,24.385360611562316,24.385870948639084,24.0,0.0,0.8654726925417078,0.5769230769230808,0.007211538461538493
33.6,24.385870948639084,24.38634209607955,24.0,0.0,0.8660453900970352,0.5769230769230808,0.007211538461538493
33.7,24.38634209607955,24.38677431693139,24.0,0.0,0.8665958180165912,0.5769230769230808,0.007211538461538493
33.800000000000004,24.38677431693139,24.38716787330652,24.0,0.0,0.8671240999865947,0.5769230769230808,0.007211538461538493
33.9,24.38716787330652,24.387523026336016,24.0,0.0,0.8676303593424195,0.5769230769230808,0.007211538461538493
34.0,24.387523026336016,24.38143564335147,24.0,0.0,0.7571676218384771,0.2884615384615404,0.028846153846153973
34.1,24.38143564335147,24.37534184334394,24.0,0.0,0.7565119411026024,0.2884615384615404,0.028846153846153973
34.2,24.37534184334394,24.369242621952573,24.0,0.0,0.7558368310331532,0.2884615384615404,0.028846153846153973
34.300000000000004,24.369242621952573,24.363138964813373,24.0,0.0,0.7551425631951223,0.2884615384615404,0.028846153846153973
34.4,24.363138964813373,24.35703184761071,24.0,0.0,0.754429409111161,0.2884615384615404,0.028846153846153973
34.5,24.35703184761071,24.350922236129154,24.0,0.0,0.7536976402477312,0.2884615384615404,0.028846153846153973
34.6,24.350922236129154,24.344811086305718,24.0,0.0,0.7529475280015012,0.2884615384615404,0.028846153846153973
34.7,24.344811086305718,24.338699344282492,24.0,0.0,0.7521793436860073,0.2884615384615404,0.028846153846153973
34.800000000000004,24.338699344282492,24.33258794645973,24.0,0.0,0.751393358518584,0.2884615384615404,0.028846153846153973
34.9,24.33258794645973,24.3264778195494,24.0,0.0,0.7505898436075744,0.2884615384615404,0.028846153846153973
35.0,24.3264778195494,24.320369880629247,24.0,0.0,0.7497690699398336,0.2884615384615404,0.028846153846153973
35.1,24.320369880629247,24.314265037197362,24.0,0.0,0.7489313083685278,0.2884615384615404,0.028846153846153973
35.2,24.314265037197362,24.308164187227327,24.0,0.0,0.7480768296012457,0.2884615384615404,0.028846153846153973
35.300000000000004,24.308164187227327,24.302068219223933,24.0,0.0,0.7472059041884296,0.2884615384615404,0.028846153846153973
35.4,24.302068219223933,24.29597801227952,24.0,0.0,0.7463188025121352,0.2884615384615404,0.028846153846153973
35.5,24.29597801227952,24.289894436130936,24.0,0.0,0.7454157947751298,0.2884615384615404,0.028846153846153973
35.6,24.289894436130936,24.28381835121719,24.0,0.0,0.7444971509903392,0.2884615384615404,0.028846153846153973
35.7,24.28381835121719,24.27775060873776,24.0,0.0,0.743563140970654,0.2884615384615404,0.028846153846153973
35.800000000000004,24.27775060873776,24.271692050711664,24.0,0.0,0.7426140343191012,0.2884615384615404,0.028846153846153973
35.9,24.271692050711664,24.265643510037215,24.0,0.0,0.7416501004193952,0.2884615384615404,0.028846153846153973
36.0,24.265643510037215,24.26403261819911,24.0,0.0,0.7400968989099656,0.2884615384615404,0.007211538461538493
36.1,24.26403261819911,24.26245592248807,24.0,0.0,0.739822626710175,0.2884615384615404,0.007211538461538493
36.2,24.26245592248807,24.260914027583844,24.0,0.0,0.7395570817376305,0.2884615384615404,0.007211538461538493
36.300000000000004,24.260914027583844,24.259407524314838,24.0,0.0,0.7393004635159193,0.2884615384615404,0.007211538461538493
36.4,24.259407524314838,24.257936989728893,24.0,0.0,0.7390529679991253,0.2884615384615404,0.007211538461538493
36.5,24.257936989728893,24.256502987164254,24.0,0.0,0.7388147875823112,0.2884615384615404,0.007211538461538493
36.6,24.256502987164254,24.25510606632073,24.0,0.0,0.7385861111121009,0.2884615384615404,0.007211538461538493
36.7,24.25510606632073,24.25374676333104,24.0,0.0,0.7383671238973739,0.2884615384615404,0.007211538461538493
36.800000000000004,24.25374676333104,24.25242560083231,24.0,0.0,0.7381580077200575,0.2884615384615404,0.007211538461538493
36.9,24.25242560083231,24.251143088037733,24.0,0.0,0.7379589408460241,0.2884615384615404,0.007211538461538493
37.0,24.251143088037733,24.249899720808372,24.0,0.0,0.7377700980360768,0.2884615384615404,0.007211538461538493
37.1,24.249899720808372,24.248695981725085,24.0,0.0,0.7375916505570366,0.2884615384615404,0.007211538461538493
37.2,24.248695981725085,24.247532340160575,24.0,0.0,0.7374237661929094,0.2884615384615404,0.007211538461538493
37.300000000000004,24.247532340160575,24.246409252351523,24.0,0.0,0.7372666092561473,0.2884615384615404,0.007211538461538493
37.4,24.246409252351523,24.245327161470836,24.0,0.0,0.7371203405989819,0.2884615384615404,0.007211538461538493
37.5,24.245327161470836,24.244286497699953,24.0,0.0,0.7369851176248445,0.2884615384615404,0.007211538461538493
37.6,24.244286497699953,24.243287678301208,24.0,0.0,0.7368610942998541,0.2884615384615404,0.007211538461538493
37.7,24.243287678301208,24.24233110769026,24.0,0.0,0.7367484211643756,0.2884615384615404,0.007211538461538493
37.800000000000004,24.24233110769026,24.241417177508517,24.0,0.0,0.7366472453446478,0.2884615384615404,0.007211538461538493
37.9,24.241417177508517,24.240546266695628,24.0,0.0,0.7365577105644638,0.2884615384615404,0.007211538461538493
38.0,24.240546266695628,24.23974167256731,24.0,0.0,0.7023061966720368,0.1442307692307702,0.028846153846153973
38.1,24.23974167256731,24.23895203487537,24.0,0.0,0.7028817119590118,0.1442307692307702,0.028846153846153973
38.2,24.23895203487537,24.23817693080646,24.0,0.0,0.7034571066232768,0.1442307692307702,0.028846153846153973
38.300000000000004,24.23817693080646,24.237415931694983,24.0,0.0,0.7040323616060487,0.1442307692307702,0.028846153846153973
38.400000000000006,24.237415931694983,24.236668603194726,24.0,0.0,0.7046074557679365,0.1442307692307702,0.028846153846153973
38.5,24.236668603194726,24.235934505449194,24.0,0.0,0.7051823658973073,0.1442307692307702,0.028846153846153973
38.6,24.235934505449194,24.23521319326067,24.0,0.0,0.705757066718959,0.1442307692307702,0.028846153846153973
38.7,24.23521319326067,24.234504216258014,24.0,0.0,0.7063315309030969,0.1442307692307702,0.028846153846153973
38.800000000000004,24.234504216258014,24.233807119063194,24.0,0.0,0.7069057290746118,0.1442307692307702,0.028846153846153973
38.900000000000006,24.233807119063194,24.233121441456547,24.0,0.0,0.7074796298226567,0.1442307692307702,0.028846153846153973
39.0,24.233121441456547,24.232446718540782,24.0,0.0,0.7080531997105148,0.1442307692307702,0.028846153846153973
39.1,24.232446718540782,24.231782480903718,24.0,0.0,0.7086264032857627,0.1442307692307702,0.028846153846153973
39.2,24.231782480903718,24.23112825477976,24.0,0.0,0.7091992030907159,0.1442307692307702,0.028846153846153973
39.300000000000004,24.23112825477976,24.23048356221015,24.0,0.0,0.709771559673164,0.1442307692307702,0.028846153846153973
39.400000000000006,24.23048356221015,24.229847921201912,24.0,0.0,0.7103434315973839,0.1442307692307702,0.028846153846153973
39.5,24.229847921201912,24.229220845885607,24.0,0.0,0.7109147754554321,0.1442307692307702,0.028846153846153973
39.6,24.229220845885607,24.2286018466718,24.0,0.0,0.7114855458787118,0.1442307692307702,0.028846153846153973
39.7,24.2286018466718,24.227990430406315,24.0,0.0,0.7120556955498123,0.1442307692307702,0.028846153846153973
39.800000000000004,24.227990430406315,24.227386100524225,24.0,0.0,0.7126251752146163,0.1442307692307702,0.028846153846153973
39.900000000000006,24.227386100524225,24.226788357202626,24.0,0.0,0.7131939336946731,0.1442307692307702,0.028846153846153973
40.0,24.226788357202626,24.227560236244045,24.0,0.0,0.811400847647408,0.5769230769230808,0.007211538461538493
40.1,24.227560236244045,24.228305302366937,24.0,0.0,0.8120102684185952,0.5769230769230808,0.007211538461538493
40.2,24.228305302366937,24.229023694114154,24.0,0.0,0.8126047575056247,0.5769230769230808,0.007211538461538493
40.300000000000004,24.229023694114154,24.229715550098017,24.0,0.0,0.813184375600736,0.5769230769230808,0.007211538461538493
40.400000000000006,24.229715550098017,24.230381009082976,24.0,0.0,0.8137491835362085,0.5769230769230808,0.007211538461538493
40.5,24.230381009082976,24.231020210067538,24.0,0.0,0.8142992423321577,0.5769230769230808,0.007211538461538493
40.6,24.231020210067538,24.231633292365444,24.0,0.0,0.8148346132439729,0.5769230769230808,0.007211538461538493
40.7,24.231633292365444,24.23222039568606,24.0,0.0,0.8153553578093748,0.5769230769230808,0.007211538461538493
40.800000000000004,24.23222039568606,24.232781660214023,24.0,0.0,0.8158615378950805,0.5769230769230808,0.007211538461538493
40.900000000000006,24.232781660214023,24.233317226688097,24.0,0.0,0.8163532157430984,0.5769230769230808,0.007211538461538493
41.0,24.233317226688097,24.23382723647924,24.0,0.0,0.816830454016618,0.5769230769230808,0.007211538461538493
41.1,24.23382723647924,24.234311831667867,24.0,0.0,0.8172933158455074,0.5769230769230808,0.007211538461538493
41.2,24.234311831667867,24.234771155120345,24.0,0.0,0.8177418648713991,0.5769230769230808,0.007211538461538493
41.300000000000004,24.234771155120345,24.235205350564634,24.0,0.0,0.8181761652923869,0.5769230769230808,0.007211538461538493
41.400000000000006,24.235205350564634,24.235614562665138,24.0,0.0,0.8185962819072875,0.5769230769230808,0.007211538461538493
41.5,24.235614562665138,24.235998937096735,24.0,0.0,0.8190022801595,0.5769230769230808,0.007211538461538493
41.6,24.235998937096735,24.23635862061796,24.0,0.0,0.8193942261804431,0.5769230769230808,0.007211538461538493
41.7,24.23635862061796,24.236693761143353,24.0,0.0,0.819772186832557,0.5769230769230808,0.007211538461538493
41.800000000000004,24.236693761143353,24.237004507814984,24.0,0.0,0.8201362297518779,0.5769230769230808,0.007211538461538493
41.900000000000006,24.237004507814984,24.237291011073093,24.0,0.0,0.820486423390185,0.5769230769230808,0.007211538461538493
42.0,24.237291011073093,24.23365761317615,24.0,0.0,0.7528868769153356,0.2884615384615404,0.028846153846153973
42.1,24.23365761317615,24.230018020936605,24.0,0.0,0.7525127937138405,0.2884615384615404,0.028846153846153973
42.2,24.230018020936605,24.226372861025553,24.0,0.0,0.7521264248589814,0.2884615384615404,0.028846153846153973
42.300000000000004,24.226372861025553,24.222722754566927,24.0,0.0,0.7517279350606747,0.2884615384615404,0.028846153846153973
42.400000000000006,24.222722754566927,24.21906831715957,24.0,0.0,0.7513174892203989,0.2884615384615404,0.028846153846153973
42.5,24.21906831715957,24.215410158897303,24.0,0.0,0.7508952524216219,0.2884615384615404,0.028846153846153973
42.6,24.215410158897303,24.211748884386985,24.0,0.0,0.7504613899197097,0.2884615384615404,0.028846153846153973
42.7,24.211748884386985,24.208085092764627,24.0,0.0,0.7500160671313113,0.2884615384615404,0.028846153846153973
42.800000000000004,24.208085092764627,24.20441937770954,24.0,0.0,0.7495594496232213,0.2884615384615404,0.028846153846153973
42.900000000000006,24.20441937770954,24.200752327456588,24.0,0.0,0.7490917031007243,0.2884615384615404,0.028846153846153973
43.0,24.200752327456588,24.197084524806517,24.0,0.0,0.7486129933954201,0.2884615384615404,0.028846153846153973
43.1,24.197084524806517,24.19341654713446,24.0,0.0,0.7481234864525339,0.2884615384615404,0.028846153846153973
43.2,24.19341654713446,24.189748966396568,24.0,0.0,0.7476233483177134,0.2884615384615404,0.028846153846153973
43.300000000000004,24.189748966396568,24.18608234913483,24.0,0.0,0.7471127451233112,0.2884615384615404,0.028846153846153973
43.400000000000006,24.18608234913483,24.182417256480107,24.0,0.0,0.7465918430741598,0.2884615384615404,0.028846153846153973
43.5,24.182417256480107,24.178754244153417,24.0,0.0,0.7460608084328367,0.2884615384615404,0.028846153846153973
43.6,24.178754244153417,24.175093862465445,24.0,0.0,0.7455198075044264,0.2884615384615404,0.028846153846153973
43.7,24.175093862465445,24.17143665631437,24.0,0.0,0.7449690066207771,0.2884615384615404,0.028846153846153973
43.800000000000004,24.17143665631437,24.16778316518199,24.0,0.0,0.7444085721242584,0.2884615384615404,0.028846153846153973
43.900000000000006,24.16778316518199,24.164133923128194,24.0,0.0,0.7438386703510201,0.2884615384615404,0.028846153846153973
44.0,24.164133923128194,24.163200114901937,24.0,0.0,0.7195863056241127,0.1442307692307702,0.028846153846153973
44.1,24.163200114901937,24.16228589004565,24.0,0.0,0.7199223913075428,0.1442307692307702,0.028846153846153973
44.2,24.16228589004565,24.161391641086478,24.0,0.0,0.7202586643284021,0.1442307692307702,0.028846153846153973
44.300000000000004,24.161391641086478,24.16051775202188,24.0,0.0,0.7205952389239635,0.1442307692307702,0.028846153846153973
44.400000000000006,24.16051775202188,24.159664598354528,24.0,0.0,0.7209322292089406,0.1442307692307702,0.028846153846153973
44.5,24.159664598354528,24.158832547127396,24.0,0.0,0.7212697491560179,0.1442307692307702,0.028846153846153973
44.6,24.158832547127396,24.15802195695912,24.0,0.0,0.7216079125765107,0.1442307692307702,0.028846153846153973
44.7,24.15802195695912,24.15723317807956,24.0,0.0,0.7219468331011608,0.1442307692307702,0.028846153846153973
44.800000000000004,24.15723317807956,24.156466552365657,24.0,0.0,0.7222866241610691,0.1442307692307702,0.028846153846153973
44.900000000000006,24.156466552365657,24.15572241337756,24.0,0.0,0.7226273989687724,0.1442307692307702,0.028846153846153973
45.0,24.15572241337756,24.155001086395075,24.0,0.0,0.722969270499463,0.1442307692307702,0.028846153846153973
45.1,24.155001086395075,24.154302888454428,24.0,0.0,0.7233123514723595,0.1442307692307702,0.028846153846153973
45.2,24.154302888454428,24.153628128385368,24.0,0.0,0.723656754332231,0.1442307692307702,0.028846153846153973
45.300000000000004,24.153628128385368,24.152977106848645,24.0,0.0,0.7240025912310742,0.1442307692307702,0.028846153846153973
45.400000000000006,24.152977106848645,24.152350116373853,24.0,0.0,0.7243499740099566,0.1442307692307702,0.028846153846153973
45.5,24.152350116373853,24.15174744139768,24.0,0.0,0.7246990141810169,0.1442307692307702,0.028846153846153973
45.6,24.15174744139768,24.151169358302592,24.0,0.0,0.7250498229096393,0.1442307692307702,0.028846153846153973
45.7,24.151169358302592,24.150616135455913,24.0,0.0,0.7254025109967974,0.1442307692307702,0.028846153846153973
45.800000000000004,24.150616135455913,24.150088033249393,24.0,0.0,0.7257571888615721,0.1442307692307702,0.028846153846153973
45.900000000000006,24.150088033249393,24.149585304139233,24.0,0.0,0.7261139665238512,0.1442307692307702,0.028846153846153973
46.0,24.149585304139233,24.150052755790586,24.0,0.0,0.7262572055523944,0.1442307692307702,0.014423076923076986
46.1,24.150052755790586,24.15050446614239,24.0,0.0,0.7265410487075759,0.1442307692307702,0.014423076923076986
46.2,24.15050446614239,24.150940506229908,24.0,0.0,0.7268232729883299,0.1442307692307702,0.014423076923076986
46.300000000000004,24.150940506229908,24.151360942176026,24.0,0.0,0.7271038660387843,0.1442307692307702,0.014423076923076986
46.400000000000006,24.151360942176026,24.15176583522065,24.0,0.0,0.7273828148899206,0.1442307692307702,0.014423076923076986
46.5,24.15176583522065,24.15215524175072,24.0,0.0,0.7276601059567713,0.1442307692307702,0.014423076923076986
46.6,24.15215524175072,24.152529213330848,24.0,0.0,0.7279357250357487,0.1442307692307702,0.014423076923076986
46.7,24.152529213330848,24.15288779673459,24.0,0.0,0.7282096573021096,0.1442307692307702,0.014423076923076986
46.800000000000004,24.15288779673459,24.153231033976294,24.0,0.0,0.728481887307555,0.1442307692307702,0.014423076923076986
46.900000000000006,24.153231033976294,24.15355896234356,24.0,0.0,0.728752398977959,0.1442307692307702,0.014423076923076986
47.0,24.15355896234356,24.153871614430287,24.0,0.0,0.7290211756112333,0.1442307692307702,0.014423076923076986
47.1,24.153871614430287,24.1541690181703,24.0,0.0,0.729288199875324,0.1442307692307702,0.014423076923076986
47.2,24.1541690181703,24.154451196871534,24.0,0.0,0.729553453806341,0.1442307692307702,0.014423076923076986
47.300000000000004,24.154451196871534,24.154718169250792,24.0,0.0,0.7298169188068143,0.1442307692307702,0.014423076923076986
47.400000000000006,24.154718169250792,24.154969949469052,24.0,0.0,0.7300785756440882,0.1442307692307702,0.014423076923076986
47.5,24.154969949469052,24.15520654716731,24.0,0.0,0.7303384044488408,0.1442307692307702,0.014423076923076986
47.6,24.15520654716731,24.155427967502956,24.0,0.0,0.7305963847137347,0.1442307692307702,0.014423076923076986
47.7,24.155427967502956,24.155634211186687,24.0,0.0,0.7308524952921974,0.1442307692307702,0.014423076923076986
47.800000000000004,24.155634211186687,24.15582527451991,24.0,0.0,0.7311067143973318,0.1442307692307702,0.014423076923076986
47.900000000000006,24.15582527451991,24.15600114943267,24.0,0.0,0.7313590196009502,0.1442307692307702,0.014423076923076986
48.0,24.15600114943267,24.15617043190456,24.0,0.0,0.7318343894905771,0.1442307692307702,0.028846153846153973
48.1,24.15617043190456,24.156327544687457,24.0,0.0,0.7323092968622091,0.1442307692307702,0.028846153846153973
48.2,24.156327544687457,24.1564726130713,24.0,0.0,0.732782902200187,0.1442307692307702,0.028846153846153973
48.300000000000004,24.1564726130713,24.15660576221414,24.0,0.0,0.7332551888317164,0.1442307692307702,0.028846153846153973
48.400000000000006,24.15660576221414,24.156727117167268,24.0,0.0,0.7337261404260129,0.1442307692307702,0.028846153846153973
48.5,24.156727117167268,24.156836802900315,24.0,0.0,0.7341957409976194,0.1442307692307702,0.028846153846153973
48.6,24.156836802900315,24.15693494432636,24.0,0.0,0.7346639749097906,0.1442307692307702,0.028846153846153973
48.7,24.15693494432636,24.15702166632697,24.0,0.0,0.7351308268779498,0.1442307692307702,0.028846153846153973
48.800000000000004,24.15702166632697,24.157097093777267,24.0,0.0,0.7355962819732117,0.1442307692307702,0.028846153846153973
48.900000000000006,24.157097093777267,24.15716135157091,24.0,0.0,0.7360603256259776,0.1442307692307702,0.028846153846153973
49.0,24.15716135157091,24.15721456464506,24.0,0.0,0.7365229436295921,0.1442307692307702,0.028846153846153973
49.1,24.15721456464506,24.157256858005308,24.0,0.0,0.7369841221440707,0.1442307692307702,0.028846153846153973
49.2,24.157256858005308,24.15728835675054,24.0,0.0,0.737443847699891,0.1442307692307702,0.028846153846153973
49.300000000000004,24.15728835675054,24.157309186097752,24.0,0.0,0.7379021072018495,0.1442307692307702,0.028846153846153973
49.400000000000006,24.157309186097752,24.1573194714068,24.0,0.0,0.738358887932979,0.1442307692307702,0.028846153846153973
49.5,24.1573194714068,24.157319338205095,24.0,0.0,0.7388141775585346,0.1442307692307702,0.028846153846153973
49.6,24.157319338205095,24.157308912212223,24.0,0.0,0.739267964130034,0.1442307692307702,0.028846153846153973
49.7,24.157308912212223,24.157288319364493,24.0,0.0,0.7397202360893665,0.1442307692307702,0.028846153846153973
49.800000000000004,24.157288319364493,24.15725768583941,24.0,0.0,0.740170982272957,0.1442307692307702,0.028846153846153973
49.900000000000006,24.15725768583941,24.15721713808005,24.0,0.0,0.7406201919159916,0.1442307692307702,0.028846153846153973
50.0,24.15721713808005,24.157157825215755,24.0,0.0,0.7408410991690837,0.1442307692307702,0.014423076923076986
50.1,24.157157825215755,24.157079859292423,24.0,0.0,0.7410592143692563,0.1442307692307702,0.014423076923076986
50.2,24.157079859292423,24.156983385293938,24.0,0.0,0.7412745267735243,0.1442307692307702,0.014423076923076986
50.300000000000004,24.156983385293938,24.156868548146313,24.0,0.0,0.7414870305986859,0.1442307692307702,0.014423076923076986
50.400000000000006,24.156868548146313,24.156735492704346,24.0,0.0,0.7416967202622204,0.1442307692307702,0.014423076923076986
50.5,24.156735492704346,24.156584363738187,24.0,0.0,0.7419035903802602,0.1442307692307702,0.014423076923076986
50.6,24.156584363738187,24.156415305919854,24.0,0.0,0.7421076357655328,0.1442307692307702,0.014423076923076986
50.7,24.156415305919854,24.156228463809665,24.0,0.0,0.742308851425273,0.1442307692307702,0.014423076923076986
50.800000000000004,24.156228463809665,24.15602398184261,24.0,0.0,0.7425072325591059,0.1442307692307702,0.014423076923076986
50.900000000000006,24.15602398184261,24.15580200431463,24.0,0.0,0.7427027745568996,0.1442307692307702,0.014423076923076986
51.0,24.15580200431463,24.155562675368838,24.0,0.0,0.7428954729965872,0.1442307692307702,0.014423076923076986
51.1,24.155562675368838,24.15530613898165,24.0,0.0,0.743085323641957,0.1442307692307702,0.014423076923076986
51.2,24.15530613898165,24.155032538948827,24.0,0.0,0.7432723224404131,0.1442307692307702,0.014423076923076986
51.300000000000004,24.155032538948827,24.154742018871453,24.0,0.0,0.7434564655207013,0.1442307692307702,0.014423076923076986
51.400000000000006,24.154742018871453,24.1544347221418,24.0,0.0,0.743637749190606,0.1442307692307702,0.014423076923076986
51.5,24.1544347221418,24.154110791929135,24.0,0.0,0.7438161699346107,0.1442307692307702,0.014423076923076986
51.6,24.154110791929135,24.153770371165407,24.0,0.0,0.7439917244115278,0.1442307692307702,0.014423076923076986
51.7,24.153770371165407,24.15341360253086,24.0,0.0,0.7441644094520942,0.1442307692307702,0.014423076923076986
51.800000000000004,24.15341360253086,24.153040628439545,24.0,0.0,0.744334222056531,0.1442307692307702,0.014423076923076986
51.900000000000006,24.153040628439545,24.15265159102474,24.0,0.0,0.7445011593920713,0.1442307692307702,0.014423076923076986
52.0,24.15265159102474,24.152255679705963,24.0,0.0,0.7448853893544303,0.1442307692307702,0.028846153846153973
52.1,24.152255679705963,24.151853040170334,24.0,0.0,0.745267485836451,0.1442307692307702,0.028846153846153973
52.2,24.151853040170334,24.151443817806996,24.0,0.0,0.7456474504423805,0.1442307692307702,0.028846153846153973
52.300000000000004,24.151443817806996,24.151028157510712,24.0,0.0,0.7460252851528807,0.1442307692307702,0.028846153846153973
52.400000000000006,24.151028157510712,24.150606203676325,24.0,0.0,0.7464009922952745,0.1442307692307702,0.028846153846153973
52.5,24.150606203676325,24.150178100193322,24.0,0.0,0.7467745745413042,0.1442307692307702,0.028846153846153973
52.6,24.150178100193322,24.149743990440513,24.0,0.0,0.7471460349048903,0.1442307692307702,0.028846153846153973
52.7,24.149743990440513,24.14930401728081,24.0,0.0,0.7475153767398904,0.1442307692307702,0.028846153846153973
52.800000000000004,24.14930401728081,24.148858323056132,24.0,0.0,0.7478826037378585,0.1442307692307702,0.028846153846153973
52.900000000000006,24.148858323056132,24.148407049582413,24.0,0.0,0.7482477199258074,0.1442307692307702,0.028846153846153973
53.0,24.148407049582413,24.147950338144714,24.0,0.0,0.7486107296639705,0.1442307692307702,0.028846153846153973
53.1,24.147950338144714,24.14748832949246,24.0,0.0,0.7489716376435658,0.1442307692307702,0.028846153846153973
53.2,24.14748832949246,24.147021163834786,24.0,0.0,0.7493304488845652,0.1442307692307702,0.028846153846153973
53.300000000000004,24.147021163834786,24.146548980835995,24.0,0.0,0.7496871687334625,0.1442307692307702,0.028846153846153973
53.400000000000006,24.146548980835995,24.14607191961113,24.0,0.0,0.7500418028610484,0.1442307692307702,0.028846153846153973
53.5,24.14607191961113,24.145590118721667,24.0,0.0,0.7503943572601867,0.1442307692307702,0.028846153846153973
53.6,24.145590118721667,24.145103716171313,24.0,0.0,0.7507448382435957,0.1442307692307702,0.028846153846153973
53.7,24.145103716171313,24.144612849401934,24.0,0.0,0.7510932524416348,0.1442307692307702,0.028846153846153973
53.800000000000004,24.144612849401934,24.144117655289598,24.0,0.0,0.7514396068000954,0.1442307692307702,0.028846153846153973
53.900000000000006,24.144117655289598,24.143618270140724,24.0,0.0,0.7517839085779977,0.1442307692307702,0.028846153846153973
54.0,24.143618270140724,24.143106044846213,24.0,0.0,0.751919023609613,0.1442307692307702,0.014423076923076986
54.1,24.143106044846213,24.142581128572782,24.0,0.0,0.7520515479106636,0.1442307692307702,0.014423076923076986
54.2,24.142581128572782,24.142043669679165,24.0,0.0,0.7521814846912834,0.1442307692307702,0.014423076923076986
54.300000000000004,24.142043669679165,24.141493815705118,24.0,0.0,0.752308837259049,0.1442307692307702,0.014423076923076986
54.400000000000006,24.141493815705118,24.140931713361685,24.0,0.0,0.7524336090162131,0.1442307692307702,0.014423076923076986
54.5,24.140931713361685,24.140357508521582,24.0,0.0,0.7525558034571049,0.1442307692307702,0.014423076923076986
54.6,24.140357508521582,24.13977134620973,24.0,0.0,0.7526754241655347,0.1442307692307702,0.014423076923076986
54.7,24.13977134620973,24.13917337059391,24.0,0.0,0.7527924748122047,0.1442307692307702,0.014423076923076986
54.800000000000004,24.13917337059391,24.138563724975565,24.0,0.0,0.7529069591521255,0.1442307692307702,0.014423076923076986
54.900000000000006,24.138563724975565,24.137942551780753,24.0,0.0,0.7530188810220407,0.1442307692307702,0.014423076923076986
55.0,24.137942551780753,24.137309992551195,24.0,0.0,0.7531282443378574,0.1442307692307702,0.014423076923076986
55.1,24.137309992551195,24.136666187935496,24.0,0.0,0.7532350530920814,0.1442307692307702,0.014423076923076986
55.2,24.136666187935496,24.13601127768047,24.0,0.0,0.7533393113512626,0.1442307692307702,0.014423076923076986
55.300000000000004,24.13601127768047,24.13534540062262,24.0,0.0,0.7534410232534422,0.1442307692307702,0.014423076923076986
55.400000000000006,24.13534540062262,24.134668694679725,24.0,0.0,0.7535401930056116,0.1442307692307702,0.014423076923076986
55.5,24.134668694679725,24.133981296842588,24.0,0.0,0.7536368248811747,0.1442307692307702,0.014423076923076986
55.6,24.133981296842588,24.13328334316689,24.0,0.0,0.7537309232174183,0.1442307692307702,0.014423076923076986
55.7,24.13328334316689,24.132574968765176,24.0,0.0,0.753822492412991,0.1442307692307702,0.014423076923076986
55.800000000000004,24.132574968765176,24.131856307798973,24.0,0.0,0.7539115369253859,0.1442307692307702,0.014423076923076986
55.900000000000006,24.131856307798973,24.13112749347104,24.0,0.0,0.753998061268432,0.1442307692307702,0.014423076923076986
56.0,24.13112749347104,24.13039692300748,24.0,0.0,0.7542711962023007,0.1442307692307702,0.028846153846153973
56.1,24.13039692300748,24.12966470853764,24.0,0.0,0.754541970432578,0.1442307692307702,0.028846153846153973
56.2,24.12966470853764,24.128930961503524,24.0,0.0,0.7548103953894402,0.1442307692307702,0.028846153846153973
56.300000000000004,24.128930961503524,24.128195792659355,24.0,0.0,0.7550764827253953,0.1442307692307702,0.028846153846153973
56.400000000000006,24.128195792659355,24.127459312071213,24.0,0.0,0.7553402443132344,0.1442307692307702,0.028846153846153973
56.5,24.127459312071213,24.126721629116798,24.0,0.0,0.7556016922439963,0.1442307692307702,0.028846153846153973
56.6,24.126721629116798,24.12598285248529,24.0,0.0,0.7558608388249464,0.1442307692307702,0.028846153846153973
56.7,24.12598285248529,24.125243090177317,24.0,0.0,0.7561176965775711,0.1442307692307702,0.028846153846153973
56.800000000000004,24.125243090177317,24.124502449505027,24.0,0.0,0.7563722782355865,0.1442307692307702,0.028846153846153973
56.900000000000006,24.124502449505027,24.12376103709226,24.0,0.0,0.756624596742963,0.1442307692307702,0.028846153846153973
57.0,24.12376103709226,24.123018958874827,24.0,0.0,0.756874665251965,0.1442307692307702,0.028846153846153973
57.1,24.123018958874827,24.122276320100866,24.0,0.0,0.7571224971212046,0.1442307692307702,0.028846153846153973
57.2,24.122276320100866,24.121533225331348,24.0,0.0,0.7573681059137128,0.1442307692307702,0.028846153846153973
57.300000000000004,24.121533225331348,24.120789778440628,24.0,0.0,0.7576115053950265,0.1442307692307702,0.028846153846153973
57.400000000000006,24.120789778440628,24.120046082617126,24.0,0.0,0.7578527095312899,0.1442307692307702,0.028846153846153973
57.5,24.120046082617126,24.119302240364096,24.0,0.0,0.7580917324873727,0.1442307692307702,0.028846153846153973
57.6,24.119302240364096,24.1185583535005,24.0,0.0,0.7583285886250052,0.1442307692307702,0.028846153846153973
57.7,24.1185583535005,24.11781452316197,24.0,0.0,0.7585632925009302,0.1442307692307702,0.028846153846153973
57.800000000000004,24.11781452316197,24.117070849801866,24.0,0.0,0.7587958588650713,0.1442307692307702,0.028846153846153973
57.900000000000006,24.117070849801866,24.116327433192428,24.0,0.0,0.7590263026587153,0.1442307692307702,0.028846153846153973
58.0,24.116327433192428,24.11557682625947,24.0,0.0,0.7590868590609968,0.1442307692307702,0.014423076923076986
58.1,24.11557682625947,24.114819159057348,24.0,0.0,0.759145295791233,0.1442307692307702,0.014423076923076986
58.2,24.114819159057348,24.1140545605357,24.0,0.0,0.7592016214241826,0.1442307692307702,0.014423076923076986
58.300000000000004,24.1140545605357,24.113283158536092,24.0,0.0,0.7592558445612559,0.1442307692307702,0.014423076923076986
58.400000000000006,24.113283158536092,24.112505079788747,24.0,0.0,0.7593079738284318,0.1442307692307702,0.014423076923076986
58.5,24.112505079788747,24.111720449909388,24.0,0.0,0.7593580178741832,0.1442307692307702,0.014423076923076986
58.6,24.111720449909388,24.11092939339616,24.0,0.0,0.7594059853674143,0.1442307692307702,0.014423076923076986
58.7,24.11092939339616,24.110132033626666,24.0,0.0,0.7594518849954046,0.1442307692307702,0.014423076923076986
58.800000000000004,24.110132033626666,24.10932849285508,24.0,0.0,0.7594957254617662,0.1442307692307702,0.014423076923076986
58.900000000000006,24.10932849285508,24.108518892209368,24.0,0.0,0.7595375154844055,0.1442307692307702,0.014423076923076986
59.0,24.108518892209368,24.107703351688585,24.0,0.0,0.7595772637934989,0.1442307692307702,0.014423076923076986
59.1,24.107703351688585,24.106881990160282,24.0,0.0,0.7596149791294752,0.1442307692307702,0.014423076923076986
59.2,24.106881990160282,24.106054925357988,24.0,0.0,0.759650670241009,0.1442307692307702,0.014423076923076986
59.300000000000004,24.106054925357988,24.105222273878784,24.0,0.0,0.7596843458830213,0.1442307692307702,0.014423076923076986
59.400000000000006,24.105222273878784,24.10438415118097,24.0,0.0,0.759716014814692,0.1442307692307702,0.014423076923076986
59.5,24.10438415118097,24.103540671581815,24.0,0.0,0.7597456857974797,0.1442307692307702,0.014423076923076986
59.6,24.103540671581815,24.102691948255394,24.0,0.0,0.7597733675931523,0.1442307692307702,0.014423076923076986
59.7,24.102691948255394,24.101838093230505,24.0,0.0,0.7597990689618254,0.1442307692307702,0.014423076923076986
59.800000000000004,24.101838093230505,24.100979217388677,24.0,0.0,0.7598227986600102,0.1442307692307702,0.014423076923076986
59.900000000000006,24.100979217388677,24.100115430462257,24.0,0.0,0.7598445654386726,0.1442307692307702,0.014423076923076986
60.0,24.100115430462257,24.10673481669155,24.0,1.5,0.7600087752967724,0.1442307692307702,0.028846153846153973
60.1,24.10673481669155,24.11331885695903,24.0,1.5,0.7612713833587613,0.1442307692307702,0.028846153846153973
60.2,24.11331885695903,24.11986781178655,24.0,1.5,0.7625478858693374,0.1442307692307702,0.028846153846153973
60.300000000000004,24.11986781178655,24.126381940053403,24.0,1.5,0.7638382191957678,0.1442307692307702,0.028846153846153973
60.400000000000006,24.126381940053403,24.132861499003546,24.0,1.5,0.7651423202151796,0.1442307692307702,0.028846153846153973
60.5,24.132861499003546,24.13930674425285,24.0,1.5,0.7664601263108837,0.1442307692307702,0.028846153846153973
60.6,24.13930674425285,24.145717929796398,24.0,1.5,0.7677915753687241,0.1442307692307702,0.028846153846153973
60.7,24.145717929796398,24.152095308015852,24.0,1.5,0.7691366057734563,0.1442307692307702,0.028846153846153973
60.800000000000004,24.152095308015852,24.158439129686833,24.0,1.5,0.7704951564051541,0.1442307692307702,0.028846153846153973
60.900000000000006,24.158439129686833,24.164749643986376,24.0,1.5,0.7718671666356424,0.1442307692307702,0.028846153846153973
61.0,24.164749643986376,24.171027098500396,24.0,1.5,0.7732525763249601,0.1442307692307702,0.028846153846153973
61.1,24.171027098500396,24.177271739231227,24.0,1.5,0.7746513258178488,0.1442307692307702,0.028846153846153973
61.2,24.177271739231227,24.183483810605185,24.0,1.5,0.7760633559402702,0.1442307692307702,0.028846153846153973
61.300000000000004,24.183483810605185,24.189663555480188,24.0,1.5,0.7774886079959523,0.1442307692307702,0.028846153846153973
61.400000000000006,24.189663555480188,24.195811215153398,24.0,1.5,0.7789270237629627,0.1442307692307702,0.028846153846153973
61.5,24.195811215153398,24.201927029368917,24.0,1.5,0.7803785454903106,0.1442307692307702,0.028846153846153973
61.6,24.201927029368917,24.20801123632553,24.0,1.5,0.7818431158945747,0.1442307692307702,0.028846153846153973
61.7,24.20801123632553,24.21406407268446,24.0,1.5,0.7833206781565635,0.1442307692307702,0.028846153846153973
61.800000000000004,24.21406407268446,24.220085773577203,24.0,1.5,0.7848111759179993,0.1442307692307702,0.028846153846153973
61.900000000000006,24.220085773577203,24.226076572613355,24.0,1.5,0.7863145532782327,0.1442307692307702,0.028846153846153973
62.0,24.226076572613355,24.23203094041399,24.0,1.5,0.8856523487102262,0.5769230769230808,0.028846153846153973
62.1,24.23203094041399,24.237905232409474,24.0,1.5,0.8897568809233244,0.5769230769230808,0.028846153846153973
62.2,24.237905232409474,24.24369929358875,24.0,1.5,0.8938321606295937,0.5769230769230808,0.028846153846153973
62.300000000000004,24.24369929358875,24.249412972252824,24.0,1.5,0.8978778669645285,0.5769230769230808,0.028846153846153973
62.400000000000006,24.249412972252824,24.25504611997792,24.0,1.5,0.9018936805368382,0.5769230769230808,0.028846153846153973
62.5,24.25504611997792,24.260598591578947,24.0,1.5,0.9058792834166374,0.5769230769230808,0.028846153846153973
62.6,24.260598591578947,24.266070245073294,24.0,1.5,0.9098343591237084,0.5769230769230808,0.028846153846153973
62.7,24.266070245073294,24.271460941644946,24.0,1.5,0.9137585926158505,0.5769230769230808,0.028846153846153973
62.800000000000004,24.271460941644946,24.276770545608937,24.0,1.5,0.917651670277318,0.5769230769230808,0.028846153846153973
62.900000000000006,24.276770545608937,24.281998924376097,24.0,1.5,0.9215132799073382,0.5769230769230808,0.028846153846153973
63.0,24.281998924376097,24.28714594841815,24.0,1.5,0.925343110708708,0.5769230769230808,0.028846153846153973
63.1,24.28714594841815,24.292211491233097,24.0,1.5,0.9291408532764832,0.5769230769230808,0.028846153846153973
63.2,24.292211491233097,24.297195429310925,24.0,1.5,0.9329061995867404,0.5769230769230808,0.028846153846153973
63.300000000000004,24.297195429310925,24.30209764209962,24.0,1.5,0.9366388429854228,0.5769230769230808,0.028846153846153973
63.400000000000006,24.30209764209962,24.306918011971494,24.0,1.5,0.9403384781772658,0.5769230769230808,0.028846153846153973
63.5,24.306918011971494,24.31165642418979,24.0,1.5,0.9440048012148021,0.5769230769230808,0.028846153846153973
63.6,24.31165642418979,24.316312766875633,24.0,1.5,0.9476375094874427,0.5769230769230808,0.028846153846153973
63.7,24.316312766875633,24.320886930975238,24.0,1.5,0.9512363017106483,0.5769230769230808,0.028846153846153973
63.800000000000004,24.320886930975238,24.325378810227434,24.0,1.5,0.9548008779151567,0.5769230769230808,0.028846153846153973
63.900000000000006,24.325378810227434,24.329788301131472,24.0,1.5,0.9583309394363106,0.5769230769230808,0.028846153846153973
64.0,24.329788301131472,24.330212205034517,24.0,1.5,0.8662192919888855,0.2884615384615404,0.014423076923076986
64.10000000000001,24.330212205034517,24.330470223189486,24.0,1.5,0.8668178395643327,0.2884615384615404,0.014423076923076986
64.2,24.330470223189486,24.330564350134892,24.0,1.5,0.8673689076232509,0.2884615384615404,0.014423076923076986
64.3,24.330564350134892,24.330496583263994,24.0,1.5,0.8678728351317357,0.2884615384615404,0.014423076923076986
64.4,24.330496583263994,24.330268922751774,24.0,1.5,0.8683299647602225,0.2884615384615404,0.014423076923076986
64.5,24.330268922751774,24.329883371482754,24.0,1.5,0.8687406428664357,0.2884615384615404,0.014423076923076986
64.60000000000001,24.329883371482754,24.32934193497964,24.0,1.5,0.8691052194784725,0.2884615384615404,0.014423076923076986
64.7,24.32934193497964,24.328646621332798,24.0,1.5,0.869424048278026,0.2884615384615404,0.014423076923076986
64.8,24.328646621332798,24.327799441130505,24.0,1.5,0.8696974865837432,0.2884615384615404,0.014423076923076986
64.9,24.327799441130505,24.326802407390062,24.0,1.5,0.8699258953347125,0.2884615384615404,0.014423076923076986
65.0,24.326802407390062,24.325657535489665,24.0,1.5,0.8701096390740896,0.2884615384615404,0.014423076923076986
65.10000000000001,24.325657535489665,24.32436684310107,24.0,1.5,0.8702490859328543,0.2884615384615404,0.014423076923076986
65.2,24.32436684310107,24.322932350123068,24.0,1.5,0.8703446076136943,0.2884615384615404,0.014423076923076986
65.3,24.322932350123068,24.3213560786157,24.0,1.5,0.8703965793750247,0.2884615384615404,0.014423076923076986
65.4,24.3213560786157,24.319640052735284,24.0,1.5,0.8704053800151336,0.2884615384615404,0.014423076923076986
65.5,24.319640052735284,24.317786298670164,24.0,1.5,0.8703713918564587,0.2884615384615404,0.014423076923076986
65.60000000000001,24.317786298670164,24.315796844577243,24.0,1.5,0.8702950007299868,0.2884615384615404,0.014423076923076986
65.7,24.315796844577243,24.313673720519247,24.0,1.5,0.8701765959597842,0.2884615384615404,0.014423076923076986
65.8,24.313673720519247,24.311418958402754,24.0,1.5,0.8700165703476499,0.2884615384615404,0.014423076923076986
65.9,24.311418958402754,24.30903459191693,24.0,1.5,0.8698153201578962,0.2884615384615404,0.014423076923076986
66.0,24.30903459191693,24.31033738757449,24.0,1.5,0.9584949774398868,0.5769230769230808,0.007211538461538493
66.10000000000001,24.31033738757449,24.311609803363705,24.0,1.5,0.9594703913199021,0.5769230769230808,0.007211538461538493
66.2,24.311609803363705,24.312853885245417,24.0,1.5,0.9604291959603374,0.5769230769230808,0.007211538461538493
66.3,24.312853885245417,24.314071655451386,24.0,1.5,0.9613725512901078,0.5769230769230808,0.007211538461538493
66.4,24.314071655451386,24.315265112454842,24.0,1.5,0.9623016050066172,0.5769230769230808,0.007211538461538493
66.5,24.315265112454842,24.316436230941864,24.0,1.5,0.9632174925416315,0.5769230769230808,0.007211538461538493
66.60000000000001,24.316436230941864,24.317586961783558,24.0,1.5,0.964121337027612,0.5769230769230808,0.007211538461538493
66.7,24.317586961783558,24.31871923200906,24.0,1.5,0.9650142492644909,0.5769230769230808,0.007211538461538493
66.8,24.31871923200906,24.319834944779338,24.0,1.5,0.9658973276869016,0.5769230769230808,0.007211538461538493
66.9,24.319834944779338,24.320935979361774,24.0,1.5,0.9667716583318552,0.5769230769230808,0.007211538461538493
67.0,24.320935979361774,24.322024191105534,24.0,1.5,0.9676383148068393,0.5769230769230808,0.007211538461538493
67.10000000000001,24.322024191105534,24.323101411417703,24.0,1.5,0.9684983582583633,0.5769230769230808,0.007211538461538493
67.2,24.323101411417703,24.324169447740186,24.0,1.5,0.9693528373409255,0.5769230769230808,0.007211538461538493
67.3,24.324169447740186,24.32523008352736,24.0,1.5,0.9702027881864013,0.5769230769230808,0.007211538461538493
67.4,24.32523008352736,24.32628507822447,24.0,1.5,0.9710492343738525,0.5769230769230808,0.007211538461538493
67.5,24.32628507822447,24.327336167246763,24.0,1.5,0.9718931868997511,0.5769230769230808,0.007211538461538493
67.60000000000001,24.327336167246763,24.328385061959352,24.0,1.5,0.9727356441486082,0.5769230769230808,0.007211538461538493
67.7,24.328385061959352,24.329433449657778,24.0,1.5,0.973577591864015,0.5769230769230808,0.007211538461538493
67.8,24.329433449657778,24.330482993549303,24.0,1.5,0.9744200031200714,0.5769230769230808,0.007211538461538493
67.9,24.330482993549303,24.331535332734905,24.0,1.5,0.9752638382932226,0.5769230769230808,0.007211538461538493
68.0,24.331535332734905,24.329044090269885,24.0,1.5,0.8811921168404281,0.2884615384615404,0.028846153846153973
68.10000000000001,24.329044090269885,24.326526353752318,24.0,1.5,0.881422654851297,0.2884615384615404,0.028846153846153973
68.2,24.326526353752318,24.323982918033263,24.0,1.5,0.8816382876455149,0.2884615384615404,0.028846153846153973
68.3,24.323982918033263,24.32141452771809,24.0,1.5,0.8818391703747296,0.2884615384615404,0.028846153846153973
68.4,24.32141452771809,24.31882187790512,24.0,1.5,0.8820254458445398,0.2884615384615404,0.028846153846153973
68.5,24.31882187790512,24.31620561492193,24.0,1.5,0.8821972445847551,0.2884615384615404,0.028846153846153973
68.60000000000001,24.31620561492193,24.313566337059367,24.0,1.5,0.8823546849211101,0.2884615384615404,0.028846153846153973
68.7,24.313566337059367,24.310904595303175,24.0,1.5,0.8824978730484265,0.2884615384615404,0.028846153846153973
68.8,24.310904595303175,24.308220894063325,24.0,1.5,0.8826269031052072,0.2884615384615404,0.028846153846153973
68.9,24.308220894063325,24.305515691900975,24.0,1.5,0.882741857249664,0.2884615384615404,0.028846153846153973
69.0,24.305515691900975,24.302789402253083,24.0,1.5,0.8828428057371621,0.2884615384615404,0.028846153846153973
69.10000000000001,24.302789402253083,24.30004239415466,24.0,1.5,0.882929806999077,0.2884615384615404,0.028846153846153973
69.2,24.30004239415466,24.297274992958656,24.0,1.5,0.8830029077230546,0.2884615384615404,0.028846153846153973
69.3,24.297274992958656,24.294487481053483,24.0,1.5,0.8830621429346651,0.2884615384615404,0.028846153846153973
69.4,24.294487481053483,24.291680098578162,24.0,1.5,0.8831075360804428,0.2884615384615404,0.028846153846153973
69.5,24.291680098578162,24.288853044135085,24.0,1.5,0.8831390991123064,0.2884615384615404,0.028846153846153973
69.60000000000001,24.288853044135085,24.2860064755004,24.0,1.5,0.8831568325733468,0.2884615384615404,0.028846153846153973
69.7,24.2860064755004,24.283140510332018,24.0,1.5,0.8831607256849774,0.2884615384615404,0.028846153846153973
69.8,24.283140510332018,24.2802552268752,24.0,1.5,0.8831507564354402,0.2884615384615404,0.028846153846153973
69.9,24.2802552268752,24.27735066466579,24.0,1.5,0.8831268916696524,0.2884615384615404,0.028846153846153973
70.0,24.27735066466579,24.27821406636584,24.0,1.5,0.8824890496847251,0.2884615384615404,0.007211538461538493
70.10000000000001,24.27821406636584,24.27906396332694,24.0,1.5,0.8829387430114461,0.2884615384615404,0.007211538461538493
70.2,24.27906396332694,24.27990101762488,24.0,1.5,0.8833851536468549,0.2884615384615404,0.007211538461538493
70.3,24.27990101762488,24.280725881842756,24.0,1.5,0.8838284633128168,0.2884615384615404,0.007211538461538493
70.4,24.280725881842756,24.28153919961093,24.0,1.5,0.884268851463533,0.2884615384615404,0.007211538461538493
70.5,24.28153919961093,24.28234160614148,24.0,1.5,0.8847064954348409,0.2884615384615404,0.007211538461538493
70.60000000000001,24.28234160614148,24.283133728757132,24.0,1.5,0.8851415705923131,0.2884615384615404,0.007211538461538493
70.7,24.283133728757132,24.283916187414643,24.0,1.5,0.8855742504781436,0.2884615384615404,0.007211538461538493
70.8,24.283916187414643,24.284689595222577,24.0,1.5,0.8860047069568113,0.2884615384615404,0.007211538461538493
70.9,24.284689595222577,24.285454558953475,24.0,1.5,0.8864331103595008,0.2884615384615404,0.007211538461538493
71.0,24.285454558953475,24.286211679550394,24.0,1.5,0.8868596296272744,0.2884615384615404,0.007211538461538493
71.10000000000001,24.286211679550394,24.28696155262775,24.0,1.5,0.8872844324529845,0.2884615384615404,0.007211538461538493
71.2,24.28696155262775,24.287704768966478,24.0,1.5,0.8877076854219056,0.2884615384615404,0.007211538461538493
71.3,24.287704768966478,24.288441915003446,24.0,1.5,0.8881295541510813,0.2884615384615404,0.007211538461538493
71.4,24.288441915003446,24.289173573315143,24.0,1.5,0.8885502034273727,0.2884615384615404,0.007211538461538493
71.5,24.289173573315143,24.289900323095562,24.0,1.5,0.8889697973441951,0.2884615384615404,0.007211538461538493
71.60000000000001,24.289900323095562,24.290622740628283,24.0,1.5,0.8893884994369331,0.2884615384615404,0.007211538461538493
71.7,24.290622740628283,24.291341399752724,24.0,1.5,0.8898064728170172,0.2884615384615404,0.007211538461538493
71.8,24.291341399752724,24.292056872324547,24.0,1.5,0.8902238803046584,0.2884615384615404,0.007211538461538493
71.9,24.292056872324547,24.29276972867016,24.0,1.5,0.8906408845602259,0.2884615384615404,0.007211538461538493
72.0,24.29276972867016,24.293504479631284,24.0,1.5,0.8494646410882738,0.1442307692307702,0.028846153846153973
72.10000000000001,24.293504479631284,24.294217623168112,24.0,1.5,0.850417262321988,0.1442307692307702,0.028846153846153973
72.2,24.294217623168112,24.29490939802805,24.0,1.5,0.8513688242450924,0.1442307692307702,0.028846153846153973
72.3,24.29490939802805,24.295580034517016,24.0,1.5,0.8523192996518951,0.1442307692307702,0.028846153846153973
72.4,24.295580034517016,24.29622975463202,24.0,1.5,0.8532686607835258,0.1442307692307702,0.028846153846153973
72.5,24.29622975463202,24.296858772187125,24.0,1.5,0.8542168793230898,0.1442307692307702,0.028846153846153973
72.60000000000001,24.296858772187125,24.297467292932883,24.0,1.5,0.8551639263902314,0.1442307692307702,0.028846153846153973
72.7,24.297467292932883,24.29805551466929,24.0,1.5,0.8561097725350989,0.1442307692307702,0.028846153846153973
72.8,24.29805551466929,24.298623627352395,24.0,1.5,0.8570543877317037,0.1442307692307702,0.028846153846153973
72.9,24.298623627352395,24.299171813194594,24.0,1.5,0.8579977413706681,0.1442307692307702,0.028846153846153973
73.0,24.299171813194594,24.299700246758718,24.0,1.5,0.8589398022513541,0.1442307692307702,0.028846153846153973
73.10000000000001,24.299700246758718,24.300209095045986,24.0,1.5,0.8598805385733683,0.1442307692307702,0.028846153846153973
73.2,24.300209095045986,24.30069851757792,24.0,1.5,0.860819917927434,0.1442307692307702,0.028846153846153973
73.3,24.30069851757792,24.301168666472275,24.0,1.5,0.8617579072856301,0.1442307692307702,0.028846153846153973
73.4,24.301168666472275,24.301619686513092,24.0,1.5,0.8626944729909859,0.1442307692307702,0.028846153846153973
73.5,24.301619686513092,24.302051715214944,24.0,1.5,0.8636295807464299,0.1442307692307702,0.028846153846153973
73.60000000000001,24.302051715214944,24.30246488288146,24.0,1.5,0.8645631956030864,0.1442307692307702,0.028846153846153973
73.7,24.30246488288146,24.3028593126582,24.0,1.5,0.8654952819479148,0.1442307692307702,0.028846153846153973
73.8,24.3028593126582,24.303235120579984,24.0,1.5,0.8664258034906895,0.1442307692307702,0.028846153846153973
73.9,24.303235120579984,24.30359241561273,24.0,1.5,0.8673547232503123,0.1442307692307702,0.028846153846153973
74.0,24.30359241561273,24.305590867597733,24.0,1.5,0.9989872959352651,0.5769230769230808,0.007211538461538493
74.10000000000001,24.305590867597733,24.307541342516082,24.0,1.5,1.0,0.5769230769230808,0.007211538461538493
74.2,24.307541342516082,24.309444121921064,24.0,1.5,1.0,0.5769230769230808,0.007211538461538493
74.3,24.309444121921064,24.311299487047226,24.0,1.5,1.0,0.5769230769230808,0.007211538461538493
74.4,24.311299487047226,24.313107718834033,24.0,1.5,1.0,0.5769230769230808,0.007211538461538493
74.5,24.313107718834033,24.31486909794961,24.0,1.5,1.0,0.5769230769230808,0.007211538461538493
74.60000000000001,24.31486909794961,24.31658390481458,24.0,1.5,1.0,0.5769230769230808,0.007211538461538493
74.7,24.31658390481458,24.318252419626003,24.0,1.5,1.0,0.5769230769230808,0.007211538461538493
74.8,24.318252419626003,24.3198749223815,24.0,1.5,1.0,0.5769230769230808,0.007211538461538493
74.9,24.3198749223815,24.321451692903526,24.0,1.5,1.0,0.5769230769230808,0.007211538461538493
75.0,24.321451692903526,24.32298301086381,24.0,1.5,1.0,0.5769230769230808,0.007211538461538493
75.10000000000001,24.32298301086381,24.32446915580806,24.0,1.5,1.0,0.5769230769230808,0.007211538461538493
75.2,24.32446915580806,24.325910407180885,24.0,1.5,1.0,0.5769230769230808,0.007211538461538493
75.3,24.325910407180885,24.32730704435097,24.0,1.5,1.0,0.5769230769230808,0.007211538461538493
75.4,24.32730704435097,24.328659346636567,24.0,1.5,1.0,0.5769230769230808,0.007211538461538493
75.5,24.328659346636567,24.329967593331276,24.0,1.5,1.0,0.5769230769230808,0.007211538461538493
75.60000000000001,24.329967593331276,24.331232063730187,24.0,1.5,1.0,0.5769230769230808,0.007211538461538493
75.7,24.331232063730187,24.332453037156363,24.0,1.5,1.0,0.5769230769230808,0.007211538461538493
75.8,24.332453037156363,24.33363079298772,24.0,1.5,1.0,0.5769230769230808,0.007211538461538493
75.9,24.33363079298772,24.334765610684325,24.0,1.5,1.0,0.5769230769230808,0.007211538461538493
76.0,24.334765610684325,24.33064260689256,24.0,1.5,0.9213704985022959,0.2884615384615404,0.028846153846153973
76.10000000000001,24.33064260689256,24.326499759607238,24.0,1.5,0.9211349472360922,0.2884615384615404,0.028846153846153973
76.2,24.326499759607238,24.322377574858955,24.0,1.5,0.9208817213641931,0.2884615384615404,0.028846153846153973
76.3,24.322377574858955,24.318275949592874,24.0,1.5,0.9206225649219738,0.2884615384615404,0.028846153846153973
76.4,24.318275949592874,24.314194781268153,24.0,1.5,0.9203575074882759,0.2884615384615404,0.028846153846153973
76.5,24.314194781268153,24.310133967855368,24.0,1.5,0.9200865784944185,0.2884615384615404,0.028846153846153973
76.60000000000001,24.310133967855368,24.306093407833973,24.0,1.5,0.9198098072249288,0.2884615384615404,0.028846153846153973
76.7,24.306093407833973,24.30207300018976,24.0,1.5,0.9195272228182784,0.2884615384615404,0.028846153846153973
76.80000000000001,24.30207300018976,24.298072644412326,24.0,1.5,0.9192388542676106,0.2884615384615404,0.028846153846153973
76.9,24.298072644412326,24.294092240492567,24.0,1.5,0.918944730421463,0.2884615384615404,0.028846153846153973
77.0,24.294092240492567,24.29013168892018,24.0,1.5,0.918644879984492,0.2884615384615404,0.028846153846153973
77.10000000000001,24.29013168892018,24.28619089068117,24.0,1.5,0.9183393315181885,0.2884615384615404,0.028846153846153973
77.2,24.28619089068117,24.282269747255373,24.0,1.5,0.9180281134415926,0.2884615384615404,0.028846153846153973
77.30000000000001,24.282269747255373,24.278368160614,24.0,1.5,0.9177112540320036,0.2884615384615404,0.028846153846153973
77.4,24.278368160614,24.274486033217183,24.0,1.5,0.9173887814256865,0.2884615384615404,0.028846153846153973
77.5,24.274486033217183,24.270623268011537,24.0,1.5,0.9170607236185772,0.2884615384615404,0.028846153846153973
77.60000000000001,24.270623268011537,24.266779768427725,24.0,1.5,0.9167271084669818,0.2884615384615404,0.028846153846153973
77.7,24.266779768427725,24.26295543837806,24.0,1.5,0.9163879636882697,0.2884615384615404,0.028846153846153973
77.80000000000001,24.26295543837806,24.259150182254093,24.0,1.5,0.9160433168615726,0.2884615384615404,0.028846153846153973
77.9,24.259150182254093,24.25536390492422,24.0,1.5,0.9156931954284686,0.2884615384615404,0.028846153846153973
78.0,24.25536390492422,24.254733841929625,24.0,1.5,0.9147851567070564,0.2884615384615404,0.007211538461538493
78.10000000000001,24.254733841929625,24.254116319922055,24.0,1.5,0.9147871100561609,0.2884615384615404,0.007211538461538493
78.2,24.254116319922055,24.25351198157279,24.0,1.5,0.9147922356693057,0.2884615384615404,0.007211538461538493
78.30000000000001,24.25351198157279,24.252920997758796,24.0,1.5,0.9148007284398825,0.2884615384615404,0.007211538461538493
78.4,24.252920997758796,24.2523435373246,24.0,1.5,0.914812647289999,0.2884615384615404,0.007211538461538493
78.5,24.2523435373246,24.251779767098284,24.0,1.5,0.9148280506772435,0.2884615384615404,0.007211538461538493
78.60000000000001,24.251779767098284,24.25122985190743,24.0,1.5,0.9148469965978486,0.2884615384615404,0.007211538461538493
78.7,24.25122985190743,24.250693954594894,24.0,1.5,0.9148695425898427,0.2884615384615404,0.007211538461538493
78.80000000000001,24.250693954594894,24.25017223603453,24.0,1.5,0.914895745736175,0.2884615384615404,0.007211538461538493
78.9,24.25017223603453,24.24966485514676,24.0,1.5,0.9149256626678257,0.2884615384615404,0.007211538461538493
79.0,24.24966485514676,24.249171968914077,24.0,1.5,0.9149593495668926,0.2884615384615404,0.007211538461538493
79.10000000000001,24.249171968914077,24.248693732396397,24.0,1.5,0.9149968621696619,0.2884615384615404,0.007211538461538493
79.2,24.248693732396397,24.248230298746364,24.0,1.5,0.9150382557696556,0.2884615384615404,0.007211538461538493
79.30000000000001,24.248230298746364,24.24778181922449,24.0,1.5,0.915083585220665,0.2884615384615404,0.007211538461538493
79.4,24.24778181922449,24.247348443214232,24.0,1.5,0.9151329049397572,0.2884615384615404,0.007211538461538493
79.5,24.247348443214232,24.246930318236956,24.0,1.5,0.9151862689102703,0.2884615384615404,0.007211538461538493
79.60000000000001,24.246930318236956,24.246527589966785,24.0,1.5,0.9152437306847845,0.2884615384615404,0.007211538461538493
79.7,24.246527589966785,24.246140402245366,24.0,1.5,0.9153053433880768,0.2884615384615404,0.007211538461538493
79.80000000000001,24.246140402245366,24.245768897096518,24.0,1.5,0.915371159720056,0.2884615384615404,0.007211538461538493
79.9,24.245768897096518,24.24541321474079,24.0,1.5,0.915441231958679,0.2884615384615404,0.007211538461538493
80.0,24.24541321474079,24.245095537254347,24.0,1.5,0.8806504172725109,0.1442307692307702,0.028846153846153973
80.10000000000001,24.245095537254347,24.244779366252025,24.0,1.5,0.8813116047617384,0.1442307692307702,0.028846153846153973
80.2,24.244779366252025,24.244464567646336,24.0,1.5,0.8819720975005921,0.1442307692307702,0.028846153846153973
80.30000000000001,24.244464567646336,24.244151000242283,24.0,1.5,0.8826318801083668,0.1442307692307702,0.028846153846153973
80.4,24.244151000242283,24.24383852119808,24.0,1.5,0.8832909357719426,0.1442307692307702,0.028846153846153973
80.5,24.24383852119808,24.243526986051894,24.0,1.5,0.8839492470286384,0.1442307692307702,0.028846153846153973
80.60000000000001,24.243526986051894,24.243216248748347,24.0,1.5,0.884606795765396,0.1442307692307702,0.028846153846153973
80.7,24.243216248748347,24.242906161664735,24.0,1.5,0.8852635632180047,0.1442307692307702,0.028846153846153973
80.80000000000001,24.242906161664735,24.242596575637005,24.0,1.5,0.8859195299703627,0.1442307692307702,0.028846153846153973
80.9,24.242596575637005,24.242287339985477,24.0,1.5,0.8865746759537777,0.1442307692307702,0.028846153846153973
81.0,24.242287339985477,24.241978302540314,24.0,1.5,0.8872289804463039,0.1442307692307702,0.028846153846153973
81.10000000000001,24.241978302540314,24.241669309666744,24.0,1.5,0.8878824220721179,0.1442307692307702,0.028846153846153973
81.2,24.241669309666744,24.241360206290032,24.0,1.5,0.88853497880093,0.1442307692307702,0.028846153846153973
81.30000000000001,24.241360206290032,24.241050835920202,24.0,1.5,0.8891866279474333,0.1442307692307702,0.028846153846153973
81.4,24.241050835920202,24.240741040676525,24.0,1.5,0.8898373461707852,0.1442307692307702,0.028846153846153973
81.5,24.240741040676525,24.240430661311766,24.0,1.5,0.8904871094741296,0.1442307692307702,0.028846153846153973
81.60000000000001,24.240430661311766,24.24011953723618,24.0,1.5,0.8911358932041502,0.1442307692307702,0.028846153846153973
81.7,24.24011953723618,24.239807506541275,24.0,1.5,0.8917836720506602,0.1442307692307702,0.028846153846153973
81.80000000000001,24.239807506541275,24.239494406023354,24.0,1.5,0.8924304200462259,0.1442307692307702,0.028846153846153973
81.9,24.239494406023354,24.239180071206796,24.0,1.5,0.8930761105658239,0.1442307692307702,0.028846153846153973
82.0,24.239180071206796,24.24025546343888,24.0,1.5,0.9966946364061896,0.5769230769230808,0.007211538461538493
82.10000000000001,24.24025546343888,24.241299110638952,24.0,1.5,0.9974883161531418,0.5769230769230808,0.007211538461538493
82.2,24.241299110638952,24.242311198856672,24.0,1.5,0.9982644340887394,0.5769230769230808,0.007211538461538493
82.30000000000001,24.242311198856672,24.243291913827473,24.0,1.5,0.9990230747904459,0.5769230769230808,0.007211538461538493
82.4,24.243291913827473,24.244241441031267,24.0,1.5,0.9997643227883798,0.5769230769230808,0.007211538461538493
82.5,24.244241441031267,24.24515996571965,24.0,1.5,1.0,0.5769230769230808,0.007211538461538493
82.60000000000001,24.24515996571965,24.24604767294299,24.0,1.5,1.0,0.5769230769230808,0.007211538461538493
82.7,24.24604767294299,24.246904747577396,24.0,1.5,1.0,0.5769230769230808,0.007211538461538493
82.80000000000001,24.246904747577396,24.24773137435162,24.0,1.5,1.0,0.5769230769230808,0.007211538461538493
82.9,24.24773137435162,24.248527737873815,24.0,1.5,1.0,0.5769230769230808,0.007211538461538493
83.0,24.248527737873815,24.249294022658205,24.0,1.5,1.0,0.5769230769230808,0.007211538461538493
83.10000000000001,24.249294022658205,24.25003041315165,24.0,1.5,1.0,0.5769230769230808,0.007211538461538493
83.2,24.25003041315165,24.25073709376008,24.0,1.5,1.0,0.5769230769230808,0.007211538461538493
83.30000000000001,24.25073709376008,24.251414248874855,24.0,1.5,1.0,0.5769230769230808,0.007211538461538493
83.4,24.251414248874855,24.25206206289898,24.0,1.5,1.0,0.5769230769230808,0.007211538461538493
83.5,24.25206206289898,24.252680720273215,24.0,1.5,1.0,0.5769230769230808,0.007211538461538493
83.60000000000001,24.252680720273215,24.2532704055021,24.0,1.5,1.0,0.5769230769230808,0.007211538461538493
83.7,24.2532704055021,24.253831303179833,24.0,1.5,1.0,0.5769230769230808,0.007211538461538493
83.80000000000001,24.253831303179833,24.25436359801605,24.0,1.5,1.0,0.5769230769230808,0.007211538461538493
83.9,24.25436359801605,24.25486747486148,24.0,1.5,1.0,0.5769230769230808,0.007211538461538493
84.0,24.25486747486148,24.251234442181442,24.0,1.5,0.9336582618139031,0.2884615384615404,0.028846153846153973
84.10000000000001,24.251234442181442,24.247587861373468,24.0,1.5,0.9333349863547998,0.2884615384615404,0.028846153846153973
84.2,24.247587861373468,24.24392850072833,24.0,1.5,0.9329972837987692,0.2884615384615404,0.028846153846153973
84.30000000000001,24.24392850072833,24.24025712133027,24.0,1.5,0.9326453389032343,0.2884615384615404,0.028846153846153973
84.4,24.24025712133027,24.236574477094845,24.0,1.5,0.9322793365422466,0.2884615384615404,0.028846153846153973
84.5,24.236574477094845,24.232900796564195,24.0,1.5,0.9318994616967244,0.2884615384615404,0.028846153846153973
84.60000000000001,24.232900796564195,24.229245438591633,24.0,1.5,0.9315115753798953,0.2884615384615404,0.028846153846153973
84.7,24.229245438591633,24.225608311793017,24.0,1.5,0.9311184301145167,0.2884615384615404,0.028846153846153973
84.80000000000001,24.225608311793017,24.22198932523999,24.0,1.5,0.9307200521297037,0.2884615384615404,0.028846153846153973
84.9,24.22198932523999,24.218388388457694,24.0,1.5,0.930316467523753,0.2884615384615404,0.028846153846153973
85.0,24.218388388457694,24.214805411422525,24.0,1.5,0.9299077022647959,0.2884615384615404,0.028846153846153973
85.10000000000001,24.214805411422525,24.211240304559873,24.0,1.5,0.9294937821914467,0.2884615384615404,0.028846153846153973
85.2,24.211240304559873,24.20769297874188,24.0,1.5,0.9290747330134506,0.2884615384615404,0.028846153846153973
85.30000000000001,24.20769297874188,24.20416334528521,24.0,1.5,0.9286505803123231,0.2884615384615404,0.028846153846153973
85.4,24.20416334528521,24.20065131594885,24.0,1.5,0.9282213495419913,0.2884615384615404,0.028846153846153973
85.5,24.20065131594885,24.19715680293188,24.0,1.5,0.9277870660294323,0.2884615384615404,0.028846153846153973
85.60000000000001,24.19715680293188,24.193679718871294,24.0,1.5,0.9273477549753019,0.2884615384615404,0.028846153846153973
85.7,24.193679718871294,24.19021997683981,24.0,1.5,0.9269034414545697,0.2884615384615404,0.028846153846153973
85.80000000000001,24.19021997683981,24.186777490343694,24.0,1.5,0.9264541504171409,0.2884615384615404,0.028846153846153973
85.9,24.186777490343694,24.183352173320607,24.0,1.5,0.9259999066884834,0.2884615384615404,0.028846153846153973
86.0,24.183352173320607,24.18259098653422,24.0,1.5,0.8990957099720838,0.1442307692307702,0.028846153846153973
86.10000000000001,24.18259098653422,24.181846494927395,24.0,1.5,0.8995126281852035,0.1442307692307702,0.028846153846153973
86.2,24.181846494927395,24.181119190876153,24.0,1.5,0.8999298067849714,0.1442307692307702,0.028846153846153973
86.30000000000001,24.181119190876153,24.180409556928915,24.0,1.5,0.9003473663666466,0.1442307692307702,0.028846153846153973
86.4,24.180409556928915,24.17971806585088,24.0,1.5,0.9007654275000129,0.1442307692307702,0.028846153846153973
86.5,24.17971806585088,24.179045180668556,24.0,1.5,0.9011841107075588,0.1442307692307702,0.028846153846153973
86.60000000000001,24.179045180668556,24.17839112824369,24.0,1.5,0.9016035364428058,0.1442307692307702,0.028846153846153973
86.7,24.17839112824369,24.17775602448043,24.0,1.5,0.9020237917514606,0.1442307692307702,0.028846153846153973
86.80000000000001,24.17775602448043,24.177139983658314,24.0,1.5,0.9024449480100689,0.1442307692307702,0.028846153846153973
86.9,24.177139983658314,24.176543118445572,24.0,1.5,0.9028670766905088,0.1442307692307702,0.028846153846153973
87.0,24.176543118445572,24.175965539912372,24.0,1.5,0.9032902493572641,0.1442307692307702,0.028846153846153973
87.10000000000001,24.175965539912372,24.175407357543953,24.0,1.5,0.9037145376647229,0.1442307692307702,0.028846153846153973
87.2,24.175407357543953,24.174868679253667,24.0,1.5,0.9041400133545007,0.1442307692307702,0.028846153846153973
87.30000000000001,24.174868679253667,24.17434961139594,24.0,1.5,0.9045667482527873,0.1442307692307702,0.028846153846153973
87.4,24.17434961139594,24.17385025877914,24.0,1.5,0.9049948142677187,0.1442307692307702,0.028846153846153973
87.5,24.17385025877914,24.17337072467835,24.0,1.5,0.9054242833867739,0.1442307692307702,0.028846153846153973
87.60000000000001,24.17337072467835,24.17291111084805,24.0,1.5,0.9058552276741936,0.1442307692307702,0.028846153846153973
87.7,24.17291111084805,24.17247151753473,24.0,1.5,0.9062877192684239,0.1442307692307702,0.028846153846153973
87.80000000000001,24.17247151753473,24.17205204348939,24.0,1.5,0.9067218303795836,0.1442307692307702,0.028846153846153973
87.9,24.17205204348939,24.171652785979965,24.0,1.5,0.9071576332869559,0.1442307692307702,0.028846153846153973
88.0,24.171652785979965,24.172329001703094,24.0,1.5,0.9073476242028752,0.1442307692307702,0.014423076923076986
88.10000000000001,24.172329001703094,24.172985209680128,24.0,1.5,0.907693706761552,0.1442307692307702,0.014423076923076986
88.2,24.172985209680128,24.17362149931065,24.0,1.5,0.9080378500414321,0.1442307692307702,0.014423076923076986
88.30000000000001,24.17362149931065,24.174237954736583,24.0,1.5,0.9083800382083015,0.1442307692307702,0.014423076923076986
88.4,24.174237954736583,24.174834654869443,24.0,1.5,0.908720254790989,0.1442307692307702,0.014423076923076986
88.5,24.174834654869443,24.1754116734183,24.0,1.5,0.9090584826777517,0.1442307692307702,0.014423076923076986
88.60000000000001,24.1754116734183,24.175969078918484,24.0,1.5,0.9093947041128054,0.1442307692307702,0.014423076923076986
88.7,24.175969078918484,24.17650693609037,24.0,1.5,0.909728900693003,0.1442307692307702,0.014423076923076986
88.80000000000001,24.17650693609037,24.177025306483593,24.0,1.5,0.9100610535583091,0.1442307692307702,0.014423076923076986
88.9,24.177025306483593,24.177524248489078,24.0,1.5,0.9103911434801446,0.1442307692307702,0.014423076923076986
89.0,24.177524248489078,24.178003817351087,24.0,1.5,0.9107191508585643,0.1442307692307702,0.014423076923076986
89.10000000000001,24.178003817351087,24.178464065179323,24.0,1.5,0.9110450557194565,0.1442307692307702,0.014423076923076986
89.2,24.178464065179323,24.178905040961094,24.0,1.5,0.9113688377117685,0.1442307692307702,0.014423076923076986
89.30000000000001,24.178905040961094,24.1793267905735,24.0,1.5,0.9116904761047563,0.1442307692307702,0.014423076923076986
89.4,24.1793267905735,24.17972935679569,24.0,1.5,0.9120099497852575,0.1442307692307702,0.014423076923076986
89.5,24.17972935679569,24.18011277932113,24.0,1.5,0.91232723725499,0.1442307692307702,0.014423076923076986
89.60000000000001,24.18011277932113,24.180477094769945,24.0,1.5,0.9126423166278725,0.1442307692307702,0.014423076923076986
89.7,24.180477094769945,24.180822336701276,24.0,1.5,0.9129551656273696,0.1442307692307702,0.014423076923076986
89.80000000000001,24.180822336701276,24.181148535625695,24.0,1.5,0.9132657615838615,0.1442307692307702,0.014423076923076986
89.9,24.181148535625695,24.181455719017645,24.0,1.5,0.9135740814320361,0.1442307692307702,0.014423076923076986
90.0,24.181455719017645,24.181753789656863,24.0,1.5,0.9141418166876567,0.1442307692307702,0.028846153846153973
90.10000000000001,24.181753789656863,24.182036564910867,24.0,1.5,0.9147090974230926,0.1442307692307702,0.028846153846153973
90.2,24.182036564910867,24.182304198443255,24.0,1.5,0.9152749877912013,0.1442307692307702,0.028846153846153973
90.30000000000001,24.182304198443255,24.18255684378301,24.0,1.5,0.915839466276959,0.1442307692307702,0.028846153846153973
90.4,24.18255684378301,24.182794654350598,24.0,1.5,0.916402511788798,0.1442307692307702,0.028846153846153973
90.5,24.182794654350598,24.18301778348405,24.0,1.5,0.9169641036620574,0.1442307692307702,0.028846153846153973
90.60000000000001,24.18301778348405,24.18322638446508,24.0,1.5,0.9175242216625094,0.1442307692307702,0.028846153846153973
90.7,24.18322638446508,24.183420610545195,24.0,1.5,0.9180828459899609,0.1442307692307702,0.028846153846153973
90.80000000000001,24.183420610545195,24.18360061496408,24.0,1.5,0.9186399572819348,0.1442307692307702,0.028846153846153973
90.9,24.18360061496408,24.183766550964354,24.0,1.5,0.9191955366162861,0.1442307692307702,0.028846153846153973
91.0,24.183766550964354,24.183918571806373,24.0,1.5,0.9197495655133378,0.1442307692307702,0.028846153846153973
91.10000000000001,24.183918571806373,24.18405683078308,24.0,1.5,0.9203020259380704,0.1442307692307702,0.028846153846153973
91.2,24.18405683078308,24.184181481234877,24.0,1.5,0.9208529003023546,0.1442307692307702,0.028846153846153973
91.30000000000001,24.184181481234877,24.18429267656453,24.0,1.5,0.9214021714672334,0.1442307692307702,0.028846153846153973
91.4,24.18429267656453,24.184390570252134,24.0,1.5,0.9219498227452544,0.1442307692307702,0.028846153846153973
91.5,24.184390570252134,24.184475315870074,24.0,1.5,0.9224958379028474,0.1442307692307702,0.028846153846153973
91.60000000000001,24.184475315870074,24.18454706709806,24.0,1.5,0.9230402011627525,0.1442307692307702,0.028846153846153973
91.7,24.18454706709806,24.184605977738144,24.0,1.5,0.9235828972064947,0.1442307692307702,0.028846153846153973
91.80000000000001,24.184605977738144,24.18465220172982,24.0,1.5,0.9241239111769055,0.1442307692307702,0.028846153846153973
91.9,24.18465220172982,24.18468589316511,24.0,1.5,0.9246632286806946,0.1442307692307702,0.028846153846153973
92.0,24.18468589316511,24.184696763832463,24.0,1.5,0.9249344619066959,0.1442307692307702,0.014423076923076986
92.10000000000001,24.184696763832463,24.184684945686364,24.0,1.5,0.9252024193546302,0.1442307692307702,0.014423076923076986
92.2,24.184684945686364,24.18465060736363,24.0,1.5,0.9254670873321444,0.1442307692307702,0.014423076923076986
92.30000000000001,24.18465060736363,24.18459391751845,24.0,1.5,0.9257284576808321,0.1442307692307702,0.014423076923076986
92.4,24.18459391751845,24.184515044805405,24.0,1.5,0.9259865224880443,0.1442307692307702,0.014423076923076986
92.5,24.184515044805405,24.184414157862435,24.0,1.5,0.92624127408444,0.1442307692307702,0.014423076923076986
92.60000000000001,24.184414157862435,24.184291425293736,24.0,1.5,0.9264927050415054,0.1442307692307702,0.014423076923076986
92.7,24.184291425293736,24.184147015652623,24.0,1.5,0.9267408081690398,0.1442307692307702,0.014423076923076986
92.80000000000001,24.184147015652623,24.183981097424315,24.0,1.5,0.9269855765126092,0.1442307692307702,0.014423076923076986
92.9,24.183981097424315,24.183793839008704,24.0,1.5,0.9272270033509651,0.1442307692307702,0.014423076923076986
93.0,24.183793839008704,24.18358540870312,24.0,1.5,0.9274650821934377,0.1442307692307702,0.014423076923076986
93.10000000000001,24.18358540870312,24.183355974685114,24.0,1.5,0.9276998067773004,0.1442307692307702,0.014423076923076986
93.2,24.183355974685114,24.183105704995214,24.0,1.5,0.9279311710651145,0.1442307692307702,0.014423076923076986
93.30000000000001,24.183105704995214,24.18283476751969,24.0,1.5,0.928159169242045,0.1442307692307702,0.014423076923076986
93.4,24.18283476751969,24.18254332997331,24.0,1.5,0.9283837957131518,0.1442307692307702,0.014423076923076986
93.5,24.18254332997331,24.18223155988208,24.0,1.5,0.9286050451006546,0.1442307692307702,0.014423076923076986
93.60000000000001,24.18223155988208,24.181899624565983,24.0,1.5,0.9288229122411724,0.1442307692307702,0.014423076923076986
93.7,24.181899624565983,24.181547691121697,24.0,1.5,0.9290373921829362,0.1442307692307702,0.014423076923076986
93.80000000000001,24.181547691121697,24.181175926405313,24.0,1.5,0.9292484801829745,0.1442307692307702,0.014423076923076986
93.9,24.181175926405313,24.18078449701501,24.0,1.5,0.9294561717042729,0.1442307692307702,0.014423076923076986
94.0,24.18078449701501,24.180384197636073,24.0,1.5,0.9299212092835997,0.1442307692307702,0.028846153846153973
94.10000000000001,24.180384197636073,24.17997520321184,24.0,1.5,0.9303838128278952,0.1442307692307702,0.028846153846153973
94.2,24.17997520321184,24.17955768835945,24.0,1.5,0.9308439824875111,0.1442307692307702,0.028846153846153973
94.30000000000001,24.17955768835945,24.179131827150652,24.0,1.5,0.9313017188694531,0.1442307692307702,0.028846153846153973
94.4,24.179131827150652,24.178697793104728,24.0,1.5,0.9317570230041959,0.1442307692307702,0.028846153846153973
94.5,24.178697793104728,24.17825575918154,24.0,1.5,0.9322098963430667,0.1442307692307702,0.028846153846153973
94.60000000000001,24.17825575918154,24.1778058977747,24.0,1.5,0.9326603407556304,0.1442307692307702,0.028846153846153973
94.7,24.1778058977747,24.1773483807049,24.0,1.5,0.9331083585270711,0.1442307692307702,0.028846153846153973
94.80000000000001,24.1773483807049,24.17688337921335,24.0,1.5,0.9335539523555754,0.1442307692307702,0.028846153846153973
94.9,24.17688337921335,24.17641106395538,24.0,1.5,0.9339971253497175,0.1442307692307702,0.028846153846153973
95.0,24.17641106395538,24.175931604994144,24.0,1.5,0.9344378810258432,0.1442307692307702,0.028846153846153973
95.10000000000001,24.175931604994144,24.175445171794482,24.0,1.5,0.9348762233054555,0.1442307692307702,0.028846153846153973
95.2,24.175445171794482,24.174951933216928,24.0,1.5,0.9353121565126039,0.1442307692307702,0.028846153846153973
95.30000000000001,24.174951933216928,24.174452057511832,24.0,1.5,0.9357456853712746,0.1442307692307702,0.028846153846153973
95.4,24.174452057511832,24.17394571231363,24.0,1.5,0.9361768150027854,0.1442307692307702,0.028846153846153973
95.5,24.17394571231363,24.173433064635244,24.0,1.5,0.9366055509231798,0.1442307692307702,0.028846153846153973
95.60000000000001,24.173433064635244,24.172914280862653,24.0,1.5,0.9370318990406299,0.1442307692307702,0.028846153846153973
95.7,24.172914280862653,24.17238952674954,24.0,1.5,0.9374558656528408,0.1442307692307702,0.028846153846153973
95.80000000000001,24.17238952674954,24.17185896741215,24.0,1.5,0.9378774574444578,0.1442307692307702,0.028846153846153973
95.9,24.17185896741215,24.17132276732422,24.0,1.5,0.9382966814844844,0.1442307692307702,0.028846153846153973
96.0,24.17132276732422,24.17077068646856,24.0,1.5,0.9384664450785201,0.1442307692307702,0.014423076923076986
96.10000000000001,24.17077068646856,24.170202901169237,24.0,1.5,0.938633121906745,0.1442307692307702,0.014423076923076986
96.2,24.170202901169237,24.16961958686489,24.0,1.5,0.9387967147498749,0.1442307692307702,0.014423076923076986
96.30000000000001,24.16961958686489,24.169020918094937,24.0,1.5,0.938957226513957,0.1442307692307702,0.014423076923076986
96.4,24.169020918094937,24.168407068487166,24.0,1.5,0.9391146602270815,0.1442307692307702,0.014423076923076986
96.5,24.168407068487166,24.16777821074548,24.0,1.5,0.9392690190362787,0.1442307692307702,0.014423076923076986
96.60000000000001,24.16777821074548,24.167134516637827,24.0,1.5,0.9394203062044186,0.1442307692307702,0.014423076923076986
96.7,24.167134516637827,24.16647615698427,24.0,1.5,0.9395685251071191,0.1442307692307702,0.014423076923076986
96.80000000000001,24.16647615698427,24.165803301645255,24.0,1.5,0.9397136792296604,0.1442307692307702,0.014423076923076986
96.9,24.165803301645255,24.165116119510007,24.0,1.5,0.9398557721639061,0.1442307692307702,0.014423076923076986
97.0,24.165116119510007,24.16441477848511,24.0,1.5,0.9399948076052309,0.1442307692307702,0.014423076923076986
97.10000000000001,24.16441477848511,24.163699445483246,24.0,1.5,0.940130789349455,0.1442307692307702,0.014423076923076986
97.2,24.163699445483246,24.162970286412083,24.0,1.5,0.9402637212897871,0.1442307692307702,0.014423076923076986
97.30000000000001,24.162970286412083,24.162227466163333,24.0,1.5,0.9403936074137714,0.1442307692307702,0.014423076923076986
97.4,24.162227466163333,24.16147114860197,24.0,1.5,0.940520451800245,0.1442307692307702,0.014423076923076986
97.5,24.16147114860197,24.16070149655559,24.0,1.5,0.940644258616301,0.1442307692307702,0.014423076923076986
97.60000000000001,24.16070149655559,24.15991867180395,24.0,1.5,0.9407650321142591,0.1442307692307702,0.014423076923076986
97.7,24.15991867180395,24.159122835068647,24.0,1.5,0.9408827766286438,0.1442307692307702,0.014423076923076986
97.80000000000001,24.159122835068647,24.158314146002958,24.0,1.5,0.9409974965731702,0.1442307692307702,0.014423076923076986
97.9,24.158314146002958,24.157492763181832,24.0,1.5,0.9411091964377386,0.1442307692307702,0.014423076923076986
98.0,24.157492763181832,24.156668703428956,24.0,1.5,0.9414450338092545,0.1442307692307702,0.028846153846153973
98.10000000000001,24.156668703428956,24.155842103258053,24.0,1.5,0.941778107989404,0.1442307692307702,0.028846153846153973
98.2,24.155842103258053,24.155013098391027,24.0,1.5,0.9421084313395373,0.1442307692307702,0.028846153846153973
98.30000000000001,24.155013098391027,24.15418182375692,24.0,1.5,0.9424360164983059,0.1442307692307702,0.028846153846153973
98.4,24.15418182375692,24.15334841349099,24.0,1.5,0.9427608763792241,0.1442307692307702,0.028846153846153973
98.5,24.15334841349099,24.15251300093392,24.0,1.5,0.9430830241682462,0.1442307692307702,0.028846153846153973
98.60000000000001,24.15251300093392,24.151675718631168,24.0,1.5,0.9434024733213628,0.1442307692307702,0.028846153846153973
98.7,24.151675718631168,24.150836698332434,24.0,1.5,0.9437192375622099,0.1442307692307702,0.028846153846153973
98.80000000000001,24.150836698332434,24.149996070991243,24.0,1.5,0.9440333308796975,0.1442307692307702,0.028846153846153973
98.9,24.149996070991243,24.14915396676468,24.0,1.5,0.9443447675256544,0.1442307692307702,0.028846153846153973
99.0,24.14915396676468,24.148310515013215,24.0,1.5,0.9446535620124904,0.1442307692307702,0.028846153846153973
99.10000000000001,24.148310515013215,24.147465844300683,24.0,1.5,0.944959729110875,0.1442307692307702,0.028846153846153973
99.2,24.147465844300683,24.146620082394357,24.0,1.5,0.9452632838474349,0.1442307692307702,0.028846153846153973
99.30000000000001,24.146620082394357,24.14577335626517,24.0,1.5,0.9455642415024677,0.1442307692307702,0.028846153846153973
99.4,24.14577335626517,24.144925792088035,24.0,1.5,0.945862617607677,0.1442307692307702,0.028846153846153973
99.5,24.144925792088035,24.1440775152423,24.0,1.5,0.9461584279439209,0.1442307692307702,0.028846153846153973
99.60000000000001,24.1440775152423,24.143228650312313,24.0,1.5,0.9464516885389852,0.1442307692307702,0.028846153846153973
99.7,24.143228650312313,24.1423793210881,24.0,1.5,0.9467424156653687,0.1442307692307702,0.028846153846153973
99.80000000000001,24.1423793210881,24.141529650566184,24.0,1.5,0.947030625838092,0.1442307692307702,0.028846153846153973
99.9,24.141529650566184,24.140679760950487,24.0,1.5,0.9473163358125258,0.1442307692307702,0.028846153846153973
100.0,24.140679760950487,24.139820710209904,24.0,1.5,0.9473966590808635,0.1442307692307702,0.014423076923076986
100.10000000000001,24.139820710209904,24.138952654287532,24.0,1.5,0.9474744220176206,0.1442307692307702,0.014423076923076986
100.2,24.138952654287532,24.13807574785548,24.0,1.5,0.9475496341263472,0.1442307692307702,0.014423076923076986
100.30000000000001,24.13807574785548,24.137190144310143,24.0,1.5,0.9476223049503621,0.1442307692307702,0.014423076923076986
100.4,24.137190144310143,24.13629599576759,24.0,1.5,0.9476924440702318,0.1442307692307702,0.014423076923076986
100.5,24.13629599576759,24.13539345305909,24.0,1.5,0.9477600611012591,0.1442307692307702,0.014423076923076986
100.60000000000001,24.13539345305909,24.134482665726743,24.0,1.5,0.947825165690984,0.1442307692307702,0.014423076923076986
100.7,24.134482665726743,24.13356378201923,24.0,1.5,0.9478877675166936,0.1442307692307702,0.014423076923076986
100.80000000000001,24.13356378201923,24.132636948887676,24.0,1.5,0.9479478762829453,0.1442307692307702,0.014423076923076986
100.9,24.132636948887676,24.131702311981634,24.0,1.5,0.9480055017190976,0.1442307692307702,0.014423076923076986
101.0,24.131702311981634,24.130760015645183,24.0,1.5,0.9480606535768535,0.1442307692307702,0.014423076923076986
101.10000000000001,24.130760015645183,24.129810202913127,24.0,1.5,0.9481133416278152,0.1442307692307702,0.014423076923076986
101.2,24.129810202913127,24.128853015507318,24.0,1.5,0.9481635756610473,0.1442307692307702,0.014423076923076986
101.30000000000001,24.128853015507318,24.127888593833077,24.0,1.5,0.9482113654806525,0.1442307692307702,0.014423076923076986
101.4,24.127888593833077,24.12691707697574,24.0,1.5,0.9482567209033579,0.1442307692307702,0.014423076923076986
101.5,24.12691707697574,24.12593860269729,24.0,1.5,0.9482996517561109,0.1442307692307702,0.014423076923076986
101.60000000000001,24.12593860269729,24.124953307433103,24.0,1.5,0.9483401678736861,0.1442307692307702,0.014423076923076986
101.7,24.124953307433103,24.12396132628881,24.0,1.5,0.9483782790963032,0.1442307692307702,0.014423076923076986
101.80000000000001,24.12396132628881,24.12296279303725,24.0,1.5,0.9484139952672546,0.1442307692307702,0.014423076923076986
101.9,24.12296279303725,24.121957840115517,24.0,1.5,0.9484473262305446,0.1442307692307702,0.014423076923076986
102.0,24.121957840115517,24.120954694505617,24.0,1.5,0.9486541825594741,0.1442307692307702,0.028846153846153973
102.10000000000001,24.120954694505617,24.119953449351197,24.0,1.5,0.9488584058691201,0.1442307692307702,0.028846153846153973
102.2,24.119953449351197,24.11895419695216,24.0,1.5,0.9490600150757456,0.1442307692307702,0.028846153846153973
102.30000000000001,24.11895419695216,24.11795702876728,24.0,1.5,0.9492590292401695,0.1442307692307702,0.028846153846153973
102.4,24.11795702876728,24.11696203541691,24.0,1.5,0.9494554675657173,0.1442307692307702,0.028846153846153973
102.5,24.11696203541691,24.115969306685788,24.0,1.5,0.9496493493961938,0.1442307692307702,0.028846153846153973
102.60000000000001,24.115969306685788,24.1149789315259,24.0,1.5,0.9498406942138754,0.1442307692307702,0.028846153846153973
102.7,24.1149789315259,24.113990998059464,24.0,1.5,0.9500295216375242,0.1442307692307702,0.028846153846153973
102.80000000000001,24.113990998059464,24.113005593581967,24.0,1.5,0.9502158514204212,0.1442307692307702,0.028846153846153973
102.9,24.113005593581967,24.11202280456531,24.0,1.5,0.9503997034484225,0.1442307692307702,0.028846153846153973
103.0,24.11202280456531,24.111042716661018,24.0,1.5,0.9505810977380353,0.1442307692307702,0.028846153846153973
103.10000000000001,24.111042716661018,24.110065414703538,24.0,1.5,0.9507600544345154,0.1442307692307702,0.028846153846153973
103.2,24.110065414703538,24.109090982713617,24.0,1.5,0.9509365938099852,0.1442307692307702,0.028846153846153973
103.30000000000001,24.109090982713617,24.108119503901765,24.0,1.5,0.9511107362615744,0.1442307692307702,0.028846153846153973
103.4,24.108119503901765,24.107151060671786,24.0,1.5,0.9512825023095816,0.1442307692307702,0.028846153846153973
103.5,24.107151060671786,24.106185734624397,24.0,1.5,0.9514519125956571,0.1442307692307702,0.028846153846153973
103.60000000000001,24.106185734624397,24.10522360656092,24.0,1.5,0.9516189878810078,0.1442307692307702,0.028846153846153973
103.7,24.10522360656092,24.10426475648705,24.0,1.5,0.9517837490446244,0.1442307692307702,0.028846153846153973
103.80000000000001,24.10426475648705,24.103309263616712,24.0,1.5,0.951946217081529,0.1442307692307702,0.028846153846153973
103.9,24.103309263616712,24.10235720637596,24.0,1.5,0.9521064131010475,0.1442307692307702,0.028846153846153973
104.0,24.10235720637596,24.101401643938548,24.0,1.5,0.9521167277389813,0.1442307692307702,0.014423076923076986
104.10000000000001,24.101401643938548,24.100442698844628,24.0,1.5,0.9521251586046506,0.1442307692307702,0.014423076923076986
104.2,24.100442698844628,24.099480492268412,24.0,1.5,0.9521317184932842,0.1442307692307702,0.014423076923076986
104.30000000000001,24.099480492268412,24.098515144019228,24.0,1.5,0.952136420177871,0.1442307692307702,0.014423076923076986
104.4,24.098515144019228,24.097546772542636,24.0,1.5,0.9521392764073433,0.1442307692307702,0.014423076923076986
104.5,24.097546772542636,24.09657549492162,24.0,1.5,0.9521402999047713,0.1442307692307702,0.014423076923076986
104.60000000000001,24.09657549492162,24.095601426877874,24.0,1.5,0.9521395033655695,0.1442307692307702,0.014423076923076986
104.7,24.095601426877874,24.094624682773127,24.0,1.5,0.9521368994557184,0.1442307692307702,0.014423076923076986
104.80000000000001,24.094624682773127,24.093645375610574,24.0,1.5,0.952132500809995,0.1442307692307702,0.014423076923076986
104.9,24.093645375610574,24.09266361703635,24.0,1.5,0.952126320030219,0.1442307692307702,0.014423076923076986
105.0,24.09266361703635,24.091679517341092,24.0,1.5,0.9521183696835085,0.1442307692307702,0.014423076923076986
105.10000000000001,24.091679517341092,24.09069318546156,24.0,1.5,0.9521086623005497,0.1442307692307702,0.014423076923076986
105.2,24.09069318546156,24.089704728982333,24.0,1.5,0.9520972103738791,0.1442307692307702,0.014423076923076986
105.30000000000001,24.089704728982333,24.08871425413756,24.0,1.5,0.9520840263561766,0.1442307692307702,0.014423076923076986
105.4,24.08871425413756,24.087721865812775,24.0,1.5,0.9520691226585712,0.1442307692307702,0.014423076923076986
105.5,24.087721865812775,24.086727667546796,24.0,1.5,0.9520525116489571,0.1442307692307702,0.014423076923076986
105.60000000000001,24.086727667546796,24.08573176153366,24.0,1.5,0.9520342056503259,0.1442307692307702,0.014423076923076986
105.7,24.08573176153366,24.084734248624628,24.0,1.5,0.9520142169391045,0.1442307692307702,0.014423076923076986
105.80000000000001,24.084734248624628,24.08373522833027,24.0,1.5,0.9519925577435107,0.1442307692307702,0.014423076923076986
105.9,24.08373522833027,24.08273479882257,24.0,1.5,0.9519692402419161,0.1442307692307702,0.014423076923076986
106.0,24.08273479882257,24.08173894742209,24.0,1.5,0.9520636055979863,0.1442307692307702,0.028846153846153973
106.10000000000001,24.08173894742209,24.080747726458245,24.0,1.5,0.9521557586097112,0.1442307692307702,0.028846153846153973
106.2,24.080747726458245,24.079761187488934,24.0,1.5,0.9522457201816326,0.1442307692307702,0.028846153846153973
106.30000000000001,24.079761187488934,24.078779381305264,24.0,1.5,0.9523335112557385,0.1442307692307702,0.028846153846153973
106.4,24.078779381305264,24.07780235793633,24.0,1.5,0.9524191528099357,0.1442307692307702,0.028846153846153973
106.5,24.07780235793633,24.076830166654062,24.0,1.5,0.9525026658565406,0.1442307692307702,0.028846153846153973
106.60000000000001,24.076830166654062,24.075862855978087,24.0,1.5,0.9525840714407925,0.1442307692307702,0.028846153846153973
106.7,24.075862855978087,24.074900473680675,24.0,1.5,0.9526633906393867,0.1442307692307702,0.028846153846153973
106.80000000000001,24.074900473680675,24.073943066791692,24.0,1.5,0.9527406445590311,0.1442307692307702,0.028846153846153973
106.9,24.073943066791692,24.07299068160363,24.0,1.5,0.9528158543350193,0.1442307692307702,0.028846153846153973
107.0,24.07299068160363,24.07204336367667,24.0,1.5,0.9528890411298286,0.1442307692307702,0.028846153846153973
107.10000000000001,24.07204336367667,24.071101157843774,24.0,1.5,0.952960226131738,0.1442307692307702,0.028846153846153973
107.2,24.071101157843774,24.070164108215856,24.0,1.5,0.9530294305534659,0.1442307692307702,0.028846153846153973
107.30000000000001,24.070164108215856,24.069232258186954,24.0,1.5,0.9530966756308311,0.1442307692307702,0.028846153846153973
107.4,24.069232258186954,24.068305650439477,24.0,1.5,0.9531619826214326,0.1442307692307702,0.028846153846153973
107.5,24.068305650439477,24.06738432694947,24.0,1.5,0.9532253728033527,0.1442307692307702,0.028846153846153973
107.60000000000001,24.06738432694947,24.06646832899193,24.0,1.5,0.9532868674738788,0.1442307692307702,0.028846153846153973
107.7,24.06646832899193,24.065557697146172,24.0,1.5,0.953346487948249,0.1442307692307702,0.028846153846153973
107.80000000000001,24.065557697146172,24.064652471301198,24.0,1.5,0.953404255558417,0.1442307692307702,0.028846153846153973
107.9,24.064652471301198,24.063752690661158,24.0,1.5,0.9534601916518377,0.1442307692307702,0.028846153846153973
108.0,24.063752690661158,24.062853632502367,24.0,1.5,0.9534223665941316,0.1442307692307702,0.014423076923076986
108.10000000000001,24.062853632502367,24.061955381494343,24.0,1.5,0.9533833490219538,0.1442307692307702,0.014423076923076986
108.2,24.061955381494343,24.061058021050215,24.0,1.5,0.9533431523114132,0.1442307692307702,0.014423076923076986
108.30000000000001,24.061058021050215,24.060161633331504,24.0,1.5,0.9533017897777172,0.1442307692307702,0.014423076923076986
108.4,24.060161633331504,24.059266299252922,24.0,1.5,0.9532592746740542,0.1442307692307702,0.014423076923076986
108.5,24.059266299252922,24.058372098487226,24.0,1.5,0.953215620190489,0.1442307692307702,0.014423076923076986
108.60000000000001,24.058372098487226,24.057479109470094,24.0,1.5,0.9531708394528702,0.1442307692307702,0.014423076923076986
108.7,24.057479109470094,24.05658740940504,24.0,1.5,0.9531249455217504,0.1442307692307702,0.014423076923076986
108.80000000000001,24.05658740940504,24.05569707426836,24.0,1.5,0.9530779513913171,0.1442307692307702,0.014423076923076986
108.9,24.05569707426836,24.054808178814117,24.0,1.5,0.9530298699883368,0.1442307692307702,0.014423076923076986
109.0,24.054808178814117,24.053920796579153,24.0,1.5,0.9529807141711107,0.1442307692307702,0.014423076923076986
109.10000000000001,24.053920796579153,24.053034999888123,24.0,1.5,0.9529304967284417,0.1442307692307702,0.014423076923076986
109.2,24.053034999888123,24.052150859858575,24.0,1.5,0.9528792303786124,0.1442307692307702,0.014423076923076986
109.30000000000001,24.052150859858575,24.05126844640604,24.0,1.5,0.9528269277683774,0.1442307692307702,0.014423076923076986
109.4,24.05126844640604,24.050387828249168,24.0,1.5,0.9527736014719631,0.1442307692307702,0.014423076923076986
109.5,24.050387828249168,24.049509072914862,24.0,1.5,0.952719263990081,0.1442307692307702,0.014423076923076986
109.60000000000001,24.049509072914862,24.04863224674348,24.0,1.5,0.9526639277489526,0.1442307692307702,0.014423076923076986
109.7,24.04863224674348,24.047757414894022,24.0,1.5,0.9526076050993448,0.1442307692307702,0.014423076923076986
109.80000000000001,24.047757414894022,24.046884641349354,24.0,1.5,0.9525503083156163,0.1442307692307702,0.014423076923076986
109.9,24.046884641349354,24.046013988921462,24.0,1.5,0.9524920495947738,0.1442307692307702,0.014423076923076986
110.0,24.046013988921462,24.04514918811677,24.0,1.5,0.9524992073857167,0.1442307692307702,0.028846153846153973
110.10000000000001,24.04514918811677,24.04429025733171,24.0,1.5,0.9525047145430692,0.1442307692307702,0.028846153846153973
110.2,24.04429025733171,24.043437214337253,24.0,1.5,0.9525085906529115,0.1442307692307702,0.028846153846153973
110.30000000000001,24.043437214337253,24.04259007628446,24.0,1.5,0.9525108552623762,0.1442307692307702,0.028846153846153973
110.4,24.04259007628446,24.041748859710044,24.0,1.5,0.9525115278786591,0.1442307692307702,0.028846153846153973
110.5,24.041748859710044,24.040913580541957,24.0,1.5,0.9525106279680513,0.1442307692307702,0.028846153846153973
110.60000000000001,24.040913580541957,24.040084254104986,24.0,1.5,0.9525081749549869,0.1442307692307702,0.028846153846153973
110.7,24.040084254104986,24.039260895126368,24.0,1.5,0.9525041882211112,0.1442307692307702,0.028846153846153973
110.80000000000001,24.039260895126368,24.038443517741413,24.0,1.5,0.9524986871043672,0.1442307692307702,0.028846153846153973
110.9,24.038443517741413,24.03763213549916,24.0,1.5,0.952491690898099,0.1442307692307702,0.028846153846153973
111.0,24.03763213549916,24.036826761368008,24.0,1.5,0.9524832188501753,0.1442307692307702,0.028846153846153973
111.10000000000001,24.036826761368008,24.036027407741415,24.0,1.5,0.9524732901621286,0.1442307692307702,0.028846153846153973
111.2,24.036027407741415,24.03523408644356,24.0,1.5,0.9524619239883162,0.1442307692307702,0.028846153846153973
111.30000000000001,24.03523408644356,24.034446808735037,24.0,1.5,0.9524491394350973,0.1442307692307702,0.028846153846153973
111.4,24.034446808735037,24.033665585318573,24.0,1.5,0.952434955560027,0.1442307692307702,0.028846153846153973
111.5,24.033665585318573,24.032890426344725,24.0,1.5,0.9524193913710713,0.1442307692307702,0.028846153846153973
111.60000000000001,24.032890426344725,24.03212134141762,24.0,1.5,0.9524024658258375,0.1442307692307702,0.028846153846153973
111.7,24.03212134141762,24.03135833960069,24.0,1.5,0.9523841978308254,0.1442307692307702,0.028846153846153973
111.80000000000001,24.03135833960069,24.030601429422404,24.0,1.5,0.952364606240693,0.1442307692307702,0.028846153846153973
111.9,24.030601429422404,24.02985061888204,24.0,1.5,0.9523437098575434,0.1442307692307702,0.028846153846153973
112.0,24.02985061888204,24.029103267427818,24.0,1.5,0.9522784736529938,0.1442307692307702,0.014423076923076986
112.10000000000001,24.029103267427818,24.02835942366803,24.0,1.5,0.952212658444348,0.1442307692307702,0.014423076923076986
112.2,24.02835942366803,24.02761913518704,24.0,1.5,0.9521462763015919,0.1442307692307702,0.014423076923076986
112.30000000000001,24.02761913518704,24.026882448551962,24.0,1.5,0.9520793392156616,0.1442307692307702,0.014423076923076986
112.4,24.026882448551962,24.026149409319302,24.0,1.5,0.9520118590979366,0.1442307692307702,0.014423076923076986
112.5,24.026149409319302,24.02542006204165,24.0,1.5,0.9519438477797442,0.1442307692307702,0.014423076923076986
112.60000000000001,24.02542006204165,24.024694450274353,24.0,1.5,0.9518753170118738,0.1442307692307702,0.014423076923076986
112.7,24.024694450274353,24.02397261658219,24.0,1.5,0.9518062784641015,0.1442307692307702,0.014423076923076986
112.80000000000001,24.02397261658219,24.023254602546054,24.0,1.5,0.9517367437247252,0.1442307692307702,0.014423076923076986
112.9,24.023254602546054,24.02254044876966,24.0,1.5,0.9516667243001087,0.1442307692307702,0.014423076923076986
113.0,24.02254044876966,24.02183019488621,24.0,1.5,0.951596231614239,0.1442307692307702,0.014423076923076986
113.10000000000001,24.02183019488621,24.021123879565085,24.0,1.5,0.9515252770082887,0.1442307692307702,0.014423076923076986
113.2,24.021123879565085,24.020421540518548,24.0,1.5,0.9514538717401915,0.1442307692307702,0.014423076923076986
113.30000000000001,24.020421540518548,24.01972321450842,24.0,1.5,0.9513820269842274,0.1442307692307702,0.014423076923076986
113.4,24.01972321450842,24.019028937352775,24.0,1.5,0.9513097538306153,0.1442307692307702,0.014423076923076986
113.5,24.019028937352775,24.01833874393262,24.0,1.5,0.9512370632851176,0.1442307692307702,0.014423076923076986
113.60000000000001,24.01833874393262,24.017652668198583,24.0,1.5,0.951163966268652,0.1442307692307702,0.014423076923076986
113.7,24.017652668198583,24.016970743177584,24.0,1.5,0.9510904736169137,0.1442307692307702,0.014423076923076986
113.80000000000001,24.016970743177584,24.016293000979527,24.0,1.5,0.9510165960800065,0.1442307692307702,0.014423076923076986
113.9,24.016293000979527,24.015619472803948,24.0,1.5,0.9509423443220841,0.1442307692307702,0.014423076923076986
114.0,24.015619472803948,24.01495190679958,24.0,1.5,0.9508902570067717,0.1442307692307702,0.028846153846153973
114.10000000000001,24.01495190679958,24.014290296332334,24.0,1.5,0.9508371039488329,0.1442307692307702,0.028846153846153973
114.2,24.014290296332334,24.0136346343196,24.0,1.5,0.9507829013708616,0.1442307692307702,0.028846153846153973
114.30000000000001,24.0136346343196,24.01298491323567,24.0,1.5,0.9507276654103317,0.1442307692307702,0.028846153846153973
114.4,24.01298491323567,24.012341125117096,24.0,1.5,0.9506714121190982,0.1442307692307702,0.028846153846153973
114.5,24.012341125117096,24.011703261568076,24.0,1.5,0.9506141574629111,0.1442307692307702,0.028846153846153973
114.60000000000001,24.011703261568076,24.011071313765825,24.0,1.5,0.9505559173209411,0.1442307692307702,0.028846153846153973
114.7,24.011071313765825,24.010445272465933,24.0,1.5,0.9504967074853256,0.1442307692307702,0.028846153846153973
114.80000000000001,24.010445272465933,24.009825128007726,24.0,1.5,0.9504365436607237,0.1442307692307702,0.028846153846153973
114.9,24.009825128007726,24.009210870319606,24.0,1.5,0.9503754414638892,0.1442307692307702,0.028846153846153973
115.0,24.009210870319606,24.00860248892439,24.0,1.5,0.9503134164232554,0.1442307692307702,0.028846153846153973
115.10000000000001,24.00860248892439,24.007999972944624,24.0,1.5,0.9502504839785348,0.1442307692307702,0.028846153846153973
115.2,24.007999972944624,24.00740331110793,24.0,1.5,0.9501866594803321,0.1442307692307702,0.028846153846153973
115.30000000000001,24.00740331110793,24.00681249175228,24.0,1.5,0.950121958189774,0.1442307692307702,0.028846153846153973
115.4,24.00681249175228,24.006227502831326,24.0,1.5,0.9500563952781488,0.1442307692307702,0.028846153846153973
115.5,24.006227502831326,24.005648331919648,24.0,1.5,0.9499899858265628,0.1442307692307702,0.028846153846153973
115.60000000000001,24.005648331919648,24.005074966218068,24.0,1.5,0.9499227448256082,0.1442307692307702,0.028846153846153973
115.7,24.005074966218068,24.004507392558892,24.0,1.5,0.9498546871750478,0.1442307692307702,0.028846153846153973
115.80000000000001,24.004507392558892,24.003945597411175,24.0,1.5,0.9497858276835097,0.1442307692307702,0.028846153846153973
115.9,24.003945597411175,24.003389566885946,24.0,1.5,0.949716181068198,0.1442307692307702,0.028846153846153973
116.0,24.003389566885946,24.002838387867083,24.0,1.5,0.9496408731562218,0.1442307692307702,0.014423076923076986
116.10000000000001,24.002838387867083,24.002292078680902,24.0,1.5,0.9495654700110017,0.1442307692307702,0.014423076923076986
116.2,24.002292078680902,24.00175065691504,24.0,1.5,0.9494899812995538,0.1442307692307702,0.014423076923076986
116.30000000000001,24.00175065691504,24.001214139425517,24.0,1.5,0.9494144166077202,0.1442307692307702,0.014423076923076986
116.4,24.001214139425517,24.000682542343824,24.0,1.5,0.9493387854401337,0.1442307692307702,0.014423076923076986
116.5,24.000682542343824,24.00015588108395,24.0,1.5,0.9492630972201931,0.1442307692307702,0.014423076923076986
116.60000000000001,24.00015588108395,23.999634170349424,24.0,1.5,0.9491873612900436,0.1442307692307702,0.014423076923076986
116.7,23.999634170349424,23.99911742414034,24.0,1.5,0.9491115869105681,0.1442307692307702,0.014423076923076986
116.80000000000001,23.99911742414034,23.998605655760343,24.0,1.5,0.9490357832613835,0.1442307692307702,0.014423076923076986
116.9,23.998605655760343,23.998098877823615,24.0,1.5,0.9489599594408459,0.1442307692307702,0.014423076923076986
117.0,23.998098877823615,23.997597102261835,24.0,1.5,0.9488841244660634,0.1442307692307702,0.014423076923076986
117.10000000000001,23.997597102261835,23.99710034033113,24.0,1.5,0.9488082872729151,0.1442307692307702,0.014423076923076986
117.2,23.99710034033113,23.996608602618995,24.0,1.5,0.9487324567160795,0.1442307692307702,0.014423076923076986
117.30000000000001,23.996608602618995,23.996121899051193,24.0,1.5,0.9486566415690681,0.1442307692307702,0.014423076923076986
117.4,23.996121899051193,23.995640238898652,24.0,1.5,0.9485808505242668,0.1442307692307702,0.014423076923076986
117.5,23.995640238898652,23.995163630784315,24.0,1.5,0.9485050921929847,0.1442307692307702,0.014423076923076986
117.60000000000001,23.995163630784315,23.994692082689998,24.0,1.5,0.9484293751055097,0.1442307692307702,0.014423076923076986
117.7,23.994692082689998,23.994225601963198,24.0,1.5,0.9483537077111708,0.1442307692307702,0.014423076923076986
117.80000000000001,23.994225601963198,23.9937641953239,24.0,1.5,0.9482780983784062,0.1442307692307702,0.014423076923076986
117.9,23.9937641953239,23.993307868871366,24.0,1.5,0.9482025553948402,0.1442307692307702,0.014423076923076986
118.0,23.993307868871366,23.992856823154728,24.0,1.5,0.9481174348551611,0.1442307692307702,0.028846153846153973
118.10000000000001,23.992856823154728,23.992411035636035,24.0,1.5,0.9480317748666693,0.1442307692307702,0.028846153846153973
118.2,23.992411035636035,23.99197048350402,24.0,1.5,0.9479455873465772,0.1442307692307702,0.028846153846153973
118.30000000000001,23.99197048350402,23.99153514367871,24.0,1.5,0.9478588841068749,0.1442307692307702,0.028846153846153973
118.4,23.99153514367871,23.991104992816016,24.0,1.5,0.9477716768542209,0.1442307692307702,0.028846153846153973
118.5,23.991104992816016,23.990680007312275,24.0,1.5,0.9476839771898401,0.1442307692307702,0.028846153846153973
118.60000000000001,23.990680007312275,23.990260163308793,24.0,1.5,0.9475957966094319,0.1442307692307702,0.028846153846153973
118.7,23.990260163308793,23.98984543669637,24.0,1.5,0.9475071465030899,0.1442307692307702,0.028846153846153973
118.80000000000001,23.98984543669637,23.98943580311978,24.0,1.5,0.94741803815523,0.1442307692307702,0.028846153846153973
118.9,23.98943580311978,23.989031237982235,24.0,1.5,0.9473284827445286,0.1442307692307702,0.028846153846153973
119.0,23.989031237982235,23.98863171644985,24.0,1.5,0.9472384913438701,0.1442307692307702,0.028846153846153973
119.10000000000001,23.98863171644985,23.98823721345605,24.0,1.5,0.9471480749203043,0.1442307692307702,0.028846153846153973
119.2,23.98823721345605,23.987847703705977,24.0,1.5,0.9470572443350141,0.1442307692307702,0.028846153846153973
119.30000000000001,23.987847703705977,23.987463161680875,24.0,1.5,0.9469660103432902,0.1442307692307702,0.028846153846153973
119.4,23.987463161680875,23.98708356164243,24.0,1.5,0.9468743835945184,0.1442307692307702,0.028846153846153973
119.5,23.98708356164243,23.986708877637103,24.0,1.5,0.9467823746321724,0.1442307692307702,0.028846153846153973
119.60000000000001,23.986708877637103,23.986339083500443,24.0,1.5,0.946689993893819,0.1442307692307702,0.028846153846153973
119.7,23.986339083500443,23.985974152861363,24.0,1.5,0.946597251711129,0.1442307692307702,0.028846153846153973
119.80000000000001,23.985974152861363,23.985614059146403,24.0,1.5,0.9465041583099002,0.1442307692307702,0.028846153846153973
119.9,23.985614059146403,23.985258775583958,24.0,1.5,0.946410723810088,0.1442307692307702,0.028846153846153973
