time,temperature,next_temperature,setpoint,disturbance,command,kp,ki
0.0,28.0,28.009975041614634,24.0,0.0,1.0,0.3141307020168021,0.028163558208660056
0.1,28.009975041614634,28.019900332501663,24.0,0.0,1.0,0.3141307020168021,0.028163558208660056
0.2,28.019900332501663,28.029776120793873,24.0,0.0,1.0,0.3141307020168021,0.028163558208660056
0.30000000000000004,28.029776120793873,28.03960265338649,24.0,0.0,1.0,0.3141307020168021,0.028163558208660056
0.4,28.03960265338649,28.049380175943334,24.0,0.0,1.0,0.3141307020168021,0.028163558208660056
0.5,28.049380175943334,28.059108932902983,24.0,0.0,1.0,0.3141307020168021,0.028163558208660056
0.6000000000000001,28.059108932902983,28.068789167484866,24.0,0.0,1.0,0.3141307020168021,0.028163558208660056
0.7000000000000001,28.068789167484866,28.078421121695353,24.0,0.0,1.0,0.3141307020168021,0.028163558208660056
0.8,28.078421121695353,28.0880050363338,24.0,0.0,1.0,0.3141307020168021,0.028163558208660056
0.9,28.0880050363338,28.097541150998573,24.0,0.0,1.0,0.3141307020168021,0.028163558208660056
1.0,28.097541150998573,28.107029704093033,24.0,0.0,1.0,0.3141307020168021,0.028163558208660056
1.1,28.107029704093033,28.116470932831504,24.0,0.0,1.0,0.3141307020168021,0.028163558208660056
1.2000000000000002,28.116470932831504,28.125865073245194,24.0,0.0,1.0,0.3141307020168021,0.028163558208660056
1.3,28.125865073245194,28.135212360188106,24.0,0.0,1.0,0.3141307020168021,0.028163558208660056
1.4000000000000001,28.135212360188106,28.144513027342896,24.0,0.0,1.0,0.3141307020168021,0.028163558208660056
1.5,28.144513027342896,28.15376730722673,24.0,0.0,1.0,0.3141307020168021,0.028163558208660056
1.6,28.15376730722673,28.162975431197086,24.0,0.0,1.0,0.3141307020168021,0.028163558208660056
1.7000000000000002,28.162975431197086,28.172137629457545,24.0,0.0,1.0,0.3141307020168021,0.028163558208660056
1.8,28.172137629457545,28.18125413106354,24.0,0.0,1.0,0.3141307020168021,0.028163558208660056
1.9000000000000001,28.18125413106354,28.190325163928083,24.0,0.0,1.0,0.3141307020168021,0.028163558208660056
2.0,28.190325163928083,28.15945078836893,24.0,0.0,1.0,0.571435226234003,0.02856973929576644
2.1,28.15945078836893,28.12873039940029,24.0,0.0,1.0,0.571435226234003,0.02856973929576644
2.2,28.12873039940029,28.09816322901084,24.0,0.0,1.0,0.571435226234003,0.02856973929576644
2.3000000000000003,28.09816322901084,28.06774851301973,24.0,0.0,1.0,0.571435226234003,0.02856973929576644
2.4000000000000004,28.06774851301973,28.037485491057474,24.0,0.0,1.0,0.571435226234003,0.02856973929576644
2.5,28.037485491057474,28.007373406546947,24.0,0.0,1.0,0.571435226234003,0.02856973929576644
2.6,28.007373406546947,27.97741150668447,24.0,0.0,1.0,0.571435226234003,0.02856973929576644
2.7,27.97741150668447,27.94759904242098,24.0,0.0,1.0,0.571435226234003,0.02856973929576644
2.8000000000000003,27.94759904242098,27.917935268443323,24.0,0.0,1.0,0.571435226234003,0.02856973929576644
2.9000000000000004,27.917935268443323,27.888419443155602,24.0,0.0,1.0,0.571435226234003,0.02856973929576644
3.0,27.888419443155602,27.85905082866065,24.0,0.0,1.0,0.571435226234003,0.02856973929576644
3.1,27.85905082866065,27.82982869074157,24.0,0.0,1.0,0.571435226234003,0.02856973929576644
3.2,27.82982869074157,27.8007522988434,24.0,0.0,1.0,0.571435226234003,0.02856973929576644
3.3000000000000003,27.8007522988434,27.771820926054822,24.0,0.0,1.0,0.571435226234003,0.02856973929576644
3.4000000000000004,27.771820926054822,27.74303384909001,24.0,0.0,1.0,0.571435226234003,0.02856973929576644
3.5,27.74303384909001,27.714390348270545,24.0,0.0,1.0,0.571435226234003,0.02856973929576644
3.6,27.714390348270545,27.68588970750741,24.0,0.0,1.0,0.571435226234003,0.02856973929576644
3.7,27.68588970750741,27.657531214283104,24.0,0.0,1.0,0.571435226234003,0.02856973929576644
3.8000000000000003,27.657531214283104,27.629314159633818,24.0,0.0,1.0,0.571435226234003,0.02856973929576644
3.9000000000000004,27.629314159633818,27.601237838131716,24.0,0.0,1.0,0.571435226234003,0.02856973929576644
4.0,27.601237838131716,27.5733015478673,24.0,0.0,1.0,0.33148348479383494,0.026298775701668324
4.1000000000000005,27.5733015478673,27.545504590431854,24.0,0.0,1.0,0.33148348479383494,0.026298775701668324
4.2,27.545504590431854,27.517846270899998,24.0,0.0,1.0,0.33148348479383494,0.026298775701668324
4.3,27.517846270899998,27.490325897812305,24.0,0.0,1.0,0.33148348479383494,0.026298775701668324
4.4,27.490325897812305,27.46294278315801,24.0,0.0,1.0,0.33148348479383494,0.026298775701668324
4.5,27.46294278315801,27.43569624235782,24.0,0.0,1.0,0.33148348479383494,0.026298775701668324
4.6000000000000005,27.43569624235782,27.4085855942468,24.0,0.0,1.0,0.33148348479383494,0.026298775701668324
4.7,27.4085855942468,27.38161016105734,24.0,0.0,1.0,0.33148348479383494,0.026298775701668324
4.800000000000001,27.38161016105734,27.354769268402194,24.0,0.0,1.0,0.33148348479383494,0.026298775701668324
4.9,27.354769268402194,27.32806224525765,24.0,0.0,1.0,0.33148348479383494,0.026298775701668324
5.0,27.32806224525765,27.301488423946743,24.0,0.0,1.0,0.33148348479383494,0.026298775701668324
5.1000000000000005,27.301488423946743,27.275047140122556,24.0,0.0,1.0,0.33148348479383494,0.026298775701668324
5.2,27.275047140122556,27.248737732751614,24.0,0.0,1.0,0.33148348479383494,0.026298775701668324
5.300000000000001,27.248737732751614,27.22255954409736,24.0,0.0,1.0,0.33148348479383494,0.026298775701668324
5.4,27.22255954409736,27.19651191970372,24.0,0.0,1.0,0.33148348479383494,0.026298775701668324
5.5,27.19651191970372,27.170594208378724,24.0,0.0,1.0,0.33148348479383494,0.026298775701668324
5.6000000000000005,27.170594208378724,27.144805762178237,24.0,0.0,1.0,0.33148348479383494,0.026298775701668324
5.7,27.144805762178237,27.119145936389764,24.0,0.0,1.0,0.33148348479383494,0.026298775701668324
5.800000000000001,27.119145936389764,27.093614089516322,24.0,0.0,1.0,0.33148348479383494,0.026298775701668324
5.9,27.093614089516322,27.068209583260412,24.0,0.0,1.0,0.33148348479383494,0.026298775701668324
6.0,27.068209583260412,27.042931782508056,24.0,0.0,0.7961162068773759,0.256814134422164,0.026584293886133904
6.1000000000000005,27.042931782508056,27.01778005531291,24.0,0.0,0.7977139296352289,0.256814134422164,0.026584293886133904
6.2,27.01778005531291,26.992753772880494,24.0,0.0,0.7992771657738006,0.256814134422164,0.026584293886133904
6.300000000000001,26.992753772880494,26.96785230955244,24.0,0.0,0.8008060872958239,0.256814134422164,0.026584293886133904
6.4,26.96785230955244,26.943075042790866,24.0,0.0,0.8023008653461631,0.256814134422164,0.026584293886133904
6.5,26.943075042790866,26.918421353162813,24.0,0.0,0.803761670216092,0.256814134422164,0.026584293886133904
6.6000000000000005,26.918421353162813,26.893890624324758,24.0,0.0,0.8051886713475557,0.256814134422164,0.026584293886133904
6.7,26.893890624324758,26.8694822430072,24.0,0.0,0.8065820373374034,0.256814134422164,0.026584293886133904
6.800000000000001,26.8694822430072,26.84519559899934,24.0,0.0,0.8079419359416036,0.256814134422164,0.026584293886133904
6.9,26.84519559899934,26.821030085133806,24.0,0.0,0.8092685340794387,0.256814134422164,0.026584293886133904
7.0,26.821030085133806,26.796985097271495,24.0,0.0,0.8105619978376772,0.256814134422164,0.026584293886133904
7.1000000000000005,26.796985097271495,26.77306003428646,24.0,0.0,0.8118224924747265,0.256814134422164,0.026584293886133904
7.2,26.77306003428646,26.74925429805088,24.0,0.0,0.8130501824247651,0.256814134422164,0.026584293886133904
7.300000000000001,26.74925429805088,26.725567293420106,24.0,0.0,0.8142452313018523,0.256814134422164,0.026584293886133904
7.4,26.725567293420106,26.70199842821779,24.0,0.0,0.8154078019040181,0.256814134422164,0.026584293886133904
7.5,26.70199842821779,26.67854711322108,24.0,0.0,0.8165380562173344,0.256814134422164,0.026584293886133904
7.6000000000000005,26.67854711322108,26.655212762145872,24.0,0.0,0.8176361554199645,0.256814134422164,0.026584293886133904
7.7,26.655212762145872,26.63199479163218,24.0,0.0,0.8187022598861925,0.256814134422164,0.026584293886133904
7.800000000000001,26.63199479163218,26.60889262122953,24.0,0.0,0.8197365291904319,0.256814134422164,0.026584293886133904
7.9,26.60889262122953,26.585905673382456,24.0,0.0,0.8207391221112148,0.256814134422164,0.026584293886133904
8.0,26.585905673382456,26.571168370699855,24.0,0.0,0.911280717621258,0.2915030101410059,0.026075228378167455
8.1,26.571168370699855,26.556440821217034,24.0,0.0,0.9136891297743925,0.2915030101410059,0.026075228378167455
8.200000000000001,26.556440821217034,26.541724352311558,24.0,0.0,0.9160619825930001,0.2915030101410059,0.026075228378167455
8.3,26.541724352311558,26.527020277877728,24.0,0.0,0.9183996919044947,0.2915030101410059,0.026075228378167455
8.4,26.527020277877728,26.51232989842806,24.0,0.0,0.9207026730318881,0.2915030101410059,0.026075228378167455
8.5,26.51232989842806,26.49765450119409,24.0,0.0,0.9229713407884773,0.2915030101410059,0.026075228378167455
8.6,26.49765450119409,26.482995360226504,24.0,0.0,0.9252061094725997,0.2915030101410059,0.026075228378167455
8.700000000000001,26.482995360226504,26.468353736494574,24.0,0.0,0.9274073928624502,0.2915030101410059,0.026075228378167455
8.8,26.468353736494574,26.453730877984988,24.0,0.0,0.9295756042109606,0.2915030101410059,0.026075228378167455
8.9,26.453730877984988,26.439128019799956,24.0,0.0,0.9317111562407523,0.2915030101410059,0.026075228378167455
9.0,26.439128019799956,26.424546384254707,24.0,0.0,0.9338144611391402,0.2915030101410059,0.026075228378167455
9.1,26.424546384254707,26.409987180974305,24.0,0.0,0.9358859305532115,0.2915030101410059,0.026075228378167455
9.200000000000001,26.409987180974305,26.395451606989838,24.0,0.0,0.9379259755849555,0.2915030101410059,0.026075228378167455
9.3,26.395451606989838,26.38094084683394,24.0,0.0,0.9399350067864667,0.2915030101410059,0.026075228378167455
9.4,26.38094084683394,26.366456072635707,24.0,0.0,0.9419134341551989,0.2915030101410059,0.026075228378167455
9.5,26.366456072635707,26.351998444214935,24.0,0.0,0.9438616671292887,0.2915030101410059,0.026075228378167455
9.600000000000001,26.351998444214935,26.33756910917576,24.0,0.0,0.9457801145829335,0.2915030101410059,0.026075228378167455
9.700000000000001,26.33756910917576,26.323169202999665,24.0,0.0,0.9476691848218317,0.2915030101410059,0.026075228378167455
9.8,26.323169202999665,26.308799849137845,24.0,0.0,0.9495292855786861,0.2915030101410059,0.026075228378167455
9.9,26.308799849137845,26.29446215910297,24.0,0.0,0.951360824008759,0.2915030101410059,0.026075228378167455
10.0,26.29446215910297,26.2765833538632,24.0,0.0,1.0,0.5704009207302533,0.02696119699050661
10.100000000000001,26.2765833538632,26.25869762349076,24.0,0.0,1.0,0.5704009207302533,0.02696119699050661
10.200000000000001,26.25869762349076,26.240806421348267,24.0,0.0,1.0,0.5704009207302533,0.02696119699050661
10.3,26.240806421348267,26.222911176958064,24.0,0.0,1.0,0.5704009207302533,0.02696119699050661
10.4,26.222911176958064,26.205013296141278,24.0,0.0,1.0,0.5704009207302533,0.02696119699050661
10.5,26.205013296141278,26.187114161156344,24.0,0.0,1.0,0.5704009207302533,0.02696119699050661
10.600000000000001,26.187114161156344,26.169215130837088,24.0,0.0,1.0,0.5704009207302533,0.02696119699050661
10.700000000000001,26.169215130837088,26.151317540730304,24.0,0.0,1.0,0.5704009207302533,0.02696119699050661
10.8,26.151317540730304,26.133422703232853,24.0,0.0,1.0,0.5704009207302533,0.02696119699050661
10.9,26.133422703232853,26.115531907728297,24.0,0.0,1.0,0.5704009207302533,0.02696119699050661
11.0,26.115531907728297,26.09764642072302,24.0,0.0,1.0,0.5704009207302533,0.02696119699050661
11.100000000000001,26.09764642072302,26.079767485981893,24.0,0.0,1.0,0.5704009207302533,0.02696119699050661
11.200000000000001,26.079767485981893,26.06189632466345,24.0,0.0,1.0,0.5704009207302533,0.02696119699050661
11.3,26.06189632466345,26.044034135454577,24.0,0.0,1.0,0.5704009207302533,0.02696119699050661
11.4,26.044034135454577,26.02618209470471,24.0,0.0,1.0,0.5704009207302533,0.02696119699050661
11.5,26.02618209470471,26.008341356559566,24.0,0.0,1.0,0.5704009207302533,0.02696119699050661
11.600000000000001,26.008341356559566,25.990513053094396,24.0,0.0,1.0,0.5704009207302533,0.02696119699050661
11.700000000000001,25.990513053094396,25.972698294446737,24.0,0.0,1.0,0.5704009207302533,0.02696119699050661
11.8,25.972698294446737,25.95489816894868,24.0,0.0,1.0,0.5704009207302533,0.02696119699050661
11.9,25.95489816894868,25.937113743258685,24.0,0.0,1.0,0.5704009207302533,0.02696119699050661
12.0,25.937113743258685,25.917477306543404,24.0,0.0,1.0,0.57518708813373,0.02606942241740819
12.100000000000001,25.917477306543404,25.897938806964824,24.0,0.0,1.0,0.57518708813373,0.02606942241740819
12.200000000000001,25.897938806964824,25.878497756059435,24.0,0.0,1.0,0.57518708813373,0.02606942241740819
12.3,25.878497756059435,25.859153667799955,24.0,0.0,1.0,0.57518708813373,0.02606942241740819
12.4,25.859153667799955,25.839906058583168,24.0,0.0,1.0,0.57518708813373,0.02606942241740819
12.5,25.839906058583168,25.820754447217837,24.0,0.0,1.0,0.57518708813373,0.02606942241740819
12.600000000000001,25.820754447217837,25.801698354912688,24.0,0.0,1.0,0.57518708813373,0.02606942241740819
12.700000000000001,25.801698354912688,25.782737305264416,24.0,0.0,1.0,0.57518708813373,0.02606942241740819
12.8,25.782737305264416,25.763870824245792,24.0,0.0,1.0,0.57518708813373,0.02606942241740819
12.9,25.763870824245792,25.74509844019381,24.0,0.0,1.0,0.57518708813373,0.02606942241740819
13.0,25.74509844019381,25.726419683797893,24.0,0.0,1.0,0.57518708813373,0.02606942241740819
13.100000000000001,25.726419683797893,25.707834088088152,24.0,0.0,1.0,0.57518708813373,0.02606942241740819
13.200000000000001,25.707834088088152,25.689341188423732,24.0,0.0,1.0,0.57518708813373,0.02606942241740819
13.3,25.689341188423732,25.670940522481175,24.0,0.0,1.0,0.57518708813373,0.02606942241740819
13.4,25.670940522481175,25.652631630242873,24.0,0.0,1.0,0.57518708813373,0.02606942241740819
13.5,25.652631630242873,25.63441405398557,24.0,0.0,1.0,0.57518708813373,0.02606942241740819
13.600000000000001,25.63441405398557,25.616287338268908,24.0,0.0,1.0,0.57518708813373,0.02606942241740819
13.700000000000001,25.616287338268908,25.59825102992405,24.0,0.0,1.0,0.57518708813373,0.02606942241740819
13.8,25.59825102992405,25.580304678042353,24.0,0.0,1.0,0.57518708813373,0.02606942241740819
13.9,25.580304678042353,25.56244783396408,24.0,0.0,1.0,0.57518708813373,0.02606942241740819
14.0,25.56244783396408,25.5446800512672,24.0,0.0,1.0,0.5730080044682924,0.02387543022887449
14.100000000000001,25.5446800512672,25.52700088575622,24.0,0.0,1.0,0.5730080044682924,0.02387543022887449
14.200000000000001,25.52700088575622,25.509409895451082,24.0,0.0,1.0,0.5730080044682924,0.02387543022887449
14.3,25.509409895451082,25.49190664057611,24.0,0.0,1.0,0.5730080044682924,0.02387543022887449
14.4,25.49190664057611,25.47449068354903,24.0,0.0,1.0,0.5730080044682924,0.02387543022887449
14.5,25.47449068354903,25.457161588969996,24.0,0.0,1.0,0.5730080044682924,0.02387543022887449
14.600000000000001,25.457161588969996,25.439918923610747,24.0,0.0,1.0,0.5730080044682924,0.02387543022887449
14.700000000000001,25.439918923610747,25.422762256403754,24.0,0.0,1.0,0.5730080044682924,0.02387543022887449
14.8,25.422762256403754,25.405691158431438,24.0,0.0,1.0,0.5730080044682924,0.02387543022887449
14.9,25.405691158431438,25.388705202915464,24.0,0.0,1.0,0.5730080044682924,0.02387543022887449
15.0,25.388705202915464,25.371803965206055,24.0,0.0,1.0,0.5730080044682924,0.02387543022887449
15.100000000000001,25.371803965206055,25.354987022771393,24.0,0.0,1.0,0.5730080044682924,0.02387543022887449
15.200000000000001,25.354987022771393,25.33825395518704,24.0,0.0,1.0,0.5730080044682924,0.02387543022887449
15.3,25.33825395518704,25.321604344125433,24.0,0.0,1.0,0.5730080044682924,0.02387543022887449
15.4,25.321604344125433,25.30503777334543,24.0,0.0,1.0,0.5730080044682924,0.02387543022887449
15.5,25.30503777334543,25.2885538286819,24.0,0.0,1.0,0.5730080044682924,0.02387543022887449
15.600000000000001,25.2885538286819,25.272152098035363,24.0,0.0,1.0,0.5730080044682924,0.02387543022887449
15.700000000000001,25.272152098035363,25.255832171361703,24.0,0.0,1.0,0.5730080044682924,0.02387543022887449
15.8,25.255832171361703,25.2395936406619,24.0,0.0,0.9979406046310291,0.5730080044682924,0.02387543022887449
15.9,25.2395936406619,25.223436099971845,24.0,0.0,0.9915953797072165,0.5730080044682924,0.02387543022887449
16.0,25.223436099971845,25.20735914535218,24.0,0.0,0.9719952601171369,0.5624958752624485,0.020591176898412056
16.1,25.20735914535218,25.191362374878196,24.0,0.0,0.9654381340309788,0.5624958752624485,0.020591176898412056
16.2,25.191362374878196,25.1754453886298,24.0,0.0,0.9588931719629664,0.5624958752624485,0.020591176898412056
16.3,25.1754453886298,25.15960778868151,24.0,0.0,0.9523603132448046,0.5624958752624485,0.020591176898412056
16.400000000000002,25.15960778868151,25.1438491790925,24.0,0.0,0.9458394975107858,0.5624958752624485,0.020591176898412056
16.5,25.1438491790925,25.128169165896708,24.0,0.0,0.9393306646962758,0.5624958752624485,0.020591176898412056
16.6,25.128169165896708,25.11256735709299,24.0,0.0,0.932833755036214,0.5624958752624485,0.020591176898412056
16.7,25.11256735709299,25.097043362635308,24.0,0.0,0.9263487090636185,0.5624958752624485,0.020591176898412056
16.8,25.097043362635308,25.081596794423,24.0,0.0,0.9198754676081013,0.5624958752624485,0.020591176898412056
16.900000000000002,25.081596794423,25.06622726629105,24.0,0.0,0.9134139717943899,0.5624958752624485,0.020591176898412056
17.0,25.06622726629105,25.05093439400046,24.0,0.0,0.9069641630408496,0.5624958752624485,0.020591176898412056
17.1,25.05093439400046,25.03571779522862,24.0,0.0,0.9005259830580259,0.5624958752624485,0.020591176898412056
17.2,25.03571779522862,25.020577089559772,24.0,0.0,0.894099373847181,0.5624958752624485,0.020591176898412056
17.3,25.020577089559772,25.005511898475486,24.0,0.0,0.8876842776988503,0.5624958752624485,0.020591176898412056
17.400000000000002,25.005511898475486,24.9905218453452,24.0,0.0,0.8812806371913953,0.5624958752624485,0.020591176898412056
17.5,24.9905218453452,24.975606555416803,24.0,0.0,0.8748883951895685,0.5624958752624485,0.020591176898412056
17.6,24.975606555416803,24.960765655807272,24.0,0.0,0.8685074948430858,0.5624958752624485,0.020591176898412056
17.7,24.960765655807272,24.94599877549334,24.0,0.0,0.862137879585205,0.5624958752624485,0.020591176898412056
17.8,24.94599877549334,24.93138771552026,24.0,0.0,0.8557794931313105,0.5624958752624485,0.020591176898412056
17.900000000000002,24.93138771552026,24.91710270404349,24.0,0.0,0.8494786690843688,0.5624958752624485,0.020591176898412056
18.0,24.91710270404349,24.903670987392946,24.0,0.0,0.7095365847273909,0.4169230178185203,0.017429202497145378
18.1,24.903670987392946,24.890567892131003,24.0,0.0,0.7055116193499695,0.4169230178185203,0.017429202497145378
18.2,24.890567892131003,24.877791293905297,24.0,0.0,0.7016008261435372,0.4169230178185203,0.017429202497145378
18.3,24.877791293905297,24.865339081379393,24.0,0.0,0.6978038884749918,0.4169230178185203,0.017429202497145378
18.400000000000002,24.865339081379393,24.853209156155792,24.0,0.0,0.6941204914579798,0.4169230178185203,0.017429202497145378
18.5,24.853209156155792,24.841399432699383,24.0,0.0,0.6905503219433491,0.4169230178185203,0.017429202497145378
18.6,24.841399432699383,24.829907838261345,24.0,0.0,0.6870930685096509,0.4169230178185203,0.017429202497145378
18.7,24.829907838261345,24.818732312803473,24.0,0.0,0.6837484214537002,0.4169230178185203,0.017429202497145378
18.8,24.818732312803473,24.807870808922956,24.0,0.0,0.680516072781177,0.4169230178185203,0.017429202497145378
18.900000000000002,24.807870808922956,24.797321291777582,24.0,0.0,0.6773957161972897,0.4169230178185203,0.017429202497145378
19.0,24.797321291777582,24.78708173901137,24.0,0.0,0.6743870470974795,0.4169230178185203,0.017429202497145378
19.1,24.78708173901137,24.77715014068064,24.0,0.0,0.6714897625581822,0.4169230178185203,0.017429202497145378
19.200000000000003,24.77715014068064,24.76752449918051,24.0,0.0,0.6687035613276333,0.4169230178185203,0.017429202497145378
19.3,24.76752449918051,24.758202829171815,24.0,0.0,0.6660281438167339,0.4169230178185203,0.017429202497145378
19.400000000000002,24.758202829171815,24.749183157508433,24.0,0.0,0.6634632120899546,0.4169230178185203,0.017429202497145378
19.5,24.749183157508433,24.740463523165065,24.0,0.0,0.661008469856292,0.4169230178185203,0.017429202497145378
19.6,24.740463523165065,24.732041977165395,24.0,0.0,0.6586636224602803,0.4169230178185203,0.017429202497145378
19.700000000000003,24.732041977165395,24.723916582510693,24.0,0.0,0.6564283768730428,0.4169230178185203,0.017429202497145378
19.8,24.723916582510693,24.716085414108818,24.0,0.0,0.6543024416834002,0.4169230178185203,0.017429202497145378
19.900000000000002,24.716085414108818,24.708544707750594,24.0,0.0,0.6522855270890209,0.4169230178185203,0.017429202497145378
20.0,24.708544707750594,24.70662532328263,24.0,0.0,0.7173042214596739,0.5113273803358513,0.017964666983746914
20.1,24.70662532328263,24.70487610857319,24.0,0.0,0.7175922164893179,0.5113273803358513,0.017964666983746914
20.200000000000003,24.70487610857319,24.70329165940843,24.0,0.0,0.7179640815698259,0.5113273803358513,0.017964666983746914
20.3,24.70329165940843,24.70186661116185,24.0,0.0,0.7184173493745059,0.5113273803358513,0.017964666983746914
20.400000000000002,24.70186661116185,24.70059563852717,24.0,0.0,0.7189495631813845,0.5113273803358513,0.017964666983746914
20.5,24.70059563852717,24.699473455252864,24.0,0.0,0.7195582768072546,0.5113273803358513,0.017964666983746914
20.6,24.699473455252864,24.698494813878487,24.0,0.0,0.7202410545421065,0.5113273803358513,0.017964666983746914
20.700000000000003,24.698494813878487,24.697654505472602,24.0,0.0,0.7209954710839779,0.5113273803358513,0.017964666983746914
20.8,24.697654505472602,24.696947359372462,24.0,0.0,0.7218191114741755,0.5113273803358513,0.017964666983746914
20.900000000000002,24.696947359372462,24.696368242925317,24.0,0.0,0.722709571032909,0.5113273803358513,0.017964666983746914
21.0,24.696368242925317,24.695912061231404,24.0,0.0,0.7236644552953018,0.5113273803358513,0.017964666983746914
21.1,24.695912061231404,24.695573756888578,24.0,0.0,0.7246813799477956,0.5113273803358513,0.017964666983746914
21.200000000000003,24.695573756888578,24.695348309738588,24.0,0.0,0.7257579707649359,0.5113273803358513,0.017964666983746914
21.3,24.695348309738588,24.695230736614977,24.0,0.0,0.7268918635465436,0.5113273803358513,0.017964666983746914
21.400000000000002,24.695230736614977,24.69521609109262,24.0,0.0,0.7280807040552655,0.5113273803358513,0.017964666983746914
21.5,24.69521609109262,24.69529946323885,24.0,0.0,0.7293221479545078,0.5113273803358513,0.017964666983746914
21.6,24.69529946323885,24.695475979366186,24.0,0.0,0.7306138607467381,0.5113273803358513,0.017964666983746914
21.700000000000003,24.695475979366186,24.69574080178667,24.0,0.0,0.7319535177121668,0.5113273803358513,0.017964666983746914
21.8,24.69574080178667,24.696089128567767,24.0,0.0,0.733338803847797,0.5113273803358513,0.017964666983746914
21.900000000000002,24.696089128567767,24.696516193289845,24.0,0.0,0.7347674138068488,0.5113273803358513,0.017964666983746914
22.0,24.696516193289845,24.69434687128943,24.0,0.0,0.4874337472256225,0.15316567936714012,0.027470834024756603
22.1,24.69434687128943,24.692176877778007,24.0,0.0,0.4890089103133428,0.15316567936714012,0.027470834024756603
22.200000000000003,24.692176877778007,24.690002869675762,24.0,0.0,0.4905780093954649,0.15316567936714012,0.027470834024756603
22.3,24.690002869675762,24.687821619023303,24.0,0.0,0.49214052139848186,0.15316567936714012,0.027470834024756603
22.400000000000002,24.687821619023303,24.685630011984376,24.0,0.0,0.4936959320139108,0.15316567936714012,0.027470834024756603
22.5,24.685630011984376,24.683425047856158,24.0,0.0,0.49524373585904913,0.15316567936714012,0.027470834024756603
22.6,24.683425047856158,24.681203838087132,24.0,0.0,0.49678343663617225,0.15316567936714012,0.027470834024756603
22.700000000000003,24.681203838087132,24.67896360530245,24.0,0.0,0.49831454729019437,0.15316567936714012,0.027470834024756603
22.8,24.67896360530245,24.676701682336724,24.0,0.0,0.4998365901647993,0.15316567936714012,0.027470834024756603
22.900000000000002,24.676701682336724,24.674415511274233,24.0,0.0,0.5013490971570523,0.15316567936714012,0.027470834024756603
23.0,24.674415511274233,24.67210264249647,24.0,0.0,0.5028516098705101,0.15316567936714012,0.027470834024756603
23.1,24.67210264249647,24.669760733736947,24.0,0.0,0.5043436797668389,0.15316567936714012,0.027470834024756603
23.200000000000003,24.669760733736947,24.66738754914328,24.0,0.0,0.5058248683159495,0.15316567936714012,0.027470834024756603
23.3,24.66738754914328,24.664980958346426,24.0,0.0,0.5072947471446676,0.15316567936714012,0.027470834024756603
23.400000000000002,24.664980958346426,24.662538935537054,24.0,0.0,0.5087528981839443,0.15316567936714012,0.027470834024756603
23.5,24.662538935537054,24.660059558549026,24.0,0.0,0.5101989138146245,0.15316567936714012,0.027470834024756603
23.6,24.660059558549026,24.657541007949888,24.0,0.0,0.5116323970117813,0.15316567936714012,0.027470834024756603
23.700000000000003,24.657541007949888,24.65498156613835,24.0,0.0,0.5130529614876301,0.15316567936714012,0.027470834024756603
23.8,24.65498156613835,24.652379616448698,24.0,0.0,0.5144602318330314,0.15316567936714012,0.027470834024756603
23.900000000000002,24.652379616448698,24.649733642262092,24.0,0.0,0.5158538436575963,0.15316567936714012,0.027470834024756603
24.0,24.649733642262092,24.65696951939419,24.0,0.0,0.7910903104636936,0.5745887435647553,0.028149947711512528
24.1,24.65696951939419,24.66410645816913,24.0,0.0,0.7970973297755142,0.5745887435647553,0.028149947711512528
24.200000000000003,24.66410645816913,24.671145193998864,24.0,0.0,0.8030675906663403,0.5745887435647553,0.028149947711512528
24.3,24.671145193998864,24.678086479498177,24.0,0.0,0.8090012392548218,0.5745887435647553,0.028149947711512528
24.400000000000002,24.678086479498177,24.684931084049165,24.0,0.0,0.8148984336627717,0.5745887435647553,0.028149947711512528
24.5,24.684931084049165,24.69167979336147,24.0,0.0,0.8207593438121188,0.5745887435647553,0.028149947711512528
24.6,24.69167979336147,24.698333409028354,24.0,0.0,0.8265841512181834,0.5745887435647553,0.028149947711512528
24.700000000000003,24.698333409028354,24.704892748078695,24.0,0.0,0.8323730487793164,0.5745887435647553,0.028149947711512528
24.8,24.704892748078695,24.711358642524985,24.0,0.0,0.8381262405629311,0.5745887435647553,0.028149947711512528
24.900000000000002,24.711358642524985,24.717731938907427,24.0,0.0,0.8438439415879682,0.5745887435647553,0.028149947711512528
25.0,24.717731938907427,24.72401349783418,24.0,0.0,0.849526377603834,0.5745887435647553,0.028149947711512528
25.1,24.72401349783418,24.73020419351785,24.0,0.0,0.8551737848658303,0.5745887435647553,0.028149947711512528
25.200000000000003,24.73020419351785,24.736304913308317,24.0,0.0,0.8607864099071278,0.5745887435647553,0.028149947711512528
25.3,24.736304913308317,24.74231655722195,24.0,0.0,0.8663645093073089,0.5745887435647553,0.028149947711512528
25.400000000000002,24.74231655722195,24.74824003746729,24.0,0.0,0.8719083494575217,0.5745887435647553,0.028149947711512528
25.5,24.74824003746729,24.75407627796729,24.0,0.0,0.8774182063222584,0.5745887435647553,0.028149947711512528
25.6,24.75407627796729,24.759826213878178,24.0,0.0,0.8828943651978217,0.5745887435647553,0.028149947711512528
25.700000000000003,24.759826213878178,24.765490791105016,24.0,0.0,0.8883371204674875,0.5745887435647553,0.028149947711512528
25.8,24.765490791105016,24.771070965814037,24.0,0.0,0.8937467753534071,0.5745887435647553,0.028149947711512528
25.900000000000002,24.771070965814037,24.77656770394181,24.0,0.0,0.8991236416652881,0.5745887435647553,0.028149947711512528
26.0,24.77656770394181,24.771055046132776,24.0,0.0,0.5819660498860654,0.1593298426294387,0.027823660396975466
26.1,24.771055046132776,24.765330201748807,24.0,0.0,0.5832330763599791,0.1593298426294387,0.027823660396975466
26.200000000000003,24.765330201748807,24.759395695741976,24.0,0.0,0.584450366567704,0.1593298426294387,0.027823660396975466
26.3,24.759395695741976,24.753254034640946,24.0,0.0,0.5856177394540771,0.1593298426294387,0.027823660396975466
26.400000000000002,24.753254034640946,24.746907706163935,24.0,0.0,0.5867350180026168,0.1593298426294387,0.027823660396975466
26.5,24.746907706163935,24.740359178841697,24.0,0.0,0.5878020291215188,0.1593298426294387,0.027823660396975466
26.6,24.740359178841697,24.733610901650643,24.0,0.0,0.5888186035301995,0.1593298426294387,0.027823660396975466
26.700000000000003,24.733610901650643,24.726665303656194,24.0,0.0,0.5897845756464337,0.1593298426294387,0.027823660396975466
26.8,24.726665303656194,24.719524793666427,24.0,0.0,0.5906997834741304,0.1593298426294387,0.027823660396975466
26.900000000000002,24.719524793666427,24.71219175989615,24.0,0.0,0.5915640684917847,0.1593298426294387,0.027823660396975466
27.0,24.71219175989615,24.70466856964146,24.0,0.0,0.5923772755416576,0.1593298426294387,0.027823660396975466
27.1,24.70466856964146,24.696957568964887,24.0,0.0,0.593139252719719,0.1593298426294387,0.027823660396975466
27.200000000000003,24.696957568964887,24.68906108239122,24.0,0.0,0.5938498512664033,0.1593298426294387,0.027823660396975466
27.3,24.68906108239122,24.680981412614052,24.0,0.0,0.594508925458218,0.1593298426294387,0.027823660396975466
27.400000000000002,24.680981412614052,24.672720840213202,24.0,0.0,0.5951163325002468,0.1593298426294387,0.027823660396975466
27.5,24.672720840213202,24.664281623383015,24.0,0.0,0.5956719324195963,0.1593298426294387,0.027823660396975466
27.6,24.664281623383015,24.65566599767168,24.0,0.0,0.596175587959823,0.1593298426294387,0.027823660396975466
27.700000000000003,24.65566599767168,24.64687617573159,24.0,0.0,0.5966271644763876,0.1593298426294387,0.027823660396975466
27.8,24.64687617573159,24.637914347080894,24.0,0.0,0.5970265298331777,0.1593298426294387,0.027823660396975466
27.900000000000002,24.637914347080894,24.628782677876192,24.0,0.0,0.5973735543001438,0.1593298426294387,0.027823660396975466
28.0,24.628782677876192,24.632351193767235,24.0,0.0,0.8583769876930442,0.574071133991141,0.026658511135362887
28.1,24.632351193767235,24.635851357043805,24.0,0.0,0.8621113237913312,0.574071133991141,0.026658511135362887
28.200000000000003,24.635851357043805,24.639285493101287,24.0,0.0,0.8658157515408845,0.574071133991141,0.026658511135362887
28.3,24.639285493101287,24.642655922961243,24.0,0.0,0.8694914298653348,0.574071133991141,0.026658511135362887
28.400000000000002,24.642655922961243,24.645964963132073,24.0,0.0,0.8731395213649242,0.574071133991141,0.026658511135362887
28.5,24.645964963132073,24.649214925474944,24.0,0.0,0.8767611922244858,0.574071133991141,0.026658511135362887
28.6,24.649214925474944,24.65240811707488,24.0,0.0,0.8803576121240878,0.574071133991141,0.026658511135362887
28.700000000000003,24.65240811707488,24.65554684011704,24.0,0.0,0.8839299541522989,0.574071133991141,0.026658511135362887
28.8,24.65554684011704,24.65863339176805,24.0,0.0,0.8874793947220967,0.574071133991141,0.026658511135362887
28.900000000000002,24.65863339176805,24.661670064062402,24.0,0.0,0.8910071134893707,0.574071133991141,0.026658511135362887
29.0,24.661670064062402,24.66465914379385,24.0,0.0,0.894514293274024,0.574071133991141,0.026658511135362887
29.1,24.66465914379385,24.667602912411695,24.0,0.0,0.8980021199836501,0.574071133991141,0.026658511135362887
29.200000000000003,24.667602912411695,24.67050364592201,24.0,0.0,0.9014717825397577,0.574071133991141,0.026658511135362887
29.3,24.67050364592201,24.673363614793626,24.0,0.0,0.9049244728065422,0.574071133991141,0.026658511135362887
29.400000000000002,24.673363614793626,24.6761850838689,24.0,0.0,0.9083613855221618,0.574071133991141,0.026658511135362887
29.5,24.6761850838689,24.67897031227919,24.0,0.0,0.9117837182325148,0.574071133991141,0.026658511135362887
29.6,24.67897031227919,24.681721553364937,24.0,0.0,0.9151926712274814,0.574071133991141,0.026658511135362887
29.700000000000003,24.681721553364937,24.684441054600345,24.0,0.0,0.9185894474796187,0.574071133991141,0.026658511135362887
29.8,24.684441054600345,24.687131057522542,24.0,0.0,0.9219752525852758,0.574071133991141,0.026658511135362887
29.900000000000002,24.687131057522542,24.689793797665192,24.0,0.0,0.9253512947081027,0.574071133991141,0.026658511135362887
30.0,24.689793797665192,24.682029176897352,24.0,0.0,0.6350020414554788,0.1482167750176896,0.027165219940753414
30.1,24.682029176897352,24.674154281705217,24.0,0.0,0.6357039416656769,0.1482167750176896,0.027165219940753414
30.200000000000003,24.674154281705217,24.666170855432867,24.0,0.0,0.6363681050303487,0.1482167750176896,0.027165219940753414
30.3,24.666170855432867,24.658080586488172,24.0,0.0,0.6369944951152647,0.1482167750176896,0.027165219940753414
30.400000000000002,24.658080586488172,24.649885108470084,24.0,0.0,0.6375830719303255,0.1482167750176896,0.027165219940753414
30.5,24.649885108470084,24.641586000298982,24.0,0.0,0.6381337917995371,0.1482167750176896,0.027165219940753414
30.6,24.641586000298982,24.63318478634992,24.0,0.0,0.6386466072317964,0.1482167750176896,0.027165219940753414
30.700000000000003,24.63318478634992,24.62468293658866,24.0,0.0,0.6391214667924661,0.1482167750176896,0.027165219940753414
30.8,24.62468293658866,24.616081866710417,24.0,0.0,0.6395583149757339,0.1482167750176896,0.027165219940753414
30.900000000000002,24.616081866710417,24.607382938281123,24.0,0.0,0.6399570920777489,0.1482167750176896,0.027165219940753414
31.0,24.607382938281123,24.598587458881163,24.0,0.0,0.6403177340705161,0.1482167750176896,0.027165219940753414
31.1,24.598587458881163,24.58969668225143,24.0,0.0,0.6406401724765477,0.1482167750176896,0.027165219940753414
31.200000000000003,24.58969668225143,24.580711808441585,24.0,0.0,0.6409243342442552,0.1482167750176896,0.027165219940753414
31.3,24.580711808441585,24.571633983960446,24.0,0.0,0.64117014162407,0.1482167750176896,0.027165219940753414
31.400000000000002,24.571633983960446,24.562464301928333,24.0,0.0,0.6413775120452885,0.1482167750176896,0.027165219940753414
31.5,24.562464301928333,24.553203802231334,24.0,0.0,0.6415463579936217,0.1482167750176896,0.027165219940753414
31.6,24.553203802231334,24.54385347167731,24.0,0.0,0.6416765868894477,0.1482167750176896,0.027165219940753414
31.700000000000003,24.54385347167731,24.534414244153595,24.0,0.0,0.6417681009667465,0.1482167750176896,0.027165219940753414
31.8,24.534414244153595,24.52488700078625,24.0,0.0,0.6418207971527138,0.1482167750176896,0.027165219940753414
31.900000000000002,24.52488700078625,24.515272570100766,24.0,0.0,0.6418345669480373,0.1482167750176896,0.027165219940753414
32.0,24.515272570100766,24.517291075124266,24.0,0.0,0.8573094737081027,0.5666893857550331,0.024695066113099958
32.1,24.517291075124266,24.519271506876738,24.0,0.0,0.8597307928100044,0.5666893857550331,0.024695066113099958
32.2,24.519271506876738,24.52121556095583,24.0,0.0,0.8621354268826393,0.5666893857550331,0.024695066113099958
32.300000000000004,24.52121556095583,24.523124925956097,24.0,0.0,0.8645242469682932,0.5666893857550331,0.024695066113099958
32.4,24.523124925956097,24.525001283645803,24.0,0.0,0.8668981243106657,0.5666893857550331,0.024695066113099958
32.5,24.525001283645803,24.526846309148034,24.0,0.0,0.8692579304382119,0.5666893857550331,0.024695066113099958
32.6,24.526846309148034,24.528661671126073,24.0,0.0,0.8716045372503587,0.5666893857550331,0.024695066113099958
32.7,24.528661671126073,24.53044903197296,24.0,0.0,0.8739388171066089,0.5666893857550331,0.024695066113099958
32.800000000000004,24.53044903197296,24.532210048005204,24.0,0.0,0.876261642918474,0.5666893857550331,0.024695066113099958
32.9,24.532210048005204,24.533946369660594,24.0,0.0,0.8785738882442455,0.5666893857550331,0.024695066113099958
33.0,24.533946369660594,24.535659641700057,24.0,0.0,0.8808764273865732,0.5666893857550331,0.024695066113099958
33.1,24.535659641700057,24.5373515034135,24.0,0.0,0.8831701354928384,0.5666893857550331,0.024695066113099958
33.2,24.5373515034135,24.53902358882961,24.0,0.0,0.8854558886582888,0.5666893857550331,0.024695066113099958
33.300000000000004,24.53902358882961,24.540677526929546,24.0,0.0,0.8877345640319413,0.5666893857550331,0.024695066113099958
33.4,24.540677526929546,24.54231494186447,24.0,0.0,0.8900070399252094,0.5666893857550331,0.024695066113099958
33.5,24.54231494186447,24.54393745317689,24.0,0.0,0.8922741959232532,0.5666893857550331,0.024695066113099958
33.6,24.54393745317689,24.54554667602576,24.0,0.0,0.8945369129990302,0.5666893857550331,0.024695066113099958
33.7,24.54554667602576,24.54714422141527,24.0,0.0,0.8967960736300231,0.5666893857550331,0.024695066113099958
33.800000000000004,24.54714422141527,24.548731696427318,24.0,0.0,0.8990525619176444,0.5666893857550331,0.024695066113099958
33.9,24.548731696427318,24.550310704457587,24.0,0.0,0.9013072637092859,0.5666893857550331,0.024695066113099958
34.0,24.550310704457587,24.543284352505083,24.0,0.0,0.6726896070039906,0.14690164866100788,0.02727952617745451
34.1,24.543284352505083,24.536196433593926,24.0,0.0,0.6731394782896917,0.14690164866100788,0.02727952617745451
34.2,24.536196433593926,24.52904792052605,24.0,0.0,0.6735609697807154,0.14690164866100788,0.02727952617745451
34.300000000000004,24.52904792052605,24.521839746496784,24.0,0.0,0.6739540590852815,0.14690164866100788,0.02727952617745451
34.4,24.521839746496784,24.51457280528436,24.0,0.0,0.6743187205390464,0.14690164866100788,0.02727952617745451
34.5,24.51457280528436,24.507247951435136,24.0,0.0,0.6746549251254147,0.14690164866100788,0.02727952617745451
34.6,24.507247951435136,24.49986600044448,24.0,0.0,0.6749626403957264,0.14690164866100788,0.02727952617745451
34.7,24.49986600044448,24.492427728933166,24.0,0.0,0.6752418303892989,0.14690164866100788,0.02727952617745451
34.800000000000004,24.492427728933166,24.484933874819234,24.0,0.0,0.6754924555532921,0.14690164866100788,0.02727952617745451
34.9,24.484933874819234,24.477385137485232,24.0,0.0,0.675714472662377,0.14690164866100788,0.02727952617745451
35.0,24.477385137485232,24.469782177940697,24.0,0.0,0.675907834738179,0.14690164866100788,0.02727952617745451
35.1,24.469782177940697,24.46212561897984,24.0,0.0,0.6760724909684673,0.14690164866100788,0.02727952617745451
35.2,24.46212561897984,24.454416045334327,24.0,0.0,0.6762083866260704,0.14690164866100788,0.02727952617745451
35.300000000000004,24.454416045334327,24.446654003821074,24.0,0.0,0.6763154629874865,0.14690164866100788,0.02727952617745451
35.4,24.446654003821074,24.438840003484962,24.0,0.0,0.6763936572511646,0.14690164866100788,0.02727952617745451
35.5,24.438840003484962,24.430974515736406,24.0,0.0,0.6764429024554305,0.14690164866100788,0.02727952617745451
35.6,24.430974515736406,24.423057974483683,24.0,0.0,0.6764631273960292,0.14690164866100788,0.02727952617745451
35.7,24.423057974483683,24.415090776259945,24.0,0.0,0.6764542565432622,0.14690164866100788,0.02727952617745451
35.800000000000004,24.415090776259945,24.407073280344836,24.0,0.0,0.6764162099586862,0.14690164866100788,0.02727952617745451
35.9,24.407073280344836,24.399005808880627,24.0,0.0,0.6763489032113549,0.14690164866100788,0.02727952617745451
36.0,24.399005808880627,24.400100456656112,24.0,0.0,0.8328679425496902,0.5398883646436258,0.022560616585831222
36.1,24.400100456656112,24.401171694913852,24.0,0.0,0.834361581446901,0.5398883646436258,0.022560616585831222
36.2,24.401171694913852,24.40222077276784,24.0,0.0,0.83584499859742,0.5398883646436258,0.022560616585831222
36.300000000000004,24.40222077276784,24.40324893399552,24.0,0.0,0.8373188183881208,0.5398883646436258,0.022560616585831222
36.4,24.40324893399552,24.404257417194977,24.0,0.0,0.8387836651307746,0.5398883646436258,0.022560616585831222
36.5,24.404257417194977,24.405247455944533,24.0,0.0,0.840240163135231,0.5398883646436258,0.022560616585831222
36.6,24.405247455944533,24.406220278964717,24.0,0.0,0.8416889367842576,0.5398883646436258,0.022560616585831222
36.7,24.406220278964717,24.40717711028263,24.0,0.0,0.8431306106100238,0.5398883646436258,0.022560616585831222
36.800000000000004,24.40717711028263,24.40811916939867,24.0,0.0,0.8445658093722519,0.5398883646436258,0.022560616585831222
36.9,24.40811916939867,24.40904767145566,24.0,0.0,0.8459951581380225,0.5398883646436258,0.022560616585831222
37.0,24.40904767145566,24.409963827410312,24.0,0.0,0.8474192823632427,0.5398883646436258,0.022560616585831222
37.1,24.409963827410312,24.41086884420708,24.0,0.0,0.8488388079757847,0.5398883646436258,0.022560616585831222
37.2,24.41086884420708,24.411763924954382,24.0,0.0,0.8502543614602887,0.5398883646436258,0.022560616585831222
37.300000000000004,24.411763924954382,24.41265026910319,24.0,0.0,0.8516665699446508,0.5398883646436258,0.022560616585831222
37.4,24.41265026910319,24.413529072627973,24.0,0.0,0.8530760612881894,0.5398883646436258,0.022560616585831222
37.5,24.413529072627973,24.414401528210046,24.0,0.0,0.8544834641714938,0.5398883646436258,0.022560616585831222
37.6,24.414401528210046,24.415268825423254,24.0,0.0,0.8558894081879761,0.5398883646436258,0.022560616585831222
37.7,24.415268825423254,24.416132150922067,24.0,0.0,0.8572945239371172,0.5398883646436258,0.022560616585831222
37.800000000000004,24.416132150922067,24.41699268863205,24.0,0.0,0.8586994431194254,0.5398883646436258,0.022560616585831222
37.9,24.41699268863205,24.41785161994272,24.0,0.0,0.8601047986331143,0.5398883646436258,0.022560616585831222
38.0,24.41785161994272,24.412461131592075,24.0,0.0,0.6975536038742048,0.14704369434438225,0.027183335821217257
38.1,24.412461131592075,24.407037931973612,24.0,0.0,0.6978821734981323,0.14704369434438225,0.027183335821217257
38.2,24.407037931973612,24.401582592084857,24.0,0.0,0.6981911910707478,0.14704369434438225,0.027183335821217257
38.300000000000004,24.401582592084857,24.396095655162327,24.0,0.0,0.6984806531856607,0.14704369434438225,0.027183335821217257
38.400000000000006,24.396095655162327,24.390577636823,24.0,0.0,0.6987505538310975,0.14704369434438225,0.027183335821217257
38.5,24.390577636823,24.38502902520213,24.0,0.0,0.6990008843356245,0.14704369434438225,0.027183335821217257
38.6,24.38502902520213,24.379450281087415,24.0,0.0,0.6992316333137081,0.14704369434438225,0.027183335821217257
38.7,24.379450281087415,24.373841838049422,24.0,0.0,0.6994427866111039,0.14704369434438225,0.027183335821217257
38.800000000000004,24.373841838049422,24.368204102568264,24.0,0.0,0.6996343272500493,0.14704369434438225,0.027183335821217257
38.900000000000006,24.368204102568264,24.362537454156445,24.0,0.0,0.6998062353742496,0.14704369434438225,0.027183335821217257
39.0,24.362537454156445,24.356842245477843,24.0,0.0,0.6999584881936356,0.14704369434438225,0.027183335821217257
39.1,24.356842245477843,24.351118802462793,24.0,0.0,0.7000910599288739,0.14704369434438225,0.027183335821217257
39.2,24.351118802462793,24.34536742441921,24.0,0.0,0.7002039217556203,0.14704369434438225,0.027183335821217257
39.300000000000004,24.34536742441921,24.339588384139688,24.0,0.0,0.7002970417484902,0.14704369434438225,0.027183335821217257
39.400000000000006,24.339588384139688,24.33378192800458,24.0,0.0,0.7003703848247298,0.14704369434438225,0.027183335821217257
39.5,24.33378192800458,24.327948276080942,24.0,0.0,0.7004239126875751,0.14704369434438225,0.027183335821217257
39.6,24.327948276080942,24.322087622217367,24.0,0.0,0.700457583769274,0.14704369434438225,0.027183335821217257
39.7,24.322087622217367,24.316200134134597,24.0,0.0,0.7004713531737595,0.14704369434438225,0.027183335821217257
39.800000000000004,24.316200134134597,24.310285953511908,24.0,0.0,0.7004651726189499,0.14704369434438225,0.027183335821217257
39.900000000000006,24.310285953511908,24.304345196069203,24.0,0.0,0.7004389903786619,0.14704369434438225,0.027183335821217257
40.0,24.304345196069203,24.304919888006772,24.0,0.0,0.7768088601054959,0.398863974618209,0.0198172365479573
40.1,24.304919888006772,24.305478603673656,24.0,0.0,0.7776423509707764,0.398863974618209,0.0198172365479573
40.2,24.305478603673656,24.306022202881937,24.0,0.0,0.7784705766972851,0.398863974618209,0.0198172365479573
40.300000000000004,24.306022202881937,24.30655154129129,24.0,0.0,0.7792938502764435,0.398863974618209,0.0198172365479573
40.400000000000006,24.30655154129129,24.30706747053363,24.0,0.0,0.7801124847391075,0.398863974618209,0.0198172365479573
40.5,24.30706747053363,24.30757083833934,24.0,0.0,0.7809267931973038,0.398863974618209,0.0198172365479573
40.6,24.30757083833934,24.308062488665012,24.0,0.0,0.7817370888868465,0.398863974618209,0.0198172365479573
40.7,24.308062488665012,24.308543261822738,24.0,0.0,0.7825436852108085,0.398863974618209,0.0198172365479573
40.800000000000004,24.308543261822738,24.309013994610957,24.0,0.0,0.7833468957838707,0.398863974618209,0.0198172365479573
40.900000000000006,24.309013994610957,24.30947552044683,24.0,0.0,0.7841470344775465,0.398863974618209,0.0198172365479573
41.0,24.30947552044683,24.30992866950016,24.0,0.0,0.7849444154662819,0.398863974618209,0.0198172365479573
41.1,24.30992866950016,24.310374268828852,24.0,0.0,0.7857393532744347,0.398863974618209,0.0198172365479573
41.2,24.310374268828852,24.310813142515947,24.0,0.0,0.7865321628241422,0.398863974618209,0.0198172365479573
41.300000000000004,24.310813142515947,24.311246111808178,24.0,0.0,0.7873231594840775,0.398863974618209,0.0198172365479573
41.400000000000006,24.311246111808178,24.311673995256104,24.0,0.0,0.7881126591190977,0.398863974618209,0.0198172365479573
41.5,24.311673995256104,24.312097608855794,24.0,0.0,0.7889009781407947,0.398863974618209,0.0198172365479573
41.6,24.312097608855794,24.312517766192077,24.0,0.0,0.7896884335589441,0.398863974618209,0.0198172365479573
41.7,24.312517766192077,24.31293527858337,24.0,0.0,0.7904753430338657,0.398863974618209,0.0198172365479573
41.800000000000004,24.31293527858337,24.313350955228092,24.0,0.0,0.7912620249296984,0.398863974618209,0.0198172365479573
41.900000000000006,24.313350955228092,24.313765603352643,24.0,0.0,0.7920487983685962,0.398863974618209,0.0198172365479573
42.0,24.313765603352643,24.311131012896528,24.0,0.0,0.7247491687528702,0.18190727433152348,0.019394482556270676
42.1,24.311131012896528,24.308476306090867,24.0,0.0,0.7248733400842523,0.18190727433152348,0.019394482556270676
42.2,24.308476306090867,24.305801793346284,24.0,0.0,0.7249887034388354,0.18190727433152348,0.019394482556270676
42.300000000000004,24.305801793346284,24.303107771036814,24.0,0.0,0.7250952768699763,0.18190727433152348,0.019394482556270676
42.400000000000006,24.303107771036814,24.300394521568336,24.0,0.0,0.7251930764524767,0.18190727433152348,0.019394482556270676
42.5,24.300394521568336,24.29766231344501,24.0,0.0,0.72528211626794,0.18190727433152348,0.019394482556270676
42.6,24.29766231344501,24.294911401333653,24.0,0.0,0.7253624083898961,0.18190727433152348,0.019394482556270676
42.7,24.294911401333653,24.2921420261261,24.0,0.0,0.7254339628686748,0.18190727433152348,0.019394482556270676
42.800000000000004,24.2921420261261,24.28935441499945,24.0,0.0,0.7254967877160332,0.18190727433152348,0.019394482556270676
42.900000000000006,24.28935441499945,24.28654878147423,24.0,0.0,0.7255508888895168,0.18190727433152348,0.019394482556270676
43.0,24.28654878147423,24.283725325470414,24.0,0.0,0.7255962702765532,0.18190727433152348,0.019394482556270676
43.1,24.283725325470414,24.280884233361295,24.0,0.0,0.7256329336782646,0.18190727433152348,0.019394482556270676
43.2,24.280884233361295,24.278025678025184,24.0,0.0,0.7256608787929958,0.18190727433152348,0.019394482556270676
43.300000000000004,24.278025678025184,24.275149818894892,24.0,0.0,0.7256801031995436,0.18190727433152348,0.019394482556270676
43.400000000000006,24.275149818894892,24.272256802004996,24.0,0.0,0.7256906023400825,0.18190727433152348,0.019394482556270676
43.5,24.272256802004996,24.269346760036846,24.0,0.0,0.7256923695027776,0.18190727433152348,0.019394482556270676
43.6,24.269346760036846,24.2664198123613,24.0,0.0,0.7256853958040734,0.18190727433152348,0.019394482556270676
43.7,24.2664198123613,24.263476065079146,24.0,0.0,0.7256696701706522,0.18190727433152348,0.019394482556270676
43.800000000000004,24.263476065079146,24.260515611059223,24.0,0.0,0.7256451793210522,0.18190727433152348,0.019394482556270676
43.900000000000006,24.260515611059223,24.257538529974145,24.0,0.0,0.7256119077469365,0.18190727433152348,0.019394482556270676
44.0,24.257538529974145,24.25726156356719,24.0,0.0,0.7422295494972821,0.24679183809699273,0.017431150432850116
44.1,24.25726156356719,24.256981024079163,24.0,0.0,0.7426096329501318,0.24679183809699273,0.017431150432850116
44.2,24.256981024079163,24.256697280770616,24.0,0.0,0.7429883455831339,0.24679183809699273,0.017431150432850116
44.300000000000004,24.256697280770616,24.256410700340084,24.0,0.0,0.7433657729421514,0.24679183809699273,0.017431150432850116
44.400000000000006,24.256410700340084,24.25612164701579,24.0,0.0,0.7437420005799595,0.24679183809699273,0.017431150432850116
44.5,24.25612164701579,24.255830482647504,24.0,0.0,0.744117114074573,0.24679183809699273,0.017431150432850116
44.6,24.255830482647504,24.255537566798534,24.0,0.0,0.7444911990477694,0.24679183809699273,0.017431150432850116
44.7,24.255537566798534,24.25524325683784,24.0,0.0,0.7448643411838053,0.24679183809699273,0.017431150432850116
44.800000000000004,24.25524325683784,24.25494790803233,24.0,0.0,0.7452366262483265,0.24679183809699273,0.017431150432850116
44.900000000000006,24.25494790803233,24.25465187363931,24.0,0.0,0.7456081401074806,0.24679183809699273,0.017431150432850116
45.0,24.25465187363931,24.254355504999086,24.0,0.0,0.7459789687472285,0.24679183809699273,0.017431150432850116
45.1,24.254355504999086,24.254059151627793,24.0,0.0,0.7463491982928593,0.24679183809699273,0.017431150432850116
45.2,24.254059151627793,24.253763161310374,24.0,0.0,0.7467189150287181,0.24679183809699273,0.017431150432850116
45.300000000000004,24.253763161310374,24.2534678801938,24.0,0.0,0.7470882054181353,0.24679183809699273,0.017431150432850116
45.400000000000006,24.2534678801938,24.253173652880484,24.0,0.0,0.7474571561235758,0.24679183809699273,0.017431150432850116
45.5,24.253173652880484,24.25288082252193,24.0,0.0,0.7478258540270039,0.24679183809699273,0.017431150432850116
45.6,24.25288082252193,24.25258973091262,24.0,0.0,0.7481943862504621,0.24679183809699273,0.017431150432850116
45.7,24.25258973091262,24.252300718584163,24.0,0.0,0.7485628401768791,0.24679183809699273,0.017431150432850116
45.800000000000004,24.252300718584163,24.25201412489968,24.0,0.0,0.7489313034711018,0.24679183809699273,0.017431150432850116
45.900000000000006,24.25201412489968,24.251730288148508,24.0,0.0,0.7492998641011545,0.24679183809699273,0.017431150432850116
46.0,24.251730288148508,24.250784820367052,24.0,0.0,0.7469110127284981,0.2358808174700712,0.016995634114632598
46.1,24.250784820367052,24.24982890273279,24.0,0.0,0.7471142197201628,0.2358808174700712,0.016995634114632598
46.2,24.24982890273279,24.248862642060523,24.0,0.0,0.7473133371493699,0.2358808174700712,0.016995634114632598
46.300000000000004,24.248862642060523,24.247886141219013,24.0,0.0,0.7475083726330324,0.2358808174700712,0.016995634114632598
46.400000000000006,24.247886141219013,24.246899499150395,24.0,0.0,0.7476993330321013,0.2358808174700712,0.016995634114632598
46.5,24.246899499150395,24.245902810888747,24.0,0.0,0.74788622444947,0.2358808174700712,0.016995634114632598
46.6,24.245902810888747,24.244896167577842,24.0,0.0,0.7480690522277121,0.2358808174700712,0.016995634114632598
46.7,24.244896167577842,24.243879656488055,24.0,0.0,0.7482478209466579,0.2358808174700712,0.016995634114632598
46.800000000000004,24.243879656488055,24.242853361032434,24.0,0.0,0.7484225344207988,0.2358808174700712,0.016995634114632598
46.900000000000006,24.242853361032434,24.241817360781933,24.0,0.0,0.7485931956965228,0.2358808174700712,0.016995634114632598
47.0,24.241817360781933,24.240771731479782,24.0,0.0,0.748759807049177,0.2358808174700712,0.016995634114632598
47.1,24.240771731479782,24.239716545055035,24.0,0.0,0.7489223699799527,0.2358808174700712,0.016995634114632598
47.2,24.239716545055035,24.238651869635234,24.0,0.0,0.749080885212598,0.2358808174700712,0.016995634114632598
47.300000000000004,24.238651869635234,24.237577769558232,24.0,0.0,0.7492353526899442,0.2358808174700712,0.016995634114632598
47.400000000000006,24.237577769558232,24.23649430538315,24.0,0.0,0.7493857715702545,0.2358808174700712,0.016995634114632598
47.5,24.23649430538315,24.23540153390047,24.0,0.0,0.7495321402233853,0.2358808174700712,0.016995634114632598
47.6,24.23540153390047,24.23429950814123,24.0,0.0,0.7496744562267619,0.2358808174700712,0.016995634114632598
47.7,24.23429950814123,24.233188277385402,24.0,0.0,0.7498127163611605,0.2358808174700712,0.016995634114632598
47.800000000000004,24.233188277385402,24.232067887169315,24.0,0.0,0.7499469166063042,0.2358808174700712,0.016995634114632598
47.900000000000006,24.232067887169315,24.230938379292255,24.0,0.0,0.7500770521362565,0.2358808174700712,0.016995634114632598
48.0,24.230938379292255,24.22990982042665,24.0,0.0,0.7507383651282803,0.23821676333628747,0.016813259109861055
48.1,24.22990982042665,24.228878283526992,24.0,0.0,0.7508798985026883,0.23821676333628747,0.016813259109861055
48.2,24.228878283526992,24.227843946620517,24.0,0.0,0.7510189881097461,0.23821676333628747,0.016813259109861055
48.300000000000004,24.227843946620517,24.22680698654262,24.0,0.0,0.7511556716508008,0.23821676333628747,0.016813259109861055
48.400000000000006,24.22680698654262,24.225767578972977,24.0,0.0,0.751289986840602,0.23821676333628747,0.016813259109861055
48.5,24.225767578972977,24.224725898471554,24.0,0.0,0.7514219714139624,0.23821676333628747,0.016813259109861055
48.6,24.224725898471554,24.22368211851452,24.0,0.0,0.7515516631324528,0.23821676333628747,0.016813259109861055
48.7,24.22368211851452,24.222636411530097,24.0,0.0,0.7516790997911358,0.23821676333628747,0.016813259109861055
48.800000000000004,24.222636411530097,24.22158894893432,24.0,0.0,0.7518043192253426,0.23821676333628747,0.016813259109861055
48.900000000000006,24.22158894893432,24.22053990116672,24.0,0.0,0.7519273593174919,0.23821676333628747,0.016813259109861055
49.0,24.22053990116672,24.219489437725986,24.0,0.0,0.7520482580039474,0.23821676333628747,0.016813259109861055
49.1,24.219489437725986,24.218437727205522,24.0,0.0,0.7521670532819291,0.23821676333628747,0.016813259109861055
49.2,24.218437727205522,24.217384937328994,24.0,0.0,0.7522837832164649,0.23821676333628747,0.016813259109861055
49.300000000000004,24.217384937328994,24.216331234985823,24.0,0.0,0.7523984859473944,0.23821676333628747,0.016813259109861055
49.400000000000006,24.216331234985823,24.21527678626665,24.0,0.0,0.7525111996964218,0.23821676333628747,0.016813259109861055
49.5,24.21527678626665,24.214221756498777,24.0,0.0,0.7526219627742201,0.23821676333628747,0.016813259109861055
49.6,24.214221756498777,24.2131663102816,24.0,0.0,0.7527308135875924,0.23821676333628747,0.016813259109861055
49.7,24.2131663102816,24.212110611522018,24.0,0.0,0.7528377906466869,0.23821676333628747,0.016813259109861055
49.800000000000004,24.212110611522018,24.211054823469844,24.0,0.0,0.7529429325722681,0.23821676333628747,0.016813259109861055
49.900000000000006,24.211054823469844,24.20999910875324,24.0,0.0,0.7530462781030486,0.23821676333628747,0.016813259109861055
50.0,24.20999910875324,24.20892227293729,24.0,0.0,0.7533710537735536,0.2392921891508095,0.016687030378439376
50.1,24.20892227293729,24.20784516065718,24.0,0.0,0.7534620046053224,0.2392921891508095,0.016687030378439376
50.2,24.20784516065718,24.206767870798505,24.0,0.0,0.7535510919008434,0.2392921891508095,0.016687030378439376
50.300000000000004,24.206767870798505,24.205690500249375,24.0,0.0,0.7536383390263411,0.2392921891508095,0.016687030378439376
50.400000000000006,24.205690500249375,24.204613143909846,24.0,0.0,0.7537237690317351,0.2392921891508095,0.016687030378439376
50.5,24.204613143909846,24.20353589470103,24.0,0.0,0.7538074046495788,0.2392921891508095,0.016687030378439376
50.6,24.20353589470103,24.2024588435739,24.0,0.0,0.7538892682939382,0.2392921891508095,0.016687030378439376
50.7,24.2024588435739,24.201382079517785,24.0,0.0,0.7539693820592102,0.2392921891508095,0.016687030378439376
50.800000000000004,24.201382079517785,24.200305689568534,24.0,0.0,0.754047767718882,0.2392921891508095,0.016687030378439376
50.900000000000006,24.200305689568534,24.199229758816394,24.0,0.0,0.7541244467242263,0.2392921891508095,0.016687030378439376
51.0,24.199229758816394,24.19815437041355,24.0,0.0,0.7541994402029378,0.2392921891508095,0.016687030378439376
51.1,24.19815437041355,24.19707960558138,24.0,0.0,0.7542727689577053,0.2392921891508095,0.016687030378439376
51.2,24.19707960558138,24.196005543617353,24.0,0.0,0.7543444534647233,0.2392921891508095,0.016687030378439376
51.300000000000004,24.196005543617353,24.194932261901663,24.0,0.0,0.7544145138721365,0.2392921891508095,0.016687030378439376
51.400000000000006,24.194932261901663,24.193859835903513,24.0,0.0,0.7544829699984225,0.2392921891508095,0.016687030378439376
51.5,24.193859835903513,24.192788339187103,24.0,0.0,0.7545498413307111,0.2392921891508095,0.016687030378439376
51.6,24.192788339187103,24.191717843417287,24.0,0.0,0.7546151470230359,0.2392921891508095,0.016687030378439376
51.7,24.191717843417287,24.190648418364933,24.0,0.0,0.7546789058945191,0.2392921891508095,0.016687030378439376
51.800000000000004,24.190648418364933,24.189580131911946,24.0,0.0,0.7547411364274944,0.2392921891508095,0.016687030378439376
51.900000000000006,24.189580131911946,24.18851305005599,24.0,0.0,0.7548018567655552,0.2392921891508095,0.016687030378439376
52.0,24.18851305005599,24.18743833168968,24.0,0.0,0.7550728093538438,0.24042654503424615,0.016574770503926556
52.1,24.18743833168968,24.186365344550257,24.0,0.0,0.7551250932632863,0.24042654503424615,0.016574770503926556
52.2,24.186365344550257,24.185294154358598,24.0,0.0,0.755176014954069,0.24042654503424615,0.016574770503926556
52.300000000000004,24.185294154358598,24.184224825575477,24.0,0.0,0.7552255932056352,0.24042654503424615,0.016574770503926556
52.400000000000006,24.184224825575477,24.183157421420475,24.0,0.0,0.7552738466013077,0.24042654503424615,0.016574770503926556
52.5,24.183157421420475,24.182092003890833,24.0,0.0,0.7553207935307789,0.24042654503424615,0.016574770503926556
52.6,24.182092003890833,24.18102863378025,24.0,0.0,0.7553664521926173,0.24042654503424615,0.016574770503926556
52.7,24.18102863378025,24.17996737069765,24.0,0.0,0.755410840596792,0.24042654503424615,0.016574770503926556
52.800000000000004,24.17996737069765,24.178908273085888,24.0,0.0,0.7554539765672208,0.24042654503424615,0.016574770503926556
52.900000000000006,24.178908273085888,24.177851398240424,24.0,0.0,0.755495877744336,0.24042654503424615,0.016574770503926556
53.0,24.177851398240424,24.17679680232796,24.0,0.0,0.7555365615876714,0.24042654503424615,0.016574770503926556
53.1,24.17679680232796,24.17574454040503,24.0,0.0,0.7555760453784717,0.24042654503424615,0.016574770503926556
53.2,24.17574454040503,24.174694666436576,24.0,0.0,0.7556143462223239,0.24042654503424615,0.016574770503926556
53.300000000000004,24.174694666436576,24.173647233314465,24.0,0.0,0.7556514810518116,0.24042654503424615,0.016574770503926556
53.400000000000006,24.173647233314465,24.17260229287601,24.0,0.0,0.755687466629191,0.24042654503424615,0.016574770503926556
53.5,24.17260229287601,24.171559895922446,24.0,0.0,0.755722319549094,0.24042654503424615,0.016574770503926556
53.6,24.171559895922446,24.170520092237382,24.0,0.0,0.7557560562412532,0.24042654503424615,0.016574770503926556
53.7,24.170520092237382,24.16948293060525,24.0,0.0,0.7557886929732537,0.24042654503424615,0.016574770503926556
53.800000000000004,24.16948293060525,24.168448458829708,24.0,0.0,0.7558202458533092,0.24042654503424615,0.016574770503926556
53.900000000000006,24.168448458829708,24.16741672375208,24.0,0.0,0.755850730833065,0.24042654503424615,0.016574770503926556
54.0,24.16741672375208,24.166379323421243,24.0,0.0,0.756058260209754,0.24149839710809046,0.01649416546060782
54.1,24.166379323421243,24.16534501100945,24.0,0.0,0.7560821585016709,0.24149839710809046,0.01649416546060782
54.2,24.16534501100945,24.164313825468394,24.0,0.0,0.7561050965090814,0.24149839710809046,0.01649416546060782
54.300000000000004,24.164313825468394,24.16328580480619,24.0,0.0,0.7561270887962696,0.24149839710809046,0.01649416546060782
54.400000000000006,24.16328580480619,24.16226098609991,24.0,0.0,0.7561481497623375,0.24149839710809046,0.01649416546060782
54.5,24.16226098609991,24.16123940550795,24.0,0.0,0.7561682936426977,0.24149839710809046,0.01649416546060782
54.6,24.16123940550795,24.160221098282243,24.0,0.0,0.7561875345105443,0.24149839710809046,0.01649416546060782
54.7,24.160221098282243,24.159206098780295,24.0,0.0,0.7562058862783074,0.24149839710809046,0.01649416546060782
54.800000000000004,24.159206098780295,24.158194440477082,24.0,0.0,0.7562233626990836,0.24149839710809046,0.01649416546060782
54.900000000000006,24.158194440477082,24.157186155976767,24.0,0.0,0.7562399773680544,0.24149839710809046,0.01649416546060782
55.0,24.157186155976767,24.156181277024256,24.0,0.0,0.756255743723879,0.24149839710809046,0.01649416546060782
55.1,24.156181277024256,24.155179834516602,24.0,0.0,0.7562706750500687,0.24149839710809046,0.01649416546060782
55.2,24.155179834516602,24.15418185851425,24.0,0.0,0.7562847844763411,0.24149839710809046,0.01649416546060782
55.300000000000004,24.15418185851425,24.153187378252095,24.0,0.0,0.7562980849799563,0.24149839710809046,0.01649416546060782
55.400000000000006,24.153187378252095,24.152196422150414,24.0,0.0,0.7563105893870272,0.24149839710809046,0.01649416546060782
55.5,24.152196422150414,24.1512090178256,24.0,0.0,0.7563223103738128,0.24149839710809046,0.01649416546060782
55.6,24.1512090178256,24.15022519210077,24.0,0.0,0.7563332604679878,0.24149839710809046,0.01649416546060782
55.7,24.15022519210077,24.149244971016174,24.0,0.0,0.7563434520498936,0.24149839710809046,0.01649416546060782
55.800000000000004,24.149244971016174,24.148268379839465,24.0,0.0,0.7563528973537625,0.24149839710809046,0.01649416546060782
55.900000000000006,24.148268379839465,24.147295443075805,24.0,0.0,0.7563616084689222,0.24149839710809046,0.01649416546060782
56.0,24.147295443075805,24.146319078397823,24.0,0.0,0.7565142321773067,0.24248627457083305,0.016434760211282966
56.1,24.146319078397823,24.14534662981316,24.0,0.0,0.7565179490407009,0.24248627457083305,0.016434760211282966
56.2,24.14534662981316,24.144378116105738,24.0,0.0,0.7565210173070444,0.24248627457083305,0.016434760211282966
56.300000000000004,24.144378116105738,24.14341355538466,24.0,0.0,0.7565234479980559,0.24248627457083305,0.016434760211282966
56.400000000000006,24.14341355538466,24.1424529650942,24.0,0.0,0.7565252520015842,0.24248627457083305,0.016434760211282966
56.5,24.1424529650942,24.14149636202362,24.0,0.0,0.7565264400729322,0.24248627457083305,0.016434760211282966
56.6,24.14149636202362,24.14054376231693,24.0,0.0,0.7565270228361669,0.24248627457083305,0.016434760211282966
56.7,24.14054376231693,24.13959518148251,24.0,0.0,0.7565270107854215,0.24248627457083305,0.016434760211282966
56.800000000000004,24.13959518148251,24.138650634402637,24.0,0.0,0.7565264142861848,0.24248627457083305,0.016434760211282966
56.900000000000006,24.138650634402637,24.137710135342925,24.0,0.0,0.7565252435765849,0.24248627457083305,0.016434760211282966
57.0,24.137710135342925,24.13677369796162,24.0,0.0,0.7565235087686604,0.24248627457083305,0.016434760211282966
57.1,24.13677369796162,24.135841335318837,24.0,0.0,0.7565212198496196,0.24248627457083305,0.016434760211282966
57.2,24.135841335318837,24.13491305988568,24.0,0.0,0.7565183866830969,0.24248627457083305,0.016434760211282966
57.300000000000004,24.13491305988568,24.13398888355325,24.0,0.0,0.7565150190103942,0.24248627457083305,0.016434760211282966
57.400000000000006,24.13398888355325,24.133068817641586,24.0,0.0,0.7565111264517145,0.24248627457083305,0.016434760211282966
57.5,24.133068817641586,24.132152872908478,24.0,0.0,0.7565067185073892,0.24248627457083305,0.016434760211282966
57.6,24.132152872908478,24.131241059558203,24.0,0.0,0.7565018045590932,0.24248627457083305,0.016434760211282966
57.7,24.131241059558203,24.130333387250168,24.0,0.0,0.7564963938710526,0.24248627457083305,0.016434760211282966
57.800000000000004,24.130333387250168,24.12942986510746,24.0,0.0,0.7564904955912443,0.24248627457083305,0.016434760211282966
57.900000000000006,24.12942986510746,24.128530501725294,24.0,0.0,0.756484118752589,0.24248627457083305,0.016434760211282966
58.0,24.128530501725294,24.12762953422534,24.0,0.0,0.7565923382393465,0.24338567308220627,0.016393199904969808
58.1,24.12762953422534,24.12673291201607,24.0,0.0,0.756582281304778,0.24338567308220627,0.016393199904969808
58.2,24.12673291201607,24.12584063930439,24.0,0.0,0.7565718121009968,0.24338567308220627,0.016393199904969808
58.300000000000004,24.12584063930439,24.124952719836447,24.0,0.0,0.7565609387821199,0.24338567308220627,0.016393199904969808
58.400000000000006,24.124952719836447,24.124069156905286,24.0,0.0,0.7565496693962668,0.24338567308220627,0.016393199904969808
58.5,24.124069156905286,24.123189953358384,24.0,0.0,0.7565380118866746,0.24338567308220627,0.016393199904969808
58.6,24.123189953358384,24.122315111605115,24.0,0.0,0.7565259740928045,0.24338567308220627,0.016393199904969808
58.7,24.122315111605115,24.12144463362412,24.0,0.0,0.7565135637514389,0.24338567308220627,0.016393199904969808
58.800000000000004,24.12144463362412,24.120578520970586,24.0,0.0,0.7565007884977695,0.24338567308220627,0.016393199904969808
58.900000000000006,24.120578520970586,24.11971677478344,24.0,0.0,0.7564876558664759,0.24338567308220627,0.016393199904969808
59.0,24.11971677478344,24.118859395792462,24.0,0.0,0.7564741732927921,0.24338567308220627,0.016393199904969808
59.1,24.118859395792462,24.11800638432529,24.0,0.0,0.7564603481135672,0.24338567308220627,0.016393199904969808
59.2,24.11800638432529,24.117157740314376,24.0,0.0,0.7564461875683135,0.24338567308220627,0.016393199904969808
59.300000000000004,24.117157740314376,24.116313463303825,24.0,0.0,0.7564316988002486,0.24338567308220627,0.016393199904969808
59.400000000000006,24.116313463303825,24.11547355245617,24.0,0.0,0.7564168888573258,0.24338567308220627,0.016393199904969808
59.5,24.11547355245617,24.114638006559055,24.0,0.0,0.7564017646932552,0.24338567308220627,0.016393199904969808
59.6,24.114638006559055,24.113806824031844,24.0,0.0,0.7563863331685179,0.24338567308220627,0.016393199904969808
59.7,24.113806824031844,24.112980002932137,24.0,0.0,0.7563706010513689,0.24338567308220627,0.016393199904969808
59.800000000000004,24.112980002932137,24.11215754096221,24.0,0.0,0.7563545750188311,0.24338567308220627,0.016393199904969808
59.900000000000006,24.11215754096221,24.1113394354754,24.0,0.0,0.7563382616576808,0.24338567308220627,0.016393199904969808
60.0,24.1113394354754,24.11800237354217,24.0,1.5,0.7564112215554195,0.2441928254186266,0.01636501622636076
60.1,24.11800237354217,24.124632481340054,24.0,1.5,0.7582313743033096,0.2441928254186266,0.01636501622636076
60.2,24.124632481340054,24.131229939060315,24.0,1.5,0.7600543603172515,0.2441928254186266,0.01636501622636076
60.300000000000004,24.131229939060315,24.137794925670153,24.0,1.5,0.7618801701667527,0.2441928254186266,0.01636501622636076
60.400000000000006,24.137794925670153,24.144327618923047,24.0,1.5,0.7637087944152948,0.2441928254186266,0.01636501622636076
60.5,24.144327618923047,24.150828195368987,24.0,1.5,0.7655402236208708,0.2441928254186266,0.01636501622636076
60.6,24.150828195368987,24.157296830364622,24.0,1.5,0.7673744483365154,0.2441928254186266,0.01636501622636076
60.7,24.157296830364622,24.16373369808331,24.0,1.5,0.7692114591108283,0.2441928254186266,0.01636501622636076
60.800000000000004,24.16373369808331,24.170138971525063,24.0,1.5,0.7710512464884941,0.2441928254186266,0.01636501622636076
60.900000000000006,24.170138971525063,24.176512822526423,24.0,1.5,0.7728938010107892,0.2441928254186266,0.01636501622636076
61.0,24.176512822526423,24.182855421770228,24.0,1.5,0.7747391132160892,0.2441928254186266,0.01636501622636076
61.1,24.182855421770228,24.18916693879528,24.0,1.5,0.7765871736403667,0.2441928254186266,0.01636501622636076
61.2,24.18916693879528,24.19544754200596,24.0,1.5,0.7784379728176799,0.2441928254186266,0.01636501622636076
61.300000000000004,24.19544754200596,24.201697398681702,24.0,1.5,0.7802915012806622,0.2441928254186266,0.01636501622636076
61.400000000000006,24.201697398681702,24.207916674986418,24.0,1.5,0.7821477495609969,0.2441928254186266,0.01636501622636076
61.5,24.207916674986418,24.214105535977822,24.0,1.5,0.7840067081898929,0.2441928254186266,0.01636501622636076
61.6,24.214105535977822,24.220264145616664,24.0,1.5,0.7858683676985501,0.2441928254186266,0.01636501622636076
61.7,24.220264145616664,24.22639266677588,24.0,1.5,0.7877327186186194,0.2441928254186266,0.01636501622636076
61.800000000000004,24.22639266677588,24.232491261249663,24.0,1.5,0.7895997514826577,0.2441928254186266,0.01636501622636076
61.900000000000006,24.232491261249663,24.238560089762437,24.0,1.5,0.7914694568245771,0.2441928254186266,0.01636501622636076
62.0,24.238560089762437,24.244595738754665,24.0,1.5,0.8695124543280173,0.5622949136007681,0.02827675040892685
62.1,24.244595738754665,24.250528660424337,24.0,1.5,0.8735979063222119,0.5622949136007681,0.02827675040892685
62.2,24.250528660424337,24.256359254078326,24.0,1.5,0.8776423716399703,0.5622949136007681,0.02827675040892685
62.300000000000004,24.256359254078326,24.26208791740823,24.0,1.5,0.8816457854591406,0.5622949136007681,0.02827675040892685
62.400000000000006,24.26208791740823,24.267715046498672,24.0,1.5,0.8856080831738519,0.5622949136007681,0.02827675040892685
62.5,24.267715046498672,24.27324103583553,24.0,1.5,0.889529200394638,0.5622949136007681,0.02827675040892685
62.6,24.27324103583553,24.27866627831411,24.0,1.5,0.8934090729485442,0.5622949136007681,0.02827675040892685
62.7,24.27866627831411,24.28399116524726,24.0,1.5,0.8972476368792279,0.5622949136007681,0.02827675040892685
62.800000000000004,24.28399116524726,24.289216086373422,24.0,1.5,0.9010448284470425,0.5622949136007681,0.02827675040892685
62.900000000000006,24.289216086373422,24.294341429864602,24.0,1.5,0.9048005841291105,0.5622949136007681,0.02827675040892685
63.0,24.294341429864602,24.299367582334316,24.0,1.5,0.9085148406193866,0.5622949136007681,0.02827675040892685
63.1,24.299367582334316,24.30429492884545,24.0,1.5,0.9121875348287078,0.5622949136007681,0.02827675040892685
63.2,24.30429492884545,24.30912385291808,24.0,1.5,0.9158186038848339,0.5622949136007681,0.02827675040892685
63.300000000000004,24.30912385291808,24.313854736537213,24.0,1.5,0.919407985132479,0.5622949136007681,0.02827675040892685
63.400000000000006,24.313854736537213,24.318487960160482,24.0,1.5,0.9229556161333263,0.5622949136007681,0.02827675040892685
63.5,24.318487960160482,24.323023902725794,24.0,1.5,0.9264614346660363,0.5622949136007681,0.02827675040892685
63.6,24.323023902725794,24.327462941658897,24.0,1.5,0.9299253787262458,0.5622949136007681,0.02827675040892685
63.7,24.327462941658897,24.331805452880907,24.0,1.5,0.9333473865265518,0.5622949136007681,0.02827675040892685
63.800000000000004,24.331805452880907,24.336051810815782,24.0,1.5,0.9367273964964856,0.5622949136007681,0.02827675040892685
63.900000000000006,24.336051810815782,24.34020238839773,24.0,1.5,0.9400653472824846,0.5622949136007681,0.02827675040892685
64.0,24.34020238839773,24.34121833629632,24.0,1.5,0.8021624636078686,0.14738097410718484,0.0269833748699048
64.10000000000001,24.34121833629632,24.342066206918997,24.0,1.5,0.8032329172268814,0.14738097410718484,0.0269833748699048
64.2,24.342066206918997,24.342748473929888,24.0,1.5,0.8042808872943308,0.14738097410718484,0.0269833748699048
64.3,24.342748473929888,24.343267601242076,24.0,1.5,0.8053062915268108,0.14738097410718484,0.0269833748699048
64.4,24.343267601242076,24.34362604305762,24.0,1.5,0.8063090528522675,0.14738097410718484,0.0269833748699048
64.5,24.34362604305762,24.343826243907337,24.0,1.5,0.8072890993896915,0.14738097410718484,0.0269833748699048
64.60000000000001,24.343826243907337,24.34387063869041,24.0,1.5,0.8082463644288864,0.14738097410718484,0.0269833748699048
64.7,24.34387063869041,24.343761652713788,24.0,1.5,0.8091807864103149,0.14738097410718484,0.0269833748699048
64.8,24.343761652713788,24.34350170173136,24.0,1.5,0.8100923089050234,0.14738097410718484,0.0269833748699048
64.9,24.34350170173136,24.34309319198297,24.0,1.5,0.8109808805946398,0.14738097410718484,0.0269833748699048
65.0,24.34309319198297,24.34253852023322,24.0,1.5,0.8118464552514487,0.14738097410718484,0.0269833748699048
65.10000000000001,24.34253852023322,24.341840073810058,24.0,1.5,0.8126889917185444,0.14738097410718484,0.0269833748699048
65.2,24.341840073810058,24.341000230643203,24.0,1.5,0.8135084538900546,0.14738097410718484,0.0269833748699048
65.3,24.341000230643203,24.340021359302355,24.0,1.5,0.8143048106914432,0.14738097410718484,0.0269833748699048
65.4,24.340021359302355,24.33890581903522,24.0,1.5,0.8150780360598864,0.14738097410718484,0.0269833748699048
65.5,24.33890581903522,24.33765595980535,24.0,1.5,0.815828108924722,0.14738097410718484,0.0269833748699048
65.60000000000001,24.33765595980535,24.33627412232979,24.0,1.5,0.8165550131879755,0.14738097410718484,0.0269833748699048
65.7,24.33627412232979,24.334762638116537,24.0,1.5,0.817258737704957,0.14738097410718484,0.0269833748699048
65.8,24.334762638116537,24.333123829501815,24.0,1.5,0.8179392762649339,0.14738097410718484,0.0269833748699048
65.9,24.333123829501815,24.331360009687167,24.0,1.5,0.8185966275718755,0.14738097410718484,0.0269833748699048
66.0,24.331360009687167,24.335107334974275,24.0,1.5,0.8508620867403405,0.24340087233670024,0.021374282432969738
66.10000000000001,24.335107334974275,24.338793259120955,24.0,1.5,0.852490456866462,0.24340087233670024,0.021374282432969738
66.2,24.338793259120955,24.342418985464125,24.0,1.5,0.8541117602998145,0.24340087233670024,0.021374282432969738
66.3,24.342418985464125,24.345985714622152,24.0,1.5,0.8557261612651683,0.24340087233670024,0.021374282432969738
66.4,24.345985714622152,24.34949464430049,24.0,1.5,0.8573338258918317,0.24340087233670024,0.021374282432969738
66.5,24.34949464430049,24.35294696909906,24.0,1.5,0.8589349221601157,0.24340087233670024,0.021374282432969738
66.60000000000001,24.35294696909906,24.35634388032146,24.0,1.5,0.8605296198478165,0.24340087233670024,0.021374282432969738
66.7,24.35634388032146,24.359686565785854,24.0,1.5,0.8621180904767238,0.24340087233670024,0.021374282432969738
66.8,24.359686565785854,24.362976209637672,24.0,1.5,0.8637005072591494,0.24340087233670024,0.021374282432969738
66.9,24.362976209637672,24.366213992164006,24.0,1.5,0.8652770450444836,0.24340087233670024,0.021374282432969738
67.0,24.366213992164006,24.36940108960973,24.0,1.5,0.8668478802657716,0.24340087233670024,0.021374282432969738
67.10000000000001,24.36940108960973,24.372538673995344,24.0,1.5,0.8684131908863196,0.24340087233670024,0.021374282432969738
67.2,24.372538673995344,24.3756279129365,24.0,1.5,0.8699731563463258,0.24340087233670024,0.021374282432969738
67.3,24.3756279129365,24.378669969465225,24.0,1.5,0.8715279575095412,0.24340087233670024,0.021374282432969738
67.4,24.378669969465225,24.381666001852803,24.0,1.5,0.8730777766099534,0.24340087233670024,0.021374282432969738
67.5,24.381666001852803,24.384617163434346,24.0,1.5,0.8746227971985054,0.24340087233670024,0.021374282432969738
67.60000000000001,24.384617163434346,24.38752460243499,24.0,1.5,0.8761632040898407,0.24340087233670024,0.021374282432969738
67.7,24.38752460243499,24.390389461797756,24.0,1.5,0.8776991833090803,0.24340087233670024,0.021374282432969738
67.8,24.390389461797756,24.393212879013014,24.0,1.5,0.8792309220386316,0.24340087233670024,0.021374282432969738
67.9,24.393212879013014,24.395995985949597,24.0,1.5,0.8807586085650262,0.24340087233670024,0.021374282432969738
68.0,24.395995985949597,24.39747781489074,24.0,1.5,0.8814510319447485,0.24142754761091625,0.02011236028131228
68.10000000000001,24.39747781489074,24.398887280940116,24.0,1.5,0.8826082079736783,0.24142754761091625,0.02011236028131228
68.2,24.398887280940116,24.400225026971373,24.0,1.5,0.8837507483760104,0.24142754761091625,0.02011236028131228
68.3,24.400225026971373,24.401491686099217,24.0,1.5,0.8848786641132679,0.24142754761091625,0.02011236028131228
68.4,24.401491686099217,24.402687881652092,24.0,1.5,0.8859919650642399,0.24142754761091625,0.02011236028131228
68.5,24.402687881652092,24.403814227147137,24.0,1.5,0.8870906599987043,0.24142754761091625,0.02011236028131228
68.60000000000001,24.403814227147137,24.4048713262674,24.0,1.5,0.8881747565516458,0.24142754761091625,0.02011236028131228
68.7,24.4048713262674,24.405859772841296,24.0,1.5,0.889244261197979,0.24142754761091625,0.02011236028131228
68.8,24.405859772841296,24.406780150824314,24.0,1.5,0.8902991792277666,0.24142754761091625,0.02011236028131228
68.9,24.406780150824314,24.407633034282927,24.0,1.5,0.8913395147219482,0.24142754761091625,0.02011236028131228
69.0,24.407633034282927,24.408418987380735,24.0,1.5,0.8923652705285653,0.24142754761091625,0.02011236028131228
69.10000000000001,24.408418987380735,24.409138564366796,24.0,1.5,0.8933764482394991,0.24142754761091625,0.02011236028131228
69.2,24.409138564366796,24.409792309566143,24.0,1.5,0.8943730481677135,0.24142754761091625,0.02011236028131228
69.3,24.409792309566143,24.410380757372483,24.0,1.5,0.8953550693250047,0.24142754761091625,0.02011236028131228
69.4,24.410380757372483,24.410904432243058,24.0,1.5,0.8963225094002658,0.24142754761091625,0.02011236028131228
69.5,24.410904432243058,24.411363848695654,24.0,1.5,0.8972753647382603,0.24142754761091625,0.02011236028131228
69.60000000000001,24.411363848695654,24.411759511307753,24.0,1.5,0.8982136303189101,0.24142754761091625,0.02011236028131228
69.7,24.411759511307753,24.41209191471782,24.0,1.5,0.8991372997370985,0.24142754761091625,0.02011236028131228
69.8,24.41209191471782,24.41236154362868,24.0,1.5,0.9000463651829904,0.24142754761091625,0.02011236028131228
69.9,24.41236154362868,24.41256887281304,24.0,1.5,0.9009408174228664,0.24142754761091625,0.02011236028131228
70.0,24.41256887281304,24.412747540130667,24.0,1.5,0.9016188227198924,0.24108876127778148,0.01860836012298272
70.10000000000001,24.412747540130667,24.412879144825155,24.0,1.5,0.9024299528888425,0.24108876127778148,0.01860836012298272
70.2,24.412879144825155,24.412964505586253,24.0,1.5,0.9032299816830325,0.24108876127778148,0.01860836012298272
70.3,24.412964505586253,24.41300443658311,24.0,1.5,0.9040190204269831,0.24108876127778148,0.01860836012298272
70.4,24.41300443658311,24.412999747530026,24.0,1.5,0.9047971808703845,0.24108876127778148,0.01860836012298272
70.5,24.412999747530026,24.41295124375292,24.0,1.5,0.9055645751956594,0.24108876127778148,0.01860836012298272
70.60000000000001,24.41295124375292,24.412859726256492,24.0,1.5,0.9063213160258186,0.24108876127778148,0.01860836012298272
70.7,24.412859726256492,24.412725991792065,24.0,1.5,0.907067516432615,0.24108876127778148,0.01860836012298272
70.8,24.412725991792065,24.412550832926073,24.0,1.5,0.9078032899449842,0.24108876127778148,0.01860836012298272
70.9,24.412550832926073,24.41233503810918,24.0,1.5,0.9085287505577677,0.24108876127778148,0.01860836012298272
71.0,24.41233503810918,24.412079391745998,24.0,1.5,0.9092440127407189,0.24108876127778148,0.01860836012298272
71.10000000000001,24.412079391745998,24.411784674265384,24.0,1.5,0.909949191447781,0.24108876127778148,0.01860836012298272
71.2,24.411784674265384,24.411451662191308,24.0,1.5,0.9106444021266384,0.24108876127778148,0.01860836012298272
71.3,24.411451662191308,24.41108112821424,24.0,1.5,0.9113297607285343,0.24108876127778148,0.01860836012298272
71.4,24.41108112821424,24.410673841263048,24.0,1.5,0.9120053837183487,0.24108876127778148,0.01860836012298272
71.5,24.410673841263048,24.410230566577404,24.0,1.5,0.9126713880849325,0.24108876127778148,0.01860836012298272
71.60000000000001,24.410230566577404,24.40975206578063,24.0,1.5,0.9133278913516977,0.24108876127778148,0.01860836012298272
71.7,24.40975206578063,24.409239096952998,24.0,1.5,0.9139750115874512,0.24108876127778148,0.01860836012298272
71.8,24.409239096952998,24.408692414705452,24.0,1.5,0.9146128674174739,0.24108876127778148,0.01860836012298272
71.9,24.408692414705452,24.408112770253734,24.0,1.5,0.9152415780348376,0.24108876127778148,0.01860836012298272
72.0,24.408112770253734,24.407508964266565,24.0,1.5,0.9167724851627924,0.24338309639233602,0.017992708996911452
72.10000000000001,24.407508964266565,24.40687580554556,24.0,1.5,0.9173587480127832,0.24338309639233602,0.017992708996911452
72.2,24.40687580554556,24.40621388343479,24.0,1.5,0.9179367276794638,0.24338309639233602,0.017992708996911452
72.3,24.40621388343479,24.4055237798971,24.0,1.5,0.918506515846089,0.24338309639233602,0.017992708996911452
72.4,24.4055237798971,24.404806069533937,24.0,1.5,0.9190682034465557,0.24338309639233602,0.017992708996911452
72.5,24.404806069533937,24.404061319604825,24.0,1.5,0.9196218806569872,0.24338309639233602,0.017992708996911452
72.60000000000001,24.404061319604825,24.40329009004639,24.0,1.5,0.9201676368872578,0.24338309639233602,0.017992708996911452
72.7,24.40329009004639,24.402492933490983,24.0,1.5,0.9207055607724509,0.24338309639233602,0.017992708996911452
72.8,24.402492933490983,24.401670395284864,24.0,1.5,0.921235740164248,0.24338309639233602,0.017992708996911452
72.9,24.401670395284864,24.400823013505953,24.0,1.5,0.9217582621222453,0.24338309639233602,0.017992708996911452
73.0,24.400823013505953,24.399951318981135,24.0,1.5,0.9222732129051953,0.24338309639233602,0.017992708996911452
73.10000000000001,24.399951318981135,24.399055835303102,24.0,1.5,0.9227806779621726,0.24338309639233602,0.017992708996911452
73.2,24.399055835303102,24.398137078846737,24.0,1.5,0.9232807419236571,0.24338309639233602,0.017992708996911452
73.3,24.398137078846737,24.397195558785015,24.0,1.5,0.9237734885925335,0.24338309639233602,0.017992708996911452
73.4,24.397195558785015,24.396231777104436,24.0,1.5,0.9242590009350043,0.24338309639233602,0.017992708996911452
73.5,24.396231777104436,24.395246228619953,24.0,1.5,0.9247373610714159,0.24338309639233602,0.017992708996911452
73.60000000000001,24.395246228619953,24.39423940098942,24.0,1.5,0.9252086502669862,0.24338309639233602,0.017992708996911452
73.7,24.39423940098942,24.39321177472752,24.0,1.5,0.9256729489224456,0.24338309639233602,0.017992708996911452
73.8,24.39321177472752,24.392163823219185,24.0,1.5,0.926130336564573,0.24338309639233602,0.017992708996911452
73.9,24.392163823219185,24.39109601273252,24.0,1.5,0.9265808918366357,0.24338309639233602,0.017992708996911452
74.0,24.39109601273252,24.389972444523632,24.0,1.5,0.9257295286761418,0.24013905237991176,0.017316886862827455
74.10000000000001,24.389972444523632,24.388831088149264,24.0,1.5,0.9261350269413193,0.24013905237991176,0.017316886862827455
74.2,24.388831088149264,24.38767236282865,24.0,1.5,0.9265342770993737,0.24013905237991176,0.017316886862827455
74.3,24.38767236282865,24.38649668203199,24.0,1.5,0.9269273497436077,0.24013905237991176,0.017316886862827455
74.4,24.38649668203199,24.385304453539007,24.0,1.5,0.9273143148027572,0.24013905237991176,0.017316886862827455
74.5,24.385304453539007,24.38409607949758,24.0,1.5,0.9276952415451999,0.24013905237991176,0.017316886862827455
74.60000000000001,24.38409607949758,24.382871956482397,24.0,1.5,0.928070198583283,0.24013905237991176,0.017316886862827455
74.7,24.382871956482397,24.38163247555366,24.0,1.5,0.9284392538777557,0.24013905237991176,0.017316886862827455
74.8,24.38163247555366,24.380378022315856,24.0,1.5,0.9288024747423198,0.24013905237991176,0.017316886862827455
74.9,24.380378022315856,24.37910897697658,24.0,1.5,0.929159927848294,0.24013905237991176,0.017316886862827455
75.0,24.37910897697658,24.37782571440538,24.0,1.5,0.9295116792293914,0.24013905237991176,0.017316886862827455
75.10000000000001,24.37782571440538,24.376528604192707,24.0,1.5,0.9298577942866114,0.24013905237991176,0.017316886862827455
75.2,24.376528604192707,24.37521801070891,24.0,1.5,0.9301983377932503,0.24013905237991176,0.017316886862827455
75.3,24.37521801070891,24.37389429316327,24.0,1.5,0.9305333739000301,0.24013905237991176,0.017316886862827455
75.4,24.37389429316327,24.372557805663153,24.0,1.5,0.9308629661403384,0.24013905237991176,0.017316886862827455
75.5,24.372557805663153,24.37120889727318,24.0,1.5,0.9311871774355955,0.24013905237991176,0.017316886862827455
75.60000000000001,24.37120889727318,24.36984791207452,24.0,1.5,0.9315060701007359,0.24013905237991176,0.017316886862827455
75.7,24.36984791207452,24.368475189224213,24.0,1.5,0.9318197058498109,0.24013905237991176,0.017316886862827455
75.8,24.368475189224213,24.367091063014627,24.0,1.5,0.9321281458017137,0.24013905237991176,0.017316886862827455
75.9,24.367091063014627,24.36569586293296,24.0,1.5,0.9324314504860273,0.24013905237991176,0.017316886862827455
76.0,24.36569586293296,24.36434159097255,24.0,1.5,0.9338349775883835,0.24317910665507483,0.017140851725860648
76.10000000000001,24.36434159097255,24.36297789402344,24.0,1.5,0.9341301594617257,0.24317910665507483,0.017140851725860648
76.2,24.36297789402344,24.361605068393477,24.0,1.5,0.934420711882015,0.24317910665507483,0.017140851725860648
76.3,24.361605068393477,24.360223406095972,24.0,1.5,0.9347066912577924,0.24317910665507483,0.017140851725860648
76.4,24.360223406095972,24.35883319489765,24.0,1.5,0.9349881534537938,0.24317910665507483,0.017140851725860648
76.5,24.35883319489765,24.35743471836617,24.0,1.5,0.9352651537953294,0.24317910665507483,0.017140851725860648
76.60000000000001,24.35743471836617,24.35602825591726,24.0,1.5,0.9355377470726456,0.24317910665507483,0.017140851725860648
76.7,24.35602825591726,24.354614082861396,24.0,1.5,0.9358059875452647,0.24317910665507483,0.017140851725860648
76.80000000000001,24.354614082861396,24.353192470450114,24.0,1.5,0.936069928946307,0.24317910665507483,0.017140851725860648
76.9,24.353192470450114,24.351763685921885,24.0,1.5,0.9363296244867894,0.24317910665507483,0.017140851725860648
77.0,24.351763685921885,24.350327992547562,24.0,1.5,0.9365851268599048,0.24317910665507483,0.017140851725860648
77.10000000000001,24.350327992547562,24.34888564967542,24.0,1.5,0.9368364882452742,0.24317910665507483,0.017140851725860648
77.2,24.34888564967542,24.347436912775763,24.0,1.5,0.9370837603131731,0.24317910665507483,0.017140851725860648
77.30000000000001,24.347436912775763,24.345982033485107,24.0,1.5,0.9373269942287341,0.24317910665507483,0.017140851725860648
77.4,24.345982033485107,24.344521259649934,24.0,1.5,0.9375662406561196,0.24317910665507483,0.017140851725860648
77.5,24.344521259649934,24.34305483537001,24.0,1.5,0.9378015497626635,0.24317910665507483,0.017140851725860648
77.60000000000001,24.34305483537001,24.341583001041272,24.0,1.5,0.9380329712229856,0.24317910665507483,0.017140851725860648
77.7,24.341583001041272,24.34010599339828,24.0,1.5,0.9382605542230715,0.24317910665507483,0.017140851725860648
77.80000000000001,24.34010599339828,24.338624045556212,24.0,1.5,0.9384843474643172,0.24317910665507483,0.017140851725860648
77.9,24.338624045556212,24.337137387052454,24.0,1.5,0.9387043991675431,0.24317910665507483,0.017140851725860648
78.0,24.337137387052454,24.335602142323904,24.0,1.5,0.939314732374602,0.24437657076418037,0.016852108217307746
78.10000000000001,24.335602142323904,24.3340627768545,24.0,1.5,0.9395051148945951,0.24437657076418037,0.016852108217307746
78.2,24.3340627768545,24.332519495912468,24.0,1.5,0.9396918962467218,0.24437657076418037,0.016852108217307746
78.30000000000001,24.332519495912468,24.33097250149155,24.0,1.5,0.9398751199953308,0.24437657076418037,0.016852108217307746
78.4,24.33097250149155,24.329421992349026,24.0,1.5,0.9400548292449648,0.24437657076418037,0.016852108217307746
78.5,24.329421992349026,24.327868164043373,24.0,1.5,0.9402310666441985,0.24437657076418037,0.016852108217307746
78.60000000000001,24.327868164043373,24.326311208971585,24.0,1.5,0.9404038743894536,0.24437657076418037,0.016852108217307746
78.7,24.326311208971585,24.324751316406104,24.0,1.5,0.9405732942287872,0.24437657076418037,0.016852108217307746
78.80000000000001,24.324751316406104,24.323188672531415,24.0,1.5,0.9407393674656532,0.24437657076418037,0.016852108217307746
78.9,24.323188672531415,24.32162346048027,24.0,1.5,0.940902134962642,0.24437657076418037,0.016852108217307746
79.0,24.32162346048027,24.320055860369582,24.0,1.5,0.9410616371451885,0.24437657076418037,0.016852108217307746
79.10000000000001,24.320055860369582,24.318486049335945,24.0,1.5,0.9412179140052619,0.24437657076418037,0.016852108217307746
79.2,24.318486049335945,24.31691420157083,24.0,1.5,0.9413710051050251,0.24437657076418037,0.016852108217307746
79.30000000000001,24.31691420157083,24.315340488355435,24.0,1.5,0.9415209495804707,0.24437657076418037,0.016852108217307746
79.4,24.315340488355435,24.313765078095166,24.0,1.5,0.9416677861450322,0.24437657076418037,0.016852108217307746
79.5,24.313765078095166,24.312188136353832,24.0,1.5,0.9418115530931681,0.24437657076418037,0.016852108217307746
79.60000000000001,24.312188136353832,24.310609825887454,24.0,1.5,0.9419522883039255,0.24437657076418037,0.016852108217307746
79.7,24.310609825887454,24.30903030667778,24.0,1.5,0.9420900292444723,0.24437657076418037,0.016852108217307746
79.80000000000001,24.30903030667778,24.307449735965452,24.0,1.5,0.9422248129736122,0.24437657076418037,0.016852108217307746
79.9,24.307449735965452,24.305868268282854,24.0,1.5,0.9423566761452704,0.24437657076418037,0.016852108217307746
80.0,24.305868268282854,24.30427033580667,24.0,1.5,0.9428417330555324,0.2455589476927063,0.016669887941839007
80.10000000000001,24.30427033580667,24.30267277675772,24.0,1.5,0.942956561678389,0.2455589476927063,0.016669887941839007
80.2,24.30267277675772,24.30107573296073,24.0,1.5,0.9430688188866116,0.2455589476927063,0.016669887941839007
80.30000000000001,24.30107573296073,24.299479343794836,24.0,1.5,0.9431785403654496,0.2455589476927063,0.016669887941839007
80.4,24.299479343794836,24.29788374622415,24.0,1.5,0.9432857614319603,0.2455589476927063,0.016669887941839007
80.5,24.29788374622415,24.296289074827985,24.0,1.5,0.9433905170384871,0.2455589476927063,0.016669887941839007
80.60000000000001,24.296289074827985,24.294695461830784,24.0,1.5,0.9434928417761064,0.2455589476927063,0.016669887941839007
80.7,24.294695461830784,24.293103037131775,24.0,1.5,0.943592769878053,0.2455589476927063,0.016669887941839007
80.80000000000001,24.293103037131775,24.29151192833429,24.0,1.5,0.9436903352231244,0.2455589476927063,0.016669887941839007
80.9,24.29151192833429,24.28992226077482,24.0,1.5,0.9437855713390537,0.2455589476927063,0.016669887941839007
81.0,24.28992226077482,24.28833415755174,24.0,1.5,0.9438785114058647,0.2455589476927063,0.016669887941839007
81.10000000000001,24.28833415755174,24.286747739553803,24.0,1.5,0.9439691882591975,0.2455589476927063,0.016669887941839007
81.2,24.286747739553803,24.285163125488275,24.0,1.5,0.9440576343936168,0.2455589476927063,0.016669887941839007
81.30000000000001,24.285163125488275,24.28358043190884,24.0,1.5,0.9441438819658899,0.2455589476927063,0.016669887941839007
81.4,24.28358043190884,24.281999773243196,24.0,1.5,0.9442279627982463,0.2455589476927063,0.016669887941839007
81.5,24.281999773243196,24.280421261820376,24.0,1.5,0.9443099083816078,0.2455589476927063,0.016669887941839007
81.60000000000001,24.280421261820376,24.278845007897786,24.0,1.5,0.9443897498788045,0.2455589476927063,0.016669887941839007
81.7,24.278845007897786,24.277271119687974,24.0,1.5,0.9444675181277566,0.2455589476927063,0.016669887941839007
81.80000000000001,24.277271119687974,24.27569970338513,24.0,1.5,0.9445432436446399,0.2455589476927063,0.016669887941839007
81.9,24.27569970338513,24.274130863191292,24.0,1.5,0.944616956627029,0.2455589476927063,0.016669887941839007
82.0,24.274130863191292,24.272550493769106,24.0,1.5,0.9449249950698875,0.2464330823527003,0.016548807959248388
82.10000000000001,24.272550493769106,24.27097342479113,24.0,1.5,0.9449865783399806,0.2464330823527003,0.016548807959248388
82.2,24.27097342479113,24.2693997423962,24.0,1.5,0.9450463650875479,0.2464330823527003,0.016548807959248388
82.30000000000001,24.2693997423962,24.26782953086969,24.0,1.5,0.9451043821444396,0.2464330823527003,0.016548807959248388
82.4,24.26782953086969,24.26626287266744,24.0,1.5,0.9451606560252339,0.2464330823527003,0.016548807959248388
82.5,24.26626287266744,24.26469984843943,24.0,1.5,0.9452152129301055,0.2464330823527003,0.016548807959248388
82.60000000000001,24.26469984843943,24.263140537053218,24.0,1.5,0.9452680787476719,0.2464330823527003,0.016548807959248388
82.7,24.263140537053218,24.261585015617086,24.0,1.5,0.9453192790578184,0.2464330823527003,0.016548807959248388
82.80000000000001,24.261585015617086,24.260033359502977,24.0,1.5,0.9453688391344933,0.2464330823527003,0.016548807959248388
82.9,24.260033359502977,24.258485642369145,24.0,1.5,0.9454167839484832,0.2464330823527003,0.016548807959248388
83.0,24.258485642369145,24.256941936182585,24.0,1.5,0.9454631381701618,0.2464330823527003,0.016548807959248388
83.10000000000001,24.256941936182585,24.25540231124121,24.0,1.5,0.9455079261722174,0.2464330823527003,0.016548807959248388
83.2,24.25540231124121,24.253866836195776,24.0,1.5,0.9455511720323548,0.2464330823527003,0.016548807959248388
83.30000000000001,24.253866836195776,24.25233557807159,24.0,1.5,0.9455928995359758,0.2464330823527003,0.016548807959248388
83.4,24.25233557807159,24.250808602289954,24.0,1.5,0.9456331321788345,0.2464330823527003,0.016548807959248388
83.5,24.250808602289954,24.249285972689385,24.0,1.5,0.9456718931696702,0.2464330823527003,0.016548807959248388
83.60000000000001,24.249285972689385,24.247767751546604,24.0,1.5,0.9457092054328177,0.2464330823527003,0.016548807959248388
83.7,24.247767751546604,24.246253999597283,24.0,1.5,0.945745091610793,0.2464330823527003,0.016548807959248388
83.80000000000001,24.246253999597283,24.244744776056578,24.0,1.5,0.9457795740668575,0.2464330823527003,0.016548807959248388
83.9,24.244744776056578,24.24324013863942,24.0,1.5,0.9458126748875614,0.2464330823527003,0.016548807959248388
84.0,24.24324013863942,24.241730714847538,24.0,1.5,0.9460136540677953,0.2471360400386828,0.016476889629052877
84.10000000000001,24.241730714847538,24.240226362155497,24.0,1.5,0.9460389180799793,0.2471360400386828,0.016476889629052877
84.2,24.240226362155497,24.23872712695263,24.0,1.5,0.9460629566383691,0.2471360400386828,0.016476889629052877
84.30000000000001,24.23872712695263,24.237233054326303,24.0,1.5,0.9460857896394717,0.2471360400386828,0.016476889629052877
84.4,24.237233054326303,24.235744188081078,24.0,1.5,0.9461074367323211,0.2471360400386828,0.016476889629052877
84.5,24.235744188081078,24.234260570757645,24.0,1.5,0.9461279173210992,0.2471360400386828,0.016476889629052877
84.60000000000001,24.234260570757645,24.232782243651563,24.0,1.5,0.9461472505677343,0.2471360400386828,0.016476889629052877
84.7,24.232782243651563,24.231309246831785,24.0,1.5,0.9461654553944805,0.2471360400386828,0.016476889629052877
84.80000000000001,24.231309246831785,24.229841619158986,24.0,1.5,0.9461825504864735,0.2471360400386828,0.016476889629052877
84.9,24.229841619158986,24.228379398303684,24.0,1.5,0.9461985542942712,0.2471360400386828,0.016476889629052877
85.0,24.228379398303684,24.22692262076416,24.0,1.5,0.9462134850363698,0.2471360400386828,0.016476889629052877
85.10000000000001,24.22692262076416,24.22547132188419,24.0,1.5,0.9462273607017013,0.2471360400386828,0.016476889629052877
85.2,24.22547132188419,24.22402553587056,24.0,1.5,0.946240199052113,0.2471360400386828,0.016476889629052877
85.30000000000001,24.22402553587056,24.22258529581042,24.0,1.5,0.9462520176248241,0.2471360400386828,0.016476889629052877
85.4,24.22258529581042,24.221150633688396,24.0,1.5,0.9462628337348675,0.2471360400386828,0.016476889629052877
85.5,24.221150633688396,24.219721580403572,24.0,1.5,0.9462726644775052,0.2471360400386828,0.016476889629052877
85.60000000000001,24.219721580403572,24.21829816578623,24.0,1.5,0.9462815267306327,0.2471360400386828,0.016476889629052877
85.7,24.21829816578623,24.216880418614437,24.0,1.5,0.9462894371571581,0.2471360400386828,0.016476889629052877
85.80000000000001,24.216880418614437,24.215468366630425,24.0,1.5,0.9462964122073665,0.2471360400386828,0.016476889629052877
85.9,24.215468366630425,24.214062036556808,24.0,1.5,0.9463024681212612,0.2471360400386828,0.016476889629052877
86.0,24.214062036556808,24.212654701480947,24.0,1.5,0.9464964359114861,0.24802177807345294,0.016440082215791164
86.10000000000001,24.212654701480947,24.21125337747977,24.0,1.5,0.9464969922412181,0.24802177807345294,0.016440082215791164
86.2,24.21125337747977,24.209858083468728,24.0,1.5,0.9464967356602026,0.24802177807345294,0.016440082215791164
86.30000000000001,24.209858083468728,24.20846883747505,24.0,1.5,0.9464956807732359,0.24802177807345294,0.016440082215791164
86.4,24.20846883747505,24.207085656652065,24.0,1.5,0.9464938419944543,0.24802177807345294,0.016440082215791164
86.5,24.207085656652065,24.205708557293313,24.0,1.5,0.9464912335494478,0.24802177807345294,0.016440082215791164
86.60000000000001,24.205708557293313,24.204337554846507,24.0,1.5,0.9464878694773456,0.24802177807345294,0.016440082215791164
86.7,24.204337554846507,24.202972663927316,24.0,1.5,0.9464837636328909,0.24802177807345294,0.016440082215791164
86.80000000000001,24.202972663927316,24.201613898332965,24.0,1.5,0.946478929688489,0.24802177807345294,0.016440082215791164
86.9,24.201613898332965,24.200261271055695,24.0,1.5,0.9464733811362372,0.24802177807345294,0.016440082215791164
87.0,24.200261271055695,24.19891479429602,24.0,1.5,0.9464671312899373,0.24802177807345294,0.016440082215791164
87.10000000000001,24.19891479429602,24.197574479475843,24.0,1.5,0.9464601932870845,0.24802177807345294,0.016440082215791164
87.2,24.197574479475843,24.196240337251403,24.0,1.5,0.9464525800908388,0.24802177807345294,0.016440082215791164
87.30000000000001,24.196240337251403,24.194912377526048,24.0,1.5,0.946444304491977,0.24802177807345294,0.016440082215791164
87.4,24.194912377526048,24.193590609462863,24.0,1.5,0.9464353791108248,0.24802177807345294,0.016440082215791164
87.5,24.193590609462863,24.19227504149713,24.0,1.5,0.9464258163991702,0.24802177807345294,0.016440082215791164
87.60000000000001,24.19227504149713,24.190965681348622,24.0,1.5,0.9464156286421584,0.24802177807345294,0.016440082215791164
87.7,24.190965681348622,24.189662536033765,24.0,1.5,0.9464048279601637,0.24802177807345294,0.016440082215791164
87.80000000000001,24.189662536033765,24.188365611877614,24.0,1.5,0.9463934263106497,0.24802177807345294,0.016440082215791164
87.9,24.188365611877614,24.187074914525706,24.0,1.5,0.9463814354900043,0.24802177807345294,0.016440082215791164
88.0,24.187074914525706,24.18578291520658,24.0,1.5,0.9466224049016634,0.24938123584778565,0.01639824439729349
88.10000000000001,24.18578291520658,24.184497337563293,24.0,1.5,0.9466048558795853,0.24938123584778565,0.01639824439729349
88.2,24.184497337563293,24.183218182002875,24.0,1.5,0.9465868001813253,0.24938123584778565,0.01639824439729349
88.30000000000001,24.183218182002875,24.181945448347598,24.0,1.5,0.9465682484394778,0.24938123584778565,0.01639824439729349
88.4,24.181945448347598,24.180679135845487,24.0,1.5,0.9465492111405177,0.24938123584778565,0.01639824439729349
88.5,24.180679135845487,24.179419243180718,24.0,1.5,0.9465296986264804,0.24938123584778565,0.01639824439729349
88.60000000000001,24.179419243180718,24.17816576848387,24.0,1.5,0.9465097210966301,0.24938123584778565,0.01639824439729349
88.7,24.17816576848387,24.176918709342026,24.0,1.5,0.946489288609109,0.24938123584778565,0.01639824439729349
88.80000000000001,24.176918709342026,24.17567806280879,24.0,1.5,0.9464684110825653,0.24938123584778565,0.01639824439729349
88.9,24.17567806280879,24.17444382541411,24.0,1.5,0.9464470982977746,0.24938123584778565,0.01639824439729349
89.0,24.17444382541411,24.173215993174022,24.0,1.5,0.9464253598992336,0.24938123584778565,0.01639824439729349
89.10000000000001,24.173215993174022,24.17199456160025,24.0,1.5,0.9464032053967458,0.24938123584778565,0.01639824439729349
89.2,24.17199456160025,24.170779525709666,24.0,1.5,0.9463806441669878,0.24938123584778565,0.01639824439729349
89.30000000000001,24.170779525709666,24.16957088003364,24.0,1.5,0.9463576854550585,0.24938123584778565,0.01639824439729349
89.4,24.16957088003364,24.168368618627262,24.0,1.5,0.9463343383760144,0.24938123584778565,0.01639824439729349
89.5,24.168368618627262,24.167172735078456,24.0,1.5,0.9463106119163887,0.24938123584778565,0.01639824439729349
89.60000000000001,24.167172735078456,24.16598322251693,24.0,1.5,0.9462865149356952,0.24938123584778565,0.01639824439729349
89.7,24.16598322251693,24.164800073623066,24.0,1.5,0.9462620561679143,0.24938123584778565,0.01639824439729349
89.80000000000001,24.164800073623066,24.163623280636642,24.0,1.5,0.9462372442229664,0.24938123584778565,0.01639824439729349
89.9,24.163623280636642,24.162452835365464,24.0,1.5,0.9462120875881715,0.24938123584778565,0.01639824439729349
90.0,24.162452835365464,24.161278612994792,24.0,1.5,0.9463790253126177,0.25056998172697714,0.01635611181937148
90.10000000000001,24.161278612994792,24.16011094729153,24.0,1.5,0.9463485895374767,0.25056998172697714,0.01635611181937148
90.2,24.16011094729153,24.158949825770623,24.0,1.5,0.9463178868192873,0.25056998172697714,0.01635611181937148
90.30000000000001,24.158949825770623,24.15779523558505,24.0,1.5,0.9462869247334086,0.25056998172697714,0.01635611181937148
90.4,24.15779523558505,24.156647163533446,24.0,1.5,0.9462557107434862,0.25056998172697714,0.01635611181937148
90.5,24.156647163533446,24.15550559606765,24.0,1.5,0.9462242522027889,0.25056998172697714,0.01635611181937148
90.60000000000001,24.15550559606765,24.154370519300105,24.0,1.5,0.946192556355526,0.25056998172697714,0.01635611181937148
90.7,24.154370519300105,24.15324191901121,24.0,1.5,0.9461606303381527,0.25056998172697714,0.01635611181937148
90.80000000000001,24.15324191901121,24.152119780656527,24.0,1.5,0.9461284811806638,0.25056998172697714,0.01635611181937148
90.9,24.152119780656527,24.151004089373895,24.0,1.5,0.946096115807871,0.25056998172697714,0.01635611181937148
91.0,24.151004089373895,24.149894829990473,24.0,1.5,0.9460635410406673,0.25056998172697714,0.01635611181937148
91.10000000000001,24.149894829990473,24.14879198702964,24.0,1.5,0.9460307635972796,0.25056998172697714,0.01635611181937148
91.2,24.14879198702964,24.147695544717845,24.0,1.5,0.9459977900945041,0.25056998172697714,0.01635611181937148
91.30000000000001,24.147695544717845,24.146605486991323,24.0,1.5,0.9459646270489358,0.25056998172697714,0.01635611181937148
91.4,24.146605486991323,24.14552179750273,24.0,1.5,0.9459312808781762,0.25056998172697714,0.01635611181937148
91.5,24.14552179750273,24.144444459627703,24.0,1.5,0.9458977579020331,0.25056998172697714,0.01635611181937148
91.60000000000001,24.144444459627703,24.143373456471284,24.0,1.5,0.9458640643437095,0.25056998172697714,0.01635611181937148
91.7,24.143373456471284,24.142308770874298,24.0,1.5,0.9458302063309735,0.25056998172697714,0.01635611181937148
91.80000000000001,24.142308770874298,24.141250385419614,24.0,1.5,0.9457961898973214,0.25056998172697714,0.01635611181937148
91.9,24.141250385419614,24.140198282438323,24.0,1.5,0.9457620209831263,0.25056998172697714,0.01635611181937148
92.0,24.140198282438323,24.13914476599955,24.0,1.5,0.9458776851096851,0.2516424961392661,0.016328650314459563
92.10000000000001,24.13914476599955,24.13809771838843,24.0,1.5,0.9458397802260178,0.2516424961392661,0.016328650314459563
92.2,24.13809771838843,24.137057117992622,24.0,1.5,0.9458017934868578,0.2516424961392661,0.016328650314459563
92.30000000000001,24.137057117992622,24.136022943005322,24.0,1.5,0.9457637299810541,0.2516424961392661,0.016328650314459563
92.4,24.136022943005322,24.13499517143068,24.0,1.5,0.945725594712913,0.2516424961392661,0.016328650314459563
92.5,24.13499517143068,24.133973781089164,24.0,1.5,0.9456873926032524,0.2516424961392661,0.016328650314459563
92.60000000000001,24.133973781089164,24.132958749622812,24.0,1.5,0.9456491284904516,0.2516424961392661,0.016328650314459563
92.7,24.132958749622812,24.131950054500425,24.0,1.5,0.9456108071314827,0.2516424961392661,0.016328650314459563
92.80000000000001,24.131950054500425,24.130947673022686,24.0,1.5,0.9455724332029329,0.2516424961392661,0.016328650314459563
92.9,24.130947673022686,24.129951582327184,24.0,1.5,0.9455340113020186,0.2516424961392661,0.016328650314459563
93.0,24.129951582327184,24.128961759393388,24.0,1.5,0.9454955459475847,0.2516424961392661,0.016328650314459563
93.10000000000001,24.128961759393388,24.127978181047514,24.0,1.5,0.9454570415810954,0.2516424961392661,0.016328650314459563
93.2,24.127978181047514,24.127000823967357,24.0,1.5,0.9454185025676117,0.2516424961392661,0.016328650314459563
93.30000000000001,24.127000823967357,24.12602966468701,24.0,1.5,0.945379933196763,0.2516424961392661,0.016328650314459563
93.4,24.12602966468701,24.125064679601547,24.0,1.5,0.9453413376836999,0.2516424961392661,0.016328650314459563
93.5,24.125064679601547,24.124105844971602,24.0,1.5,0.945302720170047,0.2516424961392661,0.016328650314459563
93.60000000000001,24.124105844971602,24.12315313692791,24.0,1.5,0.9452640847248351,0.2516424961392661,0.016328650314459563
93.7,24.12315313692791,24.122206531475758,24.0,1.5,0.9452254353454312,0.2516424961392661,0.016328650314459563
93.80000000000001,24.122206531475758,24.121266004499358,24.0,1.5,0.9451867759584534,0.2516424961392661,0.016328650314459563
93.9,24.121266004499358,24.120331531766187,24.0,1.5,0.9451481104206758,0.2516424961392661,0.016328650314459563
94.0,24.120331531766187,24.11939710471731,24.0,1.5,0.9452227398114724,0.25258571970395594,0.016311843016351045
94.10000000000001,24.11939710471731,24.118468850553956,24.0,1.5,0.945181475565697,0.25258571970395594,0.016311843016351045
94.2,24.118468850553956,24.11754674175477,24.0,1.5,0.9451402563490341,0.25258571970395594,0.016311843016351045
94.30000000000001,24.11754674175477,24.11663075073262,24.0,1.5,0.9450990852342046,0.25258571970395594,0.016311843016351045
94.4,24.11663075073262,24.115720849838304,24.0,1.5,0.9450579652323162,0.25258571970395594,0.016311843016351045
94.5,24.115720849838304,24.114817011364163,24.0,1.5,0.945016899293694,0.25258571970395594,0.016311843016351045
94.60000000000001,24.114817011364163,24.11391920754769,24.0,1.5,0.9449758903087049,0.25258571970395594,0.016311843016351045
94.7,24.11391920754769,24.113027410575032,24.0,1.5,0.9449349411085741,0.25258571970395594,0.016311843016351045
94.80000000000001,24.113027410575032,24.112141592584468,24.0,1.5,0.9448940544661905,0.25258571970395594,0.016311843016351045
94.9,24.112141592584468,24.111261725669806,24.0,1.5,0.9448532330969013,0.25258571970395594,0.016311843016351045
95.0,24.111261725669806,24.110387781883734,24.0,1.5,0.944812479659303,0.25258571970395594,0.016311843016351045
95.10000000000001,24.110387781883734,24.10951973324111,24.0,1.5,0.9447717967560184,0.25258571970395594,0.016311843016351045
95.2,24.10951973324111,24.10865755172221,24.0,1.5,0.9447311869344656,0.25258571970395594,0.016311843016351045
95.30000000000001,24.10865755172221,24.10780120927589,24.0,1.5,0.9446906526876219,0.25258571970395594,0.016311843016351045
95.4,24.10780120927589,24.106950677822738,24.0,1.5,0.9446501964547734,0.25258571970395594,0.016311843016351045
95.5,24.106950677822738,24.106105929258128,24.0,1.5,0.9446098206222615,0.25258571970395594,0.016311843016351045
95.60000000000001,24.106105929258128,24.105266935455255,24.0,1.5,0.9445695275242169,0.25258571970395594,0.016311843016351045
95.7,24.105266935455255,24.1044336682681,24.0,1.5,0.9445293194432869,0.25258571970395594,0.016311843016351045
95.80000000000001,24.1044336682681,24.103606099534357,24.0,1.5,0.9444891986113548,0.25258571970395594,0.016311843016351045
95.9,24.103606099534357,24.102784201078286,24.0,1.5,0.9444491672102518,0.25258571970395594,0.016311843016351045
96.0,24.102784201078286,24.10196342413275,24.0,1.5,0.9444938199064921,0.25340957289405774,0.016303421691471236
96.10000000000001,24.10196342413275,24.101148387279586,24.0,1.5,0.9444520624413572,0.25340957289405774,0.016303421691471236
96.2,24.101148387279586,24.10033906009329,24.0,1.5,0.9444104307816267,0.25340957289405774,0.016303421691471236
96.30000000000001,24.10033906009329,24.09953541217751,24.0,1.5,0.9443689265258985,0.25340957289405774,0.016303421691471236
96.4,24.09953541217751,24.098737413167353,24.0,1.5,0.9443275512305997,0.25340957289405774,0.016303421691471236
96.5,24.098737413167353,24.097945032731648,24.0,1.5,0.9442863064106253,0.25340957289405774,0.016303421691471236
96.60000000000001,24.097945032731648,24.097158240575183,24.0,1.5,0.9442451935399646,0.25340957289405774,0.016303421691471236
96.7,24.097158240575183,24.09637700644087,24.0,1.5,0.9442042140523283,0.25340957289405774,0.016303421691471236
96.80000000000001,24.09637700644087,24.095601300111895,24.0,1.5,0.9441633693417588,0.25340957289405774,0.016303421691471236
96.9,24.095601300111895,24.094831091413806,24.0,1.5,0.9441226607632393,0.25340957289405774,0.016303421691471236
97.0,24.094831091413806,24.09406635021657,24.0,1.5,0.9440820896332954,0.25340957289405774,0.016303421691471236
97.10000000000001,24.09406635021657,24.09330704643658,24.0,1.5,0.9440416572305849,0.25340957289405774,0.016303421691471236
97.2,24.09330704643658,24.09255315003863,24.0,1.5,0.9440013647964849,0.25340957289405774,0.016303421691471236
97.30000000000001,24.09255315003863,24.091804631037846,24.0,1.5,0.9439612135356695,0.25340957289405774,0.016303421691471236
97.4,24.091804631037846,24.091061459501578,24.0,1.5,0.9439212046166819,0.25340957289405774,0.016303421691471236
97.5,24.091061459501578,24.09032360555125,24.0,1.5,0.9438813391724988,0.25340957289405774,0.016303421691471236
97.60000000000001,24.09032360555125,24.089591039364173,24.0,1.5,0.943841618301088,0.25340957289405774,0.016303421691471236
97.7,24.089591039364173,24.088863731175316,24.0,1.5,0.9438020430659569,0.25340957289405774,0.016303421691471236
97.80000000000001,24.088863731175316,24.08814165127906,24.0,1.5,0.9437626144966992,0.25340957289405774,0.016303421691471236
97.9,24.08814165127906,24.087424770030875,24.0,1.5,0.943723333589532,0.25340957289405774,0.016303421691471236
98.0,24.087424770030875,24.086709682592822,24.0,1.5,0.9437465678457577,0.25412322076984095,0.0163006806503686
98.10000000000001,24.086709682592822,24.085999827798055,24.0,1.5,0.9437061902073917,0.25412322076984095,0.0163006806503686
98.2,24.085999827798055,24.085295174528998,24.0,1.5,0.9436659851935589,0.25412322076984095,0.0163006806503686
98.30000000000001,24.085295174528998,24.084595691759496,24.0,1.5,0.9436259533754014,0.25412322076984095,0.0163006806503686
98.4,24.084595691759496,24.08390134855603,24.0,1.5,0.9435860952967196,0.25412322076984095,0.0163006806503686
98.5,24.08390134855603,24.083212114078922,24.0,1.5,0.9435464114744296,0.25412322076984095,0.0163006806503686
98.60000000000001,24.083212114078922,24.082527957583494,24.0,1.5,0.9435069023990257,0.25412322076984095,0.0163006806503686
98.7,24.082527957583494,24.0818488484212,24.0,1.5,0.9434675685350266,0.25412322076984095,0.0163006806503686
98.80000000000001,24.0818488484212,24.08117475604073,24.0,1.5,0.9434284103214213,0.25412322076984095,0.0163006806503686
98.9,24.08117475604073,24.080505649989096,24.0,1.5,0.9433894281721096,0.25412322076984095,0.0163006806503686
99.0,24.080505649989096,24.079841499912654,24.0,1.5,0.9433506224763337,0.25412322076984095,0.0163006806503686
99.10000000000001,24.079841499912654,24.079182275558136,24.0,1.5,0.9433119935991059,0.25412322076984095,0.0163006806503686
99.2,24.079182275558136,24.078527946773633,24.0,1.5,0.9432735418816302,0.25412322076984095,0.0163006806503686
99.30000000000001,24.078527946773633,24.077878483509547,24.0,1.5,0.9432352676417185,0.25412322076984095,0.0163006806503686
99.4,24.077878483509547,24.077233855819532,24.0,1.5,0.9431971711741998,0.25412322076984095,0.0163006806503686
99.5,24.077233855819532,24.07659403386139,24.0,1.5,0.9431592527513267,0.25412322076984095,0.0163006806503686
99.60000000000001,24.07659403386139,24.07595898789796,24.0,1.5,0.9431215126231742,0.25412322076984095,0.0163006806503686
99.7,24.07595898789796,24.075328688297954,24.0,1.5,0.9430839510180352,0.25412322076984095,0.0163006806503686
99.80000000000001,24.075328688297954,24.074703105536795,24.0,1.5,0.9430465681428077,0.25412322076984095,0.0163006806503686
99.9,24.074703105536795,24.07408221019741,24.0,1.5,0.9430093641833784,0.25412322076984095,0.0163006806503686
100.0,24.07408221019741,24.073463484535758,24.0,1.5,0.9430535255402888,0.25522017553474585,0.016290071060709278
100.10000000000001,24.073463484535758,24.07284945585571,24.0,1.5,0.9430152868066594,0.25522017553474585,0.016290071060709278
100.2,24.07284945585571,24.072240093843224,24.0,1.5,0.9429772465804167,0.25522017553474585,0.016290071060709278
100.30000000000001,24.072240093843224,24.071635368312663,24.0,1.5,0.9429394047268396,0.25522017553474585,0.016290071060709278
100.4,24.071635368312663,24.07103524920724,24.0,1.5,0.9429017610948067,0.25522017553474585,0.016290071060709278
100.5,24.07103524920724,24.070439706599462,24.0,1.5,0.9428643155171196,0.25522017553474585,0.016290071060709278
100.60000000000001,24.070439706599462,24.069848710691513,24.0,1.5,0.9428270678108236,0.25522017553474585,0.016290071060709278
100.7,24.069848710691513,24.069262231815674,24.0,1.5,0.9427900177775229,0.25522017553474585,0.016290071060709278
100.80000000000001,24.069262231815674,24.068680240434674,24.0,1.5,0.942753165203694,0.25522017553474585,0.016290071060709278
100.9,24.068680240434674,24.068102707142042,24.0,1.5,0.94271650986099,0.25522017553474585,0.016290071060709278
101.0,24.068102707142042,24.067529602662447,24.0,1.5,0.9426800515065447,0.25522017553474585,0.016290071060709278
101.10000000000001,24.067529602662447,24.066960897852,24.0,1.5,0.9426437898832697,0.25522017553474585,0.016290071060709278
101.2,24.066960897852,24.066396563698554,24.0,1.5,0.9426077247201495,0.25522017553474585,0.016290071060709278
101.30000000000001,24.066396563698554,24.065836571321984,24.0,1.5,0.9425718557325308,0.25522017553474585,0.016290071060709278
101.4,24.065836571321984,24.06528089197444,24.0,1.5,0.9425361826224075,0.25522017553474585,0.016290071060709278
101.5,24.06528089197444,24.064729497040588,24.0,1.5,0.9425007050787029,0.25522017553474585,0.016290071060709278
101.60000000000001,24.064729497040588,24.064182358037836,24.0,1.5,0.9424654227775481,0.25522017553474585,0.016290071060709278
101.7,24.064182358037836,24.063639446616545,24.0,1.5,0.9424303353825519,0.25522017553474585,0.016290071060709278
101.80000000000001,24.063639446616545,24.06310073456021,24.0,1.5,0.9423954425450749,0.25522017553474585,0.016290071060709278
101.9,24.06310073456021,24.062566193785635,24.0,1.5,0.942360743904491,0.25522017553474585,0.016290071060709278
102.0,24.062566193785635,24.062032556998805,24.0,1.5,0.942413756086929,0.2566222566046781,0.016257165519629014
102.10000000000001,24.062032556998805,24.06150310746839,24.0,1.5,0.9423776603651589,0.2566222566046781,0.016257165519629014
102.2,24.06150310746839,24.060977816389883,24.0,1.5,0.942341778451714,0.2566222566046781,0.016257165519629014
102.30000000000001,24.060977816389883,24.060456655107817,24.0,1.5,0.9423061097151809,0.2566222566046781,0.016257165519629014
102.4,24.060456655107817,24.059939595115672,24.0,1.5,0.9422706535158073,0.2566222566046781,0.016257165519629014
102.5,24.059939595115672,24.05942660805578,24.0,1.5,0.9422354092057206,0.2566222566046781,0.016257165519629014
102.60000000000001,24.05942660805578,24.058917665719207,24.0,1.5,0.9422003761291453,0.2566222566046781,0.016257165519629014
102.7,24.058917665719207,24.058412740045622,24.0,1.5,0.9421655536226151,0.2566222566046781,0.016257165519629014
102.80000000000001,24.058412740045622,24.05791180312317,24.0,1.5,0.9421309410151797,0.2566222566046781,0.016257165519629014
102.9,24.05791180312317,24.057414827188317,24.0,1.5,0.9420965376286144,0.2566222566046781,0.016257165519629014
103.0,24.057414827188317,24.056921784625693,24.0,1.5,0.9420623427776229,0.2566222566046781,0.016257165519629014
103.10000000000001,24.056921784625693,24.056432647967913,24.0,1.5,0.9420283557700334,0.2566222566046781,0.016257165519629014
103.2,24.056432647967913,24.0559473898954,24.0,1.5,0.9419945759069983,0.2566222566046781,0.016257165519629014
103.30000000000001,24.0559473898954,24.0554659832362,24.0,1.5,0.9419610024831867,0.2566222566046781,0.016257165519629014
103.4,24.0554659832362,24.05498840096576,24.0,1.5,0.9419276347869759,0.2566222566046781,0.016257165519629014
103.5,24.05498840096576,24.054514616206735,24.0,1.5,0.9418944721006377,0.2566222566046781,0.016257165519629014
103.60000000000001,24.054514616206735,24.05404460222874,24.0,1.5,0.9418615137005225,0.2566222566046781,0.016257165519629014
103.7,24.05404460222874,24.05357833244814,24.0,1.5,0.941828758857241,0.2566222566046781,0.016257165519629014
103.80000000000001,24.05357833244814,24.053115780427795,24.0,1.5,0.9417962068358448,0.2566222566046781,0.016257165519629014
103.9,24.053115780427795,24.052656919876814,24.0,1.5,0.9417638568959987,0.2566222566046781,0.016257165519629014
104.0,24.052656919876814,24.052198232707475,24.0,1.5,0.941794834054182,0.2578249330685694,0.01621852365195757
104.10000000000001,24.052198232707475,24.051743273475243,24.0,1.5,0.9417612308926235,0.2578249330685694,0.01621852365195757
104.2,24.051743273475243,24.051292015055967,24.0,1.5,0.941727851009493,0.2578249330685694,0.01621852365195757
104.30000000000001,24.051292015055967,24.050844430485974,24.0,1.5,0.941694693413681,0.2578249330685694,0.01621852365195757
104.4,24.050844430485974,24.050400492961593,24.0,1.5,0.9416617571117205,0.2578249330685694,0.01621852365195757
104.5,24.050400492961593,24.04996017583869,24.0,1.5,0.9416290411079273,0.2578249330685694,0.01621852365195757
104.60000000000001,24.04996017583869,24.049523452632187,24.0,1.5,0.9415965444045359,0.2578249330685694,0.01621852365195757
104.7,24.049523452632187,24.04909029701557,24.0,1.5,0.9415642660018335,0.2578249330685694,0.01621852365195757
104.80000000000001,24.04909029701557,24.048660682820405,24.0,1.5,0.941532204898294,0.2578249330685694,0.01621852365195757
104.9,24.048660682820405,24.048234584035825,24.0,1.5,0.9415003600907043,0.2578249330685694,0.01621852365195757
105.0,24.048234584035825,24.047811974808045,24.0,1.5,0.9414687305742923,0.2578249330685694,0.01621852365195757
105.10000000000001,24.047811974808045,24.047392829439843,24.0,1.5,0.9414373153428529,0.2578249330685694,0.01621852365195757
105.2,24.047392829439843,24.046977122390043,24.0,1.5,0.9414061133888706,0.2578249330685694,0.01621852365195757
105.30000000000001,24.046977122390043,24.046564828273002,24.0,1.5,0.9413751237036381,0.2578249330685694,0.01621852365195757
105.4,24.046564828273002,24.046155921858084,24.0,1.5,0.941344345277377,0.2578249330685694,0.01621852365195757
105.5,24.046155921858084,24.045750378069123,24.0,1.5,0.9413137770993526,0.2578249330685694,0.01621852365195757
105.60000000000001,24.045750378069123,24.0453481719839,24.0,1.5,0.9412834181579874,0.2578249330685694,0.01621852365195757
105.7,24.0453481719839,24.04494927883359,24.0,1.5,0.9412532674409744,0.2578249330685694,0.01621852365195757
105.80000000000001,24.04494927883359,24.044553674002245,24.0,1.5,0.9412233239353849,0.2578249330685694,0.01621852365195757
105.9,24.044553674002245,24.04416133302621,24.0,1.5,0.94119358662778,0.2578249330685694,0.01621852365195757
106.0,24.04416133302621,24.04376971286519,24.0,1.5,0.9412100222911227,0.2588688179150961,0.016188732989115613
106.10000000000001,24.04376971286519,24.04338138668961,24.0,1.5,0.9411795016624258,0.2588688179150961,0.016188732989115613
106.2,24.04338138668961,24.042996329161806,24.0,1.5,0.94114920509297,0.2588688179150961,0.016188732989115613
106.30000000000001,24.042996329161806,24.042614515110024,24.0,1.5,0.9411191313151492,0.2588688179150961,0.016188732989115613
106.4,24.042614515110024,24.042235919527702,24.0,1.5,0.9410892790635588,0.2588688179150961,0.016188732989115613
106.5,24.042235919527702,24.041860517572722,24.0,1.5,0.9410596470750735,0.2588688179150961,0.016188732989115613
106.60000000000001,24.041860517572722,24.04148828456668,24.0,1.5,0.941030234088922,0.2588688179150961,0.016188732989115613
106.7,24.04148828456668,24.04111919599414,24.0,1.5,0.9410010388467612,0.2588688179150961,0.016188732989115613
106.80000000000001,24.04111919599414,24.040753227501902,24.0,1.5,0.9409720600927493,0.2588688179150961,0.016188732989115613
106.9,24.040753227501902,24.040390354898257,24.0,1.5,0.9409432965736173,0.2588688179150961,0.016188732989115613
107.0,24.040390354898257,24.040030554152242,24.0,1.5,0.9409147470387361,0.2588688179150961,0.016188732989115613
107.10000000000001,24.040030554152242,24.0396738013929,24.0,1.5,0.940886410240188,0.2588688179150961,0.016188732989115613
107.2,24.0396738013929,24.039320072908527,24.0,1.5,0.9408582849328307,0.2588688179150961,0.016188732989115613
107.30000000000001,24.039320072908527,24.03896934514593,24.0,1.5,0.9408303698743609,0.2588688179150961,0.016188732989115613
107.4,24.03896934514593,24.038621594709674,24.0,1.5,0.9408026638253799,0.2588688179150961,0.016188732989115613
107.5,24.038621594709674,24.03827679836135,24.0,1.5,0.940775165549454,0.2588688179150961,0.016188732989115613
107.60000000000001,24.03827679836135,24.037934933018796,24.0,1.5,0.9407478738131764,0.2588688179150961,0.016188732989115613
107.7,24.037934933018796,24.037595975755384,24.0,1.5,0.940720787386224,0.2588688179150961,0.016188732989115613
107.80000000000001,24.037595975755384,24.03725990379923,24.0,1.5,0.9406939050414176,0.2588688179150961,0.016188732989115613
107.9,24.03725990379923,24.036926694532475,24.0,1.5,0.9406672255547746,0.2588688179150961,0.016188732989115613
108.0,24.036926694532475,24.03659449136817,24.0,1.5,0.9406739095565749,0.25976935019525127,0.01616386495830512
108.10000000000001,24.03659449136817,24.036265162852224,24.0,1.5,0.9406467641981198,0.25976935019525127,0.01616386495830512
108.2,24.036265162852224,24.03593868570727,24.0,1.5,0.9406198332630352,0.25976935019525127,0.01616386495830512
108.30000000000001,24.03593868570727,24.035615036822605,24.0,1.5,0.9405931153134915,0.25976935019525127,0.01616386495830512
108.4,24.035615036822605,24.035294193253296,24.0,1.5,0.9405666089175997,0.25976935019525127,0.01616386495830512
108.5,24.035294193253296,24.03497613221924,24.0,1.5,0.9405403126494418,0.25976935019525127,0.01616386495830512
108.60000000000001,24.03497613221924,24.03466083110425,24.0,1.5,0.9405142250890977,0.25976935019525127,0.01616386495830512
108.7,24.03466083110425,24.034348267455155,24.0,1.5,0.9404883448226726,0.25976935019525127,0.01616386495830512
108.80000000000001,24.034348267455155,24.03403841898087,24.0,1.5,0.9404626704423219,0.25976935019525127,0.01616386495830512
108.9,24.03403841898087,24.033731263551502,24.0,1.5,0.9404372005462782,0.25976935019525127,0.01616386495830512
109.0,24.033731263551502,24.033426779197423,24.0,1.5,0.9404119337388742,0.25976935019525127,0.01616386495830512
109.10000000000001,24.033426779197423,24.033124944108373,24.0,1.5,0.9403868686305644,0.25976935019525127,0.01616386495830512
109.2,24.033124944108373,24.032825736632557,24.0,1.5,0.9403620038379475,0.25976935019525127,0.01616386495830512
109.30000000000001,24.032825736632557,24.03252913527573,24.0,1.5,0.9403373379837898,0.25976935019525127,0.01616386495830512
109.4,24.03252913527573,24.03223511870031,24.0,1.5,0.9403128696970408,0.25976935019525127,0.01616386495830512
109.5,24.03223511870031,24.031943665724462,24.0,1.5,0.9402885976128559,0.25976935019525127,0.01616386495830512
109.60000000000001,24.031943665724462,24.031654755321217,24.0,1.5,0.9402645203726118,0.25976935019525127,0.01616386495830512
109.7,24.031654755321217,24.031368366617563,24.0,1.5,0.9402406366239261,0.25976935019525127,0.01616386495830512
109.80000000000001,24.031368366617563,24.03108447889356,24.0,1.5,0.9402169450206717,0.25976935019525127,0.01616386495830512
109.9,24.03108447889356,24.03080307158145,24.0,1.5,0.9401934442229927,0.25976935019525127,0.01616386495830512
110.0,24.03080307158145,24.030522801101377,24.0,1.5,0.9401938330683176,0.26054078932778413,0.016143567040347473
110.10000000000001,24.030522801101377,24.030245011580476,24.0,1.5,0.9401700858647983,0.26054078932778413,0.016143567040347473
110.2,24.030245011580476,24.029969682089384,24.0,1.5,0.9401465366009645,0.26054078932778413,0.016143567040347473
110.30000000000001,24.029969682089384,24.02969679186049,24.0,1.5,0.9401231837952287,0.26054078932778413,0.016143567040347473
110.4,24.02969679186049,24.029426320286902,24.0,1.5,0.9401000259746216,0.26054078932778413,0.016143567040347473
110.5,24.029426320286902,24.02915824692139,24.0,1.5,0.9400770616747781,0.26054078932778413,0.016143567040347473
110.60000000000001,24.02915824692139,24.028892551475366,24.0,1.5,0.9400542894399254,0.26054078932778413,0.016143567040347473
110.7,24.028892551475366,24.028629213817847,24.0,1.5,0.9400317078228682,0.26054078932778413,0.016143567040347473
110.80000000000001,24.028629213817847,24.028368213974424,24.0,1.5,0.9400093153849768,0.26054078932778413,0.016143567040347473
110.9,24.028368213974424,24.02810953212624,24.0,1.5,0.939987110696168,0.26054078932778413,0.016143567040347473
111.0,24.02810953212624,24.02785314860898,24.0,1.5,0.9399650923348927,0.26054078932778413,0.016143567040347473
111.10000000000001,24.02785314860898,24.027599043911838,24.0,1.5,0.9399432588881202,0.26054078932778413,0.016143567040347473
111.2,24.027599043911838,24.027347198676527,24.0,1.5,0.9399216089513192,0.26054078932778413,0.016143567040347473
111.30000000000001,24.027347198676527,24.027097593696254,24.0,1.5,0.9399001411284427,0.26054078932778413,0.016143567040347473
111.4,24.027097593696254,24.026850209914727,24.0,1.5,0.9398788540319092,0.26054078932778413,0.016143567040347473
111.5,24.026850209914727,24.02660502842516,24.0,1.5,0.9398577462825837,0.26054078932778413,0.016143567040347473
111.60000000000001,24.02660502842516,24.026362030469265,24.0,1.5,0.9398368165097624,0.26054078932778413,0.016143567040347473
111.7,24.026362030469265,24.02612119743628,24.0,1.5,0.9398160633511486,0.26054078932778413,0.016143567040347473
111.80000000000001,24.02612119743628,24.02588251086197,24.0,1.5,0.9397954854528369,0.26054078932778413,0.016143567040347473
111.9,24.02588251086197,24.025645952427656,24.0,1.5,0.9397750814692916,0.26054078932778413,0.016143567040347473
112.0,24.025645952427656,24.025410558318463,24.0,1.5,0.939771635511446,0.2611969649358955,0.016126878126107375
112.10000000000001,24.025410558318463,24.02517728575966,24.0,1.5,0.9397511305822729,0.2611969649358955,0.016126878126107375
112.2,24.02517728575966,24.024946116272144,24.0,1.5,0.9397308035998102,0.2611969649358955,0.016126878126107375
112.30000000000001,24.024946116272144,24.024717031528095,24.0,1.5,0.9397106531289692,0.2611969649358955,0.016126878126107375
112.4,24.024717031528095,24.02449001334987,24.0,1.5,0.9396906777446196,0.2611969649358955,0.016126878126107375
112.5,24.02449001334987,24.02426504370892,24.0,1.5,0.9396708760315418,0.2611969649358955,0.016126878126107375
112.60000000000001,24.02426504370892,24.024042104724693,24.0,1.5,0.9396512465843847,0.2611969649358955,0.016126878126107375
112.7,24.024042104724693,24.02382117866357,24.0,1.5,0.939631788007618,0.2611969649358955,0.016126878126107375
112.80000000000001,24.02382117866357,24.023602247937774,24.0,1.5,0.9396124989154905,0.2611969649358955,0.016126878126107375
112.9,24.023602247937774,24.02338529510431,24.0,1.5,0.9395933779319805,0.2611969649358955,0.016126878126107375
113.0,24.02338529510431,24.023170302863893,24.0,1.5,0.9395744236907542,0.2611969649358955,0.016126878126107375
113.10000000000001,24.023170302863893,24.02295725405991,24.0,1.5,0.939555634835116,0.2611969649358955,0.016126878126107375
113.2,24.02295725405991,24.02274613167735,24.0,1.5,0.9395370100179661,0.2611969649358955,0.016126878126107375
113.30000000000001,24.02274613167735,24.022536918841777,24.0,1.5,0.9395185479017516,0.2611969649358955,0.016126878126107375
113.4,24.022536918841777,24.022329598818267,24.0,1.5,0.9395002471584237,0.2611969649358955,0.016126878126107375
113.5,24.022329598818267,24.0221241550104,24.0,1.5,0.9394821064693873,0.2611969649358955,0.016126878126107375
113.60000000000001,24.0221241550104,24.021920570959217,24.0,1.5,0.9394641245254569,0.2611969649358955,0.016126878126107375
113.7,24.021920570959217,24.02171883034221,24.0,1.5,0.9394463000268104,0.2611969649358955,0.016126878126107375
113.80000000000001,24.02171883034221,24.021518916972294,24.0,1.5,0.9394286316829406,0.2611969649358955,0.016126878126107375
113.9,24.021518916972294,24.021320814796812,24.0,1.5,0.9394111182126105,0.2611969649358955,0.016126878126107375
114.0,24.021320814796812,24.021123838154345,24.0,1.5,0.9394055594279732,0.2617518350075789,0.016113183590072938
114.10000000000001,24.021123838154345,24.02092866208707,24.0,1.5,0.9393880376585846,0.2617518350075789,0.016113183590072938
114.2,24.02092866208707,24.02073527051447,24.0,1.5,0.9393706727022759,0.2617518350075789,0.016113183590072938
114.30000000000001,24.02073527051447,24.020543647493508,24.0,1.5,0.9393534632253323,0.2617518350075789,0.016113183590072938
114.4,24.020543647493508,24.020353777217508,24.0,1.5,0.9393364079043326,0.2617518350075789,0.016113183590072938
114.5,24.020353777217508,24.02016564401511,24.0,1.5,0.9393195054260821,0.2617518350075789,0.016113183590072938
114.60000000000001,24.02016564401511,24.01997923234918,24.0,1.5,0.9393027544875507,0.2617518350075789,0.016113183590072938
114.7,24.01997923234918,24.019794526815765,24.0,1.5,0.9392861537958102,0.2617518350075789,0.016113183590072938
114.80000000000001,24.019794526815765,24.01961151214303,24.0,1.5,0.9392697020679691,0.2617518350075789,0.016113183590072938
114.9,24.01961151214303,24.019430173190205,24.0,1.5,0.9392533980311112,0.2617518350075789,0.016113183590072938
115.0,24.019430173190205,24.01925049494656,24.0,1.5,0.9392372404222311,0.2617518350075789,0.016113183590072938
115.10000000000001,24.01925049494656,24.019072462530364,24.0,1.5,0.9392212279881738,0.2617518350075789,0.016113183590072938
115.2,24.019072462530364,24.018896061187853,24.0,1.5,0.9392053594855698,0.2617518350075789,0.016113183590072938
115.30000000000001,24.018896061187853,24.01872127629222,24.0,1.5,0.9391896336807747,0.2617518350075789,0.016113183590072938
115.4,24.01872127629222,24.01854809334259,24.0,1.5,0.9391740493498045,0.2617518350075789,0.016113183590072938
115.5,24.01854809334259,24.018376497963043,24.0,1.5,0.9391586052782751,0.2617518350075789,0.016113183590072938
115.60000000000001,24.018376497963043,24.018206475901575,24.0,1.5,0.9391433002613416,0.2617518350075789,0.016113183590072938
115.7,24.018206475901575,24.01803801302914,24.0,1.5,0.9391281331036336,0.2617518350075789,0.016113183590072938
115.80000000000001,24.01803801302914,24.01787109533865,24.0,1.5,0.9391131026191972,0.2617518350075789,0.016113183590072938
115.9,24.01787109533865,24.017705708943993,24.0,1.5,0.9390982076314303,0.2617518350075789,0.016113183590072938
116.0,24.017705708943993,24.017541369213852,24.0,1.5,0.9390916956866143,0.26221883885418806,0.01610193264606647
116.10000000000001,24.017541369213852,24.017378548253053,24.0,1.5,0.9390768477079593,0.26221883885418806,0.01610193264606647
116.2,24.017378548253053,24.01721723222983,24.0,1.5,0.9390621358060232,0.26221883885418806,0.01610193264606647
116.30000000000001,24.01721723222983,24.017057407434624,24.0,1.5,0.9390475587770964,0.26221883885418806,0.01610193264606647
116.4,24.017057407434624,24.016899060279055,24.0,1.5,0.9390331154274407,0.26221883885418806,0.01610193264606647
116.5,24.016899060279055,24.016742177294915,24.0,1.5,0.939018804573211,0.26221883885418806,0.01610193264606647
116.60000000000001,24.016742177294915,24.01658674513316,24.0,1.5,0.939004625040389,0.26221883885418806,0.01610193264606647
116.7,24.01658674513316,24.01643275056291,24.0,1.5,0.9389905756647081,0.26221883885418806,0.01610193264606647
116.80000000000001,24.01643275056291,24.01628018047046,24.0,1.5,0.9389766552915825,0.26221883885418806,0.01610193264606647
116.9,24.01628018047046,24.01612902185831,24.0,1.5,0.9389628627760366,0.26221883885418806,0.01610193264606647
117.0,24.01612902185831,24.015979261844162,24.0,1.5,0.9389491969826363,0.26221883885418806,0.01610193264606647
117.10000000000001,24.015979261844162,24.015830887659988,24.0,1.5,0.9389356567854149,0.26221883885418806,0.01610193264606647
117.2,24.015830887659988,24.01568388665104,24.0,1.5,0.9389222410678076,0.26221883885418806,0.01610193264606647
117.30000000000001,24.01568388665104,24.01553824627491,24.0,1.5,0.9389089487225794,0.26221883885418806,0.01610193264606647
117.4,24.01553824627491,24.01539395410059,24.0,1.5,0.9388957786517562,0.26221883885418806,0.01610193264606647
117.5,24.01539395410059,24.015250997807513,24.0,1.5,0.9388827297665581,0.26221883885418806,0.01610193264606647
117.60000000000001,24.015250997807513,24.015109365184646,24.0,1.5,0.9388698009873292,0.26221883885418806,0.01610193264606647
117.7,24.015109365184646,24.01496904412955,24.0,1.5,0.9388569912434699,0.26221883885418806,0.01610193264606647
117.80000000000001,24.01496904412955,24.01483002264747,24.0,1.5,0.938844299473371,0.26221883885418806,0.01610193264606647
117.9,24.01483002264747,24.014692288850412,24.0,1.5,0.9388317246243448,0.26221883885418806,0.01610193264606647
118.0,24.014692288850412,24.014555501831218,24.0,1.5,0.9388250027143328,0.26261024501030744,0.01609268253607379
118.10000000000001,24.014555501831218,24.014419989476945,24.0,1.5,0.9388125047487202,0.26261024501030744,0.01609268253607379
118.2,24.014419989476945,24.014285740000695,24.0,1.5,0.9388001234474452,0.26261024501030744,0.01609268253607379
118.30000000000001,24.014285740000695,24.014152741722384,24.0,1.5,0.938787857747457,0.26261024501030744,0.01609268253607379
118.4,24.014152741722384,24.01402098306781,24.0,1.5,0.9387757065949593,0.26261024501030744,0.01609268253607379
118.5,24.01402098306781,24.01389045256773,24.0,1.5,0.9387636689453345,0.26261024501030744,0.01609268253607379
118.60000000000001,24.01389045256773,24.013761138856957,24.0,1.5,0.9387517437630727,0.26261024501030744,0.01609268253607379
118.7,24.013761138856957,24.013633030673436,24.0,1.5,0.9387399300216996,0.26261024501030744,0.01609268253607379
118.80000000000001,24.013633030673436,24.01350611685735,24.0,1.5,0.9387282267037005,0.26261024501030744,0.01609268253607379
118.9,24.01350611685735,24.013380386350228,24.0,1.5,0.9387166328004511,0.26261024501030744,0.01609268253607379
119.0,24.013380386350228,24.01325582819406,24.0,1.5,0.9387051473121449,0.26261024501030744,0.01609268253607379
119.10000000000001,24.01325582819406,24.01313243153041,24.0,1.5,0.9386937692477231,0.26261024501030744,0.01609268253607379
119.2,24.01313243153041,24.01301018559955,24.0,1.5,0.9386824976248032,0.26261024501030744,0.01609268253607379
119.30000000000001,24.01301018559955,24.012889079739605,24.0,1.5,0.9386713314696081,0.26261024501030744,0.01609268253607379
119.4,24.012889079739605,24.012769103385672,24.0,1.5,0.9386602698168985,0.26261024501030744,0.01609268253607379
119.5,24.012769103385672,24.012650246068993,24.0,1.5,0.9386493117099025,0.26261024501030744,0.01609268253607379
119.60000000000001,24.012650246068993,24.012532497416096,24.0,1.5,0.9386384562002474,0.26261024501030744,0.01609268253607379
119.7,24.012532497416096,24.012415847147967,24.0,1.5,0.9386277023478905,0.26261024501030744,0.01609268253607379
119.80000000000001,24.012415847147967,24.012300285079217,24.0,1.5,0.9386170492210534,0.26261024501030744,0.01609268253607379
119.9,24.012300285079217,24.01218580111726,24.0,1.5,0.9386064958961534,0.26261024501030744,0.01609268253607379
