time,temperature,next_temperature,setpoint,disturbance,command,kp,ki
0.0,28.0,28.009975041614634,24.0,0.0,1.0,0.2884615384615404,0.014423076923076986
0.1,28.009975041614634,28.019900332501663,24.0,0.0,1.0,0.2884615384615404,0.014423076923076986
0.2,28.019900332501663,28.029776120793873,24.0,0.0,1.0,0.2884615384615404,0.014423076923076986
0.30000000000000004,28.029776120793873,28.03960265338649,24.0,0.0,1.0,0.2884615384615404,0.014423076923076986
0.4,28.03960265338649,28.049380175943334,24.0,0.0,1.0,0.2884615384615404,0.014423076923076986
0.5,28.049380175943334,28.059108932902983,24.0,0.0,1.0,0.2884615384615404,0.014423076923076986
0.6000000000000001,28.059108932902983,28.068789167484866,24.0,0.0,1.0,0.2884615384615404,0.014423076923076986
0.7000000000000001,28.068789167484866,28.078421121695353,24.0,0.0,1.0,0.2884615384615404,0.014423076923076986
0.8,28.078421121695353,28.0880050363338,24.0,0.0,1.0,0.2884615384615404,0.014423076923076986
0.9,28.0880050363338,28.097541150998573,24.0,0.0,1.0,0.2884615384615404,0.014423076923076986
1.0,28.097541150998573,28.107029704093033,24.0,0.0,1.0,0.2884615384615404,0.014423076923076986
1.1,28.107029704093033,28.116470932831504,24.0,0.0,1.0,0.2884615384615404,0.014423076923076986
1.2000000000000002,28.116470932831504,28.125865073245194,24.0,0.0,1.0,0.2884615384615404,0.014423076923076986
1.3,28.125865073245194,28.135212360188106,24.0,0.0,1.0,0.2884615384615404,0.014423076923076986
1.4000000000000001,28.135212360188106,28.144513027342896,24.0,0.0,1.0,0.2884615384615404,0.014423076923076986
1.5,28.144513027342896,28.15376730722673,24.0,0.0,1.0,0.2884615384615404,0.014423076923076986
1.6,28.15376730722673,28.162975431197086,24.0,0.0,1.0,0.2884615384615404,0.014423076923076986
1.7000000000000002,28.162975431197086,28.172137629457545,24.0,0.0,1.0,0.2884615384615404,0.014423076923076986
1.8,28.172137629457545,28.18125413106354,24.0,0.0,1.0,0.2884615384615404,0.014423076923076986
1.9000000000000001,28.18125413106354,28.190325163928083,24.0,0.0,1.0,0.2884615384615404,0.014423076923076986
2.0,28.190325163928083,28.15945078836893,24.0,0.0,1.0,0.2884615384615404,0.014423076923076986
2.1,28.15945078836893,28.12873039940029,24.0,0.0,1.0,0.2884615384615404,0.014423076923076986
2.2,28.12873039940029,28.09816322901084,24.0,0.0,1.0,0.2884615384615404,0.014423076923076986
2.3000000000000003,28.09816322901084,28.06774851301973,24.0,0.0,1.0,0.2884615384615404,0.014423076923076986
2.4000000000000004,28.06774851301973,28.037485491057474,24.0,0.0,1.0,0.2884615384615404,0.014423076923076986
2.5,28.037485491057474,28.007373406546947,24.0,0.0,1.0,0.2884615384615404,0.014423076923076986
2.6,28.007373406546947,27.97741150668447,24.0,0.0,1.0,0.2884615384615404,0.014423076923076986
2.7,27.97741150668447,27.94759904242098,24.0,0.0,1.0,0.2884615384615404,0.014423076923076986
2.8000000000000003,27.94759904242098,27.917935268443323,24.0,0.0,1.0,0.2884615384615404,0.014423076923076986
2.9000000000000004,27.917935268443323,27.888419443155602,24.0,0.0,1.0,0.2884615384615404,0.014423076923076986
3.0,27.888419443155602,27.85905082866065,24.0,0.0,1.0,0.2884615384615404,0.014423076923076986
3.1,27.85905082866065,27.82982869074157,24.0,0.0,1.0,0.2884615384615404,0.014423076923076986
3.2,27.82982869074157,27.8007522988434,24.0,0.0,1.0,0.2884615384615404,0.014423076923076986
3.3000000000000003,27.8007522988434,27.771820926054822,24.0,0.0,1.0,0.2884615384615404,0.014423076923076986
3.4000000000000004,27.771820926054822,27.74303384909001,24.0,0.0,1.0,0.2884615384615404,0.014423076923076986
3.5,27.74303384909001,27.714390348270545,24.0,0.0,1.0,0.2884615384615404,0.014423076923076986
3.6,27.714390348270545,27.68588970750741,24.0,0.0,1.0,0.2884615384615404,0.014423076923076986
3.7,27.68588970750741,27.657531214283104,24.0,0.0,1.0,0.2884615384615404,0.014423076923076986
3.8000000000000003,27.657531214283104,27.629314159633818,24.0,0.0,1.0,0.2884615384615404,0.014423076923076986
3.9000000000000004,27.629314159633818,27.601237838131716,24.0,0.0,1.0,0.2884615384615404,0.014423076923076986
4.0,27.601237838131716,27.5733015478673,24.0,0.0,1.0,0.2884615384615404,0.014423076923076986
4.1000000000000005,27.5733015478673,27.545504590431854,24.0,0.0,1.0,0.2884615384615404,0.014423076923076986
4.2,27.545504590431854,27.517846270899998,24.0,0.0,1.0,0.2884615384615404,0.014423076923076986
4.3,27.517846270899998,27.490325897812305,24.0,0.0,1.0,0.2884615384615404,0.014423076923076986
4.4,27.490325897812305,27.46294278315801,24.0,0.0,1.0,0.2884615384615404,0.014423076923076986
4.5,27.46294278315801,27.43569624235782,24.0,0.0,0.9989258028340479,0.2884615384615404,0.014423076923076986
4.6000000000000005,27.43569624235782,27.4085855942468,24.0,0.0,0.9960215548758556,0.2884615384615404,0.014423076923076986
4.7,27.4085855942468,27.38161016105734,24.0,0.0,0.9931174048355329,0.2884615384615404,0.014423076923076986
4.800000000000001,27.38161016105734,27.354769268402194,24.0,0.0,0.9902133522247127,0.2884615384615404,0.014423076923076986
4.9,27.354769268402194,27.32806224525765,24.0,0.0,0.9873093965574627,0.2884615384615404,0.014423076923076986
5.0,27.32806224525765,27.301488423946743,24.0,0.0,0.9844055373502739,0.2884615384615404,0.014423076923076986
5.1000000000000005,27.301488423946743,27.275047140122556,24.0,0.0,0.9815017741220505,0.2884615384615404,0.014423076923076986
5.2,27.275047140122556,27.248737732751614,24.0,0.0,0.9785981063940963,0.2884615384615404,0.014423076923076986
5.300000000000001,27.248737732751614,27.22255954409736,24.0,0.0,0.975694533690101,0.2884615384615404,0.014423076923076986
5.4,27.22255954409736,27.19651191970372,24.0,0.0,0.9727910555361299,0.2884615384615404,0.014423076923076986
5.5,27.19651191970372,27.170594208378724,24.0,0.0,0.9698876714606138,0.2884615384615404,0.014423076923076986
5.6000000000000005,27.170594208378724,27.144805762178237,24.0,0.0,0.966984380994334,0.2884615384615404,0.014423076923076986
5.7,27.144805762178237,27.119145936389764,24.0,0.0,0.9640811836704123,0.2884615384615404,0.014423076923076986
5.800000000000001,27.119145936389764,27.093614089516322,24.0,0.0,0.9611780790242993,0.2884615384615404,0.014423076923076986
5.9,27.093614089516322,27.068209583260412,24.0,0.0,0.9582750665937628,0.2884615384615404,0.014423076923076986
6.0,27.068209583260412,27.042931782508056,24.0,0.0,0.9553721459188759,0.2884615384615404,0.014423076923076986
6.1000000000000005,27.042931782508056,27.01778005531291,24.0,0.0,0.952469316542006,0.2884615384615404,0.014423076923076986
6.2,27.01778005531291,26.992753772880494,24.0,0.0,0.9495665780078002,0.2884615384615404,0.014423076923076986
6.300000000000001,26.992753772880494,26.96785230955244,24.0,0.0,0.9466639298631805,0.2884615384615404,0.014423076923076986
6.4,26.96785230955244,26.943075042790866,24.0,0.0,0.9437613716573273,0.2884615384615404,0.014423076923076986
6.5,26.943075042790866,26.918464213808544,24.0,0.0,0.9408589029416675,0.2884615384615404,0.014423076923076986
6.6000000000000005,26.918464213808544,26.894092011824824,24.0,0.0,0.937968948735914,0.2884615384615404,0.014423076923076986
6.7,26.894092011824824,26.869957242775648,24.0,0.0,0.9351126770268958,0.2884615384615404,0.014423076923076986
6.800000000000001,26.869957242775648,26.84605871857186,24.0,0.0,0.9322900858244059,0.2884615384615404,0.014423076923076986
6.9,26.84605871857186,26.822395257069317,24.0,0.0,0.9295011731481768,0.2884615384615404,0.014423076923076986
7.0,26.822395257069317,26.798965682039128,24.0,0.0,0.9267459370278314,0.2884615384615404,0.014423076923076986
7.1000000000000005,26.798965682039128,26.775768823138073,24.0,0.0,0.9240243755028332,0.2884615384615404,0.014423076923076986
7.2,26.775768823138073,26.752803515879137,24.0,0.0,0.9213364866224395,0.2884615384615404,0.014423076923076986
7.300000000000001,26.752803515879137,26.730068601602213,24.0,0.0,0.918682268445649,0.2884615384615404,0.014423076923076986
7.4,26.730068601602213,26.70756292744495,24.0,0.0,0.9160617190411549,0.2884615384615404,0.014423076923076986
7.5,26.70756292744495,26.685285346313737,24.0,0.0,0.9134748364872978,0.2884615384615404,0.014423076923076986
7.6000000000000005,26.685285346313737,26.663234716854834,24.0,0.0,0.9109216188720157,0.2884615384615404,0.014423076923076986
7.7,26.663234716854834,26.64140990342566,24.0,0.0,0.9084020642927959,0.2884615384615404,0.014423076923076986
7.800000000000001,26.64140990342566,26.619809776066205,24.0,0.0,0.905916170856629,0.2884615384615404,0.014423076923076986
7.9,26.619809776066205,26.598433210470606,24.0,0.0,0.9034639366799584,0.2884615384615404,0.014423076923076986
8.0,26.598433210470606,26.57727908795885,24.0,0.0,0.9010453598886374,0.2884615384615404,0.014423076923076986
8.1,26.57727908795885,26.556346295448616,24.0,0.0,0.898660438617879,0.2884615384615404,0.014423076923076986
8.200000000000001,26.556346295448616,26.535633725427285,24.0,0.0,0.8963091710122086,0.2884615384615404,0.014423076923076986
8.3,26.535633725427285,26.515140275924047,24.0,0.0,0.8939915552254217,0.2884615384615404,0.014423076923076986
8.4,26.515140275924047,26.49486485048219,24.0,0.0,0.8917075894205319,0.2884615384615404,0.014423076923076986
8.5,26.49486485048219,26.4748063581315,24.0,0.0,0.8894572717697306,0.2884615384615404,0.014423076923076986
8.6,26.4748063581315,26.454963217582637,24.0,0.0,0.8872406004543358,0.2884615384615404,0.014423076923076986
8.700000000000001,26.454963217582637,26.435333010826785,24.0,0.0,0.8850574299367545,0.2884615384615404,0.014423076923076986
8.8,26.435333010826785,26.415913331994403,24.0,0.0,0.8829073698304896,0.2884615384615404,0.014423076923076986
8.9,26.415913331994403,26.39670178729429,24.0,0.0,0.880790029780756,0.2884615384615404,0.014423076923076986
9.0,26.39670178729429,26.377695994952944,24.0,0.0,0.878705019464321,0.2884615384615404,0.014423076923076986
9.1,26.377695994952944,26.358893585154235,24.0,0.0,0.8766519485893455,0.2884615384615404,0.014423076923076986
9.200000000000001,26.358893585154235,26.340292199979373,24.0,0.0,0.8746304268952285,0.2884615384615404,0.014423076923076986
9.3,26.340292199979373,26.321889493347186,24.0,0.0,0.8726400641524504,0.2884615384615404,0.014423076923076986
9.4,26.321889493347186,26.303683130954692,24.0,0.0,0.8706804701624162,0.2884615384615404,0.014423076923076986
9.5,26.303683130954692,26.285670790217964,24.0,0.0,0.8687512547573046,0.2884615384615404,0.014423076923076986
9.600000000000001,26.285670790217964,26.267850160213303,24.0,0.0,0.8668520277999089,0.2884615384615404,0.014423076923076986
9.700000000000001,26.267850160213303,26.2502189416187,24.0,0.0,0.8649823991834875,0.2884615384615404,0.014423076923076986
9.8,26.2502189416187,26.2327748466556,24.0,0.0,0.8631419788316101,0.2884615384615404,0.014423076923076986
9.9,26.2327748466556,26.215515599030937,24.0,0.0,0.8613303766980077,0.2884615384615404,0.014423076923076986
10.0,26.215515599030937,26.198438933879487,24.0,0.0,0.8595472027664182,0.2884615384615404,0.014423076923076986
10.100000000000001,26.198438933879487,26.181542597706493,24.0,0.0,0.8577920670504415,0.2884615384615404,0.014423076923076986
10.200000000000001,26.181542597706493,26.164824348330583,24.0,0.0,0.8560645795933851,0.2884615384615404,0.014423076923076986
10.3,26.164824348330583,26.148281954826977,24.0,0.0,0.8543643504681189,0.2884615384615404,0.014423076923076986
10.4,26.148281954826977,26.131913197470976,24.0,0.0,0.8526909897769253,0.2884615384615404,0.014423076923076986
10.5,26.131913197470976,26.11571586768173,24.0,0.0,0.851044107651354,0.2884615384615404,0.014423076923076986
10.600000000000001,26.11571586768173,26.099687767966294,24.0,0.0,0.8494233142520738,0.2884615384615404,0.014423076923076986
10.700000000000001,26.099687767966294,26.083826717598754,24.0,0.0,0.8478282197687267,0.2884615384615404,0.014423076923076986
10.8,26.083826717598754,26.06813056230608,24.0,0.0,0.846258436082319,0.2884615384615404,0.014423076923076986
10.9,26.06813056230608,26.05259717413496,24.0,0.0,0.844713579597374,0.2884615384615404,0.014423076923076986
11.0,26.05259717413496,26.037224451319243,24.0,0.0,0.8431932712414759,0.2884615384615404,0.014423076923076986
11.100000000000001,26.037224451319243,26.022010318148098,24.0,0.0,0.8416971364648068,0.2884615384615404,0.014423076923076986
11.200000000000001,26.022010318148098,26.006952724834804,24.0,0.0,0.8402248052396899,0.2884615384615404,0.014423076923076986
11.3,26.006952724834804,25.992049647386217,24.0,0.0,0.8387759120601361,0.2884615384615404,0.014423076923076986
11.4,25.992049647386217,25.977299087472893,24.0,0.0,0.8373500959413893,0.2884615384615404,0.014423076923076986
11.5,25.977299087472893,25.962699072299856,24.0,0.0,0.8359470004194778,0.2884615384615404,0.014423076923076986
11.600000000000001,25.962699072299856,25.948247654478024,24.0,0.0,0.8345662735507648,0.2884615384615404,0.014423076923076986
11.700000000000001,25.948247654478024,25.933942911896285,24.0,0.0,0.8332075679115029,0.2884615384615404,0.014423076923076986
11.8,25.933942911896285,25.919782947594207,24.0,0.0,0.83187054059739,0.2884615384615404,0.014423076923076986
11.9,25.919782947594207,25.905765889635404,24.0,0.0,0.8305548532231284,0.2884615384615404,0.014423076923076986
12.0,25.905765889635404,25.891889890981524,24.0,0.0,0.8292601719219863,0.2884615384615404,0.014423076923076986
12.100000000000001,25.891889890981524,25.878153129366876,24.0,0.0,0.8279861673453597,0.2884615384615404,0.014423076923076986
12.200000000000001,25.878153129366876,25.8645538071737,24.0,0.0,0.8267325146623363,0.2884615384615404,0.014423076923076986
12.3,25.8645538071737,25.851090151308043,24.0,0.0,0.8254988935592668,0.2884615384615404,0.014423076923076986
12.4,25.851090151308043,25.837760413076282,24.0,0.0,0.8242849882393293,0.2884615384615404,0.014423076923076986
12.5,25.837760413076282,25.824562868062255,24.0,0.0,0.8230904874221046,0.2884615384615404,0.014423076923076986
12.600000000000001,25.824562868062255,25.811495816005017,24.0,0.0,0.821915084343148,0.2884615384615404,0.014423076923076986
12.700000000000001,25.811495816005017,25.79855758067721,24.0,0.0,0.8207584767535674,0.2884615384615404,0.014423076923076986
12.8,25.79855758067721,25.7857465096977,24.0,0.0,0.8196203669195992,0.2884615384615404,0.014423076923076986
12.9,25.7857465096977,25.773060974232166,24.0,0.0,0.8185004616029585,0.2884615384615404,0.014423076923076986
13.0,25.773060974232166,25.76049936869519,24.0,0.0,0.8173984720084282,0.2884615384615404,0.014423076923076986
13.100000000000001,25.76049936869519,25.748060110453835,24.0,0.0,0.8163141137314569,0.2884615384615404,0.014423076923076986
13.200000000000001,25.748060110453835,25.73574163953275,24.0,0.0,0.8152471067057592,0.2884615384615404,0.014423076923076986
13.3,25.73574163953275,25.723542418320747,24.0,0.0,0.8141971751509264,0.2884615384615404,0.014423076923076986
13.4,25.723542418320747,25.711460931278847,24.0,0.0,0.8131640475200417,0.2884615384615404,0.014423076923076986
13.5,25.711460931278847,25.699495684649833,24.0,0.0,0.8121474564472995,0.2884615384615404,0.014423076923076986
13.600000000000001,25.699495684649833,25.68764520616924,24.0,0.0,0.8111471386956366,0.2884615384615404,0.014423076923076986
13.700000000000001,25.68764520616924,25.67590804477782,24.0,0.0,0.8101628351043635,0.2884615384615404,0.014423076923076986
13.8,25.67590804477782,25.664282770335454,24.0,0.0,0.8091942905368066,0.2884615384615404,0.014423076923076986
13.9,25.664282770335454,25.6527679733365,24.0,0.0,0.808241253827954,0.2884615384615404,0.014423076923076986
14.0,25.6527679733365,25.641362264626594,24.0,0.0,0.807303477732106,0.2884615384615404,0.014423076923076986
14.100000000000001,25.641362264626594,25.63006427512088,24.0,0.0,0.8063807188705371,0.2884615384615404,0.014423076923076986
14.200000000000001,25.63006427512088,25.61887265552364,24.0,0.0,0.8054727376791595,0.2884615384615404,0.014423076923076986
14.3,25.61887265552364,25.607786076049365,24.0,0.0,0.8045792983561912,0.2884615384615404,0.014423076923076986
14.4,25.607786076049365,25.596803226145234,24.0,0.0,0.8037001688098373,0.2884615384615404,0.014423076923076986
14.5,25.596803226145234,25.585922814214964,24.0,0.0,0.8028351206059704,0.2884615384615404,0.014423076923076986
14.600000000000001,25.585922814214964,25.575143567344096,24.0,0.0,0.801983928915818,0.2884615384615404,0.014423076923076986
14.700000000000001,25.575143567344096,25.564464231026633,24.0,0.0,0.80114637246366,0.2884615384615404,0.014423076923076986
14.8,25.564464231026633,25.553883568893088,24.0,0.0,0.8003222334745266,0.2884615384615404,0.014423076923076986
14.9,25.553883568893088,25.54340036244064,24.0,0.0,0.7995112976219074,0.2884615384615404,0.014423076923076986
15.0,25.54340036244064,25.533013410766756,24.0,0.0,0.7987133539756828,0.2884615384615404,0.014423076923076986
15.100000000000001,25.533013410766756,25.522721530306224,24.0,0.0,0.7979281949506685,0.2884615384615404,0.014423076923076986
15.200000000000001,25.522721530306224,25.512523554571573,24.0,0.0,0.7971556162557645,0.2884615384615404,0.014423076923076986
15.3,25.512523554571573,25.502418333896898,24.0,0.0,0.7963954168437084,0.2884615384615404,0.014423076923076986
15.4,25.502418333896898,25.492404735185048,24.0,0.0,0.7956473988614421,0.2884615384615404,0.014423076923076986
15.5,25.492404735185048,25.48248164165815,24.0,0.0,0.794911367601079,0.2884615384615404,0.014423076923076986
15.600000000000001,25.48248164165815,25.472647952611496,24.0,0.0,0.794187131451481,0.2884615384615404,0.014423076923076986
15.700000000000001,25.472647952611496,25.46290258317071,24.0,0.0,0.7934745018504433,0.2884615384615404,0.014423076923076986
15.8,25.46290258317071,25.453244464052254,24.0,0.0,0.792773293237482,0.2884615384615404,0.014423076923076986
15.9,25.453244464052254,25.443672541327185,24.0,0.0,0.7920833230072337,0.2884615384615404,0.014423076923076986
16.0,25.443672541327185,25.434185776188198,24.0,0.0,0.7914044114634549,0.2884615384615404,0.014423076923076986
16.1,25.434185776188198,25.424783144719914,24.0,0.0,0.7907363817736337,0.2884615384615404,0.014423076923076986
16.2,25.424783144719914,25.4154636376724,24.0,0.0,0.7900790599242056,0.2884615384615404,0.014423076923076986
16.3,25.4154636376724,25.406226260237904,24.0,0.0,0.7894322746763731,0.2884615384615404,0.014423076923076986
16.400000000000002,25.406226260237904,25.397070031830808,24.0,0.0,0.788795857522535,0.2884615384615404,0.014423076923076986
16.5,25.397070031830808,25.387993985870736,24.0,0.0,0.7881696426433207,0.2884615384615404,0.014423076923076986
16.6,25.387993985870736,25.378997169568862,24.0,0.0,0.7875534668652291,0.2884615384615404,0.014423076923076986
16.7,25.378997169568862,25.370078643717356,24.0,0.0,0.7869471696188743,0.2884615384615404,0.014423076923076986
16.8,25.370078643717356,25.361237482481954,24.0,0.0,0.7863505928978399,0.2884615384615404,0.014423076923076986
16.900000000000002,25.361237482481954,25.352472773197682,24.0,0.0,0.7857635812181305,0.2884615384615404,0.014423076923076986
17.0,25.352472773197682,25.343783616167645,24.0,0.0,0.7851859815782413,0.2884615384615404,0.014423076923076986
17.1,25.343783616167645,25.335169124464887,24.0,0.0,0.7846176434198184,0.2884615384615404,0.014423076923076986
17.2,25.335169124464887,25.32662842373727,24.0,0.0,0.7840584185889241,0.2884615384615404,0.014423076923076986
17.3,25.32662842373727,25.318160652015322,24.0,0.0,0.783508161297886,0.2884615384615404,0.014423076923076986
17.400000000000002,25.318160652015322,25.309764959523037,24.0,0.0,0.7829667280877313,0.2884615384615404,0.014423076923076986
17.5,25.309764959523037,25.301440508491556,24.0,0.0,0.7824339777911916,0.2884615384615404,0.014423076923076986
17.6,25.301440508491556,25.29318647297573,24.0,0.0,0.7819097714962813,0.2884615384615404,0.014423076923076986
17.7,25.29318647297573,25.285002038673486,24.0,0.0,0.7813939725104311,0.2884615384615404,0.014423076923076986
17.8,25.285002038673486,25.276886402748,24.0,0.0,0.7808864463251781,0.2884615384615404,0.014423076923076986
17.900000000000002,25.276886402748,25.268838773652597,24.0,0.0,0.7803870605814056,0.2884615384615404,0.014423076923076986
18.0,25.268838773652597,25.260858370958363,24.0,0.0,0.7798956850351149,0.2884615384615404,0.014423076923076986
18.1,25.260858370958363,25.25294442518444,24.0,0.0,0.7794121915237374,0.2884615384615404,0.014423076923076986
18.2,25.25294442518444,25.245096177630945,24.0,0.0,0.7789364539329684,0.2884615384615404,0.014423076923076986
18.3,25.245096177630945,25.23731288021447,24.0,0.0,0.7784683481641197,0.2884615384615404,0.014423076923076986
18.400000000000002,25.23731288021447,25.229593795306187,24.0,0.0,0.7780077521019847,0.2884615384615404,0.014423076923076986
18.5,25.229593795306187,25.221938195572417,24.0,0.0,0.7775545455832096,0.2884615384615404,0.014423076923076986
18.6,25.221938195572417,25.214345363817724,24.0,0.0,0.7771086103651592,0.2884615384615404,0.014423076923076986
18.7,25.214345363817724,25.206814592830447,24.0,0.0,0.7766698300952735,0.2884615384615404,0.014423076923076986
18.8,25.206814592830447,25.19934518523064,24.0,0.0,0.7762380902809106,0.2884615384615404,0.014423076923076986
18.900000000000002,25.19934518523064,25.19193645332039,24.0,0.0,0.7758132782596644,0.2884615384615404,0.014423076923076986
19.0,25.19193645332039,25.184587718936477,24.0,0.0,0.7753952831701507,0.2884615384615404,0.014423076923076986
19.1,25.184587718936477,25.177298313305336,24.0,0.0,0.774983995923257,0.2884615384615404,0.014423076923076986
19.200000000000003,25.177298313305336,25.170067576900294,24.0,0.0,0.7745793091738489,0.2884615384615404,0.014423076923076986
19.3,25.170067576900294,25.16289485930103,24.0,0.0,0.7741811172929238,0.2884615384615404,0.014423076923076986
19.400000000000002,25.16289485930103,25.15577951905525,24.0,0.0,0.7737893163402048,0.2884615384615404,0.014423076923076986
19.5,25.15577951905525,25.14872092354251,24.0,0.0,0.7734038040371752,0.2884615384615404,0.014423076923076986
19.6,25.14872092354251,25.141718448840184,24.0,0.0,0.7730244797405321,0.2884615384615404,0.014423076923076986
19.700000000000003,25.141718448840184,25.134771479591535,24.0,0.0,0.7726512444160731,0.2884615384615404,0.014423076923076986
19.8,25.134771479591535,25.127879408875835,24.0,0.0,0.7722840006129892,0.2884615384615404,0.014423076923076986
19.900000000000002,25.127879408875835,25.121041638080538,24.0,0.0,0.7719226524385696,0.2884615384615404,0.014423076923076986
20.0,25.121041638080538,25.114257576775447,24.0,0.0,0.7715671055333115,0.2884615384615404,0.014423076923076986
20.1,25.114257576775447,25.107526642588862,24.0,0.0,0.7712172670464231,0.2884615384615404,0.014423076923076986
20.200000000000003,25.107526642588862,25.100848261085645,24.0,0.0,0.7708730456117191,0.2884615384615404,0.014423076923076986
20.3,25.100848261085645,25.09422186564723,24.0,0.0,0.7705343513238953,0.2884615384615404,0.014423076923076986
20.400000000000002,25.09422186564723,25.087646897353494,24.0,0.0,0.7702010957151902,0.2884615384615404,0.014423076923076986
20.5,25.087646897353494,25.08112280486647,24.0,0.0,0.7698731917324105,0.2884615384615404,0.014423076923076986
20.6,25.08112280486647,25.074649044315905,24.0,0.0,0.7695505537143266,0.2884615384615404,0.014423076923076986
20.700000000000003,25.074649044315905,25.068225079186593,24.0,0.0,0.7692330973694266,0.2884615384615404,0.014423076923076986
20.8,25.068225079186593,25.06185038020749,24.0,0.0,0.768920739754029,0.2884615384615404,0.014423076923076986
20.900000000000002,25.06185038020749,25.055524425242545,24.0,0.0,0.7686133992507402,0.2884615384615404,0.014423076923076986
21.0,25.055524425242545,25.049246699183264,24.0,0.0,0.7683109955472603,0.2884615384615404,0.014423076923076986
21.1,25.049246699183264,25.04301669384294,24.0,0.0,0.7680134496155204,0.2884615384615404,0.014423076923076986
21.200000000000003,25.04301669384294,25.036833907852547,24.0,0.0,0.767720683691162,0.2884615384615404,0.014423076923076986
21.3,25.036833907852547,25.030697846558258,24.0,0.0,0.7674326212533358,0.2884615384615404,0.014423076923076986
21.400000000000002,25.030697846558258,25.02460802192058,24.0,0.0,0.767149187004827,0.2884615384615404,0.014423076923076986
21.5,25.02460802192058,25.01856395241506,24.0,0.0,0.766870306852498,0.2884615384615404,0.014423076923076986
21.6,25.01856395241506,25.01256516293454,24.0,0.0,0.7665959078880427,0.2884615384615404,0.014423076923076986
21.700000000000003,25.01256516293454,25.006611184692943,24.0,0.0,0.7663259183690476,0.2884615384615404,0.014423076923076986
21.8,25.006611184692943,25.000701555130586,24.0,0.0,0.766060267700356,0.2884615384615404,0.014423076923076986
21.900000000000002,25.000701555130586,24.994835817820945,24.0,0.0,0.7657988864157298,0.2884615384615404,0.014423076923076986
22.0,24.994835817820945,24.98901352237889,24.0,0.0,0.765541706159806,0.2884615384615404,0.014423076923076986
22.1,24.98901352237889,24.98323422437036,24.0,0.0,0.7652886596703365,0.2884615384615404,0.014423076923076986
22.200000000000003,24.98323422437036,24.97749748522344,24.0,0.0,0.7650396807607177,0.2884615384615404,0.014423076923076986
22.3,24.97749748522344,24.97180287214085,24.0,0.0,0.7647947043027943,0.2884615384615404,0.014423076923076986
22.400000000000002,24.97180287214085,24.966149958013755,24.0,0.0,0.7645536662099418,0.2884615384615404,0.014423076923076986
22.5,24.966149958013755,24.960538321336987,24.0,0.0,0.7643165034204153,0.2884615384615404,0.014423076923076986
22.6,24.960538321336987,24.954967546125534,24.0,0.0,0.7640831538809683,0.2884615384615404,0.014423076923076986
22.700000000000003,24.954967546125534,24.949437221832365,24.0,0.0,0.7638535565307303,0.2884615384615404,0.014423076923076986
22.8,24.949437221832365,24.94394694326753,24.0,0.0,0.7636276512853437,0.2884615384615404,0.014423076923076986
22.900000000000002,24.94394694326753,24.938496310518516,24.0,0.0,0.763405379021354,0.2884615384615404,0.014423076923076986
23.0,24.938496310518516,24.933084928871857,24.0,0.0,0.7631866815608479,0.2884615384615404,0.014423076923076986
23.1,24.933084928871857,24.927712408735964,24.0,0.0,0.7629715016563381,0.2884615384615404,0.014423076923076986
23.200000000000003,24.927712408735964,24.92237836556515,24.0,0.0,0.7627597829758921,0.2884615384615404,0.014423076923076986
23.3,24.92237836556515,24.917082419784858,24.0,0.0,0.7625514700884921,0.2884615384615404,0.014423076923076986
23.400000000000002,24.917082419784858,24.911824196718033,24.0,0.0,0.7623465084496356,0.2884615384615404,0.014423076923076986
23.5,24.911824196718033,24.906603326512666,24.0,0.0,0.762144844387164,0.2884615384615404,0.014423076923076986
23.6,24.906603326512666,24.901419444070438,24.0,0.0,0.7619464250873168,0.2884615384615404,0.014423076923076986
23.700000000000003,24.901419444070438,24.896272188976504,24.0,0.0,0.7617511985810064,0.2884615384615404,0.014423076923076986
23.8,24.896272188976504,24.89116120543035,24.0,0.0,0.7615591137303183,0.2884615384615404,0.014423076923076986
23.900000000000002,24.89116120543035,24.886086142177746,24.0,0.0,0.7613701202152217,0.2884615384615404,0.014423076923076986
24.0,24.886086142177746,24.881046652443732,24.0,0.0,0.7611841685204959,0.2884615384615404,0.014423076923076986
24.1,24.881046652443732,24.876042393866676,24.0,0.0,0.7610012099228629,0.2884615384615404,0.014423076923076986
24.200000000000003,24.876042393866676,24.871073028433337,24.0,0.0,0.7608211964783274,0.2884615384615404,0.014423076923076986
24.3,24.871073028433337,24.866138222414946,24.0,0.0,0.7606440810097199,0.2884615384615404,0.014423076923076986
24.400000000000002,24.866138222414946,24.86123764630428,24.0,0.0,0.7604698170944365,0.2884615384615404,0.014423076923076986
24.5,24.86123764630428,24.856370974753712,24.0,0.0,0.7602983590523751,0.2884615384615404,0.014423076923076986
24.6,24.856370974753712,24.851537886514233,24.0,0.0,0.7601296619340681,0.2884615384615404,0.014423076923076986
24.700000000000003,24.851537886514233,24.846738064375405,24.0,0.0,0.7599636815089983,0.2884615384615404,0.014423076923076986
24.8,24.846738064375405,24.84197119510626,24.0,0.0,0.7598003742541086,0.2884615384615404,0.014423076923076986
24.900000000000002,24.84197119510626,24.837236969397114,24.0,0.0,0.7596396973424896,0.2884615384615404,0.014423076923076986
25.0,24.837236969397114,24.832535081802277,24.0,0.0,0.7594816086322509,0.2884615384615404,0.014423076923076986
25.1,24.832535081802277,24.82786523068366,24.0,0.0,0.7593260666555703,0.2884615384615404,0.014423076923076986
25.200000000000003,24.82786523068366,24.82322711815526,24.0,0.0,0.7591730306079169,0.2884615384615404,0.014423076923076986
25.3,24.82322711815526,24.818620450028483,24.0,0.0,0.7590224603374482,0.2884615384615404,0.014423076923076986
25.400000000000002,24.818620450028483,24.814044935758346,24.0,0.0,0.7588743163345733,0.2884615384615404,0.014423076923076986
25.5,24.814044935758346,24.8095002883905,24.0,0.0,0.7587285597216852,0.2884615384615404,0.014423076923076986
25.6,24.8095002883905,24.804986224509054,24.0,0.0,0.7585851522430617,0.2884615384615404,0.014423076923076986
25.700000000000003,24.804986224509054,24.800502464185243,24.0,0.0,0.7584440562549177,0.2884615384615404,0.014423076923076986
25.8,24.800502464185243,24.796048730926856,24.0,0.0,0.7583052347156238,0.2884615384615404,0.014423076923076986
25.900000000000002,24.796048730926856,24.79162475162848,24.0,0.0,0.7581686511760797,0.2884615384615404,0.014423076923076986
26.0,24.79162475162848,24.787230256522477,24.0,0.0,0.7580342697702429,0.2884615384615404,0.014423076923076986
26.1,24.787230256522477,24.782864979130753,24.0,0.0,0.7579020552058036,0.2884615384615404,0.014423076923076986
26.200000000000003,24.782864979130753,24.77852865621725,24.0,0.0,0.7577719727550142,0.2884615384615404,0.014423076923076986
26.3,24.77852865621725,24.774221027741188,24.0,0.0,0.7576439882456634,0.2884615384615404,0.014423076923076986
26.400000000000002,24.774221027741188,24.769941836811007,24.0,0.0,0.757518068052195,0.2884615384615404,0.014423076923076986
26.5,24.769941836811007,24.76569082963905,24.0,0.0,0.7573941790869665,0.2884615384615404,0.014423076923076986
26.6,24.76569082963905,24.761467755496913,24.0,0.0,0.7572722887916501,0.2884615384615404,0.014423076923076986
26.700000000000003,24.761467755496913,24.757272366671522,24.0,0.0,0.7571523651287699,0.2884615384615404,0.014423076923076986
26.8,24.757272366671522,24.753104418421845,24.0,0.0,0.7570343765733758,0.2884615384615404,0.014423076923076986
26.900000000000002,24.753104418421845,24.74896366893631,24.0,0.0,0.7569182921048467,0.2884615384615404,0.014423076923076986
27.0,24.74896366893631,24.744849879290843,24.0,0.0,0.7568040811988309,0.2884615384615404,0.014423076923076986
27.1,24.744849879290843,24.740762813407592,24.0,0.0,0.7566917138193083,0.2884615384615404,0.014423076923076986
27.200000000000003,24.740762813407592,24.73670223801425,24.0,0.0,0.7565811604107854,0.2884615384615404,0.014423076923076986
27.3,24.73670223801425,24.732667922604026,24.0,0.0,0.7564723918906109,0.2884615384615404,0.014423076923076986
27.400000000000002,24.732667922604026,24.72865963939623,24.0,0.0,0.7563653796414176,0.2884615384615404,0.014423076923076986
27.5,24.72865963939623,24.72467716329745,24.0,0.0,0.7562600955036827,0.2884615384615404,0.014423076923076986
27.6,24.72467716329745,24.720720271863346,24.0,0.0,0.7561565117684057,0.2884615384615404,0.014423076923076986
27.700000000000003,24.720720271863346,24.716788745261017,24.0,0.0,0.7560546011699094,0.2884615384615404,0.014423076923076986
27.8,24.716788745261017,24.712882366231945,24.0,0.0,0.7559543368787485,0.2884615384615404,0.014423076923076986
27.900000000000002,24.712882366231945,24.709000920055527,24.0,0.0,0.7558556924947353,0.2884615384615404,0.014423076923076986
28.0,24.709000920055527,24.705144194513135,24.0,0.0,0.7557586420400794,0.2884615384615404,0.014423076923076986
28.1,24.705144194513135,24.701311979852765,24.0,0.0,0.7556631599526297,0.2884615384615404,0.014423076923076986
28.200000000000003,24.701311979852765,24.697504068754192,24.0,0.0,0.7555692210792335,0.2884615384615404,0.014423076923076986
28.3,24.697504068754192,24.693720256294682,24.0,0.0,0.7554768006691945,0.2884615384615404,0.014423076923076986
28.400000000000002,24.693720256294682,24.689960339915224,24.0,0.0,0.755385874367838,0.2884615384615404,0.014423076923076986
28.5,24.689960339915224,24.68622411938728,24.0,0.0,0.7552964182101797,0.2884615384615404,0.014423076923076986
28.6,24.68622411938728,24.682511396780033,24.0,0.0,0.7552084086146966,0.2884615384615404,0.014423076923076986
28.700000000000003,24.682511396780033,24.67882197642815,24.0,0.0,0.7551218223771927,0.2884615384615404,0.014423076923076986
28.8,24.67882197642815,24.67515566490004,24.0,0.0,0.7550366366647672,0.2884615384615404,0.014423076923076986
28.900000000000002,24.67515566490004,24.67151227096658,24.0,0.0,0.7549528290098795,0.2884615384615404,0.014423076923076986
29.0,24.67151227096658,24.667891605570336,24.0,0.0,0.7548703773045067,0.2884615384615404,0.014423076923076986
29.1,24.667891605570336,24.664293481795237,24.0,0.0,0.7547892597943934,0.2884615384615404,0.014423076923076986
29.200000000000003,24.664293481795237,24.660717714836736,24.0,0.0,0.7547094550733965,0.2884615384615404,0.014423076923076986
29.3,24.660717714836736,24.657164121972404,24.0,0.0,0.7546309420779201,0.2884615384615404,0.014423076923076986
29.400000000000002,24.657164121972404,24.65363252253298,24.0,0.0,0.7545537000814384,0.2884615384615404,0.014423076923076986
29.5,24.65363252253298,24.650122737873865,24.0,0.0,0.7544777086891044,0.2884615384615404,0.014423076923076986
29.6,24.650122737873865,24.646634591347045,24.0,0.0,0.7544029478324468,0.2884615384615404,0.014423076923076986
29.700000000000003,24.646634591347045,24.64316790827345,24.0,0.0,0.754329397764153,0.2884615384615404,0.014423076923076986
29.8,24.64316790827345,24.639722515915725,24.0,0.0,0.7542570390529338,0.2884615384615404,0.014423076923076986
29.900000000000002,24.639722515915725,24.636298243451417,24.0,0.0,0.7541858525784683,0.2884615384615404,0.014423076923076986
30.0,24.636298243451417,24.63289492194657,24.0,0.0,0.7541158195264344,0.2884615384615404,0.014423076923076986
30.1,24.63289492194657,24.629512384329722,24.0,0.0,0.7540469213836126,0.2884615384615404,0.014423076923076986
30.200000000000003,24.629512384329722,24.626150465366308,24.0,0.0,0.7539791399330745,0.2884615384615404,0.014423076923076986
30.3,24.626150465366308,24.62280900163342,24.0,0.0,0.753912457249445,0.2884615384615404,0.014423076923076986
30.400000000000002,24.62280900163342,24.619487831494986,24.0,0.0,0.7538468556942373,0.2884615384615404,0.014423076923076986
30.5,24.619487831494986,24.616186795077304,24.0,0.0,0.7537823179112682,0.2884615384615404,0.014423076923076986
30.6,24.616186795077304,24.61290573424495,24.0,0.0,0.7537188268221444,0.2884615384615404,0.014423076923076986
30.700000000000003,24.61290573424495,24.609644492577058,24.0,0.0,0.7536563656218188,0.2884615384615404,0.014423076923076986
30.8,24.609644492577058,24.60640291534395,24.0,0.0,0.7535949177742205,0.2884615384615404,0.014423076923076986
30.900000000000002,24.60640291534395,24.60318084948412,24.0,0.0,0.7535344670079545,0.2884615384615404,0.014423076923076986
31.0,24.60318084948412,24.599978143581577,24.0,0.0,0.7534749973120669,0.2884615384615404,0.014423076923076986
31.1,24.599978143581577,24.59679464784352,24.0,0.0,0.7534164929318842,0.2884615384615404,0.014423076923076986
31.200000000000003,24.59679464784352,24.59363021407835,24.0,0.0,0.7533589383649113,0.2884615384615404,0.014423076923076986
31.3,24.59363021407835,24.59048469567401,24.0,0.0,0.7533023183568017,0.2884615384615404,0.014423076923076986
31.400000000000002,24.59048469567401,24.58735794757668,24.0,0.0,0.753246617897388,0.2884615384615404,0.014423076923076986
31.5,24.58735794757668,24.58424982626975,24.0,0.0,0.7531918222167784,0.2884615384615404,0.014423076923076986
31.6,24.58424982626975,24.581160189753135,24.0,0.0,0.7531379167815146,0.2884615384615404,0.014423076923076986
31.700000000000003,24.581160189753135,24.5780888975229,24.0,0.0,0.7530848872907884,0.2884615384615404,0.014423076923076986
31.8,24.5780888975229,24.575035810551192,24.0,0.0,0.7530327196727248,0.2884615384615404,0.014423076923076986
31.900000000000002,24.575035810551192,24.572000791266465,24.0,0.0,0.7529814000807195,0.2884615384615404,0.014423076923076986
32.0,24.572000791266465,24.568983703534002,24.0,0.0,0.7529309148898363,0.2884615384615404,0.014423076923076986
32.1,24.568983703534002,24.56598441263675,24.0,0.0,0.7528812506932614,0.2884615384615404,0.014423076923076986
32.2,24.56598441263675,24.563002785256415,24.0,0.0,0.7528323942988192,0.2884615384615404,0.014423076923076986
32.300000000000004,24.563002785256415,24.560038689454856,24.0,0.0,0.7527843327255344,0.2884615384615404,0.014423076923076986
32.4,24.560038689454856,24.557091994655757,24.0,0.0,0.75273705320026,0.2884615384615404,0.014423076923076986
32.5,24.557091994655757,24.554162571626563,24.0,0.0,0.7526905431543501,0.2884615384615404,0.014423076923076986
32.6,24.554162571626563,24.551250292460704,24.0,0.0,0.7526447902203903,0.2884615384615404,0.014423076923076986
32.7,24.551250292460704,24.54835503056007,24.0,0.0,0.75259978222898,0.2884615384615404,0.014423076923076986
32.800000000000004,24.54835503056007,24.54547666061776,24.0,0.0,0.7525555072055667,0.2884615384615404,0.014423076923076986
32.9,24.54547666061776,24.54261505860106,24.0,0.0,0.7525119533673292,0.2884615384615404,0.014423076923076986
33.0,24.54261505860106,24.53977010173473,24.0,0.0,0.7524691091201103,0.2884615384615404,0.014423076923076986
33.1,24.53977010173473,24.536941668484474,24.0,0.0,0.7524269630554019,0.2884615384615404,0.014423076923076986
33.2,24.536941668484474,24.53412963854071,24.0,0.0,0.7523855039473724,0.2884615384615404,0.014423076923076986
33.300000000000004,24.53412963854071,24.531333892802547,24.0,0.0,0.7523447207499507,0.2884615384615404,0.014423076923076986
33.4,24.531333892802547,24.52855431336203,24.0,0.0,0.7523046025939463,0.2884615384615404,0.014423076923076986
33.5,24.52855431336203,24.525790783488585,24.0,0.0,0.7522651387842231,0.2884615384615404,0.014423076923076986
33.6,24.525790783488585,24.523043187613723,24.0,0.0,0.7522263187969148,0.2884615384615404,0.014423076923076986
33.7,24.523043187613723,24.520311411315966,24.0,0.0,0.752188132276686,0.2884615384615404,0.014423076923076986
33.800000000000004,24.520311411315966,24.517595341305977,24.0,0.0,0.7521505690340387,0.2884615384615404,0.014423076923076986
33.9,24.517595341305977,24.514894865411943,24.0,0.0,0.7521136190426564,0.2884615384615404,0.014423076923076986
34.0,24.514894865411943,24.51220987256514,24.0,0.0,0.7520772724367982,0.2884615384615404,0.014423076923076986
34.1,24.51220987256514,24.50954025278574,24.0,0.0,0.752041519508728,0.2884615384615404,0.014423076923076986
34.2,24.50954025278574,24.506885897168807,24.0,0.0,0.7520063507061883,0.2884615384615404,0.014423076923076986
34.300000000000004,24.506885897168807,24.504246697870517,24.0,0.0,0.7519717566299126,0.2884615384615404,0.014423076923076986
34.4,24.504246697870517,24.50162254809457,24.0,0.0,0.7519377280311806,0.2884615384615404,0.014423076923076986
34.5,24.50162254809457,24.499013342078808,24.0,0.0,0.7519042558094092,0.2884615384615404,0.014423076923076986
34.6,24.499013342078808,24.49641897508202,24.0,0.0,0.7518713310097836,0.2884615384615404,0.014423076923076986
34.7,24.49641897508202,24.493839343370958,24.0,0.0,0.7518389448209244,0.2884615384615404,0.014423076923076986
34.800000000000004,24.493839343370958,24.491274344207536,24.0,0.0,0.7518070885725956,0.2884615384615404,0.014423076923076986
34.9,24.491274344207536,24.488723875836207,24.0,0.0,0.7517757537334464,0.2884615384615404,0.014423076923076986
35.0,24.488723875836207,24.486187837471544,24.0,0.0,0.7517449319087883,0.2884615384615404,0.014423076923076986
35.1,24.486187837471544,24.48366612928599,24.0,0.0,0.7517146148384117,0.2884615384615404,0.014423076923076986
35.2,24.48366612928599,24.48115865239779,24.0,0.0,0.7516847943944335,0.2884615384615404,0.014423076923076986
35.300000000000004,24.48115865239779,24.478665308859114,24.0,0.0,0.7516554625791809,0.2884615384615404,0.014423076923076986
35.4,24.478665308859114,24.47618600164432,24.0,0.0,0.7516266115231092,0.2884615384615404,0.014423076923076986
35.5,24.47618600164432,24.473720634638422,24.0,0.0,0.7515982334827515,0.2884615384615404,0.014423076923076986
35.6,24.473720634638422,24.47126911262572,24.0,0.0,0.7515703208387021,0.2884615384615404,0.014423076923076986
35.7,24.47126911262572,24.46883134127858,24.0,0.0,0.7515428660936327,0.2884615384615404,0.014423076923076986
35.800000000000004,24.46883134127858,24.46640722714639,24.0,0.0,0.7515158618703404,0.2884615384615404,0.014423076923076986
35.9,24.46640722714639,24.463996677644683,24.0,0.0,0.7514893009098238,0.2884615384615404,0.014423076923076986
36.0,24.463996677644683,24.461599601044398,24.0,0.0,0.7514631760693957,0.2884615384615404,0.014423076923076986
36.1,24.461599601044398,24.459215906461313,24.0,0.0,0.7514374803208197,0.2884615384615404,0.014423076923076986
36.2,24.459215906461313,24.456845503845635,24.0,0.0,0.75141220674848,0.2884615384615404,0.014423076923076986
36.300000000000004,24.456845503845635,24.454488303971726,24.0,0.0,0.7513873485475808,0.2884615384615404,0.014423076923076986
36.4,24.454488303971726,24.45214421842799,24.0,0.0,0.7513628990223739,0.2884615384615404,0.014423076923076986
36.5,24.45214421842799,24.449813159606897,24.0,0.0,0.7513388515844133,0.2884615384615404,0.014423076923076986
36.6,24.449813159606897,24.447495040695163,24.0,0.0,0.751315199750839,0.2884615384615404,0.014423076923076986
36.7,24.447495040695163,24.445189775664062,24.0,0.0,0.7512919371426876,0.2884615384615404,0.014423076923076986
36.800000000000004,24.445189775664062,24.44289727925988,24.0,0.0,0.7512690574832316,0.2884615384615404,0.014423076923076986
36.9,24.44289727925988,24.440617466994514,24.0,0.0,0.7512465545963427,0.2884615384615404,0.014423076923076986
37.0,24.440617466994514,24.438350255136193,24.0,0.0,0.7512244224048827,0.2884615384615404,0.014423076923076986
37.1,24.438350255136193,24.436095560700345,24.0,0.0,0.7512026549291212,0.2884615384615404,0.014423076923076986
37.2,24.436095560700345,24.433853301440585,24.0,0.0,0.7511812462851751,0.2884615384615404,0.014423076923076986
37.300000000000004,24.433853301440585,24.431623395839853,24.0,0.0,0.7511601906834762,0.2884615384615404,0.014423076923076986
37.4,24.431623395839853,24.42940576310164,24.0,0.0,0.7511394824272648,0.2884615384615404,0.014423076923076986
37.5,24.42940576310164,24.42720032314139,24.0,0.0,0.7511191159111003,0.2884615384615404,0.014423076923076986
37.6,24.42720032314139,24.42500699657797,24.0,0.0,0.7510990856194043,0.2884615384615404,0.014423076923076986
37.7,24.42500699657797,24.422825704725323,24.0,0.0,0.7510793861250211,0.2884615384615404,0.014423076923076986
37.800000000000004,24.422825704725323,24.420656369584183,24.0,0.0,0.7510600120878036,0.2884615384615404,0.014423076923076986
37.9,24.420656369584183,24.418498913833943,24.0,0.0,0.7510409582532211,0.2884615384615404,0.014423076923076986
38.0,24.418498913833943,24.41635326082463,24.0,0.0,0.7510222194509895,0.2884615384615404,0.014423076923076986
38.1,24.41635326082463,24.41421933456899,24.0,0.0,0.7510037905937226,0.2884615384615404,0.014423076923076986
38.2,24.41421933456899,24.412097059734695,24.0,0.0,0.7509856666756092,0.2884615384615404,0.014423076923076986
38.300000000000004,24.412097059734695,24.409986361636648,24.0,0.0,0.7509678427711028,0.2884615384615404,0.014423076923076986
38.400000000000006,24.409986361636648,24.40788716622941,24.0,0.0,0.7509503140336421,0.2884615384615404,0.014423076923076986
38.5,24.40788716622941,24.405799400099724,24.0,0.0,0.7509330756943855,0.2884615384615404,0.014423076923076986
38.6,24.405799400099724,24.403722990459144,24.0,0.0,0.7509161230609658,0.2884615384615404,0.014423076923076986
38.7,24.403722990459144,24.40165786513679,24.0,0.0,0.7508994515162684,0.2884615384615404,0.014423076923076986
38.800000000000004,24.40165786513679,24.39960395257217,24.0,0.0,0.7508830565172292,0.2884615384615404,0.014423076923076986
38.900000000000006,24.39960395257217,24.397561181808136,24.0,0.0,0.750866933593645,0.2884615384615404,0.014423076923076986
39.0,24.397561181808136,24.395529482483916,24.0,0.0,0.750851078347012,0.2884615384615404,0.014423076923076986
39.1,24.395529482483916,24.393508784828256,24.0,0.0,0.7508354864493771,0.2884615384615404,0.014423076923076986
39.2,24.393508784828256,24.391499019652656,24.0,0.0,0.7508201536422084,0.2884615384615404,0.014423076923076986
39.300000000000004,24.391499019652656,24.3895001183447,24.0,0.0,0.7508050757352843,0.2884615384615404,0.014423076923076986
39.400000000000006,24.3895001183447,24.387512012861478,24.0,0.0,0.7507902486056016,0.2884615384615404,0.014423076923076986
39.5,24.387512012861478,24.385534635723108,24.0,0.0,0.7507756681962995,0.2884615384615404,0.014423076923076986
39.6,24.385534635723108,24.38356792000633,24.0,0.0,0.7507613305156009,0.2884615384615404,0.014423076923076986
39.7,24.38356792000633,24.38161179933822,24.0,0.0,0.7507472316357708,0.2884615384615404,0.014423076923076986
39.800000000000004,24.38161179933822,24.37966620788995,24.0,0.0,0.7507333676920919,0.2884615384615404,0.014423076923076986
39.900000000000006,24.37966620788995,24.377731080370683,24.0,0.0,0.7507197348818555,0.2884615384615404,0.014423076923076986
40.0,24.377731080370683,24.375806352021513,24.0,0.0,0.7507063294633707,0.2884615384615404,0.014423076923076986
40.1,24.375806352021513,24.373891958609505,24.0,0.0,0.7506931477549872,0.2884615384615404,0.014423076923076986
40.2,24.373891958609505,24.371987836421823,24.0,0.0,0.7506801861341332,0.2884615384615404,0.014423076923076986
40.300000000000004,24.371987836421823,24.370093922259926,24.0,0.0,0.7506674410363718,0.2884615384615404,0.014423076923076986
40.400000000000006,24.370093922259926,24.368210153433864,24.0,0.0,0.7506549089544687,0.2884615384615404,0.014423076923076986
40.5,24.368210153433864,24.36633646775662,24.0,0.0,0.7506425864374805,0.2884615384615404,0.014423076923076986
40.6,24.36633646775662,24.364472803538575,24.0,0.0,0.7506304700898478,0.2884615384615404,0.014423076923076986
40.7,24.364472803538575,24.362619099582005,24.0,0.0,0.7506185565705152,0.2884615384615404,0.014423076923076986
40.800000000000004,24.362619099582005,24.360775295175678,24.0,0.0,0.7506068425920556,0.2884615384615404,0.014423076923076986
40.900000000000006,24.360775295175678,24.35894133008953,24.0,0.0,0.7505953249198106,0.2884615384615404,0.014423076923076986
41.0,24.35894133008953,24.357117144569386,24.0,0.0,0.7505840003710507,0.2884615384615404,0.014423076923076986
41.1,24.357117144569386,24.355302679331793,24.0,0.0,0.7505728658141384,0.2884615384615404,0.014423076923076986
41.2,24.355302679331793,24.353497875558883,24.0,0.0,0.750561918167715,0.2884615384615404,0.014423076923076986
41.300000000000004,24.353497875558883,24.351702674893343,24.0,0.0,0.7505511543998933,0.2884615384615404,0.014423076923076986
41.400000000000006,24.351702674893343,24.349917019433416,24.0,0.0,0.7505405715274682,0.2884615384615404,0.014423076923076986
41.5,24.349917019433416,24.348140851728008,24.0,0.0,0.7505301666151338,0.2884615384615404,0.014423076923076986
41.6,24.348140851728008,24.346374114771834,24.0,0.0,0.75051993677472,0.2884615384615404,0.014423076923076986
41.7,24.346374114771834,24.344616752000643,24.0,0.0,0.7505098791644368,0.2884615384615404,0.014423076923076986
41.800000000000004,24.344616752000643,24.3428687072865,24.0,0.0,0.7504999909881328,0.2884615384615404,0.014423076923076986
41.900000000000006,24.3428687072865,24.34112992493314,24.0,0.0,0.750490269494562,0.2884615384615404,0.014423076923076986
42.0,24.34112992493314,24.339400349671372,24.0,0.0,0.7504807119766693,0.2884615384615404,0.014423076923076986
42.1,24.339400349671372,24.33767992665457,24.0,0.0,0.7504713157708781,0.2884615384615404,0.014423076923076986
42.2,24.33767992665457,24.33596860145419,24.0,0.0,0.7504620782563984,0.2884615384615404,0.014423076923076986
42.300000000000004,24.33596860145419,24.33426632005538,24.0,0.0,0.7504529968545403,0.2884615384615404,0.014423076923076986
42.400000000000006,24.33426632005538,24.33257302885262,24.0,0.0,0.7504440690280404,0.2884615384615404,0.014423076923076986
42.5,24.33257302885262,24.330888674645447,24.0,0.0,0.7504352922803973,0.2884615384615404,0.014423076923076986
42.6,24.330888674645447,24.329213204634215,24.0,0.0,0.7504266641552201,0.2884615384615404,0.014423076923076986
42.7,24.329213204634215,24.32754656641593,24.0,0.0,0.7504181822355871,0.2884615384615404,0.014423076923076986
42.800000000000004,24.32754656641593,24.325888707980127,24.0,0.0,0.7504098441434123,0.2884615384615404,0.014423076923076986
42.900000000000006,24.325888707980127,24.32423957770481,24.0,0.0,0.7504016475388253,0.2884615384615404,0.014423076923076986
43.0,24.32423957770481,24.322599124352433,24.0,0.0,0.7503935901195578,0.2884615384615404,0.014423076923076986
43.1,24.322599124352433,24.32096729706596,24.0,0.0,0.7503856696203423,0.2884615384615404,0.014423076923076986
43.2,24.32096729706596,24.319344045364947,24.0,0.0,0.7503778838123201,0.2884615384615404,0.014423076923076986
43.300000000000004,24.319344045364947,24.317729319141694,24.0,0.0,0.7503702305024582,0.2884615384615404,0.014423076923076986
43.400000000000006,24.317729319141694,24.31612306865745,24.0,0.0,0.7503627075329745,0.2884615384615404,0.014423076923076986
43.5,24.31612306865745,24.314525244538654,24.0,0.0,0.7503553127807755,0.2884615384615404,0.014423076923076986
43.6,24.314525244538654,24.312935797773232,24.0,0.0,0.7503480441568996,0.2884615384615404,0.014423076923076986
43.7,24.312935797773232,24.311354679706948,24.0,0.0,0.7503408996059701,0.2884615384615404,0.014423076923076986
43.800000000000004,24.311354679706948,24.3097818420398,24.0,0.0,0.7503338771056578,0.2884615384615404,0.014423076923076986
43.900000000000006,24.3097818420398,24.308217236822454,24.0,0.0,0.7503269746661535,0.2884615384615404,0.014423076923076986
44.0,24.308217236822454,24.30666081645274,24.0,0.0,0.7503201903296435,0.2884615384615404,0.014423076923076986
44.1,24.30666081645274,24.30511253367218,24.0,0.0,0.7503135221698023,0.2884615384615404,0.014423076923076986
44.2,24.30511253367218,24.303572341562568,24.0,0.0,0.750306968291283,0.2884615384615404,0.014423076923076986
44.300000000000004,24.303572341562568,24.302040193542595,24.0,0.0,0.7503005268292255,0.2884615384615404,0.014423076923076986
44.400000000000006,24.302040193542595,24.300516043364517,24.0,0.0,0.7502941959487661,0.2884615384615404,0.014423076923076986
44.5,24.300516043364517,24.29899984511086,24.0,0.0,0.7502879738445578,0.2884615384615404,0.014423076923076986
44.6,24.29899984511086,24.29749155319117,24.0,0.0,0.7502818587402973,0.2884615384615404,0.014423076923076986
44.7,24.29749155319117,24.295991122338815,24.0,0.0,0.7502758488882582,0.2884615384615404,0.014423076923076986
44.800000000000004,24.295991122338815,24.294498507607827,24.0,0.0,0.7502699425688374,0.2884615384615404,0.014423076923076986
44.900000000000006,24.294498507607827,24.293013664369752,24.0,0.0,0.750264138090102,0.2884615384615404,0.014423076923076986
45.0,24.293013664369752,24.291536548310592,24.0,0.0,0.7502584337873445,0.2884615384615404,0.014423076923076986
45.1,24.291536548310592,24.29006711542775,24.0,0.0,0.7502528280226501,0.2884615384615404,0.014423076923076986
45.2,24.29006711542775,24.28860532202702,24.0,0.0,0.7502473191844663,0.2884615384615404,0.014423076923076986
45.300000000000004,24.28860532202702,24.28715112471963,24.0,0.0,0.7502419056871796,0.2884615384615404,0.014423076923076986
45.400000000000006,24.28715112471963,24.285704480419305,24.0,0.0,0.7502365859707015,0.2884615384615404,0.014423076923076986
45.5,24.285704480419305,24.28426534633937,24.0,0.0,0.7502313585000583,0.2884615384615404,0.014423076923076986
45.6,24.28426534633937,24.28283367998991,24.0,0.0,0.7502262217649898,0.2884615384615404,0.014423076923076986
45.7,24.28283367998991,24.281409439174926,24.0,0.0,0.7502211742795537,0.2884615384615404,0.014423076923076986
45.800000000000004,24.281409439174926,24.27999258198957,24.0,0.0,0.7502162145817337,0.2884615384615404,0.014423076923076986
45.900000000000006,24.27999258198957,24.278583066817397,24.0,0.0,0.7502113412330587,0.2884615384615404,0.014423076923076986
46.0,24.278583066817397,24.27718085232763,24.0,0.0,0.7502065528182258,0.2884615384615404,0.014423076923076986
46.1,24.27718085232763,24.275785897472492,24.0,0.0,0.7502018479447267,0.2884615384615404,0.014423076923076986
46.2,24.275785897472492,24.274398161484562,24.0,0.0,0.750197225242484,0.2884615384615404,0.014423076923076986
46.300000000000004,24.274398161484562,24.273017603874155,24.0,0.0,0.7501926833634917,0.2884615384615404,0.014423076923076986
46.400000000000006,24.273017603874155,24.27164418442674,24.0,0.0,0.7501882209814621,0.2884615384615404,0.014423076923076986
46.5,24.27164418442674,24.27027786320039,24.0,0.0,0.7501838367914772,0.2884615384615404,0.014423076923076986
46.6,24.27027786320039,24.268918600523268,24.0,0.0,0.7501795295096461,0.2884615384615404,0.014423076923076986
46.7,24.268918600523268,24.267566356991125,24.0,0.0,0.750175297872769,0.2884615384615404,0.014423076923076986
46.800000000000004,24.267566356991125,24.266221093464864,24.0,0.0,0.7501711406380035,0.2884615384615404,0.014423076923076986
46.900000000000006,24.266221093464864,24.2648827710681,24.0,0.0,0.750167056582541,0.2884615384615404,0.014423076923076986
47.0,24.2648827710681,24.263551351184763,24.0,0.0,0.7501630445032837,0.2884615384615404,0.014423076923076986
47.1,24.263551351184763,24.262226795456744,24.0,0.0,0.7501591032165303,0.2884615384615404,0.014423076923076986
47.2,24.262226795456744,24.26090906578154,24.0,0.0,0.7501552315576645,0.2884615384615404,0.014423076923076986
47.300000000000004,24.26090906578154,24.25959812430995,24.0,0.0,0.7501514283808483,0.2884615384615404,0.014423076923076986
47.400000000000006,24.25959812430995,24.2582939334438,24.0,0.0,0.750147692558721,0.2884615384615404,0.014423076923076986
47.5,24.2582939334438,24.25699645583368,24.0,0.0,0.7501440229821061,0.2884615384615404,0.014423076923076986
47.6,24.25699645583368,24.255705654376722,24.0,0.0,0.7501404185597164,0.2884615384615404,0.014423076923076986
47.7,24.255705654376722,24.254421492214398,24.0,0.0,0.7501368782178683,0.2884615384615404,0.014423076923076986
47.800000000000004,24.254421492214398,24.25314393273035,24.0,0.0,0.7501334009001993,0.2884615384615404,0.014423076923076986
47.900000000000006,24.25314393273035,24.25187293954823,24.0,0.0,0.7501299855673925,0.2884615384615404,0.014423076923076986
48.0,24.25187293954823,24.250608476529607,24.0,0.0,0.7501266311968994,0.2884615384615404,0.014423076923076986
48.1,24.250608476529607,24.24935050777183,24.0,0.0,0.7501233367826752,0.2884615384615404,0.014423076923076986
48.2,24.24935050777183,24.248098997605997,24.0,0.0,0.7501201013349104,0.2884615384615404,0.014423076923076986
48.300000000000004,24.248098997605997,24.246853910594886,24.0,0.0,0.7501169238797749,0.2884615384615404,0.014423076923076986
48.400000000000006,24.246853910594886,24.245615211530936,24.0,0.0,0.7501138034591587,0.2884615384615404,0.014423076923076986
48.5,24.245615211530936,24.24438286543425,24.0,0.0,0.7501107391304195,0.2884615384615404,0.014423076923076986
48.6,24.24438286543425,24.243156837550625,24.0,0.0,0.7501077299661366,0.2884615384615404,0.014423076923076986
48.7,24.243156837550625,24.2419370933496,24.0,0.0,0.7501047750538659,0.2884615384615404,0.014423076923076986
48.800000000000004,24.2419370933496,24.24072359852251,24.0,0.0,0.7501018734959007,0.2884615384615404,0.014423076923076986
48.900000000000006,24.24072359852251,24.239516318980616,24.0,0.0,0.7500990244090329,0.2884615384615404,0.014423076923076986
49.0,24.239516318980616,24.23831522085319,24.0,0.0,0.7500962269243239,0.2884615384615404,0.014423076923076986
49.1,24.23831522085319,24.237120270485658,24.0,0.0,0.7500934801868733,0.2884615384615404,0.014423076923076986
49.2,24.237120270485658,24.235931434437784,24.0,0.0,0.7500907833555939,0.2884615384615404,0.014423076923076986
49.300000000000004,24.235931434437784,24.23474867948182,24.0,0.0,0.7500881356029925,0.2884615384615404,0.014423076923076986
49.400000000000006,24.23474867948182,24.23357197260074,24.0,0.0,0.7500855361149482,0.2884615384615404,0.014423076923076986
49.5,24.23357197260074,24.232401280986426,24.0,0.0,0.7500829840905023,0.2884615384615404,0.014423076923076986
49.6,24.232401280986426,24.231236572037954,24.0,0.0,0.7500804787416425,0.2884615384615404,0.014423076923076986
49.7,24.231236572037954,24.230077813359824,24.0,0.0,0.7500780192930995,0.2884615384615404,0.014423076923076986
49.800000000000004,24.230077813359824,24.228924972760264,24.0,0.0,0.7500756049821385,0.2884615384615404,0.014423076923076986
49.900000000000006,24.228924972760264,24.22777801824953,24.0,0.0,0.7500732350583622,0.2884615384615404,0.014423076923076986
50.0,24.22777801824953,24.226636918038228,24.0,0.0,0.7500709087835105,0.2884615384615404,0.014423076923076986
50.1,24.226636918038228,24.225501640535647,24.0,0.0,0.7500686254312666,0.2884615384615404,0.014423076923076986
50.2,24.225501640535647,24.224372154348135,24.0,0.0,0.7500663842870641,0.2884615384615404,0.014423076923076986
50.300000000000004,24.224372154348135,24.223248428277476,24.0,0.0,0.7500641846478993,0.2884615384615404,0.014423076923076986
50.400000000000006,24.223248428277476,24.222130431319275,24.0,0.0,0.7500620258221478,0.2884615384615404,0.014423076923076986
50.5,24.222130431319275,24.221018132661396,24.0,0.0,0.7500599071293774,0.2884615384615404,0.014423076923076986
50.6,24.221018132661396,24.219911501682372,24.0,0.0,0.7500578279001737,0.2884615384615404,0.014423076923076986
50.7,24.219911501682372,24.218810507949872,24.0,0.0,0.7500557874759587,0.2884615384615404,0.014423076923076986
50.800000000000004,24.218810507949872,24.217715121219168,24.0,0.0,0.7500537852088192,0.2884615384615404,0.014423076923076986
50.900000000000006,24.217715121219168,24.216625311431617,24.0,0.0,0.7500518204613361,0.2884615384615404,0.014423076923076986
51.0,24.216625311431617,24.215541048713163,24.0,0.0,0.750049892606415,0.2884615384615404,0.014423076923076986
51.1,24.215541048713163,24.21446230337286,24.0,0.0,0.7500480010271204,0.2884615384615404,0.014423076923076986
51.2,24.21446230337286,24.2133890459014,24.0,0.0,0.7500461451165126,0.2884615384615404,0.014423076923076986
51.300000000000004,24.2133890459014,24.212321246969683,24.0,0.0,0.7500443242774885,0.2884615384615404,0.014423076923076986
51.400000000000006,24.212321246969683,24.211258877427362,24.0,0.0,0.7500425379226223,0.2884615384615404,0.014423076923076986
51.5,24.211258877427362,24.21020190830144,24.0,0.0,0.7500407854740114,0.2884615384615404,0.014423076923076986
51.6,24.21020190830144,24.20915031079486,24.0,0.0,0.7500390663631223,0.2884615384615404,0.014423076923076986
51.7,24.20915031079486,24.208104056285134,24.0,0.0,0.7500373800306405,0.2884615384615404,0.014423076923076986
51.800000000000004,24.208104056285134,24.207063116322953,24.0,0.0,0.7500357259263226,0.2884615384615404,0.014423076923076986
51.900000000000006,24.207063116322953,24.206027462630846,24.0,0.0,0.7500341035088517,0.2884615384615404,0.014423076923076986
52.0,24.206027462630846,24.204997067101832,24.0,0.0,0.7500325122456925,0.2884615384615404,0.014423076923076986
52.1,24.204997067101832,24.20397190179809,24.0,0.0,0.7500309516129505,0.2884615384615404,0.014423076923076986
52.2,24.20397190179809,24.20295193894966,24.0,0.0,0.7500294210952342,0.2884615384615404,0.014423076923076986
52.300000000000004,24.20295193894966,24.20193715095313,24.0,0.0,0.7500279201855179,0.2884615384615404,0.014423076923076986
52.400000000000006,24.20193715095313,24.200927510370352,24.0,0.0,0.7500264483850084,0.2884615384615404,0.014423076923076986
52.5,24.200927510370352,24.199922989927185,24.0,0.0,0.750025005203011,0.2884615384615404,0.014423076923076986
52.6,24.199922989927185,24.198923562512217,24.0,0.0,0.7500235901567999,0.2884615384615404,0.014423076923076986
52.7,24.198923562512217,24.197929201175544,24.0,0.0,0.7500222027714903,0.2884615384615404,0.014423076923076986
52.800000000000004,24.197929201175544,24.19693987912752,24.0,0.0,0.7500208425799147,0.2884615384615404,0.014423076923076986
52.900000000000006,24.19693987912752,24.195955569737546,24.0,0.0,0.7500195091224955,0.2884615384615404,0.014423076923076986
53.0,24.195955569737546,24.194976246532867,24.0,0.0,0.7500182019471244,0.2884615384615404,0.014423076923076986
53.1,24.194976246532867,24.19400188319738,24.0,0.0,0.7500169206090436,0.2884615384615404,0.014423076923076986
53.2,24.19400188319738,24.193032453570446,24.0,0.0,0.7500156646707262,0.2884615384615404,0.014423076923076986
53.300000000000004,24.193032453570446,24.192067931645724,24.0,0.0,0.7500144337017601,0.2884615384615404,0.014423076923076986
53.400000000000006,24.192067931645724,24.19110829157003,24.0,0.0,0.7500132272787333,0.2884615384615404,0.014423076923076986
53.5,24.19110829157003,24.19015350764217,24.0,0.0,0.7500120449851241,0.2884615384615404,0.014423076923076986
53.6,24.19015350764217,24.189203554311828,24.0,0.0,0.750010886411187,0.2884615384615404,0.014423076923076986
53.7,24.189203554311828,24.188258406178434,24.0,0.0,0.750009751153846,0.2884615384615404,0.014423076923076986
53.800000000000004,24.188258406178434,24.18731803799006,24.0,0.0,0.7500086388165861,0.2884615384615404,0.014423076923076986
53.900000000000006,24.18731803799006,24.186382424642318,24.0,0.0,0.7500075490093485,0.2884615384615404,0.014423076923076986
54.0,24.186382424642318,24.18545154117728,24.0,0.0,0.7500064813484261,0.2884615384615404,0.014423076923076986
54.1,24.18545154117728,24.1845253627824,24.0,0.0,0.750005435456363,0.2884615384615404,0.014423076923076986
54.2,24.1845253627824,24.183603864789447,24.0,0.0,0.7500044109618529,0.2884615384615404,0.014423076923076986
54.300000000000004,24.183603864789447,24.182687022673456,24.0,0.0,0.75000340749964,0.2884615384615404,0.014423076923076986
54.400000000000006,24.182687022673456,24.181774812051682,24.0,0.0,0.7500024247104217,0.2884615384615404,0.014423076923076986
54.5,24.181774812051682,24.180867208682564,24.0,0.0,0.7500014622407537,0.2884615384615404,0.014423076923076986
54.6,24.180867208682564,24.179964188464716,24.0,0.0,0.7500005197429542,0.2884615384615404,0.014423076923076986
54.7,24.179964188464716,24.179065727435898,24.0,0.0,0.7499995968750145,0.2884615384615404,0.014423076923076986
54.800000000000004,24.179065727435898,24.178171801772027,24.0,0.0,0.7499986933005034,0.2884615384615404,0.014423076923076986
54.900000000000006,24.178171801772027,24.177282387786178,24.0,0.0,0.7499978086884811,0.2884615384615404,0.014423076923076986
55.0,24.177282387786178,24.176397461927603,24.0,0.0,0.7499969427134086,0.2884615384615404,0.014423076923076986
55.1,24.176397461927603,24.175517000780765,24.0,0.0,0.7499960950550614,0.2884615384615404,0.014423076923076986
55.2,24.175517000780765,24.174640981064364,24.0,0.0,0.7499952653984455,0.2884615384615404,0.014423076923076986
55.300000000000004,24.174640981064364,24.173769379630393,24.0,0.0,0.7499944534337112,0.2884615384615404,0.014423076923076986
55.400000000000006,24.173769379630393,24.17290217346319,24.0,0.0,0.749993658856071,0.2884615384615404,0.014423076923076986
55.5,24.17290217346319,24.1720393396785,24.0,0.0,0.7499928813657188,0.2884615384615404,0.014423076923076986
55.6,24.1720393396785,24.171180855522557,24.0,0.0,0.7499921206677481,0.2884615384615404,0.014423076923076986
55.7,24.171180855522557,24.170326698371163,24.0,0.0,0.7499913764720765,0.2884615384615404,0.014423076923076986
55.800000000000004,24.170326698371163,24.169476845728774,24.0,0.0,0.7499906484933634,0.2884615384615404,0.014423076923076986
55.900000000000006,24.169476845728774,24.168631275227614,24.0,0.0,0.7499899364509369,0.2884615384615404,0.014423076923076986
56.0,24.168631275227614,24.16778996462677,24.0,0.0,0.7499892400687193,0.2884615384615404,0.014423076923076986
56.1,24.16778996462677,24.16695289181132,24.0,0.0,0.749988559075149,0.2884615384615404,0.014423076923076986
56.2,24.16695289181132,24.166120034791458,24.0,0.0,0.7499878932031124,0.2884615384615404,0.014423076923076986
56.300000000000004,24.166120034791458,24.16529137170162,24.0,0.0,0.7499872421898707,0.2884615384615404,0.014423076923076986
56.400000000000006,24.16529137170162,24.16446688079964,24.0,0.0,0.7499866057769872,0.2884615384615404,0.014423076923076986
56.5,24.16446688079964,24.163646540465887,24.0,0.0,0.7499859837102616,0.2884615384615404,0.014423076923076986
56.6,24.163646540465887,24.16283032920244,24.0,0.0,0.7499853757396586,0.2884615384615404,0.014423076923076986
56.7,24.16283032920244,24.162018225632234,24.0,0.0,0.7499847816192445,0.2884615384615404,0.014423076923076986
56.800000000000004,24.162018225632234,24.161210208498257,24.0,0.0,0.7499842011071166,0.2884615384615404,0.014423076923076986
56.900000000000006,24.161210208498257,24.160406256662714,24.0,0.0,0.7499836339653418,0.2884615384615404,0.014423076923076986
57.0,24.160406256662714,24.15960634910623,24.0,0.0,0.749983079959891,0.2884615384615404,0.014423076923076986
57.1,24.15960634910623,24.158810464927036,24.0,0.0,0.7499825388605776,0.2884615384615404,0.014423076923076986
57.2,24.158810464927036,24.158018583340183,24.0,0.0,0.7499820104409933,0.2884615384615404,0.014423076923076986
57.300000000000004,24.158018583340183,24.15723068367675,24.0,0.0,0.7499814944784496,0.2884615384615404,0.014423076923076986
57.400000000000006,24.15723068367675,24.156446745383064,24.0,0.0,0.7499809907539163,0.2884615384615404,0.014423076923076986
57.5,24.156446745383064,24.15566674801992,24.0,0.0,0.7499804990519632,0.2884615384615404,0.014423076923076986
57.6,24.15566674801992,24.154890671261832,24.0,0.0,0.7499800191607007,0.2884615384615404,0.014423076923076986
57.7,24.154890671261832,24.154118494896252,24.0,0.0,0.7499795508717255,0.2884615384615404,0.014423076923076986
57.800000000000004,24.154118494896252,24.153350198822835,24.0,0.0,0.7499790939800626,0.2884615384615404,0.014423076923076986
57.900000000000006,24.153350198822835,24.152585763052684,24.0,0.0,0.7499786482841098,0.2884615384615404,0.014423076923076986
58.0,24.152585763052684,24.151825167707607,24.0,0.0,0.7499782135855846,0.2884615384615404,0.014423076923076986
58.1,24.151825167707607,24.151068393019397,24.0,0.0,0.7499777896894674,0.2884615384615404,0.014423076923076986
58.2,24.151068393019397,24.150315419329097,24.0,0.0,0.7499773764039541,0.2884615384615404,0.014423076923076986
58.300000000000004,24.150315419329097,24.14956622708628,24.0,0.0,0.7499769735403998,0.2884615384615404,0.014423076923076986
58.400000000000006,24.14956622708628,24.14882079684834,24.0,0.0,0.749976580913269,0.2884615384615404,0.014423076923076986
58.5,24.14882079684834,24.14807910927979,24.0,0.0,0.7499761983400876,0.2884615384615404,0.014423076923076986
58.6,24.14807910927979,24.14734114515155,24.0,0.0,0.7499758256413903,0.2884615384615404,0.014423076923076986
58.7,24.14734114515155,24.14660688534026,24.0,0.0,0.7499754626406738,0.2884615384615404,0.014423076923076986
58.800000000000004,24.14660688534026,24.145876310827582,24.0,0.0,0.7499751091643496,0.2884615384615404,0.014423076923076986
58.900000000000006,24.145876310827582,24.14514940269954,24.0,0.0,0.7499747650416942,0.2884615384615404,0.014423076923076986
59.0,24.14514940269954,24.144426142145825,24.0,0.0,0.7499744301048069,0.2884615384615404,0.014423076923076986
59.1,24.144426142145825,24.143706510459122,24.0,0.0,0.7499741041885606,0.2884615384615404,0.014423076923076986
59.2,24.143706510459122,24.14299048903446,24.0,0.0,0.7499737871305584,0.2884615384615404,0.014423076923076986
59.300000000000004,24.14299048903446,24.142278059368543,24.0,0.0,0.7499734787710903,0.2884615384615404,0.014423076923076986
59.400000000000006,24.142278059368543,24.1415692030591,24.0,0.0,0.749973178953088,0.2884615384615404,0.014423076923076986
59.5,24.1415692030591,24.140863901804238,24.0,0.0,0.7499728875220836,0.2884615384615404,0.014423076923076986
59.6,24.140863901804238,24.140162137401802,24.0,0.0,0.7499726043261682,0.2884615384615404,0.014423076923076986
59.7,24.140162137401802,24.139463891748733,24.0,0.0,0.7499723292159489,0.2884615384615404,0.014423076923076986
59.800000000000004,24.139463891748733,24.138769146840442,24.0,0.0,0.7499720620445087,0.2884615384615404,0.014423076923076986
59.900000000000006,24.138769146840442,24.13807788477018,24.0,0.0,0.7499718026673678,0.2884615384615404,0.014423076923076986
60.0,24.13807788477018,24.144871368939395,24.0,1.5,0.7499715509424415,0.2884615384615404,0.014423076923076986
60.1,24.144871368939395,24.15163098737849,24.0,1.5,0.7521401589272239,0.2884615384615404,0.014423076923076986
60.2,24.15163098737849,24.15835690857013,24.0,1.5,0.7543087474010661,0.2884615384615404,0.014423076923076986
60.300000000000004,24.15835690857013,24.165049300164203,24.0,1.5,0.7564773163629389,0.2884615384615404,0.014423076923076986
60.400000000000006,24.165049300164203,24.171708328981836,24.0,1.5,0.7586458658133888,0.2884615384615404,0.014423076923076986
60.5,24.171708328981836,24.178334161019418,24.0,1.5,0.7608143957545069,0.2884615384615404,0.014423076923076986
60.6,24.178334161019418,24.184926961452586,24.0,1.5,0.7629829061898951,0.2884615384615404,0.014423076923076986
60.7,24.184926961452586,24.191486894640207,24.0,1.5,0.7651513971246348,0.2884615384615404,0.014423076923076986
60.800000000000004,24.191486894640207,24.19801412412832,24.0,1.5,0.7673198685652565,0.2884615384615404,0.014423076923076986
60.900000000000006,24.19801412412832,24.2045088126541,24.0,1.5,0.7694883205197052,0.2884615384615404,0.014423076923076986
61.0,24.2045088126541,24.21097112214976,24.0,1.5,0.7716567529973161,0.2884615384615404,0.014423076923076986
61.1,24.21097112214976,24.21740121374646,24.0,1.5,0.7738251660087802,0.2884615384615404,0.014423076923076986
61.2,24.21740121374646,24.223799247778192,24.0,1.5,0.7759935595661159,0.2884615384615404,0.014423076923076986
61.300000000000004,24.223799247778192,24.23016538378566,24.0,1.5,0.7781619336826421,0.2884615384615404,0.014423076923076986
61.400000000000006,24.23016538378566,24.23649978052012,24.0,1.5,0.7803302883729487,0.2884615384615404,0.014423076923076986
61.5,24.23649978052012,24.242802595947207,24.0,1.5,0.7824986236528699,0.2884615384615404,0.014423076923076986
61.6,24.242802595947207,24.24907398725077,24.0,1.5,0.7846669395394537,0.2884615384615404,0.014423076923076986
61.7,24.24907398725077,24.25531411083666,24.0,1.5,0.7868352360509395,0.2884615384615404,0.014423076923076986
61.800000000000004,24.25531411083666,24.261523122336513,24.0,1.5,0.7890035132067299,0.2884615384615404,0.014423076923076986
61.900000000000006,24.261523122336513,24.267701176611506,24.0,1.5,0.7911717710273649,0.2884615384615404,0.014423076923076986
62.0,24.267701176611506,24.27384842775612,24.0,1.5,0.793340009534495,0.2884615384615404,0.014423076923076986
62.1,24.27384842775612,24.27987849153817,24.0,1.5,0.795508228750859,0.2884615384615404,0.014423076923076986
62.2,24.27987849153817,24.28579195321055,24.0,1.5,0.797651341127707,0.2884615384615404,0.014423076923076986
62.300000000000004,24.28579195321055,24.291589395107238,24.0,1.5,0.7997693473118697,0.2884615384615404,0.014423076923076986
62.400000000000006,24.291589395107238,24.29727139665779,24.0,1.5,0.8018622479480887,0.2884615384615404,0.014423076923076986
62.5,24.29727139665779,24.302838534401765,24.0,1.5,0.8039300436790049,0.2884615384615404,0.014423076923076986
62.6,24.302838534401765,24.308291382003063,24.0,1.5,0.8059727351451537,0.2884615384615404,0.014423076923076986
62.7,24.308291382003063,24.31363051026423,24.0,1.5,0.8079903229849554,0.2884615384615404,0.014423076923076986
62.800000000000004,24.31363051026423,24.31885648714066,24.0,1.5,0.8099828078347114,0.2884615384615404,0.014423076923076986
62.900000000000006,24.31885648714066,24.32396987775474,24.0,1.5,0.8119501903285965,0.2884615384615404,0.014423076923076986
63.0,24.32396987775474,24.328971244409928,24.0,1.5,0.8138924710986509,0.2884615384615404,0.014423076923076986
63.1,24.328971244409928,24.333861146604747,24.0,1.5,0.8158096507747766,0.2884615384615404,0.014423076923076986
63.2,24.333861146604747,24.33864014104674,24.0,1.5,0.8177017299847312,0.2884615384615404,0.014423076923076986
63.300000000000004,24.33864014104674,24.34330878166632,24.0,1.5,0.8195687093541233,0.2884615384615404,0.014423076923076986
63.400000000000006,24.34330878166632,24.347867619630584,24.0,1.5,0.8214105895064058,0.2884615384615404,0.014423076923076986
63.5,24.347867619630584,24.35231720335704,24.0,1.5,0.8232273710628724,0.2884615384615404,0.014423076923076986
63.6,24.35231720335704,24.356658078527264,24.0,1.5,0.8250190546426532,0.2884615384615404,0.014423076923076986
63.7,24.356658078527264,24.360890788100516,24.0,1.5,0.8267856408627094,0.2884615384615404,0.014423076923076986
63.800000000000004,24.360890788100516,24.365015872327255,24.0,1.5,0.8285271303378309,0.2884615384615404,0.014423076923076986
63.900000000000006,24.365015872327255,24.369033868762614,24.0,1.5,0.8302435236806317,0.2884615384615404,0.014423076923076986
64.0,24.369033868762614,24.37294531227979,24.0,1.5,0.8319348215015465,0.2884615384615404,0.014423076923076986
64.10000000000001,24.37294531227979,24.376750735083387,24.0,1.5,0.8336010244088277,0.2884615384615404,0.014423076923076986
64.2,24.376750735083387,24.380451667720994,24.0,1.5,0.8352421330085434,0.2884615384615404,0.014423076923076986
64.3,24.380451667720994,24.384049633080757,24.0,1.5,0.8368584380978352,0.2884615384615404,0.014423076923076986
64.4,24.384049633080757,24.387546146429656,24.0,1.5,0.8384502304608641,0.2884615384615404,0.014423076923076986
64.5,24.387546146429656,24.39094271545161,24.0,1.5,0.8400178008688586,0.2884615384615404,0.014423076923076986
64.60000000000001,24.39094271545161,24.394240840285374,24.0,1.5,0.8415614400801702,0.2884615384615404,0.014423076923076986
64.7,24.394240840285374,24.397442013562248,24.0,1.5,0.8430814388403209,0.2884615384615404,0.014423076923076986
64.8,24.397442013562248,24.400547720443626,24.0,1.5,0.8445780878820572,0.2884615384615404,0.014423076923076986
64.9,24.400547720443626,24.403559438658316,24.0,1.5,0.8460516779254024,0.2884615384615404,0.014423076923076986
65.0,24.403559438658316,24.40647863853971,24.0,1.5,0.8475024996777049,0.2884615384615404,0.014423076923076986
65.10000000000001,24.40647863853971,24.409306783062746,24.0,1.5,0.848930843833693,0.2884615384615404,0.014423076923076986
65.2,24.409306783062746,24.412045327880698,24.0,1.5,0.8503370010755248,0.2884615384615404,0.014423076923076986
65.3,24.412045327880698,24.414695721361777,24.0,1.5,0.8517212620728388,0.2884615384615404,0.014423076923076986
65.4,24.414695721361777,24.417259404625547,24.0,1.5,0.8530839174828067,0.2884615384615404,0.014423076923076986
65.5,24.417259404625547,24.419737811579175,24.0,1.5,0.8544252579501809,0.2884615384615404,0.014423076923076986
65.60000000000001,24.419737811579175,24.422132368953477,24.0,1.5,0.8557455741073512,0.2884615384615404,0.014423076923076986
65.7,24.422132368953477,24.424444496338808,24.0,1.5,0.8570451565743905,0.2884615384615404,0.014423076923076986
65.8,24.424444496338808,24.42667560622075,24.0,1.5,0.8583242959591091,0.2884615384615404,0.014423076923076986
65.9,24.42667560622075,24.42882710401565,24.0,1.5,0.8595832828571035,0.2884615384615404,0.014423076923076986
66.0,24.42882710401565,24.430900388105943,24.0,1.5,0.8608224078518083,0.2884615384615404,0.014423076923076986
66.10000000000001,24.430900388105943,24.432896849875345,24.0,1.5,0.8620419615145458,0.2884615384615404,0.014423076923076986
66.2,24.432896849875345,24.434817873743825,24.0,1.5,0.863242234404578,0.2884615384615404,0.014423076923076986
66.3,24.434817873743825,24.436664825623676,24.0,1.5,0.8644235170691547,0.2884615384615404,0.014423076923076986
66.4,24.436664825623676,24.438439053012345,24.0,1.5,0.8655860966868384,0.2884615384615404,0.014423076923076986
66.5,24.438439053012345,24.440141885084785,24.0,1.5,0.8667302570677222,0.2884615384615404,0.014423076923076986
66.60000000000001,24.440141885084785,24.441774632785346,24.0,1.5,0.8678562786536442,0.2884615384615404,0.014423076923076986
66.7,24.441774632785346,24.443338588919232,24.0,1.5,0.8689644385184006,0.2884615384615404,0.014423076923076986
66.8,24.443338588919232,24.444835028243464,24.0,1.5,0.8700550103679626,0.2884615384615404,0.014423076923076986
66.9,24.444835028243464,24.446265207557406,24.0,1.5,0.8711282645406883,0.2884615384615404,0.014423076923076986
67.0,24.446265207557406,24.447630365792843,24.0,1.5,0.8721844680075334,0.2884615384615404,0.014423076923076986
67.10000000000001,24.447630365792843,24.44893172410359,24.0,1.5,0.8732238843722644,0.2884615384615404,0.014423076923076986
67.2,24.44893172410359,24.450170485954672,24.0,1.5,0.8742467738716679,0.2884615384615404,0.014423076923076986
67.3,24.450170485954672,24.45134783721103,24.0,1.5,0.8752533933757605,0.2884615384615404,0.014423076923076986
67.4,24.45134783721103,24.452464946225817,24.0,1.5,0.8762439963879955,0.2884615384615404,0.014423076923076986
67.5,24.452464946225817,24.453522963928222,24.0,1.5,0.8772188330454709,0.2884615384615404,0.014423076923076986
67.60000000000001,24.453522963928222,24.454523023910873,24.0,1.5,0.8781781501191381,0.2884615384615404,0.014423076923076986
67.7,24.454523023910873,24.455466242516792,24.0,1.5,0.8791221910140051,0.2884615384615404,0.014423076923076986
67.8,24.455466242516792,24.45635371892591,24.0,1.5,0.8800511957693424,0.2884615384615404,0.014423076923076986
67.9,24.45635371892591,24.457186535241174,24.0,1.5,0.8809654010588853,0.2884615384615404,0.014423076923076986
68.0,24.457186535241174,24.457965756574186,24.0,1.5,0.88186504019104,0.2884615384615404,0.014423076923076986
68.10000000000001,24.457965756574186,24.458692431130437,24.0,1.5,0.8827503431090831,0.2884615384615404,0.014423076923076986
68.2,24.458692431130437,24.45936759029411,24.0,1.5,0.8836215363913629,0.2884615384615404,0.014423076923076986
68.3,24.45936759029411,24.459992248712457,24.0,1.5,0.8844788432515006,0.2884615384615404,0.014423076923076986
68.4,24.459992248712457,24.46056740451368,24.0,1.5,0.8853224835385894,0.2884615384615404,0.014423076923076986
68.5,24.46056740451368,24.461094039523722,24.0,1.5,0.8861526737762213,0.2884615384615404,0.014423076923076986
68.60000000000001,24.461094039523722,24.46157311948198,24.0,1.5,0.8869696272015085,0.2884615384615404,0.014423076923076986
68.7,24.46157311948198,24.46200559425591,24.0,1.5,0.8877735538041047,0.2884615384615404,0.014423076923076986
68.8,24.46200559425591,24.462392398054575,24.0,1.5,0.8885646603652231,0.2884615384615404,0.014423076923076986
68.9,24.462392398054575,24.4627344496411,24.0,1.5,0.8893431504966477,0.2884615384615404,0.014423076923076986
69.0,24.4627344496411,24.46303265254408,24.0,1.5,0.8901092246797431,0.2884615384615404,0.014423076923076986
69.10000000000001,24.46303265254408,24.463287895267904,24.0,1.5,0.8908630803044639,0.2884615384615404,0.014423076923076986
69.2,24.463287895267904,24.463501051502035,24.0,1.5,0.8916049117083573,0.2884615384615404,0.014423076923076986
69.3,24.463501051502035,24.463672980329243,24.0,1.5,0.8923349102155618,0.2884615384615404,0.014423076923076986
69.4,24.463672980329243,24.463804526432764,24.0,1.5,0.8930532641758078,0.2884615384615404,0.014423076923076986
69.5,24.463804526432764,24.463896520302452,24.0,1.5,0.8937601590034092,0.2884615384615404,0.014423076923076986
69.60000000000001,24.463896520302452,24.463949778439876,24.0,1.5,0.8944557772162556,0.2884615384615404,0.014423076923076986
69.7,24.463949778439876,24.463965103562384,24.0,1.5,0.8951402984748007,0.2884615384615404,0.014423076923076986
69.8,24.463965103562384,24.463943284806145,24.0,1.5,0.8958138996210467,0.2884615384615404,0.014423076923076986
69.9,24.463943284806145,24.463885097928177,24.0,1.5,0.8964767547175254,0.2884615384615404,0.014423076923076986
70.0,24.463885097928177,24.463791305507346,24.0,1.5,0.8971290350862771,0.2884615384615404,0.014423076923076986
70.10000000000001,24.463791305507346,24.463662657144372,24.0,1.5,0.8977709093478269,0.2884615384615404,0.014423076923076986
70.2,24.463662657144372,24.463499889660802,24.0,1.5,0.8984025434601579,0.2884615384615404,0.014423076923076986
70.3,24.463499889660802,24.46330372729702,24.0,1.5,0.8990241007576774,0.2884615384615404,0.014423076923076986
70.4,24.46330372729702,24.463074881909222,24.0,1.5,0.8996357419901879,0.2884615384615404,0.014423076923076986
70.5,24.463074881909222,24.462814053163882,24.0,1.5,0.9002376253618458,0.2884615384615404,0.014423076923076986
70.60000000000001,24.462814053163882,24.46252192872968,24.0,1.5,0.9008299065696765,0.2884615384615404,0.014423076923076986
70.7,24.46252192872968,24.462199184466908,24.0,1.5,0.9014127388416319,0.2884615384615404,0.014423076923076986
70.8,24.462199184466908,24.461846484614387,24.0,1.5,0.9019862729741982,0.2884615384615404,0.014423076923076986
70.9,24.461846484614387,24.461464481973888,24.0,1.5,0.9025506573695496,0.2884615384615404,0.014423076923076986
71.0,24.461464481973888,24.461053818092083,24.0,1.5,0.9031060380722525,0.2884615384615404,0.014423076923076986
71.10000000000001,24.461053818092083,24.46061512344002,24.0,1.5,0.9036525588055184,0.2884615384615404,0.014423076923076986
71.2,24.46061512344002,24.460149017590165,24.0,1.5,0.9041903610070009,0.2884615384615404,0.014423076923076986
71.3,24.460149017590165,24.45965610939098,24.0,1.5,0.9047195838641435,0.2884615384615404,0.014423076923076986
71.4,24.45965610939098,24.459136997139108,24.0,1.5,0.9052403643490774,0.2884615384615404,0.014423076923076986
71.5,24.459136997139108,24.4585922687491,24.0,1.5,0.9057528372530648,0.2884615384615404,0.014423076923076986
71.60000000000001,24.4585922687491,24.45802250192079,24.0,1.5,0.9062571352204892,0.2884615384615404,0.014423076923076986
71.7,24.45802250192079,24.45742826430423,24.0,1.5,0.906753388782401,0.2884615384615404,0.014423076923076986
71.8,24.45742826430423,24.456810113662286,24.0,1.5,0.9072417263896011,0.2884615384615404,0.014423076923076986
71.9,24.456810113662286,24.456168598030843,24.0,1.5,0.9077222744452839,0.2884615384615404,0.014423076923076986
72.0,24.456168598030843,24.45550425587667,24.0,1.5,0.9081951573372198,0.2884615384615404,0.014423076923076986
72.10000000000001,24.45550425587667,24.45481761625293,24.0,1.5,0.9086604974694917,0.2884615384615404,0.014423076923076986
72.2,24.45481761625293,24.45410919895238,24.0,1.5,0.9091184152937786,0.2884615384615404,0.014423076923076986
72.3,24.45410919895238,24.453379514658224,24.0,1.5,0.9095690293401855,0.2884615384615404,0.014423076923076986
72.4,24.453379514658224,24.452629065092676,24.0,1.5,0.910012456247628,0.2884615384615404,0.014423076923076986
72.5,24.452629065092676,24.45185834316323,24.0,1.5,0.9104488107937576,0.2884615384615404,0.014423076923076986
72.60000000000001,24.45185834316323,24.451067833106663,24.0,1.5,0.9108782059244415,0.2884615384615404,0.014423076923076986
72.7,24.451067833106663,24.450258010630783,24.0,1.5,0.9113007527827968,0.2884615384615404,0.014423076923076986
72.8,24.450258010630783,24.449429343053993,24.0,1.5,0.9117165607377798,0.2884615384615404,0.014423076923076986
72.9,24.449429343053993,24.448582289442662,24.0,1.5,0.9121257374123412,0.2884615384615404,0.014423076923076986
73.0,24.448582289442662,24.44771730074636,24.0,1.5,0.9125283887111535,0.2884615384615404,0.014423076923076986
73.10000000000001,24.44771730074636,24.446834819930945,24.0,1.5,0.9129246188479117,0.2884615384615404,0.014423076923076986
73.2,24.446834819930945,24.445935282109602,24.0,1.5,0.9133145303722122,0.2884615384615404,0.014423076923076986
73.3,24.445935282109602,24.445019114671766,24.0,1.5,0.9136982241960212,0.2884615384615404,0.014423076923076986
73.4,24.445019114671766,24.44408673741005,24.0,1.5,0.9140757996197296,0.2884615384615404,0.014423076923076986
73.5,24.44408673741005,24.443138562645153,24.0,1.5,0.9144473543578069,0.2884615384615404,0.014423076923076986
73.60000000000001,24.443138562645153,24.44217499534878,24.0,1.5,0.9148129845640556,0.2884615384615404,0.014423076923076986
73.7,24.44217499534878,24.44119643326462,24.0,1.5,0.91517278485647,0.2884615384615404,0.014423076923076986
73.8,24.44119643326462,24.4402032670274,24.0,1.5,0.9155268483417092,0.2884615384615404,0.014423076923076986
73.9,24.4402032670274,24.439195880280042,24.0,1.5,0.9158752666391856,0.2884615384615404,0.014423076923076986
74.0,24.439195880280042,24.438174649788944,24.0,1.5,0.9162181299047749,0.2884615384615404,0.014423076923076986
74.10000000000001,24.438174649788944,24.437139945557433,24.0,1.5,0.9165555268541539,0.2884615384615404,0.014423076923076986
74.2,24.437139945557433,24.436092130937393,24.0,1.5,0.9168875447857718,0.2884615384615404,0.014423076923076986
74.3,24.436092130937393,24.43503156273911,24.0,1.5,0.9172142696034583,0.2884615384615404,0.014423076923076986
74.4,24.43503156273911,24.433958591339366,24.0,1.5,0.9175357858386732,0.2884615384615404,0.014423076923076986
74.5,24.433958591339366,24.432873560787776,24.0,1.5,0.9178521766724097,0.2884615384615404,0.014423076923076986
74.60000000000001,24.432873560787776,24.43177680891145,24.0,1.5,0.9181635239567413,0.2884615384615404,0.014423076923076986
74.7,24.43177680891145,24.430668667417944,24.0,1.5,0.918469908236039,0.2884615384615404,0.014423076923076986
74.8,24.430668667417944,24.429549461996572,24.0,1.5,0.9187714087678417,0.2884615384615404,0.014423076923076986
74.9,24.429549461996572,24.428419512418102,24.0,1.5,0.9190681035434026,0.2884615384615404,0.014423076923076986
75.0,24.428419512418102,24.42727913263282,24.0,1.5,0.9193600693079086,0.2884615384615404,0.014423076923076986
75.10000000000001,24.42727913263282,24.42612863086703,24.0,1.5,0.9196473815803742,0.2884615384615404,0.014423076923076986
75.2,24.42612863086703,24.424968309718015,24.0,1.5,0.919930114673224,0.2884615384615404,0.014423076923076986
75.3,24.424968309718015,24.423798466247433,24.0,1.5,0.9202083417115628,0.2884615384615404,0.014423076923076986
75.4,24.423798466247433,24.422619392073244,24.0,1.5,0.9204821346521367,0.2884615384615404,0.014423076923076986
75.5,24.422619392073244,24.421431373460138,24.0,1.5,0.9207515643019955,0.2884615384615404,0.014423076923076986
75.60000000000001,24.421431373460138,24.420234691408492,24.0,1.5,0.9210167003368591,0.2884615384615404,0.014423076923076986
75.7,24.420234691408492,24.419029621741917,24.0,1.5,0.9212776113191852,0.2884615384615404,0.014423076923076986
75.8,24.419029621741917,24.41781643519338,24.0,1.5,0.9215343647159546,0.2884615384615404,0.014423076923076986
75.9,24.41781643519338,24.41659539748993,24.0,1.5,0.921787026916175,0.2884615384615404,0.014423076923076986
76.0,24.41659539748993,24.415366769436066,24.0,1.5,0.9220356632480984,0.2884615384615404,0.014423076923076986
76.10000000000001,24.415366769436066,24.41413080699574,24.0,1.5,0.9222803379961698,0.2884615384615404,0.014423076923076986
76.2,24.41413080699574,24.412887761373064,24.0,1.5,0.9225211144177041,0.2884615384615404,0.014423076923076986
76.3,24.412887761373064,24.411637879091685,24.0,1.5,0.9227580547592972,0.2884615384615404,0.014423076923076986
76.4,24.411637879091685,24.410381402072886,24.0,1.5,0.9229912202729742,0.2884615384615404,0.014423076923076986
76.5,24.410381402072886,24.40911856771243,24.0,1.5,0.9232206712320795,0.2884615384615404,0.014423076923076986
76.60000000000001,24.40911856771243,24.407849608956152,24.0,1.5,0.9234464669469176,0.2884615384615404,0.014423076923076986
76.7,24.407849608956152,24.40657475437433,24.0,1.5,0.9236686657801396,0.2884615384615404,0.014423076923076986
76.80000000000001,24.40657475437433,24.405294228234855,24.0,1.5,0.9238873251618845,0.2884615384615404,0.014423076923076986
76.9,24.405294228234855,24.404008250575213,24.0,1.5,0.9241025016046825,0.2884615384615404,0.014423076923076986
77.0,24.404008250575213,24.4027170372733,24.0,1.5,0.9243142507181157,0.2884615384615404,0.014423076923076986
77.10000000000001,24.4027170372733,24.401420800117105,24.0,1.5,0.9245226272232469,0.2884615384615404,0.014423076923076986
77.2,24.401420800117105,24.400119746873226,24.0,1.5,0.9247276849668206,0.2884615384615404,0.014423076923076986
77.30000000000001,24.400119746873226,24.39881408135433,24.0,1.5,0.9249294769352304,0.2884615384615404,0.014423076923076986
77.4,24.39881408135433,24.397504003485473,24.0,1.5,0.9251280552682716,0.2884615384615404,0.014423076923076986
77.5,24.397504003485473,24.396189709369366,24.0,1.5,0.9253234712726666,0.2884615384615404,0.014423076923076986
77.60000000000001,24.396189709369366,24.394871391350588,24.0,1.5,0.9255157754353802,0.2884615384615404,0.014423076923076986
77.7,24.394871391350588,24.39354923807873,24.0,1.5,0.9257050174367188,0.2884615384615404,0.014423076923076986
77.80000000000001,24.39354923807873,24.392223434570557,24.0,1.5,0.9258912461632197,0.2884615384615404,0.014423076923076986
77.9,24.392223434570557,24.39089416227112,24.0,1.5,0.9260745097203388,0.2884615384615404,0.014423076923076986
78.0,24.39089416227112,24.389561599113907,24.0,1.5,0.9262548554449308,0.2884615384615404,0.014423076923076986
78.10000000000001,24.389561599113907,24.38822591957999,24.0,1.5,0.9264323299175337,0.2884615384615404,0.014423076923076986
78.2,24.38822591957999,24.386887294756242,24.0,1.5,0.926606978974452,0.2884615384615404,0.014423076923076986
78.30000000000001,24.386887294756242,24.385545892392585,24.0,1.5,0.9267788477196537,0.2884615384615404,0.014423076923076986
78.4,24.385545892392585,24.38420187695832,24.0,1.5,0.9269479805364726,0.2884615384615404,0.014423076923076986
78.5,24.38420187695832,24.382855409697534,24.0,1.5,0.927114421099124,0.2884615384615404,0.014423076923076986
78.60000000000001,24.382855409697534,24.381506648683622,24.0,1.5,0.9272782123840384,0.2884615384615404,0.014423076923076986
78.7,24.381506648683622,24.380155748872898,24.0,1.5,0.9274393966810114,0.2884615384615404,0.014423076923076986
78.80000000000001,24.380155748872898,24.37880286215736,24.0,1.5,0.9275980156041769,0.2884615384615404,0.014423076923076986
78.9,24.37880286215736,24.377448137416582,24.0,1.5,0.9277541101028066,0.2884615384615404,0.014423076923076986
79.0,24.377448137416582,24.376091720568763,24.0,1.5,0.9279077204719328,0.2884615384615404,0.014423076923076986
79.10000000000001,24.376091720568763,24.37473375462095,24.0,1.5,0.9280588863628052,0.2884615384615404,0.014423076923076986
79.2,24.37473375462095,24.37337437971846,24.0,1.5,0.9282076467931784,0.2884615384615404,0.014423076923076986
79.30000000000001,24.37337437971846,24.372013733193448,24.0,1.5,0.9283540401574379,0.2884615384615404,0.014423076923076986
79.4,24.372013733193448,24.37065194961275,24.0,1.5,0.9284981042365599,0.2884615384615404,0.014423076923076986
79.5,24.37065194961275,24.36928916082489,24.0,1.5,0.9286398762079152,0.2884615384615404,0.014423076923076986
79.60000000000001,24.36928916082489,24.367925496006364,24.0,1.5,0.928779392654915,0.2884615384615404,0.014423076923076986
79.7,24.367925496006364,24.36656108170714,24.0,1.5,0.9289166895765031,0.2884615384615404,0.014423076923076986
79.80000000000001,24.36656108170714,24.365196041895437,24.0,1.5,0.9290518023964965,0.2884615384615404,0.014423076923076986
79.9,24.365196041895437,24.363830498001764,24.0,1.5,0.9291847659727778,0.2884615384615404,0.014423076923076986
80.0,24.363830498001764,24.362464568962242,24.0,1.5,0.9293156146063362,0.2884615384615404,0.014423076923076986
80.10000000000001,24.362464568962242,24.361098371261225,24.0,1.5,0.9294443820501694,0.2884615384615404,0.014423076923076986
80.2,24.361098371261225,24.359732018973226,24.0,1.5,0.9295711015180412,0.2884615384615404,0.014423076923076986
80.30000000000001,24.359732018973226,24.35836562380415,24.0,1.5,0.9296958056930991,0.2884615384615404,0.014423076923076986
80.4,24.35836562380415,24.356999295131867,24.0,1.5,0.9298185267363526,0.2884615384615404,0.014423076923076986
80.5,24.356999295131867,24.355633140046113,24.0,1.5,0.9299392962950188,0.2884615384615404,0.014423076923076986
80.60000000000001,24.355633140046113,24.35426726338774,24.0,1.5,0.930058145510733,0.2884615384615404,0.014423076923076986
80.7,24.35426726338774,24.352901767787344,24.0,1.5,0.9301751050276271,0.2884615384615404,0.014423076923076986
80.80000000000001,24.352901767787344,24.35153675370323,24.0,1.5,0.930290205000283,0.2884615384615404,0.014423076923076986
80.9,24.35153675370323,24.350172319458782,24.0,1.5,0.9304034751015525,0.2884615384615404,0.014423076923076986
81.0,24.350172319458782,24.34880856127922,24.0,1.5,0.9305149445302583,0.2884615384615404,0.014423076923076986
81.10000000000001,24.34880856127922,24.347445573327747,24.0,1.5,0.9306246420187684,0.2884615384615404,0.014423076923076986
81.2,24.347445573327747,24.34608344774111,24.0,1.5,0.9307325958404505,0.2884615384615404,0.014423076923076986
81.30000000000001,24.34608344774111,24.344722274664573,24.0,1.5,0.9308388338170083,0.2884615384615404,0.014423076923076986
81.4,24.344722274664573,24.34336214228634,24.0,1.5,0.9309433833256969,0.2884615384615404,0.014423076923076986
81.5,24.34336214228634,24.34200313687139,24.0,1.5,0.9310462713064279,0.2884615384615404,0.014423076923076986
81.60000000000001,24.34200313687139,24.340645342794765,24.0,1.5,0.9311475242687566,0.2884615384615404,0.014423076923076986
81.7,24.340645342794765,24.339288842574323,24.0,1.5,0.9312471682987609,0.2884615384615404,0.014423076923076986
81.80000000000001,24.339288842574323,24.337933716902945,24.0,1.5,0.9313452290658077,0.2884615384615404,0.014423076923076986
81.9,24.337933716902945,24.336580044680225,24.0,1.5,0.9314417318292126,0.2884615384615404,0.014423076923076986
82.0,24.336580044680225,24.335227903043624,24.0,1.5,0.9315367014447937,0.2884615384615404,0.014423076923076986
82.10000000000001,24.335227903043624,24.333877367399126,24.0,1.5,0.9316301623713177,0.2884615384615404,0.014423076923076986
82.2,24.333877367399126,24.332528511451393,24.0,1.5,0.9317221386768458,0.2884615384615404,0.014423076923076986
82.30000000000001,24.332528511451393,24.331181407233423,24.0,1.5,0.9318126540449779,0.2884615384615404,0.014423076923076986
82.4,24.331181407233423,24.329836125135717,24.0,1.5,0.9319017317809963,0.2884615384615404,0.014423076923076986
82.5,24.329836125135717,24.32849273393497,24.0,1.5,0.9319893948179115,0.2884615384615404,0.014423076923076986
82.60000000000001,24.32849273393497,24.327151300822297,24.0,1.5,0.9320756657224095,0.2884615384615404,0.014423076923076986
82.7,24.327151300822297,24.325811891430995,24.0,1.5,0.9321605667007096,0.2884615384615404,0.014423076923076986
82.80000000000001,24.325811891430995,24.32447456986383,24.0,1.5,0.9322441196043207,0.2884615384615404,0.014423076923076986
82.9,24.32447456986383,24.323139398719913,24.0,1.5,0.9323263459357118,0.2884615384615404,0.014423076923076986
83.0,24.323139398719913,24.321806439121097,24.0,1.5,0.9324072668538893,0.2884615384615404,0.014423076923076986
83.10000000000001,24.321806439121097,24.320475750737966,24.0,1.5,0.9324869031798863,0.2884615384615404,0.014423076923076986
83.2,24.320475750737966,24.319147391815378,24.0,1.5,0.9325652754021628,0.2884615384615404,0.014423076923076986
83.30000000000001,24.319147391815378,24.317821419197607,24.0,1.5,0.9326424036819191,0.2884615384615404,0.014423076923076986
83.4,24.317821419197607,24.31649788835306,24.0,1.5,0.9327183078583279,0.2884615384615404,0.014423076923076986
83.5,24.31649788835306,24.315176853398576,24.0,1.5,0.932793007453679,0.2884615384615404,0.014423076923076986
83.60000000000001,24.315176853398576,24.313858367123366,24.0,1.5,0.9328665216784415,0.2884615384615404,0.014423076923076986
83.7,24.313858367123366,24.312542481012503,24.0,1.5,0.9329388694362512,0.2884615384615404,0.014423076923076986
83.80000000000001,24.312542481012503,24.31122924527007,24.0,1.5,0.9330100693288087,0.2884615384615404,0.014423076923076986
83.9,24.31122924527007,24.309918708841906,24.0,1.5,0.9330801396607079,0.2884615384615404,0.014423076923076986
84.0,24.309918708841906,24.308610919437974,24.0,1.5,0.9331490984441825,0.2884615384615404,0.014423076923076986
84.10000000000001,24.308610919437974,24.30730592355438,24.0,1.5,0.9332169634037764,0.2884615384615404,0.014423076923076986
84.2,24.30730592355438,24.30600376649501,24.0,1.5,0.9332837519809432,0.2884615384615404,0.014423076923076986
84.30000000000001,24.30600376649501,24.304704492392812,24.0,1.5,0.9333494813385693,0.2884615384615404,0.014423076923076986
84.4,24.304704492392812,24.303408144230737,24.0,1.5,0.9334141683654249,0.2884615384615404,0.014423076923076986
84.5,24.303408144230737,24.302114763862328,24.0,1.5,0.9334778296805437,0.2884615384615404,0.014423076923076986
84.60000000000001,24.302114763862328,24.30082439203197,24.0,1.5,0.9335404816375348,0.2884615384615404,0.014423076923076986
84.7,24.30082439203197,24.299537068394798,24.0,1.5,0.9336021403288238,0.2884615384615404,0.014423076923076986
84.80000000000001,24.299537068394798,24.29825283153629,24.0,1.5,0.9336628215898246,0.2884615384615404,0.014423076923076986
84.9,24.29825283153629,24.296971718991525,24.0,1.5,0.9337225410030472,0.2884615384615404,0.014423076923076986
85.0,24.296971718991525,24.29569376726413,24.0,1.5,0.9337813139021417,0.2884615384615404,0.014423076923076986
85.10000000000001,24.29569376726413,24.2944190118449,24.0,1.5,0.93383915537587,0.2884615384615404,0.014423076923076986
85.2,24.2944190118449,24.293147487230137,24.0,1.5,0.9338960802720229,0.2884615384615404,0.014423076923076986
85.30000000000001,24.293147487230137,24.291879226939642,24.0,1.5,0.9339521032012688,0.2884615384615404,0.014423076923076986
85.4,24.291879226939642,24.29061426353446,24.0,1.5,0.9340072385409428,0.2884615384615404,0.014423076923076986
85.5,24.29061426353446,24.289352628634298,24.0,1.5,0.9340615004387771,0.2884615384615404,0.014423076923076986
85.60000000000001,24.289352628634298,24.288094352934642,24.0,1.5,0.9341149028165677,0.2884615384615404,0.014423076923076986
85.7,24.288094352934642,24.286839466223643,24.0,1.5,0.9341674593737845,0.2884615384615404,0.014423076923076986
85.80000000000001,24.286839466223643,24.28558799739866,24.0,1.5,0.9342191835911265,0.2884615384615404,0.014423076923076986
85.9,24.28558799739866,24.284339974482577,24.0,1.5,0.9342700887340143,0.2884615384615404,0.014423076923076986
86.0,24.284339974482577,24.283095424639814,24.0,1.5,0.9343201878560324,0.2884615384615404,0.014423076923076986
86.10000000000001,24.283095424639814,24.281854374192104,24.0,1.5,0.934369493802312,0.2884615384615404,0.014423076923076986
86.2,24.281854374192104,24.28061684863398,24.0,1.5,0.934418019212865,0.2884615384615404,0.014423076923076986
86.30000000000001,24.28061684863398,24.279382872648014,24.0,1.5,0.9344657765258588,0.2884615384615404,0.014423076923076986
86.4,24.279382872648014,24.278152470119814,24.0,1.5,0.934512777980842,0.2884615384615404,0.014423076923076986
86.5,24.278152470119814,24.276925664152756,24.0,1.5,0.9345590356219184,0.2884615384615404,0.014423076923076986
86.60000000000001,24.276925664152756,24.275702477082472,24.0,1.5,0.9346045613008722,0.2884615384615404,0.014423076923076986
86.7,24.275702477082472,24.274482930491107,24.0,1.5,0.9346493666802361,0.2884615384615404,0.014423076923076986
86.80000000000001,24.274482930491107,24.273267045221328,24.0,1.5,0.93469346323632,0.2884615384615404,0.014423076923076986
86.9,24.273267045221328,24.2720548413901,24.0,1.5,0.9347368622621836,0.2884615384615404,0.014423076923076986
87.0,24.2720548413901,24.270846338402247,24.0,1.5,0.9347795748705655,0.2884615384615404,0.014423076923076986
87.10000000000001,24.270846338402247,24.269641554963762,24.0,1.5,0.9348216119967646,0.2884615384615404,0.014423076923076986
87.2,24.269641554963762,24.268440509094912,24.0,1.5,0.9348629844014763,0.2884615384615404,0.014423076923076986
87.30000000000001,24.268440509094912,24.267243218143122,24.0,1.5,0.9349037026735795,0.2884615384615404,0.014423076923076986
87.4,24.267243218143122,24.266049698795634,24.0,1.5,0.9349437772328849,0.2884615384615404,0.014423076923076986
87.5,24.266049698795634,24.26485996709197,24.0,1.5,0.9349832183328339,0.2884615384615404,0.014423076923076986
87.60000000000001,24.26485996709197,24.263674038436168,24.0,1.5,0.9350220360631594,0.2884615384615404,0.014423076923076986
87.7,24.263674038436168,24.262491927608835,24.0,1.5,0.9350602403524999,0.2884615384615404,0.014423076923076986
87.80000000000001,24.262491927608835,24.261313648778966,24.0,1.5,0.9350978409709741,0.2884615384615404,0.014423076923076986
87.9,24.261313648778966,24.260139215515604,24.0,1.5,0.9351348475327124,0.2884615384615404,0.014423076923076986
88.0,24.260139215515604,24.25896864079927,24.0,1.5,0.9351712694983517,0.2884615384615404,0.014423076923076986
88.10000000000001,24.25896864079927,24.25780193703323,24.0,1.5,0.9352071161774852,0.2884615384615404,0.014423076923076986
88.2,24.25780193703323,24.256639116054536,24.0,1.5,0.9352423967310787,0.2884615384615404,0.014423076923076986
88.30000000000001,24.256639116054536,24.255480189144933,24.0,1.5,0.9352771201738423,0.2884615384615404,0.014423076923076986
88.4,24.255480189144933,24.25432516704153,24.0,1.5,0.9353112953765697,0.2884615384615404,0.014423076923076986
88.5,24.25432516704153,24.25317405994732,24.0,1.5,0.935344931068436,0.2884615384615404,0.014423076923076986
88.60000000000001,24.25317405994732,24.252026877541525,24.0,1.5,0.9353780358392612,0.2884615384615404,0.014423076923076986
88.7,24.252026877541525,24.250883628989754,24.0,1.5,0.9354106181417361,0.2884615384615404,0.014423076923076986
88.80000000000001,24.250883628989754,24.249744322953994,24.0,1.5,0.9354426862936145,0.2884615384615404,0.014423076923076986
88.9,24.249744322953994,24.24860896760244,24.0,1.5,0.9354742484798673,0.2884615384615404,0.014423076923076986
89.0,24.24860896760244,24.24747757061914,24.0,1.5,0.9355053127548071,0.2884615384615404,0.014423076923076986
89.10000000000001,24.24747757061914,24.2463501392135,24.0,1.5,0.9355358870441711,0.2884615384615404,0.014423076923076986
89.2,24.2463501392135,24.245226680129623,24.0,1.5,0.9355659791471794,0.2884615384615404,0.014423076923076986
89.30000000000001,24.245226680129623,24.244107199655467,24.0,1.5,0.9355955967385554,0.2884615384615404,0.014423076923076986
89.4,24.244107199655467,24.242991703631883,24.0,1.5,0.9356247473705136,0.2884615384615404,0.014423076923076986
89.5,24.242991703631883,24.241880197461473,24.0,1.5,0.9356534384747182,0.2884615384615404,0.014423076923076986
89.60000000000001,24.241880197461473,24.240772686117314,24.0,1.5,0.9356816773642077,0.2884615384615404,0.014423076923076986
89.7,24.240772686117314,24.239669174151523,24.0,1.5,0.9357094712352926,0.2884615384615404,0.014423076923076986
89.80000000000001,24.239669174151523,24.238569665703686,24.0,1.5,0.9357368271694174,0.2884615384615404,0.014423076923076986
89.9,24.238569665703686,24.237474164509138,24.0,1.5,0.9357637521349986,0.2884615384615404,0.014423076923076986
90.0,24.237474164509138,24.2363826739071,24.0,1.5,0.9357902529892287,0.2884615384615404,0.014423076923076986
90.10000000000001,24.2363826739071,24.23529519684869,24.0,1.5,0.9358163364798535,0.2884615384615404,0.014423076923076986
90.2,24.23529519684869,24.234211735904772,24.0,1.5,0.9358420092469201,0.2884615384615404,0.014423076923076986
90.30000000000001,24.234211735904772,24.23313229327371,24.0,1.5,0.935867277824499,0.2884615384615404,0.014423076923076986
90.4,24.23313229327371,24.232056870788952,24.0,1.5,0.9358921486423755,0.2884615384615404,0.014423076923076986
90.5,24.232056870788952,24.23098546992651,24.0,1.5,0.9359166280277181,0.2884615384615404,0.014423076923076986
90.60000000000001,24.23098546992651,24.229918091812294,24.0,1.5,0.9359407222067151,0.2884615384615404,0.014423076923076986
90.7,24.229918091812294,24.22885473722934,24.0,1.5,0.9359644373061902,0.2884615384615404,0.014423076923076986
90.80000000000001,24.22885473722934,24.2277954066249,24.0,1.5,0.9359877793551882,0.2884615384615404,0.014423076923076986
90.9,24.2277954066249,24.226740100117404,24.0,1.5,0.9360107542865391,0.2884615384615404,0.014423076923076986
91.0,24.226740100117404,24.225688817503332,24.0,1.5,0.9360333679383923,0.2884615384615404,0.014423076923076986
91.10000000000001,24.225688817503332,24.224641558263937,24.0,1.5,0.9360556260557323,0.2884615384615404,0.014423076923076986
91.2,24.224641558263937,24.22359832157187,24.0,1.5,0.9360775342918642,0.2884615384615404,0.014423076923076986
91.30000000000001,24.22359832157187,24.222559106297684,24.0,1.5,0.9360990982098816,0.2884615384615404,0.014423076923076986
91.4,24.222559106297684,24.221523911016234,24.0,1.5,0.9361203232841033,0.2884615384615404,0.014423076923076986
91.5,24.221523911016234,24.220492734012957,24.0,1.5,0.9361412149014969,0.2884615384615404,0.014423076923076986
91.60000000000001,24.220492734012957,24.219465573290048,24.0,1.5,0.9361617783630704,0.2884615384615404,0.014423076923076986
91.7,24.219465573290048,24.218442426572533,24.0,1.5,0.9361820188852455,0.2884615384615404,0.014423076923076986
91.80000000000001,24.218442426572533,24.217423291314237,24.0,1.5,0.9362019416012113,0.2884615384615404,0.014423076923076986
91.9,24.217423291314237,24.216408164703637,24.0,1.5,0.9362215515622522,0.2884615384615404,0.014423076923076986
92.0,24.216408164703637,24.215397043669636,24.0,1.5,0.9362408537390555,0.2884615384615404,0.014423076923076986
92.10000000000001,24.215397043669636,24.214389924887215,24.0,1.5,0.9362598530230019,0.2884615384615404,0.014423076923076986
92.2,24.214389924887215,24.213386804782996,24.0,1.5,0.9362785542274291,0.2884615384615404,0.014423076923076986
92.30000000000001,24.213386804782996,24.212387679540715,24.0,1.5,0.9362969620888798,0.2884615384615404,0.014423076923076986
92.4,24.212387679540715,24.211392545106598,24.0,1.5,0.9363150812683287,0.2884615384615404,0.014423076923076986
92.5,24.211392545106598,24.210401397194627,24.0,1.5,0.9363329163523911,0.2884615384615404,0.014423076923076986
92.60000000000001,24.210401397194627,24.20941423129174,24.0,1.5,0.936350471854507,0.2884615384615404,0.014423076923076986
92.7,24.20941423129174,24.208431042662912,24.0,1.5,0.9363677522161138,0.2884615384615404,0.014423076923076986
92.80000000000001,24.208431042662912,24.20745182635619,24.0,1.5,0.9363847618077932,0.2884615384615404,0.014423076923076986
92.9,24.20745182635619,24.20647657720759,24.0,1.5,0.9364015049304066,0.2884615384615404,0.014423076923076986
93.0,24.20647657720759,24.205505289845934,24.0,1.5,0.9364179858162053,0.2884615384615404,0.014423076923076986
93.10000000000001,24.205505289845934,24.204537958697617,24.0,1.5,0.936434208629929,0.2884615384615404,0.014423076923076986
93.2,24.204537958697617,24.20357457799126,24.0,1.5,0.9364501774698822,0.2884615384615404,0.014423076923076986
93.30000000000001,24.20357457799126,24.20261514176231,24.0,1.5,0.9364658963689977,0.2884615384615404,0.014423076923076986
93.4,24.20261514176231,24.201659643857514,24.0,1.5,0.9364813692958799,0.2884615384615404,0.014423076923076986
93.5,24.201659643857514,24.20070807793939,24.0,1.5,0.9364966001558299,0.2884615384615404,0.014423076923076986
93.60000000000001,24.20070807793939,24.199760437490543,24.0,1.5,0.9365115927918601,0.2884615384615404,0.014423076923076986
93.7,24.199760437490543,24.198816715817948,24.0,1.5,0.936526350985689,0.2884615384615404,0.014423076923076986
93.80000000000001,24.198816715817948,24.197876906057147,24.0,1.5,0.9365408784587164,0.2884615384615404,0.014423076923076986
93.9,24.197876906057147,24.196941001176373,24.0,1.5,0.9365551788729908,0.2884615384615404,0.014423076923076986
94.0,24.196941001176373,24.1960089939806,24.0,1.5,0.9365692558321567,0.2884615384615404,0.014423076923076986
94.10000000000001,24.1960089939806,24.195080877115515,24.0,1.5,0.9365831128823858,0.2884615384615404,0.014423076923076986
94.2,24.195080877115515,24.194156643071437,24.0,1.5,0.9365967535132977,0.2884615384615404,0.014423076923076986
94.30000000000001,24.194156643071437,24.19323628418715,24.0,1.5,0.9366101811588591,0.2884615384615404,0.014423076923076986
94.4,24.19323628418715,24.192319792653674,24.0,1.5,0.9366233991982771,0.2884615384615404,0.014423076923076986
94.5,24.192319792653674,24.191407160517965,24.0,1.5,0.9366364109568707,0.2884615384615404,0.014423076923076986
94.60000000000001,24.191407160517965,24.190498379686566,24.0,1.5,0.9366492197069325,0.2884615384615404,0.014423076923076986
94.7,24.190498379686566,24.18959344192917,24.0,1.5,0.9366618286685771,0.2884615384615404,0.014423076923076986
94.80000000000001,24.18959344192917,24.188692338882127,24.0,1.5,0.9366742410105717,0.2884615384615404,0.014423076923076986
94.9,24.188692338882127,24.1877950620519,24.0,1.5,0.936686459851159,0.2884615384615404,0.014423076923076986
95.0,24.1877950620519,24.18690160281845,24.0,1.5,0.9366984882588608,0.2884615384615404,0.014423076923076986
95.10000000000001,24.18690160281845,24.186011952438545,24.0,1.5,0.936710329253276,0.2884615384615404,0.014423076923076986
95.2,24.186011952438545,24.18512610204905,24.0,1.5,0.9367219858058595,0.2884615384615404,0.014423076923076986
95.30000000000001,24.18512610204905,24.184244042670116,24.0,1.5,0.9367334608406915,0.2884615384615404,0.014423076923076986
95.4,24.184244042670116,24.18336576520833,24.0,1.5,0.9367447572352345,0.2884615384615404,0.014423076923076986
95.5,24.18336576520833,24.18249126045981,24.0,1.5,0.9367558778210773,0.2884615384615404,0.014423076923076986
95.60000000000001,24.18249126045981,24.181620519113245,24.0,1.5,0.9367668253846674,0.2884615384615404,0.014423076923076986
95.7,24.181620519113245,24.180753531752874,24.0,1.5,0.9367776026680336,0.2884615384615404,0.014423076923076986
95.80000000000001,24.180753531752874,24.17989028886141,24.0,1.5,0.9367882123694931,0.2884615384615404,0.014423076923076986
95.9,24.17989028886141,24.179030780822924,24.0,1.5,0.9367986571443521,0.2884615384615404,0.014423076923076986
96.0,24.179030780822924,24.178174997925645,24.0,1.5,0.9368089396055906,0.2884615384615404,0.014423076923076986
96.10000000000001,24.178174997925645,24.177322930364763,24.0,1.5,0.9368190623245375,0.2884615384615404,0.014423076923076986
96.2,24.177322930364763,24.176474568245126,24.0,1.5,0.9368290278315401,0.2884615384615404,0.014423076923076986
96.30000000000001,24.176474568245126,24.17562990158392,24.0,1.5,0.9368388386166138,0.2884615384615404,0.014423076923076986
96.4,24.17562990158392,24.17478892031329,24.0,1.5,0.936848497130089,0.2884615384615404,0.014423076923076986
96.5,24.17478892031329,24.173951614282913,24.0,1.5,0.9368580057832435,0.2884615384615404,0.014423076923076986
96.60000000000001,24.173951614282913,24.173117973262524,24.0,1.5,0.9368673669489275,0.2884615384615404,0.014423076923076986
96.7,24.173117973262524,24.1722879869444,24.0,1.5,0.9368765829621748,0.2884615384615404,0.014423076923076986
96.80000000000001,24.1722879869444,24.171461644945797,24.0,1.5,0.936885656120809,0.2884615384615404,0.014423076923076986
96.9,24.171461644945797,24.170638936811333,24.0,1.5,0.9368945886860375,0.2884615384615404,0.014423076923076986
97.0,24.170638936811333,24.169819852015337,24.0,1.5,0.9369033828830353,0.2884615384615404,0.014423076923076986
97.10000000000001,24.169819852015337,24.169004379964157,24.0,1.5,0.9369120409015201,0.2884615384615404,0.014423076923076986
97.2,24.169004379964157,24.168192509998413,24.0,1.5,0.9369205648963205,0.2884615384615404,0.014423076923076986
97.30000000000001,24.168192509998413,24.167384231395214,24.0,1.5,0.9369289569879303,0.2884615384615404,0.014423076923076986
97.4,24.167384231395214,24.166579533370346,24.0,1.5,0.9369372192630585,0.2884615384615404,0.014423076923076986
97.5,24.166579533370346,24.165778405080392,24.0,1.5,0.9369453537751691,0.2884615384615404,0.014423076923076986
97.60000000000001,24.165778405080392,24.164980835624846,24.0,1.5,0.9369533625450098,0.2884615384615404,0.014423076923076986
97.7,24.164980835624846,24.164186814048154,24.0,1.5,0.9369612475611381,0.2884615384615404,0.014423076923076986
97.80000000000001,24.164186814048154,24.163396329341744,24.0,1.5,0.9369690107804312,0.2884615384615404,0.014423076923076986
97.9,24.163396329341744,24.162609370446,24.0,1.5,0.9369766541285941,0.2884615384615404,0.014423076923076986
98.0,24.162609370446,24.161825926252206,24.0,1.5,0.9369841795006573,0.2884615384615404,0.014423076923076986
98.10000000000001,24.161825926252206,24.16104598560446,24.0,1.5,0.9369915887614653,0.2884615384615404,0.014423076923076986
98.2,24.16104598560446,24.160269537301534,24.0,1.5,0.9369988837461604,0.2884615384615404,0.014423076923076986
98.30000000000001,24.160269537301534,24.159496570098717,24.0,1.5,0.9370060662606553,0.2884615384615404,0.014423076923076986
98.4,24.159496570098717,24.158727072709613,24.0,1.5,0.9370131380821005,0.2884615384615404,0.014423076923076986
98.5,24.158727072709613,24.157961033807904,24.0,1.5,0.937020100959344,0.2884615384615404,0.014423076923076986
98.60000000000001,24.157961033807904,24.157198442029088,24.0,1.5,0.9370269566133816,0.2884615384615404,0.014423076923076986
98.7,24.157198442029088,24.156439285972173,24.0,1.5,0.9370337067378035,0.2884615384615404,0.014423076923076986
98.80000000000001,24.156439285972173,24.155683554201346,24.0,1.5,0.9370403529992302,0.2884615384615404,0.014423076923076986
98.9,24.155683554201346,24.154931235247613,24.0,1.5,0.9370468970377437,0.2884615384615404,0.014423076923076986
99.0,24.154931235247613,24.154182317610392,24.0,1.5,0.9370533404673124,0.2884615384615404,0.014423076923076986
99.10000000000001,24.154182317610392,24.15343678975909,24.0,1.5,0.937059684876206,0.2884615384615404,0.014423076923076986
99.2,24.15343678975909,24.152694640134648,24.0,1.5,0.9370659318274064,0.2884615384615404,0.014423076923076986
99.30000000000001,24.152694640134648,24.151955857151048,24.0,1.5,0.9370720828590111,0.2884615384615404,0.014423076923076986
99.4,24.151955857151048,24.151220429196798,24.0,1.5,0.9370781394846329,0.2884615384615404,0.014423076923076986
99.5,24.151220429196798,24.150488344636383,24.0,1.5,0.9370841031937868,0.2884615384615404,0.014423076923076986
99.60000000000001,24.150488344636383,24.149759591811698,24.0,1.5,0.9370899754522772,0.2884615384615404,0.014423076923076986
99.7,24.149759591811698,24.14903415904343,24.0,1.5,0.9370957577025772,0.2884615384615404,0.014423076923076986
99.80000000000001,24.14903415904343,24.14831203463245,24.0,1.5,0.9371014513641976,0.2884615384615404,0.014423076923076986
99.9,24.14831203463245,24.14759320686113,24.0,1.5,0.9371070578340577,0.2884615384615404,0.014423076923076986
100.0,24.14759320686113,24.14687766399468,24.0,1.5,0.9371125784868423,0.2884615384615404,0.014423076923076986
100.10000000000001,24.14687766399468,24.146165394282423,24.0,1.5,0.9371180146753582,0.2884615384615404,0.014423076923076986
100.2,24.146165394282423,24.145456385959072,24.0,1.5,0.9371233677308839,0.2884615384615404,0.014423076923076986
100.30000000000001,24.145456385959072,24.144750627245962,24.0,1.5,0.9371286389635121,0.2884615384615404,0.014423076923076986
100.4,24.144750627245962,24.144048106352265,24.0,1.5,0.9371338296624888,0.2884615384615404,0.014423076923076986
100.5,24.144048106352265,24.143348811476184,24.0,1.5,0.9371389410965459,0.2884615384615404,0.014423076923076986
100.60000000000001,24.143348811476184,24.14265273080611,24.0,1.5,0.9371439745142285,0.2884615384615404,0.014423076923076986
100.7,24.14265273080611,24.141959852521772,24.0,1.5,0.9371489311442157,0.2884615384615404,0.014423076923076986
100.80000000000001,24.141959852521772,24.14127016479536,24.0,1.5,0.9371538121956404,0.2884615384615404,0.014423076923076986
100.9,24.14127016479536,24.140583655792604,24.0,1.5,0.9371586188583989,0.2884615384615404,0.014423076923076986
101.0,24.140583655792604,24.139900313673873,24.0,1.5,0.937163352303459,0.2884615384615404,0.014423076923076986
101.10000000000001,24.139900313673873,24.13922012659521,24.0,1.5,0.9371680136831627,0.2884615384615404,0.014423076923076986
101.2,24.13922012659521,24.138543082709358,24.0,1.5,0.9371726041315218,0.2884615384615404,0.014423076923076986
101.30000000000001,24.138543082709358,24.13786917016679,24.0,1.5,0.937177124764511,0.2884615384615404,0.014423076923076986
101.4,24.13786917016679,24.137198377116682,24.0,1.5,0.9371815766803573,0.2884615384615404,0.014423076923076986
101.5,24.137198377116682,24.13653069170788,24.0,1.5,0.9371859609598212,0.2884615384615404,0.014423076923076986
101.60000000000001,24.13653069170788,24.135866102089853,24.0,1.5,0.9371902786664758,0.2884615384615404,0.014423076923076986
101.7,24.135866102089853,24.135204596413626,24.0,1.5,0.9371945308469825,0.2884615384615404,0.014423076923076986
101.80000000000001,24.135204596413626,24.134546162832677,24.0,1.5,0.9371987185313597,0.2884615384615404,0.014423076923076986
101.9,24.134546162832677,24.133890789503834,24.0,1.5,0.9372028427332486,0.2884615384615404,0.014423076923076986
102.0,24.133890789503834,24.13323846458814,24.0,1.5,0.9372069044501743,0.2884615384615404,0.014423076923076986
102.10000000000001,24.13323846458814,24.13258917625171,24.0,1.5,0.9372109046638029,0.2884615384615404,0.014423076923076986
102.2,24.13258917625171,24.13194291266656,24.0,1.5,0.9372148443401959,0.2884615384615404,0.014423076923076986
102.30000000000001,24.13194291266656,24.13129966201143,24.0,1.5,0.9372187244300563,0.2884615384615404,0.014423076923076986
102.4,24.13129966201143,24.13065941247257,24.0,1.5,0.9372225458689774,0.2884615384615404,0.014423076923076986
102.5,24.13065941247257,24.130022152244543,24.0,1.5,0.9372263095776807,0.2884615384615404,0.014423076923076986
102.60000000000001,24.130022152244543,24.129387869530955,24.0,1.5,0.9372300164622559,0.2884615384615404,0.014423076923076986
102.7,24.129387869530955,24.12875655254524,24.0,1.5,0.9372336674143907,0.2884615384615404,0.014423076923076986
102.80000000000001,24.12875655254524,24.12812818951136,24.0,1.5,0.9372372633116057,0.2884615384615404,0.014423076923076986
102.9,24.12812818951136,24.127502768664545,24.0,1.5,0.9372408050174742,0.2884615384615404,0.014423076923076986
103.0,24.127502768664545,24.12688027825197,24.0,1.5,0.937244293381851,0.2884615384615404,0.014423076923076986
103.10000000000001,24.12688027825197,24.126260706533454,24.0,1.5,0.9372477292410872,0.2884615384615404,0.014423076923076986
103.2,24.126260706533454,24.125644041782124,24.0,1.5,0.937251113418246,0.2884615384615404,0.014423076923076986
103.30000000000001,24.125644041782124,24.125030272285063,24.0,1.5,0.9372544467233173,0.2884615384615404,0.014423076923076986
103.4,24.125030272285063,24.124419386343956,24.0,1.5,0.9372577299534223,0.2884615384615404,0.014423076923076986
103.5,24.124419386343956,24.12381137227571,24.0,1.5,0.9372609638930222,0.2884615384615404,0.014423076923076986
103.60000000000001,24.12381137227571,24.123206218413067,24.0,1.5,0.9372641493141183,0.2884615384615404,0.014423076923076986
103.7,24.123206218413067,24.122603913105195,24.0,1.5,0.9372672869764516,0.2884615384615404,0.014423076923076986
103.80000000000001,24.122603913105195,24.122004444718275,24.0,1.5,0.9372703776276978,0.2884615384615404,0.014423076923076986
103.9,24.122004444718275,24.121407801636064,24.0,1.5,0.9372734220036608,0.2884615384615404,0.014423076923076986
104.0,24.121407801636064,24.12081397226046,24.0,1.5,0.9372764208284595,0.2884615384615404,0.014423076923076986
104.10000000000001,24.12081397226046,24.120222945012035,24.0,1.5,0.937279374814719,0.2884615384615404,0.014423076923076986
104.2,24.120222945012035,24.119634708330562,24.0,1.5,0.9372822846637481,0.2884615384615404,0.014423076923076986
104.30000000000001,24.119634708330562,24.11904925067555,24.0,1.5,0.9372851510657231,0.2884615384615404,0.014423076923076986
104.4,24.11904925067555,24.11846656052672,24.0,1.5,0.9372879746998666,0.2884615384615404,0.014423076923076986
104.5,24.11846656052672,24.11788662638453,24.0,1.5,0.937290756234618,0.2884615384615404,0.014423076923076986
104.60000000000001,24.11788662638453,24.11730943677063,24.0,1.5,0.9372934963278098,0.2884615384615404,0.014423076923076986
104.7,24.11730943677063,24.11673498022834,24.0,1.5,0.9372961956268349,0.2884615384615404,0.014423076923076986
104.80000000000001,24.11673498022834,24.11616324532311,24.0,1.5,0.9372988547688118,0.2884615384615404,0.014423076923076986
104.9,24.11616324532311,24.115594220642965,24.0,1.5,0.9373014743807502,0.2884615384615404,0.014423076923076986
105.0,24.115594220642965,24.11502789479893,24.0,1.5,0.9373040550797123,0.2884615384615404,0.014423076923076986
105.10000000000001,24.11502789479893,24.114464256425475,24.0,1.5,0.9373065974729702,0.2884615384615404,0.014423076923076986
105.2,24.114464256425475,24.1139032941809,24.0,1.5,0.9373091021581637,0.2884615384615404,0.014423076923076986
105.30000000000001,24.1139032941809,24.113344996747767,24.0,1.5,0.9373115697234513,0.2884615384615404,0.014423076923076986
105.4,24.113344996747767,24.112789352833268,24.0,1.5,0.9373140007476642,0.2884615384615404,0.014423076923076986
105.5,24.112789352833268,24.112236351169624,24.0,1.5,0.9373163958004529,0.2884615384615404,0.014423076923076986
105.60000000000001,24.112236351169624,24.111685980514455,24.0,1.5,0.9373187554424349,0.2884615384615404,0.014423076923076986
105.7,24.111685980514455,24.11113822965113,24.0,1.5,0.9373210802253397,0.2884615384615404,0.014423076923076986
105.80000000000001,24.11113822965113,24.110593087389134,24.0,1.5,0.9373233706921461,0.2884615384615404,0.014423076923076986
105.9,24.110593087389134,24.110050542564405,24.0,1.5,0.9373256273772281,0.2884615384615404,0.014423076923076986
106.0,24.110050542564405,24.10951058403967,24.0,1.5,0.9373278508064858,0.2884615384615404,0.014423076923076986
106.10000000000001,24.10951058403967,24.108973200704767,24.0,1.5,0.9373300414974843,0.2884615384615404,0.014423076923076986
106.2,24.108973200704767,24.10843838147697,24.0,1.5,0.9373321999595869,0.2884615384615404,0.014423076923076986
106.30000000000001,24.10843838147697,24.107906115301283,24.0,1.5,0.9373343266940831,0.2884615384615404,0.014423076923076986
106.4,24.107906115301283,24.10737639115075,24.0,1.5,0.9373364221943198,0.2884615384615404,0.014423076923076986
106.5,24.10737639115075,24.10684919802674,24.0,1.5,0.9373384869458261,0.2884615384615404,0.014423076923076986
106.60000000000001,24.10684919802674,24.10632452495923,24.0,1.5,0.9373405214264384,0.2884615384615404,0.014423076923076986
106.7,24.10632452495923,24.105802361007083,24.0,1.5,0.9373425261064249,0.2884615384615404,0.014423076923076986
106.80000000000001,24.105802361007083,24.105282695258303,24.0,1.5,0.9373445014486039,0.2884615384615404,0.014423076923076986
106.9,24.105282695258303,24.104765516830305,24.0,1.5,0.9373464479084632,0.2884615384615404,0.014423076923076986
107.0,24.104765516830305,24.10425081487016,24.0,1.5,0.9373483659342768,0.2884615384615404,0.014423076923076986
107.10000000000001,24.10425081487016,24.103738578554836,24.0,1.5,0.9373502559672205,0.2884615384615404,0.014423076923076986
107.2,24.103738578554836,24.10322879709144,24.0,1.5,0.9373521184414851,0.2884615384615404,0.014423076923076986
107.30000000000001,24.10322879709144,24.102721459717433,24.0,1.5,0.9373539537843874,0.2884615384615404,0.014423076923076986
107.4,24.102721459717433,24.102216555700863,24.0,1.5,0.9373557624164778,0.2884615384615404,0.014423076923076986
107.5,24.102216555700863,24.101714074340578,24.0,1.5,0.9373575447516513,0.2884615384615404,0.014423076923076986
107.60000000000001,24.101714074340578,24.101214004966423,24.0,1.5,0.9373593011972524,0.2884615384615404,0.014423076923076986
107.7,24.101214004966423,24.100716336939453,24.0,1.5,0.9373610321541785,0.2884615384615404,0.014423076923076986
107.80000000000001,24.100716336939453,24.100221059652114,24.0,1.5,0.9373627380169844,0.2884615384615404,0.014423076923076986
107.9,24.100221059652114,24.099728162528443,24.0,1.5,0.9373644191739811,0.2884615384615404,0.014423076923076986
108.0,24.099728162528443,24.099237635024235,24.0,1.5,0.9373660760073381,0.2884615384615404,0.014423076923076986
108.10000000000001,24.099237635024235,24.098749466627222,24.0,1.5,0.9373677088931783,0.2884615384615404,0.014423076923076986
108.2,24.098749466627222,24.09826364685725,24.0,1.5,0.9373693182016756,0.2884615384615404,0.014423076923076986
108.30000000000001,24.09826364685725,24.097780165266432,24.0,1.5,0.9373709042971513,0.2884615384615404,0.014423076923076986
108.4,24.097780165266432,24.097299011439297,24.0,1.5,0.9373724675381645,0.2884615384615404,0.014423076923076986
108.5,24.097299011439297,24.09682017499296,24.0,1.5,0.9373740082776054,0.2884615384615404,0.014423076923076986
108.60000000000001,24.09682017499296,24.096343645577246,24.0,1.5,0.9373755268627865,0.2884615384615404,0.014423076923076986
108.7,24.096343645577246,24.095869412874844,24.0,1.5,0.9373770236355284,0.2884615384615404,0.014423076923076986
108.80000000000001,24.095869412874844,24.09539746660143,24.0,1.5,0.9373784989322512,0.2884615384615404,0.014423076923076986
108.9,24.09539746660143,24.094927796505804,24.0,1.5,0.9373799530840567,0.2884615384615404,0.014423076923076986
109.0,24.094927796505804,24.094460392370003,24.0,1.5,0.9373813864168172,0.2884615384615404,0.014423076923076986
109.10000000000001,24.094460392370003,24.093995244009424,24.0,1.5,0.9373827992512545,0.2884615384615404,0.014423076923076986
109.2,24.093995244009424,24.09353234127294,24.0,1.5,0.9373841919030241,0.2884615384615404,0.014423076923076986
109.30000000000001,24.09353234127294,24.093071674043,24.0,1.5,0.9373855646827974,0.2884615384615404,0.014423076923076986
109.4,24.093071674043,24.09261323223573,24.0,1.5,0.9373869178963381,0.2884615384615404,0.014423076923076986
109.5,24.09261323223573,24.092157005801045,24.0,1.5,0.9373882518445815,0.2884615384615404,0.014423076923076986
109.60000000000001,24.092157005801045,24.091702984722723,24.0,1.5,0.937389566823712,0.2884615384615404,0.014423076923076986
109.7,24.091702984722723,24.091251159018505,24.0,1.5,0.9373908631252383,0.2884615384615404,0.014423076923076986
109.80000000000001,24.091251159018505,24.09080151874018,24.0,1.5,0.9373921410360676,0.2884615384615404,0.014423076923076986
109.9,24.09080151874018,24.090354053973652,24.0,1.5,0.9373934008385796,0.2884615384615404,0.014423076923076986
110.0,24.090354053973652,24.089908754839033,24.0,1.5,0.9373946428106972,0.2884615384615404,0.014423076923076986
110.10000000000001,24.089908754839033,24.089465611490695,24.0,1.5,0.9373958672259597,0.2884615384615404,0.014423076923076986
110.2,24.089465611490695,24.089024614117353,24.0,1.5,0.9373970743535891,0.2884615384615404,0.014423076923076986
110.30000000000001,24.089024614117353,24.088585752942112,24.0,1.5,0.9373982644585634,0.2884615384615404,0.014423076923076986
110.4,24.088585752942112,24.088149018222538,24.0,1.5,0.9373994378016798,0.2884615384615404,0.014423076923076986
110.5,24.088149018222538,24.087714400250704,24.0,1.5,0.9374005946396236,0.2884615384615404,0.014423076923076986
110.60000000000001,24.087714400250704,24.087281889353246,24.0,1.5,0.937401735225033,0.2884615384615404,0.014423076923076986
110.7,24.087281889353246,24.086851475891407,24.0,1.5,0.9374028598065642,0.2884615384615404,0.014423076923076986
110.80000000000001,24.086851475891407,24.08642315026108,24.0,1.5,0.9374039686289541,0.2884615384615404,0.014423076923076986
110.9,24.08642315026108,24.08599690289285,24.0,1.5,0.9374050619330824,0.2884615384615404,0.014423076923076986
111.0,24.08599690289285,24.085572724252017,24.0,1.5,0.9374061399560341,0.2884615384615404,0.014423076923076986
111.10000000000001,24.085572724252017,24.085150604838656,24.0,1.5,0.9374072029311579,0.2884615384615404,0.014423076923076986
111.2,24.085150604838656,24.084730535187614,24.0,1.5,0.9374082510881286,0.2884615384615404,0.014423076923076986
111.30000000000001,24.084730535187614,24.084312505868557,24.0,1.5,0.9374092846530023,0.2884615384615404,0.014423076923076986
111.4,24.084312505868557,24.083896507485978,24.0,1.5,0.9374103038482771,0.2884615384615404,0.014423076923076986
111.5,24.083896507485978,24.083482530679234,24.0,1.5,0.9374113088929457,0.2884615384615404,0.014423076923076986
111.60000000000001,24.083482530679234,24.08307056612254,24.0,1.5,0.9374123000025569,0.2884615384615404,0.014423076923076986
111.7,24.08307056612254,24.082660604525,24.0,1.5,0.9374132773892643,0.2884615384615404,0.014423076923076986
111.80000000000001,24.082660604525,24.0822526366306,24.0,1.5,0.9374142412618848,0.2884615384615404,0.014423076923076986
111.9,24.0822526366306,24.081846653218232,24.0,1.5,0.937415191825948,0.2884615384615404,0.014423076923076986
112.0,24.081846653218232,24.08144264510169,24.0,1.5,0.937416129283753,0.2884615384615404,0.014423076923076986
112.10000000000001,24.08144264510169,24.081040603129658,24.0,1.5,0.937417053834416,0.2884615384615404,0.014423076923076986
112.2,24.081040603129658,24.080640518185735,24.0,1.5,0.9374179656739211,0.2884615384615404,0.014423076923076986
112.30000000000001,24.080640518185735,24.08024238118841,24.0,1.5,0.9374188649951728,0.2884615384615404,0.014423076923076986
112.4,24.08024238118841,24.079846183091057,24.0,1.5,0.9374197519880427,0.2884615384615404,0.014423076923076986
112.5,24.079846183091057,24.079451914881933,24.0,1.5,0.9374206268394186,0.2884615384615404,0.014423076923076986
112.60000000000001,24.079451914881933,24.079059567584157,24.0,1.5,0.9374214897332509,0.2884615384615404,0.014423076923076986
112.7,24.079059567584157,24.0786691322557,24.0,1.5,0.9374223408506004,0.2884615384615404,0.014423076923076986
112.80000000000001,24.0786691322557,24.078280599989373,24.0,1.5,0.937423180369684,0.2884615384615404,0.014423076923076986
112.9,24.078280599989373,24.07789396191279,24.0,1.5,0.9374240084659202,0.2884615384615404,0.014423076923076986
113.0,24.07789396191279,24.077509209188364,24.0,1.5,0.9374248253119721,0.2884615384615404,0.014423076923076986
113.10000000000001,24.077509209188364,24.077126333013272,24.0,1.5,0.9374256310777942,0.2884615384615404,0.014423076923076986
113.2,24.077126333013272,24.07674532461943,24.0,1.5,0.9374264259306715,0.2884615384615404,0.014423076923076986
113.30000000000001,24.07674532461943,24.076366175273474,24.0,1.5,0.9374272100352646,0.2884615384615404,0.014423076923076986
113.4,24.076366175273474,24.075988876276707,24.0,1.5,0.9374279835536523,0.2884615384615404,0.014423076923076986
113.5,24.075988876276707,24.075613418965087,24.0,1.5,0.9374287466453686,0.2884615384615404,0.014423076923076986
113.60000000000001,24.075613418965087,24.075239794709184,24.0,1.5,0.9374294994674471,0.2884615384615404,0.014423076923076986
113.7,24.075239794709184,24.074867994914136,24.0,1.5,0.9374302421744594,0.2884615384615404,0.014423076923076986
113.80000000000001,24.074867994914136,24.074498011019624,24.0,1.5,0.9374309749185527,0.2884615384615404,0.014423076923076986
113.9,24.074498011019624,24.07412983449982,24.0,1.5,0.937431697849491,0.2884615384615404,0.014423076923076986
114.0,24.07412983449982,24.07376345686335,24.0,1.5,0.9374324111146918,0.2884615384615404,0.014423076923076986
114.10000000000001,24.07376345686335,24.07339886965324,24.0,1.5,0.9374331148592626,0.2884615384615404,0.014423076923076986
114.2,24.07339886965324,24.073036064446875,24.0,1.5,0.9374338092260381,0.2884615384615404,0.014423076923076986
114.30000000000001,24.073036064446875,24.072675032855958,24.0,1.5,0.9374344943556159,0.2884615384615404,0.014423076923076986
114.4,24.072675032855958,24.07231576652645,24.0,1.5,0.9374351703863938,0.2884615384615404,0.014423076923076986
114.5,24.07231576652645,24.071958257138522,24.0,1.5,0.9374358374546029,0.2884615384615404,0.014423076923076986
114.60000000000001,24.071958257138522,24.0716024964065,24.0,1.5,0.9374364956943425,0.2884615384615404,0.014423076923076986
114.7,24.0716024964065,24.071248476078804,24.0,1.5,0.9374371452376142,0.2884615384615404,0.014423076923076986
114.80000000000001,24.071248476078804,24.070896187937908,24.0,1.5,0.9374377862143544,0.2884615384615404,0.014423076923076986
114.9,24.070896187937908,24.070545623800268,24.0,1.5,0.9374384187524679,0.2884615384615404,0.014423076923076986
115.0,24.070545623800268,24.070196775516266,24.0,1.5,0.9374390429778604,0.2884615384615404,0.014423076923076986
115.10000000000001,24.070196775516266,24.069849634970147,24.0,1.5,0.9374396590144699,0.2884615384615404,0.014423076923076986
115.2,24.069849634970147,24.069504194079965,24.0,1.5,0.9374402669842965,0.2884615384615404,0.014423076923076986
115.30000000000001,24.069504194079965,24.069160444797504,24.0,1.5,0.9374408670074361,0.2884615384615404,0.014423076923076986
115.4,24.069160444797504,24.06881837910823,24.0,1.5,0.9374414592021073,0.2884615384615404,0.014423076923076986
115.5,24.06881837910823,24.068477989031212,24.0,1.5,0.9374420436846843,0.2884615384615404,0.014423076923076986
115.60000000000001,24.068477989031212,24.06813926661906,24.0,1.5,0.9374426205697243,0.2884615384615404,0.014423076923076986
115.7,24.06813926661906,24.067802203957854,24.0,1.5,0.9374431899699963,0.2884615384615404,0.014423076923076986
115.80000000000001,24.067802203957854,24.06746679316707,24.0,1.5,0.9374437519965108,0.2884615384615404,0.014423076923076986
115.9,24.06746679316707,24.06713302639952,24.0,1.5,0.9374443067585452,0.2884615384615404,0.014423076923076986
116.0,24.06713302639952,24.06680089584127,24.0,1.5,0.9374448543636742,0.2884615384615404,0.014423076923076986
116.10000000000001,24.06680089584127,24.066470393711562,24.0,1.5,0.9374453949177954,0.2884615384615404,0.014423076923076986
116.2,24.066470393711562,24.066141512262753,24.0,1.5,0.9374459285251564,0.2884615384615404,0.014423076923076986
116.30000000000001,24.066141512262753,24.06581424378023,24.0,1.5,0.937446455288379,0.2884615384615404,0.014423076923076986
116.4,24.06581424378023,24.065488580582333,24.0,1.5,0.9374469753084884,0.2884615384615404,0.014423076923076986
116.5,24.065488580582333,24.065164515020278,24.0,1.5,0.9374474886849345,0.2884615384615404,0.014423076923076986
116.60000000000001,24.065164515020278,24.064842039478084,24.0,1.5,0.9374479955156212,0.2884615384615404,0.014423076923076986
116.7,24.064842039478084,24.06452114637248,24.0,1.5,0.9374484958969277,0.2884615384615404,0.014423076923076986
116.80000000000001,24.06452114637248,24.06420182815284,24.0,1.5,0.9374489899237335,0.2884615384615404,0.014423076923076986
116.9,24.06420182815284,24.063884077301086,24.0,1.5,0.9374494776894419,0.2884615384615404,0.014423076923076986
117.0,24.063884077301086,24.063567886331622,24.0,1.5,0.9374499592860049,0.2884615384615404,0.014423076923076986
117.10000000000001,24.063567886331622,24.063253247791234,24.0,1.5,0.9374504348039455,0.2884615384615404,0.014423076923076986
117.2,24.063253247791234,24.062940154259014,24.0,1.5,0.9374509043323787,0.2884615384615404,0.014423076923076986
117.30000000000001,24.062940154259014,24.06262859834628,24.0,1.5,0.9374513679590348,0.2884615384615404,0.014423076923076986
117.4,24.06262859834628,24.062318572696476,24.0,1.5,0.9374518257702839,0.2884615384615404,0.014423076923076986
117.5,24.062318572696476,24.0620100699851,24.0,1.5,0.9374522778511529,0.2884615384615404,0.014423076923076986
117.60000000000001,24.0620100699851,24.061703082919603,24.0,1.5,0.9374527242853496,0.2884615384615404,0.014423076923076986
117.7,24.061703082919603,24.06139760423932,24.0,1.5,0.9374531651552829,0.2884615384615404,0.014423076923076986
117.80000000000001,24.06139760423932,24.061093626715362,24.0,1.5,0.937453600542085,0.2884615384615404,0.014423076923076986
117.9,24.061093626715362,24.060791143150528,24.0,1.5,0.9374540305256286,0.2884615384615404,0.014423076923076986
118.0,24.060791143150528,24.060490146379234,24.0,1.5,0.9374544551845475,0.2884615384615404,0.014423076923076986
118.10000000000001,24.060490146379234,24.0601906292674,24.0,1.5,0.9374548745962596,0.2884615384615404,0.014423076923076986
118.2,24.0601906292674,24.05989258471237,24.0,1.5,0.9374552888369816,0.2884615384615404,0.014423076923076986
118.30000000000001,24.05989258471237,24.059596005642817,24.0,1.5,0.9374556979817501,0.2884615384615404,0.014423076923076986
118.4,24.059596005642817,24.059300885018658,24.0,1.5,0.9374561021044412,0.2884615384615404,0.014423076923076986
118.5,24.059300885018658,24.059007215830945,24.0,1.5,0.9374565012777876,0.2884615384615404,0.014423076923076986
118.60000000000001,24.059007215830945,24.05871499110179,24.0,1.5,0.937456895573396,0.2884615384615404,0.014423076923076986
118.7,24.05871499110179,24.058424203884254,24.0,1.5,0.9374572850617675,0.2884615384615404,0.014423076923076986
118.80000000000001,24.058424203884254,24.058134847262263,24.0,1.5,0.937457669812311,0.2884615384615404,0.014423076923076986
118.9,24.058134847262263,24.057846914350513,24.0,1.5,0.937458049893365,0.2884615384615404,0.014423076923076986
119.0,24.057846914350513,24.05756039829437,24.0,1.5,0.937458425372212,0.2884615384615404,0.014423076923076986
119.10000000000001,24.05756039829437,24.05727529226977,24.0,1.5,0.9374587963150954,0.2884615384615404,0.014423076923076986
119.2,24.05727529226977,24.056991589483143,24.0,1.5,0.9374591627872348,0.2884615384615404,0.014423076923076986
119.30000000000001,24.056991589483143,24.056709283171283,24.0,1.5,0.9374595248528467,0.2884615384615404,0.014423076923076986
119.4,24.056709283171283,24.056428366601285,24.0,1.5,0.9374598825751533,0.2884615384615404,0.014423076923076986
119.5,24.056428366601285,24.05614883307042,24.0,1.5,0.9374602360164056,0.2884615384615404,0.014423076923076986
119.60000000000001,24.05614883307042,24.055870675906057,24.0,1.5,0.9374605852378923,0.2884615384615404,0.014423076923076986
119.7,24.055870675906057,24.055593888465555,24.0,1.5,0.9374609302999598,0.2884615384615404,0.014423076923076986
119.80000000000001,24.055593888465555,24.055318464136167,24.0,1.5,0.9374612712620249,0.2884615384615404,0.014423076923076986
119.9,24.055318464136167,24.05504439633494,24.0,1.5,0.9374616081825902,0.2884615384615404,0.014423076923076986
