time,temperature,next_temperature,setpoint,disturbance,command,kp,ki
0.0,28.0,28.009975041614634,24.0,0.0,1.0,0.5769230769230808,0.014641632709079297
0.1,28.009975041614634,28.019900332501663,24.0,0.0,1.0,0.5769230769230808,0.014641632709079297
0.2,28.019900332501663,28.029776120793873,24.0,0.0,1.0,0.5769230769230808,0.014641632709079297
0.30000000000000004,28.029776120793873,28.03960265338649,24.0,0.0,1.0,0.5769230769230808,0.014641632709079297
0.4,28.03960265338649,28.049380175943334,24.0,0.0,1.0,0.5769230769230808,0.014641632709079297
0.5,28.049380175943334,28.059108932902983,24.0,0.0,1.0,0.5769230769230808,0.014641632709079297
0.6000000000000001,28.059108932902983,28.068789167484866,24.0,0.0,1.0,0.5769230769230808,0.014641632709079297
0.7000000000000001,28.068789167484866,28.078421121695353,24.0,0.0,1.0,0.5769230769230808,0.014641632709079297
0.8,28.078421121695353,28.0880050363338,24.0,0.0,1.0,0.5769230769230808,0.014641632709079297
0.9,28.0880050363338,28.097541150998573,24.0,0.0,1.0,0.5769230769230808,0.014641632709079297
1.0,28.097541150998573,28.107029704093033,24.0,0.0,1.0,0.5769230769230808,0.014641632709079297
1.1,28.107029704093033,28.116470932831504,24.0,0.0,1.0,0.5769230769230808,0.014641632709079297
1.2000000000000002,28.116470932831504,28.125865073245194,24.0,0.0,1.0,0.5769230769230808,0.014641632709079297
1.3,28.125865073245194,28.135212360188106,24.0,0.0,1.0,0.5769230769230808,0.014641632709079297
1.4000000000000001,28.135212360188106,28.144513027342896,24.0,0.0,1.0,0.5769230769230808,0.014641632709079297
1.5,28.144513027342896,28.15376730722673,24.0,0.0,1.0,0.5769230769230808,0.014641632709079297
1.6,28.15376730722673,28.162975431197086,24.0,0.0,1.0,0.5769230769230808,0.014641632709079297
1.7000000000000002,28.162975431197086,28.172137629457545,24.0,0.0,1.0,0.5769230769230808,0.014641632709079297
1.8,28.172137629457545,28.18125413106354,24.0,0.0,1.0,0.5769230769230808,0.014641632709079297
1.9000000000000001,28.18125413106354,28.190325163928083,24.0,0.0,1.0,0.5769230769230808,0.014641632709079297
2.0,28.190325163928083,28.15945078836893,24.0,0.0,1.0,0.5769205742055641,0.015275427401446873
2.1,28.15945078836893,28.12873039940029,24.0,0.0,1.0,0.5769205742055641,0.015275427401446873
2.2,28.12873039940029,28.09816322901084,24.0,0.0,1.0,0.5769205742055641,0.015275427401446873
2.3000000000000003,28.09816322901084,28.06774851301973,24.0,0.0,1.0,0.5769205742055641,0.015275427401446873
2.4000000000000004,28.06774851301973,28.037485491057474,24.0,0.0,1.0,0.5769205742055641,0.015275427401446873
2.5,28.037485491057474,28.007373406546947,24.0,0.0,1.0,0.5769205742055641,0.015275427401446873
2.6,28.007373406546947,27.97741150668447,24.0,0.0,1.0,0.5769205742055641,0.015275427401446873
2.7,27.97741150668447,27.94759904242098,24.0,0.0,1.0,0.5769205742055641,0.015275427401446873
2.8000000000000003,27.94759904242098,27.917935268443323,24.0,0.0,1.0,0.5769205742055641,0.015275427401446873
2.9000000000000004,27.917935268443323,27.888419443155602,24.0,0.0,1.0,0.5769205742055641,0.015275427401446873
3.0,27.888419443155602,27.85905082866065,24.0,0.0,1.0,0.5769205742055641,0.015275427401446873
3.1,27.85905082866065,27.82982869074157,24.0,0.0,1.0,0.5769205742055641,0.015275427401446873
3.2,27.82982869074157,27.8007522988434,24.0,0.0,1.0,0.5769205742055641,0.015275427401446873
3.3000000000000003,27.8007522988434,27.771820926054822,24.0,0.0,1.0,0.5769205742055641,0.015275427401446873
3.4000000000000004,27.771820926054822,27.74303384909001,24.0,0.0,1.0,0.5769205742055641,0.015275427401446873
3.5,27.74303384909001,27.714390348270545,24.0,0.0,1.0,0.5769205742055641,0.015275427401446873
3.6,27.714390348270545,27.68588970750741,24.0,0.0,1.0,0.5769205742055641,0.015275427401446873
3.7,27.68588970750741,27.657531214283104,24.0,0.0,1.0,0.5769205742055641,0.015275427401446873
3.8000000000000003,27.657531214283104,27.629314159633818,24.0,0.0,1.0,0.5769205742055641,0.015275427401446873
3.9000000000000004,27.629314159633818,27.601237838131716,24.0,0.0,1.0,0.5769205742055641,0.015275427401446873
4.0,27.601237838131716,27.5733015478673,24.0,0.0,1.0,0.5769230769230808,0.028715085782112675
4.1000000000000005,27.5733015478673,27.545504590431854,24.0,0.0,1.0,0.5769230769230808,0.028715085782112675
4.2,27.545504590431854,27.517846270899998,24.0,0.0,1.0,0.5769230769230808,0.028715085782112675
4.3,27.517846270899998,27.490325897812305,24.0,0.0,1.0,0.5769230769230808,0.028715085782112675
4.4,27.490325897812305,27.46294278315801,24.0,0.0,1.0,0.5769230769230808,0.028715085782112675
4.5,27.46294278315801,27.43569624235782,24.0,0.0,1.0,0.5769230769230808,0.028715085782112675
4.6000000000000005,27.43569624235782,27.4085855942468,24.0,0.0,1.0,0.5769230769230808,0.028715085782112675
4.7,27.4085855942468,27.38161016105734,24.0,0.0,1.0,0.5769230769230808,0.028715085782112675
4.800000000000001,27.38161016105734,27.354769268402194,24.0,0.0,1.0,0.5769230769230808,0.028715085782112675
4.9,27.354769268402194,27.32806224525765,24.0,0.0,1.0,0.5769230769230808,0.028715085782112675
5.0,27.32806224525765,27.301488423946743,24.0,0.0,1.0,0.5769230769230808,0.028715085782112675
5.1000000000000005,27.301488423946743,27.275047140122556,24.0,0.0,1.0,0.5769230769230808,0.028715085782112675
5.2,27.275047140122556,27.248737732751614,24.0,0.0,1.0,0.5769230769230808,0.028715085782112675
5.300000000000001,27.248737732751614,27.22255954409736,24.0,0.0,1.0,0.5769230769230808,0.028715085782112675
5.4,27.22255954409736,27.19651191970372,24.0,0.0,1.0,0.5769230769230808,0.028715085782112675
5.5,27.19651191970372,27.170594208378724,24.0,0.0,1.0,0.5769230769230808,0.028715085782112675
5.6000000000000005,27.170594208378724,27.144805762178237,24.0,0.0,1.0,0.5769230769230808,0.028715085782112675
5.7,27.144805762178237,27.119145936389764,24.0,0.0,1.0,0.5769230769230808,0.028715085782112675
5.800000000000001,27.119145936389764,27.093614089516322,24.0,0.0,1.0,0.5769230769230808,0.028715085782112675
5.9,27.093614089516322,27.068209583260412,24.0,0.0,1.0,0.5769230769230808,0.028715085782112675
6.0,27.068209583260412,27.042931782508056,24.0,0.0,1.0,0.5769230769230808,0.028791989823561237
6.1000000000000005,27.042931782508056,27.01778005531291,24.0,0.0,1.0,0.5769230769230808,0.028791989823561237
6.2,27.01778005531291,26.992753772880494,24.0,0.0,1.0,0.5769230769230808,0.028791989823561237
6.300000000000001,26.992753772880494,26.96785230955244,24.0,0.0,1.0,0.5769230769230808,0.028791989823561237
6.4,26.96785230955244,26.943075042790866,24.0,0.0,1.0,0.5769230769230808,0.028791989823561237
6.5,26.943075042790866,26.918421353162813,24.0,0.0,1.0,0.5769230769230808,0.028791989823561237
6.6000000000000005,26.918421353162813,26.893890624324758,24.0,0.0,1.0,0.5769230769230808,0.028791989823561237
6.7,26.893890624324758,26.8694822430072,24.0,0.0,1.0,0.5769230769230808,0.028791989823561237
6.800000000000001,26.8694822430072,26.84519559899934,24.0,0.0,1.0,0.5769230769230808,0.028791989823561237
6.9,26.84519559899934,26.821030085133806,24.0,0.0,1.0,0.5769230769230808,0.028791989823561237
7.0,26.821030085133806,26.796985097271495,24.0,0.0,1.0,0.5769230769230808,0.028791989823561237
7.1000000000000005,26.796985097271495,26.77306003428646,24.0,0.0,1.0,0.5769230769230808,0.028791989823561237
7.2,26.77306003428646,26.74925429805088,24.0,0.0,1.0,0.5769230769230808,0.028791989823561237
7.300000000000001,26.74925429805088,26.725567293420106,24.0,0.0,1.0,0.5769230769230808,0.028791989823561237
7.4,26.725567293420106,26.70199842821779,24.0,0.0,1.0,0.5769230769230808,0.028791989823561237
7.5,26.70199842821779,26.67854711322108,24.0,0.0,1.0,0.5769230769230808,0.028791989823561237
7.6000000000000005,26.67854711322108,26.655212762145872,24.0,0.0,1.0,0.5769230769230808,0.028791989823561237
7.7,26.655212762145872,26.63199479163218,24.0,0.0,1.0,0.5769230769230808,0.028791989823561237
7.800000000000001,26.63199479163218,26.60889262122953,24.0,0.0,1.0,0.5769230769230808,0.028791989823561237
7.9,26.60889262122953,26.585905673382456,24.0,0.0,1.0,0.5769230769230808,0.028791989823561237
8.0,26.585905673382456,26.563033373416065,24.0,0.0,1.0,0.5769230769230808,0.02879667221424365
8.1,26.563033373416065,26.54027514952167,24.0,0.0,1.0,0.5769230769230808,0.02879667221424365
8.200000000000001,26.54027514952167,26.517630432742482,24.0,0.0,1.0,0.5769230769230808,0.02879667221424365
8.3,26.517630432742482,26.495098656959406,24.0,0.0,1.0,0.5769230769230808,0.02879667221424365
8.4,26.495098656959406,26.472679258876877,24.0,0.0,1.0,0.5769230769230808,0.02879667221424365
8.5,26.472679258876877,26.45037167800877,24.0,0.0,1.0,0.5769230769230808,0.02879667221424365
8.6,26.45037167800877,26.428175356664404,24.0,0.0,1.0,0.5769230769230808,0.02879667221424365
8.700000000000001,26.428175356664404,26.40608973993459,24.0,0.0,1.0,0.5769230769230808,0.02879667221424365
8.8,26.40608973993459,26.384114275677756,24.0,0.0,1.0,0.5769230769230808,0.02879667221424365
8.9,26.384114275677756,26.362248414506155,24.0,0.0,1.0,0.5769230769230808,0.02879667221424365
9.0,26.362248414506155,26.340491609772116,24.0,0.0,1.0,0.5769230769230808,0.02879667221424365
9.1,26.340491609772116,26.31884331755439,24.0,0.0,1.0,0.5769230769230808,0.02879667221424365
9.200000000000001,26.31884331755439,26.297302996644543,24.0,0.0,1.0,0.5769230769230808,0.02879667221424365
9.3,26.297302996644543,26.27587010853343,24.0,0.0,1.0,0.5769230769230808,0.02879667221424365
9.4,26.27587010853343,26.25454411739773,24.0,0.0,1.0,0.5769230769230808,0.02879667221424365
9.5,26.25454411739773,26.23332449008656,24.0,0.0,1.0,0.5769230769230808,0.02879667221424365
9.600000000000001,26.23332449008656,26.212210696108126,24.0,0.0,1.0,0.5769230769230808,0.02879667221424365
9.700000000000001,26.212210696108126,26.19120220761648,24.0,0.0,1.0,0.5769230769230808,0.02879667221424365
9.8,26.19120220761648,26.170298499398317,24.0,0.0,1.0,0.5769230769230808,0.02879667221424365
9.9,26.170298499398317,26.14949904885984,24.0,0.0,1.0,0.5769230769230808,0.02879667221424365
10.0,26.14949904885984,26.128803336013707,24.0,0.0,1.0,0.5769230769230808,0.02878347995808905
10.100000000000001,26.128803336013707,26.108210843466015,24.0,0.0,1.0,0.5769230769230808,0.02878347995808905
10.200000000000001,26.108210843466015,26.08772105640338,24.0,0.0,1.0,0.5769230769230808,0.02878347995808905
10.3,26.08772105640338,26.06733346258006,24.0,0.0,1.0,0.5769230769230808,0.02878347995808905
10.4,26.06733346258006,26.04704755230514,24.0,0.0,1.0,0.5769230769230808,0.02878347995808905
10.5,26.04704755230514,26.026862818429816,24.0,0.0,1.0,0.5769230769230808,0.02878347995808905
10.600000000000001,26.026862818429816,26.006778756334683,24.0,0.0,1.0,0.5769230769230808,0.02878347995808905
10.700000000000001,26.006778756334683,25.986794863917144,24.0,0.0,1.0,0.5769230769230808,0.02878347995808905
10.8,25.986794863917144,25.96691064157885,24.0,0.0,1.0,0.5769230769230808,0.02878347995808905
10.9,25.96691064157885,25.947125592213204,24.0,0.0,1.0,0.5769230769230808,0.02878347995808905
11.0,25.947125592213204,25.927439221192945,24.0,0.0,1.0,0.5769230769230808,0.02878347995808905
11.100000000000001,25.927439221192945,25.90785103635777,24.0,0.0,1.0,0.5769230769230808,0.02878347995808905
11.200000000000001,25.90785103635777,25.888360548002037,24.0,0.0,1.0,0.5769230769230808,0.02878347995808905
11.3,25.888360548002037,25.868967268862523,24.0,0.0,1.0,0.5769230769230808,0.02878347995808905
11.4,25.868967268862523,25.84967071410624,24.0,0.0,1.0,0.5769230769230808,0.02878347995808905
11.5,25.84967071410624,25.830470401318312,24.0,0.0,1.0,0.5769230769230808,0.02878347995808905
11.600000000000001,25.830470401318312,25.81136585048992,24.0,0.0,1.0,0.5769230769230808,0.02878347995808905
11.700000000000001,25.81136585048992,25.792356584006303,24.0,0.0,1.0,0.5769230769230808,0.02878347995808905
11.8,25.792356584006303,25.773442126634805,24.0,0.0,1.0,0.5769230769230808,0.02878347995808905
11.9,25.773442126634805,25.754622005513006,24.0,0.0,1.0,0.5769230769230808,0.02878347995808905
12.0,25.754622005513006,25.735895750136898,24.0,0.0,1.0,0.5769230769230808,0.02875083993303402
12.100000000000001,25.735895750136898,25.71726289234912,24.0,0.0,1.0,0.5769230769230808,0.02875083993303402
12.200000000000001,25.71726289234912,25.698722966327257,24.0,0.0,0.9956658667939696,0.5769230769230808,0.02875083993303402
12.3,25.698722966327257,25.680275508572194,24.0,0.0,0.989853726837055,0.5769230769230808,0.02875083993303402
12.4,25.680275508572194,25.66192005789653,24.0,0.0,0.9840418959666314,0.5769230769230808,0.02875083993303402
12.5,25.66192005789653,25.643656155413037,24.0,0.0,0.978230372641126,0.5769230769230808,0.02875083993303402
12.600000000000001,25.643656155413037,25.625483344523204,24.0,0.0,0.9724191553266485,0.5769230769230808,0.02875083993303402
12.700000000000001,25.625483344523204,25.60740117090581,24.0,0.0,0.9666082424969645,0.5769230769230808,0.02875083993303402
12.8,25.60740117090581,25.589409182505577,24.0,0.0,0.9607976326334486,0.5769230769230808,0.02875083993303402
12.9,25.589409182505577,25.571506929521853,24.0,0.0,0.9549873242250531,0.5769230769230808,0.02875083993303402
13.0,25.571506929521853,25.553693964397382,24.0,0.0,0.9491773157682613,0.5769230769230808,0.02875083993303402
13.100000000000001,25.553693964397382,25.535969841807113,24.0,0.0,0.9433676057670594,0.5769230769230808,0.02875083993303402
13.200000000000001,25.535969841807113,25.51833411864705,24.0,0.0,0.9375581927328954,0.5769230769230808,0.02875083993303402
13.3,25.51833411864705,25.5007863540232,24.0,0.0,0.9317490751846375,0.5769230769230808,0.02875083993303402
13.4,25.5007863540232,25.483326109240537,24.0,0.0,0.9259402516485447,0.5769230769230808,0.02875083993303402
13.5,25.483326109240537,25.465952947792026,24.0,0.0,0.9201317206582259,0.5769230769230808,0.02875083993303402
13.600000000000001,25.465952947792026,25.44866643534773,24.0,0.0,0.9143234807546023,0.5769230769230808,0.02875083993303402
13.700000000000001,25.44866643534773,25.431466139743932,24.0,0.0,0.9085155304858735,0.5769230769230808,0.02875083993303402
13.8,25.431466139743932,25.414351630972355,24.0,0.0,0.9027078684074784,0.5769230769230808,0.02875083993303402
13.9,25.414351630972355,25.397322481169383,24.0,0.0,0.8969004930820642,0.5769230769230808,0.02875083993303402
14.0,25.397322481169383,25.380378264605383,24.0,0.0,0.8910971735634416,0.5769230769230808,0.02877782356816695
14.100000000000001,25.380378264605383,25.36351855767406,24.0,0.0,0.8852940922229029,0.5769230769230808,0.02877782356816695
14.200000000000001,25.36351855767406,25.346915871518235,24.0,0.0,0.8794912478725283,0.5769230769230808,0.02877782356816695
14.3,25.346915871518235,25.33062789695683,24.0,0.0,0.8737889058214936,0.5769230769230808,0.02877782356816695
14.4,25.33062789695683,25.31465305202662,24.0,0.0,0.8682212549060339,0.5769230769230808,0.02877782356816695
14.5,25.31465305202662,25.29898976271596,24.0,0.0,0.8627882835739858,0.5769230769230808,0.02877782356816695
14.600000000000001,25.29898976271596,25.283636462924818,24.0,0.0,0.8574899803309715,0.5769230769230808,0.02877782356816695
14.700000000000001,25.283636462924818,25.26859159442503,24.0,0.0,0.8523263337401158,0.5769230769230808,0.02877782356816695
14.8,25.26859159442503,25.253853606820705,24.0,0.0,0.8472973324217568,0.5769230769230808,0.02877782356816695
14.9,25.253853606820705,25.239420957508887,24.0,0.0,0.8424029650531556,0.5769230769230808,0.02877782356816695
15.0,25.239420957508887,25.225292111640368,24.0,0.0,0.8376432203682178,0.5769230769230808,0.02877782356816695
15.100000000000001,25.225292111640368,25.211465542080724,24.0,0.0,0.8330180871572048,0.5769230769230808,0.02877782356816695
15.200000000000001,25.211465542080724,25.19793972937154,24.0,0.0,0.8285275542664553,0.5769230769230808,0.02877782356816695
15.3,25.19793972937154,25.184713161691835,24.0,0.0,0.8241716105981033,0.5769230769230808,0.02877782356816695
15.4,25.184713161691835,25.17178433481966,24.0,0.0,0.8199502451098016,0.5769230769230808,0.02877782356816695
15.5,25.17178433481966,25.159151752093916,24.0,0.0,0.8158634468144379,0.5769230769230808,0.02877782356816695
15.600000000000001,25.159151752093916,25.146813924376353,24.0,0.0,0.8119112047798659,0.5769230769230808,0.02877782356816695
15.700000000000001,25.146813924376353,25.134769370013753,24.0,0.0,0.8080935081286248,0.5769230769230808,0.02877782356816695
15.8,25.134769370013753,25.123016614800314,24.0,0.0,0.8044103460376679,0.5769230769230808,0.02877782356816695
15.9,25.123016614800314,25.11155419194022,24.0,0.0,0.8008617077380908,0.5769230769230808,0.02877782356816695
16.0,25.11155419194022,25.100380491567446,24.0,0.0,0.7974473719937598,0.5769230769230808,0.028775929633492552
16.1,25.100380491567446,25.089494064169237,24.0,0.0,0.7941674535536245,0.5769230769230808,0.028775929633492552
16.2,25.089494064169237,25.078893467509705,24.0,0.0,0.7910219428150145,0.5769230769230808,0.028775929633492552
16.3,25.078893467509705,25.068573265943623,24.0,0.0,0.7880108302232859,0.5769230769230808,0.028775929633492552
16.400000000000002,25.068573265943623,25.058526686795897,24.0,0.0,0.7851317866922184,0.5769230769230808,0.028775929633492552
16.5,25.058526686795897,25.048746991631226,24.0,0.0,0.7823816922832021,0.5769230769230808,0.028775929633492552
16.6,25.048746991631226,25.039227476081024,24.0,0.0,0.7797574274208823,0.5769230769230808,0.028775929633492552
16.7,25.039227476081024,25.02996146967121,24.0,0.0,0.7772558728913322,0.5769230769230808,0.028775929633492552
16.8,25.02996146967121,25.02094233565089,24.0,0.0,0.7748739098402405,0.5769230769230808,0.028775929633492552
16.900000000000002,25.02094233565089,25.012163470821875,24.0,0.0,0.7726084197711099,0.5769230769230808,0.028775929633492552
17.0,25.012163470821875,25.003618305369088,24.0,0.0,0.7704562845434589,0.5769230769230808,0.028775929633492552
17.1,25.003618305369088,24.995300302691813,24.0,0.0,0.7684143863710386,0.5769230769230808,0.028775929633492552
17.2,24.995300302691813,24.987202959235795,24.0,0.0,0.7664796078200564,0.5769230769230808,0.028775929633492552
17.3,24.987202959235795,24.9793198043262,24.0,0.0,0.7646488318074017,0.5769230769230808,0.028775929633492552
17.400000000000002,24.9793198043262,24.971644400001406,24.0,0.0,0.7629189415988941,0.5769230769230808,0.028775929633492552
17.5,24.971644400001406,24.964170340847655,24.0,0.0,0.7612868208075274,0.5769230769230808,0.028775929633492552
17.6,24.964170340847655,24.956891253834513,24.0,0.0,0.7597493533917339,0.5769230769230808,0.028775929633492552
17.7,24.956891253834513,24.94980079815118,24.0,0.0,0.7583034236536457,0.5769230769230808,0.028775929633492552
17.8,24.94980079815118,24.942892665043626,24.0,0.0,0.756945916237374,0.5769230769230808,0.028775929633492552
17.900000000000002,24.942892665043626,24.936160577652537,24.0,0.0,0.7556737161272927,0.5769230769230808,0.028775929633492552
18.0,24.936160577652537,24.929598299251932,24.0,0.0,0.7544724562998399,0.576914925254507,0.028737249562851987
18.1,24.929598299251932,24.92319961964313,24.0,0.0,0.7533579897787366,0.576914925254507,0.028737249562851987
18.2,24.92319961964313,24.91695835998408,24.0,0.0,0.7523195177970974,0.576914925254507,0.028737249562851987
18.3,24.91695835998408,24.91086837263108,24.0,0.0,0.7513539280703637,0.576914925254507,0.028737249562851987
18.400000000000002,24.91086837263108,24.90492363353285,24.0,0.0,0.7504581086461273,0.576914925254507,0.028737249562851987
18.5,24.90492363353285,24.89911827316926,24.0,0.0,0.7496290015628305,0.576914925254507,0.028737249562851987
18.6,24.89911827316926,24.89344657576612,24.0,0.0,0.748863621142854,0.576914925254507,0.028737249562851987
18.7,24.89344657576612,24.88790297851392,24.0,0.0,0.7481590539813414,0.576914925254507,0.028737249562851987
18.8,24.88790297851392,24.8824820707906,24.0,0.0,0.7475124589350632,0.576914925254507,0.028737249562851987
18.900000000000002,24.8824820707906,24.877178593388216,24.0,0.0,0.746921067111358,0.576914925254507,0.028737249562851987
19.0,24.877178593388216,24.871987437743552,24.0,0.0,0.7463821818571105,0.576914925254507,0.028737249562851987
19.1,24.871987437743552,24.866903645172652,24.0,0.0,0.7458931787477958,0.576914925254507,0.028737249562851987
19.200000000000003,24.866903645172652,24.861922406109223,24.0,0.0,0.7454515055765727,0.576914925254507,0.028737249562851987
19.3,24.861922406109223,24.85703905934692,24.0,0.0,0.745054682343437,0.576914925254507,0.028737249562851987
19.400000000000002,24.85703905934692,24.85224909128548,24.0,0.0,0.7447003012444281,0.576914925254507,0.028737249562851987
19.5,24.85224909128548,24.847548135180666,24.0,0.0,0.7443860266608886,0.576914925254507,0.028737249562851987
19.6,24.847548135180666,24.842931970398055,24.0,0.0,0.7441095951487775,0.576914925254507,0.028737249562851987
19.700000000000003,24.842931970398055,24.838396521670585,24.0,0.0,0.7438688154280384,0.576914925254507,0.028737249562851987
19.8,24.838396521670585,24.833937858359892,24.0,0.0,0.7436615683720219,0.576914925254507,0.028737249562851987
19.900000000000002,24.833937858359892,24.829552193721394,24.0,0.0,0.7434858069969582,0.576914925254507,0.028737249562851987
20.0,24.829552193721394,24.82523633314361,24.0,0.0,0.7429709269240412,0.5764702856824213,0.02873992817663733
20.1,24.82523633314361,24.820986465409966,24.0,0.0,0.7428546848381308,0.5764702856824213,0.02873992817663733
20.200000000000003,24.820986465409966,24.816799229185,24.0,0.0,0.7427642715765916,0.5764702856824213,0.02873992817663733
20.3,24.816799229185,24.81267140407866,24.0,0.0,0.7426979294319173,0.5764702856824213,0.02873992817663733
20.400000000000002,24.81267140407866,24.80859990993007,24.0,0.0,0.7426539726920606,0.5764702856824213,0.02873992817663733
20.5,24.80859990993007,24.804581803953898,24.0,0.0,0.742630787630571,0.5764702856824213,0.02873992817663733
20.6,24.804581803953898,24.80061427717105,24.0,0.0,0.7426268312563713,0.5764702856824213,0.02873992817663733
20.700000000000003,24.80061427717105,24.79669465085761,24.0,0.0,0.7426406296407189,0.5764702856824213,0.02873992817663733
20.8,24.79669465085761,24.792820373011942,24.0,0.0,0.7426707762444777,0.5764702856824213,0.02873992817663733
20.900000000000002,24.792820373011942,24.788989014839853,24.0,0.0,0.7427159302457063,0.5764702856824213,0.02873992817663733
21.0,24.788989014839853,24.785198267257712,24.0,0.0,0.7427748148675556,0.5764702856824213,0.02873992817663733
21.1,24.785198267257712,24.781445937413473,24.0,0.0,0.7428462157064697,0.5764702856824213,0.02873992817663733
21.200000000000003,24.781445937413473,24.77772994522546,24.0,0.0,0.7429289790607052,0.5764702856824213,0.02873992817663733
21.3,24.77772994522546,24.77404831993886,24.0,0.0,0.7430220102591475,0.5764702856824213,0.02873992817663733
21.400000000000002,24.77404831993886,24.770399196699824,24.0,0.0,0.7431242719904347,0.5764702856824213,0.02873992817663733
21.5,24.770399196699824,24.76678081314707,24.0,0.0,0.7432347826323864,0.5764702856824213,0.02873992817663733
21.6,24.76678081314707,24.763191506020917,24.0,0.0,0.743352614581728,0.5764702856824213,0.02873992817663733
21.700000000000003,24.763191506020917,24.759629707789678,24.0,0.0,0.7434768925841193,0.5764702856824213,0.02873992817663733
21.8,24.759629707789678,24.756093943293262,24.0,0.0,0.7436067920644855,0.5764702856824213,0.02873992817663733
21.900000000000002,24.756093943293262,24.752582826403966,24.0,0.0,0.7437415374576348,0.5764702856824213,0.02873992817663733
22.0,24.752582826403966,24.749109765083826,24.0,0.0,0.740784558386617,0.572364370391552,0.028662849378375013
22.1,24.749109765083826,24.745658663807863,24.0,0.0,0.7409438638672309,0.572364370391552,0.028662849378375013
22.200000000000003,24.745658663807863,24.742228382475506,24.0,0.0,0.7411058466550969,0.572364370391552,0.028662849378375013
22.3,24.742228382475506,24.738817856805287,24.0,0.0,0.741269913873162,0.572364370391552,0.028662849378375013
22.400000000000002,24.738817856805287,24.735426095084048,24.0,0.0,0.7414355129899892,0.572364370391552,0.028662849378375013
22.5,24.735426095084048,24.73205217493278,24.0,0.0,0.7416021301671257,0.572364370391552,0.028662849378375013
22.6,24.73205217493278,24.728695240138457,24.0,0.0,0.7417692886067144,0.572364370391552,0.028662849378375013
22.700000000000003,24.728695240138457,24.72535449756844,24.0,0.0,0.7419365469277994,0.572364370391552,0.028662849378375013
22.8,24.72535449756844,24.72202921416699,24.0,0.0,0.7421034975810442,0.572364370391552,0.028662849378375013
22.900000000000002,24.72202921416699,24.718718714033535,24.0,0.0,0.7422697653018463,0.572364370391552,0.028662849378375013
23.0,24.718718714033535,24.71542237558216,24.0,0.0,0.7424350056018562,0.572364370391552,0.028662849378375013
23.1,24.71542237558216,24.712139628782044,24.0,0.0,0.7425989032988609,0.572364370391552,0.028662849378375013
23.200000000000003,24.712139628782044,24.708869952478288,24.0,0.0,0.7427611710850721,0.572364370391552,0.028662849378375013
23.3,24.708869952478288,24.705612871792827,24.0,0.0,0.742921548133763,0.572364370391552,0.028662849378375013
23.400000000000002,24.705612871792827,24.702367955604956,24.0,0.0,0.7430797987442783,0.572364370391552,0.028662849378375013
23.5,24.702367955604956,24.69913481411108,24.0,0.0,0.7432357110254044,0.572364370391552,0.028662849378375013
23.6,24.69913481411108,24.695913096463283,24.0,0.0,0.7433890956170797,0.572364370391552,0.028662849378375013
23.700000000000003,24.695913096463283,24.692702488486308,24.0,0.0,0.7435397844504555,0.572364370391552,0.028662849378375013
23.8,24.692702488486308,24.68950271047253,24.0,0.0,0.7436876295462912,0.572364370391552,0.028662849378375013
23.900000000000002,24.68950271047253,24.686313515054565,24.0,0.0,0.7438325018516689,0.572364370391552,0.028662849378375013
24.0,24.686313515054565,24.683258209772248,24.0,0.0,0.7373184125980414,0.5626767301004076,0.0285591204549807
24.1,24.683258209772248,24.680211786573405,24.0,0.0,0.7375505887638032,0.5626767301004076,0.0285591204549807
24.200000000000003,24.680211786573405,24.677174094333456,24.0,0.0,0.7377790623545412,0.5626767301004076,0.0285591204549807
24.3,24.677174094333456,24.67414500633745,24.0,0.0,0.738003773270821,0.5626767301004076,0.0285591204549807
24.400000000000002,24.67414500633745,24.671124418548526,24.0,0.0,0.7382246747860541,0.5626767301004076,0.0285591204549807
24.5,24.671124418548526,24.668112247950944,24.0,0.0,0.7384417326369614,0.5626767301004076,0.0285591204549807
24.6,24.668112247950944,24.66510843096733,24.0,0.0,0.7386549241512772,0.5626767301004076,0.0285591204549807
24.700000000000003,24.66510843096733,24.66211292194857,24.0,0.0,0.7388642374126787,0.5626767301004076,0.0285591204549807
24.8,24.66211292194857,24.659125691734513,24.0,0.0,0.7390696704622894,0.5626767301004076,0.0285591204549807
24.900000000000002,24.659125691734513,24.65614672628357,24.0,0.0,0.7392712305359087,0.5626767301004076,0.0285591204549807
25.0,24.65614672628357,24.65317602536932,24.0,0.0,0.7394689333360975,0.5626767301004076,0.0285591204549807
25.1,24.65317602536932,24.6502136013423,24.0,0.0,0.7396628023382434,0.5626767301004076,0.0285591204549807
25.200000000000003,24.6502136013423,24.647259477955075,24.0,0.0,0.7398528681297702,0.5626767301004076,0.0285591204549807
25.3,24.647259477955075,24.644313689248772,24.0,0.0,0.7400391677815872,0.5626767301004076,0.0285591204549807
25.400000000000002,24.644313689248772,24.641376278499234,24.0,0.0,0.7402217442509631,0.5626767301004076,0.0285591204549807
25.5,24.641376278499234,24.63844729722096,24.0,0.0,0.7404006458149136,0.5626767301004076,0.0285591204549807
25.6,24.63844729722096,24.635526804227016,24.0,0.0,0.7405759255332783,0.5626767301004076,0.0285591204549807
25.700000000000003,24.635526804227016,24.63261486474311,24.0,0.0,0.7407476407405936,0.5626767301004076,0.0285591204549807
25.8,24.63261486474311,24.629711549574036,24.0,0.0,0.7409158525659207,0.5626767301004076,0.0285591204549807
25.900000000000002,24.629711549574036,24.62681693432068,24.0,0.0,0.7410806254797526,0.5626767301004076,0.0285591204549807
26.0,24.62681693432068,24.624196669266674,24.0,0.0,0.73126699242578,0.5467779641984012,0.028408857456807563
26.1,24.624196669266674,24.621580208971483,24.0,0.0,0.7316075606541115,0.5467779641984012,0.028408857456807563
26.200000000000003,24.621580208971483,24.618967682192153,24.0,0.0,0.7319427761759658,0.5467779641984012,0.028408857456807563
26.3,24.618967682192153,24.61635921944153,24.0,0.0,0.7322727205675266,0.5467779641984012,0.028408857456807563
26.400000000000002,24.61635921944153,24.613754952445923,24.0,0.0,0.7325974767357843,0.5467779641984012,0.028408857456807563
26.5,24.613754952445923,24.611155013641763,24.0,0.0,0.7329171286254414,0.5467779641984012,0.028408857456807563
26.6,24.611155013641763,24.608559535709578,24.0,0.0,0.7332317609457187,0.5467779641984012,0.028408857456807563
26.700000000000003,24.608559535709578,24.605968651143613,24.0,0.0,0.7335414589162318,0.5467779641984012,0.028408857456807563
26.8,24.605968651143613,24.603382491855452,24.0,0.0,0.7338463080311437,0.5467779641984012,0.028408857456807563
26.900000000000002,24.603382491855452,24.600801188810063,24.0,0.0,0.734146393840776,0.5467779641984012,0.028408857456807563
27.0,24.600801188810063,24.598224871692686,24.0,0.0,0.7344418017499177,0.5467779641984012,0.028408857456807563
27.1,24.598224871692686,24.59565366860508,24.0,0.0,0.7347326168320522,0.5467779641984012,0.028408857456807563
27.200000000000003,24.59565366860508,24.593087705789657,24.0,0.0,0.7350189236587734,0.5467779641984012,0.028408857456807563
27.3,24.593087705789657,24.590527107380048,24.0,0.0,0.7353008061436632,0.5467779641984012,0.028408857456807563
27.400000000000002,24.590527107380048,24.587971995176765,24.0,0.0,0.7355783473999217,0.5467779641984012,0.028408857456807563
27.5,24.587971995176765,24.585422488446582,24.0,0.0,0.7358516296110695,0.5467779641984012,0.028408857456807563
27.6,24.585422488446582,24.582878703744324,24.0,0.0,0.7361207339140587,0.5467779641984012,0.028408857456807563
27.700000000000003,24.582878703744324,24.58034075475584,24.0,0.0,0.7363857402941272,0.5467779641984012,0.028408857456807563
27.8,24.58034075475584,24.577808752160916,24.0,0.0,0.7366467274907886,0.5467779641984012,0.028408857456807563
27.900000000000002,24.577808752160916,24.575282803514927,24.0,0.0,0.7369037729143337,0.5467779641984012,0.028408857456807563
28.0,24.575282803514927,24.573161018682786,24.0,0.0,0.729367227179062,0.5332662285745396,0.028119326063903907
28.1,24.573161018682786,24.571036227567642,24.0,0.0,0.7298474411409255,0.5332662285745396,0.028119326063903907
28.200000000000003,24.571036227567642,24.568908658737275,24.0,0.0,0.7303200771841718,0.5332662285745396,0.028119326063903907
28.3,24.568908658737275,24.566778536364573,24.0,0.0,0.7307852493855302,0.5332662285745396,0.028119326063903907
28.400000000000002,24.566778536364573,24.564646080196354,24.0,0.0,0.7312430701084431,0.5332662285745396,0.028119326063903907
28.5,24.564646080196354,24.56251150553404,24.0,0.0,0.731693649973991,0.5332662285745396,0.028119326063903907
28.6,24.56251150553404,24.560375023225316,24.0,0.0,0.732137097838089,0.5332662285745396,0.028119326063903907
28.700000000000003,24.560375023225316,24.558236839665984,24.0,0.0,0.7325735207745132,0.5332662285745396,0.028119326063903907
28.8,24.558236839665984,24.556097156811216,24.0,0.0,0.7330030240633734,0.5332662285745396,0.028119326063903907
28.900000000000002,24.556097156811216,24.553956172195452,24.0,0.0,0.7334257111846241,0.5332662285745396,0.028119326063903907
29.0,24.553956172195452,24.55181407896026,24.0,0.0,0.7338416838162473,0.5332662285745396,0.028119326063903907
29.1,24.55181407896026,24.549671065889463,24.0,0.0,0.7342510418367545,0.5332662285745396,0.028119326063903907
29.200000000000003,24.549671065889463,24.5475273174509,24.0,0.0,0.7346538833316689,0.5332662285745396,0.028119326063903907
29.3,24.5475273174509,24.545383013844212,24.0,0.0,0.7350503046036536,0.5332662285745396,0.028119326063903907
29.400000000000002,24.545383013844212,24.543238331054056,24.0,0.0,0.7354404001859964,0.5332662285745396,0.028119326063903907
29.5,24.543238331054056,24.541093440908227,24.0,0.0,0.735824262859133,0.5332662285745396,0.028119326063903907
29.6,24.541093440908227,24.538948511140145,24.0,0.0,0.7362019836699543,0.5332662285745396,0.028119326063903907
29.700000000000003,24.538948511140145,24.536803705455235,24.0,0.0,0.7365736519536121,0.5332662285745396,0.028119326063903907
29.8,24.536803705455235,24.534659183600716,24.0,0.0,0.7369393553575956,0.5332662285745396,0.028119326063903907
29.900000000000002,24.534659183600716,24.53251510143838,24.0,0.0,0.7372991798678139,0.5332662285745396,0.028119326063903907
30.0,24.53251510143838,24.530682422359803,24.0,0.0,0.7301696475724222,0.5192639291818518,0.02760992487475006
30.1,24.530682422359803,24.528839723189247,24.0,0.0,0.7306832136145206,0.5192639291818518,0.02760992487475006
30.200000000000003,24.528839723189247,24.526987356262346,24.0,0.0,0.7311864889057214,0.5192639291818518,0.02760992487475006
30.3,24.526987356262346,24.52512566760577,24.0,0.0,0.731679629708607,0.5192639291818518,0.02760992487475006
30.400000000000002,24.52512566760577,24.523254997037053,24.0,0.0,0.7321627899651203,0.5192639291818518,0.02760992487475006
30.5,24.523254997037053,24.521375678265084,24.0,0.0,0.7326361213312563,0.5192639291818518,0.02760992487475006
30.6,24.521375678265084,24.519488038991,24.0,0.0,0.7330997732123804,0.5192639291818518,0.02760992487475006
30.700000000000003,24.519488038991,24.517592401009264,24.0,0.0,0.7335538927990286,0.5192639291818518,0.02760992487475006
30.8,24.517592401009264,24.515689080308682,24.0,0.0,0.7339986251030868,0.5192639291818518,0.02760992487475006
30.900000000000002,24.515689080308682,24.5137783871732,24.0,0.0,0.7344341129942149,0.5192639291818518,0.02760992487475006
31.0,24.5137783871732,24.511860626282246,24.0,0.0,0.734860497236436,0.5192639291818518,0.02760992487475006
31.1,24.511860626282246,24.509936096810478,24.0,0.0,0.7352779165247673,0.5192639291818518,0.02760992487475006
31.200000000000003,24.509936096810478,24.50800509252679,24.0,0.0,0.7356865075218166,0.5192639291818518,0.02760992487475006
31.3,24.50800509252679,24.506067901892408,24.0,0.0,0.7360864048942677,0.5192639291818518,0.02760992487475006
31.400000000000002,24.506067901892408,24.504124808157954,24.0,0.0,0.736477741349161,0.5192639291818518,0.02760992487475006
31.5,24.504124808157954,24.502176089459375,24.0,0.0,0.7368606476699138,0.5192639291818518,0.02760992487475006
31.6,24.502176089459375,24.500222018912627,24.0,0.0,0.7372352527520067,0.5192639291818518,0.02760992487475006
31.700000000000003,24.500222018912627,24.498262864707,24.0,0.0,0.7376016836382909,0.5192639291818518,0.02760992487475006
31.8,24.498262864707,24.49629889019705,24.0,0.0,0.7379600655538485,0.5192639291818518,0.02760992487475006
31.900000000000002,24.49629889019705,24.49433035399298,24.0,0.0,0.7383105219403743,0.5192639291818518,0.02760992487475006
32.0,24.49433035399298,24.492656105429543,24.0,0.0,0.7353519561171824,0.5126414381801859,0.02705321110139033
32.1,24.492656105429543,24.490969715845086,24.0,0.0,0.7358264598878088,0.5126414381801859,0.02705321110139033
32.2,24.490969715845086,24.48927165639588,24.0,0.0,0.7362901774426156,0.5126414381801859,0.02705321110139033
32.300000000000004,24.48927165639588,24.48756238965338,24.0,0.0,0.7367433187450989,0.5126414381801859,0.02705321110139033
32.4,24.48756238965338,24.485842369739665,24.0,0.0,0.7371860906092301,0.5126414381801859,0.02705321110139033
32.5,24.485842369739665,24.48411204246076,24.0,0.0,0.737618696746021,0.5126414381801859,0.02705321110139033
32.6,24.48411204246076,24.482371845437928,24.0,0.0,0.7380413378093835,0.5126414381801859,0.02705321110139033
32.7,24.482371845437928,24.480622208236856,24.0,0.0,0.7384542114412812,0.5126414381801859,0.02705321110139033
32.800000000000004,24.480622208236856,24.47886355249477,24.0,0.0,0.7388575123161747,0.5126414381801859,0.02705321110139033
32.9,24.47886355249477,24.47709629204544,24.0,0.0,0.7392514321847276,0.5126414381801859,0.02705321110139033
33.0,24.47709629204544,24.475320833042137,24.0,0.0,0.7396361599167851,0.5126414381801859,0.02705321110139033
33.1,24.475320833042137,24.473537574078467,24.0,0.0,0.7400118815436187,0.5126414381801859,0.02705321110139033
33.2,24.473537574078467,24.471746906307185,24.0,0.0,0.7403787802994338,0.5126414381801859,0.02705321110139033
33.300000000000004,24.471746906307185,24.469949213556944,24.0,0.0,0.7407370366621367,0.5126414381801859,0.02705321110139033
33.4,24.469949213556944,24.46814487244701,24.0,0.0,0.7410868283933759,0.5126414381801859,0.02705321110139033
33.5,24.46814487244701,24.46633425249997,24.0,0.0,0.7414283305778455,0.5126414381801859,0.02705321110139033
33.6,24.46633425249997,24.464517716252455,24.0,0.0,0.7417617156618661,0.5126414381801859,0.02705321110139033
33.7,24.464517716252455,24.462695619363917,24.0,0.0,0.7420871534912455,0.5126414381801859,0.02705321110139033
33.800000000000004,24.462695619363917,24.460868310723434,24.0,0.0,0.7424048113484355,0.5126414381801859,0.02705321110139033
33.9,24.460868310723434,24.45903613255466,24.0,0.0,0.7427148539889736,0.5126414381801859,0.02705321110139033
34.0,24.45903613255466,24.45733113968145,24.0,0.0,0.73991320266534,0.5058893392876156,0.02694900035855019
34.1,24.45733113968145,24.45561571771624,24.0,0.0,0.7402831266519462,0.5058893392876156,0.02694900035855019
34.2,24.45561571771624,24.453890349046144,24.0,0.0,0.7406431517813752,0.5058893392876156,0.02694900035855019
34.300000000000004,24.453890349046144,24.452155505274796,24.0,0.0,0.7409934952827525,0.5058893392876156,0.02694900035855019
34.4,24.452155505274796,24.450411647401772,24.0,0.0,0.7413343702008747,0.5058893392876156,0.02694900035855019
34.5,24.450411647401772,24.448659225999304,24.0,0.0,0.7416659854584119,0.5058893392876156,0.02694900035855019
34.6,24.448659225999304,24.446898681386266,24.0,0.0,0.741988545917196,0.5058893392876156,0.02694900035855019
34.7,24.446898681386266,24.445130443799478,24.0,0.0,0.7423022524386111,0.5058893392876156,0.02694900035855019
34.800000000000004,24.445130443799478,24.443354933562404,24.0,0.0,0.7426073019430829,0.5058893392876156,0.02694900035855019
34.9,24.443354933562404,24.441572561251256,24.0,0.0,0.7429038874687048,0.5058893392876156,0.02694900035855019
35.0,24.441572561251256,24.439783727858543,24.0,0.0,0.7431921982290025,0.5058893392876156,0.02694900035855019
35.1,24.439783727858543,24.437988824954147,24.0,0.0,0.743472419669842,0.5058893392876156,0.02694900035855019
35.2,24.437988824954147,24.4361882348439,24.0,0.0,0.7437447335255243,0.5058893392876156,0.02694900035855019
35.300000000000004,24.4361882348439,24.43438233072579,24.0,0.0,0.7440093178740443,0.5058893392876156,0.02694900035855019
35.4,24.43438233072579,24.43257147684374,24.0,0.0,0.744266347191564,0.5058893392876156,0.02694900035855019
35.5,24.43257147684374,24.430756028639102,24.0,0.0,0.7445159924060841,0.5058893392876156,0.02694900035855019
35.6,24.430756028639102,24.428936332899813,24.0,0.0,0.7447584209503529,0.5058893392876156,0.02694900035855019
35.7,24.428936332899813,24.42711272790732,24.0,0.0,0.7449937968140106,0.5058893392876156,0.02694900035855019
35.800000000000004,24.42711272790732,24.425285543581296,24.0,0.0,0.745222280594989,0.5058893392876156,0.02694900035855019
35.9,24.425285543581296,24.423455101622146,24.0,0.0,0.7454440295501853,0.5058893392876156,0.02694900035855019
36.0,24.423455101622146,24.421745575384527,24.0,0.0,0.7445071878135094,0.503182440690824,0.02681298094364099
36.1,24.421745575384527,24.420029815415948,24.0,0.0,0.7447778098364244,0.503182440690824,0.02681298094364099
36.2,24.420029815415948,24.418308247773318,24.0,0.0,0.7450406946914458,0.503182440690824,0.02681298094364099
36.300000000000004,24.418308247773318,24.416581287721105,24.0,0.0,0.7452960411908245,0.503182440690824,0.02681298094364099
36.4,24.416581287721105,24.41484933995211,24.0,0.0,0.7455440438296905,0.503182440690824,0.02681298094364099
36.5,24.41484933995211,24.413112798804672,24.0,0.0,0.7457848928688003,0.503182440690824,0.02681298094364099
36.6,24.413112798804672,24.411372048476345,24.0,0.0,0.7460187744160651,0.503182440690824,0.02681298094364099
36.7,24.411372048476345,24.409627463234074,24.0,0.0,0.7462458705068783,0.503182440690824,0.02681298094364099
36.800000000000004,24.409627463234074,24.407879407620992,24.0,0.0,0.7464663591832479,0.503182440690824,0.02681298094364099
36.9,24.407879407620992,24.406128236659814,24.0,0.0,0.7466804145717788,0.503182440690824,0.02681298094364099
37.0,24.406128236659814,24.404374296052914,24.0,0.0,0.7468882069604897,0.503182440690824,0.02681298094364099
37.1,24.404374296052914,24.40261792237915,24.0,0.0,0.7470899028744997,0.503182440690824,0.02681298094364099
37.2,24.40261792237915,24.40085944328746,24.0,0.0,0.7472856651506019,0.503182440690824,0.02681298094364099
37.300000000000004,24.40085944328746,24.39909917768728,24.0,0.0,0.7474756530107354,0.503182440690824,0.02681298094364099
37.4,24.39909917768728,24.397337435935853,24.0,0.0,0.7476600221343683,0.503182440690824,0.02681298094364099
37.5,24.397337435935853,24.395574520022453,24.0,0.0,0.7478389247298128,0.503182440690824,0.02681298094364099
37.6,24.395574520022453,24.393810723749585,24.0,0.0,0.748012509604491,0.503182440690824,0.02681298094364099
37.7,24.393810723749585,24.392046332911185,24.0,0.0,0.7481809222341576,0.503182440690824,0.02681298094364099
37.800000000000004,24.392046332911185,24.39028162546791,24.0,0.0,0.7483443048310963,0.503182440690824,0.02681298094364099
37.9,24.39028162546791,24.388516871719503,24.0,0.0,0.7485027964113162,0.503182440690824,0.02681298094364099
38.0,24.388516871719503,24.386798299858373,24.0,0.0,0.7472379336534841,0.4995355889363417,0.02676830406832056
38.1,24.386798299858373,24.385077501546398,24.0,0.0,0.7474148392970772,0.4995355889363417,0.02676830406832056
38.2,24.385077501546398,24.383354796602337,24.0,0.0,0.7475860264639902,0.4995355889363417,0.02676830406832056
38.300000000000004,24.383354796602337,24.381630495317197,24.0,0.0,0.747751649811345,0.4995355889363417,0.02676830406832056
38.400000000000006,24.381630495317197,24.379904898674024,24.0,0.0,0.7479118600674083,0.4995355889363417,0.02676830406832056
38.5,24.379904898674024,24.37817829856326,24.0,0.0,0.7480668041164695,0.4995355889363417,0.02676830406832056
38.6,24.37817829856326,24.37645097799381,24.0,0.0,0.7482166250820794,0.4995355889363417,0.02676830406832056
38.7,24.37645097799381,24.374723211299813,24.0,0.0,0.7483614624087125,0.4995355889363417,0.02676830406832056
38.800000000000004,24.374723211299813,24.372995264343263,24.0,0.0,0.7485014519418356,0.4995355889363417,0.02676830406832056
38.900000000000006,24.372995264343263,24.37126739471248,24.0,0.0,0.7486367260064434,0.4995355889363417,0.02676830406832056
39.0,24.37126739471248,24.36953985191653,24.0,0.0,0.7487674134840561,0.4995355889363417,0.02676830406832056
39.1,24.36953985191653,24.367812877575684,24.0,0.0,0.7488936398882161,0.4995355889363417,0.02676830406832056
39.2,24.367812877575684,24.36608670560789,24.0,0.0,0.7490155274385017,0.4995355889363417,0.02676830406832056
39.300000000000004,24.36608670560789,24.36436156241146,24.0,0.0,0.7491331951330733,0.4995355889363417,0.02676830406832056
39.400000000000006,24.36436156241146,24.362637667043895,24.0,0.0,0.7492467588197883,0.4995355889363417,0.02676830406832056
39.5,24.362637667043895,24.360915231397005,24.0,0.0,0.7493563312658928,0.4995355889363417,0.02676830406832056
39.6,24.360915231397005,24.35919446036835,24.0,0.0,0.749462022226311,0.4995355889363417,0.02676830406832056
39.7,24.35919446036835,24.357475552029047,24.0,0.0,0.7495639385105669,0.4995355889363417,0.02676830406832056
39.800000000000004,24.357475552029047,24.35575869778804,24.0,0.0,0.7496621840483362,0.4995355889363417,0.02676830406832056
39.900000000000006,24.35575869778804,24.35404408255285,24.0,0.0,0.749756859953671,0.4995355889363417,0.02676830406832056
40.0,24.35404408255285,24.352388487231405,24.0,0.0,0.7489166175349953,0.49691177215242516,0.026697684420181347
40.1,24.352388487231405,24.350734090661447,24.0,0.0,0.7490347283923897,0.49691177215242516,0.026697684420181347
40.2,24.350734090661447,24.34908111503235,24.0,0.0,0.749149018067757,0.49691177215242516,0.026697684420181347
40.300000000000004,24.34908111503235,24.347429775254472,24.0,0.0,0.7492596007631962,0.49691177215242516,0.026697684420181347
40.400000000000006,24.347429775254472,24.34578027915221,24.0,0.0,0.7493665876375362,0.49691177215242516,0.026697684420181347
40.5,24.34578027915221,24.344132827652725,24.0,0.0,0.7494700868833545,0.49691177215242516,0.026697684420181347
40.6,24.344132827652725,24.34248761497041,24.0,0.0,0.7495702038023409,0.49691177215242516,0.026697684420181347
40.7,24.34248761497041,24.340844828787137,24.0,0.0,0.7496670408790336,0.49691177215242516,0.026697684420181347
40.800000000000004,24.340844828787137,24.33920465042846,24.0,0.0,0.7497606978529574,0.49691177215242516,0.026697684420181347
40.900000000000006,24.33920465042846,24.33756725503578,24.0,0.0,0.7498512717892007,0.49691177215242516,0.026697684420181347
41.0,24.33756725503578,24.33593281173458,24.0,0.0,0.7499388571474628,0.49691177215242516,0.026697684420181347
41.1,24.33593281173458,24.334301483798814,24.0,0.0,0.7500235458495884,0.49691177215242516,0.026697684420181347
41.2,24.334301483798814,24.33267342881153,24.0,0.0,0.7501054273456313,0.49691177215242516,0.026697684420181347
41.300000000000004,24.33267342881153,24.331048798821765,24.0,0.0,0.7501845886784764,0.49691177215242516,0.026697684420181347
41.400000000000006,24.331048798821765,24.329427740497877,24.0,0.0,0.7502611145470337,0.49691177215242516,0.026697684420181347
41.5,24.329427740497877,24.32781039527727,24.0,0.0,0.7503350873680547,0.49691177215242516,0.026697684420181347
41.6,24.32781039527727,24.32619689951269,24.0,0.0,0.7504065873365781,0.49691177215242516,0.026697684420181347
41.7,24.32619689951269,24.324587384615104,24.0,0.0,0.7504756924850432,0.49691177215242516,0.026697684420181347
41.800000000000004,24.324587384615104,24.322981977193248,24.0,0.0,0.7505424787410997,0.49691177215242516,0.026697684420181347
41.900000000000006,24.322981977193248,24.321380799189928,24.0,0.0,0.7506070199841298,0.49691177215242516,0.026697684420181347
42.0,24.321380799189928,24.319821132907588,24.0,0.0,0.749612929160568,0.4936302289271977,0.026640619540968954
42.1,24.319821132907588,24.318264532850414,24.0,0.0,0.7496950540488618,0.4936302289271977,0.026640619540968954
42.2,24.318264532850414,24.31671113619134,24.0,0.0,0.7497745456395959,0.4936302289271977,0.026640619540968954
42.300000000000004,24.31671113619134,24.31516107486247,24.0,0.0,0.7498514801795291,0.4936302289271977,0.026640619540968954
42.400000000000006,24.31516107486247,24.313614475702636,24.0,0.0,0.7499259316798608,0.4936302289271977,0.026640619540968954
42.5,24.313614475702636,24.312071460601157,24.0,0.0,0.7499979719755068,0.4936302289271977,0.026640619540968954
42.6,24.312071460601157,24.31053214663787,24.0,0.0,0.7500676707828725,0.4936302289271977,0.026640619540968954
42.7,24.31053214663787,24.308996646219523,24.0,0.0,0.7501350957561655,0.4936302289271977,0.026640619540968954
42.800000000000004,24.308996646219523,24.30746506721261,24.0,0.0,0.7502003125422768,0.4936302289271977,0.026640619540968954
42.900000000000006,24.30746506721261,24.305937513072735,24.0,0.0,0.7502633848342499,0.4936302289271977,0.026640619540968954
43.0,24.305937513072735,24.30441408297054,24.0,0.0,0.7503243744233922,0.4936302289271977,0.026640619540968954
43.1,24.30441408297054,24.302894871914365,24.0,0.0,0.7503833412500236,0.4936302289271977,0.026640619540968954
43.2,24.302894871914365,24.301379970869622,24.0,0.0,0.7504403434529341,0.4936302289271977,0.026640619540968954
43.300000000000004,24.301379970869622,24.299869466875002,24.0,0.0,0.750495437417536,0.4936302289271977,0.026640619540968954
43.400000000000006,24.299869466875002,24.29836344315559,24.0,0.0,0.7505486778227733,0.4936302289271977,0.026640619540968954
43.5,24.29836344315559,24.296861979232947,24.0,0.0,0.7506001176867947,0.4936302289271977,0.026640619540968954
43.6,24.296861979232947,24.29536515103221,24.0,0.0,0.7506498084114265,0.4936302289271977,0.026640619540968954
43.7,24.29536515103221,24.293873030986344,24.0,0.0,0.7506977998254636,0.4936302289271977,0.026640619540968954
43.800000000000004,24.293873030986344,24.29238568813752,24.0,0.0,0.7507441402268211,0.4936302289271977,0.026640619540968954
43.900000000000006,24.29238568813752,24.290903188235763,24.0,0.0,0.7507888764235534,0.4936302289271977,0.026640619540968954
44.0,24.290903188235763,24.289467746722448,24.0,0.0,0.7499045270350718,0.49044896995418585,0.02656883068034073
44.1,24.289467746722448,24.288036187706833,24.0,0.0,0.7499695981784456,0.49044896995418585,0.02656883068034073
44.2,24.288036187706833,24.286608596893895,24.0,0.0,0.7500327700039082,0.49044896995418585,0.02656883068034073
44.300000000000004,24.286608596893895,24.28518505651889,24.0,0.0,0.7500940950884272,0.49044896995418585,0.02656883068034073
44.400000000000006,24.28518505651889,24.28376564545387,24.0,0.0,0.7501536245257395,0.49044896995418585,0.02656883068034073
44.5,24.28376564545387,24.28235043931128,24.0,0.0,0.7502114079696538,0.49044896995418585,0.02656883068034073
44.6,24.28235043931128,24.28093951054476,24.0,0.0,0.7502674936762064,0.49044896995418585,0.02656883068034073
44.7,24.28093951054476,24.27953292854716,24.0,0.0,0.7503219285446954,0.49044896995418585,0.02656883068034073
44.800000000000004,24.27953292854716,24.27813075974592,24.0,0.0,0.7503747581576314,0.49044896995418585,0.02656883068034073
44.900000000000006,24.27813075974592,24.276733067695805,24.0,0.0,0.7504260268196304,0.49044896995418585,0.02656883068034073
45.0,24.276733067695805,24.27533991316911,24.0,0.0,0.7504757775952642,0.49044896995418585,0.02656883068034073
45.1,24.27533991316911,24.273951354243408,24.0,0.0,0.7505240523459122,0.49044896995418585,0.02656883068034073
45.2,24.273951354243408,24.272567446386855,24.0,0.0,0.750570891765636,0.49044896995418585,0.02656883068034073
45.300000000000004,24.272567446386855,24.271188242541175,24.0,0.0,0.7506163354160804,0.49044896995418585,0.02656883068034073
45.400000000000006,24.271188242541175,24.26981379320234,24.0,0.0,0.7506604217604673,0.49044896995418585,0.02656883068034073
45.5,24.26981379320234,24.268444146499043,24.0,0.0,0.750703188196662,0.49044896995418585,0.02656883068034073
45.6,24.268444146499043,24.267079348268993,24.0,0.0,0.7507446710893757,0.49044896995418585,0.02656883068034073
45.7,24.267079348268993,24.265719442133104,24.0,0.0,0.7507849058014899,0.49044896995418585,0.02656883068034073
45.800000000000004,24.265719442133104,24.26436446956764,24.0,0.0,0.7508239267245598,0.49044896995418585,0.02656883068034073
45.900000000000006,24.26436446956764,24.26301446997434,24.0,0.0,0.7508617673084951,0.49044896995418585,0.02656883068034073
46.0,24.26301446997434,24.26170648921991,24.0,0.0,0.7500013292626013,0.4870450765544942,0.026498203027190814
46.1,24.26170648921991,24.26040243569726,24.0,0.0,0.7500577588444167,0.4870450765544942,0.026498203027190814
46.2,24.26040243569726,24.25910236560233,24.0,0.0,0.7501126456576335,0.4870450765544942,0.026498203027190814
46.300000000000004,24.25910236560233,24.257806332752974,24.0,0.0,0.7501660276275788,0.4870450765544942,0.026498203027190814
46.400000000000006,24.257806332752974,24.256514388659962,24.0,0.0,0.750217941663945,0.4870450765544942,0.026498203027190814
46.5,24.256514388659962,24.255226582595963,24.0,0.0,0.7502684236892707,0.4870450765544942,0.026498203027190814
46.6,24.255226582595963,24.253942961662478,24.0,0.0,0.7503175086665993,0.4870450765544942,0.026498203027190814
46.7,24.253942961662478,24.252663570854793,24.0,0.0,0.7503652306263289,0.4870450765544942,0.026498203027190814
46.800000000000004,24.252663570854793,24.25138845312503,24.0,0.0,0.7504116226922654,0.4870450765544942,0.026498203027190814
46.900000000000006,24.25138845312503,24.250117649443332,24.0,0.0,0.7504567171069174,0.4870450765544942,0.026498203027190814
47.0,24.250117649443332,24.248851198857206,24.0,0.0,0.750500545256042,0.4870450765544942,0.026498203027190814
47.1,24.248851198857206,24.247589138549145,24.0,0.0,0.7505431376924576,0.4870450765544942,0.026498203027190814
47.2,24.247589138549145,24.24633150389249,24.0,0.0,0.7505845241591618,0.4870450765544942,0.026498203027190814
47.300000000000004,24.24633150389249,24.24507832850563,24.0,0.0,0.7506247336117463,0.4870450765544942,0.026498203027190814
47.400000000000006,24.24507832850563,24.24382964430461,24.0,0.0,0.750663794240149,0.4870450765544942,0.026498203027190814
47.5,24.24382964430461,24.2425854815541,24.0,0.0,0.7507017334897539,0.4870450765544942,0.026498203027190814
47.6,24.2425854815541,24.241345868916873,24.0,0.0,0.7507385780818526,0.4870450765544942,0.026498203027190814
47.7,24.241345868916873,24.240110833501756,24.0,0.0,0.7507743540334892,0.4870450765544942,0.026498203027190814
47.800000000000004,24.240110833501756,24.238880400910144,24.0,0.0,0.7508090866767017,0.4870450765544942,0.026498203027190814
47.900000000000006,24.238880400910144,24.237654595281086,24.0,0.0,0.7508428006771782,0.4870450765544942,0.026498203027190814
48.0,24.237654595281086,24.236469235004368,24.0,0.0,0.7500904250224849,0.48374908099575253,0.026423029252624835
48.1,24.236469235004368,24.235287535186988,24.0,0.0,0.7501418314293602,0.48374908099575253,0.026423029252624835
48.2,24.235287535186988,24.23410953912905,24.0,0.0,0.7501918861711921,0.48374908099575253,0.026423029252624835
48.300000000000004,24.23410953912905,24.232935288401475,24.0,0.0,0.7502406199808211,0.48374908099575253,0.026423029252624835
48.400000000000006,24.232935288401475,24.231764822895144,24.0,0.0,0.7502880628644376,0.48374908099575253,0.026423029252624835
48.5,24.231764822895144,24.230598180868668,24.0,0.0,0.7503342441209218,0.48374908099575253,0.026423029252624835
48.6,24.230598180868668,24.229435398994806,24.0,0.0,0.7503791923606324,0.48374908099575253,0.026423029252624835
48.7,24.229435398994806,24.228276512405596,24.0,0.0,0.7504229355236758,0.48374908099575253,0.026423029252624835
48.800000000000004,24.228276512405596,24.22712155473621,24.0,0.0,0.7504655008976654,0.48374908099575253,0.026423029252624835
48.900000000000006,24.22712155473621,24.22597055816758,24.0,0.0,0.750506915134981,0.48374908099575253,0.026423029252624835
49.0,24.22597055816758,24.224823553467843,24.0,0.0,0.7505472042695467,0.48374908099575253,0.026423029252624835
49.1,24.224823553467843,24.22368057003261,24.0,0.0,0.7505863937331462,0.48374908099575253,0.026423029252624835
49.2,24.22368057003261,24.22254163592413,24.0,0.0,0.7506245083712803,0.48374908099575253,0.026423029252624835
49.300000000000004,24.22254163592413,24.221406777909365,24.0,0.0,0.750661572458584,0.48374908099575253,0.026423029252624835
49.400000000000006,24.221406777909365,24.220276021496986,24.0,0.0,0.7506976097138234,0.48374908099575253,0.026423029252624835
49.5,24.220276021496986,24.219149390973367,24.0,0.0,0.7507326433144713,0.48374908099575253,0.026423029252624835
49.6,24.219149390973367,24.21802690943757,24.0,0.0,0.7507666959108875,0.48374908099575253,0.026423029252624835
49.7,24.21802690943757,24.21690859883536,24.0,0.0,0.7507997896401032,0.48374908099575253,0.026423029252624835
49.800000000000004,24.21690859883536,24.215794479992304,24.0,0.0,0.7508319461392341,0.48374908099575253,0.026423029252624835
49.900000000000006,24.215794479992304,24.21468457264593,24.0,0.0,0.750863186558525,0.48374908099575253,0.026423029252624835
50.0,24.21468457264593,24.213610220899398,24.0,0.0,0.7502016230250887,0.4805334574567176,0.026350188262674722
50.1,24.213610220899398,24.212539176380364,24.0,0.0,0.7502482280193564,0.4805334574567176,0.026350188262674722
50.2,24.212539176380364,24.211471476525624,24.0,0.0,0.7502936000246169,0.4805334574567176,0.026350188262674722
50.300000000000004,24.211471476525624,24.21040715735901,24.0,0.0,0.7503377658437561,0.4805334574567176,0.026350188262674722
50.400000000000006,24.21040715735901,24.209346253527432,24.0,0.0,0.7503807516956087,0.4805334574567176,0.026350188262674722
50.5,24.209346253527432,24.208288798335968,24.0,0.0,0.7504225832286442,0.4805334574567176,0.026350188262674722
50.6,24.208288798335968,24.207234823782027,24.0,0.0,0.7504632855343002,0.4805334574567176,0.026350188262674722
50.7,24.207234823782027,24.20618436058862,24.0,0.0,0.7505028831599476,0.4805334574567176,0.026350188262674722
50.800000000000004,24.20618436058862,24.205137438236736,24.0,0.0,0.7505414001215212,0.4805334574567176,0.026350188262674722
50.900000000000006,24.205137438236736,24.204094084996903,24.0,0.0,0.7505788599158083,0.4805334574567176,0.026350188262674722
51.0,24.204094084996903,24.20305432795989,24.0,0.0,0.7506152855324193,0.4805334574567176,0.026350188262674722
51.1,24.20305432795989,24.20201819306661,24.0,0.0,0.7506506994654378,0.4805334574567176,0.026350188262674722
51.2,24.20201819306661,24.200985705137267,24.0,0.0,0.7506851237247577,0.4805334574567176,0.026350188262674722
51.300000000000004,24.200985705137267,24.1999568878997,24.0,0.0,0.7507185798471352,0.4805334574567176,0.026350188262674722
51.400000000000006,24.1999568878997,24.19893176401703,24.0,0.0,0.7507510889069331,0.4805334574567176,0.026350188262674722
51.5,24.19893176401703,24.197910355114555,24.0,0.0,0.7507826715265999,0.4805334574567176,0.026350188262674722
51.6,24.197910355114555,24.19689268180597,24.0,0.0,0.7508133478868569,0.4805334574567176,0.026350188262674722
51.7,24.19689268180597,24.19587876371888,24.0,0.0,0.7508431377366342,0.4805334574567176,0.026350188262674722
51.800000000000004,24.19587876371888,24.19486861951968,24.0,0.0,0.7508720604027326,0.4805334574567176,0.026350188262674722
51.900000000000006,24.19486861951968,24.193862266937764,24.0,0.0,0.7509001347992447,0.4805334574567176,0.026350188262674722
52.0,24.193862266937764,24.192887330055395,24.0,0.0,0.7503251430500129,0.4774336828720817,0.026282766233964486
52.1,24.192887330055395,24.191915396143983,24.0,0.0,0.7503666366042299,0.4774336828720817,0.026282766233964486
52.2,24.191915396143983,24.190946499422616,24.0,0.0,0.7504070093667513,0.4774336828720817,0.026282766233964486
52.300000000000004,24.190946499422616,24.18998067287027,24.0,0.0,0.7504462856574978,0.4774336828720817,0.026282766233964486
52.400000000000006,24.18998067287027,24.18901794825531,24.0,0.0,0.750484489290998,0.4774336828720817,0.026282766233964486
52.5,24.18901794825531,24.188058356164262,24.0,0.0,0.7505216435872871,0.4774336828720817,0.026282766233964486
52.6,24.188058356164262,24.187101926029968,24.0,0.0,0.7505577713825449,0.4774336828720817,0.026282766233964486
52.7,24.187101926029968,24.18614868615901,24.0,0.0,0.7505928950394957,0.4774336828720817,0.026282766233964486
52.800000000000004,24.18614868615901,24.18519866375857,24.0,0.0,0.7506270364575522,0.4774336828720817,0.026282766233964486
52.900000000000006,24.18519866375857,24.18425188496259,24.0,0.0,0.7506602170827392,0.4774336828720817,0.026282766233964486
53.0,24.18425188496259,24.183308374857386,24.0,0.0,0.7506924579173725,0.4774336828720817,0.026282766233964486
53.1,24.183308374857386,24.182368157506644,24.0,0.0,0.7507237795295293,0.4774336828720817,0.026282766233964486
53.2,24.182368157506644,24.181431255975827,24.0,0.0,0.750754202062291,0.4774336828720817,0.026282766233964486
53.300000000000004,24.181431255975827,24.180497692356035,24.0,0.0,0.7507837452427791,0.4774336828720817,0.026282766233964486
53.400000000000006,24.180497692356035,24.179567487787324,24.0,0.0,0.7508124283909826,0.4774336828720817,0.026282766233964486
53.5,24.179567487787324,24.178640662481474,24.0,0.0,0.750840270428392,0.4774336828720817,0.026282766233964486
53.6,24.178640662481474,24.17771723574424,24.0,0.0,0.750867289886429,0.4774336828720817,0.026282766233964486
53.7,24.17771723574424,24.176797225997106,24.0,0.0,0.75089350491469,0.4774336828720817,0.026282766233964486
53.800000000000004,24.176797225997106,24.17588065079854,24.0,0.0,0.7509189332890073,0.4774336828720817,0.026282766233964486
53.900000000000006,24.17588065079854,24.17496752686475,24.0,0.0,0.7509435924193282,0.4774336828720817,0.026282766233964486
54.0,24.17496752686475,24.17408189942209,24.0,0.0,0.7503553998276871,0.4739388663820409,0.026247323564771396
54.1,24.17408189942209,24.173199033465007,24.0,0.0,0.7503925849555662,0.4739388663820409,0.026247323564771396
54.2,24.173199033465007,24.17231895994031,24.0,0.0,0.7504287615719444,0.4739388663820409,0.026247323564771396
54.300000000000004,24.17231895994031,24.171441708670088,24.0,0.0,0.7504639516731061,0.4739388663820409,0.026247323564771396
54.400000000000006,24.171441708670088,24.170567308377496,24.0,0.0,0.7504981768005612,0.4739388663820409,0.026247323564771396
54.5,24.170567308377496,24.16969578671195,24.0,0.0,0.7505314580503818,0.4739388663820409,0.026247323564771396
54.6,24.16969578671195,24.1688271702738,24.0,0.0,0.7505638160823269,0.4739388663820409,0.026247323564771396
54.7,24.1688271702738,24.16796148463845,24.0,0.0,0.7505952711287791,0.4739388663820409,0.026247323564771396
54.800000000000004,24.16796148463845,24.167098754379957,24.0,0.0,0.7506258430034903,0.4739388663820409,0.026247323564771396
54.900000000000006,24.167098754379957,24.16623900309411,24.0,0.0,0.7506555511101346,0.4739388663820409,0.026247323564771396
55.0,24.16623900309411,24.165382253421022,24.0,0.0,0.7506844144506789,0.4739388663820409,0.026247323564771396
55.1,24.165382253421022,24.164528527067215,24.0,0.0,0.7507124516335842,0.4739388663820409,0.026247323564771396
55.2,24.164528527067215,24.16367784482724,24.0,0.0,0.7507396808818175,0.4739388663820409,0.026247323564771396
55.300000000000004,24.16367784482724,24.16283022660482,24.0,0.0,0.7507661200407091,0.4739388663820409,0.026247323564771396
55.400000000000006,24.16283022660482,24.161985691433532,24.0,0.0,0.7507917865856332,0.4739388663820409,0.026247323564771396
55.5,24.161985691433532,24.161144257497057,24.0,0.0,0.7508166976295244,0.4739388663820409,0.026247323564771396
55.6,24.161144257497057,24.160305942148973,24.0,0.0,0.7508408699302488,0.4739388663820409,0.026247323564771396
55.7,24.160305942148973,24.15947076193214,24.0,0.0,0.7508643198978013,0.4739388663820409,0.026247323564771396
55.800000000000004,24.15947076193214,24.15863873259765,24.0,0.0,0.7508870636013667,0.4739388663820409,0.026247323564771396
55.900000000000006,24.15863873259765,24.157809869123373,24.0,0.0,0.7509091167762216,0.4739388663820409,0.026247323564771396
56.0,24.157809869123373,24.157008608605235,24.0,0.0,0.750450514498052,0.47090215630493737,0.026199321965455033
56.1,24.157008608605235,24.15620986069781,24.0,0.0,0.7504845511011187,0.47090215630493737,0.026199321965455033
56.2,24.15620986069781,24.15541365310918,24.0,0.0,0.7505176782326285,0.47090215630493737,0.026199321965455033
56.300000000000004,24.15541365310918,24.15462001253157,24.0,0.0,0.750549915595839,0.47090215630493737,0.026199321965455033
56.400000000000006,24.15462001253157,24.153828964664573,24.0,0.0,0.7505812824855738,0.47090215630493737,0.026199321965455033
56.5,24.153828964664573,24.153040534237864,24.0,0.0,0.7506117977965504,0.47090215630493737,0.026199321965455033
56.6,24.153040534237864,24.152254745033453,24.0,0.0,0.7506414800315429,0.47090215630493737,0.026199321965455033
56.7,24.152254745033453,24.151471619907458,24.0,0.0,0.7506703473093747,0.47090215630493737,0.026199321965455033
56.800000000000004,24.151471619907458,24.150691180811435,24.0,0.0,0.7506984173727455,0.47090215630493737,0.026199321965455033
56.900000000000006,24.150691180811435,24.149913448813244,24.0,0.0,0.7507257075959071,0.47090215630493737,0.026199321965455033
57.0,24.149913448813244,24.149138444117483,24.0,0.0,0.7507522349921726,0.47090215630493737,0.026199321965455033
57.1,24.149138444117483,24.148366186085504,24.0,0.0,0.7507780162212784,0.47090215630493737,0.026199321965455033
57.2,24.148366186085504,24.14759669325499,24.0,0.0,0.7508030675965996,0.47090215630493737,0.026199321965455033
57.300000000000004,24.14759669325499,24.146829983359137,24.0,0.0,0.7508274050922117,0.47090215630493737,0.026199321965455033
57.400000000000006,24.146829983359137,24.146066073345427,24.0,0.0,0.7508510443498151,0.47090215630493737,0.026199321965455033
57.5,24.146066073345427,24.14530497939401,24.0,0.0,0.7508740006855169,0.47090215630493737,0.026199321965455033
57.6,24.14530497939401,24.144546716935686,24.0,0.0,0.7508962890964762,0.47090215630493737,0.026199321965455033
57.7,24.144546716935686,24.143791300669545,24.0,0.0,0.7509179242674117,0.47090215630493737,0.026199321965455033
57.800000000000004,24.143791300669545,24.14303874458019,24.0,0.0,0.7509389205769851,0.47090215630493737,0.026199321965455033
57.900000000000006,24.14303874458019,24.142289061954642,24.0,0.0,0.750959292104046,0.47090215630493737,0.026199321965455033
58.0,24.142289061954642,24.141561416694024,24.0,0.0,0.7505513036852308,0.4678999043673513,0.026159871527452583
58.1,24.141561416694024,24.140836042513158,24.0,0.0,0.7505811613847705,0.4678999043673513,0.026159871527452583
58.2,24.140836042513158,24.14011296437305,24.0,0.0,0.7506101841527701,0.4678999043673513,0.026159871527452583
58.300000000000004,24.14011296437305,24.13939220632405,24.0,0.0,0.7506383896748963,0.4678999043673513,0.026159871527452583
58.400000000000006,24.13939220632405,24.138673791526696,24.0,0.0,0.7506657952736342,0.4678999043673513,0.026159871527452583
58.5,24.138673791526696,24.137957742272107,24.0,0.0,0.7506924179157122,0.4678999043673513,0.026159871527452583
58.6,24.137957742272107,24.137244080001956,24.0,0.0,0.7507182742193734,0.4678999043673513,0.026159871527452583
58.7,24.137244080001956,24.136532825328036,24.0,0.0,0.7507433804614947,0.4678999043673513,0.026159871527452583
58.800000000000004,24.136532825328036,24.1358239980514,24.0,0.0,0.7507677525845728,0.4678999043673513,0.026159871527452583
58.900000000000006,24.1358239980514,24.13511761718111,24.0,0.0,0.7507914062035588,0.4678999043673513,0.026159871527452583
59.0,24.13511761718111,24.134413700952578,24.0,0.0,0.750814356612558,0.4678999043673513,0.026159871527452583
59.1,24.134413700952578,24.133712266845553,24.0,0.0,0.7508366187913907,0.4678999043673513,0.026159871527452583
59.2,24.133712266845553,24.133013331601685,24.0,0.0,0.750858207412026,0.4678999043673513,0.026159871527452583
59.300000000000004,24.133013331601685,24.132316911241762,24.0,0.0,0.7508791368448751,0.4678999043673513,0.026159871527452583
59.400000000000006,24.132316911241762,24.131623021082564,24.0,0.0,0.7508994211649672,0.4678999043673513,0.026159871527452583
59.5,24.131623021082564,24.130931675753356,24.0,0.0,0.7509190741579945,0.4678999043673513,0.026159871527452583
59.6,24.130931675753356,24.130242889212056,24.0,0.0,0.7509381093262313,0.4678999043673513,0.026159871527452583
59.7,24.130242889212056,24.12955667476104,24.0,0.0,0.7509565398943426,0.4678999043673513,0.026159871527452583
59.800000000000004,24.12955667476104,24.12887304506263,24.0,0.0,0.7509743788150645,0.4678999043673513,0.026159871527452583
59.900000000000006,24.12887304506263,24.128192012154244,24.0,0.0,0.7509916387747742,0.4678999043673513,0.026159871527452583
60.0,24.128192012154244,24.13501193592846,24.0,1.5,0.7506602972647368,0.4651890688041903,0.026118724755268354
60.1,24.13501193592846,24.141796653863764,24.0,1.5,0.7541854852138993,0.4651890688041903,0.026118724755268354
60.2,24.141796653863764,24.148546374863923,24.0,1.5,0.7577120166096709,0.4651890688041903,0.026118724755268354
60.300000000000004,24.148546374863923,24.15526130608512,24.0,1.5,0.761239897224269,0.4651890688041903,0.026118724755268354
60.400000000000006,24.15526130608512,24.16194165295918,24.0,1.5,0.7647691325580198,0.4651890688041903,0.026118724755268354
60.5,24.16194165295918,24.168587619216353,24.0,1.5,0.7682997278456579,0.4651890688041903,0.026118724755268354
60.6,24.168587619216353,24.175199406907716,24.0,1.5,0.7718316880624828,0.4651890688041903,0.026118724755268354
60.7,24.175199406907716,24.181777216427154,24.0,1.5,0.7753650179303896,0.4651890688041903,0.026118724755268354
60.800000000000004,24.181777216427154,24.18832124653298,24.0,1.5,0.7788997219237723,0.4651890688041903,0.026118724755268354
60.900000000000006,24.18832124653298,24.194831694369153,24.0,1.5,0.7824358042753042,0.4651890688041903,0.026118724755268354
61.0,24.194831694369153,24.201308755486142,24.0,1.5,0.7859732689815954,0.4651890688041903,0.026118724755268354
61.1,24.201308755486142,24.207752623861396,24.0,1.5,0.7895121198087321,0.4651890688041903,0.026118724755268354
61.2,24.207752623861396,24.214163491919493,24.0,1.5,0.7930523602976951,0.4651890688041903,0.026118724755268354
61.300000000000004,24.214163491919493,24.220541550551903,24.0,1.5,0.7965939937696751,0.4651890688041903,0.026118724755268354
61.400000000000006,24.220541550551903,24.226886989136425,24.0,1.5,0.8001370233312612,0.4651890688041903,0.026118724755268354
61.5,24.226886989136425,24.233199995556284,24.0,1.5,0.8036814518795294,0.4651890688041903,0.026118724755268354
61.6,24.233199995556284,24.239480756218885,24.0,1.5,0.8072272821070249,0.4651890688041903,0.026118724755268354
61.7,24.239480756218885,24.245729456074258,24.0,1.5,0.810774516506629,0.4651890688041903,0.026118724755268354
61.800000000000004,24.245729456074258,24.251946278633177,24.0,1.5,0.8143231573763334,0.4651890688041903,0.026118724755268354
61.900000000000006,24.251946278633177,24.258131405984965,24.0,1.5,0.8178732068239112,0.4651890688041903,0.026118724755268354
62.0,24.258131405984965,24.264298905466795,24.0,1.5,0.8207329331184133,0.46245131117193544,0.02669856794522158
62.1,24.264298905466795,24.27029498883066,24.0,1.5,0.824290741568983,0.46245131117193544,0.02669856794522158
62.2,24.27029498883066,24.276120457414272,24.0,1.5,0.8277852870949534,0.46245131117193544,0.02669856794522158
62.300000000000004,24.276120457414272,24.281776108328344,24.0,1.5,0.8312164847589699,0.46245131117193544,0.02669856794522158
62.400000000000006,24.281776108328344,24.287262734488515,24.0,1.5,0.8345842497970677,0.46245131117193544,0.02669856794522158
62.5,24.287262734488515,24.292581124646876,24.0,1.5,0.8378884976222358,0.46245131117193544,0.02669856794522158
62.6,24.292581124646876,24.297732063423084,24.0,1.5,0.8411291438278814,0.46245131117193544,0.02669856794522158
62.7,24.297732063423084,24.302716331335084,24.0,1.5,0.8443061041911821,0.46245131117193544,0.02669856794522158
62.800000000000004,24.302716331335084,24.307534704829447,24.0,1.5,0.8474192946763468,0.46245131117193544,0.02669856794522158
62.900000000000006,24.307534704829447,24.312187956311313,24.0,1.5,0.8504686314377712,0.46245131117193544,0.02669856794522158
63.0,24.312187956311313,24.31667685417397,24.0,1.5,0.8534540308230986,0.46245131117193544,0.02669856794522158
63.1,24.31667685417397,24.32100216282806,24.0,1.5,0.8563754093761856,0.46245131117193544,0.02669856794522158
63.2,24.32100216282806,24.325164642730424,24.0,1.5,0.859232683839975,0.46245131117193544,0.02669856794522158
63.300000000000004,24.325164642730424,24.329165050412602,24.0,1.5,0.8620257711592831,0.46245131117193544,0.02669856794522158
63.400000000000006,24.329165050412602,24.33300413850895,24.0,1.5,0.8647545884834916,0.46245131117193544,0.02669856794522158
63.5,24.33300413850895,24.33668265578446,24.0,1.5,0.8674190531691549,0.46245131117193544,0.02669856794522158
63.6,24.33668265578446,24.34020134716221,24.0,1.5,0.8700190827825272,0.46245131117193544,0.02669856794522158
63.7,24.34020134716221,24.343560953750487,24.0,1.5,0.8725545951020033,0.46245131117193544,0.02669856794522158
63.800000000000004,24.343560953750487,24.346762212869596,24.0,1.5,0.8750255081204767,0.46245131117193544,0.02669856794522158
63.900000000000006,24.346762212869596,24.349805858078344,24.0,1.5,0.8774317400476233,0.46245131117193544,0.02669856794522158
64.0,24.349805858078344,24.35272021948811,24.0,1.5,0.8863767524041635,0.48134458613435993,0.02654319124247702
64.10000000000001,24.35272021948811,24.355478088310296,24.0,1.5,0.8887157965148887,0.48134458613435993,0.02654319124247702
64.2,24.355478088310296,24.358082769256164,24.0,1.5,0.89098683402977,0.48134458613435993,0.02654319124247702
64.3,24.358082769256164,24.360537553943672,24.0,1.5,0.8931910490441713,0.48134458613435993,0.02654319124247702
64.4,24.360537553943672,24.36284572095586,24.0,1.5,0.8953296280880709,0.48134458613435993,0.02654319124247702
64.5,24.36284572095586,24.365010535898804,24.0,1.5,0.8974037601195662,0.48134458613435993,0.02654319124247702
64.60000000000001,24.365010535898804,24.36703525145914,24.0,1.5,0.8994146365183231,0.48134458613435993,0.02654319124247702
64.7,24.36703525145914,24.36892310746116,24.0,1.5,0.9013634510789734,0.48134458613435993,0.02654319124247702
64.8,24.36892310746116,24.370677330923513,24.0,1.5,0.9032514000044587,0.48134458613435993,0.02654319124247702
64.9,24.370677330923513,24.372301136115478,24.0,1.5,0.9050796818993274,0.48134458613435993,0.02654319124247702
65.0,24.372301136115478,24.373797724612842,24.0,1.5,0.9068494977629872,0.48134458613435993,0.02654319124247702
65.10000000000001,24.373797724612842,24.37517028535338,24.0,1.5,0.9085620509829044,0.48134458613435993,0.02654319124247702
65.2,24.37517028535338,24.376421994691942,24.0,1.5,0.9102185473277661,0.48134458613435993,0.02654319124247702
65.3,24.376421994691942,24.37755601645516,24.0,1.5,0.9118201949405945,0.48134458613435993,0.02654319124247702
65.4,24.37755601645516,24.378575501995766,24.0,1.5,0.9133682043318295,0.48134458613435993,0.02654319124247702
65.5,24.378575501995766,24.379483590246544,24.0,1.5,0.9148637883723617,0.48134458613435993,0.02654319124247702
65.60000000000001,24.379483590246544,24.380283407773906,24.0,1.5,0.9163081622865356,0.48134458613435993,0.02654319124247702
65.7,24.380283407773906,24.3809780688311,24.0,1.5,0.9177025436451149,0.48134458613435993,0.02654319124247702
65.8,24.3809780688311,24.38157067541108,24.0,1.5,0.9190481523582119,0.48134458613435993,0.02654319124247702
65.9,24.38157067541108,24.38206431729898,24.0,1.5,0.9203462106681878,0.48134458613435993,0.02654319124247702
66.0,24.38206431729898,24.382198589655694,24.0,1.5,0.9273029076047048,0.496258983933936,0.02671869177115551
66.10000000000001,24.382198589655694,24.38223886407686,24.0,1.5,0.9283907260992563,0.496258983933936,0.02671869177115551
66.2,24.38223886407686,24.382188322853636,24.0,1.5,0.9294320048818058,0.496258983933936,0.02671869177115551
66.3,24.382188322853636,24.382050085159833,24.0,1.5,0.9304280805454078,0.496258983933936,0.02671869177115551
66.4,24.382050085159833,24.381827207269566,24.0,1.5,0.9313802666945923,0.496258983933936,0.02671869177115551
66.5,24.381827207269566,24.3815226827741,24.0,1.5,0.932289853885315,0.496258983933936,0.02671869177115551
66.60000000000001,24.3815226827741,24.381139442797853,24.0,1.5,0.9331581095650867,0.496258983933936,0.02671869177115551
66.7,24.381139442797853,24.380680356213595,24.0,1.5,0.9339862780132657,0.496258983933936,0.02671869177115551
66.8,24.380680356213595,24.380148229856836,24.0,1.5,0.934775580281525,0.496258983933936,0.02671869177115551
66.9,24.380148229856836,24.379545808739415,24.0,1.5,0.9355272141344846,0.496258983933936,0.02671869177115551
67.0,24.379545808739415,24.37887577626229,24.0,1.5,0.9362423539905272,0.496258983933936,0.02671869177115551
67.10000000000001,24.37887577626229,24.378140754427545,24.0,1.5,0.9369221508627777,0.496258983933936,0.02671869177115551
67.2,24.378140754427545,24.377343304049596,24.0,1.5,0.9375677323002635,0.496258983933936,0.02671869177115551
67.3,24.377343304049596,24.37648592496564,24.0,1.5,0.938180202329246,0.496258983933936,0.02671869177115551
67.4,24.37648592496564,24.375571056245313,24.0,1.5,0.9387606413947287,0.496258983933936,0.02671869177115551
67.5,24.375571056245313,24.374601076399596,24.0,1.5,0.9393101063021455,0.496258983933936,0.02671869177115551
67.60000000000001,24.374601076399596,24.37357830358894,24.0,1.5,0.9398296301592199,0.496258983933936,0.02671869177115551
67.7,24.37357830358894,24.372504995830642,24.0,1.5,0.9403202223180065,0.496258983933936,0.02671869177115551
67.8,24.372504995830642,24.37138335120548,24.0,1.5,0.9407828683171071,0.496258983933936,0.02671869177115551
67.9,24.37138335120548,24.370215508063588,24.0,1.5,0.9412185298240692,0.496258983933936,0.02671869177115551
68.0,24.370215508063588,24.368775916197894,24.0,1.5,0.9432148201762847,0.5005139300155946,0.027027392316290966
68.10000000000001,24.368775916197894,24.367300100187574,24.0,1.5,0.9434909895303558,0.5005139300155946,0.027027392316290966
68.2,24.367300100187574,24.36579009764356,24.0,1.5,0.943745039449609,0.5005139300155946,0.027027392316290966
68.3,24.36579009764356,24.364247882683873,24.0,1.5,0.9439778973894142,0.5005139300155946,0.027027392316290966
68.4,24.364247882683873,24.362675367167533,24.0,1.5,0.9441904643615795,0.5005139300155946,0.027027392316290966
68.5,24.362675367167533,24.361074401924732,24.0,1.5,0.9443836153836747,0.5005139300155946,0.027027392316290966
68.60000000000001,24.361074401924732,24.35944677798324,24.0,1.5,0.944558199929801,0.5005139300155946,0.027027392316290966
68.7,24.35944677798324,24.357794227791086,24.0,1.5,0.9447150423827957,0.5005139300155946,0.027027392316290966
68.8,24.357794227791086,24.35611842643551,24.0,1.5,0.9448549424878735,0.5005139300155946,0.027027392316290966
68.9,24.35611842643551,24.354420992858216,24.0,1.5,0.9449786758077028,0.5005139300155946,0.027027392316290966
69.0,24.354420992858216,24.352703491066908,24.0,1.5,0.9450869941789012,0.5005139300155946,0.027027392316290966
69.10000000000001,24.352703491066908,24.35096743134316,24.0,1.5,0.9451806261699637,0.5005139300155946,0.027027392316290966
69.2,24.35096743134316,24.34921427144659,24.0,1.5,0.9452602775406046,0.5005139300155946,0.027027392316290966
69.3,24.34921427144659,24.347445417815376,24.0,1.5,0.9453266317025103,0.5005139300155946,0.027027392316290966
69.4,24.347445417815376,24.34566222676312,24.0,1.5,0.9453803501815075,0.5005139300155946,0.027027392316290966
69.5,24.34566222676312,24.343866005672073,24.0,1.5,0.9454220730811399,0.5005139300155946,0.027027392316290966
69.60000000000001,24.343866005672073,24.342058014182715,24.0,1.5,0.9454524195476359,0.5005139300155946,0.027027392316290966
69.7,24.342058014182715,24.34023946537973,24.0,1.5,0.9454719882362876,0.5005139300155946,0.027027392316290966
69.8,24.34023946537973,24.338411526974365,24.0,1.5,0.9454813577792114,0.5005139300155946,0.027027392316290966
69.9,24.338411526974365,24.33657532248318,24.0,1.5,0.9454810872545042,0.5005139300155946,0.027027392316290966
70.0,24.33657532248318,24.334668623782754,24.0,1.5,0.9452099489695744,0.4997280360167594,0.027108944310858
70.10000000000001,24.334668623782754,24.33276041557857,24.0,1.5,0.9451643694812061,0.4997280360167594,0.027108944310858
70.2,24.33276041557857,24.33085158796844,24.0,1.5,0.9451128627004954,0.4997280360167594,0.027108944310858
70.3,24.33085158796844,24.328942989605174,24.0,1.5,0.9450558717551302,0.4997280360167594,0.027108944310858
70.4,24.328942989605174,24.327035428958386,24.0,1.5,0.9449938213621762,0.4997280360167594,0.027108944310858
70.5,24.327035428958386,24.32512967555208,24.0,1.5,0.9449271183497048,0.4997280360167594,0.027108944310858
70.60000000000001,24.32512967555208,24.32322646117809,24.0,1.5,0.9448561521696746,0.4997280360167594,0.027108944310858
70.7,24.32322646117809,24.32132648108541,24.0,1.5,0.9447812954020294,0.4997280360167594,0.027108944310858
70.8,24.32132648108541,24.319430395145496,24.0,1.5,0.9447029042499779,0.4997280360167594,0.027108944310858
70.9,24.319430395145496,24.3175388289936,24.0,1.5,0.9446213190264245,0.4997280360167594,0.027108944310858
71.0,24.3175388289936,24.315652375146207,24.0,1.5,0.9445368646315152,0.4997280360167594,0.027108944310858
71.10000000000001,24.315652375146207,24.3137715940946,24.0,1.5,0.9444498510212634,0.4997280360167594,0.027108944310858
71.2,24.3137715940946,24.311897015374672,24.0,1.5,0.9443605736672303,0.4997280360167594,0.027108944310858
71.3,24.311897015374672,24.31002913861301,24.0,1.5,0.9442693140072134,0.4997280360167594,0.027108944310858
71.4,24.31002913861301,24.30816843454931,24.0,1.5,0.9441763398869273,0.4997280360167594,0.027108944310858
71.5,24.30816843454931,24.306315346035202,24.0,1.5,0.9440819059926211,0.4997280360167594,0.027108944310858
71.60000000000001,24.306315346035202,24.30447028900955,24.0,1.5,0.9439862542746242,0.4997280360167594,0.027108944310858
71.7,24.30447028900955,24.302633653450272,24.0,1.5,0.9438896143617637,0.4997280360167594,0.027108944310858
71.8,24.302633653450272,24.300805804302737,24.0,1.5,0.9437922039666442,0.4997280360167594,0.027108944310858
71.9,24.300805804302737,24.29898708238484,24.0,1.5,0.9436942292817343,0.4997280360167594,0.027108944310858
72.0,24.29898708238484,24.297188249843053,24.0,1.5,0.9438665924277844,0.500633363343447,0.02710981008497749
72.10000000000001,24.297188249843053,24.29540020764517,24.0,1.5,0.943771708543571,0.500633363343447,0.02710981008497749
72.2,24.29540020764517,24.29362313847408,24.0,1.5,0.9436773793170767,0.500633363343447,0.02710981008497749
72.3,24.29362313847408,24.29185720642066,24.0,1.5,0.9435837259531183,0.500633363343447,0.02710981008497749
72.4,24.29185720642066,24.29010255781111,24.0,1.5,0.9434908607935784,0.500633363343447,0.02710981008497749
72.5,24.29010255781111,24.28835932200931,24.0,1.5,0.9433988876834368,0.500633363343447,0.02710981008497749
72.60000000000001,24.28835932200931,24.28662761219474,24.0,1.5,0.9433079023264712,0.500633363343447,0.02710981008497749
72.7,24.28662761219474,24.284907526116392,24.0,1.5,0.9432179926308386,0.500633363343447,0.02710981008497749
72.8,24.284907526116392,24.283199146823165,24.0,1.5,0.9431292390446753,0.500633363343447,0.02710981008497749
72.9,24.283199146823165,24.28150254337121,24.0,1.5,0.9430417148819011,0.500633363343447,0.02710981008497749
73.0,24.28150254337121,24.27981777150869,24.0,1.5,0.9429554866384124,0.500633363343447,0.02710981008497749
73.10000000000001,24.27981777150869,24.278144874338423,24.0,1.5,0.9428706142988121,0.500633363343447,0.02710981008497749
73.2,24.278144874338423,24.27648388295889,24.0,1.5,0.9427871516338765,0.500633363343447,0.02710981008497749
73.3,24.27648388295889,24.274834817084045,24.0,1.5,0.9427051464889131,0.500633363343447,0.02710981008497749
73.4,24.274834817084045,24.27319768564244,24.0,1.5,0.942624641063204,0.500633363343447,0.02710981008497749
73.5,24.27319768564244,24.271572487356067,24.0,1.5,0.9425456721807003,0.500633363343447,0.02710981008497749
73.60000000000001,24.271572487356067,24.269959211299433,24.0,1.5,0.9424682715521462,0.500633363343447,0.02710981008497749
73.7,24.269959211299433,24.26835783743931,24.0,1.5,0.9423924660288137,0.500633363343447,0.02710981008497749
73.8,24.26835783743931,24.266768337155614,24.0,1.5,0.9423182778480297,0.500633363343447,0.02710981008497749
73.9,24.266768337155614,24.265190673743895,24.0,1.5,0.9422457248706648,0.500633363343447,0.02710981008497749
74.0,24.265190673743895,24.26361400164305,24.0,1.5,0.942708609887131,0.5026446497664375,0.027125446937441094
74.10000000000001,24.26361400164305,24.262048979109885,24.0,1.5,0.9426311688525582,0.5026446497664375,0.027125446937441094
74.2,24.262048979109885,24.260495525911008,24.0,1.5,0.942555338217285,0.5026446497664375,0.027125446937441094
74.3,24.260495525911008,24.258953557377097,24.0,1.5,0.9424811090347609,0.5026446497664375,0.027125446937441094
74.4,24.258953557377097,24.257422984778657,24.0,1.5,0.942408469899072,0.5026446497664375,0.027125446937441094
74.5,24.257422984778657,24.255903715685303,24.0,1.5,0.9423374071227959,0.5026446497664375,0.027125446937441094
74.60000000000001,24.255903715685303,24.25439565430905,24.0,1.5,0.9422679049075576,0.5026446497664375,0.027125446937441094
74.7,24.25439565430905,24.252898701832112,24.0,1.5,0.9421999455074723,0.5026446497664375,0.027125446937441094
74.8,24.252898701832112,24.251412756719663,24.0,1.5,0.9421335093856945,0.5026446497664375,0.027125446937441094
74.9,24.251412756719663,24.249937715018046,24.0,1.5,0.9420685753642548,0.5026446497664375,0.027125446937441094
75.0,24.249937715018046,24.248473470638874,24.0,1.5,0.9420051207673932,0.5026446497664375,0.027125446937441094
75.10000000000001,24.248473470638874,24.24701991562949,24.0,1.5,0.9419431215585696,0.5026446497664375,0.027125446937441094
75.2,24.24701991562949,24.245576940430183,24.0,1.5,0.9418825524713514,0.5026446497664375,0.027125446937441094
75.3,24.245576940430183,24.244144434118642,24.0,1.5,0.941823387134344,0.5026446497664375,0.027125446937441094
75.4,24.244144434118642,24.24272228464202,24.0,1.5,0.9417655981903668,0.5026446497664375,0.027125446937441094
75.5,24.24272228464202,24.241310379037063,24.0,1.5,0.941709157410034,0.5026446497664375,0.027125446937441094
75.60000000000001,24.241310379037063,24.239908603638654,24.0,1.5,0.9416540357999295,0.5026446497664375,0.027125446937441094
75.7,24.239908603638654,24.238516844277207,24.0,1.5,0.9416002037055281,0.5026446497664375,0.027125446937441094
75.8,24.238516844277207,24.2371349864653,24.0,1.5,0.9415476309090474,0.5026446497664375,0.027125446937441094
75.9,24.2371349864653,24.235762915573854,24.0,1.5,0.9414962867223917,0.5026446497664375,0.027125446937441094
76.0,24.235762915573854,24.234379218725323,24.0,1.5,0.9419149977756731,0.5046307617044158,0.02715115747762404
76.10000000000001,24.234379218725323,24.233005513003782,24.0,1.5,0.94185310848874,0.5046307617044158,0.02715115747762404
76.2,24.233005513003782,24.231641684323083,24.0,1.5,0.9417925312617932,0.5046307617044158,0.02715115747762404
76.3,24.231641684323083,24.230287619523043,24.0,1.5,0.9417332353407616,0.5046307617044158,0.02715115747762404
76.4,24.230287619523043,24.228943206462976,24.0,1.5,0.941675190131602,0.5046307617044158,0.02715115747762404
76.5,24.228943206462976,24.22760833410762,24.0,1.5,0.9416183652502657,0.5046307617044158,0.02715115747762404
76.60000000000001,24.22760833410762,24.22628289260587,24.0,1.5,0.9415627305690627,0.5046307617044158,0.02715115747762404
76.7,24.22628289260587,24.224966773362564,24.0,1.5,0.9415082562596023,0.5046307617044158,0.02715115747762404
76.80000000000001,24.224966773362564,24.223659869103685,24.0,1.5,0.941454912832439,0.5046307617044158,0.02715115747762404
76.9,24.223659869103685,24.222362073935255,24.0,1.5,0.9414026711735521,0.5046307617044158,0.02715115747762404
77.0,24.222362073935255,24.22107328339621,24.0,1.5,0.9413515025778177,0.5046307617044158,0.02715115747762404
77.10000000000001,24.22107328339621,24.219793394505544,24.0,1.5,0.9413013787795799,0.5046307617044158,0.02715115747762404
77.2,24.219793394505544,24.218522305804015,24.0,1.5,0.941252271980463,0.5046307617044158,0.02715115747762404
77.30000000000001,24.218522305804015,24.217259917390628,24.0,1.5,0.9412041548745425,0.5046307617044158,0.02715115747762404
77.4,24.217259917390628,24.216006130954206,24.0,1.5,0.9411570006709928,0.5046307617044158,0.02715115747762404
77.5,24.216006130954206,24.214760849800253,24.0,1.5,0.9411107831143335,0.5046307617044158,0.02715115747762404
77.60000000000001,24.214760849800253,24.213523978873386,24.0,1.5,0.9410654765023738,0.5046307617044158,0.02715115747762404
77.7,24.213523978873386,24.21229542477553,24.0,1.5,0.9410210557019828,0.5046307617044158,0.02715115747762404
77.80000000000001,24.21229542477553,24.211075095780128,24.0,1.5,0.9409774961627723,0.5046307617044158,0.02715115747762404
77.9,24.211075095780128,24.209862901842577,24.0,1.5,0.9409347739288059,0.5046307617044158,0.02715115747762404
78.0,24.209862901842577,24.20864004710679,24.0,1.5,0.941246030591295,0.5063111660314645,0.027175478809187248
78.10000000000001,24.20864004710679,24.207425760777294,24.0,1.5,0.9411938749020217,0.5063111660314645,0.027175478809187248
78.2,24.207425760777294,24.20621994776757,24.0,1.5,0.9411427576112866,0.5063111660314645,0.027175478809187248
78.30000000000001,24.20621994776757,24.205022514692438,24.0,1.5,0.9410926536023754,0.5063111660314645,0.027175478809187248
78.4,24.205022514692438,24.203833369853193,24.0,1.5,0.9410435383662044,0.5063111660314645,0.027175478809187248
78.5,24.203833369853193,24.2026524232208,24.0,1.5,0.9409953879983711,0.5063111660314645,0.027175478809187248
78.60000000000001,24.2026524232208,24.201479586417353,24.0,1.5,0.9409481791951907,0.5063111660314645,0.027175478809187248
78.7,24.201479586417353,24.20031477269588,24.0,1.5,0.940901889248789,0.5063111660314645,0.027175478809187248
78.80000000000001,24.20031477269588,24.199157896918702,24.0,1.5,0.9408564960413167,0.5063111660314645,0.027175478809187248
78.9,24.199157896918702,24.19800887553442,24.0,1.5,0.9408119780383604,0.5063111660314645,0.027175478809187248
79.0,24.19800887553442,24.196867626553686,24.0,1.5,0.9407683142816008,0.5063111660314645,0.027175478809187248
79.10000000000001,24.196867626553686,24.195734069523887,24.0,1.5,0.940725484380796,0.5063111660314645,0.027175478809187248
79.2,24.195734069523887,24.194608125502818,24.0,1.5,0.9406834685051333,0.5063111660314645,0.027175478809187248
79.30000000000001,24.194608125502818,24.193489717031518,24.0,1.5,0.9406422473740093,0.5063111660314645,0.027175478809187248
79.4,24.193489717031518,24.19237876810631,24.0,1.5,0.9406018022473047,0.5063111660314645,0.027175478809187248
79.5,24.19237876810631,24.191275204150184,24.0,1.5,0.9405621149151817,0.5063111660314645,0.027175478809187248
79.60000000000001,24.191275204150184,24.19017895198361,24.0,1.5,0.9405231676874763,0.5063111660314645,0.027175478809187248
79.7,24.19017895198361,24.18908993979486,24.0,1.5,0.9404849433827129,0.5063111660314645,0.027175478809187248
79.80000000000001,24.18908993979486,24.188008097109925,24.0,1.5,0.940447425316797,0.5063111660314645,0.027175478809187248
79.9,24.188008097109925,24.18693335476214,24.0,1.5,0.9404105972914211,0.5063111660314645,0.027175478809187248
80.0,24.18693335476214,24.18585155352153,24.0,1.5,0.9406426913127555,0.5077441162667105,0.027195889069151595
80.10000000000001,24.18585155352153,24.184777228807803,24.0,1.5,0.9405988529211562,0.5077441162667105,0.027195889069151595
80.2,24.184777228807803,24.183710301899346,24.0,1.5,0.9405558889705177,0.5077441162667105,0.027195889069151595
80.30000000000001,24.183710301899346,24.18265069546934,24.0,1.5,0.9405137796093933,0.5077441162667105,0.027195889069151595
80.4,24.18265069546934,24.181598333554554,24.0,1.5,0.9404725054842389,0.5077441162667105,0.027195889069151595
80.5,24.181598333554554,24.180553141524403,24.0,1.5,0.9404320477272715,0.5077441162667105,0.027195889069151595
80.60000000000001,24.180553141524403,24.179515046050355,24.0,1.5,0.9403923879443918,0.5077441162667105,0.027195889069151595
80.7,24.179515046050355,24.17848397507565,24.0,1.5,0.940353508203184,0.5077441162667105,0.027195889069151595
80.80000000000001,24.17848397507565,24.177459857785422,24.0,1.5,0.9403153910210021,0.5077441162667105,0.027195889069151595
80.9,24.177459857785422,24.176442624577216,24.0,1.5,0.9402780193531777,0.5077441162667105,0.027195889069151595
81.0,24.176442624577216,24.175432207031964,24.0,1.5,0.9402413765813473,0.5077441162667105,0.027195889069151595
81.10000000000001,24.175432207031964,24.174428537885415,24.0,1.5,0.9402054465019325,0.5077441162667105,0.027195889069151595
81.2,24.174428537885415,24.17343155100005,24.0,1.5,0.9401702133147765,0.5077441162667105,0.027195889069151595
81.30000000000001,24.17343155100005,24.172441181337515,24.0,1.5,0.9401356616119462,0.5077441162667105,0.027195889069151595
81.4,24.172441181337515,24.171457364931566,24.0,1.5,0.9401017763667258,0.5077441162667105,0.027195889069151595
81.5,24.171457364931566,24.17048003886157,24.0,1.5,0.9400685429227954,0.5077441162667105,0.027195889069151595
81.60000000000001,24.17048003886157,24.169509141226552,24.0,1.5,0.9400359469836189,0.5077441162667105,0.027195889069151595
81.7,24.169509141226552,24.168544611119813,24.0,1.5,0.940003974602042,0.5077441162667105,0.027195889069151595
81.80000000000001,24.168544611119813,24.16758638860413,24.0,1.5,0.9399726121701051,0.5077441162667105,0.027195889069151595
81.9,24.16758638860413,24.166634414687522,24.0,1.5,0.9399418464090896,0.5077441162667105,0.027195889069151595
82.0,24.166634414687522,24.165677928170545,24.0,1.5,0.9401202158549924,0.5089939296866599,0.02721326648205204
82.10000000000001,24.165677928170545,24.164727961309097,24.0,1.5,0.9400842337849742,0.5089939296866599,0.02721326648205204
82.2,24.164727961309097,24.163784446695917,24.0,1.5,0.9400489850099085,0.5089939296866599,0.02721326648205204
82.30000000000001,24.163784446695917,24.162847318052023,24.0,1.5,0.9400144527785845,0.5089939296866599,0.02721326648205204
82.4,24.162847318052023,24.161916510201202,24.0,1.5,0.9399806207337106,0.5089939296866599,0.02721326648205204
82.5,24.161916510201202,24.16099195904514,24.0,1.5,0.9399474729019328,0.5089939296866599,0.02721326648205204
82.60000000000001,24.16099195904514,24.16007360153915,24.0,1.5,0.9399149936841095,0.5089939296866599,0.02721326648205204
82.7,24.16007360153915,24.15916137566847,24.0,1.5,0.9398831678458203,0.5089939296866599,0.02721326648205204
82.80000000000001,24.15916137566847,24.158255220425218,24.0,1.5,0.9398519805081136,0.5089939296866599,0.02721326648205204
82.9,24.158255220425218,24.157355075785865,24.0,1.5,0.9398214171385046,0.5089939296866599,0.02721326648205204
83.0,24.157355075785865,24.156460882689323,24.0,1.5,0.9397914635422006,0.5089939296866599,0.02721326648205204
83.10000000000001,24.156460882689323,24.15557258301561,24.0,1.5,0.939762105853557,0.5089939296866599,0.02721326648205204
83.2,24.15557258301561,24.154690119565032,24.0,1.5,0.939733330527784,0.5089939296866599,0.02721326648205204
83.30000000000001,24.154690119565032,24.15381343603797,24.0,1.5,0.9397051243328566,0.5089939296866599,0.02721326648205204
83.4,24.15381343603797,24.152942477015166,24.0,1.5,0.9396774743416686,0.5089939296866599,0.02721326648205204
83.5,24.152942477015166,24.152077187938556,24.0,1.5,0.9396503679243988,0.5089939296866599,0.02721326648205204
83.60000000000001,24.152077187938556,24.15121751509262,24.0,1.5,0.9396237927411011,0.5089939296866599,0.02721326648205204
83.7,24.15121751509262,24.150363405586234,24.0,1.5,0.9395977367344994,0.5089939296866599,0.02721326648205204
83.80000000000001,24.150363405586234,24.149514807335038,24.0,1.5,0.9395721881229986,0.5089939296866599,0.02721326648205204
83.9,24.149514807335038,24.148671669044262,24.0,1.5,0.9395471353938993,0.5089939296866599,0.02721326648205204
84.0,24.148671669044262,24.147825618952673,24.0,1.5,0.939686048400501,0.5100920260485403,0.027228419658096033
84.10000000000001,24.147825618952673,24.146985224244105,24.0,1.5,0.93965699079405,0.5100920260485403,0.027228419658096033
84.2,24.146985224244105,24.146150427453623,24.0,1.5,0.9396285296914016,0.5100920260485403,0.027228419658096033
84.30000000000001,24.146150427453623,24.14532117207128,24.0,1.5,0.9396006510223978,0.5100920260485403,0.027228419658096033
84.4,24.14532117207128,24.144497402521637,24.0,1.5,0.9395733410501435,0.5100920260485403,0.027228419658096033
84.5,24.144497402521637,24.143679064143768,24.0,1.5,0.9395465863631047,0.5100920260485403,0.027228419658096033
84.60000000000001,24.143679064143768,24.142866103171784,24.0,1.5,0.9395203738674034,0.5100920260485403,0.027228419658096033
84.7,24.142866103171784,24.142058466715806,24.0,1.5,0.9394946907793134,0.5100920260485403,0.027228419658096033
84.80000000000001,24.142058466715806,24.141256102743423,24.0,1.5,0.9394695246179453,0.5100920260485403,0.027228419658096033
84.9,24.141256102743423,24.140458960061583,24.0,1.5,0.9394448631981206,0.5100920260485403,0.027228419658096033
85.0,24.140458960061583,24.139666988298934,24.0,1.5,0.9394206946234207,0.5100920260485403,0.027228419658096033
85.10000000000001,24.139666988298934,24.138880137888595,24.0,1.5,0.9393970072794167,0.5100920260485403,0.027228419658096033
85.2,24.138880137888595,24.138098360051337,24.0,1.5,0.9393737898270701,0.5100920260485403,0.027228419658096033
85.30000000000001,24.138098360051337,24.13732160677918,24.0,1.5,0.9393510311963007,0.5100920260485403,0.027228419658096033
85.4,24.13732160677918,24.136549830819384,24.0,1.5,0.9393287205797177,0.5100920260485403,0.027228419658096033
85.5,24.136549830819384,24.135782985658807,24.0,1.5,0.9393068474265079,0.5100920260485403,0.027228419658096033
85.60000000000001,24.135782985658807,24.13502102550866,24.0,1.5,0.9392854014364785,0.5100920260485403,0.027228419658096033
85.7,24.13502102550866,24.134263905289618,24.0,1.5,0.9392643725542437,0.5100920260485403,0.027228419658096033
85.80000000000001,24.134263905289618,24.133511580617274,24.0,1.5,0.9392437509635663,0.5100920260485403,0.027228419658096033
85.9,24.133511580617274,24.132764007787948,24.0,1.5,0.9392235270818301,0.5100920260485403,0.027228419658096033
86.0,24.132764007787948,24.132014620841577,24.0,1.5,0.939332047497961,0.5110574903045898,0.027241754544582452
86.10000000000001,24.132014620841577,24.13127013088153,24.0,1.5,0.9393086986756078,0.5110574903045898,0.027241754544582452
86.2,24.13127013088153,24.13053048968338,24.0,1.5,0.9392858243735195,0.5110574903045898,0.027241754544582452
86.30000000000001,24.13053048968338,24.12979564982463,24.0,1.5,0.9392634131551219,0.5110574903045898,0.027241754544582452
86.4,24.12979564982463,24.129065564667403,24.0,1.5,0.9392414538644804,0.5110574903045898,0.027241754544582452
86.5,24.129065564667403,24.128340188341557,24.0,1.5,0.9392199356196026,0.5110574903045898,0.027241754544582452
86.60000000000001,24.128340188341557,24.12761947572817,24.0,1.5,0.9391988478058899,0.5110574903045898,0.027241754544582452
86.7,24.12761947572817,24.12690338244343,24.0,1.5,0.9391781800697514,0.5110574903045898,0.027241754544582452
86.80000000000001,24.12690338244343,24.126191864822875,24.0,1.5,0.9391579223123679,0.5110574903045898,0.027241754544582452
86.9,24.126191864822875,24.12548487990601,24.0,1.5,0.9391380646836023,0.5110574903045898,0.027241754544582452
87.0,24.12548487990601,24.124782385421288,24.0,1.5,0.9391185975760523,0.5110574903045898,0.027241754544582452
87.10000000000001,24.124782385421288,24.12408433977139,24.0,1.5,0.9390995116192499,0.5110574903045898,0.027241754544582452
87.2,24.12408433977139,24.12339070201891,24.0,1.5,0.9390807976739829,0.5110574903045898,0.027241754544582452
87.30000000000001,24.12339070201891,24.122701431872308,24.0,1.5,0.9390624468267681,0.5110574903045898,0.027241754544582452
87.4,24.122701431872308,24.12201648967222,24.0,1.5,0.9390444503844375,0.5110574903045898,0.027241754544582452
87.5,24.12201648967222,24.121335836378062,24.0,1.5,0.9390267998688608,0.5110574903045898,0.027241754544582452
87.60000000000001,24.121335836378062,24.12065943355494,24.0,1.5,0.9390094870117884,0.5110574903045898,0.027241754544582452
87.7,24.12065943355494,24.119987243360878,24.0,1.5,0.9389925037498085,0.5110574903045898,0.027241754544582452
87.80000000000001,24.119987243360878,24.119319228534295,24.0,1.5,0.9389758422194351,0.5110574903045898,0.027241754544582452
87.9,24.119319228534295,24.118655352381804,24.0,1.5,0.938959494752293,0.5110574903045898,0.027241754544582452
88.0,24.118655352381804,24.11799045734277,24.0,1.5,0.9390443983753693,0.5119070511956485,0.027253516175337614
88.10000000000001,24.11799045734277,24.117329810103477,24.0,1.5,0.9390255994003558,0.5119070511956485,0.027253516175337614
88.2,24.117329810103477,24.116673370544497,24.0,1.5,0.9390071744079591,0.5119070511956485,0.027253516175337614
88.30000000000001,24.116673370544497,24.116021099202822,24.0,1.5,0.9389891143281697,0.5119070511956485,0.027253516175337614
88.4,24.116021099202822,24.11537295725739,24.0,1.5,0.9389714103194539,0.5119070511956485,0.027253516175337614
88.5,24.11537295725739,24.114728906514944,24.0,1.5,0.9389540537630919,0.5119070511956485,0.027253516175337614
88.60000000000001,24.114728906514944,24.11408890939626,24.0,1.5,0.9389370362576552,0.5119070511956485,0.027253516175337614
88.7,24.11408890939626,24.11345292892263,24.0,1.5,0.9389203496136208,0.5119070511956485,0.027253516175337614
88.80000000000001,24.11345292892263,24.11282092870274,24.0,1.5,0.938903985848101,0.5119070511956485,0.027253516175337614
88.9,24.11282092870274,24.11219287291979,24.0,1.5,0.9388879371797131,0.5119070511956485,0.027253516175337614
89.0,24.11219287291979,24.111568726318954,24.0,1.5,0.9388721960235643,0.5119070511956485,0.027253516175337614
89.10000000000001,24.111568726318954,24.11094845419513,24.0,1.5,0.9388567549863567,0.5119070511956485,0.027253516175337614
89.2,24.11094845419513,24.110332022380966,24.0,1.5,0.9388416068616158,0.5119070511956485,0.027253516175337614
89.30000000000001,24.110332022380966,24.109719397235157,24.0,1.5,0.9388267446250248,0.5119070511956485,0.027253516175337614
89.4,24.109719397235157,24.109110545631054,24.0,1.5,0.938812161429875,0.5119070511956485,0.027253516175337614
89.5,24.109110545631054,24.108505434945506,24.0,1.5,0.9387978506026287,0.5119070511956485,0.027253516175337614
89.60000000000001,24.108505434945506,24.107904033047973,24.0,1.5,0.9387838056385828,0.5119070511956485,0.027253516175337614
89.7,24.107904033047973,24.107306308289896,24.0,1.5,0.9387700201976387,0.5119070511956485,0.027253516175337614
89.80000000000001,24.107306308289896,24.10671222949432,24.0,1.5,0.9387564881001744,0.5119070511956485,0.027253516175337614
89.9,24.10671222949432,24.106121765945762,24.0,1.5,0.9387432033230163,0.5119070511956485,0.027253516175337614
90.0,24.106121765945762,24.105530859677742,24.0,1.5,0.9388097376033925,0.512655882921437,0.027263906385445257
90.10000000000001,24.105530859677742,24.10494365064926,24.0,1.5,0.93879452437674,0.512655882921437,0.027263906385445257
90.2,24.10494365064926,24.10436010549829,24.0,1.5,0.9387796056004895,0.512655882921437,0.027263906385445257
90.30000000000001,24.10436010549829,24.103780191391095,24.0,1.5,0.9387649741605623,0.512655882921437,0.027263906385445257
90.4,24.103780191391095,24.10320387601047,24.0,1.5,0.9387506231241944,0.512655882921437,0.027263906385445257
90.5,24.10320387601047,24.10263112754428,24.0,1.5,0.9387365457353143,0.512655882921437,0.027263906385445257
90.60000000000001,24.10263112754428,24.102061914674287,24.0,1.5,0.9387227354100495,0.512655882921437,0.027263906385445257
90.7,24.102061914674287,24.1014962065652,24.0,1.5,0.9387091857323323,0.512655882921437,0.027263906385445257
90.80000000000001,24.1014962065652,24.100933972854047,24.0,1.5,0.9386958904496202,0.512655882921437,0.027263906385445257
90.9,24.100933972854047,24.10037518363977,24.0,1.5,0.9386828434687208,0.512655882921437,0.027263906385445257
91.0,24.10037518363977,24.099819809473075,24.0,1.5,0.9386700388517258,0.512655882921437,0.027263906385445257
91.10000000000001,24.099819809473075,24.099267821346547,24.0,1.5,0.9386574708120361,0.512655882921437,0.027263906385445257
91.2,24.099267821346547,24.098719190684985,24.0,1.5,0.9386451337104967,0.512655882921437,0.027263906385445257
91.30000000000001,24.098719190684985,24.098173889335975,24.0,1.5,0.938633022051624,0.512655882921437,0.027263906385445257
91.4,24.098173889335975,24.097631889560702,24.0,1.5,0.9386211304799239,0.512655882921437,0.027263906385445257
91.5,24.097631889560702,24.097093164024976,24.0,1.5,0.9386094537763101,0.512655882921437,0.027263906385445257
91.60000000000001,24.097093164024976,24.096557685790472,24.0,1.5,0.9385979868546044,0.512655882921437,0.027263906385445257
91.7,24.096557685790472,24.096025428306195,24.0,1.5,0.9385867247581283,0.512655882921437,0.027263906385445257
91.80000000000001,24.096025428306195,24.095496365400138,24.0,1.5,0.9385756626563809,0.512655882921437,0.027263906385445257
91.9,24.095496365400138,24.09497047127115,24.0,1.5,0.9385647958417971,0.512655882921437,0.027263906385445257
92.0,24.09497047127115,24.094444545321213,24.0,1.5,0.9386170163577245,0.5133172395030324,0.027273097126678494
92.10000000000001,24.094444545321213,24.09392184944817,24.0,1.5,0.938604629026683,0.5133172395030324,0.027273097126678494
92.2,24.09392184944817,24.093402355793323,24.0,1.5,0.9385924741962638,0.5133172395030324,0.027273097126678494
92.30000000000001,24.093402355793323,24.092886036920778,24.0,1.5,0.9385805462995602,0.5133172395030324,0.027273097126678494
92.4,24.092886036920778,24.092372865808095,24.0,1.5,0.9385688399118671,0.5133172395030324,0.027273097126678494
92.5,24.092372865808095,24.09186281583717,24.0,1.5,0.9385573497470174,0.5133172395030324,0.027273097126678494
92.60000000000001,24.09186281583717,24.09135586078537,24.0,1.5,0.9385460706538,0.5133172395030324,0.027273097126678494
92.7,24.09135586078537,24.090851974816832,24.0,1.5,0.9385349976124865,0.5133172395030324,0.027273097126678494
92.80000000000001,24.090851974816832,24.09035113247404,24.0,1.5,0.9385241257314254,0.5133172395030324,0.027273097126678494
92.9,24.09035113247404,24.089853308669564,24.0,1.5,0.9385134502437444,0.5133172395030324,0.027273097126678494
93.0,24.089853308669564,24.089358478678022,24.0,1.5,0.9385029665041216,0.5133172395030324,0.027273097126678494
93.10000000000001,24.089358478678022,24.088866618128236,24.0,1.5,0.9384926699856477,0.5133172395030324,0.027273097126678494
93.2,24.088866618128236,24.08837770299558,24.0,1.5,0.938482556276764,0.5133172395030324,0.027273097126678494
93.30000000000001,24.08837770299558,24.087891709594526,24.0,1.5,0.9384726210782807,0.5133172395030324,0.027273097126678494
93.4,24.087891709594526,24.087408614571363,24.0,1.5,0.9384628602004754,0.5133172395030324,0.027273097126678494
93.5,24.087408614571363,24.086928394897097,24.0,1.5,0.9384532695602588,0.5133172395030324,0.027273097126678494
93.60000000000001,24.086928394897097,24.086451027860534,24.0,1.5,0.938443845178419,0.5133172395030324,0.027273097126678494
93.7,24.086451027860534,24.085976491061523,24.0,1.5,0.9384345831769348,0.5133172395030324,0.027273097126678494
93.80000000000001,24.085976491061523,24.08550476240437,24.0,1.5,0.938425479776357,0.5133172395030324,0.027273097126678494
93.9,24.08550476240437,24.08503582009142,24.0,1.5,0.9384165312932574,0.5133172395030324,0.027273097126678494
94.0,24.08503582009142,24.08456713303074,24.0,1.5,0.9384575714544513,0.5139024995622813,0.02728124047122684
94.10000000000001,24.08456713303074,24.084101277813094,24.0,1.5,0.9384474216316718,0.5139024995622813,0.02728124047122684
94.2,24.084101277813094,24.083638231037796,24.0,1.5,0.9384374561892859,0.5139024995622813,0.02728124047122684
94.30000000000001,24.083638231037796,24.08317796964299,24.0,1.5,0.938427670763399,0.5139024995622813,0.02728124047122684
94.4,24.08317796964299,24.082720470898284,24.0,1.5,0.9384180611013296,0.5139024995622813,0.02728124047122684
94.5,24.082720470898284,24.082265712397575,24.0,1.5,0.9384086230587261,0.5139024995622813,0.02728124047122684
94.60000000000001,24.082265712397575,24.08181367205205,24.0,1.5,0.9383993525967602,0.5139024995622813,0.02728124047122684
94.7,24.08181367205205,24.081364328083346,24.0,1.5,0.9383902457794003,0.5139024995622813,0.02728124047122684
94.80000000000001,24.081364328083346,24.080917659016897,24.0,1.5,0.9383812987707424,0.5139024995622813,0.02728124047122684
94.9,24.080917659016897,24.080473643675447,24.0,1.5,0.9383725078324181,0.5139024995622813,0.02728124047122684
95.0,24.080473643675447,24.080032261172708,24.0,1.5,0.9383638693210731,0.5139024995622813,0.02728124047122684
95.10000000000001,24.080032261172708,24.079593490907186,24.0,1.5,0.9383553796859032,0.5139024995622813,0.02728124047122684
95.2,24.079593490907186,24.079157312556163,24.0,1.5,0.9383470354662564,0.5139024995622813,0.02728124047122684
95.30000000000001,24.079157312556163,24.078723706069812,24.0,1.5,0.9383388332893006,0.5139024995622813,0.02728124047122684
95.4,24.078723706069812,24.078292651665485,24.0,1.5,0.9383307698677466,0.5139024995622813,0.02728124047122684
95.5,24.078292651665485,24.07786412982211,24.0,1.5,0.9383228419976372,0.5139024995622813,0.02728124047122684
95.60000000000001,24.07786412982211,24.07743812127475,24.0,1.5,0.9383150465561857,0.5139024995622813,0.02728124047122684
95.7,24.07743812127475,24.077014607009282,24.0,1.5,0.9383073804996757,0.5139024995622813,0.02728124047122684
95.80000000000001,24.077014607009282,24.076593568257227,24.0,1.5,0.9382998408614134,0.5139024995622813,0.02728124047122684
95.9,24.076593568257227,24.07617498649067,24.0,1.5,0.9382924247497372,0.5139024995622813,0.02728124047122684
96.0,24.07617498649067,24.075756854900124,24.0,1.5,0.9383247092431761,0.5144213686545055,0.027288467386656228
96.10000000000001,24.075756854900124,24.075341213729203,24.0,1.5,0.9383163422645155,0.5144213686545055,0.027288467386656228
96.2,24.075341213729203,24.07492804320008,24.0,1.5,0.9383081221898731,0.5144213686545055,0.027288467386656228
96.30000000000001,24.07492804320008,24.07451732380769,24.0,1.5,0.938300045587116,0.5144213686545055,0.027288467386656228
96.4,24.07451732380769,24.07410903631393,24.0,1.5,0.9382921091111956,0.5144213686545055,0.027288467386656228
96.5,24.07410903631393,24.073703161742014,24.0,1.5,0.9382843095019028,0.5144213686545055,0.027288467386656228
96.60000000000001,24.073703161742014,24.073299681370944,24.0,1.5,0.9382766435816638,0.5144213686545055,0.027288467386656228
96.7,24.073299681370944,24.07289857673015,24.0,1.5,0.9382691082534074,0.5144213686545055,0.027288467386656228
96.80000000000001,24.07289857673015,24.072499829594232,24.0,1.5,0.9382617004984798,0.5144213686545055,0.027288467386656228
96.9,24.072499829594232,24.072103421977854,24.0,1.5,0.9382544173746158,0.5144213686545055,0.027288467386656228
97.0,24.072103421977854,24.071709336130752,24.0,1.5,0.9382472560139642,0.5144213686545055,0.027288467386656228
97.10000000000001,24.071709336130752,24.071317554532868,24.0,1.5,0.9382402136211629,0.5144213686545055,0.027288467386656228
97.2,24.071317554532868,24.07092805988961,24.0,1.5,0.9382332874714625,0.5144213686545055,0.027288467386656228
97.30000000000001,24.07092805988961,24.070540835127215,24.0,1.5,0.9382264749089038,0.5144213686545055,0.027288467386656228
97.4,24.070540835127215,24.07015586338824,24.0,1.5,0.9382197733445351,0.5144213686545055,0.027288467386656228
97.5,24.07015586338824,24.069773128027162,24.0,1.5,0.938213180254684,0.5144213686545055,0.027288467386656228
97.60000000000001,24.069773128027162,24.069392612606073,24.0,1.5,0.9382066931792687,0.5144213686545055,0.027288467386656228
97.7,24.069392612606073,24.069014300890494,24.0,1.5,0.9382003097201558,0.5144213686545055,0.027288467386656228
97.80000000000001,24.069014300890494,24.06863817684529,24.0,1.5,0.9381940275395558,0.5144213686545055,0.027288467386656228
97.9,24.06863817684529,24.068264224630678,24.0,1.5,0.9381878443584706,0.5144213686545055,0.027288467386656228
98.0,24.068264224630678,24.067890849353855,24.0,1.5,0.9382132481729449,0.5148820256161002,0.02729488765613178
98.10000000000001,24.067890849353855,24.067519670137834,24.0,1.5,0.9382063112646988,0.5148820256161002,0.02729488765613178
98.2,24.067519670137834,24.067150670168225,24.0,1.5,0.9381994919391864,0.5148820256161002,0.02729488765613178
98.30000000000001,24.067150670168225,24.066783832851435,24.0,1.5,0.9381927874872094,0.5148820256161002,0.02729488765613178
98.4,24.066783832851435,24.066419141810105,24.0,1.5,0.9381861952679615,0.5148820256161002,0.02729488765613178
98.5,24.066419141810105,24.06605658087864,24.0,1.5,0.9381797127072699,0.5148820256161002,0.02729488765613178
98.60000000000001,24.06605658087864,24.06569613409886,24.0,1.5,0.9381733372958715,0.5148820256161002,0.02729488765613178
98.7,24.06569613409886,24.065337785715748,24.0,1.5,0.9381670665877386,0.5148820256161002,0.02729488765613178
98.80000000000001,24.065337785715748,24.064981520173305,24.0,1.5,0.9381608981984464,0.5148820256161002,0.02729488765613178
98.9,24.064981520173305,24.064627322110525,24.0,1.5,0.9381548298035817,0.5148820256161002,0.02729488765613178
99.0,24.064627322110525,24.064275176357434,24.0,1.5,0.9381488591372005,0.5148820256161002,0.02729488765613178
99.10000000000001,24.064275176357434,24.063925067931258,24.0,1.5,0.9381429839903124,0.5148820256161002,0.02729488765613178
99.2,24.063925067931258,24.063576982032668,24.0,1.5,0.9381372022094172,0.5148820256161002,0.02729488765613178
99.30000000000001,24.063576982032668,24.063230904042122,24.0,1.5,0.9381315116950724,0.5148820256161002,0.02729488765613178
99.4,24.063230904042122,24.062886819516287,24.0,1.5,0.9381259104005014,0.5148820256161002,0.02729488765613178
99.5,24.062886819516287,24.062544714184565,24.0,1.5,0.938120396330231,0.5148820256161002,0.02729488765613178
99.60000000000001,24.062544714184565,24.062204573945692,24.0,1.5,0.9381149675387752,0.5148820256161002,0.02729488765613178
99.7,24.062204573945692,24.06186638486442,24.0,1.5,0.9381096221293456,0.5148820256161002,0.02729488765613178
99.80000000000001,24.06186638486442,24.06153013316828,24.0,1.5,0.9381043582525952,0.5148820256161002,0.02729488765613178
99.9,24.06153013316828,24.061195805244424,24.0,1.5,0.938099174105399,0.5148820256161002,0.02729488765613178
100.0,24.061195805244424,24.06086213117162,24.0,1.5,0.9381191706636951,0.5152916578938773,0.02730059996611588
100.10000000000001,24.06086213117162,24.060530398088993,24.0,1.5,0.9381133884671448,0.5152916578938773,0.02730059996611588
100.2,24.060530398088993,24.060200591624238,24.0,1.5,0.9381077007954207,0.5152916578938773,0.02730059996611588
100.30000000000001,24.060200591624238,24.05987269758484,24.0,1.5,0.9381021055023785,0.5152916578938773,0.02730059996611588
100.4,24.05987269758484,24.05954670195443,24.0,1.5,0.9380966004957695,0.5152916578938773,0.02730059996611588
100.5,24.05954670195443,24.059222590889263,24.0,1.5,0.9380911837358461,0.5152916578938773,0.02730059996611588
100.60000000000001,24.059222590889263,24.05890035071475,24.0,1.5,0.938085853234016,0.5152916578938773,0.02730059996611588
100.7,24.05890035071475,24.058579967922114,24.0,1.5,0.9380806070515245,0.5152916578938773,0.02730059996611588
100.80000000000001,24.058579967922114,24.05826142916508,24.0,1.5,0.9380754432981728,0.5152916578938773,0.02730059996611588
100.9,24.05826142916508,24.05794472125669,24.0,1.5,0.9380703601310655,0.5152916578938773,0.02730059996611588
101.0,24.05794472125669,24.057629831166164,24.0,1.5,0.9380653557534011,0.5152916578938773,0.02730059996611588
101.10000000000001,24.057629831166164,24.057316746015857,24.0,1.5,0.9380604284132783,0.5152916578938773,0.02730059996611588
101.2,24.057316746015857,24.057005453078272,24.0,1.5,0.9380555764025487,0.5152916578938773,0.02730059996611588
101.30000000000001,24.057005453078272,24.05669593977316,24.0,1.5,0.9380507980556875,0.5152916578938773,0.02730059996611588
101.4,24.05669593977316,24.056388193664684,24.0,1.5,0.9380460917487011,0.5152916578938773,0.02730059996611588
101.5,24.056388193664684,24.056082202458647,24.0,1.5,0.9380414558980595,0.5152916578938773,0.02730059996611588
101.60000000000001,24.056082202458647,24.0557779539998,24.0,1.5,0.9380368889596539,0.5152916578938773,0.02730059996611588
101.7,24.0557779539998,24.055475436269198,24.0,1.5,0.938032389427791,0.5152916578938773,0.02730059996611588
101.80000000000001,24.055475436269198,24.055174637381633,24.0,1.5,0.9380279558341995,0.5152916578938773,0.02730059996611588
101.9,24.055174637381633,24.054875545583112,24.0,1.5,0.9380235867470765,0.5152916578938773,0.02730059996611588
102.0,24.054875545583112,24.054577147645155,24.0,1.5,0.9380393174515304,0.5156562786709857,0.02730568735292902
102.10000000000001,24.054577147645155,24.05428046868373,24.0,1.5,0.9380344733343016,0.5156562786709857,0.02730568735292902
102.2,24.05428046868373,24.053985496353842,24.0,1.5,0.9380297055158173,0.5156562786709857,0.02730568735292902
102.30000000000001,24.053985496353842,24.053692218457712,24.0,1.5,0.9380250122903804,0.5156562786709857,0.02730568735292902
102.4,24.053692218457712,24.053400622941872,24.0,1.5,0.9380203919948946,0.5156562786709857,0.02730568735292902
102.5,24.053400622941872,24.053110697894358,24.0,1.5,0.9380158430077696,0.5156562786709857,0.02730568735292902
102.60000000000001,24.053110697894358,24.052822431541962,24.0,1.5,0.9380113637478548,0.5156562786709857,0.02730568735292902
102.7,24.052822431541962,24.05253581224755,24.0,1.5,0.9380069526734031,0.5156562786709857,0.02730568735292902
102.80000000000001,24.05253581224755,24.052250828507454,24.0,1.5,0.9380026082810584,0.5156562786709857,0.02730568735292902
102.9,24.052250828507454,24.051967468948902,24.0,1.5,0.9379983291048734,0.5156562786709857,0.02730568735292902
103.0,24.051967468948902,24.051685722327548,24.0,1.5,0.9379941137153491,0.5156562786709857,0.02730568735292902
103.10000000000001,24.051685722327548,24.05140557752502,24.0,1.5,0.937989960718502,0.5156562786709857,0.02730568735292902
103.2,24.05140557752502,24.05112702354656,24.0,1.5,0.9379858687549513,0.5156562786709857,0.02730568735292902
103.30000000000001,24.05112702354656,24.050850049518697,24.0,1.5,0.9379818364990338,0.5156562786709857,0.02730568735292902
103.4,24.050850049518697,24.050574644686996,24.0,1.5,0.9379778626579417,0.5156562786709857,0.02730568735292902
103.5,24.050574644686996,24.050300798413836,24.0,1.5,0.9379739459708797,0.5156562786709857,0.02730568735292902
103.60000000000001,24.050300798413836,24.050028500176264,24.0,1.5,0.9379700852082432,0.5156562786709857,0.02730568735292902
103.7,24.050028500176264,24.049757739563887,24.0,1.5,0.937966279170823,0.5156562786709857,0.02730568735292902
103.80000000000001,24.049757739563887,24.04948850627682,24.0,1.5,0.9379625266890258,0.5156562786709857,0.02730568735292902
103.9,24.04948850627682,24.049220790123677,24.0,1.5,0.9379588266221182,0.5156562786709857,0.02730568735292902
104.0,24.049220790123677,24.048953781552694,24.0,1.5,0.9379684039961667,0.5159245900323873,0.027309677835978895
104.10000000000001,24.048953781552694,24.048688297973598,24.0,1.5,0.9379643389089528,0.5159245900323873,0.027309677835978895
104.2,24.048688297973598,24.048424328736125,24.0,1.5,0.9379603355754518,0.5159245900323873,0.027309677835978895
104.30000000000001,24.048424328736125,24.048161863311194,24.0,1.5,0.9379563926365481,0.5159245900323873,0.027309677835978895
104.4,24.048161863311194,24.047900891288588,24.0,1.5,0.9379525087668935,0.5159245900323873,0.027309677835978895
104.5,24.047900891288588,24.047641402374722,24.0,1.5,0.9379486826740356,0.5159245900323873,0.027309677835978895
104.60000000000001,24.047641402374722,24.04738338639043,24.0,1.5,0.9379449130975824,0.5159245900323873,0.027309677835978895
104.7,24.04738338639043,24.04712683326883,24.0,1.5,0.9379411988083739,0.5159245900323873,0.027309677835978895
104.80000000000001,24.04712683326883,24.04687173305324,24.0,1.5,0.9379375386076919,0.5159245900323873,0.027309677835978895
104.9,24.04687173305324,24.046618075895125,24.0,1.5,0.9379339313264764,0.5159245900323873,0.027309677835978895
105.0,24.046618075895125,24.04636585205211,24.0,1.5,0.9379303758245698,0.5159245900323873,0.027309677835978895
105.10000000000001,24.04636585205211,24.046115051886023,24.0,1.5,0.9379268709899784,0.5159245900323873,0.027309677835978895
105.2,24.046115051886023,24.04586566586101,24.0,1.5,0.9379234157381503,0.5159245900323873,0.027309677835978895
105.30000000000001,24.04586566586101,24.04561768454167,24.0,1.5,0.9379200090112763,0.5159245900323873,0.027309677835978895
105.4,24.04561768454167,24.045371098591243,24.0,1.5,0.9379166497776056,0.5159245900323873,0.027309677835978895
105.5,24.045371098591243,24.04512589876984,24.0,1.5,0.9379133370307822,0.5159245900323873,0.027309677835978895
105.60000000000001,24.04512589876984,24.04488207593272,24.0,1.5,0.937910069789195,0.5159245900323873,0.027309677835978895
105.7,24.04488207593272,24.044639621028598,24.0,1.5,0.9379068470953462,0.5159245900323873,0.027309677835978895
105.80000000000001,24.044639621028598,24.044398525098003,24.0,1.5,0.9379036680152372,0.5159245900323873,0.027309677835978895
105.9,24.044398525098003,24.044158779271665,24.0,1.5,0.9379005316377689,0.5159245900323873,0.027309677835978895
106.0,24.044158779271665,24.043919847043806,24.0,1.5,0.9379071437152255,0.5161441205428787,0.02731249533053867
106.10000000000001,24.043919847043806,24.04368226869306,24.0,1.5,0.9379037763123381,0.5161441205428787,0.02731249533053867
106.2,24.04368226869306,24.043446035002955,24.0,1.5,0.9379004588194033,0.5161441205428787,0.02731249533053867
106.30000000000001,24.043446035002955,24.043211136857213,24.0,1.5,0.9378971901519956,0.5161441205428787,0.02731249533053867
106.4,24.043211136857213,24.04297756523791,24.0,1.5,0.9378939692525086,0.5161441205428787,0.02731249533053867
106.5,24.04297756523791,24.042745311223655,24.0,1.5,0.9378907950894667,0.5161441205428787,0.02731249533053867
106.60000000000001,24.042745311223655,24.04251436598786,24.0,1.5,0.9378876666568571,0.5161441205428787,0.02731249533053867
106.7,24.04251436598786,24.04228472079699,24.0,1.5,0.9378845829734863,0.5161441205428787,0.02731249533053867
106.80000000000001,24.04228472079699,24.042056367008904,24.0,1.5,0.9378815430823396,0.5161441205428787,0.02731249533053867
106.9,24.042056367008904,24.04182929607121,24.0,1.5,0.9378785460499709,0.5161441205428787,0.02731249533053867
107.0,24.04182929607121,24.04160349951966,24.0,1.5,0.9378755909658967,0.5161441205428787,0.02731249533053867
107.10000000000001,24.04160349951966,24.04137896897659,24.0,1.5,0.9378726769420115,0.5161441205428787,0.02731249533053867
107.2,24.04137896897659,24.041155696149403,24.0,1.5,0.93786980311202,0.5161441205428787,0.02731249533053867
107.30000000000001,24.041155696149403,24.040933672829055,24.0,1.5,0.9378669686308803,0.5161441205428787,0.02731249533053867
107.4,24.040933672829055,24.04071289088862,24.0,1.5,0.93786417267426,0.5161441205428787,0.02731249533053867
107.5,24.04071289088862,24.040493342281856,24.0,1.5,0.9378614144380114,0.5161441205428787,0.02731249533053867
107.60000000000001,24.040493342281856,24.040275019041818,24.0,1.5,0.9378586931376555,0.5161441205428787,0.02731249533053867
107.7,24.040275019041818,24.040057913279504,24.0,1.5,0.9378560080078838,0.5161441205428787,0.02731249533053867
107.80000000000001,24.040057913279504,24.039842017182522,24.0,1.5,0.9378533583020694,0.5161441205428787,0.02731249533053867
107.9,24.039842017182522,24.0396273230138,24.0,1.5,0.9378507432917895,0.5161441205428787,0.02731249533053867
108.0,24.0396273230138,24.03941343581372,24.0,1.5,0.9378559880127604,0.5163413661505031,0.02731487525101566
108.10000000000001,24.03941343581372,24.039200749740438,24.0,1.5,0.937853206511916,0.5163413661505031,0.02731487525101566
108.2,24.039200749740438,24.03898925681189,24.0,1.5,0.9378504642531664,0.5163413661505031,0.02731487525101566
108.30000000000001,24.03898925681189,24.0387789491291,24.0,1.5,0.9378477603741044,0.5163413661505031,0.02731487525101566
108.4,24.0387789491291,24.038569818874677,24.0,1.5,0.9378450940336424,0.5163413661505031,0.02731487525101566
108.5,24.038569818874677,24.038361858311383,24.0,1.5,0.9378424644114721,0.5163413661505031,0.02731487525101566
108.60000000000001,24.038361858311383,24.03815505978071,24.0,1.5,0.9378398707075326,0.5163413661505031,0.02731487525101566
108.7,24.03815505978071,24.03794941570149,24.0,1.5,0.9378373121414975,0.5163413661505031,0.02731487525101566
108.80000000000001,24.03794941570149,24.037744918568556,24.0,1.5,0.9378347879522659,0.5163413661505031,0.02731487525101566
108.9,24.037744918568556,24.037541560951418,24.0,1.5,0.9378322973974789,0.5163413661505031,0.02731487525101566
109.0,24.037541560951418,24.037339335492973,24.0,1.5,0.9378298397530401,0.5163413661505031,0.02731487525101566
109.10000000000001,24.037339335492973,24.037138234908248,24.0,1.5,0.9378274143126512,0.5163413661505031,0.02731487525101566
109.2,24.037138234908248,24.03693825198317,24.0,1.5,0.9378250203873567,0.5163413661505031,0.02731487525101566
109.30000000000001,24.03693825198317,24.036739379573362,24.0,1.5,0.9378226573051059,0.5163413661505031,0.02731487525101566
109.4,24.036739379573362,24.03654161060297,24.0,1.5,0.9378203244103208,0.5163413661505031,0.02731487525101566
109.5,24.03654161060297,24.036344938063518,24.0,1.5,0.9378180210634759,0.5163413661505031,0.02731487525101566
109.60000000000001,24.036344938063518,24.036149355012785,24.0,1.5,0.9378157466406918,0.5163413661505031,0.02731487525101566
109.7,24.036149355012785,24.035954854573713,24.0,1.5,0.9378135005333385,0.5163413661505031,0.02731487525101566
109.80000000000001,24.035954854573713,24.03576142993333,24.0,1.5,0.9378112821476461,0.5163413661505031,0.02731487525101566
109.9,24.03576142993333,24.035569074341712,24.0,1.5,0.9378090909043264,0.5163413661505031,0.02731487525101566
110.0,24.035569074341712,24.035377468862368,24.0,1.5,0.9378132237587907,0.5165182004816229,0.027317036430046824
110.10000000000001,24.035377468862368,24.035186930001686,24.0,1.5,0.937810896801969,0.5165182004816229,0.027317036430046824
110.2,24.035186930001686,24.03499745087412,24.0,1.5,0.9378086002773994,0.5165182004816229,0.027317036430046824
110.30000000000001,24.03499745087412,24.034809024662867,24.0,1.5,0.9378063335234486,0.5165182004816229,0.027317036430046824
110.4,24.034809024662867,24.034621644618692,24.0,1.5,0.9378040958953697,0.5165182004816229,0.027317036430046824
110.5,24.034621644618692,24.03443530405875,24.0,1.5,0.9378018867648783,0.5165182004816229,0.027317036430046824
110.60000000000001,24.03443530405875,24.034249996365446,24.0,1.5,0.9377997055197255,0.5165182004816229,0.027317036430046824
110.7,24.034249996365446,24.034065714985328,24.0,1.5,0.9377975515632891,0.5165182004816229,0.027317036430046824
110.80000000000001,24.034065714985328,24.033882453428,24.0,1.5,0.9377954243141752,0.5165182004816229,0.027317036430046824
110.9,24.033882453428,24.033700205265053,24.0,1.5,0.9377933232058298,0.5165182004816229,0.027317036430046824
111.0,24.033700205265053,24.03351896412903,24.0,1.5,0.9377912476861558,0.5165182004816229,0.027317036430046824
111.10000000000001,24.03351896412903,24.033338723712422,24.0,1.5,0.9377891972171453,0.5165182004816229,0.027317036430046824
111.2,24.033338723712422,24.03315947776666,24.0,1.5,0.9377871712745233,0.5165182004816229,0.027317036430046824
111.30000000000001,24.03315947776666,24.032981220101156,24.0,1.5,0.9377851693473898,0.5165182004816229,0.027317036430046824
111.4,24.032981220101156,24.03280394458236,24.0,1.5,0.937783190937883,0.5165182004816229,0.027317036430046824
111.5,24.03280394458236,24.032627645132823,24.0,1.5,0.9377812355608446,0.5165182004816229,0.027317036430046824
111.60000000000001,24.032627645132823,24.032452315730307,24.0,1.5,0.9377793027434969,0.5165182004816229,0.027317036430046824
111.7,24.032452315730307,24.03227795040689,24.0,1.5,0.937777392025122,0.5165182004816229,0.027317036430046824
111.80000000000001,24.03227795040689,24.03210454324811,24.0,1.5,0.9377755029567594,0.5165182004816229,0.027317036430046824
111.9,24.03210454324811,24.031932088392118,24.0,1.5,0.9377736351009037,0.5165182004816229,0.027317036430046824
112.0,24.031932088392118,24.031760328756725,24.0,1.5,0.9377768552881447,0.5166766944584471,0.027318982201713846
112.10000000000001,24.031760328756725,24.031589518622052,24.0,1.5,0.9377748770730912,0.5166766944584471,0.027318982201713846
112.2,24.031589518622052,24.031419652038196,24.0,1.5,0.937772922807028,0.5166766944584471,0.027318982201713846
112.30000000000001,24.031419652038196,24.03125072311132,24.0,1.5,0.9377709919934634,0.5166766944584471,0.027318982201713846
112.4,24.03125072311132,24.031082726002715,24.0,1.5,0.9377690841487739,0.5166766944584471,0.027318982201713846
112.5,24.031082726002715,24.03091565492786,24.0,1.5,0.9377671988018662,0.5166766944584471,0.027318982201713846
112.60000000000001,24.03091565492786,24.03074950415551,24.0,1.5,0.9377653354938431,0.5166766944584471,0.027318982201713846
112.7,24.03074950415551,24.030584268006812,24.0,1.5,0.9377634937776766,0.5166766944584471,0.027318982201713846
112.80000000000001,24.030584268006812,24.03041994085444,24.0,1.5,0.9377616732178964,0.5166766944584471,0.027318982201713846
112.9,24.03041994085444,24.03025651712173,24.0,1.5,0.9377598733902767,0.5166766944584471,0.027318982201713846
113.0,24.03025651712173,24.030093991281873,24.0,1.5,0.9377580938815384,0.5166766944584471,0.027318982201713846
113.10000000000001,24.030093991281873,24.029932357857078,24.0,1.5,0.9377563342890572,0.5166766944584471,0.027318982201713846
113.2,24.029932357857078,24.029771611417797,24.0,1.5,0.9377545942205752,0.5166766944584471,0.027318982201713846
113.30000000000001,24.029771611417797,24.029611746581953,24.0,1.5,0.9377528732939252,0.5166766944584471,0.027318982201713846
113.4,24.029611746581953,24.029452758014173,24.0,1.5,0.9377511711367646,0.5166766944584471,0.027318982201713846
113.5,24.029452758014173,24.029294640425054,24.0,1.5,0.9377494873863057,0.5166766944584471,0.027318982201713846
113.60000000000001,24.029294640425054,24.029137388570433,24.0,1.5,0.9377478216890613,0.5166766944584471,0.027318982201713846
113.7,24.029137388570433,24.02898099725069,24.0,1.5,0.9377461737005947,0.5166766944584471,0.027318982201713846
113.80000000000001,24.02898099725069,24.028825461310053,24.0,1.5,0.9377445430852765,0.5166766944584471,0.027318982201713846
113.9,24.028825461310053,24.028670775635913,24.0,1.5,0.9377429295160463,0.5166766944584471,0.027318982201713846
114.0,24.028670775635913,24.028516732973785,24.0,1.5,0.9377454106115461,0.5168187528624286,0.02732073057996242
114.10000000000001,24.028516732973785,24.02836353753375,24.0,1.5,0.9377437082728771,0.5168187528624286,0.02732073057996242
114.2,24.02836353753375,24.0282111841347,24.0,1.5,0.9377420252533395,0.5168187528624286,0.02732073057996242
114.30000000000001,24.0282111841347,24.02805966764118,24.0,1.5,0.9377403611757573,0.5168187528624286,0.02732073057996242
114.4,24.02805966764118,24.027908982962646,24.0,1.5,0.9377387156725167,0.5168187528624286,0.02732073057996242
114.5,24.027908982962646,24.027759125052736,24.0,1.5,0.9377370883853096,0.5168187528624286,0.02732073057996242
114.60000000000001,24.027759125052736,24.02761008890857,24.0,1.5,0.9377354789648731,0.5168187528624286,0.02732073057996242
114.7,24.02761008890857,24.027461869570057,24.0,1.5,0.9377338870707501,0.5168187528624286,0.02732073057996242
114.80000000000001,24.027461869570057,24.027314462119218,24.0,1.5,0.9377323123710443,0.5168187528624286,0.02732073057996242
114.9,24.027314462119218,24.027167861679526,24.0,1.5,0.9377307545421885,0.5168187528624286,0.02732073057996242
115.0,24.027167861679526,24.027022063415274,24.0,1.5,0.9377292132687159,0.5168187528624286,0.02732073057996242
115.10000000000001,24.027022063415274,24.026877062530932,24.0,1.5,0.9377276882430436,0.5168187528624286,0.02732073057996242
115.2,24.026877062530932,24.026732854270538,24.0,1.5,0.9377261791652532,0.5168187528624286,0.02732073057996242
115.30000000000001,24.026732854270538,24.026589433917103,24.0,1.5,0.9377246857428797,0.5168187528624286,0.02732073057996242
115.4,24.026589433917103,24.02644679679202,24.0,1.5,0.9377232076907145,0.5168187528624286,0.02732073057996242
115.5,24.02644679679202,24.02630493825449,24.0,1.5,0.9377217447306027,0.5168187528624286,0.02732073057996242
115.60000000000001,24.02630493825449,24.026163853700965,24.0,1.5,0.9377202965912518,0.5168187528624286,0.02732073057996242
115.7,24.026163853700965,24.0260235385646,24.0,1.5,0.93771886300804,0.5168187528624286,0.02732073057996242
115.80000000000001,24.0260235385646,24.02588398831472,24.0,1.5,0.937717443722843,0.5168187528624286,0.02732073057996242
115.9,24.02588398831472,24.025745198456296,24.0,1.5,0.9377160384838465,0.5168187528624286,0.02732073057996242
116.0,24.025745198456296,24.025607001819054,24.0,1.5,0.9377179294608441,0.5169460920678784,0.027322300716727976
116.10000000000001,24.025607001819054,24.025469562364012,24.0,1.5,0.9377164534697006,0.5169460920678784,0.027322300716727976
116.2,24.025469562364012,24.025332875543874,24.0,1.5,0.9377149933847241,0.5169460920678784,0.027322300716727976
116.30000000000001,24.025332875543874,24.025196936849067,24.0,1.5,0.9377135489115794,0.5169460920678784,0.027322300716727976
116.4,24.025196936849067,24.025061741807182,24.0,1.5,0.937712119763111,0.5169460920678784,0.027322300716727976
116.5,24.025061741807182,24.02492728598241,24.0,1.5,0.9377107056591557,0.5169460920678784,0.027322300716727976
116.60000000000001,24.02492728598241,24.024793564975006,24.0,1.5,0.937709306326351,0.5169460920678784,0.027322300716727976
116.7,24.024793564975006,24.02466057442075,24.0,1.5,0.9377079214979542,0.5169460920678784,0.027322300716727976
116.80000000000001,24.02466057442075,24.02452830999043,24.0,1.5,0.9377065509136666,0.5169460920678784,0.027322300716727976
116.9,24.02452830999043,24.02439676738934,24.0,1.5,0.9377051943194562,0.5169460920678784,0.027322300716727976
117.0,24.02439676738934,24.024265942356777,24.0,1.5,0.9377038514673957,0.5169460920678784,0.027322300716727976
117.10000000000001,24.024265942356777,24.024135830665564,24.0,1.5,0.937702522115492,0.5169460920678784,0.027322300716727976
117.2,24.024135830665564,24.024006428121574,24.0,1.5,0.9377012060275361,0.5169460920678784,0.027322300716727976
117.30000000000001,24.024006428121574,24.023877730563267,24.0,1.5,0.9376999029729439,0.5169460920678784,0.027322300716727976
117.4,24.023877730563267,24.023749733861237,24.0,1.5,0.9376986127266069,0.5169460920678784,0.027322300716727976
117.5,24.023749733861237,24.023622433917772,24.0,1.5,0.9376973350687448,0.5169460920678784,0.027322300716727976
117.60000000000001,24.023622433917772,24.023495826666426,24.0,1.5,0.9376960697847665,0.5169460920678784,0.027322300716727976
117.7,24.023495826666426,24.02336990807159,24.0,1.5,0.9376948166651325,0.5169460920678784,0.027322300716727976
117.80000000000001,24.02336990807159,24.02324467412808,24.0,1.5,0.9376935755052187,0.5169460920678784,0.027322300716727976
117.9,24.02324467412808,24.02312012086074,24.0,1.5,0.9376923461051857,0.5169460920678784,0.027322300716727976
118.0,24.02312012086074,24.022996113355113,24.0,1.5,0.9376937701324957,0.5170602178931091,0.02732371064323603
118.10000000000001,24.022996113355113,24.022872783231794,24.0,1.5,0.9376924846993397,0.5170602178931091,0.02732371064323603
118.2,24.022872783231794,24.022750126477664,24.0,1.5,0.9376912125299667,0.5170602178931091,0.02732371064323603
118.30000000000001,24.022750126477664,24.02262813911137,24.0,1.5,0.9376899533892477,0.5170602178931091,0.02732371064323603
118.4,24.02262813911137,24.02250681718286,24.0,1.5,0.9376887070475981,0.5170602178931091,0.02732371064323603
118.5,24.02250681718286,24.02238615677298,24.0,1.5,0.9376874732808296,0.5170602178931091,0.02732371064323603
118.60000000000001,24.02238615677298,24.02226615399302,24.0,1.5,0.9376862518700135,0.5170602178931091,0.02732371064323603
118.7,24.02226615399302,24.022146804984303,24.0,1.5,0.937685042601343,0.5170602178931091,0.02732371064323603
118.80000000000001,24.022146804984303,24.02202810591779,24.0,1.5,0.9376838452659968,0.5170602178931091,0.02732371064323603
118.9,24.02202810591779,24.02191005299368,24.0,1.5,0.9376826596600142,0.5170602178931091,0.02732371064323603
119.0,24.02191005299368,24.021792642441003,24.0,1.5,0.9376814855841676,0.5170602178931091,0.02732371064323603
119.10000000000001,24.021792642441003,24.021675870517264,24.0,1.5,0.9376803228438392,0.5170602178931091,0.02732371064323603
119.2,24.021675870517264,24.021559733508052,24.0,1.5,0.9376791712489021,0.5170602178931091,0.02732371064323603
119.30000000000001,24.021559733508052,24.021444227726686,24.0,1.5,0.9376780306136058,0.5170602178931091,0.02732371064323603
119.4,24.021444227726686,24.02132934951385,24.0,1.5,0.9376769007564618,0.5170602178931091,0.02732371064323603
119.5,24.02132934951385,24.021215095237253,24.0,1.5,0.9376757815001333,0.5170602178931091,0.02732371064323603
119.60000000000001,24.021215095237253,24.021101461291277,24.0,1.5,0.9376746726713344,0.5170602178931091,0.02732371064323603
119.7,24.021101461291277,24.020988444096655,24.0,1.5,0.9376735741007155,0.5170602178931091,0.02732371064323603
119.80000000000001,24.020988444096655,24.02087604010013,24.0,1.5,0.9376724856227736,0.5170602178931091,0.02732371064323603
119.9,24.02087604010013,24.020764245774142,24.0,1.5,0.9376714070757457,0.5170602178931091,0.02732371064323603
