controller,minute,zone_c,measurement_c,setpoint_c,outdoor_c,internal_load_w,command_pct,requested_command_pct,kp,ki,inference_us,fallback_active
Bayesian Auto-tune,0.0,28.526330420675666,28.50054590160386,24.5,32.96472381958992,550.0,30.0,100.0,0.6092581725278857,0.001754062939928975,0.0,0
Bayesian Auto-tune,1.0,28.5525626650239,28.50315598837741,24.5,32.98159220717789,550.0,35.0,100.0,0.6092581725278857,0.001754062939928975,0.0,0
Bayesian Auto-tune,2.0,28.578697285727706,28.541479202913607,24.5,32.99847998378223,550.0,40.0,100.0,0.6092581725278857,0.001754062939928975,0.0,0
Bayesian Auto-tune,3.0,28.60473483208834,28.526406095042564,24.5,33.01538682788403,550.0,45.0,100.0,0.6092581725278857,0.001754062939928975,0.0,0
Bayesian Auto-tune,4.0,28.63067585004166,28.527773548921083,24.5,33.03231241760133,550.0,50.0,100.0,0.6092581725278857,0.001754062939928975,0.0,0
Bayesian Auto-tune,5.0,28.656520882174426,28.566441388939126,24.5,33.04925643069531,550.0,55.00000000000001,100.0,0.6092581725278857,0.001754062939928975,0.0,0
Bayesian Auto-tune,6.0,28.682270467740548,28.581079560601125,24.5,33.06621854457638,550.0,60.0,100.0,0.6092581725278857,0.001754062939928975,0.0,0
Bayesian Auto-tune,7.0,28.707925142677215,28.65053783297254,24.5,33.08319843631034,550.0,65.0,100.0,0.6092581725278857,0.001754062939928975,0.0,0
Bayesian Auto-tune,8.0,28.724179317172005,28.693329207642453,24.5,33.10019578262454,550.0,70.0,100.0,0.6092581725278857,0.001754062939928975,0.0,0
Bayesian Auto-tune,9.0,28.7310782876382,28.721428695047347,24.5,33.117210259913996,550.0,75.0,100.0,0.6092581725278857,0.001754062939928975,0.0,0
Bayesian Auto-tune,10.0,28.728667118514835,28.75533281307241,24.5,33.13424154424759,550.0,80.0,100.0,0.6092581725278857,0.001754062939928975,0.0,0
Bayesian Auto-tune,11.0,28.716990643455325,28.75258729846935,24.5,33.151289311374214,550.0,85.0,100.0,0.6092581725278857,0.001754062939928975,0.0,0
Bayesian Auto-tune,12.0,28.696093466510035,28.72911881971775,24.5,33.16835323672896,550.0,90.0,100.0,0.6092581725278857,0.001754062939928975,0.0,0
Bayesian Auto-tune,13.0,28.66601996330277,28.726026211740134,24.5,33.18543299543929,550.0,95.0,100.0,0.6092581725278857,0.001754062939928975,0.0,0
Bayesian Auto-tune,14.0,28.626814282201238,28.698923965731854,24.5,33.202528262331214,550.0,100.0,100.0,0.6092581725278857,0.001754062939928975,0.0,0
Bayesian Auto-tune,15.0,28.578520345481547,28.656429873135934,24.5,33.21963871193549,550.0,100.0,100.0,0.6092581725278857,0.001754062939928975,0.0,0
Bayesian Auto-tune,16.0,28.521181850486713,28.615558298601993,24.5,33.23676401849382,550.0,100.0,100.0,0.6092581725278857,0.001754062939928975,0.0,0
Bayesian Auto-tune,17.0,28.45484227077925,28.575789763537486,24.5,33.25390385596506,550.0,100.0,100.0,0.6092581725278857,0.001754062939928975,0.0,0
Bayesian Auto-tune,18.0,28.379544857287858,28.53864603566728,24.5,33.27105789803141,550.0,100.0,100.0,0.6092581725278857,0.001754062939928975,0.0,0
Bayesian Auto-tune,19.0,28.295332639448244,28.48686409105829,24.5,33.288225818104635,550.0,100.0,100.0,0.6092581725278857,0.001754062939928975,0.0,0
Bayesian Auto-tune,20.0,28.20224842633808,28.399648850131552,24.5,33.30540728933228,550.0,100.0,100.0,0.6092581725278857,0.001754062939928975,0.0,0
Bayesian Auto-tune,21.0,28.100334807806185,28.33741842731461,24.5,33.3226019846039,550.0,100.0,100.0,0.6092581725278857,0.001754062939928975,0.0,0
Bayesian Auto-tune,22.0,27.9896341555959,28.265822888514737,24.5,33.339809576557286,550.0,100.0,100.0,0.6092581725278857,0.001754062939928975,0.0,0
Bayesian Auto-tune,23.0,27.87173964487089,28.191727456542587,24.5,33.357029737584696,550.0,100.0,100.0,0.6092581725278857,0.001754062939928975,0.0,0
Bayesian Auto-tune,24.0,27.747978270340628,28.095657294882024,24.5,33.374262139839075,550.0,100.0,100.0,0.6092581725278857,0.001754062939928975,0.0,0
Bayesian Auto-tune,25.0,27.619455212913937,27.97572086245006,24.5,33.39150645524033,550.0,100.0,100.0,0.6092581725278857,0.001754062939928975,0.0,0
Bayesian Auto-tune,26.0,27.487090811893484,27.853231439611346,24.5,33.40876235548156,550.0,100.0,100.0,0.6092581725278857,0.001754062939928975,0.0,0
Bayesian Auto-tune,27.0,27.351651375121214,27.738102410829327,24.5,33.426029512035285,550.0,100.0,100.0,0.6092581725278857,0.001754062939928975,0.0,0
Bayesian Auto-tune,28.0,27.213774854082956,27.603916879347604,24.5,33.44330759615974,550.0,100.0,100.0,0.6092581725278857,0.001754062939928975,0.0,0
Bayesian Auto-tune,29.0,27.073992239812448,27.48825059395754,24.5,33.46059627890511,550.0,100.0,100.0,0.6092581725278857,0.001754062939928975,0.0,0
Bayesian Auto-tune,30.0,26.93274539279492,27.347625927969958,24.5,33.477895231119795,550.0,100.0,100.0,0.6092581725278857,0.001754062939928975,0.0,0
Bayesian Auto-tune,31.0,26.790401901203804,27.2392662916573,24.5,33.49520412345668,550.0,100.0,100.0,0.6092581725278857,0.001754062939928975,0.0,0
Bayesian Auto-tune,32.0,26.647267462748374,27.06421104125832,24.5,33.51252262637941,550.0,100.0,100.0,0.6092581725278857,0.001754062939928975,0.0,0
Bayesian Auto-tune,33.0,26.503596202864006,26.937302254985138,24.5,33.52985041016865,550.0,100.0,100.0,0.6092581725278857,0.001754062939928975,0.0,0
Bayesian Auto-tune,34.0,26.35959927318797,26.800548455365103,24.5,33.54718714492837,550.0,100.0,100.0,0.6092581725278857,0.001754062939928975,0.0,0
Bayesian Auto-tune,35.0,26.215452016939953,26.662564943918778,24.5,33.56453250059214,550.0,100.0,100.0,0.6092581725278857,0.001754062939928975,0.0,0
Bayesian Auto-tune,36.0,26.071299940056583,26.511522610610758,24.5,33.581886146929385,550.0,100.0,100.0,0.6092581725278857,0.001754062939928975,0.0,0
Bayesian Auto-tune,37.0,25.927263687121076,26.345490599717664,24.5,33.599247753551694,550.0,100.0,100.0,0.6092581725278857,0.001754062939928975,0.0,0
Bayesian Auto-tune,38.0,25.783443187955523,26.18428943250447,24.5,33.6166169899191,550.0,100.0,100.0,0.6092581725278857,0.001754062939928975,0.0,0
Bayesian Auto-tune,39.0,25.63992111309882,26.08004896590535,24.5,33.63399352534639,550.0,97.0,96.54292508064357,0.6092581725278857,0.001754062939928975,0.0,0
Bayesian Auto-tune,40.0,25.496765753356037,25.908778710020197,24.5,33.65137702900937,550.0,92.0,86.35525342232727,0.6092581725278857,0.001754062939928975,0.0,0
Bayesian Auto-tune,41.0,25.354033419407436,25.749813799507173,24.5,33.66876716995118,550.0,87.0,76.88941154155759,0.6092581725278857,0.001754062939928975,0.0,0
Bayesian Auto-tune,42.0,25.21177044146721,25.64148569195132,24.5,33.686163617088624,550.0,82.0,70.48965683214041,0.6092581725278857,0.001754062939928975,0.0,0
Bayesian Auto-tune,43.0,25.070014835650454,25.51712070438729,24.5,33.7035660392184,550.0,77.0,63.09102770046887,0.6092581725278857,0.001754062939928975,0.0,0
Bayesian Auto-tune,44.0,24.92879769259709,25.383657997160398,24.5,33.7209741050235,550.0,72.0,55.11470236434004,0.6092581725278857,0.001754062939928975,0.0,0
Bayesian Auto-tune,45.0,24.788144334643277,25.241179265849787,24.5,33.73838748307943,550.0,67.0,46.56407672630768,0.6092581725278857,0.001754062939928975,0.0,0
Bayesian Auto-tune,46.0,24.648075280115854,25.106127950258944,24.5,33.75580584186057,550.0,62.0,38.44228361031173,0.6092581725278857,0.001754062939928975,0.0,0
Bayesian Auto-tune,47.0,24.50953765914093,24.960728835719166,24.5,33.77322884974649,550.0,57.00000000000001,29.66453846675311,0.6092581725278857,0.001754062939928975,0.0,0
Bayesian Auto-tune,48.0,24.373936100436783,24.815115748854932,24.5,33.790656175028225,550.0,52.0,20.848215432533802,0.6092581725278857,0.001754062939928975,0.0,0
Bayesian Auto-tune,49.0,24.24243311465075,24.642678793996154,24.5,33.808087485914626,550.0,0.0,10.367379791666774,0.6092581725278857,0.001754062939928975,0.0,0
Bayesian Auto-tune,50.0,24.1159894882223,24.49264741074943,24.5,33.82552245053866,550.0,0.0,1.2253054633621203,0.6092581725278857,0.001754062939928975,0.0,0
Bayesian Auto-tune,51.0,23.995397944726033,24.38188923903332,24.5,33.842960736963725,550.0,0.0,0.0,0.6092581725278857,0.001754062939928975,0.0,0
Bayesian Auto-tune,52.0,23.881311195782395,24.25022293685194,24.5,33.86040201319,550.0,0.0,0.0,0.6092581725278857,0.001754062939928975,0.0,0
Bayesian Auto-tune,53.0,23.774265316609192,24.158265725472518,24.5,33.87784594716071,550.0,0.0,0.0,0.6092581725278857,0.001754062939928975,0.0,0
Bayesian Auto-tune,54.0,23.674699225441515,24.03535153556828,24.5,33.89529220676851,550.0,0.0,0.0,0.6092581725278857,0.001754062939928975,0.0,0
Bayesian Auto-tune,55.0,23.5829709161764,23.91983741247014,24.5,33.91274045986176,550.0,0.0,0.0,0.6092581725278857,0.001754062939928975,0.0,0
Bayesian Auto-tune,56.0,23.49937098537249,23.799888884564385,24.5,33.93019037425087,550.0,0.0,0.0,0.6092581725278857,0.001754062939928975,0.0,0
Bayesian Auto-tune,57.0,23.438713496383308,23.717068641056034,24.5,33.94764161771462,550.0,0.0,0.0,0.6092581725278857,0.001754062939928975,0.0,0
Bayesian Auto-tune,58.0,23.397135101618392,23.621959961139844,24.5,33.965093858006504,550.0,0.0,0.0,0.6092581725278857,0.001754062939928975,0.0,0
Bayesian Auto-tune,59.0,23.371416550160827,23.545492621995024,24.5,33.98254676286101,550.0,0.0,0.0,0.6092581725278857,0.001754062939928975,0.0,0
Bayesian Auto-tune,60.0,23.35887533717025,23.46712232519479,24.5,34.0,550.0,0.0,0.0,0.6092581725278857,0.001754062939928975,0.0,0
Bayesian Auto-tune,61.0,23.35727624505788,23.440203329854793,24.5,34.01745323713899,550.0,0.0,0.0,0.6092581725278857,0.001754062939928975,0.0,0
Bayesian Auto-tune,62.0,23.36475679447152,23.37979304171282,24.5,34.034906141993496,550.0,0.0,0.0,0.6092581725278857,0.001754062939928975,0.0,0
Bayesian Auto-tune,63.0,23.379765120122237,23.378088696562457,24.5,34.05235838228538,550.0,0.0,0.0,0.6092581725278857,0.001754062939928975,0.0,0
Bayesian Auto-tune,64.0,23.40100820064563,23.38512644971517,24.5,34.06980962574913,550.0,0.0,0.0,0.6092581725278857,0.001754062939928975,0.0,0
Bayesian Auto-tune,65.0,23.42740871682538,23.38254562407865,24.5,34.08725954013824,550.0,0.0,0.0,0.6092581725278857,0.001754062939928975,0.0,0
Bayesian Auto-tune,66.0,23.45806910011851,23.373187553150064,24.5,34.10470779323149,550.0,0.0,0.0,0.6092581725278857,0.001754062939928975,0.0,0
Bayesian Auto-tune,67.0,23.492241573098863,23.3798974293816,24.5,34.12215405283929,550.0,0.0,0.0,0.6092581725278857,0.001754062939928975,0.0,0
Bayesian Auto-tune,68.0,23.529303183165606,23.462440053090326,24.5,34.13959798681,550.0,0.0,0.0,0.6092581725278857,0.001754062939928975,0.0,0
Bayesian Auto-tune,69.0,23.568734997305985,23.47642032792735,24.5,34.157039263036275,550.0,0.0,0.0,0.6092581725278857,0.001754062939928975,0.0,0
Bayesian Auto-tune,70.0,23.610104764403214,23.50403303860385,24.5,34.17447754946134,550.0,0.0,0.0,0.6092581725278857,0.001754062939928975,0.0,0
Bayesian Auto-tune,71.0,23.653052467165303,23.514655695946068,24.5,34.191912514085374,550.0,0.0,0.0,0.6092581725278857,0.001754062939928975,0.0,0
Bayesian Auto-tune,72.0,23.6972782820713,23.570182456092795,24.5,34.209343824971775,550.0,0.0,0.0,0.6092581725278857,0.001754062939928975,0.0,0
Bayesian Auto-tune,73.0,23.742532545998678,23.647965520261785,24.5,34.22677115025351,550.0,0.0,0.0,0.6092581725278857,0.001754062939928975,0.0,0
Bayesian Auto-tune,74.0,23.788607395085016,23.66433060119498,24.5,34.24419415813943,550.0,0.0,0.0,0.6092581725278857,0.001754062939928975,0.0,0
Bayesian Auto-tune,75.0,23.83532979711817,23.716310947977597,24.5,34.26161251692057,550.0,0.0,0.0,0.6092581725278857,0.001754062939928975,0.0,0
Bayesian Auto-tune,76.0,23.882555745200236,23.730139380038146,24.5,34.2790258949765,550.0,0.0,0.0,0.6092581725278857,0.001754062939928975,0.0,0
Bayesian Auto-tune,77.0,23.930165419139584,23.76734842034424,24.5,34.2964339607816,550.0,0.0,0.0,0.6092581725278857,0.001754062939928975,0.0,0
Bayesian Auto-tune,78.0,23.978059153282953,23.804846288692413,24.5,34.313836382911376,550.0,0.0,0.0,0.6092581725278857,0.001754062939928975,0.0,0
Bayesian Auto-tune,79.0,24.02615407638091,23.885112764140057,24.5,34.33123283004882,550.0,0.0,0.0,0.6092581725278857,0.001754062939928975,0.0,0
Bayesian Auto-tune,80.0,24.074381311481062,23.946696282284886,24.5,34.34862297099063,550.0,0.0,0.0,0.6092581725278857,0.001754062939928975,0.0,0
Bayesian Auto-tune,81.0,24.122683642511078,23.981382802287737,24.5,34.36600647465361,550.0,0.0,0.0,0.6092581725278857,0.001754062939928975,0.0,0
Bayesian Auto-tune,82.0,24.171013569769794,24.003323514184476,24.5,34.3833830100809,550.0,0.0,0.0,0.6092581725278857,0.001754062939928975,0.0,0
Bayesian Auto-tune,83.0,24.219331689508444,24.049239454618583,24.5,34.400752246448306,550.0,0.0,0.0,0.6092581725278857,0.001754062939928975,0.0,0
Bayesian Auto-tune,84.0,24.267605343586908,24.12341394593295,24.5,34.418113853070615,550.0,0.0,0.0,0.6092581725278857,0.001754062939928975,0.0,0
Bayesian Auto-tune,85.0,24.315807494192466,24.15815046356762,24.5,34.43546749940786,550.0,0.0,0.0,0.6092581725278857,0.001754062939928975,0.0,0
Bayesian Auto-tune,86.0,24.36391578611064,24.221496755004413,24.5,34.45281285507163,550.0,0.0,0.0,0.6092581725278857,0.001754062939928975,0.0,0
Bayesian Auto-tune,87.0,24.411911765289368,24.255041163722968,24.5,34.47014958983135,550.0,0.0,0.0,0.6092581725278857,0.001754062939928975,0.0,0
Bayesian Auto-tune,88.0,24.459780227647666,24.31523443802666,24.5,34.48747737362059,550.0,0.0,0.0,0.6092581725278857,0.001754062939928975,0.0,0
Bayesian Auto-tune,89.0,24.50750867642126,24.354574477444586,24.5,34.50479587654332,550.0,0.0,0.0,0.6092581725278857,0.001754062939928975,0.0,0
Bayesian Auto-tune,90.0,24.58202564546594,24.420186234738793,24.5,34.522104768880205,1650.0,0.0,0.0,0.6092581725278857,0.001754062939928975,0.0,0
Bayesian Auto-tune,91.0,24.656254407031174,24.461012208537717,24.5,34.53940372109489,1650.0,0.0,0.0,0.6092581725278857,0.001754062939928975,0.0,0
Bayesian Auto-tune,92.0,24.730188824033448,24.51286716543157,24.5,34.55669240384026,1650.0,0.0,2.459467523824827,0.6092581725278857,0.001754062939928975,0.0,0
Bayesian Auto-tune,93.0,24.803824058565954,24.611583262020407,24.5,34.573970487964715,1650.0,0.0,8.493398790967625,0.6092581725278857,0.001754062939928975,0.0,0
Bayesian Auto-tune,94.0,24.877156353853465,24.64442798774721,24.5,34.59123764451844,1650.0,0.0,10.51982412639643,0.6092581725278857,0.001754062939928975,0.0,0
Bayesian Auto-tune,95.0,24.950182852555862,24.741061265399168,24.5,34.60849354475967,1650.0,25.0,16.44956920434646,0.6092581725278857,0.001754062939928975,0.0,0
Bayesian Auto-tune,96.0,25.022901445362155,24.793612679167246,24.5,34.625737860160925,1650.0,25.0,19.70280854787815,0.6092581725278857,0.001754062939928975,0.0,0
Bayesian Auto-tune,97.0,25.095310644826547,24.876227497202052,24.5,34.642970262415304,1650.0,25.0,24.802176524821533,0.6092581725278857,0.001754062939928975,0.0,0
Bayesian Auto-tune,98.0,25.16740948023948,24.942530931430973,24.5,34.66019042344271,1650.0,28.999999999999996,28.919390152544583,0.6092581725278857,0.001754062939928975,0.0,0
Bayesian Auto-tune,99.0,25.239197410027842,25.0129092821706,24.5,34.6773980153961,1650.0,33.0,33.297216204599884,0.6092581725278857,0.001754062939928975,0.0,0
Bayesian Auto-tune,100.0,25.310674248762695,25.12559954335926,24.5,34.69459271066772,1650.0,38.0,40.27269656137353,0.6092581725278857,0.001754062939928975,0.0,0
Bayesian Auto-tune,101.0,25.381840106339983,25.203819387099593,24.5,34.711774181895365,1650.0,43.0,45.16175881697015,0.6092581725278857,0.001754062939928975,0.0,0
Bayesian Auto-tune,102.0,25.452695337305304,25.243016491885147,24.5,34.72894210196859,1650.0,48.0,47.6802042291904,0.6092581725278857,0.001754062939928975,0.0,0
Bayesian Auto-tune,103.0,25.51548539659121,25.309717698658975,24.5,34.74609614403494,1650.0,52.0,51.886059344335365,0.6092581725278857,0.001754062939928975,0.0,0
Bayesian Auto-tune,104.0,25.571540831312664,25.394000358326668,24.5,34.76323598150618,1650.0,57.00000000000001,57.1778625545106,0.6092581725278857,0.001754062939928975,0.0,0
Bayesian Auto-tune,105.0,25.621970498791335,25.456802162308293,24.5,34.78036128806451,1650.0,61.0,61.1719429084154,0.6092581725278857,0.001754062939928975,0.0,0
Bayesian Auto-tune,106.0,25.666457698080574,25.49853303029366,24.5,34.797471737668786,1650.0,64.0,63.8895791233655,0.6092581725278857,0.001754062939928975,0.0,0
Bayesian Auto-tune,107.0,25.704744547833144,25.547108262889775,24.5,34.81456700456071,1650.0,67.0,67.03273424733091,0.6092581725278857,0.001754062939928975,0.0,0
Bayesian Auto-tune,108.0,25.73631194801622,25.628294650273578,24.5,34.83164676327104,1650.0,72.0,72.17699123162704,0.6092581725278857,0.001754062939928975,0.0,0
Bayesian Auto-tune,109.0,25.76073478189788,25.651580896814536,24.5,34.848710688625786,1650.0,74.0,73.79771937022814,0.6092581725278857,0.001754062939928975,0.0,0
Bayesian Auto-tune,110.0,25.777666213919865,25.696237894452825,24.5,34.86575845575241,1650.0,77.0,76.72831110319652,0.6092581725278857,0.001754062939928975,0.0,0
Bayesian Auto-tune,111.0,25.787134808869318,25.751373278611883,24.5,34.882789740086004,1650.0,80.0,80.30697819183665,0.6092581725278857,0.001754062939928975,0.0,0
Bayesian Auto-tune,112.0,25.788860026903443,25.763680886616584,24.5,34.89980421737546,1650.0,81.0,81.27848684906108,0.6092581725278857,0.001754062939928975,0.0,0
Bayesian Auto-tune,113.0,25.782925611351683,25.76682568491527,24.5,34.91680156368965,1650.0,82.0,81.69229545402963,0.6092581725278857,0.001754062939928975,0.0,0
Bayesian Auto-tune,114.0,25.769717345114053,25.76091815063709,24.5,34.93378145542362,1650.0,82.0,81.55354708001431,0.6092581725278857,0.001754062939928975,0.0,0
Bayesian Auto-tune,115.0,25.74956098472734,25.74640415273814,24.5,34.95074356930469,1650.0,81.0,80.88789702966479,0.6092581725278857,0.001754062939928975,0.0,0
Bayesian Auto-tune,116.0,25.722111834683144,25.75705024357405,24.5,34.967687582398675,1650.0,82.0,81.75701333897814,0.6092581725278857,0.001754062939928975,0.0,0
Bayesian Auto-tune,117.0,25.68802047251421,25.74867859732598,24.5,34.98461317211597,1650.0,81.0,81.46599003470851,0.6092581725278857,0.001754062939928975,0.0,0
Bayesian Auto-tune,118.0,25.647521539986244,25.758470075978305,24.5,35.00152001621777,1650.0,82.0,82.28328744584296,0.6092581725278857,0.001754062939928975,0.0,0
Bayesian Auto-tune,119.0,25.600814748167434,25.711188724547057,24.5,35.01840779282211,1650.0,80.0,79.61508259457662,0.6092581725278857,0.001754062939928975,0.0,0
Bayesian Auto-tune,120.0,25.54869108594703,25.68643271605144,23.8,35.03527618041008,1650.0,85.0,100.0,0.6092581725278857,0.001754062939928975,0.0,0
Bayesian Auto-tune,121.0,25.49181085978012,25.616371059295194,23.8,35.0521248578319,1650.0,90.0,100.0,0.6092581725278857,0.001754062939928975,0.0,0
Bayesian Auto-tune,122.0,25.431035672213685,25.563420009862146,23.8,35.06895350431303,1650.0,95.0,100.0,0.6092581725278857,0.001754062939928975,0.0,0
Bayesian Auto-tune,123.0,25.367393374371947,25.52575948998546,23.8,35.0857617994603,1650.0,100.0,100.0,0.6092581725278857,0.001754062939928975,0.0,0
Bayesian Auto-tune,124.0,25.301118255103233,25.473836455870245,23.8,35.102549423267995,1650.0,100.0,100.0,0.6092581725278857,0.001754062939928975,0.0,0
Bayesian Auto-tune,125.0,25.233027111494703,25.42056904032163,23.8,35.11931605612397,1650.0,100.0,100.0,0.6092581725278857,0.001754062939928975,0.0,0
Bayesian Auto-tune,126.0,25.163178357411837,25.374427922726596,23.8,35.13606137881569,1650.0,100.0,100.0,0.6092581725278857,0.001754062939928975,0.0,0
Bayesian Auto-tune,127.0,25.09255243490189,25.29860295003785,23.8,35.15278507253636,1650.0,97.0,97.38889356231336,0.6092581725278857,0.001754062939928975,0.0,0
Bayesian Auto-tune,128.0,25.01979161933395,25.240040338222624,23.8,35.169486818890945,1650.0,94.0,94.0735107159408,0.6092581725278857,0.001754062939928975,0.0,0
Bayesian Auto-tune,129.0,24.9437716049918,25.181616857305993,23.8,35.18616629990228,1650.0,91.0,90.75635668700055,0.6092581725278857,0.001754062939928975,0.0,0
Bayesian Auto-tune,130.0,24.863562565397515,25.1147055518514,23.8,35.20282319801709,1650.0,87.0,86.91033834727067,0.6092581725278857,0.001754062939928975,0.0,0
Bayesian Auto-tune,131.0,24.77839670376854,25.035560895280028,23.8,35.219457196112046,1650.0,82.0,82.30511062211212,0.6092581725278857,0.001754062939928975,0.0,0
Bayesian Auto-tune,132.0,24.689192232326437,24.959936117923636,23.8,35.236067977499786,1650.0,78.0,77.90106935282725,0.6092581725278857,0.001754062939928975,0.0,0
Bayesian Auto-tune,133.0,24.596713853246467,24.89296430436976,23.8,35.252655225935,1650.0,74.0,74.01246969725193,0.6092581725278857,0.001754062939928975,0.0,0
Bayesian Auto-tune,134.0,24.501598346002694,24.832148000734446,23.8,35.26921862562037,1650.0,70.0,70.48823195163773,0.6092581725278857,0.001754062939928975,0.0,0
Bayesian Auto-tune,135.0,24.405306502388587,24.737699146701715,23.8,35.285757861212645,1650.0,65.0,64.89833666330752,0.6092581725278857,0.001754062939928975,0.0,0
Bayesian Auto-tune,136.0,24.30905070449307,24.624270373139865,23.8,35.30227261782863,1650.0,60.0,58.132178145470924,0.6092581725278857,0.001754062939928975,0.0,0
Bayesian Auto-tune,137.0,24.21383635149041,24.530143894013946,23.8,35.318762581051146,1650.0,55.00000000000001,52.52551731412732,0.6092581725278857,0.001754062939928975,0.0,0
Bayesian Auto-tune,138.0,24.12080658591773,24.427609928892135,23.8,35.335227436935085,1650.0,50.0,46.388638424612175,0.6092581725278857,0.001754062939928975,0.0,0
Bayesian Auto-tune,139.0,24.031217869127623,24.323374931264475,23.8,35.35166687201331,1650.0,45.0,40.129839264866376,0.6092581725278857,0.001754062939928975,0.0,0
Bayesian Auto-tune,140.0,23.945799226831245,24.20380321187273,23.8,35.36808057330268,1650.0,40.0,32.91566416550034,0.6092581725278857,0.001754062939928975,0.0,0
Bayesian Auto-tune,141.0,23.865151891223963,24.093570825698716,23.8,35.38446822830997,1650.0,35.0,26.251160120683707,0.6092581725278857,0.001754062939928975,0.0,0
Bayesian Auto-tune,142.0,23.78977063194519,24.014174728934467,23.8,35.40082952503787,1650.0,30.0,21.451455634109678,0.6092581725278857,0.001754062939928975,0.0,0
Bayesian Auto-tune,143.0,23.720371735795684,23.919611188560957,23.8,35.41716415199086,1650.0,25.0,15.71107520984206,0.6092581725278857,0.001754062939928975,0.0,0
Bayesian Auto-tune,144.0,23.65754442260664,23.848687082253324,23.8,35.4334717981812,1650.0,0.0,11.398506090789263,0.6092581725278857,0.001754062939928975,0.0,0
Bayesian Auto-tune,145.0,23.601772062241935,23.765506675429794,23.8,35.4497521531348,1650.0,0.0,6.324621479415914,0.6092581725278857,0.001754062939928975,0.0,0
Bayesian Auto-tune,146.0,23.553449855232568,23.707285272229342,23.8,35.46600490689719,1650.0,0.0,2.7611721610274307,0.6092581725278857,0.001754062939928975,0.0,0
Bayesian Auto-tune,147.0,23.512899566438954,23.664827701079194,23.8,35.482229750039345,1650.0,0.0,0.1506998681320315,0.6092581725278857,0.001754062939928975,0.0,0
Bayesian Auto-tune,148.0,23.480381802904123,23.587444920768327,23.8,35.49842637366365,1650.0,0.0,0.0,0.6092581725278857,0.001754062939928975,0.0,0
Bayesian Auto-tune,149.0,23.456106245200353,23.573466693493177,23.8,35.51459446940973,1650.0,0.0,0.0,0.6092581725278857,0.001754062939928975,0.0,0
Bayesian Auto-tune,150.0,23.4402401733547,23.538923597769003,23.8,35.53073372946036,1650.0,0.0,0.0,0.6092581725278857,0.001754062939928975,0.0,0
Bayesian Auto-tune,151.0,23.43291557159125,23.50766626206731,23.8,35.54684384654728,1650.0,0.0,0.0,0.6092581725278857,0.001754062939928975,0.0,0
Bayesian Auto-tune,152.0,23.44043913038769,23.467733945250178,23.8,35.56292451395709,1650.0,0.0,0.0,0.6092581725278857,0.001754062939928975,0.0,0
Bayesian Auto-tune,153.0,23.46027413798174,23.47900378574636,23.8,35.57897542553707,1650.0,0.0,0.0,0.6092581725278857,0.001754062939928975,0.0,0
Bayesian Auto-tune,154.0,23.490306978543874,23.454489087482713,23.8,35.594996275700986,1650.0,0.0,0.0,0.6092581725278857,0.001754062939928975,0.0,0
Bayesian Auto-tune,155.0,23.52877661450114,23.49113367523277,23.8,35.61098675943495,1650.0,0.0,0.0,0.6092581725278857,0.001754062939928975,0.0,0
Bayesian Auto-tune,156.0,23.57421582181583,23.522318839030092,23.8,35.626946572303204,1650.0,0.0,0.0,0.6092581725278857,0.001754062939928975,0.0,0
Bayesian Auto-tune,157.0,23.625402219393067,23.52731375310861,23.8,35.64287541045391,1650.0,0.0,0.0,0.6092581725278857,0.001754062939928975,0.0,0
Bayesian Auto-tune,158.0,23.68131746026251,23.570445540496618,23.8,35.65877297062496,1650.0,0.0,0.0,0.6092581725278857,0.001754062939928975,0.0,0
Bayesian Auto-tune,159.0,23.741113224238426,23.58005209132936,23.8,35.67463895014971,1650.0,0.0,0.0,0.6092581725278857,0.001754062939928975,0.0,0
Bayesian Auto-tune,160.0,23.80408287847836,23.626922028802543,23.8,35.69047304696279,1650.0,0.0,0.0,0.6092581725278857,0.001754062939928975,0.0,0
Bayesian Auto-tune,161.0,23.869637861290595,23.709097801980306,23.8,35.706274959605835,1650.0,0.0,2.831947127725272,0.6092581725278857,0.001754062939928975,0.0,0
Bayesian Auto-tune,162.0,23.93728800198221,23.764002061900023,23.8,35.72204438723318,1650.0,0.0,6.17071976908002,0.6092581725278857,0.001754062939928975,0.0,0
Bayesian Auto-tune,163.0,24.006625120740978,23.826110233625826,23.8,35.73778102961767,1650.0,0.0,9.959290788866737,0.6092581725278857,0.001754062939928975,0.0,0
Bayesian Auto-tune,164.0,24.07730936187869,23.86743046943815,23.8,35.75348458715631,1650.0,0.0,12.488587653556928,0.6092581725278857,0.001754062939928975,0.0,0
Bayesian Auto-tune,165.0,24.149057804875678,23.94232822940389,23.8,35.769154760876006,1650.0,25.0,17.07676015712314,0.6092581725278857,0.001754062939928975,0.0,0
Bayesian Auto-tune,166.0,24.221634973592934,23.988555457495114,23.8,35.784791252439234,1650.0,25.0,19.926265621923285,0.6092581725278857,0.001754062939928975,0.0,0
Bayesian Auto-tune,167.0,24.294844927290534,24.072955697130975,23.8,35.80039376414974,1650.0,25.0,25.116297345327354,0.6092581725278857,0.001754062939928975,0.0,0
Bayesian Auto-tune,168.0,24.368524669817926,24.1747524177765,23.8,35.81596199895819,1650.0,30.0,31.38407967707677,0.6092581725278857,0.001754062939928975,0.0,0
Bayesian Auto-tune,169.0,24.442538657280743,24.24998049457163,23.8,35.83149566046783,1650.0,35.0,36.046341147097586,0.6092581725278857,0.001754062939928975,0.0,0
Bayesian Auto-tune,170.0,24.51677422110468,24.32364748684598,23.8,35.84699445294014,1650.0,40.0,40.62641392099362,0.6092581725278857,0.001754062939928975,0.0,0
Bayesian Auto-tune,171.0,24.591137753930205,24.410985150712538,23.8,35.862458081300446,1650.0,45.0,46.054703109984075,0.6092581725278857,0.001754062939928975,0.0,0
Bayesian Auto-tune,172.0,24.665551531199608,24.461443882117067,23.8,35.877886251143565,1650.0,49.0,49.24496397839037,0.6092581725278857,0.001754062939928975,0.0,0
Bayesian Auto-tune,173.0,24.7321959604468,24.53510799691476,23.8,35.89327866873937,1650.0,54.0,53.86195294406647,0.6092581725278857,0.001754062939928975,0.0,0
Bayesian Auto-tune,174.0,24.79234740105374,24.597241708252188,23.8,35.90863504103844,1650.0,57.99999999999999,57.78734129970917,0.6092581725278857,0.001754062939928975,0.0,0
Bayesian Auto-tune,175.0,24.84706957224281,24.654370828096155,23.8,35.92395507567755,1650.0,61.0,61.417841635787376,0.6092581725278857,0.001754062939928975,0.0,0
Bayesian Auto-tune,176.0,24.895697972160793,24.72484520353109,23.8,35.939238480985345,1650.0,66.0,65.87377422420906,0.6092581725278857,0.001754062939928975,0.0,0
Bayesian Auto-tune,177.0,24.93768639577831,24.775392013254493,23.8,35.95448496598782,1650.0,69.0,69.12446981436386,0.6092581725278857,0.001754062939928975,0.0,0
Bayesian Auto-tune,178.0,24.972587180106274,24.855240646664537,23.8,35.96969424041387,1650.0,74.0,74.17440891249126,0.6092581725278857,0.001754062939928975,0.0,0
Bayesian Auto-tune,179.0,25.00003474207459,24.901870838753034,23.8,35.984866014700835,1650.0,77.0,77.20866655442194,0.6092581725278857,0.001754062939928975,0.0,0
Bayesian Auto-tune,180.0,25.020042064376707,24.952131318629903,23.8,36.0,1650.0,80.0,80.47291845123151,0.6092581725278857,0.001754062939928975,0.0,0
Bayesian Auto-tune,181.0,25.032315662722795,24.96333278895112,23.8,36.015095908182104,1650.0,81.0,81.35943307817493,0.6092581725278857,0.001754062939928975,0.0,0
Bayesian Auto-tune,182.0,25.03692853383348,24.997640602157666,23.8,36.030153451842814,1650.0,84.0,83.65973833549964,0.6092581725278857,0.001754062939928975,0.0,0
Bayesian Auto-tune,183.0,25.034257545332324,25.01891615727299,23.8,36.045172344308206,1650.0,85.0,85.1697744842428,0.6092581725278857,0.001754062939928975,0.0,0
Bayesian Auto-tune,184.0,25.024000656228356,25.02235717873552,23.8,36.060152299640215,1650.0,86.0,85.59383067168932,0.6092581725278857,0.001754062939928975,0.0,0
Bayesian Auto-tune,185.0,25.00653384703935,25.008117465056504,23.8,36.07509303264209,1650.0,85.0,84.9381758856033,0.6092581725278857,0.001754062939928975,0.0,0
Bayesian Auto-tune,186.0,24.981554278166513,25.009705282086387,23.8,36.0899942588638,1650.0,85.0,85.24710485615121,0.6092581725278857,0.001754062939928975,0.0,0
Bayesian Auto-tune,187.0,24.949437205572824,24.977371885891618,23.8,36.10485569460748,1650.0,83.0,83.48368470758238,0.6092581725278857,0.001754062939928975,0.0,0
Bayesian Auto-tune,188.0,24.91049953528196,25.001981579837686,23.8,36.11967705693282,1650.0,85.0,85.19388555795466,0.6092581725278857,0.001754062939928975,0.0,0
Bayesian Auto-tune,189.0,24.865629935028018,24.952515363491344,23.8,36.13445806366244,1650.0,82.0,82.3822743493304,0.6092581725278857,0.001754062939928975,0.0,0
Bayesian Auto-tune,190.0,24.814949718446815,24.931014083050787,23.8,36.1491984333873,1650.0,81.0,81.27067825526979,0.6092581725278857,0.001754062939928975,0.0,0
Bayesian Auto-tune,191.0,24.75918453218684,24.866073176121237,23.8,36.163897885471975,1650.0,78.0,77.50109637239834,0.6092581725278857,0.001754062939928975,0.0,0
Bayesian Auto-tune,192.0,24.698940219854478,24.838590662865137,23.8,36.17855614006011,1650.0,76.0,76.00887713125866,0.6092581725278857,0.001754062939928975,0.0,0
Bayesian Auto-tune,193.0,24.635343191455217,24.797473767886025,23.8,36.193172918079654,1650.0,74.0,73.67875987873921,0.6092581725278857,0.001754062939928975,0.0,0
Bayesian Auto-tune,194.0,24.569020059746123,24.738745035354523,23.8,36.207747941248236,1650.0,70.0,70.26532564069277,0.6092581725278857,0.001754062939928975,0.0,0
Bayesian Auto-tune,195.0,24.501113053669506,24.694604074502635,23.8,36.22228093207841,1650.0,68.0,67.73292071176762,0.6092581725278857,0.001754062939928975,0.0,0
Bayesian Auto-tune,196.0,24.43132987510187,24.648237862650895,23.8,36.236771613882986,1650.0,65.0,65.05680762169645,0.6092581725278857,0.001754062939928975,0.0,0
Bayesian Auto-tune,197.0,24.360980609353117,24.57425735158551,23.8,36.251219710780276,1650.0,61.0,60.68529413689719,0.6092581725278857,0.001754062939928975,0.0,0
Bayesian Auto-tune,198.0,24.29053175791041,24.481492132249983,23.8,36.26562494769933,1650.0,56.00000000000001,55.1530353455494,0.6092581725278857,0.001754062939928975,0.0,0
Bayesian Auto-tune,199.0,24.220990661124556,24.45040412459306,23.8,36.279987050385216,1650.0,53.0,53.373058049383005,0.6092581725278857,0.001754062939928975,0.0,0
Bayesian Auto-tune,200.0,24.152881770896112,24.365586851879304,23.8,36.29430574540419,1650.0,48.0,48.30470388576399,0.6092581725278857,0.001754062939928975,0.0,0
Bayesian Auto-tune,201.0,24.086638852813177,24.26635915007981,23.8,36.308580760148935,1650.0,43.0,42.340977389699106,0.6092581725278857,0.001754062939928975,0.0,0
Bayesian Auto-tune,202.0,24.023240525363953,24.21486850278933,23.8,36.32281182284376,1650.0,39.0,39.27663816922007,0.6092581725278857,0.001754062939928975,0.0,0
Bayesian Auto-tune,203.0,23.96287566690142,24.1561607218756,23.8,36.33699866254974,1650.0,36.0,35.76229147024353,0.6092581725278857,0.001754062939928975,0.0,0
Bayesian Auto-tune,204.0,23.90600866745575,24.09810507247622,23.8,36.35114100916989,1650.0,32.0,32.27749309042837,0.6092581725278857,0.001754062939928975,0.0,0
Bayesian Auto-tune,205.0,23.85333203421734,24.064053437465695,23.8,36.36523859345433,1650.0,30.0,30.249186033500475,0.6092581725278857,0.001754062939928975,0.0,0
Bayesian Auto-tune,206.0,23.805726903646,24.018047308237303,23.8,36.37929114700537,1650.0,27.0,27.48447188187634,0.6092581725278857,0.001754062939928975,0.0,0
Bayesian Auto-tune,207.0,23.76329953015173,23.942298907030455,23.8,36.39329840228264,1650.0,25.0,22.89439875667845,0.6092581725278857,0.001754062939928975,0.0,0
Bayesian Auto-tune,208.0,23.72675427273575,23.912163643154635,23.8,36.40726009260819,1650.0,25.0,21.078057385882154,0.6092581725278857,0.001754062939928975,0.0,0
Bayesian Auto-tune,209.0,23.696670541647432,23.857202165297693,23.8,36.42117595217158,1650.0,25.0,17.739518049850155,0.6092581725278857,0.001754062939928975,0.0,0
Bayesian Auto-tune,210.0,23.673213457611464,23.809749028292007,23.8,36.435045716034885,1650.0,25.0,14.85010693749293,0.6092581725278857,0.001754062939928975,0.0,0
Bayesian Auto-tune,211.0,23.656204430636862,23.7666999385985,23.8,36.4488691201378,1650.0,0.0,12.221464925567206,0.6092581725278857,0.001754062939928975,0.0,0
Bayesian Auto-tune,212.0,23.645800376034625,23.716781559521003,23.8,36.462645901302636,1650.0,0.0,9.165549846099946,0.6092581725278857,0.001754062939928975,0.0,0
Bayesian Auto-tune,213.0,23.641505715107154,23.68373990635754,23.8,36.476375797239335,1650.0,0.0,7.132067371567752,0.6092581725278857,0.001754062939928975,0.0,0
Bayesian Auto-tune,214.0,23.643214751092632,23.67455286261382,23.8,36.49005854655048,1650.0,0.0,6.55033500588343,0.6092581725278857,0.001754062939928975,0.0,0
Bayesian Auto-tune,215.0,23.6505248032692,23.67043174959368,23.8,36.50369388873624,1650.0,0.0,6.276525740517353,0.6092581725278857,0.001754062939928975,0.0,0
Bayesian Auto-tune,216.0,23.66247701480857,23.68367961673091,23.8,36.51728156419935,1650.0,0.0,7.063259545364454,0.6092581725278857,0.001754062939928975,0.0,0
Bayesian Auto-tune,217.0,23.67827245606297,23.68079386758633,23.8,36.53082131425006,1650.0,0.0,6.8665334144365735,0.6092581725278857,0.001754062939928975,0.0,0
Bayesian Auto-tune,218.0,23.697245469348367,23.680652791388255,23.8,36.544312881111054,1650.0,0.0,6.837003980212867,0.6092581725278857,0.001754062939928975,0.0,0
Bayesian Auto-tune,219.0,23.726596558308415,23.656910121786606,23.8,36.557756007922336,1650.0,0.0,5.365363565724143,0.6092581725278857,0.001754062939928975,0.0,0
Bayesian Auto-tune,220.0,23.764533850381238,23.662752160250978,23.8,36.57115043874616,1650.0,0.0,5.697220398659354,0.6092581725278857,0.001754062939928975,0.0,0
Bayesian Auto-tune,221.0,23.809564424004794,23.6924720387885,23.8,36.584495918571854,1650.0,0.0,7.489067206034873,0.6092581725278857,0.001754062939928975,0.0,0
Bayesian Auto-tune,222.0,23.860444481801164,23.690682054814932,23.8,36.597792193320736,1650.0,0.0,7.360835913943909,0.6092581725278857,0.001754062939928975,0.0,0
Bayesian Auto-tune,223.0,23.91613782823883,23.730271352797033,23.8,36.61103900985089,1650.0,0.0,9.760615404376555,0.6092581725278857,0.001754062939928975,0.0,0
Bayesian Auto-tune,224.0,23.97578126769323,23.814220071812414,23.8,36.62423611596203,1650.0,25.0,14.877754007810335,0.6092581725278857,0.001754062939928975,0.0,0
Bayesian Auto-tune,225.0,24.038655769505816,23.860785438142944,23.8,36.63738326040028,1650.0,25.0,17.725449155606725,0.6092581725278857,0.001754062939928975,0.0,0
Bayesian Auto-tune,226.0,24.1041624388752,23.926010278768718,23.8,36.65048019286295,1650.0,25.0,21.721428871918725,0.6092581725278857,0.001754062939928975,0.0,0
Bayesian Auto-tune,227.0,24.171802492608272,23.97437468079109,23.8,36.663526664003335,1650.0,25.0,24.698656007597926,0.6092581725278857,0.001754062939928975,0.0,0
Bayesian Auto-tune,228.0,24.241160572254643,24.027587822984074,23.8,36.67652242543544,1650.0,28.000000000000004,27.980630520881878,0.6092581725278857,0.001754062939928975,0.0,0
Bayesian Auto-tune,229.0,24.31189083839377,24.107915902725033,23.8,36.689467229738675,1650.0,33.0,32.92869481480542,0.6092581725278857,0.001754062939928975,0.0,0
Bayesian Auto-tune,230.0,24.38370538254931,24.165402231342714,23.8,36.70236083046264,1650.0,36.0,36.49519021791659,0.6092581725278857,0.001754062939928975,0.0,0
Bayesian Auto-tune,231.0,24.456364570459435,24.24125771230344,23.8,36.71520298213177,1650.0,41.0,41.194146768563094,0.6092581725278857,0.001754062939928975,0.0,0
Bayesian Auto-tune,232.0,24.521913892769597,24.285290172136758,23.8,36.727993440249996,1650.0,44.0,43.961983320164244,0.6092581725278857,0.001754062939928975,0.0,0
Bayesian Auto-tune,233.0,24.581517285958334,24.37349760590816,23.8,36.740731961305436,1650.0,49.0,49.43668840012426,0.6092581725278857,0.001754062939928975,0.0,0
Bayesian Auto-tune,234.0,24.636144791304382,24.426401816177055,23.8,36.75341830277502,1650.0,53.0,52.769795467996126,0.6092581725278857,0.001754062939928975,0.0,0
Bayesian Auto-tune,235.0,24.686604870191307,24.469798550322515,23.8,36.76605222312908,1650.0,56.00000000000001,55.53126384334419,0.6092581725278857,0.001754062939928975,0.0,0
Bayesian Auto-tune,236.0,24.732640721286312,24.55318723535032,23.8,36.77863348183599,1650.0,61.0,60.74390140993422,0.6092581725278857,0.001754062939928975,0.0,0
Bayesian Auto-tune,237.0,24.773422504558347,24.60414619244598,23.8,36.79116183936672,1650.0,64.0,63.98966982078249,0.6092581725278857,0.001754062939928975,0.0,0
Bayesian Auto-tune,238.0,24.808886625101948,24.669629326591735,23.8,36.8036370571994,1650.0,68.0,68.13182174221156,0.6092581725278857,0.001754062939928975,0.0,0
Bayesian Auto-tune,239.0,24.83836418626921,24.72311770227361,23.8,36.81605889782387,1650.0,72.0,71.5525653992289,0.6092581725278857,0.001754062939928975,0.0,0
Bayesian Auto-tune,240.0,24.861925650985967,24.765849281653313,23.8,36.82842712474619,1650.0,74.0,74.32543783849034,0.6092581725278857,0.001754062939928975,0.0,0
Bayesian Auto-tune,241.0,24.879013776125767,24.804297827912123,23.8,36.840741502493145,1650.0,77.0,76.84410710154914,0.6092581725278857,0.001754062939928975,0.0,0
Bayesian Auto-tune,242.0,24.889481804111142,24.860942262402506,23.8,36.853001796616724,1650.0,80.0,80.48131151608628,0.6092581725278857,0.001754062939928975,0.0,0
Bayesian Auto-tune,243.0,24.893523518500395,24.894601089817197,23.8,36.865207773698614,1650.0,83.0,82.72400300466228,0.6092581725278857,0.001754062939928975,0.0,0
Bayesian Auto-tune,244.0,24.890684352549922,24.941709917658027,23.8,36.87735920135461,1650.0,86.0,85.7944099461571,0.6092581725278857,0.001754062939928975,0.0,0
Bayesian Auto-tune,245.0,24.88121322607188,24.923942668854263,23.8,36.889455848239024,1650.0,85.0,84.90907241065835,0.6092581725278857,0.001754062939928975,0.0,0
Bayesian Auto-tune,246.0,24.865011663503648,24.921919558720276,23.8,36.90149748404915,1650.0,85.0,84.98260452430608,0.6092581725278857,0.001754062939928975,0.0,0
Bayesian Auto-tune,247.0,24.84200336743778,24.9238219823178,23.8,36.9134838795296,1650.0,85.0,85.29563668577237,0.6092581725278857,0.001754062939928975,0.0,0
Bayesian Auto-tune,248.0,24.81275090089953,24.883370777153,23.8,36.92541480647668,1650.0,83.0,83.02114400528733,0.6092581725278857,0.001754062939928975,0.0,0
Bayesian Auto-tune,249.0,24.777415584517552,24.881066320751074,23.8,36.93729003774274,1650.0,83.0,83.07036895256002,0.6092581725278857,0.001754062939928975,0.0,0
Bayesian Auto-tune,250.0,24.73613605259677,24.831137199096734,23.8,36.949109347240494,1650.0,80.0,80.20926436574719,0.6092581725278857,0.001754062939928975,0.0,0
Bayesian Auto-tune,251.0,24.689032012643857,24.8139650822605,23.8,36.96087250994733,1650.0,79.0,79.3408949708567,0.6092581725278857,0.001754062939928975,0.0,0
Bayesian Auto-tune,252.0,24.63620737841581,24.761556366834125,23.8,36.972579301909576,1650.0,76.0,76.3165141911077,0.6092581725278857,0.001754062939928975,0.0,0
Bayesian Auto-tune,253.0,24.578993697230406,24.742796735731748,23.8,36.9842295002468,1650.0,75.0,75.33894081623787,0.6092581725278857,0.001754062939928975,0.0,0
Bayesian Auto-tune,254.0,24.518188533824905,24.700439068167565,23.8,36.99582288315601,1650.0,73.0,72.9162079828818,0.6092581725278857,0.001754062939928975,0.0,0
Bayesian Auto-tune,255.0,24.45445617317476,24.626079139069486,23.8,37.007359229915906,1650.0,69.0,68.5306680120509,0.6092581725278857,0.001754062939928975,0.0,0
Bayesian Auto-tune,256.0,24.38897024368395,24.557325546639053,23.8,37.018838320891085,1650.0,64.0,64.47463887164375,0.6092581725278857,0.001754062939928975,0.0,0
Bayesian Auto-tune,257.0,24.322085027541156,24.49696288545604,23.8,37.0302599375362,1650.0,61.0,60.9192460843039,0.6092581725278857,0.001754062939928975,0.0,0
Bayesian Auto-tune,258.0,24.25502604026455,24.4267220029646,23.8,37.04162386240012,1650.0,57.00000000000001,56.749693897859665,0.6092581725278857,0.001754062939928975,0.0,0
Bayesian Auto-tune,259.0,24.188189329662208,24.362625776790775,23.8,37.05292987913012,1650.0,53.0,52.9432670378116,0.6092581725278857,0.001754062939928975,0.0,0
Bayesian Auto-tune,260.0,24.12252354573984,24.305137340327462,23.8,37.064177772475915,1650.0,50.0,49.529341332523536,0.6092581725278857,0.001754062939928975,0.0,0
Bayesian Auto-tune,261.0,24.058194048656997,24.233296121861947,23.8,37.07536732829384,1650.0,45.0,45.228359252013206,0.6092581725278857,0.001754062939928975,0.0,0
Bayesian Auto-tune,262.0,23.99564707807076,24.158526068463818,23.8,37.08649833355088,1650.0,41.0,40.735820371666605,0.6092581725278857,0.001754062939928975,0.0,0
Bayesian Auto-tune,263.0,23.93587166068128,24.11987678554935,23.8,37.09757057632874,1650.0,38.0,38.43718962535607,0.6092581725278857,0.001754062939928975,0.0,0
Bayesian Auto-tune,264.0,23.879995973699017,24.06959121904648,23.8,37.10858384582789,1650.0,35.0,35.42078838677513,0.6092581725278857,0.001754062939928975,0.0,0
Bayesian Auto-tune,265.0,23.82833208030216,24.03489605441732,23.8,37.11953793237153,1650.0,33.0,33.348159373402446,0.6092581725278857,0.001754062939928975,0.0,0
Bayesian Auto-tune,266.0,23.78144558450837,23.985307161718147,23.8,37.130432627409654,1650.0,30.0,30.3594196015318,0.6092581725278857,0.001754062939928975,0.0,0
Bayesian Auto-tune,267.0,23.739801701754416,23.927398639794042,23.8,37.14126772352298,1650.0,27.0,26.853642100670676,0.6092581725278857,0.001754062939928975,0.0,0
Bayesian Auto-tune,268.0,23.703471817450204,23.87297937878429,23.8,37.15204301442689,1650.0,25.0,23.550905191729193,0.6092581725278857,0.001754062939928975,0.0,0
Bayesian Auto-tune,269.0,23.67313126084264,23.81707552205805,23.8,37.162758294975376,1650.0,25.0,20.147912187142474,0.6092581725278857,0.001754062939928975,0.0,0
Bayesian Auto-tune,270.0,23.649025074257203,23.785371212220745,23.8,37.17341336116494,1650.0,25.0,18.213735218419043,0.6092581725278857,0.001754062939928975,0.0,0
Bayesian Auto-tune,271.0,23.63104125821165,23.74047104298274,23.8,37.18400801013849,1650.0,25.0,15.467713959069401,0.6092581725278857,0.001754062939928975,0.0,0
Bayesian Auto-tune,272.0,23.619082005272343,23.697262004460676,23.8,37.19454204018917,1650.0,25.0,12.817147083355573,0.6092581725278857,0.001754062939928975,0.0,0
Bayesian Auto-tune,273.0,23.61275115342258,23.673089476708807,23.8,37.20501525076424,1650.0,0.0,11.322155170448038,0.6092581725278857,0.001754062939928975,0.0,0
Bayesian Auto-tune,274.0,23.612025834899892,23.63058346232046,23.8,37.21542744246887,1650.0,0.0,8.702724778663685,0.6092581725278857,0.001754062939928975,0.0,0
Bayesian Auto-tune,275.0,23.61688257910536,23.617911377478602,23.8,37.22577841706993,1650.0,0.0,7.898728162922157,0.6092581725278857,0.001754062939928975,0.0,0
Bayesian Auto-tune,276.0,23.62698723147732,23.619987868653823,23.8,37.236067977499786,1650.0,0.0,7.9936648239574595,0.6092581725278857,0.001754062939928975,0.0,0
Bayesian Auto-tune,277.0,23.64143804467318,23.612627405536546,23.8,37.24629592786005,1650.0,0.0,7.512356260787723,0.6092581725278857,0.001754062939928975,0.0,0
Bayesian Auto-tune,278.0,23.659483684630015,23.63171748588045,23.8,37.256462073425276,1650.0,0.0,8.645917195015965,0.6092581725278857,0.001754062939928975,0.0,0
Bayesian Auto-tune,279.0,23.680498160992606,23.62862025175804,23.8,37.266566220646716,1650.0,0.0,8.42715458838031,0.6092581725278857,0.001754062939928975,0.0,0
Bayesian Auto-tune,280.0,23.703959935807344,23.66817213263739,23.8,37.276608177155964,1650.0,0.0,10.813761817180657,0.6092581725278857,0.001754062939928975,0.0,0
Bayesian Auto-tune,281.0,23.737189616145173,23.67088424017125,23.8,37.28658775176866,1650.0,0.0,10.956351468230876,0.6092581725278857,0.001754062939928975,0.0,0
Bayesian Auto-tune,282.0,23.778495419284283,23.672448751667634,23.8,37.29650475448806,1650.0,0.0,11.029297317985256,0.6092581725278857,0.001754062939928975,0.0,0
Bayesian Auto-tune,283.0,23.82646783551218,23.746728628149327,23.8,37.306358996508756,1650.0,25.0,15.545515364156358,0.6092581725278857,0.001754062939928975,0.0,0
Bayesian Auto-tune,284.0,23.879932580973964,23.76742060218033,23.8,37.316150290220165,1650.0,25.0,16.80047616113661,0.6092581725278857,0.001754062939928975,0.0,0
Bayesian Auto-tune,285.0,23.937911391721386,23.772657434091823,23.8,37.32587844921018,1650.0,25.0,17.114738367005568,0.6092581725278857,0.001754062939928975,0.0,0
Bayesian Auto-tune,286.0,23.999589352095782,23.82376138809225,23.8,37.335543288268674,1650.0,25.0,20.23245642635597,0.6092581725278857,0.001754062939928975,0.0,0
Bayesian Auto-tune,287.0,24.064287668389234,23.87385954285126,23.8,37.345144623391036,1650.0,25.0,23.297682876592845,0.6092581725278857,0.001754062939928975,0.0,0
Bayesian Auto-tune,288.0,24.131440980237524,23.953800249694797,23.8,37.3546822717817,1650.0,28.000000000000004,28.195113304615077,0.6092581725278857,0.001754062939928975,0.0,0
Bayesian Auto-tune,289.0,24.200578453456217,24.01449204493935,23.8,37.36415605185757,1650.0,32.0,31.930433785122048,0.6092581725278857,0.001754062939928975,0.0,0
Bayesian Auto-tune,290.0,24.271308024079296,24.106222278866856,23.8,37.37356578325154,1650.0,37.0,37.57288656901896,0.6092581725278857,0.001754062939928975,0.0,0
Bayesian Auto-tune,291.0,24.335548166359082,24.12877544532206,23.8,37.38291128681589,1650.0,39.0,39.00462594936024,0.6092581725278857,0.001754062939928975,0.0,0
Bayesian Auto-tune,292.0,24.394356978114885,24.188280168745234,23.8,37.3921923846257,1650.0,43.0,42.698106639748815,0.6092581725278857,0.001754062939928975,0.0,0
Bayesian Auto-tune,293.0,24.448616310052667,24.241030581883347,23.8,37.40140889998225,1650.0,46.0,45.98932821051631,0.6092581725278857,0.001754062939928975,0.0,0
Bayesian Auto-tune,294.0,24.49906113969704,24.322995372753944,23.8,37.41056065741637,1650.0,51.0,51.074836760371525,0.6092581725278857,0.001754062939928975,0.0,0
Bayesian Auto-tune,295.0,24.546304049671303,24.389186268086597,23.8,37.419647482691786,1650.0,55.00000000000001,55.21091813296377,0.6092581725278857,0.001754062939928975,0.0,0
Bayesian Auto-tune,296.0,24.589925014022544,24.44568728004828,23.8,37.42866920280845,1650.0,59.0,58.76654607521047,0.6092581725278857,0.001754062939928975,0.0,0
Bayesian Auto-tune,297.0,24.629268383943533,24.48727280912613,23.8,37.43762564600581,1650.0,61.0,61.42073039657896,0.6092581725278857,0.001754062939928975,0.0,0
Bayesian Auto-tune,298.0,24.663483627039668,24.530430328090183,23.8,37.4465166417661,1650.0,64.0,64.17825958693703,0.6092581725278857,0.001754062939928975,0.0,0
Bayesian Auto-tune,299.0,24.69280008554168,24.584161537249418,23.8,37.45534202081758,1650.0,68.0,67.58942428608462,0.6092581725278857,0.001754062939928975,0.0,0
Bayesian Auto-tune,300.0,24.7804649310633,24.620928429478653,23.8,37.46410161513776,4250.0,70.0,69.9734732564442,0.6092581725278857,0.001754062939928975,0.0,0
Bayesian Auto-tune,301.0,24.862459310198012,24.679987222494596,23.8,37.47279525795657,4250.0,74.0,73.72603378436268,0.6092581725278857,0.001754062939928975,0.0,0
Bayesian Auto-tune,302.0,24.938136248626403,24.74111948876159,23.8,37.4814227837596,4250.0,78.0,77.61564534892258,0.6092581725278857,0.001754062939928975,0.0,0
Bayesian Auto-tune,303.0,25.007274457927227,24.79055240001061,23.8,37.48998402829119,4250.0,81.0,80.80113499144537,0.6092581725278857,0.001754062939928975,0.0,0
Bayesian Auto-tune,304.0,25.06969565245297,24.853315203851075,23.8,37.49847882855758,4250.0,85.0,84.80976822481597,0.6092581725278857,0.001754062939928975,0.0,0
Bayesian Auto-tune,305.0,25.12587775903109,24.918264657251058,23.8,37.50690702283003,4250.0,89.0,88.96301741256347,0.6092581725278857,0.001754062939928975,0.0,0
Bayesian Auto-tune,306.0,25.175911920330503,24.969305446775973,23.8,37.51526845064786,4250.0,92.0,92.27782276256119,0.6092581725278857,0.001754062939928975,0.0,0
Bayesian Auto-tune,307.0,25.21956843535856,25.036332816796204,23.8,37.52356295282154,4250.0,97.0,96.57838061688484,0.6092581725278857,0.001754062939928975,0.0,0
Bayesian Auto-tune,308.0,25.2572823145778,25.080138202794103,23.8,37.531790371435704,4250.0,99.0,99.47180385683154,0.6092581725278857,0.001754062939928975,0.0,0
Bayesian Auto-tune,309.0,25.28879866305535,25.135117193691606,23.8,37.539950549852165,4250.0,100.0,100.0,0.6092581725278857,0.001754062939928975,0.0,0
Bayesian Auto-tune,310.0,25.313911041924115,25.215238586656245,23.8,37.548043332712886,4250.0,100.0,100.0,0.6092581725278857,0.001754062939928975,0.0,0
Bayesian Auto-tune,311.0,25.33276356588038,25.23568163906412,23.8,37.556068565942944,4250.0,100.0,100.0,0.6092581725278857,0.001754062939928975,0.0,0
Bayesian Auto-tune,312.0,25.28149707738757,25.233690648395104,23.8,37.56402609675347,1650.0,100.0,100.0,0.6092581725278857,0.001754062939928975,0.0,0
Bayesian Auto-tune,313.0,25.2239424966073,25.252029303442992,23.8,37.57191577364455,1650.0,100.0,100.0,0.6092581725278857,0.001754062939928975,0.0,0
Bayesian Auto-tune,314.0,25.16029028079219,25.250140875049713,23.8,37.5797374464081,1650.0,100.0,100.0,0.6092581725278857,0.001754062939928975,0.0,0
Bayesian Auto-tune,315.0,25.09008282096083,25.24837311889166,23.8,37.58749096613075,1650.0,100.0,100.0,0.6092581725278857,0.001754062939928975,0.0,0
Bayesian Auto-tune,316.0,25.013876436901327,25.213151421742975,23.8,37.59517618519667,1650.0,100.0,100.0,0.6092581725278857,0.001754062939928975,0.0,0
Bayesian Auto-tune,317.0,24.932447468119836,25.148912932285512,23.8,37.602792957290355,1650.0,100.0,100.0,0.6092581725278857,0.001754062939928975,0.0,0
Bayesian Auto-tune,318.0,24.846754098654156,25.070449114106253,23.8,37.610341137399445,1650.0,99.0,99.10433298090149,0.6092581725278857,0.001754062939928975,0.0,0
Bayesian Auto-tune,319.0,24.7575943480273,25.00896504882555,23.8,37.61782058181747,1650.0,96.0,95.57042613443237,0.6092581725278857,0.001754062939928975,0.0,0
Bayesian Auto-tune,320.0,24.6656327676769,24.908599537175984,23.8,37.6252311481466,1650.0,91.0,89.65003064952649,0.6092581725278857,0.001754062939928975,0.0,0
Bayesian Auto-tune,321.0,24.571422687968074,24.80106178771139,23.8,37.632572695300325,1650.0,86.0,83.27379791611082,0.6092581725278857,0.001754062939928975,0.0,0
Bayesian Auto-tune,322.0,24.4754247573592,24.730048000970946,23.8,37.639845083506174,1650.0,81.0,79.11036119581985,0.6092581725278857,0.001754062939928975,0.0,0
Bayesian Auto-tune,323.0,24.37802239169522,24.635046531113105,23.8,37.64704817430835,1650.0,76.0,73.46879142184886,0.6092581725278857,0.001754062939928975,0.0,0
Bayesian Auto-tune,324.0,24.279534648607235,24.582879293252073,23.8,37.6541818305704,1650.0,71.0,70.42778177681805,0.6092581725278857,0.001754062939928975,0.0,0
Bayesian Auto-tune,325.0,24.180226956167427,24.46707998559985,23.8,37.66124591647779,1650.0,66.0,63.48962434887009,0.6092581725278857,0.001754062939928975,0.0,0
Bayesian Auto-tune,326.0,24.08063025750511,24.375863649969524,23.8,37.66824029754049,1650.0,61.0,58.03320466247428,0.6092581725278857,0.001754062939928975,0.0,0
Bayesian Auto-tune,327.0,23.981805472406766,24.283505807199543,23.8,37.67516484059559,1650.0,56.00000000000001,52.49103757377351,0.6092581725278857,0.001754062939928975,0.0,0
Bayesian Auto-tune,328.0,23.885252193278014,24.160276371232936,23.8,37.68201941380976,1650.0,51.0,45.04637822099898,0.6092581725278857,0.001754062939928975,0.0,0
Bayesian Auto-tune,329.0,23.792212205478748,24.062471120934234,23.8,37.68880388668181,1650.0,46.0,39.13355250154026,0.6092581725278857,0.001754062939928975,0.0,0
Bayesian Auto-tune,330.0,23.703712495355294,23.98651664133353,23.8,37.695518130045144,1650.0,41.0,34.53867995068146,0.6092581725278857,0.001754062939928975,0.0,0
Bayesian Auto-tune,331.0,23.620601090061477,23.892734671140012,23.8,37.70216201607027,1650.0,36.0,28.841203018054017,0.6092581725278857,0.001754062939928975,0.0,0
Bayesian Auto-tune,332.0,23.54357692387152,23.77022830538222,23.8,37.70873541826715,1650.0,31.0,21.37218042297263,0.6092581725278857,0.001754062939928975,0.0,0
Bayesian Auto-tune,333.0,23.4732147265705,23.6914224142989,23.8,37.715238211487694,1650.0,26.0,16.551821912468583,0.6092581725278857,0.001754062939928975,0.0,0
Bayesian Auto-tune,334.0,23.409985763577176,23.627643695192422,23.8,37.7216702719281,1650.0,25.0,12.635818946897842,0.6092581725278857,0.001754062939928975,0.0,0
Bayesian Auto-tune,335.0,23.354275119178123,23.547478486689137,23.8,37.728031477131196,1650.0,0.0,7.707394240791682,0.6092581725278857,0.001754062939928975,0.0,0
Bayesian Auto-tune,336.0,23.306396099022376,23.478360902474392,23.8,37.734321705988805,1650.0,0.0,3.4399314138697514,0.6092581725278857,0.001754062939928975,0.0,0
Bayesian Auto-tune,337.0,23.26660223200082,23.395375140663543,23.8,37.740540838744046,1650.0,0.0,0.0,0.6092581725278857,0.001754062939928975,0.0,0
Bayesian Auto-tune,338.0,23.235097271613917,23.359820232273968,23.8,37.74668875699359,1650.0,0.0,0.0,0.6092581725278857,0.001754062939928975,0.0,0
Bayesian Auto-tune,339.0,23.21204353024736,23.349163538441424,23.8,37.75276534368994,1650.0,0.0,0.0,0.6092581725278857,0.001754062939928975,0.0,0
Bayesian Auto-tune,340.0,23.19756882420542,23.298242633943957,23.8,37.758770483143635,1650.0,0.0,0.0,0.6092581725278857,0.001754062939928975,0.0,0
Bayesian Auto-tune,341.0,23.191772261043287,23.23741388092199,23.8,37.76470406102548,1650.0,0.0,0.0,0.6092581725278857,0.001754062939928975,0.0,0
Bayesian Auto-tune,342.0,23.193488245823136,23.235541614137066,23.8,37.770565964368714,1650.0,0.0,0.0,0.6092581725278857,0.001754062939928975,0.0,0
Bayesian Auto-tune,343.0,23.20918898568783,23.218200710706284,23.8,37.77635608157114,1650.0,0.0,0.0,0.6092581725278857,0.001754062939928975,0.0,0
Bayesian Auto-tune,344.0,23.23647571610959,23.206821118095327,23.8,37.78207430239727,1650.0,0.0,0.0,0.6092581725278857,0.001754062939928975,0.0,0
Bayesian Auto-tune,345.0,23.273349793934276,23.239992275701134,23.8,37.787720517980425,1650.0,0.0,0.0,0.6092581725278857,0.001754062939928975,0.0,0
Bayesian Auto-tune,346.0,23.318146008765297,23.238403325860723,23.8,37.793294620824796,1650.0,0.0,0.0,0.6092581725278857,0.001754062939928975,0.0,0
Bayesian Auto-tune,347.0,23.369477009126093,23.272669602435634,23.8,37.798796504807505,1650.0,0.0,0.0,0.6092581725278857,0.001754062939928975,0.0,0
Bayesian Auto-tune,348.0,23.42618699093804,23.307403379444285,23.8,37.804226065180615,1650.0,0.0,0.0,0.6092581725278857,0.001754062939928975,0.0,0
Bayesian Auto-tune,349.0,23.487313104594467,23.34689192762824,23.8,37.809583198573115,1650.0,0.0,0.0,0.6092581725278857,0.001754062939928975,0.0,0
Bayesian Auto-tune,350.0,23.552053294198114,23.38390441571807,23.8,37.81486780299291,1650.0,0.0,0.0,0.6092581725278857,0.001754062939928975,0.0,0
Bayesian Auto-tune,351.0,23.619739496934685,23.47191233907668,23.8,37.820079777828745,1650.0,0.0,2.9894987780504034,0.6092581725278857,0.001754062939928975,0.0,0
Bayesian Auto-tune,352.0,23.689815309226468,23.528593180987283,23.8,37.82521902385214,1650.0,0.0,6.395218929742502,0.6092581725278857,0.001754062939928975,0.0,0
Bayesian Auto-tune,353.0,23.76181737520262,23.608452139473894,23.8,37.83028544321926,1650.0,0.0,11.227092540158628,0.6092581725278857,0.001754062939928975,0.0,0
Bayesian Auto-tune,354.0,23.835359877099982,23.679838689515798,23.8,37.83527893947277,1650.0,25.0,15.55529939216535,0.6092581725278857,0.001754062939928975,0.0,0
Bayesian Auto-tune,355.0,23.91012161060591,23.72645997393357,23.8,37.840199417543715,1650.0,25.0,18.382839863260298,0.6092581725278857,0.001754062939928975,0.0,0
Bayesian Auto-tune,356.0,23.985835214319458,23.796377847655137,23.8,37.845046783753276,1650.0,25.0,22.642008112005023,0.6092581725278857,0.001754062939928975,0.0,0
Bayesian Auto-tune,357.0,24.062278194311133,23.840793624877875,23.8,37.84982094581459,1650.0,25.0,25.35523109677652,0.6092581725278857,0.001754062939928975,0.0,0
Bayesian Auto-tune,358.0,24.139265444598053,23.917432694306704,23.8,37.85452181283449,1650.0,30.0,30.04512746892307,0.6092581725278857,0.001754062939928975,0.0,0
Bayesian Auto-tune,359.0,24.216643014215247,23.987145086777588,23.8,37.859149295315255,1650.0,34.0,34.325238378969416,0.6092581725278857,0.001754062939928975,0.0,0
Bayesian Auto-tune,360.0,24.294282913117062,24.049480565108315,23.8,37.86370330515627,1650.0,38.0,38.16683880146135,0.6092581725278857,0.001754062939928975,0.0,0
Bayesian Auto-tune,361.0,24.37207878377022,24.122267174298653,23.8,37.86818375565577,1650.0,43.0,42.65795014216132,0.6092581725278857,0.001754062939928975,0.0,0
Bayesian Auto-tune,362.0,24.44218719211579,24.19089944427897,23.8,37.87259056151243,1650.0,47.0,46.907993503470976,0.6092581725278857,0.001754062939928975,0.0,0
Bayesian Auto-tune,363.0,24.505864648719516,24.265293322101055,23.8,37.876923638827016,1650.0,52.0,51.522116685635055,0.6092581725278857,0.001754062939928975,0.0,0
Bayesian Auto-tune,364.0,24.564158351259618,24.32076633773664,23.8,37.881182905103984,1650.0,55.00000000000001,54.99320119204839,0.6092581725278857,0.001754062939928975,0.0,0
Bayesian Auto-tune,365.0,24.61794106943219,24.376831110396942,23.8,37.88536827925304,1650.0,59.0,58.51017309280368,0.6092581725278857,0.001754062939928975,0.0,0
Bayesian Auto-tune,366.0,24.666389195300948,24.466060466101343,23.8,37.88947968159071,1650.0,64.0,64.06337570996807,0.6092581725278857,0.001754062939928975,0.0,0
Bayesian Auto-tune,367.0,24.709134158000158,24.5421971120106,23.8,37.893517033841796,1650.0,69.0,68.83224912970584,0.6092581725278857,0.001754062939928975,0.0,0
Bayesian Auto-tune,368.0,24.745874849222485,24.599617057597968,23.8,37.89748025914094,1650.0,72.0,72.47086410591355,0.6092581725278857,0.001754062939928975,0.0,0
Bayesian Auto-tune,369.0,24.776056144516513,24.637546288357164,23.8,37.901369282034054,1650.0,75.0,74.92864437817545,0.6092581725278857,0.001754062939928975,0.0,0
Bayesian Auto-tune,370.0,24.799533109006948,24.670200918023518,23.8,37.90518402847973,1650.0,77.0,77.07079309574493,0.6092581725278857,0.001754062939928975,0.0,0
Bayesian Auto-tune,371.0,24.815880693898492,24.698406362441247,23.8,37.908924425850714,1650.0,79.0,78.94681897840864,0.6092581725278857,0.001754062939928975,0.0,0
Bayesian Auto-tune,372.0,24.82537249626098,24.72411138706135,23.8,37.91259040293522,1650.0,81.0,80.67501356453246,0.6092581725278857,0.001754062939928975,0.0,0
Bayesian Auto-tune,373.0,24.82793068352023,24.746530983363385,23.8,37.916181889938336,1650.0,82.0,82.20697328365284,0.6092581725278857,0.001754062939928975,0.0,0
Bayesian Auto-tune,374.0,24.82318603492616,24.782898331916524,23.8,37.91969881848332,1650.0,85.0,84.5950902693431,0.6092581725278857,0.001754062939928975,0.0,0
Bayesian Auto-tune,375.0,24.810838172682793,24.788691247067113,23.8,37.92314112161292,1650.0,85.0,85.1214510267201,0.6092581725278857,0.001754062939928975,0.0,0
Bayesian Auto-tune,376.0,24.791264458932986,24.817367107269547,23.8,37.926508733790655,1650.0,87.0,87.0470038388965,0.6092581725278857,0.001754062939928975,0.0,0
Bayesian Auto-tune,377.0,24.76478360930703,24.81036200933299,23.8,37.92980159090204,1650.0,87.0,86.79743637782431,0.6092581725278857,0.001754062939928975,0.0,0
Bayesian Auto-tune,378.0,24.73197564970014,24.785577473759908,23.8,37.93301963025582,1650.0,85.0,85.46029478491852,0.6092581725278857,0.001754062939928975,0.0,0
Bayesian Auto-tune,379.0,24.693326646633523,24.768747308409537,23.8,37.936162790585165,1650.0,85.0,84.60482758163135,0.6092581725278857,0.001754062939928975,0.0,0
Bayesian Auto-tune,380.0,24.649244353273698,24.746806855187767,23.8,37.93923101204883,1650.0,83.0,83.43416341979398,0.6092581725278857,0.001754062939928975,0.0,0
Bayesian Auto-tune,381.0,24.60038145193512,24.702975949489645,23.8,37.94222423623231,1650.0,81.0,80.92211733407065,0.6092581725278857,0.001754062939928975,0.0,0
Bayesian Auto-tune,382.0,24.546662614341674,24.63747758500818,23.8,37.945142406148925,1650.0,77.0,77.07847478880487,0.6092581725278857,0.001754062939928975,0.0,0
Bayesian Auto-tune,383.0,24.488959835564778,24.644489015198673,23.8,37.94798546624093,1650.0,78.0,77.65378059174515,0.6092581725278857,0.001754062939928975,0.0,0
Bayesian Auto-tune,384.0,24.427379028429623,24.587606946169377,23.8,37.95075336238055,1650.0,74.0,74.3263452646564,0.6092581725278857,0.001754062939928975,0.0,0
Bayesian Auto-tune,385.0,24.3626315064119,24.571611185132674,23.8,37.95344604187105,1650.0,73.0,73.4871359093026,0.6092581725278857,0.001754062939928975,0.0,0
Bayesian Auto-tune,386.0,24.295930085528237,24.452905556548057,23.8,37.95606345344767,1650.0,68.0,66.36942221928027,0.6092581725278857,0.001754062939928975,0.0,0
Bayesian Auto-tune,387.0,24.22766170156852,24.396995942243137,23.8,37.95860554727868,1650.0,63.0,63.0678001212225,0.6092581725278857,0.001754062939928975,0.0,0
Bayesian Auto-tune,388.0,24.158768874622368,24.339314644727867,23.8,37.961072274966284,1650.0,60.0,59.64811911303125,0.6092581725278857,0.001754062939928975,0.0,0
Bayesian Auto-tune,389.0,24.090033720752633,24.311147337274832,23.8,37.96346358954753,1650.0,57.99999999999999,58.02166134676023,0.6092581725278857,0.001754062939928975,0.0,0
Bayesian Auto-tune,390.0,24.022725111092708,24.200207007294484,23.8,37.965779445495244,1650.0,53.0,51.332729904392984,0.6092581725278857,0.001754062939928975,0.0,0
Bayesian Auto-tune,391.0,23.95634314980245,24.15088910277324,23.8,37.968019798718856,1650.0,48.0,48.38954442336125,0.6092581725278857,0.001754062939928975,0.0,0
Bayesian Auto-tune,392.0,23.89202350256125,24.102243095226484,23.8,37.97018460656529,1650.0,45.0,45.478761998708336,0.6092581725278857,0.001754062939928975,0.0,0
Bayesian Auto-tune,393.0,23.829775702874496,24.035855497346592,23.8,37.972273827819706,1650.0,41.0,41.475413881133846,0.6092581725278857,0.001754062939928975,0.0,0
Bayesian Auto-tune,394.0,23.77084677791996,23.955456796412935,23.8,37.97428742270635,1650.0,37.0,36.60432542122308,0.6092581725278857,0.001754062939928975,0.0,0
Bayesian Auto-tune,395.0,23.716268223173984,23.876450639108793,23.8,37.97622535288928,1650.0,32.0,31.804220642745275,0.6092581725278857,0.001754062939928975,0.0,0
Bayesian Auto-tune,396.0,23.666271555487207,23.861359988055494,23.8,37.97808758147309,1650.0,31.0,30.895573322550636,0.6092581725278857,0.001754062939928975,0.0,0
Bayesian Auto-tune,397.0,23.620734870495628,23.78538138750092,23.8,37.97987407300365,1650.0,26.0,26.26395079339825,0.6092581725278857,0.001754062939928975,0.0,0
Bayesian Auto-tune,398.0,23.580484078358953,23.722965723672335,23.8,37.98158479346871,1650.0,25.0,22.447713168345356,0.6092581725278857,0.001754062939928975,0.0,0
Bayesian Auto-tune,399.0,23.54619986161862,23.710625500558038,23.8,37.98321971029865,1650.0,25.0,21.680198140300487,0.6092581725278857,0.001754062939928975,0.0,0
Bayesian Auto-tune,400.0,23.517821510323383,23.67174107322798,23.8,37.98477879236698,1650.0,25.0,19.288635203793504,0.6092581725278857,0.001754062939928975,0.0,0
Bayesian Auto-tune,401.0,23.495604122648245,23.645777938364954,23.8,37.986262009991044,1650.0,25.0,17.679758473535905,0.6092581725278857,0.001754062939928975,0.0,0
Bayesian Auto-tune,402.0,23.47975429693363,23.599120507604926,23.8,37.98766933493251,1650.0,25.0,14.801880846265592,0.6092581725278857,0.001754062939928975,0.0,0
Bayesian Auto-tune,403.0,23.470748449622423,23.562829185501073,23.8,37.98900074039794,1650.0,25.0,12.54920113428961,0.6092581725278857,0.001754062939928975,0.0,0
Bayesian Auto-tune,404.0,23.46773536332608,23.562579030969772,23.8,37.990256201039294,1650.0,0.0,12.492315132736811,0.6092581725278857,0.001754062939928975,0.0,0
Bayesian Auto-tune,405.0,23.47124509858597,23.54000231547294,23.8,37.99143569295441,1650.0,0.0,11.071205059918979,0.6092581725278857,0.001754062939928975,0.0,0
Bayesian Auto-tune,406.0,23.48047118646417,23.502459510378056,23.8,37.99253919368747,1650.0,0.0,8.731688502953636,0.6092581725278857,0.001754062939928975,0.0,0
Bayesian Auto-tune,407.0,23.494430002274513,23.50894436758008,23.8,37.99356668222939,1650.0,0.0,9.075730737926117,0.6092581725278857,0.001754062939928975,0.0,0
Bayesian Auto-tune,408.0,23.512301994802428,23.51149391764254,23.8,37.9945181390183,1650.0,0.0,9.180458376407532,0.6092581725278857,0.001754062939928975,0.0,0
Bayesian Auto-tune,409.0,23.533404340012446,23.51860642636166,23.8,37.995393545939805,1650.0,0.0,9.564435578932267,0.6092581725278857,0.001754062939928975,0.0,0
Bayesian Auto-tune,410.0,23.557168152475192,23.480911012712053,23.8,37.99619288632743,1650.0,0.0,7.211841478933839,0.6092581725278857,0.001754062939928975,0.0,0
Bayesian Auto-tune,411.0,23.58311949489394,23.526313811475053,23.8,37.99691614496289,1650.0,0.0,9.930037819087303,0.6092581725278857,0.001754062939928975,0.0,0
Bayesian Auto-tune,412.0,23.618618654754947,23.548195087299185,23.8,37.99756330807638,1650.0,0.0,11.219004264660182,0.6092581725278857,0.001754062939928975,0.0,0
Bayesian Auto-tune,413.0,23.66200692953319,23.56266169402831,23.8,37.99813436334685,1650.0,0.0,12.05876346983383,0.6092581725278857,0.001754062939928975,0.0,0
Bayesian Auto-tune,414.0,23.711902389513803,23.581876777173523,23.8,37.99862929990223,1650.0,25.0,13.19119792788641,0.6092581725278857,0.001754062939928975,0.0,0
Bayesian Auto-tune,415.0,23.767153747323366,23.644303194168018,23.8,37.999048108319634,1650.0,25.0,16.967268201741824,0.6092581725278857,0.001754062939928975,0.0,0
Bayesian Auto-tune,416.0,23.82680191588165,23.67720468618639,23.8,37.99939078062557,1650.0,25.0,18.950279420881483,0.6092581725278857,0.001754062939928975,0.0,0
Bayesian Auto-tune,417.0,23.8900479733703,23.73212619433195,23.8,37.99965731029603,1650.0,25.0,22.284511696694068,0.6092581725278857,0.001754062939928975,0.0,0
Bayesian Auto-tune,418.0,23.956226467382333,23.78820526518726,23.8,37.99984769225669,1650.0,26.0,25.6991060486086,0.6092581725278857,0.001754062939928975,0.0,0
Bayesian Auto-tune,419.0,24.024783168388847,23.866716294379327,23.8,37.99996192288294,1650.0,30.0,30.494157123438903,0.6092581725278857,0.001754062939928975,0.0,0
Bayesian Auto-tune,420.0,24.0952565309701,23.902077429697044,23.8,38.0,1650.0,33.0,32.66646821530079,0.6092581725278857,0.001754062939928975,0.0,0
Bayesian Auto-tune,421.0,24.167262244850164,23.96847914524171,23.8,37.99996192288294,1650.0,37.0,36.7415993043286,0.6092581725278857,0.001754062939928975,0.0,0
Bayesian Auto-tune,422.0,24.232725258727005,24.02158437898917,23.8,37.99984769225669,1650.0,40.0,40.01594636551834,0.6092581725278857,0.001754062939928975,0.0,0
Bayesian Auto-tune,423.0,24.292709078813118,24.1055066734723,23.8,37.99965731029603,1650.0,45.0,45.18256853601592,0.6092581725278857,0.001754062939928975,0.0,0
Bayesian Auto-tune,424.0,24.34810007581537,24.154756744844104,23.8,37.99939078062557,1650.0,48.0,48.245395949983404,0.6092581725278857,0.001754062939928975,0.0,0
Bayesian Auto-tune,425.0,24.399637006917292,24.22959693312092,23.8,37.999048108319634,1650.0,53.0,52.88044959005046,0.6092581725278857,0.001754062939928975,0.0,0
Bayesian Auto-tune,426.0,24.447625413352892,24.293234176919498,23.8,37.99862929990223,1650.0,57.00000000000001,56.844117055237845,0.6092581725278857,0.001754062939928975,0.0,0
Bayesian Auto-tune,427.0,24.49139090654207,24.35284711094349,23.8,37.99813436334685,1650.0,61.0,60.5730566423614,0.6092581725278857,0.001754062939928975,0.0,0
Bayesian Auto-tune,428.0,24.530687774543978,24.37963650357742,23.8,37.99756330807638,1650.0,62.0,62.30689417324493,0.6092581725278857,0.001754062939928975,0.0,0
Bayesian Auto-tune,429.0,24.565005604508855,24.419761719958377,23.8,37.99691614496289,1650.0,65.0,64.8602658801563,0.6092581725278857,0.001754062939928975,0.0,0
Bayesian Auto-tune,430.0,24.594235276634947,24.440428806057582,23.8,37.99619288632743,1650.0,66.0,66.23176023442099,0.6092581725278857,0.001754062939928975,0.0,0
Bayesian Auto-tune,431.0,24.617669946749906,24.50078422542115,23.8,37.995393545939805,1650.0,70.0,70.03188544865093,0.6092581725278857,0.001754062939928975,0.0,0
Bayesian Auto-tune,432.0,24.635348444854536,24.53525469297268,23.8,37.9945181390183,1650.0,72.0,72.26099515614877,0.6092581725278857,0.001754062939928975,0.0,0
Bayesian Auto-tune,433.0,24.646687157185905,24.59923969800744,23.8,37.99356668222939,1650.0,76.0,76.29952555325495,0.6092581725278857,0.001754062939928975,0.0,0
Bayesian Auto-tune,434.0,24.65151734089247,24.60295258850894,23.8,37.99253919368747,1650.0,77.0,76.66657937923132,0.6092581725278857,0.001754062939928975,0.0,0
Bayesian Auto-tune,435.0,24.649704244766948,24.61707571240602,23.8,37.99143569295441,1650.0,78.0,77.670362467448,0.6092581725278857,0.001754062939928975,0.0,0
Bayesian Auto-tune,436.0,24.642072026236733,24.628735016281084,23.8,37.990256201039294,1650.0,79.0,78.52608042254286,0.6092581725278857,0.001754062939928975,0.0,0
Bayesian Auto-tune,437.0,24.62868840631756,24.646560339644047,23.8,37.98900074039794,1650.0,80.0,79.76059482804496,0.6092581725278857,0.001754062939928975,0.0,0
Bayesian Auto-tune,438.0,24.610234536343732,24.652957389809522,23.8,37.98766933493251,1650.0,80.0,80.29995443206394,0.6092581725278857,0.001754062939928975,0.0,0
Bayesian Auto-tune,439.0,24.586348732688695,24.646994479331685,23.8,37.986262009991044,1650.0,80.0,80.08522740064852,0.6092581725278857,0.001754062939928975,0.0,0
Bayesian Auto-tune,440.0,24.55735577305244,24.623892636278473,23.8,37.98477879236698,1650.0,79.0,78.82224468656358,0.6092581725278857,0.001754062939928975,0.0,0
Bayesian Auto-tune,441.0,24.522908655953405,24.587110601813993,23.8,37.98321971029865,1650.0,77.0,76.71933333022163,0.6092581725278857,0.001754062939928975,0.0,0
Bayesian Auto-tune,442.0,24.48365455471328,24.585728607722515,23.8,37.98158479346871,1650.0,77.0,76.77295595392462,0.6092581725278857,0.001754062939928975,0.0,0
Bayesian Auto-tune,443.0,24.440134003440054,24.559007699620626,23.8,37.97987407300365,1650.0,75.0,75.27809751778285,0.6092581725278857,0.001754062939928975,0.0,0
Bayesian Auto-tune,444.0,24.39279866398596,24.53495319207284,23.8,37.97808758147309,1650.0,74.0,73.94147240250044,0.6092581725278857,0.001754062939928975,0.0,0
Bayesian Auto-tune,445.0,24.342026131778226,24.482581417311117,23.8,37.97622535288928,1650.0,71.0,70.8704083009224,0.6092581725278857,0.001754062939928975,0.0,0
Bayesian Auto-tune,446.0,24.288442478125265,24.436538257531517,23.8,37.97428742270635,1650.0,68.0,68.17684397918784,0.6092581725278857,0.001754062939928975,0.0,0
Bayesian Auto-tune,447.0,24.23256913510533,24.390494003093238,23.8,37.972273827819706,1650.0,65.0,65.47513651244799,0.6092581725278857,0.001754062939928975,0.0,0
Bayesian Auto-tune,448.0,24.17515054102781,24.33952806076697,23.8,37.97018460656529,1650.0,62.0,62.464631441805906,0.6092581725278857,0.001754062939928975,0.0,0
Bayesian Auto-tune,449.0,24.117115481993373,24.306378186779263,23.8,37.968019798718856,1650.0,61.0,60.53377019837971,0.6092581725278857,0.001754062939928975,0.0,0
Bayesian Auto-tune,450.0,24.058614271898723,24.23773110082482,23.8,37.965779445495244,1650.0,56.00000000000001,56.428171174744,0.6092581725278857,0.001754062939928975,0.0,0
Bayesian Auto-tune,451.0,24.000392315295354,24.175158285950065,23.8,37.96346358954753,1650.0,53.0,52.681676415291314,0.6092581725278857,0.001754062939928975,0.0,0
Bayesian Auto-tune,452.0,23.942757330260026,24.099673920312597,23.8,37.961072274966284,1650.0,48.0,48.1352944407886,0.6092581725278857,0.001754062939928975,0.0,0
Bayesian Auto-tune,453.0,23.886584417223222,24.042697094129753,23.8,37.95860554727868,1650.0,45.0,44.70650533897291,0.6092581725278857,0.001754062939928975,0.0,0
Bayesian Auto-tune,454.0,23.832598111503692,23.981673761225398,23.8,37.95606345344767,1650.0,41.0,41.02047563145839,0.6092581725278857,0.001754062939928975,0.0,0
Bayesian Auto-tune,455.0,23.781397501589773,23.923754313061597,23.8,37.95344604187105,1650.0,38.0,37.51339320266804,0.6092581725278857,0.001754062939928975,0.0,0
Bayesian Auto-tune,456.0,23.733477160917353,23.872788396723912,23.8,37.95075336238055,1650.0,34.0,34.42102064067239,0.6092581725278857,0.001754062939928975,0.0,0
Bayesian Auto-tune,457.0,23.688624182732433,23.810198541429337,23.8,37.94798546624093,1650.0,31.0,30.609471443472845,0.6092581725278857,0.001754062939928975,0.0,0
Bayesian Auto-tune,458.0,23.64790032614518,23.811469868460954,23.8,37.945142406148925,1650.0,31.0,30.688939968988993,0.6092581725278857,0.001754062939928975,0.0,0
Bayesian Auto-tune,459.0,23.61156238674817,23.763505222933837,23.8,37.94222423623231,1650.0,28.000000000000004,27.76025332741383,0.6092581725278857,0.001754062939928975,0.0,0
Bayesian Auto-tune,460.0,23.580440196811814,23.719244763840692,23.8,37.93923101204883,1650.0,25.0,25.049483708485116,0.6092581725278857,0.001754062939928975,0.0,0
Bayesian Auto-tune,461.0,23.55459734174036,23.690825675878305,23.8,37.936162790585165,1650.0,25.0,23.298877685204427,0.6092581725278857,0.001754062939928975,0.0,0
Bayesian Auto-tune,462.0,23.534392503092455,23.63141679683851,23.8,37.93301963025582,1650.0,25.0,19.649772622736954,0.6092581725278857,0.001754062939928975,0.0,0
Bayesian Auto-tune,463.0,23.51980839854,23.58838020385029,23.8,37.92980159090204,1650.0,25.0,16.990613578975694,0.6092581725278857,0.001754062939928975,0.0,0
Bayesian Auto-tune,464.0,23.51113637347024,23.553304659638076,23.8,37.926508733790655,1650.0,25.0,14.81033546686215,0.6092581725278857,0.001754062939928975,0.0,0
Bayesian Auto-tune,465.0,23.508303085410425,23.570387037333514,23.8,37.92314112161292,1650.0,25.0,15.810817729743446,0.6092581725278857,0.001754062939928975,0.0,0
Bayesian Auto-tune,466.0,23.510312399692953,23.537519495252052,23.8,37.91969881848332,1650.0,25.0,13.762295134756739,0.6092581725278857,0.001754062939928975,0.0,0
Bayesian Auto-tune,467.0,23.517264911855094,23.522727421059695,23.8,37.916181889938336,1650.0,25.0,12.81244057022573,0.6092581725278857,0.001754062939928975,0.0,0
Bayesian Auto-tune,468.0,23.529240069839606,23.51595055917276,23.8,37.91259040293522,1650.0,0.0,12.349730661628758,0.6092581725278857,0.001754062939928975,0.0,0
Bayesian Auto-tune,469.0,23.54536910874149,23.49934988779554,23.8,37.908924425850714,1650.0,0.0,11.285585269056158,0.6092581725278857,0.001754062939928975,0.0,0
Bayesian Auto-tune,470.0,23.56492819751183,23.51479714640799,23.8,37.90518402847973,1650.0,0.0,12.17669574875011,0.6092581725278857,0.001754062939928975,0.0,0
Bayesian Auto-tune,471.0,23.587314282608922,23.550074296928823,23.8,37.901369282034054,1650.0,25.0,14.28214643323226,0.6092581725278857,0.001754062939928975,0.0,0
Bayesian Auto-tune,472.0,23.6120249577116,23.55555003735091,23.8,37.89748025914094,1650.0,25.0,14.572882331496947,0.6092581725278857,0.001754062939928975,0.0,0
Bayesian Auto-tune,473.0,23.638641688484373,23.590264232498082,23.8,37.893517033841796,1650.0,25.0,16.65108406741605,0.6092581725278857,0.001754062939928975,0.0,0
Bayesian Auto-tune,474.0,23.666815833219037,23.578546260214114,23.8,37.88947968159071,1650.0,25.0,15.898312649683067,0.6092581725278857,0.001754062939928975,0.0,0
Bayesian Auto-tune,475.0,23.696256993373346,23.618489155536903,23.8,37.88536827925304,1650.0,25.0,18.30002804611973,0.6092581725278857,0.001754062939928975,0.0,0
Bayesian Auto-tune,476.0,23.734478407731366,23.661906246004563,23.8,37.881182905103984,1650.0,25.0,20.92102725198826,0.6092581725278857,0.001754062939928975,0.0,0
Bayesian Auto-tune,477.0,23.779948835534125,23.692660371178004,23.8,37.876923638827016,1650.0,25.0,22.775919415584493,0.6092581725278857,0.001754062939928975,0.0,0
Bayesian Auto-tune,478.0,23.831392567571747,23.69936823017977,23.8,37.87259056151243,1650.0,25.0,23.16694976148135,0.6092581725278857,0.001754062939928975,0.0,0
Bayesian Auto-tune,479.0,23.879991733899455,23.756775403682735,23.8,37.86818375565577,1650.0,27.0,26.656946857072843,0.6092581725278857,0.001754062939928975,0.0,0
Bayesian Auto-tune,480.0,23.92619083895001,23.79211459257766,23.8,37.86370330515627,1650.0,28.999999999999996,28.808632671454355,0.6092581725278857,0.001754062939928975,0.0,0
Bayesian Auto-tune,481.0,23.970360432323623,23.84418375972978,23.8,37.85914929531525,1650.0,32.0,31.98873934341814,0.6092581725278857,0.001754062939928975,0.0,0
Bayesian Auto-tune,482.0,24.01280943394557,23.90628529402083,23.8,37.85452181283449,1650.0,36.0,35.79096918228251,0.6092581725278857,0.001754062939928975,0.0,0
Bayesian Auto-tune,483.0,24.05379540503461,23.98462772606462,23.8,37.84982094581459,1650.0,41.0,40.596430745318806,0.6092581725278857,0.001754062939928975,0.0,0
Bayesian Auto-tune,484.0,24.093533107247065,24.003480386228023,23.8,37.845046783753276,1650.0,42.0,41.78073621361178,0.6092581725278857,0.001754062939928975,0.0,0
Bayesian Auto-tune,485.0,24.1322016353006,24.044365709457704,23.8,37.840199417543715,1650.0,44.0,44.31457122849941,0.6092581725278857,0.001754062939928975,0.0,0
Bayesian Auto-tune,486.0,24.169950360831063,24.076084686555582,23.8,37.83527893947277,1650.0,46.0,46.295502822307014,0.6092581725278857,0.001754062939928975,0.0,0
Bayesian Auto-tune,487.0,24.206283477446917,24.107000506469408,23.8,37.83028544321926,1650.0,48.0,48.232924237690625,0.6092581725278857,0.001754062939928975,0.0,0
Bayesian Auto-tune,488.0,24.24079092240887,24.12747233066586,23.8,37.82521902385214,1650.0,50.0,49.537627565422206,0.6092581725278857,0.001754062939928975,0.0,0
Bayesian Auto-tune,489.0,24.272823866070524,24.167212287717806,23.8,37.820079777828745,1650.0,52.0,52.02322827289997,0.6092581725278857,0.001754062939928975,0.0,0
Bayesian Auto-tune,490.0,24.30153598281104,24.216843787620128,23.8,37.81486780299291,1650.0,55.00000000000001,55.120184989891044,0.6092581725278857,0.001754062939928975,0.0,0
Bayesian Auto-tune,491.0,24.325917835936888,24.232746005437985,23.8,37.809583198573115,1650.0,56.00000000000001,56.164946979629924,0.6092581725278857,0.001754062939928975,0.0,0
Bayesian Auto-tune,492.0,24.346376544671347,24.274042065608736,23.8,37.804226065180615,1650.0,59.0,58.76409315677844,0.6092581725278857,0.001754062939928975,0.0,0
Bayesian Auto-tune,493.0,24.3629426638542,24.278382846160746,23.8,37.798796504807505,1650.0,59.0,59.11247012157948,0.6092581725278857,0.001754062939928975,0.0,0
Bayesian Auto-tune,494.0,24.375644633382393,24.276624477283516,23.8,37.793294620824796,1650.0,59.0,59.088942993888985,0.6092581725278857,0.001754062939928975,0.0,0
Bayesian Auto-tune,495.0,24.38450911550948,24.33495820450757,23.8,37.787720517980425,1650.0,63.0,62.73680803450941,0.6092581725278857,0.001754062939928975,0.0,0
Bayesian Auto-tune,496.0,24.38956127600682,24.348206512573014,23.8,37.78207430239727,1650.0,64.0,63.64013090332661,0.6092581725278857,0.001754062939928975,0.0,0
Bayesian Auto-tune,497.0,24.390825018542465,24.36554340437732,23.8,37.77635608157114,1650.0,65.0,64.79559507778103,0.6092581725278857,0.001754062939928975,0.0,0
Bayesian Auto-tune,498.0,24.38801297599282,24.359516842738994,23.8,37.770565964368714,1650.0,65.0,64.52656466055319,0.6092581725278857,0.001754062939928975,0.0,0
Bayesian Auto-tune,499.0,24.381510478508027,24.401711376283494,23.8,37.76470406102548,1650.0,67.0,67.2028450629193,0.6092581725278857,0.001754062939928975,0.0,0
Bayesian Auto-tune,500.0,24.371019614075436,24.407432857188873,23.8,37.758770483143635,1650.0,68.0,67.65797850930475,0.6092581725278857,0.001754062939928975,0.0,0
Bayesian Auto-tune,501.0,24.35722710002783,24.380578093554153,23.8,37.75276534368994,1650.0,66.0,66.12366713949275,0.6092581725278857,0.001754062939928975,0.0,0
Bayesian Auto-tune,502.0,24.340705066926592,24.360812576253647,23.8,37.74668875699359,1650.0,65.0,65.01780690016055,0.6092581725278857,0.001754062939928975,0.0,0
Bayesian Auto-tune,503.0,24.320689340740714,24.395676403852537,23.8,37.740540838744046,1650.0,67.0,67.24639947960208,0.6092581725278857,0.001754062939928975,0.0,0
Bayesian Auto-tune,504.0,24.297479558498885,24.363023567232805,23.8,37.734321705988805,1650.0,65.0,65.35575660028205,0.6092581725278857,0.001754062939928975,0.0,0
Bayesian Auto-tune,505.0,24.271326747704975,24.336625879863334,23.8,37.728031477131196,1650.0,64.0,63.841583480560935,0.6092581725278857,0.001754062939928975,0.0,0
Bayesian Auto-tune,506.0,24.24275162524066,24.335732527672867,23.8,37.7216702719281,1650.0,64.0,63.881126125512736,0.6092581725278857,0.001754062939928975,0.0,0
Bayesian Auto-tune,507.0,24.211567537924157,24.344186785787866,23.8,37.715238211487694,1650.0,64.0,64.49166249776998,0.6092581725278857,0.001754062939928975,0.0,0
Bayesian Auto-tune,508.0,24.17793195516354,24.296734281810796,23.8,37.70873541826715,1650.0,62.0,61.68771023174746,0.6092581725278857,0.001754062939928975,0.0,0
Bayesian Auto-tune,509.0,24.142908016795374,24.241734444721573,23.8,37.70216201607027,1650.0,57.99999999999999,58.41428321019393,0.6092581725278857,0.001754062939928975,0.0,0
Bayesian Auto-tune,510.0,24.107068288353727,24.220542415977132,23.8,37.695518130045144,1650.0,57.00000000000001,57.196907326347656,0.6092581725278857,0.001754062939928975,0.0,0
Bayesian Auto-tune,511.0,24.06995762380409,24.18727765906639,23.8,37.688803886681804,1650.0,55.00000000000001,55.23815576476838,0.6092581725278857,0.001754062939928975,0.0,0
Bayesian Auto-tune,512.0,24.032440364653834,24.157623934538602,23.8,37.68201941380976,1650.0,53.0,53.49420785232448,0.6092581725278857,0.001754062939928975,0.0,0
Bayesian Auto-tune,513.0,23.9949234216696,24.126607963011274,23.8,37.67516484059559,1650.0,52.0,51.661823531513186,0.6092581725278857,0.001754062939928975,0.0,0
Bayesian Auto-tune,514.0,23.957434021794878,24.098165386166368,23.8,37.66824029754049,1650.0,50.0,49.981236377846436,0.6092581725278857,0.001754062939928975,0.0,0
Bayesian Auto-tune,515.0,23.919994693623302,24.051496853662396,23.8,37.66124591647779,1650.0,47.0,47.18203202610541,0.6092581725278857,0.001754062939928975,0.0,0
Bayesian Auto-tune,516.0,23.883244459472536,24.008808564033128,23.8,37.6541818305704,1650.0,45.0,44.61783942968953,0.6092581725278857,0.001754062939928975,0.0,0
Bayesian Auto-tune,517.0,23.848333102807853,23.95677567358639,23.8,37.64704817430835,1650.0,41.0,41.475192495089175,0.6092581725278857,0.001754062939928975,0.0,0
Bayesian Auto-tune,518.0,23.815282052596725,23.897777480810834,23.8,37.639845083506174,1650.0,38.0,37.89783016934594,0.6092581725278857,0.001754062939928975,0.0,0
Bayesian Auto-tune,519.0,23.784417766680832,23.88671591042621,23.8,37.632572695300325,1650.0,37.0,37.23910547004163,0.6092581725278857,0.001754062939928975,0.0,0
Bayesian Auto-tune,520.0,23.756009205539293,23.841747832112507,23.8,37.6252311481466,1650.0,35.0,34.506711381004855,0.6092581725278857,0.001754062939928975,0.0,0
Bayesian Auto-tune,521.0,23.729967226908485,23.827249828511377,23.8,37.61782058181747,1650.0,34.0,33.62818845450328,0.6092581725278857,0.001754062939928975,0.0,0
Bayesian Auto-tune,522.0,23.706526185698184,23.78979595083741,23.8,37.610341137399445,1650.0,31.0,31.344490493483455,0.6092581725278857,0.001754062939928975,0.0,0
Bayesian Auto-tune,523.0,23.686188533583906,23.738564394449522,23.8,37.602792957290355,1650.0,28.000000000000004,28.212389859530333,0.6092581725278857,0.001754062939928975,0.0,0
Bayesian Auto-tune,524.0,23.669058251420033,23.712790956892356,23.8,37.59517618519667,1650.0,27.0,26.62682509789207,0.6092581725278857,0.001754062939928975,0.0,0
Bayesian Auto-tune,525.0,23.655839388673577,23.731834906150485,23.8,37.58749096613075,1650.0,28.000000000000004,27.775136683672443,0.6092581725278857,0.001754062939928975,0.0,0
Bayesian Auto-tune,526.0,23.646802470681227,23.69790117156025,23.8,37.5797374464081,1650.0,26.0,25.68978739420552,0.6092581725278857,0.001754062939928975,0.0,0
Bayesian Auto-tune,527.0,23.641548071401385,23.66213644812037,23.8,37.57191577364455,1650.0,25.0,23.486610255099023,0.6092581725278857,0.001754062939928975,0.0,0
Bayesian Auto-tune,528.0,23.640052091489533,23.65838208524275,23.8,37.56402609675347,1650.0,25.0,23.2330319549258,0.6092581725278857,0.001754062939928975,0.0,0
Bayesian Auto-tune,529.0,23.64198131088321,23.627616002499312,23.8,37.556068565942944,1650.0,25.0,21.328345981969715,0.6092581725278857,0.001754062939928975,0.0,0
Bayesian Auto-tune,530.0,23.647677028420876,23.62972243596997,23.8,37.548043332712886,1650.0,25.0,21.426814406201533,0.6092581725278857,0.001754062939928975,0.0,0
Bayesian Auto-tune,531.0,23.657419256709886,23.618067741120882,23.8,37.539950549852165,1650.0,25.0,20.684830534401208,0.6092581725278857,0.001754062939928975,0.0,0
Bayesian Auto-tune,532.0,23.67081655086378,23.608419406308254,23.8,37.531790371435704,1650.0,25.0,20.063393408872905,0.6092581725278857,0.001754062939928975,0.0,0
Bayesian Auto-tune,533.0,23.68692092496895,23.6237214850064,23.8,37.52356295282154,1650.0,25.0,20.964764698198273,0.6092581725278857,0.001754062939928975,0.0,0
Bayesian Auto-tune,534.0,23.705874620853418,23.593125127626795,23.8,37.51526845064786,1650.0,25.0,19.06436946520426,0.6092581725278857,0.001754062939928975,0.0,0
Bayesian Auto-tune,535.0,23.727483102199816,23.619046623470698,23.8,37.506907022830035,1650.0,25.0,20.611917422746313,0.6092581725278857,0.001754062939928975,0.0,0
Bayesian Auto-tune,536.0,23.751272691154025,23.6515042397661,23.8,37.49847882855758,1650.0,25.0,22.563377130644884,0.6092581725278857,0.001754062939928975,0.0,0
Bayesian Auto-tune,537.0,23.77684879521563,23.673204750819632,23.8,37.48998402829119,1650.0,25.0,23.863257816629808,0.6092581725278857,0.001754062939928975,0.0,0
Bayesian Auto-tune,538.0,23.803882725670682,23.709527597867506,23.8,37.4814227837596,1650.0,26.0,26.060387529202867,0.6092581725278857,0.001754062939928975,0.0,0
Bayesian Auto-tune,539.0,23.832100712956173,23.76198844744021,23.8,37.47279525795657,1650.0,28.999999999999996,29.249940197632007,0.6092581725278857,0.001754062939928975,0.0,0
Bayesian Auto-tune,540.0,23.86127475280097,23.781105615035433,23.8,37.46410161513776,1650.0,30.0,30.41135506288557,0.6092581725278857,0.001754062939928975,0.0,0
Bayesian Auto-tune,541.0,23.891214978013714,23.818917098852637,23.8,37.45534202081758,1650.0,33.0,32.71836879419217,0.6092581725278857,0.001754062939928975,0.0,0
Bayesian Auto-tune,542.0,23.921763301643214,23.857008716209194,23.8,37.4465166417661,1650.0,35.0,35.04913139975645,0.6092581725278857,0.001754062939928975,0.0,0
Bayesian Auto-tune,543.0,23.952788119615885,23.91917509184904,23.8,37.43762564600581,1650.0,39.0,38.85757270245551,0.6092581725278857,0.001754062939928975,0.0,0
Bayesian Auto-tune,544.0,23.984179896270696,23.911067101103324,23.8,37.42866920280845,1650.0,38.0,38.383068608583706,0.6092581725278857,0.001754062939928975,0.0,0
Bayesian Auto-tune,545.0,24.015847485642045,23.97633915097864,23.8,37.419647482691786,1650.0,42.0,42.390752587961046,0.6092581725278857,0.001754062939928975,0.0,0
Bayesian Auto-tune,546.0,24.04740486178422,23.990954909151153,23.8,37.41056065741637,1650.0,43.0,43.31472429232455,0.6092581725278857,0.001754062939928975,0.0,0
Bayesian Auto-tune,547.0,24.07791155294754,24.002669477364748,23.8,37.40140889998225,1650.0,44.0,44.06399343643138,0.6092581725278857,0.001754062939928975,0.0,0
Bayesian Auto-tune,548.0,24.107208841748836,24.042200808001652,23.8,37.3921923846257,1650.0,47.0,46.514955608708654,0.6092581725278857,0.001754062939928975,0.0,0
Bayesian Auto-tune,549.0,24.134545648514642,24.078719467284458,23.8,37.38291128681589,1650.0,49.0,48.78877391930974,0.6092581725278857,0.001754062939928975,0.0,0
Bayesian Auto-tune,550.0,24.159610846947913,24.105947647265477,23.8,37.37356578325154,1650.0,51.0,50.50133817992205,0.6092581725278857,0.001754062939928975,0.0,0
Bayesian Auto-tune,551.0,24.18152781078253,24.11446097661074,23.8,37.36415605185757,1650.0,51.0,51.07517816233702,0.6092581725278857,0.001754062939928975,0.0,0
Bayesian Auto-tune,552.0,24.201123061261274,24.126890407557042,23.8,37.3546822717817,1650.0,52.0,51.889790035658955,0.6092581725278857,0.001754062939928975,0.0,0
Bayesian Auto-tune,553.0,24.217532876498513,24.1853536841745,23.8,37.345144623391036,1650.0,56.00000000000001,55.51930640447107,0.6092581725278857,0.001754062939928975,0.0,0
Bayesian Auto-tune,554.0,24.23097410004784,24.18759441408547,23.8,37.335543288268674,1650.0,56.00000000000001,55.72381120528674,0.6092581725278857,0.001754062939928975,0.0,0
Bayesian Auto-tune,555.0,24.241628927104827,24.21799541737051,23.8,37.32587844921018,1650.0,57.99999999999999,57.64933620279944,0.6092581725278857,0.001754062939928975,0.0,0
Bayesian Auto-tune,556.0,24.24903026349169,24.261356618088197,23.8,37.316150290220165,1650.0,60.0,60.372077648174674,0.6092581725278857,0.001754062939928975,0.0,0
Bayesian Auto-tune,557.0,24.25310352972929,24.244260928368387,23.8,37.306358996508756,1650.0,59.0,59.408434943506116,0.6092581725278857,0.001754062939928975,0.0,0
Bayesian Auto-tune,558.0,24.253789522856497,24.220674999557776,23.8,37.29650475448806,1650.0,57.99999999999999,58.04523199770142,0.6092581725278857,0.001754062939928975,0.0,0
Bayesian Auto-tune,559.0,24.251662246833813,24.252728885404817,23.8,37.28658775176866,1650.0,60.0,60.07755268503241,0.6092581725278857,0.001754062939928975,0.0,0
Bayesian Auto-tune,560.0,24.246889766411464,24.292434143988213,23.8,37.276608177155964,1650.0,63.0,62.58300406169164,0.6092581725278857,0.001754062939928975,0.0,0
Bayesian Auto-tune,561.0,24.238682948131213,24.273463402954924,23.8,37.266566220646716,1650.0,62.0,61.51024462120107,0.6092581725278857,0.001754062939928975,0.0,0
Bayesian Auto-tune,562.0,24.227630891408175,24.27978391592419,23.8,37.256462073425276,1650.0,62.0,61.979484157920226,0.6092581725278857,0.001754062939928975,0.0,0
Bayesian Auto-tune,563.0,24.21360399955699,24.27543625127969,23.8,37.24629592786005,1650.0,62.0,61.797993647179716,0.6092581725278857,0.001754062939928975,0.0,0
Bayesian Auto-tune,564.0,24.19649715569427,24.25623059321239,23.8,37.236067977499786,1650.0,61.0,60.707898951113435,0.6092581725278857,0.001754062939928975,0.0,0
Bayesian Auto-tune,565.0,24.17715624035184,24.2466892253057,23.8,37.22577841706993,1650.0,60.0,60.20493541526633,0.6092581725278857,0.001754062939928975,0.0,0
Bayesian Auto-tune,566.0,24.15628452836742,24.227017176762942,23.8,37.21542744246887,1650.0,59.0,59.0813012812095,0.6092581725278857,0.001754062939928975,0.0,0
Bayesian Auto-tune,567.0,24.13353585261205,24.2025061032853,23.8,37.20501525076424,1650.0,57.99999999999999,57.65854620172791,0.6092581725278857,0.001754062939928975,0.0,0
Bayesian Auto-tune,568.0,24.108314404168134,24.186854427452335,23.8,37.19454204018917,1650.0,57.00000000000001,56.772811761662865,0.6092581725278857,0.001754062939928975,0.0,0
Bayesian Auto-tune,569.0,24.081368837339085,24.17256229550589,23.8,37.18400801013849,1650.0,56.00000000000001,55.96740171407723,0.6092581725278857,0.001754062939928975,0.0,0
Bayesian Auto-tune,570.0,24.026072405439013,24.132367368369998,23.8,37.17341336116494,550.0,54.0,53.57679225723662,0.6092581725278857,0.001754062939928975,0.0,0
Bayesian Auto-tune,571.0,23.969753351876395,24.11346186678053,23.8,37.162758294975376,550.0,52.0,52.479942306684414,0.6092581725278857,0.001754062939928975,0.0,0
Bayesian Auto-tune,572.0,23.912937640364937,24.051494006596318,23.8,37.15204301442689,550.0,49.0,48.74861341321329,0.6092581725278857,0.001754062939928975,0.0,0
Bayesian Auto-tune,573.0,23.85606183142007,24.01559683781975,23.8,37.14126772352298,550.0,47.0,46.599366110758154,0.6092581725278857,0.001754062939928975,0.0,0
Bayesian Auto-tune,574.0,23.79948799185104,23.93773335616722,23.8,37.130432627409654,550.0,42.0,41.87962915449484,0.6092581725278857,0.001754062939928975,0.0,0
Bayesian Auto-tune,575.0,23.743516119292096,23.885242436001807,23.8,37.11953793237153,550.0,39.0,38.69652900485609,0.6092581725278857,0.001754062939928975,0.0,0
Bayesian Auto-tune,576.0,23.68839449593311,23.84532881485352,23.8,37.10858384582789,550.0,36.0,36.27270997630307,0.6092581725278857,0.001754062939928975,0.0,0
Bayesian Auto-tune,577.0,23.63432831658335,23.78791396779393,23.8,37.09757057632874,550.0,33.0,32.77254353063533,0.6092581725278857,0.001754062939928975,0.0,0
Bayesian Auto-tune,578.0,23.58179708276133,23.7399155094509,23.8,37.08649833355088,550.0,30.0,29.837659031398573,0.6092581725278857,0.001754062939928975,0.0,0
Bayesian Auto-tune,579.0,23.53119719732643,23.6704652345232,23.8,37.07536732829384,550.0,26.0,25.583623059842086,0.6092581725278857,0.001754062939928975,0.0,0
Bayesian Auto-tune,580.0,23.48316603464963,23.646508636000735,23.8,37.064177772475915,550.0,25.0,24.097124364945007,0.6092581725278857,0.001754062939928975,0.0,0
Bayesian Auto-tune,581.0,23.43791989452555,23.60139248771139,23.8,37.05292987913012,550.0,25.0,21.31354915142894,0.6092581725278857,0.001754062939928975,0.0,0
Bayesian Auto-tune,582.0,23.39656651360037,23.523405822632984,23.8,37.04162386240012,550.0,25.0,16.513631487115603,0.6092581725278857,0.001754062939928975,0.0,0
Bayesian Auto-tune,583.0,23.35940101147383,23.49307255679659,23.8,37.0302599375362,550.0,25.0,14.611715470750203,0.6092581725278857,0.001754062939928975,0.0,0
Bayesian Auto-tune,584.0,23.326664758321304,23.41475519598065,23.8,37.01883832089109,550.0,0.0,9.772591894604435,0.6092581725278857,0.001754062939928975,0.0,0
Bayesian Auto-tune,585.0,23.29855435649909,23.375420681095562,23.8,37.007359229915906,550.0,0.0,7.301630544153431,0.6092581725278857,0.001754062939928975,0.0,0
Bayesian Auto-tune,586.0,23.27522912509605,23.33375073062134,23.8,36.99582288315601,550.0,0.0,4.681071700209588,0.6092581725278857,0.001754062939928975,0.0,0
Bayesian Auto-tune,587.0,23.25712754102273,23.30597980862148,23.8,36.9842295002468,550.0,0.0,2.9024513305773105,0.6092581725278857,0.001754062939928975,0.0,0
Bayesian Auto-tune,588.0,23.243678427157157,23.28460124275829,23.8,36.972579301909576,550.0,0.0,1.509540547733501,0.6092581725278857,0.001754062939928975,0.0,0
Bayesian Auto-tune,589.0,23.23409414340354,23.25543325217283,23.8,36.96087250994733,550.0,0.0,0.0,0.6092581725278857,0.001754062939928975,0.0,0
Bayesian Auto-tune,590.0,23.227718367662067,23.24470422235106,23.8,36.949109347240494,550.0,0.0,0.0,0.6092581725278857,0.001754062939928975,0.0,0
Bayesian Auto-tune,591.0,23.22400420932519,23.234558272548384,23.8,36.93729003774274,550.0,0.0,0.0,0.6092581725278857,0.001754062939928975,0.0,0
Bayesian Auto-tune,592.0,23.230251072566535,23.254146222750272,23.8,36.92541480647668,550.0,0.0,0.0,0.6092581725278857,0.001754062939928975,0.0,0
Bayesian Auto-tune,593.0,23.24474943040932,23.247592467314323,23.8,36.9134838795296,550.0,0.0,0.0,0.6092581725278857,0.001754062939928975,0.0,0
Bayesian Auto-tune,594.0,23.266074911597247,23.2359803872644,23.8,36.90149748404915,550.0,0.0,0.0,0.6092581725278857,0.001754062939928975,0.0,0
Bayesian Auto-tune,595.0,23.293040773497555,23.262511223277446,23.8,36.889455848239024,550.0,0.0,0.06940914334548909,0.6092581725278857,0.001754062939928975,0.0,0
Bayesian Auto-tune,596.0,23.324658296193114,23.29338794827576,23.8,36.87735920135461,550.0,0.0,1.8617359054723392,0.6092581725278857,0.001754062939928975,0.0,0
Bayesian Auto-tune,597.0,23.36010377756534,23.306546037750227,23.8,36.865207773698614,550.0,0.0,2.576848329415143,0.6092581725278857,0.001754062939928975,0.0,0
Bayesian Auto-tune,598.0,23.398691029202766,23.310016173593596,23.8,36.853001796616724,550.0,0.0,2.7023229445441723,0.6092581725278857,0.001754062939928975,0.0,0
Bayesian Auto-tune,599.0,23.439848456330974,23.343121911840818,23.8,36.840741502493145,550.0,0.0,4.639177810762529,0.6092581725278857,0.001754062939928975,0.0,0
Bayesian Auto-tune,600.0,23.483099957760263,23.38952702914434,23.8,36.82842712474619,550.0,0.0,7.394447964589057,0.6092581725278857,0.001754062939928975,0.0,0
Bayesian Auto-tune,601.0,23.52804900918143,23.408548692436753,23.8,36.81605889782387,550.0,0.0,8.484695323048369,0.6092581725278857,0.001754062939928975,0.0,0
Bayesian Auto-tune,602.0,23.5743653992516,23.44946442519215,23.8,36.8036370571994,550.0,0.0,10.916033633577948,0.6092581725278857,0.001754062939928975,0.0,0
Bayesian Auto-tune,603.0,23.62177417633839,23.491573959468038,23.8,36.79116183936672,550.0,25.0,13.427491554730093,0.6092581725278857,0.001754062939928975,0.0,0
Bayesian Auto-tune,604.0,23.670046437479346,23.525833196332954,23.8,36.77863348183599,550.0,25.0,15.466672976214829,0.6092581725278857,0.001754062939928975,0.0,0
Bayesian Auto-tune,605.0,23.718991652520696,23.551888522683903,23.8,36.76605222312908,550.0,25.0,17.01059471320142,0.6092581725278857,0.001754062939928975,0.0,0
Bayesian Auto-tune,606.0,23.76845126757223,23.646291221029298,23.8,36.75341830277502,550.0,25.0,22.735194773489624,0.6092581725278857,0.001754062939928975,0.0,0
Bayesian Auto-tune,607.0,23.818293374558866,23.70491282870084,23.8,36.740731961305436,550.0,26.0,26.29008524122692,0.6092581725278857,0.001754062939928975,0.0,0
Bayesian Auto-tune,608.0,23.86840826918611,23.722106715269533,23.8,36.727993440249996,550.0,27.0,27.323973859774664,0.6092581725278857,0.001754062939928975,0.0,0
Bayesian Auto-tune,609.0,23.91870474925041,23.77139861994173,23.8,36.715202982131764,550.0,30.0,30.322106573795814,0.6092581725278857,0.001754062939928975,0.0,0
Bayesian Auto-tune,610.0,23.969107029903547,23.804665265253874,23.8,36.70236083046264,550.0,32.0,32.349722443585435,0.6092581725278857,0.001754062939928975,0.0,0
Bayesian Auto-tune,611.0,24.011797071004533,23.849343864034253,23.8,36.689467229738675,550.0,35.0,35.08045781231102,0.6092581725278857,0.001754062939928975,0.0,0
Bayesian Auto-tune,612.0,24.04805246192545,23.938533923794292,23.8,36.67652242543544,550.0,40.0,40.538734816181496,0.6092581725278857,0.001754062939928975,0.0,0
Bayesian Auto-tune,613.0,24.078937883749358,23.989976283601937,23.8,36.663526664003335,550.0,44.0,43.70622566472741,0.6092581725278857,0.001754062939928975,0.0,0
Bayesian Auto-tune,614.0,24.10534059393138,24.022900788813374,23.8,36.65048019286295,550.0,46.0,45.75127625367173,0.6092581725278857,0.001754062939928975,0.0,0
Bayesian Auto-tune,615.0,24.12768979276858,24.05349356583373,23.8,36.63738326040028,550.0,48.0,47.6596305626032,0.6092581725278857,0.001754062939928975,0.0,0
Bayesian Auto-tune,616.0,24.1463446625241,24.063951349243027,23.8,36.62423611596203,550.0,48.0,48.34307829143242,0.6092581725278857,0.001754062939928975,0.0,0
Bayesian Auto-tune,617.0,24.160985621260718,24.095743849811512,23.8,36.61103900985089,550.0,50.0,50.33193770374379,0.6092581725278857,0.001754062939928975,0.0,0
Bayesian Auto-tune,618.0,24.171661039287425,24.1030100264313,23.8,36.597792193320736,550.0,51.0,50.82778531838641,0.6092581725278857,0.001754062939928975,0.0,0
Bayesian Auto-tune,619.0,24.178103990543047,24.114835346898094,23.8,36.584495918571854,550.0,52.0,51.60347673351935,0.6092581725278857,0.001754062939928975,0.0,0
Bayesian Auto-tune,620.0,24.17947607504259,24.163295463729746,23.8,36.57115043874616,550.0,55.00000000000001,54.61967326657064,0.6092581725278857,0.001754062939928975,0.0,0
Bayesian Auto-tune,621.0,24.175396238598708,24.148326327663927,23.8,36.557756007922336,550.0,54.0,53.768765048428115,0.6092581725278857,0.001754062939928975,0.0,0
Bayesian Auto-tune,622.0,24.16617322258959,24.162041438029856,23.8,36.544312881111054,550.0,55.00000000000001,54.66787370310122,0.6092581725278857,0.001754062939928975,0.0,0
Bayesian Auto-tune,623.0,24.152067175436148,24.171672999012817,23.8,36.53082131425006,550.0,55.00000000000001,55.31987821074221,0.6092581725278857,0.001754062939928975,0.0,0
Bayesian Auto-tune,624.0,24.133918145031256,24.233583246536003,23.8,36.51728156419935,550.0,59.0,59.167863867827094,0.6092581725278857,0.001754062939928975,0.0,0
Bayesian Auto-tune,625.0,24.111805613545236,24.212631219357238,23.8,36.50369388873624,550.0,57.99999999999999,57.9637226018314,0.6092581725278857,0.001754062939928975,0.0,0
Bayesian Auto-tune,626.0,24.086108855931634,24.19395861634884,23.8,36.49005854655048,550.0,57.00000000000001,56.895181824188235,0.6092581725278857,0.001754062939928975,0.0,0
Bayesian Auto-tune,627.0,24.057145263731677,24.169326110680025,23.8,36.476375797239335,550.0,55.00000000000001,55.45920840968088,0.6092581725278857,0.001754062939928975,0.0,0
Bayesian Auto-tune,628.0,24.024560244096158,24.145330178856646,23.8,36.462645901302636,550.0,54.0,54.05780973947649,0.6092581725278857,0.001754062939928975,0.0,0
Bayesian Auto-tune,629.0,23.989303419462214,24.112993510615496,23.8,36.4488691201378,550.0,52.0,52.142572831393,0.6092581725278857,0.001754062939928975,0.0,0
Bayesian Auto-tune,630.0,23.951544043012994,24.052523589015436,23.8,36.435045716034885,550.0,49.0,48.50268766559229,0.6092581725278857,0.001754062939928975,0.0,0
Bayesian Auto-tune,631.0,23.91173466564764,24.02279595972701,23.8,36.42117595217158,550.0,47.0,46.730587369819254,0.6092581725278857,0.001754062939928975,0.0,0
Bayesian Auto-tune,632.0,23.869011400472335,24.000622912626557,23.8,36.40726009260819,550.0,45.0,45.414866875833525,0.6092581725278857,0.001754062939928975,0.0,0
Bayesian Auto-tune,633.0,23.824211135853492,23.931454319247567,23.8,36.39329840228264,550.0,41.0,41.22377171096132,0.6092581725278857,0.001754062939928975,0.0,0
Bayesian Auto-tune,634.0,23.77802956186815,23.876231313866725,23.8,36.37929114700537,550.0,38.0,37.872636429229935,0.6092581725278857,0.001754062939928975,0.0,0
Bayesian Auto-tune,635.0,23.73135491628142,23.851482254693387,23.8,36.36523859345433,550.0,36.0,36.37381008435885,0.6092581725278857,0.001754062939928975,0.0,0
Bayesian Auto-tune,636.0,23.68461400166902,23.794060005825845,23.8,36.35114100916989,550.0,33.0,32.87427073124638,0.6092581725278857,0.001754062939928975,0.0,0
Bayesian Auto-tune,637.0,23.638471008061988,23.788552248290976,23.8,36.33699866254974,550.0,33.0,32.5366980945025,0.6092581725278857,0.001754062939928975,0.0,0
Bayesian Auto-tune,638.0,23.593786464809376,23.737783312365853,23.8,36.32281182284376,550.0,28.999999999999996,29.432645983607454,0.6092581725278857,0.001754062939928975,0.0,0
Bayesian Auto-tune,639.0,23.550962633213214,23.694234512929537,23.8,36.308580760148935,550.0,27.0,26.760847855452752,0.6092581725278857,0.001754062939928975,0.0,0
Bayesian Auto-tune,640.0,23.51033160464709,23.638146385139898,23.8,36.29430574540419,550.0,25.0,23.31524268893818,0.6092581725278857,0.001754062939928975,0.0,0
Bayesian Auto-tune,641.0,23.472787419755985,23.571950351171928,23.8,36.27998705038521,550.0,25.0,19.242193876798975,0.6092581725278857,0.001754062939928975,0.0,0
Bayesian Auto-tune,642.0,23.438758829495214,23.517138369176035,23.8,36.26562494769933,550.0,25.0,15.853113368078414,0.6092581725278857,0.001754062939928975,0.0,0
Bayesian Auto-tune,643.0,23.40828836677933,23.457014296246054,23.8,36.251219710780276,550.0,0.0,12.12984323706507,0.6092581725278857,0.001754062939928975,0.0,0
Bayesian Auto-tune,644.0,23.38171863990329,23.432934031524276,23.8,36.236771613882986,550.0,0.0,10.598347748045997,0.6092581725278857,0.001754062939928975,0.0,0
Bayesian Auto-tune,645.0,23.35840002702321,23.412317327726715,23.8,36.22228093207841,550.0,0.0,9.274256239332196,0.6092581725278857,0.001754062939928975,0.0,0
Bayesian Auto-tune,646.0,23.33903197627361,23.412187888209086,23.8,36.20774794124823,550.0,0.0,9.198345345641052,0.6092581725278857,0.001754062939928975,0.0,0
Bayesian Auto-tune,647.0,23.323570967500544,23.393762951636553,23.8,36.193172918079654,550.0,0.0,8.004534491992649,0.6092581725278857,0.001754062939928975,0.0,0
Bayesian Auto-tune,648.0,23.31197776359811,23.3610963156453,23.8,36.17855614006011,550.0,0.0,5.9373065286338065,0.6092581725278857,0.001754062939928975,0.0,0
Bayesian Auto-tune,649.0,23.303596303754272,23.323420525578854,23.8,36.163897885471975,550.0,0.0,3.558283188789674,0.6092581725278857,0.001754062939928975,0.0,0
Bayesian Auto-tune,650.0,23.297879915208398,23.328408606741146,23.8,36.1491984333873,550.0,0.0,3.779466011555072,0.6092581725278857,0.001754062939928975,0.0,0
Bayesian Auto-tune,651.0,23.302128183798136,23.321086172629073,23.8,36.13445806366245,550.0,0.0,3.2493362293962544,0.6092581725278857,0.001754062939928975,0.0,0
Bayesian Auto-tune,652.0,23.314631734075913,23.310884362962028,23.8,36.11967705693282,550.0,0.0,2.541988676747342,0.6092581725278857,0.001754062939928975,0.0,0
Bayesian Auto-tune,653.0,23.33396632121976,23.311017636405644,23.8,36.10485569460748,550.0,0.0,2.46433788599178,0.6092581725278857,0.001754062939928975,0.0,0
Bayesian Auto-tune,654.0,23.35894530813612,23.330929315088017,23.8,36.0899942588638,550.0,0.0,3.595195232129156,0.6092581725278857,0.001754062939928975,0.0,0
Bayesian Auto-tune,655.0,23.3885800630516,23.335723469692027,23.8,36.07509303264209,550.0,0.0,3.805845993845475,0.6092581725278857,0.001754062939928975,0.0,0
Bayesian Auto-tune,656.0,23.42204695751206,23.3350650549069,23.8,36.060152299640215,550.0,0.0,3.684179019303635,0.6092581725278857,0.001754062939928975,0.0,0
Bayesian Auto-tune,657.0,23.458659864721213,23.348083333259076,23.8,36.045172344308206,550.0,0.0,4.398059239427693,0.6092581725278857,0.001754062939928975,0.0,0
Bayesian Auto-tune,658.0,23.49784724149538,23.3748063840518,23.8,36.030153451842814,550.0,0.0,5.951601312059335,0.6092581725278857,0.001754062939928975,0.0,0
Bayesian Auto-tune,659.0,23.539133029898352,23.420324215380482,23.8,36.015095908182104,550.0,0.0,8.65821486303485,0.6092581725278857,0.001754062939928975,0.0,0
Bayesian Auto-tune,660.0,23.58212074194303,23.458895515901286,23.8,36.0,550.0,0.0,10.948370996347625,0.6092581725278857,0.001754062939928975,0.0,0
Bayesian Auto-tune,661.0,23.626480196848593,23.518343041785233,23.8,35.984866014700835,550.0,25.0,14.520855691265607,0.6092581725278857,0.001754062939928975,0.0,0
Bayesian Auto-tune,662.0,23.67193646876067,23.558124162786807,23.8,35.96969424041387,550.0,25.0,16.90212645530661,0.6092581725278857,0.001754062939928975,0.0,0
Bayesian Auto-tune,663.0,23.7182606765239,23.586935526117852,23.8,35.95448496598782,550.0,25.0,18.62010946267231,0.6092581725278857,0.001754062939928975,0.0,0
Bayesian Auto-tune,664.0,23.765262308498176,23.612646062465675,23.8,35.939238480985345,550.0,25.0,20.15368184182309,0.6092581725278857,0.001754062939928975,0.0,0
Bayesian Auto-tune,665.0,23.812782826577894,23.66568516351842,23.8,35.92395507567755,550.0,25.0,23.36157275211943,0.6092581725278857,0.001754062939928975,0.0,0
Bayesian Auto-tune,666.0,23.8606903362137,23.700808872343142,23.8,35.90863504103844,550.0,25.0,25.484114669115232,0.6092581725278857,0.001754062939928975,0.0,0
Bayesian Auto-tune,667.0,23.908875144769596,23.763700776395137,23.8,35.89327866873937,550.0,28.999999999999996,29.309488209779623,0.6092581725278857,0.001754062939928975,0.0,0
Bayesian Auto-tune,668.0,23.957246060159505,23.813121165110708,23.8,35.877886251143565,550.0,32.0,32.32276731617123,0.6092581725278857,0.001754062939928975,0.0,0
Bayesian Auto-tune,669.0,23.997972204342528,23.857659351966188,23.8,35.862458081300446,550.0,35.0,35.04640656254116,0.6092581725278857,0.001754062939928975,0.0,0
Bayesian Auto-tune,670.0,24.03232046991478,23.89009720846873,23.8,35.84699445294014,550.0,37.0,37.0385130973239,0.6092581725278857,0.001754062939928975,0.0,0
Bayesian Auto-tune,671.0,24.06134662546216,23.94061671257851,23.8,35.83149566046783,550.0,40.0,40.14112022884467,0.6092581725278857,0.001754062939928975,0.0,0
Bayesian Auto-tune,672.0,24.08593050285038,23.982774940446536,23.8,35.81596199895819,550.0,43.0,42.74170459057191,0.6092581725278857,0.001754062939928975,0.0,0
Bayesian Auto-tune,673.0,24.106805319967116,24.043225841610823,23.8,35.80039376414974,550.0,46.0,46.46738849115394,0.6092581725278857,0.001754062939928975,0.0,0
Bayesian Auto-tune,674.0,24.12458211634094,24.074368943705146,23.8,35.784791252439234,550.0,48.0,48.41293347763963,0.6092581725278857,0.001754062939928975,0.0,0
Bayesian Auto-tune,675.0,24.138529299831028,24.06579268485564,23.8,35.769154760876006,550.0,48.0,47.93703960808302,0.6092581725278857,0.001754062939928975,0.0,0
Bayesian Auto-tune,676.0,24.148353407878584,24.09331486187802,23.8,35.75348458715631,550.0,50.0,49.66530000864252,0.6092581725278857,0.001754062939928975,0.0,0
Bayesian Auto-tune,677.0,24.153814359056035,24.070880634696906,23.8,35.73778102961767,550.0,48.0,48.34599055144497,0.6092581725278857,0.001754062939928975,0.0,0
Bayesian Auto-tune,678.0,24.155026737537032,24.067916351593478,23.8,35.72204438723318,550.0,48.0,48.21238339513314,0.6092581725278857,0.001754062939928975,0.0,0
Bayesian Auto-tune,679.0,24.151778759124735,24.097779362769767,23.8,35.706274959605835,550.0,50.0,50.084044131128714,0.6092581725278857,0.001754062939928975,0.0,0
Bayesian Auto-tune,680.0,24.143898347397574,24.123408662319584,23.8,35.69047304696279,550.0,52.0,51.70225806672049,0.6092581725278857,0.001754062939928975,0.0,0
Bayesian Auto-tune,681.0,24.131246493300125,24.1456374687645,23.8,35.67463895014971,550.0,53.0,53.11719325339224,0.6092581725278857,0.001754062939928975,0.0,0
Bayesian Auto-tune,682.0,24.114021925665806,24.141226514693155,23.8,35.65877297062496,550.0,53.0,52.90830555008539,0.6092581725278857,0.001754062939928975,0.0,0
Bayesian Auto-tune,683.0,24.093013511198485,24.09842780401407,23.8,35.64287541045391,550.0,50.0,50.35310523972293,0.6092581725278857,0.001754062939928975,0.0,0
Bayesian Auto-tune,684.0,24.0682580828846,24.08613142431587,23.8,35.626946572303204,550.0,50.0,49.6541275100937,0.6092581725278857,0.001754062939928975,0.0,0
Bayesian Auto-tune,685.0,24.041029988749273,24.08242142357783,23.8,35.61098675943495,550.0,49.0,49.477631178374224,0.6092581725278857,0.001754062939928975,0.0,0
Bayesian Auto-tune,686.0,24.011767631510057,24.062463022889215,23.8,35.594996275700986,550.0,48.0,48.30768697151687,0.6092581725278857,0.001754062939928975,0.0,0
Bayesian Auto-tune,687.0,23.980215793425323,24.036126376045914,23.8,35.57897542553707,550.0,47.0,46.74452329142685,0.6092581725278857,0.001754062939928975,0.0,0
Bayesian Auto-tune,688.0,23.946164633168127,24.020129158341746,23.8,35.56292451395709,550.0,46.0,45.808491768894136,0.6092581725278857,0.001754062939928975,0.0,0
Bayesian Auto-tune,689.0,23.90975231275099,23.980736153592133,23.8,35.54684384654728,550.0,43.0,43.44014301937313,0.6092581725278857,0.001754062939928975,0.0,0
Bayesian Auto-tune,690.0,23.871405490387,23.968784133434294,23.8,35.53073372946036,550.0,43.0,42.7415622227655,0.6092581725278857,0.001754062939928975,0.0,0
Bayesian Auto-tune,691.0,23.832410147068007,23.955644892474186,23.8,35.51459446940973,550.0,42.0,41.96834432295745,0.6092581725278857,0.001754062939928975,0.0,0
Bayesian Auto-tune,692.0,23.79290266591373,23.929890044287234,23.8,35.49842637366365,550.0,40.0,40.42199268024085,0.6092581725278857,0.001754062939928975,0.0,0
Bayesian Auto-tune,693.0,23.75330674872358,23.872009207808976,23.8,35.482229750039345,550.0,37.0,36.90818628280309,0.6092581725278857,0.001754062939928975,0.0,0
Bayesian Auto-tune,694.0,23.71397383409405,23.834696611174977,23.8,35.46600490689719,550.0,35.0,34.64097184303336,0.6092581725278857,0.001754062939928975,0.0,0
Bayesian Auto-tune,695.0,23.67519514978607,23.794293561195357,23.8,35.4497521531348,550.0,32.0,32.17838205823713,0.6092581725278857,0.001754062939928975,0.0,0
Bayesian Auto-tune,696.0,23.637211756321115,23.746109762073083,23.8,35.4334717981812,550.0,28.999999999999996,29.233292031451235,0.6092581725278857,0.001754062939928975,0.0,0
Bayesian Auto-tune,697.0,23.600843324764693,23.715790635393052,23.8,35.41716415199086,550.0,27.0,27.371303607514356,0.6092581725278857,0.001754062939928975,0.0,0
Bayesian Auto-tune,698.0,23.56583770512747,23.686143776850184,23.8,35.40082952503787,550.0,26.0,25.54507342366154,0.6092581725278857,0.001754062939928975,0.0,0
Bayesian Auto-tune,699.0,23.532294879815442,23.64900355816945,23.8,35.38446822830997,550.0,25.0,23.255789521322985,0.6092581725278857,0.001754062939928975,0.0,0
Bayesian Auto-tune,700.0,23.50060678324576,23.59942178177332,23.8,35.36808057330268,550.0,25.0,20.199796591628825,0.6092581725278857,0.001754062939928975,0.0,0
Bayesian Auto-tune,701.0,23.471407159147322,23.546542619363073,23.8,35.35166687201331,550.0,25.0,16.93363238631898,0.6092581725278857,0.001754062939928975,0.0,0
Bayesian Auto-tune,702.0,23.444909374396296,23.51653413078837,23.8,35.335227436935085,550.0,25.0,15.055618997792239,0.6092581725278857,0.001754062939928975,0.0,0
Bayesian Auto-tune,703.0,23.421598405552444,23.478776850969904,23.8,35.318762581051146,550.0,25.0,12.698881305493979,0.6092581725278857,0.001754062939928975,0.0,0
Bayesian Auto-tune,704.0,23.40187388984743,23.46785653085822,23.8,35.30227261782863,550.0,0.0,11.975291823031494,0.6092581725278857,0.001754062939928975,0.0,0
Bayesian Auto-tune,705.0,23.385754167454248,23.423082181313383,23.8,35.285757861212645,550.0,0.0,9.181264227334522,0.6092581725278857,0.001754062939928975,0.0,0
Bayesian Auto-tune,706.0,23.37294134624367,23.38861407975223,23.8,35.26921862562037,550.0,0.0,7.009107290897654,0.6092581725278857,0.001754062939928975,0.0,0
Bayesian Auto-tune,707.0,23.363185718754913,23.365678254135116,23.8,35.252655225935,550.0,0.0,5.535540602964822,0.6092581725278857,0.001754062939928975,0.0,0
Bayesian Auto-tune,708.0,23.35596753490423,23.365694619048547,23.8,35.236067977499786,550.0,0.0,5.460357751356032,0.6092581725278857,0.001754062939928975,0.0,0
Bayesian Auto-tune,709.0,23.35085371293545,23.35070607799542,23.8,35.219457196112046,550.0,0.0,4.468359656494863,0.6092581725278857,0.001754062939928975,0.0,0
Bayesian Auto-tune,710.0,23.34748339456643,23.33576298481751,23.8,35.20282319801709,550.0,0.0,3.476509397978722,0.6092581725278857,0.001754062939928975,0.0,0
Bayesian Auto-tune,711.0,23.34555590761198,23.314990469994637,23.8,35.18616629990228,550.0,0.0,2.1258532317900314,0.6092581725278857,0.001754062939928975,0.0,0
Bayesian Auto-tune,712.0,23.35257583687794,23.378229244384258,23.8,35.169486818890945,550.0,0.0,5.9047459983852635,0.6092581725278857,0.001754062939928975,0.0,0
Bayesian Auto-tune,713.0,23.3670046379002,23.3488147204933,23.8,35.15278507253636,550.0,0.0,4.0335013534446515,0.6092581725278857,0.001754062939928975,0.0,0
Bayesian Auto-tune,714.0,23.38756042354073,23.34713378264502,23.8,35.13606137881569,550.0,0.0,3.8516532564261627,0.6092581725278857,0.001754062939928975,0.0,0
Bayesian Auto-tune,715.0,23.413175186661164,23.33073368520211,23.8,35.11931605612397,550.0,0.0,2.7701516515170113,0.6092581725278857,0.001754062939928975,0.0,0
Bayesian Auto-tune,716.0,23.44295915235668,23.347391175254273,23.8,35.102549423267995,550.0,0.0,3.7056324097481994,0.6092581725278857,0.001754062939928975,0.0,0
Bayesian Auto-tune,717.0,23.476171071490008,23.377185405729822,23.8,35.0857617994603,550.0,0.0,5.446705909861905,0.6092581725278857,0.001754062939928975,0.0,0
Bayesian Auto-tune,718.0,23.51219346530889,23.422628101961617,23.8,35.06895350431303,550.0,0.0,8.149145909862268,0.6092581725278857,0.001754062939928975,0.0,0
Bayesian Auto-tune,719.0,23.550511995966364,23.453464438309116,23.8,35.0521248578319,550.0,0.0,9.967090384302516,0.6092581725278857,0.001754062939928975,0.0,0
Bayesian Auto-tune,720.0,23.59069827529338,23.461885531442302,23.8,35.03527618041008,550.0,0.0,10.420844959728681,0.6092581725278857,0.001754062939928975,0.0,0
Ziegler-Nichols,0.0,28.526330420675666,28.50054590160386,24.5,32.96472381958992,550.0,30.0,100.0,1.5,0.08,0.0,0
Ziegler-Nichols,1.0,28.5525626650239,28.50315598837741,24.5,32.98159220717789,550.0,35.0,100.0,1.5,0.08,0.0,0
Ziegler-Nichols,2.0,28.578697285727706,28.541479202913607,24.5,32.99847998378223,550.0,40.0,100.0,1.5,0.08,0.0,0
Ziegler-Nichols,3.0,28.60473483208834,28.526406095042564,24.5,33.01538682788403,550.0,45.0,100.0,1.5,0.08,0.0,0
Ziegler-Nichols,4.0,28.63067585004166,28.527773548921083,24.5,33.03231241760133,550.0,50.0,100.0,1.5,0.08,0.0,0
Ziegler-Nichols,5.0,28.656520882174426,28.566441388939126,24.5,33.04925643069531,550.0,55.00000000000001,100.0,1.5,0.08,0.0,0
Ziegler-Nichols,6.0,28.682270467740548,28.581079560601125,24.5,33.06621854457638,550.0,60.0,100.0,1.5,0.08,0.0,0
Ziegler-Nichols,7.0,28.707925142677215,28.65053783297254,24.5,33.08319843631034,550.0,65.0,100.0,1.5,0.08,0.0,0
Ziegler-Nichols,8.0,28.724179317172005,28.693329207642453,24.5,33.10019578262454,550.0,70.0,100.0,1.5,0.08,0.0,0
Ziegler-Nichols,9.0,28.7310782876382,28.721428695047347,24.5,33.117210259913996,550.0,75.0,100.0,1.5,0.08,0.0,0
Ziegler-Nichols,10.0,28.728667118514835,28.75533281307241,24.5,33.13424154424759,550.0,80.0,100.0,1.5,0.08,0.0,0
Ziegler-Nichols,11.0,28.716990643455325,28.75258729846935,24.5,33.151289311374214,550.0,85.0,100.0,1.5,0.08,0.0,0
Ziegler-Nichols,12.0,28.696093466510035,28.72911881971775,24.5,33.16835323672896,550.0,90.0,100.0,1.5,0.08,0.0,0
Ziegler-Nichols,13.0,28.66601996330277,28.726026211740134,24.5,33.18543299543929,550.0,95.0,100.0,1.5,0.08,0.0,0
Ziegler-Nichols,14.0,28.626814282201238,28.698923965731854,24.5,33.202528262331214,550.0,100.0,100.0,1.5,0.08,0.0,0
Ziegler-Nichols,15.0,28.578520345481547,28.656429873135934,24.5,33.21963871193549,550.0,100.0,100.0,1.5,0.08,0.0,0
Ziegler-Nichols,16.0,28.521181850486713,28.615558298601993,24.5,33.23676401849382,550.0,100.0,100.0,1.5,0.08,0.0,0
Ziegler-Nichols,17.0,28.45484227077925,28.575789763537486,24.5,33.25390385596506,550.0,100.0,100.0,1.5,0.08,0.0,0
Ziegler-Nichols,18.0,28.379544857287858,28.53864603566728,24.5,33.27105789803141,550.0,100.0,100.0,1.5,0.08,0.0,0
Ziegler-Nichols,19.0,28.295332639448244,28.48686409105829,24.5,33.288225818104635,550.0,100.0,100.0,1.5,0.08,0.0,0
Ziegler-Nichols,20.0,28.20224842633808,28.399648850131552,24.5,33.30540728933228,550.0,100.0,100.0,1.5,0.08,0.0,0
Ziegler-Nichols,21.0,28.100334807806185,28.33741842731461,24.5,33.3226019846039,550.0,100.0,100.0,1.5,0.08,0.0,0
Ziegler-Nichols,22.0,27.9896341555959,28.265822888514737,24.5,33.339809576557286,550.0,100.0,100.0,1.5,0.08,0.0,0
Ziegler-Nichols,23.0,27.87173964487089,28.191727456542587,24.5,33.357029737584696,550.0,100.0,100.0,1.5,0.08,0.0,0
Ziegler-Nichols,24.0,27.747978270340628,28.095657294882024,24.5,33.374262139839075,550.0,100.0,100.0,1.5,0.08,0.0,0
Ziegler-Nichols,25.0,27.619455212913937,27.97572086245006,24.5,33.39150645524033,550.0,100.0,100.0,1.5,0.08,0.0,0
Ziegler-Nichols,26.0,27.487090811893484,27.853231439611346,24.5,33.40876235548156,550.0,100.0,100.0,1.5,0.08,0.0,0
Ziegler-Nichols,27.0,27.351651375121214,27.738102410829327,24.5,33.426029512035285,550.0,100.0,100.0,1.5,0.08,0.0,0
Ziegler-Nichols,28.0,27.213774854082956,27.603916879347604,24.5,33.44330759615974,550.0,100.0,100.0,1.5,0.08,0.0,0
Ziegler-Nichols,29.0,27.073992239812448,27.48825059395754,24.5,33.46059627890511,550.0,100.0,100.0,1.5,0.08,0.0,0
Ziegler-Nichols,30.0,26.93274539279492,27.347625927969958,24.5,33.477895231119795,550.0,100.0,100.0,1.5,0.08,0.0,0
Ziegler-Nichols,31.0,26.790401901203804,27.2392662916573,24.5,33.49520412345668,550.0,100.0,100.0,1.5,0.08,0.0,0
Ziegler-Nichols,32.0,26.647267462748374,27.06421104125832,24.5,33.51252262637941,550.0,100.0,100.0,1.5,0.08,0.0,0
Ziegler-Nichols,33.0,26.503596202864006,26.937302254985138,24.5,33.52985041016865,550.0,100.0,100.0,1.5,0.08,0.0,0
Ziegler-Nichols,34.0,26.35959927318797,26.800548455365103,24.5,33.54718714492837,550.0,100.0,100.0,1.5,0.08,0.0,0
Ziegler-Nichols,35.0,26.215452016939953,26.662564943918778,24.5,33.56453250059214,550.0,100.0,100.0,1.5,0.08,0.0,0
Ziegler-Nichols,36.0,26.071299940056583,26.511522610610758,24.5,33.581886146929385,550.0,100.0,100.0,1.5,0.08,0.0,0
Ziegler-Nichols,37.0,25.927263687121076,26.345490599717664,24.5,33.599247753551694,550.0,100.0,100.0,1.5,0.08,0.0,0
Ziegler-Nichols,38.0,25.783443187955523,26.18428943250447,24.5,33.6166169899191,550.0,100.0,100.0,1.5,0.08,0.0,0
Ziegler-Nichols,39.0,25.63992111309882,26.08004896590535,24.5,33.63399352534639,550.0,100.0,100.0,1.5,0.08,0.0,0
Ziegler-Nichols,40.0,25.496765753356037,25.908778710020197,24.5,33.65137702900937,550.0,100.0,100.0,1.5,0.08,0.0,0
Ziegler-Nichols,41.0,25.354033419407436,25.749813799507173,24.5,33.66876716995118,550.0,100.0,100.0,1.5,0.08,0.0,0
Ziegler-Nichols,42.0,25.21177044146721,25.64148569195132,24.5,33.686163617088624,550.0,100.0,100.0,1.5,0.08,0.0,0
Ziegler-Nichols,43.0,25.070014835650454,25.51712070438729,24.5,33.7035660392184,550.0,100.0,100.0,1.5,0.08,0.0,0
Ziegler-Nichols,44.0,24.92879769259709,25.383657997160398,24.5,33.7209741050235,550.0,100.0,100.0,1.5,0.08,0.0,0
Ziegler-Nichols,45.0,24.788144334643277,25.241179265849787,24.5,33.73838748307943,550.0,100.0,100.0,1.5,0.08,0.0,0
Ziegler-Nichols,46.0,24.648075280115854,25.106127950258944,24.5,33.75580584186057,550.0,96.0,95.7682161409132,1.5,0.08,0.0,0
Ziegler-Nichols,47.0,24.508607046896028,24.960728835719166,24.5,33.77322884974649,550.0,91.0,77.64417964569984,1.5,0.08,0.0,0
Ziegler-Nichols,48.0,24.369752822040873,24.8148055447733,24.5,33.790656175028225,550.0,86.0,58.2741303620063,1.5,0.08,0.0,0
Ziegler-Nichols,49.0,24.23152301978638,24.641077565143096,24.5,33.808087485914626,550.0,81.0,33.34355393862045,1.5,0.08,0.0,0
Ziegler-Nichols,50.0,24.093925746535245,24.48794322655927,24.5,33.82552245053866,550.0,0.0,10.276948963520788,1.5,0.08,0.0,0
Ziegler-Nichols,51.0,23.95696718833199,24.37139853567753,24.5,33.842960736963725,550.0,0.0,0.0,1.5,0.08,0.0,0
Ziegler-Nichols,52.0,23.820651933744298,24.2304188824834,24.5,33.86040201319,550.0,0.0,0.0,1.5,0.08,0.0,0
Ziegler-Nichols,53.0,23.68498324291624,24.12484326854746,24.5,33.87784594716071,550.0,0.0,0.0,1.5,0.08,0.0,0
Ziegler-Nichols,54.0,23.551204088091374,23.983309206387258,24.5,33.89529220676851,550.0,0.0,0.0,1.5,0.08,0.0,0
Ziegler-Nichols,55.0,23.420653956521342,23.84397748056608,24.5,33.91274045986176,550.0,0.0,0.0,1.5,0.08,0.0,0
Ziegler-Nichols,56.0,23.294441101572197,23.695209943409992,24.5,33.93019037425087,550.0,0.0,0.0,1.5,0.08,0.0,0
Ziegler-Nichols,57.0,23.173481122416252,23.578972719019674,24.5,33.94764161771462,550.0,0.0,0.0,1.5,0.08,0.0,0
Ziegler-Nichols,58.0,23.082104623770586,23.441485221793254,24.5,33.965093858006504,550.0,0.0,0.0,1.5,0.08,0.0,0
Ziegler-Nichols,59.0,23.015339304562207,23.320165969814695,24.5,33.98254676286101,550.0,0.0,0.0,1.5,0.08,0.0,0
Ziegler-Nichols,60.0,22.969041796712723,23.198212141875032,24.5,34.0,550.0,0.0,0.0,1.5,0.08,0.0,0
Ziegler-Nichols,61.0,22.9397595084327,23.130985360822443,24.5,34.01745323713899,550.0,0.0,0.0,1.5,0.08,0.0,0
Ziegler-Nichols,62.0,22.924615493639777,23.03447548348286,24.5,34.034906141993496,550.0,0.0,0.0,1.5,0.08,0.0,0
Ziegler-Nichols,63.0,22.921212509813188,23.001163224131904,24.5,34.05235838228538,550.0,0.0,0.0,1.5,0.08,0.0,0
Ziegler-Nichols,64.0,22.927553066211953,22.980991931325118,24.5,34.06980962574913,550.0,0.0,0.0,1.5,0.08,0.0,0
Ziegler-Nichols,65.0,22.941972797396097,22.955304233674056,24.5,34.08725954013824,550.0,0.0,0.0,1.5,0.08,0.0,0
Ziegler-Nichols,66.0,22.963084941167015,22.926547986403907,24.5,34.10470779323149,550.0,0.0,0.0,1.5,0.08,0.0,0
Ziegler-Nichols,67.0,22.989734070190433,22.917142998566998,24.5,34.12215405283929,550.0,0.0,0.0,1.5,0.08,0.0,0
Ziegler-Nichols,68.0,23.020957535021516,22.986434598244447,24.5,34.13959798681,550.0,0.0,0.0,1.5,0.08,0.0,0
Ziegler-Nichols,69.0,23.05595333329839,22.989634808648734,24.5,34.157039263036275,550.0,0.0,0.0,1.5,0.08,0.0,0
Ziegler-Nichols,70.0,23.094053334075983,23.00858213774891,24.5,34.17447754946134,550.0,0.0,0.0,1.5,0.08,0.0,0
Ziegler-Nichols,71.0,23.13470096477678,23.0123379519337,24.5,34.191912514085374,550.0,0.0,0.0,1.5,0.08,0.0,0
Ziegler-Nichols,72.0,23.177432616988952,23.06252012595504,24.5,34.209343824971775,550.0,0.0,0.0,1.5,0.08,0.0,0
Ziegler-Nichols,73.0,23.22186215130398,23.13624207847583,24.5,34.22677115025351,550.0,0.0,0.0,1.5,0.08,0.0,0
Ziegler-Nichols,74.0,23.267667984687115,23.149624841772777,24.5,34.24419415813943,550.0,0.0,0.0,1.5,0.08,0.0,0
Ziegler-Nichols,75.0,23.314582329958533,23.19952730489683,24.5,34.26161251692057,550.0,0.0,0.0,1.5,0.08,0.0,0
Ziegler-Nichols,76.0,23.36238222870004,23.212034462264423,24.5,34.2790258949765,550.0,0.0,0.0,1.5,0.08,0.0,0
Ziegler-Nichols,77.0,23.41088207868304,23.248553969661693,24.5,34.2964339607816,550.0,0.0,0.0,1.5,0.08,0.0,0
Ziegler-Nichols,78.0,23.459927406730866,23.285888874751866,24.5,34.313836382911376,550.0,0.0,0.0,1.5,0.08,0.0,0
Ziegler-Nichols,79.0,23.509389679443014,23.36643057266233,24.5,34.33123283004882,550.0,0.0,0.0,1.5,0.08,0.0,0
Ziegler-Nichols,80.0,23.559161978804344,23.42865335565377,24.5,34.34862297099063,550.0,0.0,0.0,1.5,0.08,0.0,0
Ziegler-Nichols,81.0,23.60915539853166,23.46428107364142,24.5,34.36600647465361,550.0,0.0,0.0,1.5,0.08,0.0,0
Ziegler-Nichols,82.0,23.659296041034768,23.48741294709379,24.5,34.3833830100809,550.0,0.0,0.0,1.5,0.08,0.0,0
Ziegler-Nichols,83.0,23.70952251488959,23.53472656697978,24.5,34.400752246448306,550.0,0.0,0.0,1.5,0.08,0.0,0
Ziegler-Nichols,84.0,23.759783849404588,23.61046896263413,24.5,34.418113853070615,550.0,0.0,0.0,1.5,0.08,0.0,0
Ziegler-Nichols,85.0,23.81003775676499,23.6469133099743,24.5,34.43546749940786,550.0,0.0,0.0,1.5,0.08,0.0,0
Ziegler-Nichols,86.0,23.860249183825065,23.712082073466373,24.5,34.45281285507163,550.0,0.0,0.0,1.5,0.08,0.0,0
Ziegler-Nichols,87.0,23.910389105273833,23.747542508602418,24.5,34.47014958983135,550.0,0.0,0.0,1.5,0.08,0.0,0
Ziegler-Nichols,88.0,23.960433517945223,23.809727781274447,24.5,34.48747737362059,550.0,0.0,0.0,1.5,0.08,0.0,0
Ziegler-Nichols,89.0,24.010362602748604,23.851121136375628,24.5,34.50479587654332,550.0,0.0,0.0,1.5,0.08,0.0,0
Ziegler-Nichols,90.0,24.087098801793132,23.91883531613527,24.5,34.522104768880205,1650.0,0.0,0.0,1.5,0.08,0.0,0
Ziegler-Nichols,91.0,24.163560321012476,23.96180264824443,24.5,34.53940372109489,1650.0,0.0,0.0,1.5,0.08,0.0,0
Ziegler-Nichols,92.0,24.239736811481002,24.015829429896478,24.5,34.55669240384026,1650.0,0.0,0.0,1.5,0.08,0.0,0
Ziegler-Nichols,93.0,24.31561993545944,24.11674076747953,24.5,34.573970487964715,1650.0,0.0,0.0,1.5,0.08,0.0,0
Ziegler-Nichols,94.0,24.391203029630027,24.151798283684457,24.5,34.59123764451844,1650.0,0.0,0.0,1.5,0.08,0.0,0
Ziegler-Nichols,95.0,24.466480824467148,24.25065702128285,24.5,34.60849354475967,1650.0,0.0,0.0,1.5,0.08,0.0,0
Ziegler-Nichols,96.0,24.54144921038758,24.305442507060132,24.5,34.625737860160925,1650.0,0.0,0.0,1.5,0.08,0.0,0
Ziegler-Nichols,97.0,24.616105042883653,24.39029663747245,24.5,34.642970262415304,1650.0,0.0,0.0,1.5,0.08,0.0,0
Ziegler-Nichols,98.0,24.690445980142158,24.45884182429694,24.5,34.66019042344271,1650.0,0.0,5.582473218546681,1.5,0.08,0.0,0
Ziegler-Nichols,99.0,24.76447034773465,24.531462044048805,24.5,34.6773980153961,1650.0,25.0,16.727202533716913,1.5,0.08,0.0,0
Ziegler-Nichols,100.0,24.838177025867253,24.646392363847,24.5,34.69459271066772,1650.0,30.0,35.13788941422206,1.5,0.08,0.0,0
Ziegler-Nichols,101.0,24.911565355429953,24.726848859792938,24.5,34.711774181895365,1650.0,35.0,49.02115468445632,1.5,0.08,0.0,0
Ziegler-Nichols,102.0,24.984635059712147,24.768277890044033,24.5,34.72894210196859,1650.0,40.0,57.381732342472816,1.5,0.08,0.0,0
Ziegler-Nichols,103.0,25.05738617917332,24.837205204900513,24.5,34.74609614403494,1650.0,45.0,70.41847121014905,1.5,0.08,0.0,0
Ziegler-Nichols,104.0,25.129819017093006,24.926292290015063,24.5,34.76323598150618,1650.0,50.0,87.19187229745195,1.5,0.08,0.0,0
Ziegler-Nichols,105.0,25.201934094286727,24.997756178694004,24.5,34.78036128806451,1650.0,55.00000000000001,97.91145559929319,1.5,0.08,0.0,0
Ziegler-Nichols,106.0,25.273732111376933,25.052490239715933,24.5,34.797471737668786,1650.0,60.0,100.0,1.5,0.08,0.0,0
Ziegler-Nichols,107.0,25.337458815318865,25.118837873603407,24.5,34.81456700456071,1650.0,65.0,100.0,1.5,0.08,0.0,0
Ziegler-Nichols,108.0,25.39289397977843,25.22035247991124,24.5,34.83164676327104,1650.0,70.0,100.0,1.5,0.08,0.0,0
Ziegler-Nichols,109.0,25.43986161563516,25.26514679382705,24.5,34.848710688625786,1650.0,75.0,100.0,1.5,0.08,0.0,0
Ziegler-Nichols,110.0,25.478222559530042,25.33165743704026,24.5,34.86575845575241,1650.0,80.0,100.0,1.5,0.08,0.0,0
Ziegler-Nichols,111.0,25.507868297853324,25.408505088873564,24.5,34.882789740086004,1650.0,85.0,100.0,1.5,0.08,0.0,0
Ziegler-Nichols,112.0,25.5287158202645,25.442013256452373,24.5,34.89980421737546,1650.0,90.0,100.0,1.5,0.08,0.0,0
Ziegler-Nichols,113.0,25.540703331154894,25.465665862592815,24.5,34.91680156368965,1650.0,95.0,100.0,1.5,0.08,0.0,0
Ziegler-Nichols,114.0,25.543786676061313,25.479404175689858,24.5,34.93378145542362,1650.0,100.0,100.0,1.5,0.08,0.0,0
Ziegler-Nichols,115.0,25.537936363871314,25.483417946422406,24.5,34.95074356930469,1650.0,100.0,100.0,1.5,0.08,0.0,0
Ziegler-Nichols,116.0,25.523135085520476,25.511184565744887,24.5,34.967687582398675,1650.0,100.0,100.0,1.5,0.08,0.0,0
Ziegler-Nichols,117.0,25.499375646432014,25.51844256238565,24.5,34.98461317211597,1650.0,100.0,100.0,1.5,0.08,0.0,0
Ziegler-Nichols,118.0,25.466659243740693,25.54209777732402,24.5,35.00152001621777,1650.0,100.0,100.0,1.5,0.08,0.0,0
Ziegler-Nichols,119.0,25.42499403083604,25.506653093362353,24.5,35.01840779282211,1650.0,100.0,100.0,1.5,0.08,0.0,0
Ziegler-Nichols,120.0,25.3743939213373,25.49146872281784,23.8,35.03527618041008,1650.0,100.0,100.0,1.5,0.08,0.0,0
Ziegler-Nichols,121.0,25.314877592593906,25.42829600893622,23.8,35.0521248578319,1650.0,100.0,100.0,1.5,0.08,0.0,0
Ziegler-Nichols,122.0,25.246467655456218,25.379058887227423,23.8,35.06895350431303,1650.0,100.0,100.0,1.5,0.08,0.0,0
Ziegler-Nichols,123.0,25.170740983012063,25.341329402643154,23.8,35.0857617994603,1650.0,100.0,100.0,1.5,0.08,0.0,0
Ziegler-Nichols,124.0,25.089011149392405,25.285332267188746,23.8,35.102549423267995,1650.0,100.0,100.0,1.5,0.08,0.0,0
Ziegler-Nichols,125.0,25.002372315329566,25.224197212630354,23.8,35.11931605612397,1650.0,100.0,100.0,1.5,0.08,0.0,0
Ziegler-Nichols,126.0,24.911735799443512,25.166628438877368,23.8,35.13606137881569,1650.0,100.0,100.0,1.5,0.08,0.0,0
Ziegler-Nichols,127.0,24.817860554301593,25.07625577481559,23.8,35.15278507253636,1650.0,100.0,100.0,1.5,0.08,0.0,0
Ziegler-Nichols,128.0,24.721378563122883,25.00024492787435,23.8,35.169486818890945,1650.0,100.0,100.0,1.5,0.08,0.0,0
Ziegler-Nichols,129.0,24.622816003686438,24.92228223167012,23.8,35.18616629990228,1650.0,100.0,100.0,1.5,0.08,0.0,0
Ziegler-Nichols,130.0,24.52261088490952,24.834830600992365,23.8,35.20282319801709,1650.0,100.0,100.0,1.5,0.08,0.0,0
Ziegler-Nichols,131.0,24.42112774398422,24.735327034544675,23.8,35.219457196112046,1650.0,100.0,100.0,1.5,0.08,0.0,0
Ziegler-Nichols,132.0,24.318669893979454,24.64069055750529,23.8,35.236067977499786,1650.0,100.0,100.0,1.5,0.08,0.0,0
Ziegler-Nichols,133.0,24.21548963016418,24.556626484641868,23.8,35.252655225935,1650.0,100.0,100.0,1.5,0.08,0.0,0
Ziegler-Nichols,134.0,24.111796735265006,24.48084804655509,23.8,35.26921862562037,1650.0,100.0,100.0,1.5,0.08,0.0,0
Ziegler-Nichols,135.0,24.007765567169226,24.373565307002917,23.8,35.285757861212645,1650.0,100.0,100.0,1.5,0.08,0.0,0
Ziegler-Nichols,136.0,23.903540965332393,24.24900083493421,23.8,35.30227261782863,1650.0,95.0,94.1901607147978,1.5,0.08,0.0,0
Ziegler-Nichols,137.0,23.79924317277311,24.144794288823284,23.8,35.318762581051146,1650.0,90.0,81.31753310874505,1.5,0.08,0.0,0
Ziegler-Nichols,138.0,23.694971937723867,24.03251246585926,23.8,35.335227436935085,1650.0,85.0,66.33535939101534,1.5,0.08,0.0,0
Ziegler-Nichols,139.0,23.59080993166199,23.918031739844604,23.8,35.35166687201331,1650.0,80.0,50.10750440757392,1.5,0.08,0.0,0
Ziegler-Nichols,140.0,23.486825597657408,23.78677177177094,23.8,35.36808057330268,1650.0,75.0,30.312683370691857,1.5,0.08,0.0,0
Ziegler-Nichols,141.0,23.3830755239845,23.662558655906246,23.8,35.38446822830997,1650.0,0.0,10.58118523823759,1.5,0.08,0.0,0
Ziegler-Nichols,142.0,23.279606422120725,23.566141159993,23.8,35.40082952503787,1650.0,0.0,0.0,1.5,0.08,0.0,0
Ziegler-Nichols,143.0,23.17645677506765,23.450867405991822,23.8,35.41716415199086,1650.0,0.0,0.0,1.5,0.08,0.0,0
Ziegler-Nichols,144.0,23.075209231348822,23.35488624029789,23.8,35.4334717981812,1650.0,0.0,0.0,1.5,0.08,0.0,0
Ziegler-Nichols,145.0,22.977174764670423,23.2421943837069,23.8,35.4497521531348,1650.0,0.0,0.0,1.5,0.08,0.0,0
Ziegler-Nichols,146.0,22.883437993330094,23.15021131189024,23.8,35.46600490689719,1650.0,0.0,0.0,1.5,0.08,0.0,0
Ziegler-Nichols,147.0,22.794894946184577,23.070107773552298,23.8,35.482229750039345,1650.0,0.0,0.0,1.5,0.08,0.0,0
Ziegler-Nichols,148.0,22.712284534084063,22.951630095665607,23.8,35.49842637366365,1650.0,0.0,0.0,1.5,0.08,0.0,0
Ziegler-Nichols,149.0,22.657929061577473,22.893557720484676,23.8,35.51459446940973,1650.0,0.0,0.0,1.5,0.08,0.0,0
Ziegler-Nichols,150.0,22.627052985769474,22.81959188788904,23.8,35.53073372946036,1650.0,0.0,0.0,1.5,0.08,0.0,0
Ziegler-Nichols,151.0,22.615677020901114,22.75704939295226,23.8,35.54684384654728,1650.0,0.0,0.0,1.5,0.08,0.0,0
Ziegler-Nichols,152.0,22.62048542702302,22.694909848943432,23.8,35.56292451395709,1650.0,0.0,0.0,1.5,0.08,0.0,0
Ziegler-Nichols,153.0,22.63871541723243,22.690469820420304,23.8,35.57897542553707,1650.0,0.0,0.0,1.5,0.08,0.0,0
Ziegler-Nichols,154.0,22.668064997046713,22.654946870348905,23.8,35.594996275700986,1650.0,0.0,0.0,1.5,0.08,0.0,0
Ziegler-Nichols,155.0,22.7066161638906,22.684024869977844,23.8,35.61098675943495,1650.0,0.0,0.0,1.5,0.08,0.0,0
Ziegler-Nichols,156.0,22.752770906678098,22.71019281865663,23.8,35.626946572303204,1650.0,0.0,0.0,1.5,0.08,0.0,0
Ziegler-Nichols,157.0,22.805197872139935,22.712081434480393,23.8,35.64287541045391,1650.0,0.0,0.0,1.5,0.08,0.0,0
Ziegler-Nichols,158.0,22.862787920105603,22.753555878993428,23.8,35.65877297062496,1650.0,0.0,0.0,1.5,0.08,0.0,0
Ziegler-Nichols,159.0,22.92461708624747,22.762615803608266,23.8,35.67463895014971,1650.0,0.0,0.0,1.5,0.08,0.0,0
Ziegler-Nichols,160.0,22.989915717709938,22.80979912432483,23.8,35.69047304696279,1650.0,0.0,0.0,1.5,0.08,0.0,0
Ziegler-Nichols,161.0,23.058042752809428,22.892960145405688,23.8,35.706274959605835,1650.0,0.0,0.0,1.5,0.08,0.0,0
Ziegler-Nichols,162.0,23.128464287459977,22.94937858802322,23.8,35.72204438723318,1650.0,0.0,0.0,1.5,0.08,0.0,0
Ziegler-Nichols,163.0,23.20073571387018,23.01342001286721,23.8,35.73778102961767,1650.0,0.0,0.0,1.5,0.08,0.0,0
Ziegler-Nichols,164.0,23.274486836132844,23.057007186642142,23.8,35.75348458715631,1650.0,0.0,0.0,1.5,0.08,0.0,0
Ziegler-Nichols,165.0,23.349409466558534,23.13443853229127,23.8,35.769154760876006,1650.0,0.0,0.0,1.5,0.08,0.0,0
Ziegler-Nichols,166.0,23.425247089295652,23.183412879980985,23.8,35.784791252439234,1650.0,0.0,0.0,1.5,0.08,0.0,0
Ziegler-Nichols,167.0,23.50178624668926,23.27073135068913,23.8,35.80039376414974,1650.0,0.0,0.0,1.5,0.08,0.0,0
Ziegler-Nichols,168.0,23.578849361255447,23.375583293281508,23.8,35.81596199895819,1650.0,0.0,0.0,1.5,0.08,0.0,0
Ziegler-Nichols,169.0,23.656288754001988,23.45397597538748,23.8,35.83149566046783,1650.0,0.0,0.0,1.5,0.08,0.0,0
Ziegler-Nichols,170.0,23.73398165970417,23.530894506296963,23.8,35.84699445294014,1650.0,0.0,0.0,1.5,0.08,0.0,0
Ziegler-Nichols,171.0,23.81182607297655,23.62155230987969,23.8,35.862458081300446,1650.0,0.0,3.0026518132916733,1.5,0.08,0.0,0
Ziegler-Nichols,172.0,23.889737286674634,23.67538476124395,23.8,35.877886251143565,1650.0,0.0,10.08059760788248,1.5,0.08,0.0,0
Ziegler-Nichols,173.0,23.96764500723808,23.752463834824358,23.8,35.89327866873937,1650.0,25.0,21.262169323538387,1.5,0.08,0.0,0
Ziegler-Nichols,174.0,24.045490950818515,23.820628615789015,23.8,35.90863504103844,1650.0,30.0,31.651915394549164,1.5,0.08,0.0,0
Ziegler-Nichols,175.0,24.123226840061097,23.887676616375632,23.8,35.92395507567755,1650.0,35.0,42.41052841354673,1.5,0.08,0.0,0
Ziegler-Nichols,176.0,24.2008127347642,23.972434818323503,23.8,35.939238480985345,1650.0,40.0,56.50373725231537,1.5,0.08,0.0,0
Ziegler-Nichols,177.0,24.2782156407708,24.042156677317237,23.8,35.95448496598782,1650.0,45.0,68.8992695199134,1.5,0.08,0.0,0
Ziegler-Nichols,178.0,24.355408350719596,24.146593504370532,23.8,35.96969424041387,1650.0,50.0,87.33754161287189,1.5,0.08,0.0,0
Ziegler-Nichols,179.0,24.432368478012517,24.223713134094805,23.8,35.984866014700835,1650.0,55.00000000000001,98.90548607151275,1.5,0.08,0.0,0
Ziegler-Nichols,180.0,24.509077651795828,24.310804094170393,23.8,36.0,1650.0,60.0,100.0,1.5,0.08,0.0,0
Ziegler-Nichols,181.0,24.577765744078434,24.36545983511782,23.8,36.015095908182104,1650.0,65.0,100.0,1.5,0.08,0.0,0
Ziegler-Nichols,182.0,24.638199317270637,24.447541993387347,23.8,36.030153451842814,1650.0,70.0,100.0,1.5,0.08,0.0,0
Ziegler-Nichols,183.0,24.69019139065508,24.51927401257183,23.8,36.045172344308206,1650.0,75.0,100.0,1.5,0.08,0.0,0
Ziegler-Nichols,184.0,24.733593658908497,24.574573697375662,23.8,36.060152299640215,1650.0,80.0,100.0,1.5,0.08,0.0,0
Ziegler-Nichols,185.0,24.768290007734922,24.61279281170998,23.8,36.07509303264209,1650.0,85.0,100.0,1.5,0.08,0.0,0
Ziegler-Nichols,186.0,24.794191110424173,24.666740900087227,23.8,36.0899942588638,1650.0,90.0,100.0,1.5,0.08,0.0,0
Ziegler-Nichols,187.0,24.81122992518032,24.686274575311398,23.8,36.10485569460748,1650.0,95.0,100.0,1.5,0.08,0.0,0
Ziegler-Nichols,188.0,24.819357943090846,24.761847612653373,23.8,36.11967705693282,1650.0,100.0,100.0,1.5,0.08,0.0,0
Ziegler-Nichols,189.0,24.818542061628687,24.762045521304763,23.8,36.13445806366244,1650.0,100.0,100.0,1.5,0.08,0.0,0
Ziegler-Nichols,190.0,24.808761979430702,24.788338230459956,23.8,36.1491984333873,1650.0,100.0,100.0,1.5,0.08,0.0,0
Ziegler-Nichols,191.0,24.790008025472165,24.768893361388646,23.8,36.163897885471975,1650.0,100.0,100.0,1.5,0.08,0.0,0
Ziegler-Nichols,192.0,24.76227935023695,24.784078617471852,23.8,36.17855614006011,1650.0,100.0,100.0,1.5,0.08,0.0,0
Ziegler-Nichols,193.0,24.725582418549813,24.782245447751325,23.8,36.193172918079654,1650.0,100.0,100.0,1.5,0.08,0.0,0
Ziegler-Nichols,194.0,24.679929753792816,24.758672564296255,23.8,36.207747941248236,1650.0,100.0,100.0,1.5,0.08,0.0,0
Ziegler-Nichols,195.0,24.62533889160751,24.744858991812688,23.8,36.22228093207841,1650.0,100.0,100.0,1.5,0.08,0.0,0
Ziegler-Nichols,196.0,24.561831508167643,24.723149753503595,23.8,36.236771613882986,1650.0,100.0,100.0,1.5,0.08,0.0,0
Ziegler-Nichols,197.0,24.49098371433454,24.667699156509233,23.8,36.251219710780276,1650.0,100.0,100.0,1.5,0.08,0.0,0
Ziegler-Nichols,198.0,24.41410846564565,24.58712103719294,23.8,36.26562494769933,1650.0,100.0,100.0,1.5,0.08,0.0,0
Ziegler-Nichols,199.0,24.332299423859016,24.562015630466778,23.8,36.279987050385216,1650.0,100.0,100.0,1.5,0.08,0.0,0
Ziegler-Nichols,200.0,24.246467508228623,24.477097443373268,23.8,36.29430574540419,1650.0,100.0,100.0,1.5,0.08,0.0,0
Ziegler-Nichols,201.0,24.15737135488886,24.371894790186627,23.8,36.308580760148935,1650.0,100.0,100.0,1.5,0.08,0.0,0
Ziegler-Nichols,202.0,24.065642699663314,24.308803096885768,23.8,36.32281182284376,1650.0,100.0,100.0,1.5,0.08,0.0,0
Ziegler-Nichols,203.0,23.971807530393907,24.23291784270635,23.8,36.33699866254974,1650.0,100.0,100.0,1.5,0.08,0.0,0
Ziegler-Nichols,204.0,23.876303713870364,24.15225377419421,23.8,36.35114100916989,1650.0,95.0,91.00461227997738,1.5,0.08,0.0,0
Ziegler-Nichols,205.0,23.77949568492669,24.090250920749227,23.8,36.36523859345433,1650.0,90.0,84.02619162922365,1.5,0.08,0.0,0
Ziegler-Nichols,206.0,23.681686687343564,24.010900180662777,23.8,36.37929114700537,1650.0,85.0,73.81078206155826,1.5,0.08,0.0,0
Ziegler-Nichols,207.0,23.58312897458903,23.896187416546628,23.8,36.39329840228264,1650.0,80.0,57.37336677650893,1.5,0.08,0.0,0
Ziegler-Nichols,208.0,23.484032310424517,23.821365797644518,23.8,36.40726009260819,1650.0,75.0,46.32105032234856,1.5,0.08,0.0,0
Ziegler-Nichols,209.0,23.384571052732017,23.71576294752054,23.8,36.42117595217158,1650.0,70.0,29.80672638391595,1.5,0.08,0.0,0
Ziegler-Nichols,210.0,23.28489005669228,23.611423053468766,23.8,36.435045716034885,1650.0,65.0,12.647126703900186,1.5,0.08,0.0,0
Ziegler-Nichols,211.0,23.185109594088928,23.505041488409944,23.8,36.4488691201378,1650.0,0.0,0.0,1.5,0.08,0.0,0
Ziegler-Nichols,212.0,23.08688047312572,23.385310980545988,23.8,36.462645901302636,1650.0,0.0,0.0,1.5,0.08,0.0,0
Ziegler-Nichols,213.0,22.99157046960345,23.27645288607123,23.8,36.476375797239335,1650.0,0.0,0.0,1.5,0.08,0.0,0
Ziegler-Nichols,214.0,22.900311539259114,23.186383100588376,23.8,36.49005854655048,1650.0,0.0,0.0,1.5,0.08,0.0,0
Ziegler-Nichols,215.0,22.814039161175632,23.097350837632213,23.8,36.50369388873624,1650.0,0.0,0.0,1.5,0.08,0.0,0
Ziegler-Nichols,216.0,22.73352512375136,23.022797128058745,23.8,36.51728156419935,1650.0,0.0,0.0,1.5,0.08,0.0,0
Ziegler-Nichols,217.0,22.659404846137186,22.930554911452482,23.8,36.53082131425006,1650.0,0.0,0.0,1.5,0.08,0.0,0
Ziegler-Nichols,218.0,22.592200145897664,22.840870950657095,23.8,36.544312881111054,1650.0,0.0,0.0,1.5,0.08,0.0,0
Ziegler-Nichols,219.0,22.550950456757842,22.72870712014893,23.8,36.557756007922336,1650.0,0.0,0.0,1.5,0.08,0.0,0
Ziegler-Nichols,220.0,22.531261553966495,22.652068125309004,23.8,36.57115043874616,1650.0,0.0,0.0,1.5,0.08,0.0,0
Ziegler-Nichols,221.0,22.529471920909096,22.60759191668894,23.8,36.584495918571854,1650.0,0.0,0.0,1.5,0.08,0.0,0
Ziegler-Nichols,222.0,22.542530629273006,22.540731139049992,23.8,36.597792193320736,1650.0,0.0,0.0,1.5,0.08,0.0,0
Ziegler-Nichols,223.0,22.567895572528002,22.524332791444355,23.8,36.61103900985089,1650.0,0.0,0.0,1.5,0.08,0.0,0
Ziegler-Nichols,224.0,22.603448660502856,22.560846945673685,23.8,36.62423611596203,1650.0,0.0,0.0,1.5,0.08,0.0,0
Ziegler-Nichols,225.0,22.647425148208615,22.567759151653668,23.8,36.63738326040028,1650.0,0.0,0.0,1.5,0.08,0.0,0
Ziegler-Nichols,226.0,22.698354743200703,22.600249214010134,23.8,36.65048019286295,1650.0,0.0,0.0,1.5,0.08,0.0,0
Ziegler-Nichols,227.0,22.75501252839004,22.621931405727203,23.8,36.663526664003335,1650.0,0.0,0.0,1.5,0.08,0.0,0
Ziegler-Nichols,228.0,22.816378064394918,22.653695651535404,23.8,36.67652242543544,1650.0,0.0,0.0,1.5,0.08,0.0,0
Ziegler-Nichols,229.0,22.88160130817684,22.71706028580601,23.8,36.689467229738675,1650.0,0.0,0.0,1.5,0.08,0.0,0
Ziegler-Nichols,230.0,22.949974211912917,22.761401976657723,23.8,36.70236083046264,1650.0,0.0,0.0,1.5,0.08,0.0,0
Ziegler-Nichols,231.0,23.02090705539868,22.827347152301314,23.8,36.71520298213177,1650.0,0.0,0.0,1.5,0.08,0.0,0
Ziegler-Nichols,232.0,23.09390872305957,22.864197293781757,23.8,36.727993440249996,1650.0,0.0,0.0,1.5,0.08,0.0,0
Ziegler-Nichols,233.0,23.16857026813622,22.950100630434815,23.8,36.740731961305436,1650.0,0.0,0.0,1.5,0.08,0.0,0
Ziegler-Nichols,234.0,23.244551216181247,23.00648815992079,23.8,36.75341830277502,1650.0,0.0,0.0,1.5,0.08,0.0,0
Ziegler-Nichols,235.0,23.321568151315518,23.059324921110626,23.8,36.76605222312908,1650.0,0.0,0.0,1.5,0.08,0.0,0
Ziegler-Nichols,236.0,23.39938520478402,23.157859242917134,23.8,36.77863348183599,1650.0,0.0,0.0,1.5,0.08,0.0,0
Ziegler-Nichols,237.0,23.47780612876129,23.22950902532309,23.8,36.79116183936672,1650.0,0.0,0.0,1.5,0.08,0.0,0
Ziegler-Nichols,238.0,23.556667691198108,23.321332423244122,23.8,36.8036370571994,1650.0,0.0,0.0,1.5,0.08,0.0,0
Ziegler-Nichols,239.0,23.635834171535905,23.406846788740587,23.8,36.81605889782387,1650.0,0.0,0.0,1.5,0.08,0.0,0
Ziegler-Nichols,240.0,23.715192773810852,23.487492001053532,23.8,36.82842712474619,1650.0,0.0,0.0,1.5,0.08,0.0,0
Ziegler-Nichols,241.0,23.794649804249307,23.569815348453897,23.8,36.840741502493145,1650.0,0.0,4.5644937393010565,1.5,0.08,0.0,0
Ziegler-Nichols,242.0,23.874127485939383,23.676499285471536,23.8,36.853001796616724,1650.0,25.0,19.579078575719173,1.5,0.08,0.0,0
Ziegler-Nichols,243.0,23.953561304399205,23.766520999139296,23.8,36.865207773698614,1650.0,30.0,32.814503618997485,1.5,0.08,0.0,0
Ziegler-Nichols,244.0,24.032897795559045,23.87633578583903,23.8,36.87735920135461,1650.0,35.0,49.897407910669656,1.5,0.08,0.0,0
Ziegler-Nichols,245.0,24.112092702421656,23.927764395311307,23.8,36.889455848239024,1650.0,40.0,58.63381449400187,1.5,0.08,0.0,0
Ziegler-Nichols,246.0,24.191109438954378,24.00142720180823,23.8,36.90149748404915,1650.0,45.0,71.29465308300618,1.5,0.08,0.0,0
Ziegler-Nichols,247.0,24.269917810007687,24.085526336193347,23.8,36.9134838795296,1650.0,50.0,86.19373393032042,1.5,0.08,0.0,0
Ziegler-Nichols,248.0,24.348492944589086,24.13381182726,23.8,36.92541480647668,1650.0,55.00000000000001,96.10705220839851,1.5,0.08,0.0,0
Ziegler-Nichols,249.0,24.426814406933033,24.22660770205226,23.8,36.93729003774274,1650.0,60.0,100.0,1.5,0.08,0.0,0
Ziegler-Nichols,250.0,24.49711035369343,24.277964394102685,23.8,36.949109347240494,1650.0,65.0,100.0,1.5,0.08,0.0,0
Ziegler-Nichols,251.0,24.55914592321103,24.365507979296684,23.8,36.96087250994733,1650.0,70.0,100.0,1.5,0.08,0.0,0
Ziegler-Nichols,252.0,24.612732953425123,24.419289601713974,23.8,36.972579301909576,1650.0,75.0,100.0,1.5,0.08,0.0,0
Ziegler-Nichols,253.0,24.657722159929367,24.506794083988087,23.8,36.9842295002468,1650.0,80.0,100.0,1.5,0.08,0.0,0
Ziegler-Nichols,254.0,24.6939966178836,24.569346787904777,23.8,36.99582288315601,1650.0,85.0,100.0,1.5,0.08,0.0,0
Ziegler-Nichols,255.0,24.721466330471294,24.59728698024719,23.8,37.007359229915906,1650.0,90.0,100.0,1.5,0.08,0.0,0
Ziegler-Nichols,256.0,24.7400637028107,24.627134159856368,23.8,37.018838320891085,1650.0,95.0,100.0,1.5,0.08,0.0,0
Ziegler-Nichols,257.0,24.749739770409704,24.6605331139765,23.8,37.0302599375362,1650.0,100.0,100.0,1.5,0.08,0.0,0
Ziegler-Nichols,258.0,24.75046105640612,24.67832040293442,23.8,37.04162386240012,1650.0,100.0,100.0,1.5,0.08,0.0,0
Ziegler-Nichols,259.0,24.742206952794884,24.695503048817848,23.8,37.05292987913012,1650.0,100.0,100.0,1.5,0.08,0.0,0
Ziegler-Nichols,260.0,24.724967538309937,24.711728062723072,23.8,37.064177772475915,1650.0,100.0,100.0,1.5,0.08,0.0,0
Ziegler-Nichols,261.0,24.698741760184095,24.705171267649053,23.8,37.07536732829384,1650.0,100.0,100.0,1.5,0.08,0.0,0
Ziegler-Nichols,262.0,24.66353591913957,24.68662540283092,23.8,37.08649833355088,1650.0,100.0,100.0,1.5,0.08,0.0,0
Ziegler-Nichols,263.0,24.619362407069698,24.694572622150357,23.8,37.09757057632874,1650.0,100.0,100.0,1.5,0.08,0.0,0
Ziegler-Nichols,264.0,24.566238655295745,24.680552025576624,23.8,37.10858384582789,1650.0,100.0,100.0,1.5,0.08,0.0,0
Ziegler-Nichols,265.0,24.504186258301953,24.67095081930299,23.8,37.11953793237153,1650.0,100.0,100.0,1.5,0.08,0.0,0
Ziegler-Nichols,266.0,24.434781264109656,24.63462839764186,23.8,37.130432627409654,1650.0,100.0,100.0,1.5,0.08,0.0,0
Ziegler-Nichols,267.0,24.359336581114956,24.57805802361028,23.8,37.14126772352298,1650.0,100.0,100.0,1.5,0.08,0.0,0
Ziegler-Nichols,268.0,24.278945837007615,24.51326392778196,23.8,37.15204301442689,1650.0,100.0,100.0,1.5,0.08,0.0,0
Ziegler-Nichols,269.0,24.194519927858558,24.435756561242304,23.8,37.162758294975376,1650.0,100.0,100.0,1.5,0.08,0.0,0
Ziegler-Nichols,270.0,24.10681747568129,24.37162146068222,23.8,37.17341336116494,1650.0,100.0,100.0,1.5,0.08,0.0,0
Ziegler-Nichols,271.0,24.016470209721643,24.28390200909842,23.8,37.18400801013849,1650.0,100.0,100.0,1.5,0.08,0.0,0
Ziegler-Nichols,272.0,23.924004117521157,24.18802563237446,23.8,37.19454204018917,1650.0,100.0,100.0,1.5,0.08,0.0,0
Ziegler-Nichols,273.0,23.829857070791935,24.10190593273427,23.8,37.20501525076424,1650.0,95.0,93.7364154914129,1.5,0.08,0.0,0
Ziegler-Nichols,274.0,23.734393513634394,23.988829738793886,23.8,37.21542744246887,1650.0,90.0,78.28562431070648,1.5,0.08,0.0,0
Ziegler-Nichols,275.0,23.637916702707543,23.89753145470572,23.8,37.22577841706993,1650.0,85.0,65.37113333512755,1.5,0.08,0.0,0
Ziegler-Nichols,276.0,23.540678907359716,23.813412628005963,23.8,37.236067977499786,1650.0,80.0,52.86061035421159,1.5,0.08,0.0,0
Ziegler-Nichols,277.0,23.442889909726443,23.712807803732108,23.8,37.24629592786005,1650.0,75.0,37.07234914299019,1.5,0.08,0.0,0
Ziegler-Nichols,278.0,23.344724088134285,23.632321706361914,23.8,37.256462073425276,1650.0,70.0,23.658008188356373,1.5,0.08,0.0,0
Ziegler-Nichols,279.0,23.24632631992642,23.524103199913775,23.8,37.266566220646716,1650.0,0.0,5.21805782044566,1.5,0.08,0.0,0
Ziegler-Nichols,280.0,23.14781690047304,23.453770151052485,23.8,37.276608177155964,1650.0,0.0,0.0,1.5,0.08,0.0,0
Ziegler-Nichols,281.0,23.05084666274396,23.342568574003213,23.8,37.28658775176866,1650.0,0.0,0.0,1.5,0.08,0.0,0
Ziegler-Nichols,282.0,22.956783408281826,23.22479065642187,23.8,37.29650475448806,1650.0,0.0,0.0,1.5,0.08,0.0,0
Ziegler-Nichols,283.0,22.866759119371636,23.174385894317997,23.8,37.306358996508756,1650.0,0.0,0.0,1.5,0.08,0.0,0
Ziegler-Nichols,284.0,22.781709302309228,23.06595587424593,23.8,37.316150290220165,1650.0,0.0,0.0,1.5,0.08,0.0,0
Ziegler-Nichols,285.0,22.70240577325324,22.938939855913976,23.8,37.32587844921018,1650.0,0.0,0.0,1.5,0.08,0.0,0
Ziegler-Nichols,286.0,22.629483979564395,22.85611446315097,23.8,37.335543288268674,1650.0,0.0,0.0,1.5,0.08,0.0,0
Ziegler-Nichols,287.0,22.583629032691334,22.77205980204661,23.8,37.345144623391036,1650.0,0.0,0.0,1.5,0.08,0.0,0
Ziegler-Nichols,288.0,22.560259590414127,22.725714210592397,23.8,37.3546822717817,1650.0,0.0,0.0,1.5,0.08,0.0,0
Ziegler-Nichols,289.0,22.55555820921905,22.67204088892995,23.8,37.36415605185757,1650.0,0.0,0.0,1.5,0.08,0.0,0
Ziegler-Nichols,290.0,22.566344026032958,22.66291476011487,23.8,37.37356578325154,1650.0,0.0,0.0,1.5,0.08,0.0,0
Ziegler-Nichols,291.0,22.58996665967824,22.59824910013862,23.8,37.38291128681589,1650.0,0.0,0.0,1.5,0.08,0.0,0
Ziegler-Nichols,292.0,22.624217795428194,22.586068769729327,23.8,37.3921923846257,1650.0,0.0,0.0,1.5,0.08,0.0,0
Ziegler-Nichols,293.0,22.6672575054794,22.582843254977178,23.8,37.40140889998225,1650.0,0.0,0.0,1.5,0.08,0.0,0
Ziegler-Nichols,294.0,22.71755284935486,22.62375088662541,23.8,37.41056065741637,1650.0,0.0,0.0,1.5,0.08,0.0,0
Ziegler-Nichols,295.0,22.773826707582707,22.662520513886847,23.8,37.419647482691786,1650.0,0.0,0.0,1.5,0.08,0.0,0
Ziegler-Nichols,296.0,22.83501514310457,22.703750996552248,23.8,37.42866920280845,1650.0,0.0,0.0,1.5,0.08,0.0,0
Ziegler-Nichols,297.0,22.9002318691252,22.741011996489448,23.8,37.43762564600581,1650.0,0.0,0.0,1.5,0.08,0.0,0
Ziegler-Nichols,298.0,22.968738638996484,22.789910948059617,23.8,37.4465166417661,1650.0,0.0,0.0,1.5,0.08,0.0,0
Ziegler-Nichols,299.0,23.039920571130047,22.858900287881312,23.8,37.45534202081758,1650.0,0.0,0.0,1.5,0.08,0.0,0
Ziegler-Nichols,300.0,23.176939055821386,22.919794425096036,23.8,37.46410161513776,4250.0,0.0,0.0,1.5,0.08,0.0,0
Ziegler-Nichols,301.0,23.315387910680066,23.01138926115888,23.8,37.47279525795657,4250.0,0.0,0.0,1.5,0.08,0.0,0
Ziegler-Nichols,302.0,23.45491367597129,23.11303038136513,23.8,37.4814227837596,4250.0,0.0,0.0,1.5,0.08,0.0,0
Ziegler-Nichols,303.0,23.595222371821674,23.210752137527933,23.8,37.48998402829119,4250.0,0.0,0.0,1.5,0.08,0.0,0
Ziegler-Nichols,304.0,23.73606958192885,23.329431000160774,23.8,37.49847882855758,4250.0,0.0,0.0,1.5,0.08,0.0,0
Ziegler-Nichols,305.0,23.877252190001816,23.457799831282816,23.8,37.50690702283003,4250.0,0.0,0.0,1.5,0.08,0.0,0
Ziegler-Nichols,306.0,24.01860149347675,23.579453706454053,23.8,37.51526845064786,4250.0,0.0,11.756263453119908,1.5,0.08,0.0,0
Ziegler-Nichols,307.0,24.159977464962342,23.72399484763034,23.8,37.52356295282154,4250.0,30.0,32.82939341060566,1.5,0.08,0.0,0
Ziegler-Nichols,308.0,24.301263970126303,23.85204923321812,23.8,37.531790371435704,4250.0,35.0,52.453945114517765,1.5,0.08,0.0,0
Ziegler-Nichols,309.0,24.442364782616114,23.99771843249045,23.8,37.539950549852165,4250.0,40.0,75.88607246529087,1.5,0.08,0.0,0
Ziegler-Nichols,310.0,24.583200263174888,24.174828119042395,23.8,37.548043332712886,4250.0,45.0,100.0,1.5,0.08,0.0,0
Ziegler-Nichols,311.0,24.72370459225309,24.29850440107181,23.8,37.556068565942944,4250.0,50.0,100.0,1.5,0.08,0.0,0
Ziegler-Nichols,312.0,24.80014999447897,24.405886165191134,23.8,37.56402609675347,1650.0,55.00000000000001,100.0,1.5,0.08,0.0,0
Ziegler-Nichols,313.0,24.87647152599805,24.53971062033748,23.8,37.57191577364455,1650.0,60.0,100.0,1.5,0.08,0.0,0
Ziegler-Nichols,314.0,24.9526308981303,24.65943809610962,23.8,37.5797374464081,1650.0,65.0,100.0,1.5,0.08,0.0,0
Ziegler-Nichols,315.0,25.019290363571677,24.7853514720443,23.8,37.58749096613075,1650.0,70.0,100.0,1.5,0.08,0.0,0
Ziegler-Nichols,316.0,25.076468616214477,24.88087283804835,23.8,37.59517618519667,1650.0,75.0,100.0,1.5,0.08,0.0,0
Ziegler-Nichols,317.0,25.124188746157078,24.94825793626015,23.8,37.602792957290355,1650.0,80.0,100.0,1.5,0.08,0.0,0
Ziegler-Nichols,318.0,25.162477468572753,25.000592876101756,23.8,37.610341137399445,1650.0,85.0,100.0,1.5,0.08,0.0,0
Ziegler-Nichols,319.0,25.191364481297786,25.067635346795416,23.8,37.61782058181747,1650.0,90.0,100.0,1.5,0.08,0.0,0
Ziegler-Nichols,320.0,25.210881929684632,25.092303113579387,23.8,37.6252311481466,1650.0,95.0,100.0,1.5,0.08,0.0,0
Ziegler-Nichols,321.0,25.221063960841654,25.105280559316235,23.8,37.632572695300325,1650.0,100.0,100.0,1.5,0.08,0.0,0
Ziegler-Nichols,322.0,25.221946352360632,25.149407606332037,23.8,37.639845083506174,1650.0,100.0,100.0,1.5,0.08,0.0,0
Ziegler-Nichols,323.0,25.213566203116436,25.163460133020976,23.8,37.64704817430835,1650.0,100.0,100.0,1.5,0.08,0.0,0
Ziegler-Nichols,324.0,25.195961675792518,25.21366963166439,23.8,37.6541818305704,1650.0,100.0,100.0,1.5,0.08,0.0,0
Ziegler-Nichols,325.0,25.169171782510244,25.193082553603155,23.8,37.66124591647779,1650.0,100.0,100.0,1.5,0.08,0.0,0
Ziegler-Nichols,326.0,25.133236206377155,25.18951363741933,23.8,37.66824029754049,1650.0,100.0,100.0,1.5,0.08,0.0,0
Ziegler-Nichols,327.0,25.08819515296663,25.176807781790096,23.8,37.67516484059559,1650.0,100.0,100.0,1.5,0.08,0.0,0
Ziegler-Nichols,328.0,25.03408922673947,25.12460758114659,23.8,37.68201941380976,1650.0,100.0,100.0,1.5,0.08,0.0,0
Ziegler-Nichols,329.0,24.970959328249428,25.088304272030488,23.8,37.68880388668181,1650.0,100.0,100.0,1.5,0.08,0.0,0
Ziegler-Nichols,330.0,24.900397589075887,25.06332111632126,23.8,37.695518130045144,1650.0,100.0,100.0,1.5,0.08,0.0,0
Ziegler-Nichols,331.0,24.823730315793508,25.00949935237203,23.8,37.70216201607027,1650.0,100.0,100.0,1.5,0.08,0.0,0
Ziegler-Nichols,332.0,24.742062296500926,24.91578116811424,23.8,37.70873541826715,1650.0,100.0,100.0,1.5,0.08,0.0,0
Ziegler-Nichols,333.0,24.656313722916252,24.854619446996715,23.8,37.715238211487694,1650.0,100.0,100.0,1.5,0.08,0.0,0
Ziegler-Nichols,334.0,24.567250958778345,24.797474715772886,23.8,37.7216702719281,1650.0,100.0,100.0,1.5,0.08,0.0,0
Ziegler-Nichols,335.0,24.475512180169563,24.713120898809834,23.8,37.728031477131196,1650.0,100.0,100.0,1.5,0.08,0.0,0
Ziegler-Nichols,336.0,24.38162874243987,24.629201530885336,23.8,37.734321705988805,1650.0,100.0,100.0,1.5,0.08,0.0,0
Ziegler-Nichols,337.0,24.286042985965405,24.521013107410003,23.8,37.740540838744046,1650.0,100.0,100.0,1.5,0.08,0.0,0
Ziegler-Nichols,338.0,24.189123074269215,24.450059128093137,23.8,37.74668875699359,1650.0,100.0,100.0,1.5,0.08,0.0,0
Ziegler-Nichols,339.0,24.09117535911048,24.393998069872637,23.8,37.75276534368994,1650.0,100.0,100.0,1.5,0.08,0.0,0
Ziegler-Nichols,340.0,23.992454684714225,24.287842931185804,23.8,37.758770483143635,1650.0,100.0,100.0,1.5,0.08,0.0,0
Ziegler-Nichols,341.0,23.893172974618174,24.16210936591949,23.8,37.76470406102548,1650.0,100.0,100.0,1.5,0.08,0.0,0
Ziegler-Nichols,342.0,23.79350638736724,24.08580550866036,23.8,37.770565964368714,1650.0,95.0,91.38557796006015,1.5,0.08,0.0,0
Ziegler-Nichols,343.0,23.69360127958116,23.985049354236516,23.8,37.77635608157114,1650.0,90.0,77.75254963037554,1.5,0.08,0.0,0
Ziegler-Nichols,344.0,23.59357917516642,23.87952431174659,23.8,37.78207430239727,1650.0,85.0,62.55998775085929,1.5,0.08,0.0,0
Ziegler-Nichols,345.0,23.493540906315186,23.807495557820918,23.8,37.787720517980425,1650.0,80.0,51.81563912457589,1.5,0.08,0.0,0
Ziegler-Nichols,346.0,23.39357006432679,23.690135884734218,23.8,37.793294620824796,1650.0,75.0,33.332775239444665,1.5,0.08,0.0,0
Ziegler-Nichols,347.0,23.293735875281374,23.598965993538464,23.8,37.798796504807505,1650.0,70.0,18.049019508389215,1.5,0.08,0.0,0
Ziegler-Nichols,348.0,23.19409559642375,23.499687262231262,23.8,37.804226065180615,1650.0,0.0,0.7547079101590914,1.5,0.08,0.0,0
Ziegler-Nichols,349.0,23.09469651313918,23.397717384648125,23.8,37.809583198573115,1650.0,0.0,0.0,1.5,0.08,0.0,0
Ziegler-Nichols,350.0,22.997128623497254,23.286915856579565,23.8,37.81486780299291,1650.0,0.0,0.0,1.5,0.08,0.0,0
Ziegler-Nichols,351.0,22.902709040034573,23.22227840941739,23.8,37.820079777828745,1650.0,0.0,0.0,1.5,0.08,0.0,0
Ziegler-Nichols,352.0,22.812527510932334,23.123160408914384,23.8,37.82521902385214,1650.0,0.0,0.0,1.5,0.08,0.0,0
Ziegler-Nichols,353.0,22.727484354124964,23.04573435866058,23.8,37.83028544321926,1650.0,0.0,0.0,1.5,0.08,0.0,0
Ziegler-Nichols,354.0,22.64832206885232,22.95991582861437,23.8,37.83527893947277,1650.0,0.0,0.0,1.5,0.08,0.0,0
Ziegler-Nichols,355.0,22.57565167841595,22.850832130583395,23.8,37.840199417543715,1650.0,0.0,0.0,1.5,0.08,0.0,0
Ziegler-Nichols,356.0,22.53013794757922,22.76780264135837,23.8,37.845046783753276,1650.0,0.0,0.0,1.5,0.08,0.0,0
Ziegler-Nichols,357.0,22.50718258523946,22.669844398433284,23.8,37.84982094581459,1650.0,0.0,0.0,1.5,0.08,0.0,0
Ziegler-Nichols,358.0,22.502954030493445,22.618434673653084,23.8,37.85452181283449,1650.0,0.0,0.0,1.5,0.08,0.0,0
Ziegler-Nichols,359.0,22.514259662447426,22.575709268306973,23.8,37.859149295315255,1650.0,0.0,0.0,1.5,0.08,0.0,0
Ziegler-Nichols,360.0,22.538439308401923,22.541062235538632,23.8,37.86370330515627,1650.0,0.0,0.0,1.5,0.08,0.0,0
Ziegler-Nichols,361.0,22.573276500682077,22.531373753013817,23.8,37.86818375565577,1650.0,0.0,0.0,1.5,0.08,0.0,0
Ziegler-Nichols,362.0,22.616924524005942,22.530703069059697,23.8,37.87259056151243,1650.0,0.0,0.0,1.5,0.08,0.0,0
Ziegler-Nichols,363.0,22.667844788300986,22.55007484925159,23.8,37.876923638827016,1650.0,0.0,0.0,1.5,0.08,0.0,0
Ziegler-Nichols,364.0,22.724755472727413,22.564614069030817,23.8,37.881182905103984,1650.0,0.0,0.0,1.5,0.08,0.0,0
Ziegler-Nichols,365.0,22.786588729040428,22.59292863841566,23.8,37.88536827925304,1650.0,0.0,0.0,1.5,0.08,0.0,0
Ziegler-Nichols,366.0,22.85245501773492,22.666341371316566,23.8,37.88947968159071,1650.0,0.0,0.0,1.5,0.08,0.0,0
Ziegler-Nichols,367.0,22.921613388175434,22.73773965629874,23.8,37.893517033841796,1650.0,0.0,0.0,1.5,0.08,0.0,0
Ziegler-Nichols,368.0,22.99344671204721,22.800805163848487,23.8,37.89748025914094,1650.0,0.0,0.0,1.5,0.08,0.0,0
Ziegler-Nichols,369.0,23.06744104457465,22.854195646799084,23.8,37.901369282034054,1650.0,0.0,0.0,1.5,0.08,0.0,0
Ziegler-Nichols,370.0,23.143168425546026,22.911762123670844,23.8,37.90518402847973,1650.0,0.0,0.0,1.5,0.08,0.0,0
Ziegler-Nichols,371.0,23.220272546843248,22.97399227171916,23.8,37.908924425850714,1650.0,0.0,0.0,1.5,0.08,0.0,0
Ziegler-Nichols,372.0,23.29845680872588,23.042632610894877,23.8,37.91259040293522,1650.0,0.0,0.0,1.5,0.08,0.0,0
Ziegler-Nichols,373.0,23.377474366743602,23.116573236740702,23.8,37.916181889938336,1650.0,0.0,0.0,1.5,0.08,0.0,0
Ziegler-Nichols,374.0,23.45711983750568,23.212774395242526,23.8,37.91969881848332,1650.0,0.0,0.0,1.5,0.08,0.0,0
Ziegler-Nichols,375.0,23.537222386831225,23.286586556810956,23.8,37.92314112161292,1650.0,0.0,0.0,1.5,0.08,0.0,0
Ziegler-Nichols,376.0,23.617639969883403,23.391425385148253,23.8,37.926508733790655,1650.0,0.0,0.0,1.5,0.08,0.0,0
Ziegler-Nichols,377.0,23.698254531290225,23.468526031568935,23.8,37.92980159090204,1650.0,0.0,0.0,1.5,0.08,0.0,0
Ziegler-Nichols,378.0,23.7789680052541,23.53551046257827,23.8,37.93301963025582,1650.0,0.0,4.012271662836314,1.5,0.08,0.0,0
Ziegler-Nichols,379.0,23.85969898231866,23.617700086139763,23.8,37.936162790585165,1650.0,25.0,14.882315886178453,1.5,0.08,0.0,0
Ziegler-Nichols,380.0,23.94037993168324,23.701566152236296,23.8,37.93923101204883,1650.0,27.0,26.67475501854879,1.5,0.08,0.0,0
Ziegler-Nichols,381.0,24.02095488647374,23.76986067365851,23.8,37.94222423623231,1650.0,32.0,36.677818621148916,1.5,0.08,0.0,0
Ziegler-Nichols,382.0,24.10137751481037,23.822258545966964,23.8,37.945142406148925,1650.0,37.0,44.71556783515271,1.5,0.08,0.0,0
Ziegler-Nichols,383.0,24.18160951237279,23.952581289327426,23.8,37.94798546624093,1650.0,42.0,65.4846296538415,1.5,0.08,0.0,0
Ziegler-Nichols,384.0,24.26161926287971,24.023885021191216,23.8,37.95075336238055,1650.0,47.0,77.97126960293964,1.5,0.08,0.0,0
Ziegler-Nichols,385.0,24.341380721830443,24.14054331329726,23.8,37.95344604187105,1650.0,52.0,98.19435992522452,1.5,0.08,0.0,0
Ziegler-Nichols,386.0,24.420872486298123,24.15844338046396,23.8,37.95606345344767,1650.0,57.00000000000001,100.0,1.5,0.08,0.0,0
Ziegler-Nichols,387.0,24.492321917725032,24.242335291777035,23.8,37.95860554727868,1650.0,62.0,100.0,1.5,0.08,0.0,0
Ziegler-Nichols,388.0,24.556424114770834,24.324427616469304,23.8,37.961072274966284,1650.0,67.0,100.0,1.5,0.08,0.0,0
Ziegler-Nichols,389.0,24.612830804100895,24.43377439848528,23.8,37.96346358954753,1650.0,72.0,100.0,1.5,0.08,0.0,0
Ziegler-Nichols,390.0,24.66125930885702,24.4562240758842,23.8,37.965779445495244,1650.0,77.0,100.0,1.5,0.08,0.0,0
Ziegler-Nichols,391.0,24.701481577309654,24.534411881087824,23.8,37.968019798718856,1650.0,82.0,100.0,1.5,0.08,0.0,0
Ziegler-Nichols,392.0,24.733315040266397,24.60630442327194,23.8,37.97018460656529,1650.0,87.0,100.0,1.5,0.08,0.0,0
Ziegler-Nichols,393.0,24.756614992443126,24.65232689527861,23.8,37.972273827819706,1650.0,92.0,100.0,1.5,0.08,0.0,0
Ziegler-Nichols,394.0,24.77126824380293,24.675384158223824,23.8,37.97428742270635,1650.0,97.0,100.0,1.5,0.08,0.0,0
Ziegler-Nichols,395.0,24.777187829200535,24.68987603561038,23.8,37.97622535288928,1650.0,100.0,100.0,1.5,0.08,0.0,0
Ziegler-Nichols,396.0,24.774308599947016,24.757283454398735,23.8,37.97808758147309,1650.0,100.0,100.0,1.5,0.08,0.0,0
Ziegler-Nichols,397.0,24.762583550307014,24.752009379883017,23.8,37.97987407300365,1650.0,100.0,100.0,1.5,0.08,0.0,0
Ziegler-Nichols,398.0,24.74198075643879,24.748000611864192,23.8,37.98158479346871,1650.0,100.0,100.0,1.5,0.08,0.0,0
Ziegler-Nichols,399.0,24.712480825702265,24.781147652045888,23.8,37.98321971029865,1650.0,100.0,100.0,1.5,0.08,0.0,0
Ziegler-Nichols,400.0,24.67407477127278,24.774182828914427,23.8,37.98477879236698,1650.0,100.0,100.0,1.5,0.08,0.0,0
Ziegler-Nichols,401.0,24.62676224117528,24.766156862472382,23.8,37.986262009991044,1650.0,100.0,100.0,1.5,0.08,0.0,0
Ziegler-Nichols,402.0,24.57055004266787,24.723092496518888,23.8,37.98766933493251,1650.0,100.0,100.0,1.5,0.08,0.0,0
Ziegler-Nichols,403.0,24.506071320912223,24.67574242668846,23.8,37.98900074039794,1650.0,100.0,100.0,1.5,0.08,0.0,0
Ziegler-Nichols,404.0,24.43478835283298,24.64962881552463,23.8,37.990256201039294,1650.0,100.0,100.0,1.5,0.08,0.0,0
Ziegler-Nichols,405.0,24.357919248871276,24.587053168345143,23.8,37.99143569295441,1650.0,100.0,100.0,1.5,0.08,0.0,0
Ziegler-Nichols,406.0,24.276478649707325,24.49605146238796,23.8,37.99253919368747,1650.0,100.0,100.0,1.5,0.08,0.0,0
Ziegler-Nichols,407.0,24.19131164018451,24.4366748233344,23.8,37.99356668222939,1650.0,100.0,100.0,1.5,0.08,0.0,0
Ziegler-Nichols,408.0,24.10312201090141,24.36227476744875,23.8,37.9945181390183,1650.0,100.0,100.0,1.5,0.08,0.0,0
Ziegler-Nichols,409.0,24.01249580952721,24.282733664932127,23.8,37.995393545939805,1650.0,100.0,100.0,1.5,0.08,0.0,0
Ziegler-Nichols,410.0,23.91992096688662,24.15002632826395,23.8,37.99619288632743,1650.0,100.0,99.61681217022809,1.5,0.08,0.0,0
Ziegler-Nichols,411.0,23.825803652019474,24.093308293313463,23.8,37.99691614496289,1650.0,95.0,93.45557327416248,1.5,0.08,0.0,0
Ziegler-Nichols,412.0,23.730481901385897,24.007086127566634,23.8,37.99756330807638,1650.0,90.0,82.17893743267119,1.5,0.08,0.0,0
Ziegler-Nichols,413.0,23.634236976526267,23.905876803083594,23.8,37.99813436334685,1650.0,85.0,67.84455318488388,1.5,0.08,0.0,0
Ziegler-Nichols,414.0,23.53730282876679,23.801430198874737,23.8,37.99862929990223,1650.0,80.0,52.189004144553294,1.5,0.08,0.0,0
Ziegler-Nichols,415.0,23.439873986463212,23.73247228838649,23.8,37.999048108319634,1650.0,75.0,41.30509587840806,1.5,0.08,0.0,0
Ziegler-Nichols,416.0,23.34211212769301,23.626890828711986,23.8,37.99939078062557,1650.0,70.0,24.083003556928382,1.5,0.08,0.0,0
Ziegler-Nichols,417.0,23.24415155748805,23.537020359952802,23.8,37.99965731029603,1650.0,0.0,8.498596122673218,1.5,0.08,0.0,0
Ziegler-Nichols,418.0,23.146103772184333,23.44283590364041,23.8,37.99984769225669,1650.0,0.0,0.0,1.5,0.08,0.0,0
Ziegler-Nichols,419.0,23.04961228344423,23.36642915494876,23.8,37.99996192288294,1650.0,0.0,0.0,1.5,0.08,0.0,0
Ziegler-Nichols,420.0,22.956038802937773,23.243495708428462,23.8,38.0,1650.0,0.0,0.0,1.5,0.08,0.0,0
Ziegler-Nichols,421.0,22.86651024926911,23.149685421718544,23.8,37.99996192288294,1650.0,0.0,0.0,1.5,0.08,0.0,0
Ziegler-Nichols,422.0,22.78195792020916,23.042137898113378,23.8,37.99984769225669,1650.0,0.0,0.0,1.5,0.08,0.0,0
Ziegler-Nichols,423.0,22.70315013601789,22.968953240049157,23.8,37.99965731029603,1650.0,0.0,0.0,1.5,0.08,0.0,0
Ziegler-Nichols,424.0,22.630719442008928,22.867201474963597,23.8,37.99939078062557,1650.0,0.0,0.0,1.5,0.08,0.0,0
Ziegler-Nichols,425.0,22.585348542456682,22.79876654193177,23.8,37.999048108319634,1650.0,0.0,0.0,1.5,0.08,0.0,0
Ziegler-Nichols,426.0,22.562454100357645,22.734584427973196,23.8,37.99862929990223,1650.0,0.0,0.0,1.5,0.08,0.0,0
Ziegler-Nichols,427.0,22.558217021070153,22.68535684064754,23.8,37.99813436334685,1650.0,0.0,0.0,1.5,0.08,0.0,0
Ziegler-Nichols,428.0,22.569455076769685,22.623585028222816,23.8,37.99756330807638,1650.0,0.0,0.0,1.5,0.08,0.0,0
Ziegler-Nichols,429.0,22.593516760171344,22.59531650379721,23.8,37.99691614496289,1650.0,0.0,0.0,1.5,0.08,0.0,0
Ziegler-Nichols,430.0,22.62819282930832,22.566969047170968,23.8,37.99619288632743,1650.0,0.0,0.0,1.5,0.08,0.0,0
Ziegler-Nichols,431.0,22.671642594856902,22.596463570387865,23.8,37.995393545939805,1650.0,0.0,0.0,1.5,0.08,0.0,0
Ziegler-Nichols,432.0,22.722332492916948,22.61703180565282,23.8,37.9945181390183,1650.0,0.0,0.0,1.5,0.08,0.0,0
Ziegler-Nichols,433.0,22.778984895671815,22.682752455815006,23.8,37.99356668222939,1650.0,0.0,0.0,1.5,0.08,0.0,0
Ziegler-Nichols,434.0,22.84053545361448,22.70272700654262,23.8,37.99253919368747,1650.0,0.0,0.0,1.5,0.08,0.0,0
Ziegler-Nichols,435.0,22.90609754741209,22.746598028669144,23.8,37.99143569295441,1650.0,0.0,0.0,1.5,0.08,0.0,0
Ziegler-Nichols,436.0,22.974932664469186,22.800547661338214,23.8,37.990256201039294,1650.0,0.0,0.0,1.5,0.08,0.0,0
Ziegler-Nichols,437.0,23.04642571273971,22.872055649092953,23.8,37.98900074039794,1650.0,0.0,0.0,1.5,0.08,0.0,0
Ziegler-Nichols,438.0,23.120064448913016,22.942533364916173,23.8,37.98766933493251,1650.0,0.0,0.0,1.5,0.08,0.0,0
Ziegler-Nichols,439.0,23.195422335244825,23.009988433592547,23.8,37.986262009991044,1650.0,0.0,0.0,1.5,0.08,0.0,0
Ziegler-Nichols,440.0,23.2721442535922,23.06891313997109,23.8,37.98477879236698,1650.0,0.0,0.0,1.5,0.08,0.0,0
Ziegler-Nichols,441.0,23.34993460045188,23.12205376445566,23.8,37.98321971029865,1650.0,0.0,0.0,1.5,0.08,0.0,0
Ziegler-Nichols,442.0,23.428547366168033,23.218032697649786,23.8,37.98158479346871,1650.0,0.0,0.0,1.5,0.08,0.0,0
Ziegler-Nichols,443.0,23.507777867614422,23.295508030057057,23.8,37.97987407300365,1650.0,0.0,0.0,1.5,0.08,0.0,0
Ziegler-Nichols,444.0,23.58745585877194,23.381834700421916,23.8,37.97808758147309,1650.0,0.0,0.0,1.5,0.08,0.0,0
Ziegler-Nichols,445.0,23.667439789552187,23.445388154472493,23.8,37.97622535288928,1650.0,0.0,0.0,1.5,0.08,0.0,0
Ziegler-Nichols,446.0,23.74761202149273,23.520213968230422,23.8,37.97428742270635,1650.0,0.0,3.739349110159629,1.5,0.08,0.0,0
Ziegler-Nichols,447.0,23.82787484084537,23.599334324681664,23.8,37.972273827819706,1650.0,25.0,14.002077175299155,1.5,0.08,0.0,0
Ziegler-Nichols,448.0,23.908147136158554,23.677190177072603,23.8,37.97018460656529,1650.0,25.0,24.69797645052092,1.5,0.08,0.0,0
Ziegler-Nichols,449.0,23.988361629604842,23.775818462693266,23.8,37.968019798718856,1650.0,30.0,39.29876699516647,1.5,0.08,0.0,0
Ziegler-Nichols,450.0,24.068462569762556,23.841106667304647,23.8,37.965779445495244,1650.0,35.0,49.42085102531078,1.5,0.08,0.0,0
Ziegler-Nichols,451.0,24.148403808942536,23.914024762891227,23.8,37.96346358954753,1650.0,40.0,61.27076346642759,1.5,0.08,0.0,0
Ziegler-Nichols,452.0,24.228147200969097,23.9749220694891,23.8,37.961072274966284,1650.0,45.0,71.80473601202135,1.5,0.08,0.0,0
Ziegler-Nichols,453.0,24.30766126600611,24.05465915048378,23.8,37.95860554727868,1650.0,50.0,85.80257136509346,1.5,0.08,0.0,0
Ziegler-Nichols,454.0,24.386920077920657,24.13000741505571,23.8,37.95606345344767,1650.0,55.00000000000001,99.74487037132899,1.5,0.08,0.0,0
Ziegler-Nichols,455.0,24.458147235053783,24.207417404420795,23.8,37.95344604187105,1650.0,60.0,100.0,1.5,0.08,0.0,0
Ziegler-Nichols,456.0,24.522655114544857,24.287480368784717,23.8,37.95075336238055,1650.0,65.0,100.0,1.5,0.08,0.0,0
Ziegler-Nichols,457.0,24.57998645538949,24.349719174012375,23.8,37.94798546624093,1650.0,70.0,100.0,1.5,0.08,0.0,0
Ziegler-Nichols,458.0,24.629767779146636,24.468271047735332,23.8,37.945142406148925,1650.0,75.0,100.0,1.5,0.08,0.0,0
Ziegler-Nichols,459.0,24.67169538749521,24.528661826783907,23.8,37.94222423623231,1650.0,80.0,100.0,1.5,0.08,0.0,0
Ziegler-Nichols,460.0,24.705523693730058,24.582726833323086,23.8,37.93923101204883,1650.0,85.0,100.0,1.5,0.08,0.0,0
Ziegler-Nichols,461.0,24.731055499206374,24.64150822117265,23.8,37.936162790585165,1650.0,90.0,100.0,1.5,0.08,0.0,0
Ziegler-Nichols,462.0,24.74813389057346,24.657357879523413,23.8,37.93301963025582,1650.0,95.0,100.0,1.5,0.08,0.0,0
Ziegler-Nichols,463.0,24.756635487665292,24.67692138813389,23.8,37.92980159090204,1650.0,100.0,100.0,1.5,0.08,0.0,0
Ziegler-Nichols,464.0,24.756464816937388,24.69127447886891,23.8,37.926508733790655,1650.0,100.0,100.0,1.5,0.08,0.0,0
Ziegler-Nichols,465.0,24.74754962285794,24.74414306464312,23.8,37.92314112161292,1650.0,100.0,100.0,1.5,0.08,0.0,0
Ziegler-Nichols,466.0,24.729836960926516,24.733105692607626,23.8,37.91969881848332,1650.0,100.0,100.0,1.5,0.08,0.0,0
Ziegler-Nichols,467.0,24.703289942048073,24.726293073041266,23.8,37.916181889938336,1650.0,100.0,100.0,1.5,0.08,0.0,0
Ziegler-Nichols,468.0,24.66788501970208,24.7136693372248,23.8,37.91259040293522,1650.0,100.0,100.0,1.5,0.08,0.0,0
Ziegler-Nichols,469.0,24.623609729439906,24.67737738978439,23.8,37.908924425850714,1650.0,100.0,100.0,1.5,0.08,0.0,0
Ziegler-Nichols,470.0,24.57046080532149,24.659562354633362,23.8,37.90518402847973,1650.0,100.0,100.0,1.5,0.08,0.0,0
Ziegler-Nichols,471.0,24.508442610467068,24.64842863834896,23.8,37.901369282034054,1650.0,100.0,100.0,1.5,0.08,0.0,0
Ziegler-Nichols,472.0,24.439116849778696,24.59482904091705,23.8,37.89748025914094,1650.0,100.0,100.0,1.5,0.08,0.0,0
Ziegler-Nichols,473.0,24.36378449540087,24.558814198897874,23.8,37.893517033841796,1650.0,100.0,100.0,1.5,0.08,0.0,0
Ziegler-Nichols,474.0,24.283529244492037,24.465960506786143,23.8,37.88947968159071,1650.0,100.0,100.0,1.5,0.08,0.0,0
Ziegler-Nichols,475.0,24.19925373402273,24.41566979034259,23.8,37.88536827925304,1650.0,100.0,100.0,1.5,0.08,0.0,0
Ziegler-Nichols,476.0,24.111709719762654,24.36102558275815,23.8,37.881182905103984,1650.0,100.0,100.0,1.5,0.08,0.0,0
Ziegler-Nichols,477.0,24.02152322542529,24.284483699690824,23.8,37.876923638827016,1650.0,100.0,100.0,1.5,0.08,0.0,0
Ziegler-Nichols,478.0,23.929215500277113,24.17444191248537,23.8,37.87259056151243,1650.0,100.0,100.0,1.5,0.08,0.0,0
Ziegler-Nichols,479.0,23.835220483800768,24.106098836121593,23.8,37.86818375565577,1650.0,99.0,98.60737422018389,1.5,0.08,0.0,0
Ziegler-Nichols,480.0,23.73989935956989,24.010073130837338,23.8,37.86370330515627,1650.0,94.0,85.88410347424433,1.5,0.08,0.0,0
Ziegler-Nichols,481.0,23.643552683467057,23.927392292109527,23.8,37.85914929531525,1650.0,89.0,74.50111600194894,1.5,0.08,0.0,0
Ziegler-Nichols,482.0,23.54643049052103,23.85282173265514,23.8,37.85452181283449,1650.0,84.0,63.73810594503211,1.5,0.08,0.0,0
Ziegler-Nichols,483.0,23.44874071726017,23.793525704012644,23.8,37.84982094581459,1650.0,79.0,54.791907280758835,1.5,0.08,0.0,0
Ziegler-Nichols,484.0,23.35065622032936,23.67439414226856,23.8,37.845046783753276,1650.0,74.0,35.917326157294774,1.5,0.08,0.0,0
Ziegler-Nichols,485.0,23.252320625326583,23.577349251178827,23.8,37.840199417543715,1650.0,69.0,19.579386503265294,1.5,0.08,0.0,0
Ziegler-Nichols,486.0,23.153853200822596,23.47144671104499,23.8,37.83527893947277,1650.0,0.0,1.0655791715497132,1.5,0.08,0.0,0
Ziegler-Nichols,487.0,23.055663124114872,23.365209469459526,23.8,37.83028544321926,1650.0,0.0,0.0,1.5,0.08,0.0,0
Ziegler-Nichols,488.0,22.95933028527309,23.249404854881924,23.8,37.82521902385214,1650.0,0.0,0.0,1.5,0.08,0.0,0
Ziegler-Nichols,489.0,22.866163392845678,23.15468042481659,23.8,37.820079777828745,1650.0,0.0,0.0,1.5,0.08,0.0,0
Ziegler-Nichols,490.0,22.777245210994383,23.0729357212777,23.8,37.81486780299291,1650.0,0.0,0.0,1.5,0.08,0.0,0
Ziegler-Nichols,491.0,22.693470256900614,22.962043703937482,23.8,37.809583198573115,1650.0,0.0,0.0,1.5,0.08,0.0,0
Ziegler-Nichols,492.0,22.615576215065985,22.882758004929645,23.8,37.804226065180615,1650.0,0.0,0.0,1.5,0.08,0.0,0
Ziegler-Nichols,493.0,22.54417011569242,22.773926695839567,23.8,37.798796504807505,1650.0,0.0,0.0,1.5,0.08,0.0,0
Ziegler-Nichols,494.0,22.49960321102076,22.667396194348804,23.8,37.793294620824796,1650.0,0.0,0.0,1.5,0.08,0.0,0
Ziegler-Nichols,495.0,22.47732766493213,22.63679220843055,23.8,37.787720517980425,1650.0,0.0,0.0,1.5,0.08,0.0,0
Ziegler-Nichols,496.0,22.473553973782185,22.580368698329217,23.8,37.78207430239727,1650.0,0.0,0.0,1.5,0.08,0.0,0
Ziegler-Nichols,497.0,22.485124575831595,22.548315760806574,23.8,37.77635608157114,1650.0,0.0,0.0,1.5,0.08,0.0,0
Ziegler-Nichols,498.0,22.50940852578126,22.51279826612154,23.8,37.770565964368714,1650.0,0.0,0.0,1.5,0.08,0.0,0
Ziegler-Nichols,499.0,22.54421372356137,22.54436417513467,23.8,37.76470406102548,1650.0,0.0,0.0,1.5,0.08,0.0,0
Ziegler-Nichols,500.0,22.587713771665282,22.55676913810744,23.8,37.758770483143635,1650.0,0.0,0.0,1.5,0.08,0.0,0
Ziegler-Nichols,501.0,22.638387022937398,22.552367000029815,23.8,37.75276534368994,1650.0,0.0,0.0,1.5,0.08,0.0,0
Ziegler-Nichols,502.0,22.694965787072615,22.569058488207276,23.8,37.74668875699359,1650.0,0.0,0.0,1.5,0.08,0.0,0
Ziegler-Nichols,503.0,22.756394002708735,22.652593918536965,23.8,37.740540838744046,1650.0,0.0,0.0,1.5,0.08,0.0,0
Ziegler-Nichols,504.0,22.82179196417961,22.67953679767843,23.8,37.734321705988805,1650.0,0.0,0.0,1.5,0.08,0.0,0
Ziegler-Nichols,505.0,22.890426927152202,22.722405502053995,23.8,37.728031477131196,1650.0,0.0,0.0,1.5,0.08,0.0,0
Ziegler-Nichols,506.0,22.96168861333348,22.79928566894905,23.8,37.7216702719281,1650.0,0.0,0.0,1.5,0.08,0.0,0
Ziegler-Nichols,507.0,23.035068797735523,22.892867876002928,23.8,37.715238211487694,1650.0,0.0,0.0,1.5,0.08,0.0,0
Ziegler-Nichols,508.0,23.110144298072385,22.937022095224627,23.8,37.70873541826715,1650.0,0.0,0.0,1.5,0.08,0.0,0
Ziegler-Nichols,509.0,23.18656279926669,22.97933043463374,23.8,37.70216201607027,1650.0,0.0,0.0,1.5,0.08,0.0,0
Ziegler-Nichols,510.0,23.264031040547668,23.060158003409015,23.8,37.695518130045144,1650.0,0.0,0.0,1.5,0.08,0.0,0
Ziegler-Nichols,511.0,23.342304971375317,23.132675634752292,23.8,37.688803886681804,1650.0,0.0,0.0,1.5,0.08,0.0,0
Ziegler-Nichols,512.0,23.421181548052953,23.21200503418628,23.8,37.68201941380976,1650.0,0.0,0.0,1.5,0.08,0.0,0
Ziegler-Nichols,513.0,23.500491897580044,23.292442423909435,23.8,37.67516484059559,1650.0,0.0,0.0,1.5,0.08,0.0,0
Ziegler-Nichols,514.0,23.580095620871912,23.377244518735292,23.8,37.66824029754049,1650.0,0.0,0.0,1.5,0.08,0.0,0
Ziegler-Nichols,515.0,23.659876045451753,23.44510347506736,23.8,37.66124591647779,1650.0,0.0,0.0,1.5,0.08,0.0,0
Ziegler-Nichols,516.0,23.739736269369555,23.517840095579253,23.8,37.6541818305704,1650.0,0.0,5.767307616323075,1.5,0.08,0.0,0
Ziegler-Nichols,517.0,23.819595864476728,23.581627297916146,23.8,37.64704817430835,1650.0,25.0,13.588406350186261,1.5,0.08,0.0,0
Ziegler-Nichols,518.0,23.89938812916377,23.638099484253633,23.8,37.639845083506174,1650.0,25.0,20.764030174838382,1.5,0.08,0.0,0
Ziegler-Nichols,519.0,23.979057798983746,23.741632604910425,23.8,37.632572695300325,1650.0,30.0,35.82705911264054,1.5,0.08,0.0,0
Ziegler-Nichols,520.0,24.058559138847237,23.809905639202952,23.8,37.6252311481466,1650.0,35.0,46.14725937014328,1.5,0.08,0.0,0
Ziegler-Nichols,521.0,24.137854353193486,23.906871677674324,23.8,37.61782058181747,1650.0,40.0,61.547138562243674,1.5,0.08,0.0,0
Ziegler-Nichols,522.0,24.216912261141626,23.97883955904104,23.8,37.610341137399445,1650.0,45.0,73.77303723957958,1.5,0.08,0.0,0
Ziegler-Nichols,523.0,24.29570719245864,24.03472215839976,23.8,37.602792957290355,1650.0,50.0,84.03320441058533,1.5,0.08,0.0,0
Ziegler-Nichols,524.0,24.37421806754118,24.11340235248409,23.8,37.59517618519667,1650.0,55.00000000000001,98.34245234310771,1.5,0.08,0.0,0
Ziegler-Nichols,525.0,24.444672528701446,24.233962441918692,23.8,37.58749096613075,1650.0,60.0,100.0,1.5,0.08,0.0,0
Ziegler-Nichols,526.0,24.50838632825409,24.295597242081676,23.8,37.5797374464081,1650.0,65.0,100.0,1.5,0.08,0.0,0
Ziegler-Nichols,527.0,24.564905023042893,24.34779511432561,23.8,37.57191577364455,1650.0,70.0,100.0,1.5,0.08,0.0,0
Ziegler-Nichols,528.0,24.613857488038455,24.423273513260078,23.8,37.56402609675347,1650.0,75.0,100.0,1.5,0.08,0.0,0
Ziegler-Nichols,529.0,24.654941991303595,24.462145420027174,23.8,37.556068565942944,1650.0,80.0,100.0,1.5,0.08,0.0,0
Ziegler-Nichols,530.0,24.6879145899966,24.523728941128674,23.8,37.548043332712886,1650.0,85.0,100.0,1.5,0.08,0.0,0
Ziegler-Nichols,531.0,24.71257946057166,24.560817931751924,23.8,37.539950549852165,1650.0,90.0,100.0,1.5,0.08,0.0,0
Ziegler-Nichols,532.0,24.7287808408093,24.58863960134954,23.8,37.531790371435704,1650.0,95.0,100.0,1.5,0.08,0.0,0
Ziegler-Nichols,533.0,24.736396315037407,24.6298563783491,23.8,37.52356295282154,1650.0,100.0,100.0,1.5,0.08,0.0,0
Ziegler-Nichols,534.0,24.735331218676823,24.613706853211415,23.8,37.51526845064786,1650.0,100.0,100.0,1.5,0.08,0.0,0
Ziegler-Nichols,535.0,24.725513975556353,24.642586639801582,23.8,37.506907022830035,1650.0,100.0,100.0,1.5,0.08,0.0,0
Ziegler-Nichols,536.0,24.70689221253466,24.66654120843887,23.8,37.49847882855758,1650.0,100.0,100.0,1.5,0.08,0.0,0
Ziegler-Nichols,537.0,24.67942952187688,24.66843590372836,23.8,37.48998402829119,1650.0,100.0,100.0,1.5,0.08,0.0,0
Ziegler-Nichols,538.0,24.643102763425883,24.673875275360405,23.8,37.4814227837596,1650.0,100.0,100.0,1.5,0.08,0.0,0
Ziegler-Nichols,539.0,24.59789981660141,24.68462691168721,23.8,37.47279525795657,1650.0,100.0,100.0,1.5,0.08,0.0,0
Ziegler-Nichols,540.0,24.54381770725479,24.651464292415177,23.8,37.46410161513776,1650.0,100.0,100.0,1.5,0.08,0.0,0
Ziegler-Nichols,541.0,24.48086104690237,24.626670535257073,23.8,37.45534202081758,1650.0,100.0,100.0,1.5,0.08,0.0,0
Ziegler-Nichols,542.0,24.4105917526817,24.592059696775035,23.8,37.4465166417661,1650.0,100.0,100.0,1.5,0.08,0.0,0
Ziegler-Nichols,543.0,24.334310978841042,24.572151895905762,23.8,37.43762564600581,1650.0,100.0,100.0,1.5,0.08,0.0,0
Ziegler-Nichols,544.0,24.25310257953486,24.473559256882854,23.8,37.42866920280845,1650.0,100.0,100.0,1.5,0.08,0.0,0
Ziegler-Nichols,545.0,24.167869327808607,24.440974815919716,23.8,37.419647482691786,1650.0,100.0,100.0,1.5,0.08,0.0,0
Ziegler-Nichols,546.0,24.079363098074598,24.351385966500725,23.8,37.41056065741637,1650.0,100.0,100.0,1.5,0.08,0.0,0
Ziegler-Nichols,547.0,23.98821001816391,24.253609594361254,23.8,37.40140889998225,1650.0,100.0,100.0,1.5,0.08,0.0,0
Ziegler-Nichols,548.0,23.89493142935832,24.179593707738114,23.8,37.3921923846257,1650.0,100.0,100.0,1.5,0.08,0.0,0
Ziegler-Nichols,549.0,23.799961353072316,24.099555596311927,23.8,37.38291128681589,1650.0,99.0,98.66188368777851,1.5,0.08,0.0,0
Ziegler-Nichols,550.0,23.703661046410296,24.00831030146968,23.8,37.37356578325154,1650.0,94.0,86.64157187319913,1.5,0.08,0.0,0
Ziegler-Nichols,551.0,23.606331131786394,23.897386145901006,23.8,37.36415605185757,1650.0,89.0,70.7820377051059,1.5,0.08,0.0,0
Ziegler-Nichols,552.0,23.508221704929944,23.79044162741851,23.8,37.3546822717817,1650.0,84.0,54.66389295207952,1.5,0.08,0.0,0
Ziegler-Nichols,553.0,23.409540758212348,23.73008737863837,23.8,37.345144623391036,1650.0,79.0,45.05145466416549,1.5,0.08,0.0,0
Ziegler-Nichols,554.0,23.310461200075167,23.61475283763266,23.8,37.335543288268674,1650.0,74.0,26.269296214370495,1.5,0.08,0.0,0
Ziegler-Nichols,555.0,23.211126704542615,23.529263399744416,23.8,37.32587844921018,1650.0,0.0,11.27998772908898,1.5,0.08,0.0,0
Ziegler-Nichols,556.0,23.111656585804457,23.45870119881673,23.8,37.316150290220165,1650.0,0.0,0.695657589936105,1.5,0.08,0.0,0
Ziegler-Nichols,557.0,23.012460064439253,23.330032756291665,23.8,37.306358996508756,1650.0,0.0,0.0,1.5,0.08,0.0,0
Ziegler-Nichols,558.0,22.91511707185088,23.19764172974328,23.8,37.29650475448806,1650.0,0.0,0.0,1.5,0.08,0.0,0
Ziegler-Nichols,559.0,22.82093635630088,23.124482555193282,23.8,37.28658775176866,1650.0,0.0,0.0,1.5,0.08,0.0,0
Ziegler-Nichols,560.0,22.7310007203145,23.063361293669544,23.8,37.276608177155964,1650.0,0.0,0.0,1.5,0.08,0.0,0
Ziegler-Nichols,561.0,22.646204718313193,22.94878515404349,23.8,37.266566220646716,1650.0,0.0,0.0,1.5,0.08,0.0,0
Ziegler-Nichols,562.0,22.567286071103585,22.865839006710562,23.8,37.256462073425276,1650.0,0.0,0.0,1.5,0.08,0.0,0
Ziegler-Nichols,563.0,22.516255926047197,22.77935803836907,23.8,37.24629592786005,1650.0,0.0,0.0,1.5,0.08,0.0,0
Ziegler-Nichols,564.0,22.488391177451977,22.693062426768712,23.8,37.236067977499786,1650.0,0.0,0.0,1.5,0.08,0.0,0
Ziegler-Nichols,565.0,22.479756268093055,22.63520845492915,23.8,37.22577841706993,1650.0,0.0,0.0,1.5,0.08,0.0,0
Ziegler-Nichols,566.0,22.487071929316215,22.586896672425645,23.8,37.21542744246887,1650.0,0.0,0.0,1.5,0.08,0.0,0
Ziegler-Nichols,567.0,22.50760579780046,22.55268823404337,23.8,37.20501525076424,1650.0,0.0,0.0,1.5,0.08,0.0,0
Ziegler-Nichols,568.0,22.53908126286981,22.544999163020517,23.8,37.19454204018917,1650.0,0.0,0.0,1.5,0.08,0.0,0
Ziegler-Nichols,569.0,22.579601505929418,22.554914405451907,23.8,37.18400801013849,1650.0,0.0,0.0,1.5,0.08,0.0,0
Ziegler-Nichols,570.0,22.600647424494984,22.553346331197453,23.8,37.17341336116494,550.0,0.0,0.0,1.5,0.08,0.0,0
Ziegler-Nichols,571.0,22.62797079721102,22.58563951501749,23.8,37.162758294975376,550.0,0.0,0.0,1.5,0.08,0.0,0
Ziegler-Nichols,572.0,22.660474158918586,22.5856849205325,23.8,37.15204301442689,550.0,0.0,0.0,1.5,0.08,0.0,0
Ziegler-Nichols,573.0,22.69724319827757,22.620902953295086,23.8,37.14126772352298,550.0,0.0,0.0,1.5,0.08,0.0,0
Ziegler-Nichols,574.0,22.737516230936144,22.62166455543661,23.8,37.130432627409654,550.0,0.0,0.0,1.5,0.08,0.0,0
Ziegler-Nichols,575.0,22.780658760511805,22.6538726485431,23.8,37.11953793237153,550.0,0.0,0.0,1.5,0.08,0.0,0
Ziegler-Nichols,576.0,22.82614227941534,22.703463170287616,23.8,37.10858384582789,550.0,0.0,0.0,1.5,0.08,0.0,0
Ziegler-Nichols,577.0,22.87352660287724,22.73925279924407,23.8,37.09757057632874,550.0,0.0,0.0,1.5,0.08,0.0,0
Ziegler-Nichols,578.0,22.922445147309435,22.787207492515623,23.8,37.08649833355088,550.0,0.0,0.0,1.5,0.08,0.0,0
Ziegler-Nichols,579.0,22.972592662279745,22.815542578082386,23.8,37.07536732829384,550.0,0.0,0.0,1.5,0.08,0.0,0
Ziegler-Nichols,580.0,23.023715007163585,22.890358686691297,23.8,37.064177772475915,550.0,0.0,0.0,1.5,0.08,0.0,0
Ziegler-Nichols,581.0,23.075600631693344,22.94414217900975,23.8,37.05292987913012,550.0,0.0,0.0,1.5,0.08,0.0,0
Ziegler-Nichols,582.0,23.12807347642244,22.964465862554487,23.8,37.04162386240012,550.0,0.0,0.0,1.5,0.08,0.0,0
Ziegler-Nichols,583.0,23.1809870564516,23.03094823768495,23.8,37.0302599375362,550.0,0.0,0.0,1.5,0.08,0.0,0
Ziegler-Nichols,584.0,23.23421953120694,23.047200998232146,23.8,37.01883832089109,550.0,0.0,0.0,1.5,0.08,0.0,0
Ziegler-Nichols,585.0,23.28766959592786,23.09956947355844,23.8,37.007359229915906,550.0,0.0,0.0,1.5,0.08,0.0,0
Ziegler-Nichols,586.0,23.34125305791307,23.146221672072848,23.8,36.99582288315601,550.0,0.0,0.0,1.5,0.08,0.0,0
Ziegler-Nichols,587.0,23.394899983398382,23.20296841386149,23.8,36.9842295002468,550.0,0.0,0.0,1.5,0.08,0.0,0
Ziegler-Nichols,588.0,23.4485523199609,23.261851127043514,23.8,36.972579301909576,550.0,0.0,0.0,1.5,0.08,0.0,0
Ziegler-Nichols,589.0,23.50216191519523,23.308557805964224,23.8,36.96087250994733,550.0,0.0,0.0,1.5,0.08,0.0,0
Ziegler-Nichols,590.0,23.555688865616315,23.36947651547589,23.8,36.949109347240494,550.0,0.0,0.0,1.5,0.08,0.0,0
Ziegler-Nichols,591.0,23.60910014075106,23.42706330061635,23.8,36.93729003774274,550.0,0.0,0.0,1.5,0.08,0.0,0
Ziegler-Nichols,592.0,23.662368436554,23.510848218604206,23.8,36.92541480647668,550.0,0.0,6.204496306891189,1.5,0.08,0.0,0
Ziegler-Nichols,593.0,23.715471219926208,23.5627662525461,23.8,36.9134838795296,550.0,0.0,12.094331418544273,1.5,0.08,0.0,0
Ziegler-Nichols,594.0,23.768389932486937,23.603003507257885,23.8,36.90149748404915,550.0,25.0,16.553947683374876,1.5,0.08,0.0,0
Ziegler-Nichols,595.0,23.821109327055837,23.674631643569665,23.8,36.889455848239024,550.0,26.0,26.295221278699206,1.5,0.08,0.0,0
Ziegler-Nichols,596.0,23.87361691472725,23.744157746323335,23.8,36.87735920135461,550.0,31.0,36.27739866233641,1.5,0.08,0.0,0
Ziegler-Nichols,597.0,23.925902504104577,23.790045442626653,23.8,36.865207773698614,550.0,36.0,43.08091664884728,1.5,0.08,0.0,0
Ziegler-Nichols,598.0,23.977957817334655,23.82094868569096,23.8,36.853001796616724,550.0,41.0,47.88399259402125,1.5,0.08,0.0,0
Ziegler-Nichols,599.0,24.029776170142117,23.87683251594969,23.8,36.840741502493145,550.0,46.0,56.881227260428126,1.5,0.08,0.0,0
Ziegler-Nichols,600.0,24.08135220519705,23.941976669820637,23.8,36.82842712474619,550.0,51.0,67.78866369963515,1.5,0.08,0.0,0
Ziegler-Nichols,601.0,24.13268166992701,23.97626586869988,23.8,36.81605889782387,550.0,56.00000000000001,74.34217048112063,1.5,0.08,0.0,0
Ziegler-Nichols,602.0,24.176006129325188,24.02948676294943,23.8,36.8036370571994,550.0,61.0,84.16119872214838,1.5,0.08,0.0,0
Ziegler-Nichols,603.0,24.212342634554734,24.078802427997417,23.8,36.79116183936672,550.0,66.0,93.78896790332594,1.5,0.08,0.0,0
Ziegler-Nichols,604.0,24.241299422384046,24.114174994757988,23.8,36.77863348183599,550.0,71.0,99.09485291741167,1.5,0.08,0.0,0
Ziegler-Nichols,605.0,24.262557495199633,24.134534049935493,23.8,36.76605222312908,550.0,76.0,100.0,1.5,0.08,0.0,0
Ziegler-Nichols,606.0,24.275858455294312,24.21591018675667,23.8,36.75341830277502,550.0,81.0,100.0,1.5,0.08,0.0,0
Ziegler-Nichols,607.0,24.280994366969757,24.253794535093117,23.8,36.740731961305436,550.0,86.0,100.0,1.5,0.08,0.0,0
Ziegler-Nichols,608.0,24.2777993084834,24.24226151700135,23.8,36.727993440249996,550.0,91.0,100.0,1.5,0.08,0.0,0
Ziegler-Nichols,609.0,24.266142332197887,24.254632167528705,23.8,36.715202982131764,550.0,96.0,100.0,1.5,0.08,0.0,0
Ziegler-Nichols,610.0,24.245921598231746,24.24263349129435,23.8,36.70236083046264,550.0,100.0,100.0,1.5,0.08,0.0,0
Ziegler-Nichols,611.0,24.21705948602666,24.233594204170636,23.8,36.689467229738675,550.0,100.0,100.0,1.5,0.08,0.0,0
Ziegler-Nichols,612.0,24.17949852084433,24.263121622225924,23.8,36.67652242543544,550.0,100.0,100.0,1.5,0.08,0.0,0
Ziegler-Nichols,613.0,24.133197979370312,24.25018343552932,23.8,36.663526664003335,550.0,100.0,100.0,1.5,0.08,0.0,0
Ziegler-Nichols,614.0,24.078131061239354,24.214458921971946,23.8,36.65048019286295,550.0,100.0,100.0,1.5,0.08,0.0,0
Ziegler-Nichols,615.0,24.014282532161044,24.17212914370877,23.8,36.63738326040028,550.0,100.0,100.0,1.5,0.08,0.0,0
Ziegler-Nichols,616.0,23.94164676004472,24.10523931429054,23.8,36.62423611596203,550.0,98.0,97.75450084729435,1.5,0.08,0.0,0
Ziegler-Nichols,617.0,23.860226078622826,24.055036525683395,23.8,36.61103900985089,550.0,93.0,92.26437476168982,1.5,0.08,0.0,0
Ziegler-Nichols,618.0,23.770339628070303,23.975618629466588,23.8,36.597792193320736,550.0,88.0,81.7566393649015,1.5,0.08,0.0,0
Ziegler-Nichols,619.0,23.673499638299333,23.896133945182576,23.8,36.584495918571854,550.0,83.0,70.60300828376037,1.5,0.08,0.0,0
Ziegler-Nichols,620.0,23.57096576756731,23.84929307850483,23.8,36.57115043874616,550.0,78.0,63.971222910136824,1.5,0.08,0.0,0
Ziegler-Nichols,621.0,23.463787200555313,23.736154635022224,23.8,36.557756007922336,550.0,73.0,46.48969346792392,1.5,0.08,0.0,0
Ziegler-Nichols,622.0,23.352837730086108,23.650057296920924,23.8,36.544312881111054,550.0,68.0,32.37555112809625,1.5,0.08,0.0,0
Ziegler-Nichols,623.0,23.23884499187515,23.559238407439032,23.8,36.53082131425006,550.0,63.0,16.82662496532481,1.5,0.08,0.0,0
Ziegler-Nichols,624.0,23.123035234972434,23.520886124299814,23.8,36.51728156419935,550.0,0.0,8.840871488840541,1.5,0.08,0.0,0
Ziegler-Nichols,625.0,23.007357441897785,23.400538834513505,23.8,36.50369388873624,550.0,0.0,0.0,1.5,0.08,0.0,0
Ziegler-Nichols,626.0,22.893427802091637,23.284414302570536,23.8,36.49005854655048,550.0,0.0,0.0,1.5,0.08,0.0,0
Ziegler-Nichols,627.0,22.782585218187013,23.165402883547824,23.8,36.476375797239335,550.0,0.0,0.0,1.5,0.08,0.0,0
Ziegler-Nichols,628.0,22.675937561027485,23.05119467892029,23.8,36.462645901302636,550.0,0.0,0.0,1.5,0.08,0.0,0
Ziegler-Nichols,629.0,22.57440021530784,22.93402894963503,23.8,36.4488691201378,550.0,0.0,0.0,1.5,0.08,0.0,0
Ziegler-Nichols,630.0,22.47872820073472,22.79491281364367,23.8,36.435045716034885,550.0,0.0,0.0,1.5,0.08,0.0,0
Ziegler-Nichols,631.0,22.38954293945498,22.693450162053075,23.8,36.42117595217158,550.0,0.0,0.0,1.5,0.08,0.0,0
Ziegler-Nichols,632.0,22.325346398776222,22.606995138779716,23.8,36.40726009260819,550.0,0.0,0.0,1.5,0.08,0.0,0
Ziegler-Nichols,633.0,22.281919796299647,22.487814136117635,23.8,36.39329840228264,550.0,0.0,0.0,1.5,0.08,0.0,0
Ziegler-Nichols,634.0,22.255747740993638,22.399707411928823,23.8,36.37929114700537,550.0,0.0,0.0,1.5,0.08,0.0,0
Ziegler-Nichols,635.0,22.24390100003304,22.35970571310995,23.8,36.36523859345433,550.0,0.0,0.0,1.5,0.08,0.0,0
Ziegler-Nichols,636.0,22.243938804505333,22.303724339354094,23.8,36.35114100916989,550.0,0.0,0.0,1.5,0.08,0.0,0
Ziegler-Nichols,637.0,22.25382743750585,22.31477007158858,23.8,36.33699866254974,550.0,0.0,0.0,1.5,0.08,0.0,0
Ziegler-Nichols,638.0,22.271872390890547,22.293714004378877,23.8,36.32281182284376,550.0,0.0,0.0,1.5,0.08,0.0,0
Ziegler-Nichols,639.0,22.29666182924327,22.29088361629861,23.8,36.308580760148935,550.0,0.0,0.0,1.5,0.08,0.0,0
Ziegler-Nichols,640.0,22.327019476521837,22.284478852729297,23.8,36.29430574540419,550.0,0.0,0.0,1.5,0.08,0.0,0
Ziegler-Nichols,641.0,22.361965354936352,22.27506795352311,23.8,36.27998705038521,550.0,0.0,0.0,1.5,0.08,0.0,0
Ziegler-Nichols,642.0,22.40068306735438,22.28227608247028,23.8,36.26562494769933,550.0,0.0,0.0,1.5,0.08,0.0,0
Ziegler-Nichols,643.0,22.442492532645126,22.287747517728608,23.8,36.251219710780276,550.0,0.0,0.0,1.5,0.08,0.0,0
Ziegler-Nichols,644.0,22.486827265139443,22.331490901134575,23.8,36.236771613882986,550.0,0.0,0.0,1.5,0.08,0.0,0
Ziegler-Nichols,645.0,22.533215440852935,22.37972478254563,23.8,36.22228093207841,550.0,0.0,0.0,1.5,0.08,0.0,0
Ziegler-Nichols,646.0,22.58126411934501,22.44873132936494,23.8,36.20774794124823,550.0,0.0,0.0,1.5,0.08,0.0,0
Ziegler-Nichols,647.0,22.630646095274475,22.49886929343092,23.8,36.193172918079654,550.0,0.0,0.0,1.5,0.08,0.0,0
Ziegler-Nichols,648.0,22.681088941368895,22.533525586099522,23.8,36.17855614006011,550.0,0.0,0.0,1.5,0.08,0.0,0
Ziegler-Nichols,649.0,22.732365877572057,22.56141043180526,23.8,36.163897885471975,550.0,0.0,0.0,1.5,0.08,0.0,0
Ziegler-Nichols,650.0,22.784288162006504,22.629991735498013,23.8,36.1491984333873,550.0,0.0,0.0,1.5,0.08,0.0,0
Ziegler-Nichols,651.0,22.836698750115207,22.68427767406635,23.8,36.13445806366245,550.0,0.0,0.0,1.5,0.08,0.0,0
Ziegler-Nichols,652.0,22.889467010619228,22.73120221935924,23.8,36.11967705693282,550.0,0.0,0.0,1.5,0.08,0.0,0
Ziegler-Nichols,653.0,22.942484322155266,22.78284129951822,23.8,36.10485569460748,550.0,0.0,0.0,1.5,0.08,0.0,0
Ziegler-Nichols,654.0,22.995660403813137,22.848317757474906,23.8,36.0899942588638,550.0,0.0,0.0,1.5,0.08,0.0,0
Ziegler-Nichols,655.0,23.04892025725645,22.892887463175626,23.8,36.07509303264209,550.0,0.0,0.0,1.5,0.08,0.0,0
Ziegler-Nichols,656.0,23.102201618495954,22.926621115297582,23.8,36.060152299640215,550.0,0.0,0.0,1.5,0.08,0.0,0
Ziegler-Nichols,657.0,23.15545283437336,22.969172260514163,23.8,36.045172344308206,550.0,0.0,0.0,1.5,0.08,0.0,0
Ziegler-Nichols,658.0,23.208631092970588,23.02112999210591,23.8,36.030153451842814,550.0,0.0,0.0,1.5,0.08,0.0,0
Ziegler-Nichols,659.0,23.261700948956793,23.088134571241625,23.8,36.015095908182104,550.0,0.0,0.0,1.5,0.08,0.0,0
Ziegler-Nichols,660.0,23.31463309471685,23.144958392828197,23.8,36.0,550.0,0.0,0.0,1.5,0.08,0.0,0
Ziegler-Nichols,661.0,23.367403336297695,23.21988907732778,23.8,35.984866014700835,550.0,0.0,0.0,1.5,0.08,0.0,0
Ziegler-Nichols,662.0,23.419991740036185,23.272795899631543,23.8,35.96969424041387,550.0,0.0,0.0,1.5,0.08,0.0,0
Ziegler-Nichols,663.0,23.472381921421505,23.31273510777285,23.8,35.95448496598782,550.0,0.0,0.0,1.5,0.08,0.0,0
Ziegler-Nichols,664.0,23.524560452486362,23.347886198534873,23.8,35.939238480985345,550.0,0.0,0.0,1.5,0.08,0.0,0
Ziegler-Nichols,665.0,23.57651636797211,23.408944635560616,23.8,35.92395507567755,550.0,0.0,0.0,1.5,0.08,0.0,0
Ziegler-Nichols,666.0,23.628240753805468,23.450893034169344,23.8,35.90863504103844,550.0,0.0,0.0,1.5,0.08,0.0,0
Ziegler-Nichols,667.0,23.679726404168196,23.519607023476528,23.8,35.89327866873937,550.0,0.0,6.405862553159864,1.5,0.08,0.0,0
Ziegler-Nichols,668.0,23.730967535727544,23.574009082964505,23.8,35.877886251143565,550.0,25.0,12.758244140072422,1.5,0.08,0.0,0
Ziegler-Nichols,669.0,23.781959549500627,23.622825122391397,23.8,35.862458081300446,550.0,25.0,18.66325103323745,1.5,0.08,0.0,0
Ziegler-Nichols,670.0,23.832698832413747,23.661536837138236,23.8,35.84699445294014,550.0,25.0,23.36230294236915,1.5,0.08,0.0,0
Ziegler-Nichols,671.0,23.88318259194077,23.721702585857837,23.8,35.83149566046783,550.0,30.0,31.76078593717206,1.5,0.08,0.0,0
Ziegler-Nichols,672.0,23.93340871830735,23.777444178125624,23.8,35.81596199895819,550.0,35.0,39.94157820234497,1.5,0.08,0.0,0
Ziegler-Nichols,673.0,23.98337566966672,23.85549807188254,23.8,35.80039376414974,550.0,40.0,52.09364684094271,1.5,0.08,0.0,0
Ziegler-Nichols,674.0,24.03308237641834,23.908073880452825,23.8,35.784791252439234,550.0,45.0,60.84460917010812,1.5,0.08,0.0,0
Ziegler-Nichols,675.0,24.082528161478947,23.92442939604656,23.8,35.769154760876006,550.0,50.0,64.29337167754066,1.5,0.08,0.0,0
Ziegler-Nichols,676.0,24.123957571806447,23.980405623221273,23.8,35.75348458715631,550.0,55.00000000000001,74.13305073951794,1.5,0.08,0.0,0
Ziegler-Nichols,677.0,24.158700350015465,23.98747586356836,23.8,35.73778102961767,550.0,60.0,76.69339370012781,1.5,0.08,0.0,0
Ziegler-Nichols,678.0,24.187864635583082,24.013941834494258,23.8,35.72204438723318,550.0,65.0,82.37482401496656,1.5,0.08,0.0,0
Ziegler-Nichols,679.0,24.210822878274712,24.072742317385636,23.8,35.706274959605835,550.0,70.0,93.37683498775837,1.5,0.08,0.0,0
Ziegler-Nichols,680.0,24.227059601325877,24.126398671780155,23.8,35.69047304696279,550.0,75.0,100.0,1.5,0.08,0.0,0
Ziegler-Nichols,681.0,24.236152684391403,24.175351226380982,23.8,35.67463895014971,550.0,80.0,100.0,1.5,0.08,0.0,0
Ziegler-Nichols,682.0,24.237757766198857,24.196004416801237,23.8,35.65877297062496,550.0,85.0,100.0,1.5,0.08,0.0,0
Ziegler-Nichols,683.0,24.23159524695455,24.17619168559714,23.8,35.64287541045391,550.0,90.0,100.0,1.5,0.08,0.0,0
Ziegler-Nichols,684.0,24.21743945720899,24.184167923956608,23.8,35.626946572303204,550.0,95.0,100.0,1.5,0.08,0.0,0
Ziegler-Nichols,685.0,24.195109632104206,24.197506214779786,23.8,35.61098675943495,550.0,100.0,100.0,1.5,0.08,0.0,0
Ziegler-Nichols,686.0,24.164462390105022,24.19054609814216,23.8,35.594996275700986,550.0,100.0,100.0,1.5,0.08,0.0,0
Ziegler-Nichols,687.0,24.125385465465914,24.1724133457462,23.8,35.57897542553707,550.0,100.0,100.0,1.5,0.08,0.0,0
Ziegler-Nichols,688.0,24.07779248547656,24.159377028822135,23.8,35.56292451395709,550.0,100.0,100.0,1.5,0.08,0.0,0
Ziegler-Nichols,689.0,24.02161861835534,24.117444018015203,23.8,35.54684384654728,550.0,100.0,100.0,1.5,0.08,0.0,0
Ziegler-Nichols,690.0,23.956816946681812,24.097211478251126,23.8,35.53073372946036,550.0,99.0,99.42490094359083,1.5,0.08,0.0,0
Ziegler-Nichols,691.0,23.883355445444018,24.069733607783675,23.8,35.51459446940973,550.0,97.0,97.46108923574268,1.5,0.08,0.0,0
Ziegler-Nichols,692.0,23.801214463930567,24.02293095395223,23.8,35.49842637366365,550.0,92.0,92.22413879264369,1.5,0.08,0.0,0
Ziegler-Nichols,693.0,23.710384627492353,23.936807080257918,23.8,35.482229750039345,550.0,87.0,80.4000143805602,1.5,0.08,0.0,0
Ziegler-Nichols,694.0,23.612416109602908,23.863587819063863,23.8,35.46600490689719,550.0,82.0,69.92582775396288,1.5,0.08,0.0,0
Ziegler-Nichols,695.0,23.508600190098566,23.779701791624234,23.8,35.4497521531348,550.0,77.0,57.1805379710124,1.5,0.08,0.0,0
Ziegler-Nichols,696.0,23.400012406930102,23.680850262463167,23.8,35.4334717981812,550.0,72.0,41.39961069655772,1.5,0.08,0.0,0
Ziegler-Nichols,697.0,23.28754851594155,23.59321785252277,23.8,35.41716415199086,550.0,67.0,26.60049202568028,1.5,0.08,0.0,0
Ziegler-Nichols,698.0,23.172264661419998,23.49999698532895,23.8,35.40082952503787,550.0,0.0,10.217337829238671,1.5,0.08,0.0,0
Ziegler-Nichols,699.0,23.055349155222714,23.393714682586136,23.8,35.38446822830997,550.0,0.0,0.0,1.5,0.08,0.0,0
Ziegler-Nichols,700.0,22.9387193751558,23.270247289853533,23.8,35.36808057330268,550.0,0.0,0.0,1.5,0.08,0.0,0
Ziegler-Nichols,701.0,22.82396518298133,23.13979715538656,23.8,35.35166687201331,550.0,0.0,0.0,1.5,0.08,0.0,0
Ziegler-Nichols,702.0,22.71240355115304,23.029556496082026,23.8,35.335227436935085,550.0,0.0,0.0,1.5,0.08,0.0,0
Ziegler-Nichols,703.0,22.605124084887397,22.909956486751256,23.8,35.318762581051146,550.0,0.0,0.0,1.5,0.08,0.0,0
Ziegler-Nichols,704.0,22.503026957015212,22.816484847824103,23.8,35.30227261782863,550.0,0.0,0.0,1.5,0.08,0.0,0
Ziegler-Nichols,705.0,22.406854520151487,22.689218748346565,23.8,35.285757861212645,550.0,0.0,0.0,1.5,0.08,0.0,0
Ziegler-Nichols,706.0,22.336450303026016,22.57307190867343,23.8,35.26921862562037,550.0,0.0,0.0,1.5,0.08,0.0,0
Ziegler-Nichols,707.0,22.287466675702515,22.47648645901003,23.8,35.252655225935,550.0,0.0,0.0,1.5,0.08,0.0,0
Ziegler-Nichols,708.0,22.25628087474648,22.414327074614356,23.8,35.236067977499786,550.0,0.0,0.0,1.5,0.08,0.0,0
Ziegler-Nichols,709.0,22.23987419089018,22.34989882832004,23.8,35.219457196112046,550.0,0.0,0.0,1.5,0.08,0.0,0
Ziegler-Nichols,710.0,22.235731292093423,22.298231644352168,23.8,35.20282319801709,550.0,0.0,0.0,1.5,0.08,0.0,0
Ziegler-Nichols,711.0,22.241756326100745,22.25271887552674,23.8,35.18616629990228,550.0,0.0,0.0,1.5,0.08,0.0,0
Ziegler-Nichols,712.0,22.25620300591227,22.30211498756858,23.8,35.169486818890945,550.0,0.0,0.0,1.5,0.08,0.0,0
Ziegler-Nichols,713.0,22.27761634768257,22.265947605627627,23.8,35.15278507253636,550.0,0.0,0.0,1.5,0.08,0.0,0
Ziegler-Nichols,714.0,22.30478411897619,22.26209294266203,23.8,35.13606137881569,550.0,0.0,0.0,1.5,0.08,0.0,0
Ziegler-Nichols,715.0,22.336696378986982,22.2464476903586,23.8,35.11931605612397,550.0,0.0,0.0,1.5,0.08,0.0,0
Ziegler-Nichols,716.0,22.372511762060622,22.265707576133874,23.8,35.102549423267995,550.0,0.0,0.0,1.5,0.08,0.0,0
Ziegler-Nichols,717.0,22.411529380636377,22.29924720955087,23.8,35.0857617994603,550.0,0.0,0.0,1.5,0.08,0.0,0
Ziegler-Nichols,718.0,22.453165411038235,22.34912207422444,23.8,35.06895350431303,550.0,0.0,0.0,1.5,0.08,0.0,0
Ziegler-Nichols,719.0,22.496933581640462,22.384784401727444,23.8,35.0521248578319,550.0,0.0,0.0,1.5,0.08,0.0,0
Ziegler-Nichols,720.0,22.54242891301182,22.398239368945887,23.8,35.03527618041008,550.0,0.0,0.0,1.5,0.08,0.0,0
IMC PI,0.0,28.526330420675666,28.50054590160386,24.5,32.96472381958992,550.0,30.0,100.0,0.45082372176592334,0.0030765184860944996,0.0,0
IMC PI,1.0,28.5525626650239,28.50315598837741,24.5,32.98159220717789,550.0,35.0,100.0,0.45082372176592334,0.0030765184860944996,0.0,0
IMC PI,2.0,28.578697285727706,28.541479202913607,24.5,32.99847998378223,550.0,40.0,100.0,0.45082372176592334,0.0030765184860944996,0.0,0
IMC PI,3.0,28.60473483208834,28.526406095042564,24.5,33.01538682788403,550.0,45.0,100.0,0.45082372176592334,0.0030765184860944996,0.0,0
IMC PI,4.0,28.63067585004166,28.527773548921083,24.5,33.03231241760133,550.0,50.0,100.0,0.45082372176592334,0.0030765184860944996,0.0,0
IMC PI,5.0,28.656520882174426,28.566441388939126,24.5,33.04925643069531,550.0,55.00000000000001,100.0,0.45082372176592334,0.0030765184860944996,0.0,0
IMC PI,6.0,28.682270467740548,28.581079560601125,24.5,33.06621854457638,550.0,60.0,100.0,0.45082372176592334,0.0030765184860944996,0.0,0
IMC PI,7.0,28.707925142677215,28.65053783297254,24.5,33.08319843631034,550.0,65.0,100.0,0.45082372176592334,0.0030765184860944996,0.0,0
IMC PI,8.0,28.724179317172005,28.693329207642453,24.5,33.10019578262454,550.0,70.0,100.0,0.45082372176592334,0.0030765184860944996,0.0,0
IMC PI,9.0,28.7310782876382,28.721428695047347,24.5,33.117210259913996,550.0,75.0,100.0,0.45082372176592334,0.0030765184860944996,0.0,0
IMC PI,10.0,28.728667118514835,28.75533281307241,24.5,33.13424154424759,550.0,80.0,100.0,0.45082372176592334,0.0030765184860944996,0.0,0
IMC PI,11.0,28.716990643455325,28.75258729846935,24.5,33.151289311374214,550.0,85.0,100.0,0.45082372176592334,0.0030765184860944996,0.0,0
IMC PI,12.0,28.696093466510035,28.72911881971775,24.5,33.16835323672896,550.0,90.0,100.0,0.45082372176592334,0.0030765184860944996,0.0,0
IMC PI,13.0,28.66601996330277,28.726026211740134,24.5,33.18543299543929,550.0,95.0,100.0,0.45082372176592334,0.0030765184860944996,0.0,0
IMC PI,14.0,28.626814282201238,28.698923965731854,24.5,33.202528262331214,550.0,100.0,100.0,0.45082372176592334,0.0030765184860944996,0.0,0
IMC PI,15.0,28.578520345481547,28.656429873135934,24.5,33.21963871193549,550.0,100.0,100.0,0.45082372176592334,0.0030765184860944996,0.0,0
IMC PI,16.0,28.521181850486713,28.615558298601993,24.5,33.23676401849382,550.0,100.0,100.0,0.45082372176592334,0.0030765184860944996,0.0,0
IMC PI,17.0,28.45484227077925,28.575789763537486,24.5,33.25390385596506,550.0,100.0,100.0,0.45082372176592334,0.0030765184860944996,0.0,0
IMC PI,18.0,28.379544857287858,28.53864603566728,24.5,33.27105789803141,550.0,100.0,100.0,0.45082372176592334,0.0030765184860944996,0.0,0
IMC PI,19.0,28.295332639448244,28.48686409105829,24.5,33.288225818104635,550.0,100.0,100.0,0.45082372176592334,0.0030765184860944996,0.0,0
IMC PI,20.0,28.20224842633808,28.399648850131552,24.5,33.30540728933228,550.0,100.0,100.0,0.45082372176592334,0.0030765184860944996,0.0,0
IMC PI,21.0,28.100334807806185,28.33741842731461,24.5,33.3226019846039,550.0,100.0,100.0,0.45082372176592334,0.0030765184860944996,0.0,0
IMC PI,22.0,27.9896341555959,28.265822888514737,24.5,33.339809576557286,550.0,100.0,100.0,0.45082372176592334,0.0030765184860944996,0.0,0
IMC PI,23.0,27.87173964487089,28.191727456542587,24.5,33.357029737584696,550.0,100.0,100.0,0.45082372176592334,0.0030765184860944996,0.0,0
IMC PI,24.0,27.747978270340628,28.095657294882024,24.5,33.374262139839075,550.0,100.0,100.0,0.45082372176592334,0.0030765184860944996,0.0,0
IMC PI,25.0,27.619455212913937,27.97572086245006,24.5,33.39150645524033,550.0,100.0,100.0,0.45082372176592334,0.0030765184860944996,0.0,0
IMC PI,26.0,27.487090811893484,27.853231439611346,24.5,33.40876235548156,550.0,100.0,100.0,0.45082372176592334,0.0030765184860944996,0.0,0
IMC PI,27.0,27.351651375121214,27.738102410829327,24.5,33.426029512035285,550.0,100.0,100.0,0.45082372176592334,0.0030765184860944996,0.0,0
IMC PI,28.0,27.213774854082956,27.603916879347604,24.5,33.44330759615974,550.0,100.0,100.0,0.45082372176592334,0.0030765184860944996,0.0,0
IMC PI,29.0,27.073992239812448,27.48825059395754,24.5,33.46059627890511,550.0,100.0,100.0,0.45082372176592334,0.0030765184860944996,0.0,0
IMC PI,30.0,26.93274539279492,27.347625927969958,24.5,33.477895231119795,550.0,100.0,100.0,0.45082372176592334,0.0030765184860944996,0.0,0
IMC PI,31.0,26.790401901203804,27.2392662916573,24.5,33.49520412345668,550.0,100.0,100.0,0.45082372176592334,0.0030765184860944996,0.0,0
IMC PI,32.0,26.647267462748374,27.06421104125832,24.5,33.51252262637941,550.0,100.0,100.0,0.45082372176592334,0.0030765184860944996,0.0,0
IMC PI,33.0,26.503596202864006,26.937302254985138,24.5,33.52985041016865,550.0,100.0,100.0,0.45082372176592334,0.0030765184860944996,0.0,0
IMC PI,34.0,26.35959927318797,26.800548455365103,24.5,33.54718714492837,550.0,100.0,100.0,0.45082372176592334,0.0030765184860944996,0.0,0
IMC PI,35.0,26.215452016939953,26.662564943918778,24.5,33.56453250059214,550.0,98.0,98.15887476053247,0.45082372176592334,0.0030765184860944996,0.0,0
IMC PI,36.0,26.071299940056583,26.511522610610758,24.5,33.581886146929385,550.0,93.0,91.9683767255935,0.45082372176592334,0.0030765184860944996,0.0,0
IMC PI,37.0,25.927263687121076,26.345490599717664,24.5,33.599247753551694,550.0,88.0,85.05102841187751,0.45082372176592334,0.0030765184860944996,0.0,0
IMC PI,38.0,25.783443187955523,26.18428943250447,24.5,33.6166169899191,550.0,83.0,78.30187215377462,0.45082372176592334,0.0030765184860944996,0.0,0
IMC PI,39.0,25.63992111309882,26.08004896590535,24.5,33.63399352534639,550.0,78.0,74.08856962794556,0.45082372176592334,0.0030765184860944996,0.0,0
IMC PI,40.0,25.496765753356037,25.908778710020197,24.5,33.65137702900937,550.0,73.0,66.80071358377033,0.45082372176592334,0.0030765184860944996,0.0,0
IMC PI,41.0,25.354033419407436,25.749813799507173,24.5,33.66876716995118,550.0,68.0,60.01870585083946,0.45082372176592334,0.0030765184860944996,0.0,0
IMC PI,42.0,25.21177044146721,25.64148569195132,24.5,33.686163617088624,550.0,63.0,55.48619797211066,0.45082372176592334,0.0030765184860944996,0.0,0
IMC PI,43.0,25.07063524381372,25.51712070438729,24.5,33.7035660392184,550.0,57.99999999999999,50.192448381975375,0.45082372176592334,0.0030765184860944996,0.0,0
IMC PI,44.0,24.932103551663747,25.383864799881486,24.5,33.7209741050235,550.0,53.0,44.456878739920725,0.45082372176592334,0.0030765184860944996,0.0,0
IMC PI,45.0,24.79739710357099,25.24241908735273,24.5,33.73838748307943,550.0,48.0,38.308577089583025,0.45082372176592334,0.0030765184860944996,0.0,0
IMC PI,46.0,24.66752602348645,25.11003875423681,24.5,33.75580584186057,550.0,43.0,32.528237193654284,0.45082372176592334,0.0030765184860944996,0.0,0
IMC PI,47.0,24.54332413059871,24.969819619494608,24.5,33.77322884974649,550.0,38.0,26.351366849377033,0.45082372176592334,0.0030765184860944996,0.0,0
IMC PI,48.0,24.42547836399185,24.832438428524487,24.5,33.790656175028225,550.0,33.0,20.260172165082906,0.45082372176592334,0.0030765184860944996,0.0,0
IMC PI,49.0,24.314553302985782,24.671408001627547,24.5,33.808087485914626,550.0,28.000000000000004,13.05327251652671,0.45082372176592334,0.0030765184860944996,0.0,0
IMC PI,50.0,24.211011600546367,24.53584027861537,24.5,33.82552245053866,550.0,0.0,6.952584300529291,0.45082372176592334,0.0030765184860944996,0.0,0
IMC PI,51.0,24.11523101092138,24.442358521718635,24.5,33.842960736963725,550.0,0.0,2.7204714370390635,0.45082372176592334,0.0030765184860944996,0.0,0
IMC PI,52.0,24.027518579132455,24.330480147373933,24.5,33.86040201319,550.0,0.0,0.0,0.45082372176592334,0.0030765184860944996,0.0,0
IMC PI,53.0,23.948122465347996,24.2605063269372,24.5,33.87784594716071,550.0,0.0,0.0,0.45082372176592334,0.0030765184860944996,0.0,0
IMC PI,54.0,23.87724179832469,24.16146431945767,24.5,33.89529220676851,550.0,0.0,0.0,0.45082372176592334,0.0030765184860944996,0.0,0
IMC PI,55.0,23.815034886407133,24.071426792690794,24.5,33.91274045986176,550.0,0.0,0.0,0.45082372176592334,0.0030765184860944996,0.0,0
IMC PI,56.0,23.76162605982702,23.978303128121734,24.5,33.93019037425087,550.0,0.0,0.0,0.45082372176592334,0.0030765184860944996,0.0,0
IMC PI,57.0,23.717111372419577,23.923429828245776,24.5,33.94764161771462,550.0,0.0,0.0,0.45082372176592334,0.0030765184860944996,0.0,0
IMC PI,58.0,23.688698046733016,23.852333377945097,24.5,33.965093858006504,550.0,0.0,0.0,0.45082372176592334,0.0030765184860944996,0.0,0
IMC PI,59.0,23.673664587967732,23.796262548236736,24.5,33.98254676286101,550.0,0.0,0.0,0.45082372176592334,0.0030765184860944996,0.0,0
IMC PI,60.0,23.66974328052339,23.735051621958235,24.5,34.0,550.0,0.0,0.0,0.45082372176592334,0.0030765184860944996,0.0,0
IMC PI,61.0,23.675044557025434,23.7224455088148,24.5,34.01745323713899,550.0,0.0,0.0,0.45082372176592334,0.0030765184860944996,0.0,0
IMC PI,62.0,23.687993972519447,23.673877265008677,24.5,34.034906141993496,550.0,0.0,0.0,0.45082372176592334,0.0030765184860944996,0.0,0
IMC PI,63.0,23.707279682972093,23.681890571442338,24.5,34.05235838228538,550.0,0.0,0.0,0.45082372176592334,0.0030765184860944996,0.0,0
IMC PI,64.0,23.731808677360775,23.696832553918377,24.5,34.06980962574913,550.0,0.0,0.0,0.45082372176592334,0.0030765184860944996,0.0,0
IMC PI,65.0,23.76067030442059,23.70061651911917,24.5,34.08725954013824,550.0,0.0,0.0,0.45082372176592334,0.0030765184860944996,0.0,0
IMC PI,66.0,23.793105878272303,23.69632201237548,24.5,34.10470779323149,550.0,0.0,0.0,0.45082372176592334,0.0030765184860944996,0.0,0
IMC PI,67.0,23.8284833497845,23.706999328249807,24.5,34.12215405283929,550.0,0.0,0.0,0.45082372176592334,0.0030765184860944996,0.0,0
IMC PI,68.0,23.86627619938082,23.792588577897675,24.5,34.13959798681,550.0,0.0,0.0,0.45082372176592334,0.0030765184860944996,0.0,0
IMC PI,69.0,23.906045847718143,23.808843683203985,24.5,34.157039263036275,550.0,0.0,0.0,0.45082372176592334,0.0030765184860944996,0.0,0
IMC PI,70.0,23.947426997923785,23.83808555892566,24.5,34.17447754946134,550.0,0.0,0.0,0.45082372176592334,0.0030765184860944996,0.0,0
IMC PI,71.0,23.990115420798578,23.849798120667465,24.5,34.191912514085374,550.0,0.0,0.0,0.45082372176592334,0.0030765184860944996,0.0,0
IMC PI,72.0,24.03385777582479,23.905965057118152,24.5,34.209343824971775,550.0,0.0,0.0,0.45082372176592334,0.0030765184860944996,0.0,0
IMC PI,73.0,24.078443128678074,23.98401375219652,24.5,34.22677115025351,550.0,0.0,0.0,0.45082372176592334,0.0030765184860944996,0.0,0
IMC PI,74.0,24.123695882492736,24.0003329500446,24.5,34.24419415813943,550.0,0.0,0.0,0.45082372176592334,0.0030765184860944996,0.0,0
IMC PI,75.0,24.16946988725475,24.052008676346585,24.5,34.26161251692057,550.0,0.0,0.0,0.45082372176592334,0.0030765184860944996,0.0,0
IMC PI,76.0,24.215643530967853,24.065317895663,24.5,34.2790258949765,550.0,0.0,0.0,0.45082372176592334,0.0030765184860944996,0.0,0
IMC PI,77.0,24.2621156489639,24.101830026016682,24.5,34.2964339607816,550.0,0.0,0.0,0.45082372176592334,0.0030765184860944996,0.0,0
IMC PI,78.0,24.308802114999995,24.13848410241548,24.5,34.313836382911376,550.0,0.0,0.0,0.45082372176592334,0.0030765184860944996,0.0,0
IMC PI,79.0,24.355633000511325,24.21778562719445,24.5,34.33123283004882,550.0,0.0,0.0,0.45082372176592334,0.0030765184860944996,0.0,0
IMC PI,80.0,24.402550207327,24.278304499031286,24.5,34.34862297099063,550.0,0.0,0.0,0.45082372176592334,0.0030765184860944996,0.0,0
IMC PI,81.0,24.449505494938393,24.311844578733982,24.5,34.36600647465361,550.0,0.0,0.0,0.45082372176592334,0.0030765184860944996,0.0,0
IMC PI,82.0,24.496458836561224,24.332571982624412,24.5,34.3833830100809,550.0,0.0,0.0,0.45082372176592334,0.0030765184860944996,0.0,0
IMC PI,83.0,24.54337704919236,24.37722018917568,24.5,34.400752246448306,550.0,0.0,0.0,0.45082372176592334,0.0030765184860944996,0.0,0
IMC PI,84.0,24.590232651995578,24.450082888865655,24.5,34.418113853070615,550.0,0.0,3.0533471400719354,0.45082372176592334,0.0030765184860944996,0.0,0
IMC PI,85.0,24.63700291496138,24.483472194992313,24.5,34.43546749940786,550.0,0.0,4.553531455828031,0.45082372176592334,0.0030765184860944996,0.0,0
IMC PI,86.0,24.68366906612854,24.545443049543845,24.5,34.45281285507163,550.0,0.0,7.361305223020295,0.45082372176592334,0.0030765184860944996,0.0,0
IMC PI,87.0,24.730215630940403,24.577589786755226,24.5,34.47014958983135,550.0,0.0,8.834427035575334,0.45082372176592334,0.0030765184860944996,0.0,0
IMC PI,88.0,24.776629881713408,24.636368141931843,24.5,34.48747737362059,550.0,0.0,11.526248630532292,0.45082372176592334,0.0030765184860944996,0.0,0
IMC PI,89.0,24.822901378865815,24.674280164736622,24.5,34.50479587654332,550.0,25.0,13.28903016744197,0.45082372176592334,0.0030765184860944996,0.0,0
IMC PI,90.0,24.89596036412346,24.738454260415004,24.5,34.522104768880205,1650.0,25.0,16.255511526936512,0.45082372176592334,0.0030765184860944996,0.0,0
IMC PI,91.0,24.968731526545188,24.77783579854103,24.5,34.53940372109489,1650.0,25.0,18.11640138265171,0.45082372176592334,0.0030765184860944996,0.0,0
IMC PI,92.0,25.0412099033392,24.82824193193845,24.5,34.55669240384026,1650.0,25.0,20.48981368560916,0.45082372176592334,0.0030765184860944996,0.0,0
IMC PI,93.0,25.113391628825106,24.925506799460248,24.5,34.573970487964715,1650.0,25.0,25.00565259638362,0.45082372176592334,0.0030765184860944996,0.0,0
IMC PI,94.0,25.185273750098908,24.956899536126823,24.5,34.59123764451844,1650.0,27.0,26.561477621346135,0.45082372176592334,0.0030765184860944996,0.0,0
IMC PI,95.0,25.25685407342813,25.052081429734056,24.5,34.60849354475967,1650.0,31.0,31.022352045860845,0.45082372176592334,0.0030765184860944996,0.0,0
IMC PI,96.0,25.32813103625534,25.10318319568126,24.5,34.625737860160925,1650.0,34.0,33.51171130237537,0.45082372176592334,0.0030765184860944996,0.0,0
IMC PI,97.0,25.39134849850114,25.184351038509124,24.5,34.642970262415304,1650.0,37.0,37.381492063607375,0.45082372176592334,0.0030765184860944996,0.0,0
IMC PI,98.0,25.447835680664422,25.246625910193888,24.5,34.66019042344271,1650.0,40.0,40.4186918476403,0.45082372176592334,0.0030765184860944996,0.0,0
IMC PI,99.0,25.498700337100697,25.30911466815419,24.5,34.6773980153961,1650.0,43.0,43.484758914254314,0.45082372176592334,0.0030765184860944996,0.0,0
IMC PI,100.0,25.544865666585395,25.409570776372604,24.5,34.69459271066772,1650.0,48.0,48.29338970316102,0.45082372176592334,0.0030765184860944996,0.0,0
IMC PI,101.0,25.587101071118962,25.47119734838272,24.5,34.711774181895365,1650.0,51.0,51.370452418083175,0.45082372176592334,0.0030765184860944996,0.0,0
IMC PI,102.0,25.625427380103595,25.489688787666893,24.5,34.72894210196859,1650.0,53.0,52.50856995104688,0.45082372176592334,0.0030765184860944996,0.0,0
IMC PI,103.0,25.6592445964602,25.531743243446236,24.5,34.74609614403494,1650.0,55.00000000000001,54.72190229431182,0.45082372176592334,0.0030765184860944996,0.0,0
IMC PI,104.0,25.688368948726122,25.589937121474506,24.5,34.76323598150618,1650.0,57.99999999999999,57.680741532271206,0.45082372176592334,0.0030765184860944996,0.0,0
IMC PI,105.0,25.712651792937358,25.626369376878003,24.5,34.78036128806451,1650.0,60.0,59.66972365061791,0.45082372176592334,0.0030765184860944996,0.0,0
IMC PI,106.0,25.73197373496263,25.641804938055476,24.5,34.797471737668786,1650.0,61.0,60.716873764319445,0.45082372176592334,0.0030765184860944996,0.0,0
IMC PI,107.0,25.7462397325668,25.664461547025002,24.5,34.81456700456071,1650.0,62.0,62.096536189720055,0.45082372176592334,0.0030765184860944996,0.0,0
IMC PI,108.0,25.754754605751614,25.72036190127495,24.5,34.83164676327104,1650.0,65.0,64.99210335971925,0.45082372176592334,0.0030765184860944996,0.0,0
IMC PI,109.0,25.757566837784044,25.71910661672725,24.5,34.848710688625786,1650.0,65.0,65.31057255884049,0.45082372176592334,0.0030765184860944996,0.0,0
IMC PI,110.0,25.75503140490647,25.74019905969002,24.5,34.86575845575241,1650.0,67.0,66.64301945595903,0.45082372176592334,0.0030765184860944996,0.0,0
IMC PI,111.0,25.74744697543844,25.77313578576555,24.5,34.882789740086004,1650.0,69.0,68.51956777719617,0.45082372176592334,0.0030765184860944996,0.0,0
IMC PI,112.0,25.73475507566867,25.764959946908736,24.5,34.89980421737546,1650.0,69.0,68.54014883308078,0.45082372176592334,0.0030765184860944996,0.0,0
IMC PI,113.0,25.717221499320697,25.74964340803178,24.5,34.91680156368965,1650.0,68.0,68.2340980315562,0.45082372176592334,0.0030765184860944996,0.0,0
IMC PI,114.0,25.69538074859161,25.727561928704436,24.5,34.93378145542362,1650.0,68.0,67.61627425895963,0.45082372176592334,0.0030765184860944996,0.0,0
IMC PI,115.0,25.66967953867322,25.699387805942223,24.5,34.95074356930469,1650.0,67.0,66.71511184654233,0.45082372176592334,0.0030765184860944996,0.0,0
IMC PI,116.0,25.639871014037606,25.699078863692066,24.5,34.967687582398675,1650.0,67.0,67.07008282608304,0.45082372176592334,0.0030765184860944996,0.0,0
IMC PI,117.0,25.606684341751762,25.682617403856145,24.5,34.98461317211597,1650.0,67.0,66.69179559768412,0.45082372176592334,0.0030765184860944996,0.0,0
IMC PI,118.0,25.57010652203387,25.687317236744267,24.5,35.00152001621777,1650.0,67.0,67.26895555588443,0.45082372176592334,0.0030765184860944996,0.0,0
IMC PI,119.0,25.5301294764481,25.63794849240691,24.5,35.01840779282211,1650.0,65.0,65.39338740708797,0.45082372176592334,0.0030765184860944996,0.0,0
IMC PI,120.0,25.487369621676947,25.614044137384898,23.8,35.03527618041008,1650.0,70.0,96.43147693328444,0.45082372176592334,0.0030765184860944996,0.0,0
IMC PI,121.0,25.442650584355256,25.547671518760804,23.8,35.0521248578319,1650.0,75.0,93.9769162116469,0.45082372176592334,0.0030765184860944996,0.0,0
IMC PI,122.0,25.39634676690501,25.501233557697596,23.8,35.06895350431303,1650.0,80.0,92.4067704168153,0.45082372176592334,0.0030765184860944996,0.0,0
IMC PI,123.0,25.349080127478903,25.472738886772866,23.8,35.0857617994603,1650.0,85.0,91.63678426789372,0.45082372176592334,0.0030765184860944996,0.0,0
IMC PI,124.0,25.301057021447267,25.432384971430835,23.8,35.102549423267995,1650.0,90.0,90.31974029176455,0.45082372176592334,0.0030765184860944996,0.0,0
IMC PI,125.0,25.25244917363702,25.392914306143368,23.8,35.11931605612397,1650.0,89.0,89.0303721001787,0.45082372176592334,0.0030765184860944996,0.0,0
IMC PI,126.0,25.203399451211947,25.362465453988527,23.8,35.13606137881569,1650.0,88.0,88.1383610002921,0.45082372176592334,0.0030765184860944996,0.0,0
IMC PI,127.0,25.154647082563834,25.30403500214584,23.8,35.15278507253636,1650.0,86.0,85.96689677265718,0.45082372176592334,0.0030765184860944996,0.0,0
IMC PI,128.0,25.104633443680715,25.26435992218193,23.8,35.169486818890945,1650.0,85.0,84.62876308867699,0.45082372176592334,0.0030765184860944996,0.0,0
IMC PI,129.0,25.05206692411968,25.226110521394453,23.8,35.18616629990228,1650.0,83.0,83.34313490507263,0.45082372176592334,0.0030765184860944996,0.0,0
IMC PI,130.0,24.995878387650055,25.180466434286334,23.8,35.20282319801709,1650.0,82.0,81.71009423285508,0.45082372176592334,0.0030765184860944996,0.0,0
IMC PI,131.0,24.935184056313048,25.123506757654166,23.8,35.219457196112046,1650.0,80.0,79.54939619250474,0.45082372176592334,0.0030765184860944996,0.0,0
IMC PI,132.0,24.869254580660733,25.070829143687895,23.8,35.236067977499786,1650.0,78.0,77.56553732962482,0.45082372176592334,0.0030765184860944996,0.0,0
IMC PI,133.0,24.7993504896334,25.026913770990696,23.8,35.252655225935,1650.0,76.0,75.96319044314559,0.45082372176592334,0.0030765184860944996,0.0,0
IMC PI,134.0,24.72652032991952,24.988993190610714,23.8,35.26921862562037,1650.0,75.0,74.61943667837828,0.45082372176592334,0.0030765184860944996,0.0,0
IMC PI,135.0,24.651946210000293,24.91723660125817,23.8,35.285757861212645,1650.0,72.0,71.72819931677527,0.45082372176592334,0.0030765184860944996,0.0,0
IMC PI,136.0,24.57629964899077,24.826175245381403,23.8,35.30227261782863,1650.0,68.0,67.93864209147254,0.45082372176592334,0.0030765184860944996,0.0,0
IMC PI,137.0,24.500448592379414,24.753830123674202,23.8,35.318762581051146,1650.0,65.0,64.97059999031538,0.45082372176592334,0.0030765184860944996,0.0,0
IMC PI,138.0,24.42480278330262,24.67227149562864,23.8,35.335227436935085,1650.0,62.0,61.56209950467252,0.45082372176592334,0.0030765184860944996,0.0,0
IMC PI,139.0,24.350012046979494,24.587814708217106,23.8,35.35166687201331,1650.0,57.99999999999999,57.99695983309117,0.45082372176592334,0.0030765184860944996,0.0,0
IMC PI,140.0,24.27661458998136,24.48636112245844,23.8,35.36808057330268,1650.0,54.0,53.63435178940716,0.45082372176592334,0.0030765184860944996,0.0,0
IMC PI,141.0,24.2050556201828,24.392214553805896,23.8,35.38446822830997,1650.0,50.0,49.57219704451587,0.45082372176592334,0.0030765184860944996,0.0,0
IMC PI,142.0,24.135392659219622,24.326571790658868,23.8,35.40082952503787,1650.0,47.0,46.77486635044341,0.45082372176592334,0.0030765184860944996,0.0,0
IMC PI,143.0,24.068292278013235,24.243083238802036,23.8,35.41716415199086,1650.0,43.0,43.14731976065433,0.45082372176592334,0.0030765184860944996,0.0,0
IMC PI,144.0,24.00461540896607,24.180308629819894,23.8,35.4334717981812,1650.0,40.0,40.434294128287554,0.45082372176592334,0.0030765184860944996,0.0,0
IMC PI,145.0,23.944763076146035,24.10227803592732,23.8,35.4497521531348,1650.0,37.0,37.00948624980905,0.45082372176592334,0.0030765184860944996,0.0,0
IMC PI,146.0,23.889064774655594,24.04612985052906,23.8,35.46600490689719,1650.0,35.0,34.5539151621576,0.45082372176592334,0.0030765184860944996,0.0,0
IMC PI,147.0,23.838100620084848,24.00259572642001,23.8,35.482229750039345,1650.0,33.0,32.653622526445034,0.45082372176592334,0.0030765184860944996,0.0,0
IMC PI,148.0,23.792347905868137,23.92102395554417,23.8,35.49842637366365,1650.0,28.999999999999996,29.013406836365903,0.45082372176592334,0.0030765184860944996,0.0,0
IMC PI,149.0,23.7521982715667,23.899841417665076,23.8,35.51459446940973,1650.0,28.000000000000004,28.089164176768204,0.45082372176592334,0.0030765184860944996,0.0,0
IMC PI,150.0,23.717661805529104,23.85520408933905,23.8,35.53073372946036,1650.0,26.0,26.093791168341525,0.45082372176592334,0.0030765184860944996,0.0,0
IMC PI,151.0,23.689052568095846,23.81099380050548,23.8,35.54684384654728,1650.0,25.0,24.10406873616055,0.45082372176592334,0.0030765184860944996,0.0,0
IMC PI,152.0,23.666316052357228,23.75533130304382,23.8,35.56292451395709,1650.0,25.0,21.580928902121936,0.45082372176592334,0.0030765184860944996,0.0,0
IMC PI,153.0,23.64940233900544,23.74602766493197,23.8,35.57897542553707,1650.0,25.0,21.144894137509635,0.45082372176592334,0.0030765184860944996,0.0,0
IMC PI,154.0,23.63795515053207,23.69554774061435,23.8,35.594996275700986,1650.0,25.0,18.83700447128517,0.45082372176592334,0.0030765184860944996,0.0,0
IMC PI,155.0,23.631674630007442,23.701055501316592,23.8,35.61098675943495,1650.0,25.0,19.054866931193498,0.45082372176592334,0.0030765184860944996,0.0,0
IMC PI,156.0,23.630928360836236,23.696566061588076,23.8,35.626946572303204,1650.0,25.0,18.820650696126762,0.45082372176592334,0.0030765184860944996,0.0,0
IMC PI,157.0,23.63508613676806,23.662382747820736,23.8,35.64287541045391,1650.0,25.0,17.23724762060482,0.45082372176592334,0.0030765184860944996,0.0,0
IMC PI,158.0,23.64393158332172,23.6637195094297,23.8,35.65877297062496,1650.0,25.0,17.255585060118182,0.45082372176592334,0.0030765184860944996,0.0,0
IMC PI,159.0,23.656971292515955,23.629772778304485,23.8,35.67463895014971,1650.0,25.0,15.672815173914218,0.45082372176592334,0.0030765184860944996,0.0,0
IMC PI,160.0,23.673482502033018,23.63202184287847,23.8,35.69047304696279,1650.0,25.0,15.72252954952332,0.45082372176592334,0.0030765184860944996,0.0,0
IMC PI,161.0,23.69286302423798,23.66896421921581,23.8,35.706274959605835,1650.0,25.0,17.34766610845877,0.45082372176592334,0.0030765184860944996,0.0,0
IMC PI,162.0,23.71461114971864,23.67832139437282,23.8,35.72204438723318,1650.0,25.0,17.732075113451252,0.45082372176592334,0.0030765184860944996,0.0,0
IMC PI,163.0,23.73830890023907,23.6947641711865,23.8,35.73778102961767,1650.0,25.0,18.44097850010778,0.45082372176592334,0.0030765184860944996,0.0,0
IMC PI,164.0,23.763608072871175,23.69042768764463,23.8,35.75348458715631,1650.0,25.0,18.211769410682987,0.45082372176592334,0.0030765184860944996,0.0,0
IMC PI,165.0,23.790218610107935,23.71975927853904,23.8,35.769154760876006,1650.0,25.0,19.50942090162518,0.45082372176592334,0.0030765184860944996,0.0,0
IMC PI,166.0,23.81789890829465,23.720563091995963,23.8,35.784791252439234,1650.0,25.0,19.521219807455456,0.45082372176592334,0.0030765184860944996,0.0,0
IMC PI,167.0,23.846447741325242,23.75971543169878,23.8,35.80039376414974,1650.0,25.0,21.273906535613904,0.45082372176592334,0.0030765184860944996,0.0,0
IMC PI,168.0,23.87569753039267,23.81645984549994,23.8,35.81596199895819,1650.0,25.0,23.83714321943619,0.45082372176592334,0.0030765184860944996,0.0,0
IMC PI,169.0,23.905508735451185,23.84684306657884,23.8,35.83149566046783,1650.0,25.0,25.22130225606635,0.45082372176592334,0.0030765184860944996,0.0,0
IMC PI,170.0,23.935765181438338,23.875879227574266,23.8,35.84699445294014,1650.0,27.0,26.55366565727597,0.45082372176592334,0.0030765184860944996,0.0,0
IMC PI,171.0,23.966370163463512,23.91880329797595,23.8,35.862458081300446,1650.0,28.999999999999996,28.525334628702048,0.45082372176592334,0.0030765184860944996,0.0,0
IMC PI,172.0,23.99724320113516,23.92506678347044,23.8,35.877886251143565,1650.0,28.999999999999996,28.846184440021798,0.45082372176592334,0.0030765184860944996,0.0,0
IMC PI,173.0,24.028317333836966,23.95475382112886,23.8,35.89327866873937,1650.0,30.0,30.232156819708848,0.45082372176592334,0.0030765184860944996,0.0,0
IMC PI,174.0,24.059536866794765,23.975712715524978,23.8,35.90863504103844,1650.0,31.0,31.231091839039916,0.45082372176592334,0.0030765184860944996,0.0,0
IMC PI,175.0,24.090855492802394,23.99574798819169,23.8,35.92395507567755,1650.0,32.0,32.19455168848899,0.45082372176592334,0.0030765184860944996,0.0,0
IMC PI,176.0,24.122234726996652,24.033691950447974,23.8,35.939238480985345,1650.0,34.0,33.97705127734174,0.45082372176592334,0.0030765184860944996,0.0,0
IMC PI,177.0,24.153642602506505,24.05680209614437,23.8,35.95448496598782,1650.0,35.0,35.09791710628754,0.45082372176592334,0.0030765184860944996,0.0,0
IMC PI,178.0,24.184432175334187,24.114832770833853,23.8,35.96969424041387,1650.0,38.0,37.810936464247455,0.45082372176592334,0.0030765184860944996,0.0,0
IMC PI,179.0,24.214067412556794,24.145547253275215,23.8,35.984866014700835,1650.0,39.0,39.30192644413235,0.45082372176592334,0.0030765184860944996,0.0,0
IMC PI,180.0,24.24272509944648,24.185926485138758,23.8,36.0,1650.0,41.0,41.24104899978981,0.45082372176592334,0.0030765184860944996,0.0,0
IMC PI,181.0,24.270242423939905,24.19342391164695,23.8,36.015095908182104,1650.0,42.0,41.70008836570408,0.45082372176592334,0.0030765184860944996,0.0,0
IMC PI,182.0,24.296485272056902,24.230343604360588,23.8,36.030153451842814,1650.0,43.0,43.49691169868455,0.45082372176592334,0.0030765184860944996,0.0,0
IMC PI,183.0,24.321343436811347,24.26057040481608,23.8,36.045172344308206,1650.0,45.0,45.001302902983056,0.45082372176592334,0.0030765184860944996,0.0,0
IMC PI,184.0,24.344416421596836,24.279155307590585,23.8,36.060152299640215,1650.0,46.0,45.98656742288041,0.45082372176592334,0.0030765184860944996,0.0,0
IMC PI,185.0,24.365683714196393,24.286121472749375,23.8,36.07509303264209,1650.0,46.0,46.450174842952684,0.45082372176592334,0.0030765184860944996,0.0,0
IMC PI,186.0,24.384509335995965,24.314757909600647,23.8,36.0899942588638,1650.0,48.0,47.8995395693682,0.45082372176592334,0.0030765184860944996,0.0,0
IMC PI,187.0,24.400988212643444,24.315058656844275,23.8,36.10485569460748,1650.0,48.0,48.07155671645697,0.45082372176592334,0.0030765184860944996,0.0,0
IMC PI,188.0,24.41489073687844,24.377623096163,23.8,36.11967705693282,1650.0,51.0,51.069816868177554,0.45082372176592334,0.0030765184860944996,0.0,0
IMC PI,189.0,24.42633875003693,24.371073441573714,23.8,36.13445806366244,1650.0,51.0,50.95023470234716,0.45082372176592334,0.0030765184860944996,0.0,0
IMC PI,190.0,24.43543525567237,24.39695574010867,23.8,36.1491984333873,1650.0,52.0,52.30072465466819,0.45082372176592334,0.0030765184860944996,0.0,0
IMC PI,191.0,24.441957347510815,24.383529459901677,23.8,36.163897885471975,1650.0,52.0,51.87496001048615,0.45082372176592334,0.0030765184860944996,0.0,0
IMC PI,192.0,24.44603242059957,24.41115245716009,23.8,36.17855614006011,1650.0,53.0,53.30829243675037,0.45082372176592334,0.0030765184860944996,0.0,0
IMC PI,193.0,24.448078280379132,24.428212364331024,23.8,36.193172918079654,1650.0,54.0,54.27066421633435,0.45082372176592334,0.0030765184860944996,0.0,0
IMC PI,194.0,24.447822629032938,24.430149129292495,23.8,36.207747941248236,1650.0,55.00000000000001,54.551844719672424,0.45082372176592334,0.0030765184860944996,0.0,0
IMC PI,195.0,24.445661883718206,24.448474326890224,23.8,36.22228093207841,1650.0,56.00000000000001,55.5774924234264,0.45082372176592334,0.0030765184860944996,0.0,0
IMC PI,196.0,24.440995704167463,24.46566764092552,23.8,36.236771613882986,1650.0,57.00000000000001,56.55740168600487,0.45082372176592334,0.0030765184860944996,0.0,0
IMC PI,197.0,24.43425882042227,24.455765813457123,23.8,36.251219710780276,1650.0,56.00000000000001,56.31275137961116,0.45082372176592334,0.0030765184860944996,0.0,0
IMC PI,198.0,24.42550320551082,24.426923843854112,23.8,36.26562494769933,1650.0,55.00000000000001,55.205361251161314,0.45082372176592334,0.0030765184860944996,0.0,0
IMC PI,199.0,24.415083769097116,24.45901574819595,23.8,36.279987050385216,1650.0,57.00000000000001,56.85488783975081,0.45082372176592334,0.0030765184860944996,0.0,0
IMC PI,200.0,24.40298596043251,24.436025636938748,23.8,36.29430574540419,1650.0,56.00000000000001,56.01411355063961,0.45082372176592334,0.0030765184860944996,0.0,0
IMC PI,201.0,24.389199041858365,24.39668640329824,23.8,36.308580760148935,1650.0,54.0,54.42417925353114,0.45082372176592334,0.0030765184860944996,0.0,0
IMC PI,202.0,24.37371544611564,24.40260673461668,23.8,36.32281182284376,1650.0,55.00000000000001,54.87647490932708,0.45082372176592334,0.0030765184860944996,0.0,0
IMC PI,203.0,24.356530240806535,24.398144516677732,23.8,36.33699866254974,1650.0,55.00000000000001,54.85932780576191,0.45082372176592334,0.0030765184860944996,0.0,0
IMC PI,204.0,24.33764068214935,24.39064579364601,23.8,36.35114100916989,1650.0,55.00000000000001,54.70298085348515,0.45082372176592334,0.0030765184860944996,0.0,0
IMC PI,205.0,24.317666251307426,24.402957923143422,23.8,36.36523859345433,1650.0,55.00000000000001,55.44354197746273,0.45082372176592334,0.0030765184860944996,0.0,0
IMC PI,206.0,24.297121550569077,24.39876170438582,23.8,36.37929114700537,1650.0,55.00000000000001,55.438576626928935,0.45082372176592334,0.0030765184860944996,0.0,0
IMC PI,207.0,24.275503179169956,24.359906720103826,23.8,36.39329840228264,1650.0,54.0,53.85915810210127,0.45082372176592334,0.0030765184860944996,0.0,0
IMC PI,208.0,24.25332510987707,24.36130340154296,23.8,36.40726009260819,1650.0,54.0,54.09480984366783,0.45082372176592334,0.0030765184860944996,0.0,0
IMC PI,209.0,24.231324227164357,24.33215228327035,23.8,36.42117595217158,1650.0,53.0,52.9443259140281,0.45082372176592334,0.0030765184860944996,0.0,0
IMC PI,210.0,24.209180874945947,24.304600335446086,23.8,36.435045716034885,1650.0,52.0,51.8574599740335,0.45082372176592334,0.0030765184860944996,0.0,0
IMC PI,211.0,24.186940255529937,24.27525661581271,23.8,36.4488691201378,1650.0,51.0,50.68078906089482,0.45082372176592334,0.0030765184860944996,0.0,0
IMC PI,212.0,24.164639916445356,24.232731285961503,23.8,36.462645901302636,1650.0,49.0,48.89677689368745,0.45082372176592334,0.0030765184860944996,0.0,0
IMC PI,213.0,24.14231102677524,24.20065290412145,23.8,36.476375797239335,1650.0,48.0,47.573868951355124,0.45082372176592334,0.0030765184860944996,0.0,0
IMC PI,214.0,24.11997944076501,24.18609663167912,23.8,36.49005854655048,1650.0,47.0,47.03642100208406,0.45082372176592334,0.0030765184860944996,0.0,0
IMC PI,215.0,24.097976788241915,24.170382492194673,23.8,36.50369388873624,1650.0,46.0,46.44193917582755,0.45082372176592334,0.0030765184860944996,0.0,0
IMC PI,216.0,24.07626761214845,24.166130773455812,23.8,36.51728156419935,1650.0,46.0,46.362902418538546,0.45082372176592334,0.0030765184860944996,0.0,0
IMC PI,217.0,24.055132458238525,24.140358171182893,23.8,36.53082131425006,1650.0,45.0,45.305724191465245,0.45082372176592334,0.0030765184860944996,0.0,0
IMC PI,218.0,24.034803512110223,24.112648994511147,23.8,36.544312881111054,1650.0,44.0,44.15271581716991,0.45082372176592334,0.0030765184860944996,0.0,0
IMC PI,219.0,24.015472667338017,24.057426938122486,23.8,36.557756007922336,1650.0,42.0,41.742372392094765,0.45082372176592334,0.0030765184860944996,0.0,0
IMC PI,220.0,23.997608452956605,24.026055407484765,23.8,36.57115043874616,1650.0,40.0,40.39761573613653,0.45082372176592334,0.0030765184860944996,0.0,0
IMC PI,221.0,23.98128803517603,24.012365737802817,23.8,36.584495918571854,1650.0,40.0,39.845787664376665,0.45082372176592334,0.0030765184860944996,0.0,0
IMC PI,222.0,23.96657415644254,23.96118572454822,23.8,36.597792193320736,1650.0,38.0,37.588060344956666,0.45082372176592334,0.0030765184860944996,0.0,0
IMC PI,223.0,23.953517547302358,23.945983690833017,23.8,36.61103900985089,1650.0,37.0,36.94762875551845,0.45082372176592334,0.0030765184860944996,0.0,0
IMC PI,224.0,23.941848732166186,23.970488203524248,23.8,36.62423611596203,1650.0,38.0,38.10480132765086,0.45082372176592334,0.0030765184860944996,0.0,0
IMC PI,225.0,23.931653305219857,23.95365334744182,23.8,36.63738326040028,1650.0,37.0,37.393117816588926,0.45082372176592334,0.0030765184860944996,0.0,0
IMC PI,226.0,23.92300105597084,23.95225473020598,23.8,36.65048019286295,1650.0,37.0,37.37690628303762,0.45082372176592334,0.0030765184860944996,0.0,0
IMC PI,227.0,23.91625881522523,23.93148385411448,23.8,36.663526664003335,1650.0,36.0,36.48095716742733,0.45082372176592334,0.0030765184860944996,0.0,0
IMC PI,228.0,23.91172925963028,23.913812712738654,23.8,36.67652242543544,1650.0,36.0,35.719314886606526,0.45082372176592334,0.0030765184860944996,0.0,0
IMC PI,229.0,23.90904121119767,23.922255391686633,23.8,36.689467229738675,1650.0,36.0,36.137542978361665,0.45082372176592334,0.0030765184860944996,0.0,0
IMC PI,230.0,23.908505762455082,23.90734534825175,23.8,36.70236083046264,1650.0,35.0,35.49838784589031,0.45082372176592334,0.0030765184860944996,0.0,0
IMC PI,231.0,23.91006896790127,23.910819916878054,23.8,36.71520298213177,1650.0,36.0,35.68912359414483,0.45082372176592334,0.0030765184860944996,0.0,0
IMC PI,232.0,23.913063987002385,23.88289977433378,23.8,36.727993440249996,1650.0,34.0,34.455921605563404,0.45082372176592334,0.0030765184860944996,0.0,0
IMC PI,233.0,23.91755704163137,23.9022873721171,23.8,36.740731961305436,1650.0,35.0,35.36142940356242,0.45082372176592334,0.0030765184860944996,0.0,0
IMC PI,234.0,23.923291634469443,23.890941578874028,23.8,36.75341830277502,1650.0,35.0,34.87791247479557,0.45082372176592334,0.0030765184860944996,0.0,0
IMC PI,235.0,23.930364243409013,23.875207339842184,23.8,36.76605222312908,1650.0,34.0,34.19171333197799,0.45082372176592334,0.0030765184860944996,0.0,0
IMC PI,236.0,23.938543591763878,23.904712886102672,23.8,36.77863348183599,1650.0,36.0,35.55410846274968,0.45082372176592334,0.0030765184860944996,0.0,0
IMC PI,237.0,23.947636977784832,23.907130916440067,23.8,36.79116183936672,1650.0,36.0,35.69607803084044,0.45082372176592334,0.0030765184860944996,0.0,0
IMC PI,238.0,23.95779404935923,23.929690633663288,23.8,36.8036370571994,1650.0,37.0,36.753023162090194,0.45082372176592334,0.0030765184860944996,0.0,0
IMC PI,239.0,23.968517641033458,23.946127715073736,23.8,36.81605889782387,1650.0,38.0,37.53900224540846,0.45082372176592334,0.0030765184860944996,0.0,0
IMC PI,240.0,23.980325588515814,23.957907108441482,23.8,36.82842712474619,1650.0,38.0,38.11862565504827,0.45082372176592334,0.0030765184860944996,0.0,0
IMC PI,241.0,23.992715852735994,23.97180302494752,23.8,36.840741502493145,1650.0,39.0,38.79794205293009,0.45082372176592334,0.0030765184860944996,0.0,0
IMC PI,242.0,24.00558180703451,24.010513085962845,23.8,36.853001796616724,1650.0,41.0,40.60784817065456,0.45082372176592334,0.0030765184860944996,0.0,0
IMC PI,243.0,24.019144834938498,24.033014973165212,23.8,36.865207773698614,1650.0,42.0,41.693974111435324,0.45082372176592334,0.0030765184860944996,0.0,0
IMC PI,244.0,24.03265735297942,24.075859612036073,23.8,36.87735920135461,1650.0,44.0,43.71038078638275,0.45082372176592334,0.0030765184860944996,0.0,0
IMC PI,245.0,24.046119809675805,24.06070013191613,23.8,36.889455848239024,1650.0,43.0,43.107160339128484,0.45082372176592334,0.0030765184860944996,0.0,0
IMC PI,246.0,24.059222401280838,24.06806006196283,23.8,36.90149748404915,1650.0,44.0,43.521432618288735,0.45082372176592334,0.0030765184860944996,0.0,0
IMC PI,247.0,24.07170847659835,24.0859858970719,23.8,36.9134838795296,1650.0,44.0,44.41755587816253,0.45082372176592334,0.0030765184860944996,0.0,0
IMC PI,248.0,24.083675874471933,24.068048423375924,23.8,36.92541480647668,1650.0,44.0,43.69135760606113,0.45082372176592334,0.0030765184860944996,0.0,0
IMC PI,249.0,24.09489593391939,24.09449307609049,23.8,36.93729003774274,1650.0,45.0,44.97414662108188,0.45082372176592334,0.0030765184860944996,0.0,0
IMC PI,250.0,24.10486940287589,24.07924848579029,23.8,36.949109347240494,1650.0,44.0,44.372795640363414,0.45082372176592334,0.0030765184860944996,0.0,0
IMC PI,251.0,24.11349342935397,24.102283723482575,23.8,36.96087250994733,1650.0,46.0,45.50427694551718,0.45082372176592334,0.0030765184860944996,0.0,0
IMC PI,252.0,24.12037357902939,24.09525593321888,23.8,36.972579301909576,1650.0,45.0,45.278283522937926,0.45082372176592334,0.0030765184860944996,0.0,0
IMC PI,253.0,24.12611473322575,24.126651846859446,23.8,36.9842295002468,1650.0,47.0,46.794180831044066,0.45082372176592334,0.0030765184860944996,0.0,0
IMC PI,254.0,24.130599023974636,24.138716154251146,23.8,36.99582288315601,1650.0,47.0,47.44227507793875,0.45082372176592334,0.0030765184860944996,0.0,0
IMC PI,255.0,24.134039896677947,24.122400693175116,23.8,37.007359229915906,1650.0,47.0,46.80592255872478,0.45082372176592334,0.0030765184860944996,0.0,0
IMC PI,256.0,24.136615187340766,24.114734490543867,23.8,37.018838320891085,1650.0,47.0,46.557140606358615,0.45082372176592334,0.0030765184860944996,0.0,0
IMC PI,257.0,24.138162853496667,24.11778382927819,23.8,37.0302599375362,1650.0,47.0,46.79237881260742,0.45082372176592334,0.0030765184860944996,0.0,0
IMC PI,258.0,24.13916972520714,24.112628574164535,23.8,37.04162386240012,1650.0,47.0,46.65614844167828,0.45082372176592334,0.0030765184860944996,0.0,0
IMC PI,259.0,24.139109347244794,24.11461138590493,23.8,37.05292987913012,1650.0,47.0,46.84232907298207,0.45082372176592334,0.0030765184860944996,0.0,0
IMC PI,260.0,24.13847656894009,24.123434418931094,23.8,37.064177772475915,1650.0,47.0,47.33959752848206,0.45082372176592334,0.0030765184860944996,0.0,0
IMC PI,261.0,24.136751610418315,24.11747851533112,23.8,37.07536732829384,1650.0,47.0,47.16876411787546,0.45082372176592334,0.0030765184860944996,0.0,0
IMC PI,262.0,24.13412467238914,24.107500184697038,23.8,37.08649833355088,1650.0,47.0,46.813520302798544,0.45082372176592334,0.0030765184860944996,0.0,0
IMC PI,263.0,24.130754198312605,24.13201872781096,23.8,37.09757057632874,1650.0,48.0,48.02102056407214,0.45082372176592334,0.0030765184860944996,0.0,0
IMC PI,264.0,24.126772167496256,24.142646693097994,23.8,37.10858384582789,1650.0,49.0,48.60557033917369,0.45082372176592334,0.0030765184860944996,0.0,0
IMC PI,265.0,24.122288506008598,24.16585843505074,23.8,37.11953793237153,1650.0,50.0,49.76456775262713,0.45082372176592334,0.0030765184860944996,0.0,0
IMC PI,266.0,24.117394762439456,24.17060089070924,23.8,37.130432627409654,1650.0,50.0,50.092384952777536,0.45082372176592334,0.0030765184860944996,0.0,0
IMC PI,267.0,24.112167171032798,24.162910851765133,23.8,37.14126772352298,1650.0,50.0,49.85734994947288,0.45082372176592334,0.0030765184860944996,0.0,0
IMC PI,268.0,24.10666920429658,24.154109343191145,23.8,37.15204301442689,1650.0,50.0,49.569499458267494,0.45082372176592334,0.0030765184860944996,0.0,0
IMC PI,269.0,24.10095370017682,24.13889462727808,23.8,37.162758294975376,1650.0,49.0,48.98784553147952,0.45082372176592334,0.0030765184860944996,0.0,0
IMC PI,270.0,24.095064634701835,24.14252476214549,23.8,37.17341336116494,1650.0,49.0,49.256878998891935,0.45082372176592334,0.0030765184860944996,0.0,0
IMC PI,271.0,24.088728395103338,24.12725326308078,23.8,37.18400801013849,1650.0,49.0,48.669083665712485,0.45082372176592334,0.0030765184860944996,0.0,0
IMC PI,272.0,24.081718407815202,24.107679196823266,23.8,37.19454204018917,1650.0,48.0,47.88129639936324,0.45082372176592334,0.0030765184860944996,0.0,0
IMC PI,273.0,24.073847291197765,24.10091307246482,23.8,37.20501525076424,1650.0,48.0,47.66883992585722,0.45082372176592334,0.0030765184860944996,0.0,0
IMC PI,274.0,24.065270520261357,24.069497905416195,23.8,37.21542744246887,1650.0,46.0,46.335481201778975,0.45082372176592334,0.0030765184860944996,0.0,0
IMC PI,275.0,24.056117580242038,24.06160256799625,23.8,37.22577841706993,1650.0,46.0,46.06002317539822,0.45082372176592334,0.0030765184860944996,0.0,0
IMC PI,276.0,24.046496298559813,24.06219366271115,23.8,37.236067977499786,1650.0,46.0,46.167335492353686,0.45082372176592334,0.0030765184860944996,0.0,0
IMC PI,277.0,24.036806658864094,24.047267623935596,23.8,37.24629592786005,1650.0,46.0,45.570506598757035,0.45082372176592334,0.0030765184860944996,0.0,0
IMC PI,278.0,24.02707020825659,24.053267169543457,23.8,37.256462073425276,1650.0,46.0,45.91889845964317,0.45082372176592334,0.0030765184860944996,0.0,0
IMC PI,279.0,24.017304834314878,24.032182215408902,23.8,37.266566220646716,1650.0,45.0,45.039769997807575,0.45082372176592334,0.0030765184860944996,0.0,0
IMC PI,280.0,24.00783557937938,24.04948233284539,23.8,37.276608177155964,1650.0,46.0,45.89645403167336,0.45082372176592334,0.0030765184860944996,0.0,0
IMC PI,281.0,23.998621547977745,24.026382921500595,23.8,37.28658775176866,1650.0,45.0,44.924724896660386,0.45082372176592334,0.0030765184860944996,0.0,0
IMC PI,282.0,23.9902490088465,23.996591849831386,23.8,37.29650475448806,1650.0,44.0,43.64215456215176,0.45082372176592334,0.0030765184860944996,0.0,0
IMC PI,283.0,23.982583067007774,24.033408556779232,23.8,37.306358996508756,1650.0,45.0,45.37374762106548,0.45082372176592334,0.0030765184860944996,0.0,0
IMC PI,284.0,23.975511265844,24.010578965098798,23.8,37.316150290220165,1650.0,44.0,44.40932048017942,0.45082372176592334,0.0030765184860944996,0.0,0
IMC PI,285.0,23.96893984753336,23.966622570994144,23.8,37.32587844921018,1650.0,42.0,42.478923703598824,0.45082372176592334,0.0030765184860944996,0.0,0
IMC PI,286.0,23.962790636745474,23.963414297964455,23.8,37.335543288268674,1650.0,42.0,42.38456185568826,0.45082372176592334,0.0030765184860944996,0.0,0
IMC PI,287.0,23.957308647802268,23.95469524431596,23.8,37.345144623391036,1650.0,42.0,42.03907851196404,0.45082372176592334,0.0030765184860944996,0.0,0
IMC PI,288.0,23.952076115416308,23.97203104380894,23.8,37.3546822717817,1650.0,43.0,42.87354314533136,0.45082372176592334,0.0030765184860944996,0.0,0
IMC PI,289.0,23.947366766539982,23.96685761940837,23.8,37.36415605185757,1650.0,43.0,42.691646956142925,0.45082372176592334,0.0030765184860944996,0.0,0
IMC PI,290.0,23.94340717152192,23.990062099540793,23.8,37.37356578325154,1650.0,44.0,43.79623292191154,0.45082372176592334,0.0030765184860944996,0.0,0
IMC PI,291.0,23.93976420316057,23.94203504158556,23.8,37.38291128681589,1650.0,42.0,41.67475656373799,0.45082372176592334,0.0030765184860944996,0.0,0
IMC PI,292.0,23.936698794836538,23.931858578521396,23.8,37.3921923846257,1650.0,41.0,41.25654400387519,0.45082372176592334,0.0030765184860944996,0.0,0
IMC PI,293.0,23.934737067653412,23.917530127308005,23.8,37.40140889998225,1650.0,41.0,40.64674179449257,0.45082372176592334,0.0030765184860944996,0.0,0
IMC PI,294.0,23.933694035746644,23.9360353222373,23.8,37.41056065741637,1650.0,42.0,41.52285139785785,0.45082372176592334,0.0030765184860944996,0.0,0
IMC PI,295.0,23.933415532072722,23.942757199758702,23.8,37.419647482691786,1650.0,42.0,41.869809098411324,0.45082372176592334,0.0030765184860944996,0.0,0
IMC PI,296.0,23.933462867859195,23.943771728630157,23.8,37.42866920280845,1650.0,42.0,41.95977810466898,0.45082372176592334,0.0030765184860944996,0.0,0
IMC PI,297.0,23.933782153293656,23.933841726126264,23.8,37.43762564600581,1650.0,42.0,41.55328669053781,0.45082372176592334,0.0030765184860944996,0.0,0
IMC PI,298.0,23.93401825634406,23.92964752920698,23.8,37.4465166417661,1650.0,41.0,41.40408864606897,0.45082372176592334,0.0030765184860944996,0.0,0
IMC PI,299.0,23.93480731839917,23.94048454776208,23.8,37.45534202081758,1650.0,42.0,41.935867480674574,0.45082372176592334,0.0030765184860944996,0.0,0
IMC PI,300.0,24.00003971080537,23.939146180772923,23.8,37.46410161513776,4250.0,42.0,41.91833930170231,0.45082372176592334,0.0030765184860944996,0.0,0
IMC PI,301.0,24.06560470655943,23.965323983271464,23.8,37.47279525795657,4250.0,43.0,43.14935896577981,0.45082372176592334,0.0030765184860944996,0.0,0
IMC PI,302.0,24.131084531491283,23.99905912806664,23.8,37.4814227837596,4250.0,45.0,44.73146022759949,0.45082372176592334,0.0030765184860944996,0.0,0
IMC PI,303.0,24.196442985162754,24.026828253835603,23.8,37.48998402829119,4250.0,46.0,46.053142422143836,0.45082372176592334,0.0030765184860944996,0.0,0
IMC PI,304.0,24.261650139973614,24.07388861547958,23.8,37.49847882855758,4250.0,48.0,48.25899749940794,0.45082372176592334,0.0030765184860944996,0.0,0
IMC PI,305.0,24.32668129440344,24.129298427510275,23.8,37.50690702283003,4250.0,51.0,50.85831253757852,0.45082372176592334,0.0030765184860944996,0.0,0
IMC PI,306.0,24.391826304801732,24.176929138739567,23.8,37.51526845064786,4250.0,53.0,53.12158093458126,0.45082372176592334,0.0030765184860944996,0.0,0
IMC PI,307.0,24.456705053324693,24.24672007292901,23.8,37.52356295282154,4250.0,56.00000000000001,56.40535606050929,0.45082372176592334,0.0030765184860944996,0.0,0
IMC PI,308.0,24.52131271337552,24.29944191287135,23.8,37.531790371435704,4250.0,59.0,58.935835898392654,0.45082372176592334,0.0030765184860944996,0.0,0
IMC PI,309.0,24.585335291744382,24.369329800009012,23.8,37.539950549852165,4250.0,62.0,62.261703002409575,0.45082372176592334,0.0030765184860944996,0.0,0
IMC PI,310.0,24.64820264736208,24.470225867097525,23.8,37.548043332712886,4250.0,67.0,67.01653327704678,0.45082372176592334,0.0030765184860944996,0.0,0
IMC PI,311.0,24.709753074141236,24.517103694504296,23.8,37.556068565942944,4250.0,69.0,69.35051521628779,0.45082372176592334,0.0030765184860944996,0.0,0
IMC PI,312.0,24.70586984224791,24.546968521442174,23.8,37.56402609675347,1650.0,71.0,70.92669870576549,0.45082372176592334,0.0030765184860944996,0.0,0
IMC PI,313.0,24.69985631643593,24.602338807094487,23.8,37.57191577364455,1650.0,74.0,73.66976354828098,0.45082372176592334,0.0030765184860944996,0.0,0
IMC PI,314.0,24.691462122769796,24.642318484093586,23.8,37.5797374464081,1650.0,76.0,75.73128306500362,0.45082372176592334,0.0030765184860944996,0.0,0
IMC PI,315.0,24.680171301478254,24.686882138913443,23.8,37.58749096613075,1650.0,78.0,78.01316926667702,0.45082372176592334,0.0030765184860944996,0.0,0
IMC PI,316.0,24.665558252765024,24.70218692859664,23.8,37.59517618519667,1650.0,79.0,78.98070496763336,0.45082372176592334,0.0030765184860944996,0.0,0
IMC PI,317.0,24.647272654453527,24.692163875475856,23.8,37.602792957290355,1650.0,79.0,78.80331782204921,0.45082372176592334,0.0030765184860944996,0.0,0
IMC PI,318.0,24.62440648530924,24.670891471677713,23.8,37.610341137399445,1650.0,78.0,78.11223876813041,0.45082372176592334,0.0030765184860944996,0.0,0
IMC PI,319.0,24.597140957631613,24.66847741609155,23.8,37.61782058181747,1650.0,78.0,78.27059609827623,0.45082372176592334,0.0030765184860944996,0.0,0
IMC PI,320.0,24.565629852117514,24.628123318554753,23.8,37.6252311481466,1650.0,77.0,76.70611132410173,0.45082372176592334,0.0030765184860944996,0.0,0
IMC PI,321.0,24.529693871512176,24.58074333677744,23.8,37.632572695300325,1650.0,75.0,74.8103064827459,0.45082372176592334,0.0030765184860944996,0.0,0
IMC PI,322.0,24.489498039871783,24.569259428196347,23.8,37.639845083506174,1650.0,75.0,74.52924872719586,0.45082372176592334,0.0030765184860944996,0.0,0
IMC PI,323.0,24.445182597682592,24.532545243434235,23.8,37.64704817430835,1650.0,73.0,73.09945508392279,0.45082372176592334,0.0030765184860944996,0.0,0
IMC PI,324.0,24.397177322593908,24.536931836795283,23.8,37.6541818305704,1650.0,74.0,73.52393156030215,0.45082372176592334,0.0030765184860944996,0.0,0
IMC PI,325.0,24.34615176711708,24.475662572624213,23.8,37.66124591647779,1650.0,71.0,70.96963662946006,0.45082372176592334,0.0030765184860944996,0.0,0
IMC PI,326.0,24.292973797736362,24.436893644968983,23.8,37.66824029754049,1650.0,69.0,69.41778291126191,0.45082372176592334,0.0030765184860944996,0.0,0
IMC PI,327.0,24.23805464366024,24.3949736506096,23.8,37.67516484059559,1650.0,68.0,67.71097486739554,0.45082372176592334,0.0030765184860944996,0.0,0
IMC PI,328.0,24.182046912527838,24.320004657257467,23.8,37.68201941380976,1650.0,64.0,64.49117520148097,0.45082372176592334,0.0030765184860944996,0.0,0
IMC PI,329.0,24.1258028698604,24.26788821803386,23.8,37.68880388668181,1650.0,62.0,62.285589167104284,0.45082372176592334,0.0030765184860944996,0.0,0
IMC PI,330.0,24.069409067309266,24.2346582608605,23.8,37.695518130045144,1650.0,61.0,60.921227287869684,0.45082372176592334,0.0030765184860944996,0.0,0
IMC PI,331.0,24.013557779050885,24.180061274809315,23.8,37.70216201607027,1650.0,59.0,58.57679219676994,0.45082372176592334,0.0030765184860944996,0.0,0
IMC PI,332.0,23.957892044441284,24.092764937491555,23.8,37.70873541826715,1650.0,55.00000000000001,54.73133590238466,0.45082372176592334,0.0030765184860944996,0.0,0
IMC PI,333.0,23.903356462292056,24.044551875895046,23.8,37.715238211487694,1650.0,53.0,52.63301355241785,0.45082372176592334,0.0030765184860944996,0.0,0
IMC PI,334.0,23.850423268518192,24.006443914830374,23.8,37.7216702719281,1650.0,51.0,50.978529120840975,0.45082372176592334,0.0030765184860944996,0.0,0
IMC PI,335.0,23.799172579623722,23.946824468094775,23.8,37.728031477131196,1650.0,48.0,48.335913853174624,0.45082372176592334,0.0030765184860944996,0.0,0
IMC PI,336.0,23.75060007085291,23.892890710226684,23.8,37.734321705988805,1650.0,46.0,45.93303010680302,0.45082372176592334,0.0030765184860944996,0.0,0
IMC PI,337.0,23.70490889459969,23.819796336441915,23.8,37.740540838744046,1650.0,43.0,42.64385272332514,0.45082372176592334,0.0030765184860944996,0.0,0
IMC PI,338.0,23.66195498757548,23.788869916992507,23.8,37.74668875699359,1650.0,41.0,41.24619218100511,0.45082372176592334,0.0030765184860944996,0.0,0
IMC PI,339.0,23.621926856553916,23.77748256690764,23.8,37.75276534368994,1650.0,41.0,40.725895896457175,0.45082372176592334,0.0030765184860944996,0.0,0
IMC PI,340.0,23.585598870233536,23.720416428356952,23.8,37.758770483143635,1650.0,38.0,38.12873496669915,0.45082372176592334,0.0030765184860944996,0.0,0
IMC PI,341.0,23.552989830727526,23.64820642587336,23.8,37.76470406102548,1650.0,35.0,34.82663718617418,0.45082372176592334,0.0030765184860944996,0.0,0
IMC PI,342.0,23.524112325068817,23.629809167332727,23.8,37.770565964368714,1650.0,34.0,33.94488560532983,0.45082372176592334,0.0030765184860944996,0.0,0
IMC PI,343.0,23.499283980839113,23.591253772585283,23.8,37.77635608157114,1650.0,32.0,32.14249578715573,0.45082372176592334,0.0030765184860944996,0.0,0
IMC PI,344.0,23.47845474129936,23.552221491065087,23.8,37.78207430239727,1650.0,30.0,30.306598428441205,0.45082372176592334,0.0030765184860944996,0.0,0
IMC PI,345.0,23.46189006967288,23.550918866077563,23.8,37.787720517980425,1650.0,30.0,30.17124273264215,0.45082372176592334,0.0030765184860944996,0.0,0
IMC PI,346.0,23.449496477508795,23.508534478024544,23.8,37.793294620824796,1650.0,28.000000000000004,28.170784069317158,0.45082372176592334,0.0030765184860944996,0.0,0
IMC PI,347.0,23.440572661082086,23.496540526792682,23.8,37.798796504807505,1650.0,28.000000000000004,27.536708428104195,0.45082372176592334,0.0030765184860944996,0.0,0
IMC PI,348.0,23.435464824044587,23.48034921300098,23.8,37.804226065180615,1650.0,27.0,26.70842443818902,0.45082372176592334,0.0030765184860944996,0.0,0
IMC PI,349.0,23.434457003812792,23.465281761034884,23.8,37.809583198573115,1650.0,26.0,25.926171275919607,0.45082372176592334,0.0030765184860944996,0.0,0
IMC PI,350.0,23.437161047216932,23.445212271061944,23.8,37.81486780299291,1650.0,25.0,24.9122399588934,0.45082372176592334,0.0030765184860944996,0.0,0
IMC PI,351.0,23.443562261637727,23.474486826978872,23.8,37.820079777828745,1650.0,26.0,26.131861654618117,0.45082372176592334,0.0030765184860944996,0.0,0
IMC PI,352.0,23.45364548255819,23.471583761156424,23.8,37.82521902385214,1650.0,26.0,25.899946697763788,0.45082372176592334,0.0030765184860944996,0.0,0
IMC PI,353.0,23.4667747589304,23.491722584030562,23.8,37.83028544321926,1650.0,27.0,26.71301048886661,0.45082372176592334,0.0030765184860944996,0.0,0
IMC PI,354.0,23.4830406331991,23.503671447129502,23.8,37.83527893947277,1650.0,27.0,27.160527555093804,0.45082372176592334,0.0030765184860944996,0.0,0
IMC PI,355.0,23.501895257737598,23.491575397709077,23.8,37.840199417543715,1650.0,27.0,26.52032155420433,0.45082372176592334,0.0030765184860944996,0.0,0
IMC PI,356.0,23.52319240464068,23.50371267921604,23.8,37.845046783753276,1650.0,27.0,26.97634565435456,0.45082372176592334,0.0030765184860944996,0.0,0
IMC PI,357.0,23.546808832197218,23.49146924269222,23.8,37.84982094581459,1650.0,26.0,26.329462434428553,0.45082372176592334,0.0030765184860944996,0.0,0
IMC PI,358.0,23.572640460894615,23.512726652144963,23.8,37.85452181283449,1650.0,27.0,27.199416702363543,0.45082372176592334,0.0030765184860944996,0.0,0
IMC PI,359.0,23.5999787785569,23.52846606410195,23.8,37.859149295315255,1650.0,28.000000000000004,27.82544881270985,0.45082372176592334,0.0030765184860944996,0.0,0
IMC PI,360.0,23.62854518280322,23.538139804771774,23.8,37.86370330515627,1650.0,28.000000000000004,28.181002216787554,0.45082372176592334,0.0030765184860944996,0.0,0
IMC PI,361.0,23.657797420699943,23.55946075730301,23.8,37.86818375565577,1650.0,28.999999999999996,29.068198991281402,0.45082372176592334,0.0030765184860944996,0.0,0
IMC PI,362.0,23.68759543026792,23.577601378591783,23.8,37.87259056151243,1650.0,30.0,29.817599884732015,0.45082372176592334,0.0030765184860944996,0.0,0
IMC PI,363.0,23.71782260406976,23.60489735769364,23.8,37.876923638827016,1650.0,31.0,30.988143684952323,0.45082372176592334,0.0030765184860944996,0.0,0
IMC PI,364.0,23.748381879515925,23.61782167991511,23.8,37.881182905103984,1650.0,32.0,31.514755292520114,0.45082372176592334,0.0030765184860944996,0.0,0
IMC PI,365.0,23.77950268487158,23.636275847934694,23.8,37.88536827925304,1650.0,32.0,32.296342925343474,0.45082372176592334,0.0030765184860944996,0.0,0
IMC PI,366.0,23.810754419037227,23.692877496272974,23.8,37.88947968159071,1650.0,35.0,34.8151230652391,0.45082372176592334,0.0030765184860944996,0.0,0
IMC PI,367.0,23.841779856107166,23.741530206703782,23.8,37.893517033841796,1650.0,37.0,36.99051432428537,0.45082372176592334,0.0030765184860944996,0.0,0
IMC PI,368.0,23.87259311199982,23.77672102009576,23.8,37.89748025914094,1650.0,39.0,38.56983784961825,0.45082372176592334,0.0030765184860944996,0.0,0
IMC PI,369.0,23.90289584554544,23.797855017614804,23.8,37.901369282034054,1650.0,40.0,39.52194868355493,0.45082372176592334,0.0030765184860944996,0.0,0
IMC PI,370.0,23.93244103044089,23.819353304538254,23.8,37.90518402847973,1650.0,40.0,40.49709653571495,0.45082372176592334,0.0030765184860944996,0.0,0
IMC PI,371.0,23.961024394607946,23.842143927262388,23.8,37.908924425850714,1650.0,42.0,41.5375175286306,0.45082372176592334,0.0030765184860944996,0.0,0
IMC PI,372.0,23.98847728636749,23.86831766384526,23.8,37.91259040293522,1650.0,43.0,42.73850971808643,0.45082372176592334,0.0030765184860944996,0.0,0
IMC PI,373.0,24.014970933708366,23.89703676458816,23.8,37.916181889938336,1650.0,44.0,44.063088446363565,0.45082372176592334,0.0030765184860944996,0.0,0
IMC PI,374.0,24.039717481076384,23.94558226946242,23.8,37.91969881848332,1650.0,46.0,46.29642361893034,0.45082372176592334,0.0030765184860944996,0.0,0
IMC PI,375.0,24.06237512929155,23.969324354147787,23.8,37.92314112161292,1650.0,47.0,47.41886606753239,0.45082372176592334,0.0030765184860944996,0.0,0
IMC PI,376.0,24.08266207326117,24.021634830859583,23.8,37.926508733790655,1650.0,50.0,49.84533281281872,0.45082372176592334,0.0030765184860944996,0.0,0
IMC PI,377.0,24.100656691549197,24.043673029835745,23.8,37.92980159090204,1650.0,51.0,50.91383355924908,0.45082372176592334,0.0030765184860944996,0.0,0
IMC PI,378.0,24.116736008113545,24.053075848175798,23.8,37.93301963025582,1650.0,51.0,51.41559416769393,0.45082372176592334,0.0030765184860944996,0.0,0
IMC PI,379.0,24.130593805878622,24.075333010824597,23.8,37.936162790585165,1650.0,53.0,52.50370656758544,0.45082372176592334,0.0030765184860944996,0.0,0
IMC PI,380.0,24.14228809690519,24.09695304321284,23.8,37.93923101204883,1650.0,54.0,53.56974706687677,0.45082372176592334,0.0030765184860944996,0.0,0
IMC PI,381.0,24.151868705919554,24.10075465605019,23.8,37.94222423623231,1650.0,54.0,53.83366051759323,0.45082372176592334,0.0030765184860944996,0.0,0
IMC PI,382.0,24.159068423192313,24.086492474043357,23.8,37.945142406148925,1650.0,53.0,53.2788274595631,0.45082372176592334,0.0030765184860944996,0.0,0
IMC PI,383.0,24.163977736456953,24.14796754417234,23.8,37.94798546624093,1650.0,56.00000000000001,56.15732230892066,0.45082372176592334,0.0030765184860944996,0.0,0
IMC PI,384.0,24.1660530950454,24.148265265782545,23.8,37.95075336238055,1650.0,56.00000000000001,56.27788875818145,0.45082372176592334,0.0030765184860944996,0.0,0
IMC PI,385.0,24.165466376313432,24.191608087080045,23.8,37.95344604187105,1650.0,57.99999999999999,58.35236491101947,0.45082372176592334,0.0030765184860944996,0.0,0
IMC PI,386.0,24.162672436437077,24.13384844781348,23.8,37.95606345344767,1650.0,56.00000000000001,55.85113244894373,0.45082372176592334,0.0030765184860944996,0.0,0
IMC PI,387.0,24.157429835511916,24.139871986723033,23.8,37.95860554727868,1650.0,56.00000000000001,56.22725011689027,0.45082372176592334,0.0030765184860944996,0.0,0
IMC PI,388.0,24.149850483993106,24.144488052362266,23.8,37.961072274966284,1650.0,57.00000000000001,56.54133569216286,0.45082372176592334,0.0030765184860944996,0.0,0
IMC PI,389.0,24.140339243862442,24.17829014548801,23.8,37.96346358954753,1650.0,57.99999999999999,58.181595897375594,0.45082372176592334,0.0030765184860944996,0.0,0
IMC PI,390.0,24.129543603967775,24.128404053806538,23.8,37.965779445495244,1650.0,56.00000000000001,56.03364666000027,0.45082372176592334,0.0030765184860944996,0.0,0
IMC PI,391.0,24.116760730058413,24.1386266314063,23.8,37.968019798718856,1650.0,57.00000000000001,56.598683817097395,0.45082372176592334,0.0030765184860944996,0.0,0
IMC PI,392.0,24.10233992425918,24.147540641067177,23.8,37.97018460656529,1650.0,57.00000000000001,57.10747003890604,0.45082372176592334,0.0030765184860944996,0.0,0
IMC PI,393.0,24.085951749469654,24.136159335139695,23.8,37.972273827819706,1650.0,57.00000000000001,56.69779381011067,0.45082372176592334,0.0030765184860944996,0.0,0
IMC PI,394.0,24.068565362091004,24.107718037140057,23.8,37.97428742270635,1650.0,56.00000000000001,55.510262651482215,0.45082372176592334,0.0030765184860944996,0.0,0
IMC PI,395.0,24.050364871656996,24.077197660983888,23.8,37.97622535288928,1650.0,54.0,54.219612067472134,0.45082372176592334,0.0030765184860944996,0.0,0
IMC PI,396.0,24.031193386413328,24.10655688546656,23.8,37.97808758147309,1650.0,56.00000000000001,55.63750834493382,0.45082372176592334,0.0030765184860944996,0.0,0
IMC PI,397.0,24.010921543736984,24.07048659608367,23.8,37.97987407300365,1650.0,54.0,54.094589835766136,0.45082372176592334,0.0030765184860944996,0.0,0
IMC PI,398.0,23.99037352712097,24.043098087141285,23.8,37.98158479346871,1650.0,53.0,52.93464045816611,0.45082372176592334,0.0030765184860944996,0.0,0
IMC PI,399.0,23.969302433590773,24.06067689245801,23.8,37.98321971029865,1650.0,54.0,53.80733242972898,0.45082372176592334,0.0030765184860944996,0.0,0
IMC PI,400.0,23.94781409702041,24.046142858485343,23.8,37.98477879236698,1650.0,53.0,53.22783000638105,0.45082372176592334,0.0030765184860944996,0.0,0
IMC PI,401.0,23.925996595261232,24.03870999076887,23.8,37.986262009991044,1650.0,53.0,52.96617826758916,0.45082372176592334,0.0030765184860944996,0.0,0
IMC PI,402.0,23.90423341414153,24.004539366745195,23.8,37.98766933493251,1650.0,51.0,51.488612392140084,0.45082372176592334,0.0030765184860944996,0.0,0
IMC PI,403.0,23.88315272114659,23.974601463997217,23.8,37.98900074039794,1650.0,50.0,50.192657181437774,0.45082372176592334,0.0030765184860944996,0.0,0
IMC PI,404.0,23.86203408069826,23.97456197380859,23.8,37.990256201039294,1650.0,50.0,50.244581183995905,0.45082372176592334,0.0030765184860944996,0.0,0
IMC PI,405.0,23.841520838707886,23.946090516489544,23.8,37.99143569295441,1650.0,49.0,49.00596536619102,0.45082372176592334,0.0030765184860944996,0.0,0
IMC PI,406.0,23.821835821518327,23.896610224429764,23.8,37.99253919368747,1650.0,47.0,46.80499873828592,0.45082372176592334,0.0030765184860944996,0.0,0
IMC PI,407.0,23.80254272642936,23.88549972196594,23.8,37.99356668222939,1650.0,46.0,46.3304150786612,0.45082372176592334,0.0030765184860944996,0.0,0
IMC PI,408.0,23.783899785408416,23.86523506195139,23.8,37.9945181390183,1650.0,45.0,45.43690582125678,0.45082372176592334,0.0030765184860944996,0.0,0
IMC PI,409.0,23.765810405381917,23.844966452769558,23.8,37.995393545939805,1650.0,45.0,44.536982850939424,0.45082372176592334,0.0030765184860944996,0.0,0
IMC PI,410.0,23.748814418291758,23.77595305210714,23.8,37.99619288632743,1650.0,41.0,41.4182969491314,0.45082372176592334,0.0030765184860944996,0.0,0
IMC PI,411.0,23.73304841394867,23.786890593010632,23.8,37.99691614496289,1650.0,42.0,41.90735410554483,0.45082372176592334,0.0030765184860944996,0.0,0
IMC PI,412.0,23.718314454939737,23.771889248007813,23.8,37.99756330807638,1650.0,41.0,41.22240956216209,0.45082372176592334,0.0030765184860944996,0.0,0
IMC PI,413.0,23.70475773951128,23.745023067895662,23.8,37.99813436334685,1650.0,40.0,39.99430467658996,0.45082372176592334,0.0030765184860944996,0.0,0
IMC PI,414.0,23.692807920340034,23.717701296411118,23.8,37.99862929990223,1650.0,39.0,38.73725505770264,0.45082372176592334,0.0030765184860944996,0.0,0
IMC PI,415.0,23.682509802968376,23.728488050601825,23.8,37.999048108319634,1650.0,39.0,39.20154674127552,0.45082372176592334,0.0030765184860944996,0.0,0
IMC PI,416.0,23.673899198799404,23.705113275690596,23.8,37.99939078062557,1650.0,38.0,38.11856436304114,0.45082372176592334,0.0030765184860944996,0.0,0
IMC PI,417.0,23.666694227824998,23.69976434830734,23.8,37.99965731029603,1650.0,38.0,37.8465843444638,0.45082372176592334,0.0030765184860944996,0.0,0
IMC PI,418.0,23.661900787584887,23.69217945265575,23.8,37.99984769225669,1650.0,37.0,37.47146806506967,0.45082372176592334,0.0030765184860944996,0.0,0
IMC PI,419.0,23.65880011798331,23.704590526092506,23.8,37.99996192288294,1650.0,38.0,38.00163579583401,0.45082372176592334,0.0030765184860944996,0.0,0
IMC PI,420.0,23.65741516455482,23.67199923403732,23.8,38.0,1650.0,36.0,36.4929633654142,0.45082372176592334,0.0030765184860944996,0.0,0
IMC PI,421.0,23.657763560529478,23.66914655933013,23.8,37.99996192288294,1650.0,36.0,36.32410071964697,0.45082372176592334,0.0030765184860944996,0.0,0
IMC PI,422.0,23.659858519808143,23.652196426941224,23.8,37.99984769225669,1650.0,36.0,35.51447650036516,0.45082372176592334,0.0030765184860944996,0.0,0
IMC PI,423.0,23.66339937698841,23.668292459134047,23.8,37.99965731029603,1650.0,36.0,36.19960374582523,0.45082372176592334,0.0030765184860944996,0.0,0
IMC PI,424.0,23.668445808494855,23.6535107013437,23.8,37.99939078062557,1650.0,35.0,35.48813933616337,0.45082372176592334,0.0030765184860944996,0.0,0
IMC PI,425.0,23.674735875062026,23.66888148168048,23.8,37.999048108319634,1650.0,36.0,36.14075172140285,0.45082372176592334,0.0030765184860944996,0.0,0
IMC PI,426.0,23.682361532225553,23.677790165340785,23.8,37.99862929990223,1650.0,37.0,36.50477823222909,0.45082372176592334,0.0030765184860944996,0.0,0
IMC PI,427.0,23.690777543191082,23.687463142848568,23.8,37.99813436334685,1650.0,37.0,36.90623683215144,0.45082372176592334,0.0030765184860944996,0.0,0
IMC PI,428.0,23.7004616898758,23.669176070397143,23.8,37.99756330807638,1650.0,36.0,36.041564002091306,0.45082372176592334,0.0030765184860944996,0.0,0
IMC PI,429.0,23.71118876483172,23.6693794029488,23.8,37.99691614496289,1650.0,36.0,36.01054504771143,0.45082372176592334,0.0030765184860944996,0.0,0
IMC PI,430.0,23.72277114384128,23.655568314825487,23.8,37.99619288632743,1650.0,35.0,35.34347375783086,0.45082372176592334,0.0030765184860944996,0.0,0
IMC PI,431.0,23.735052521789104,23.68705585366853,23.8,37.995393545939805,1650.0,37.0,36.728259227469266,0.45082372176592334,0.0030765184860944996,0.0,0
IMC PI,432.0,23.74821289663856,23.698563303483997,23.8,37.9945181390183,1650.0,37.0,37.21583517565369,0.45082372176592334,0.0030765184860944996,0.0,0
IMC PI,433.0,23.76178041418532,23.745733588942993,23.8,37.99356668222939,1650.0,39.0,39.32568837871318,0.45082372176592334,0.0030765184860944996,0.0,0
IMC PI,434.0,23.775363410091586,23.738979601465783,23.8,37.99253919368747,1650.0,39.0,39.00242956317758,0.45082372176592334,0.0030765184860944996,0.0,0
IMC PI,435.0,23.788947241077793,23.749042410776955,23.8,37.99143569295441,1650.0,39.0,39.44040768116077,0.45082372176592334,0.0030765184860944996,0.0,0
IMC PI,436.0,23.80282994797302,23.763127147298654,23.8,37.990256201039294,1650.0,40.0,40.06403701374418,0.45082372176592334,0.0030765184860944996,0.0,0
IMC PI,437.0,23.816948241091385,23.789741067567856,23.8,37.98900074039794,1650.0,41.0,41.26069949287101,0.45082372176592334,0.0030765184860944996,0.0,0
IMC PI,438.0,23.83155962980133,23.811164486683335,23.8,37.98766933493251,1650.0,42.0,42.22995282169705,0.45082372176592334,0.0030765184860944996,0.0,0
IMC PI,439.0,23.845946647211687,23.82624090840009,23.8,37.986262009991044,1650.0,43.0,42.917706740601595,0.45082372176592334,0.0030765184860944996,0.0,0
IMC PI,440.0,23.86013485071146,23.82992289383174,23.8,37.98477879236698,1650.0,43.0,43.09290521178301,0.45082372176592334,0.0030765184860944996,0.0,0
IMC PI,441.0,23.873525168266756,23.82539046606918,23.8,37.98321971029865,1650.0,43.0,42.89638404035105,0.45082372176592334,0.0030765184860944996,0.0,0
IMC PI,442.0,23.8862418039232,23.861454021330424,23.8,37.98158479346871,1650.0,45.0,44.54112110391633,0.45082372176592334,0.0030765184860944996,0.0,0
IMC PI,443.0,23.89838828371439,23.87702039176254,23.8,37.97987407300365,1650.0,45.0,45.26658547508201,0.45082372176592334,0.0030765184860944996,0.0,0
IMC PI,444.0,23.90974069779802,23.899713080258895,23.8,37.97808758147309,1650.0,46.0,46.3203026170344,0.45082372176592334,0.0030765184860944996,0.0,0
IMC PI,445.0,23.920113969302292,23.898068687372508,23.8,37.97622535288928,1650.0,46.0,46.276340497886615,0.45082372176592334,0.0030765184860944996,0.0,0
IMC PI,446.0,23.929355374425104,23.906225716747134,23.8,37.97428742270635,1650.0,47.0,46.67675927013602,0.45082372176592334,0.0030765184860944996,0.0,0
IMC PI,447.0,23.937339142556826,23.917256608003594,23.8,37.972273827819706,1650.0,47.0,47.21013222741327,0.45082372176592334,0.0030765184860944996,0.0,0
IMC PI,448.0,23.944272160504163,23.925626466524374,23.8,37.97018460656529,1650.0,48.0,47.62611451897299,0.45082372176592334,0.0030765184860944996,0.0,0
IMC PI,449.0,23.95032682565108,23.953484330442983,23.8,37.968019798718856,1650.0,49.0,48.92923284618994,0.45082372176592334,0.0030765184860944996,0.0,0
IMC PI,450.0,23.95502638607636,23.946872311153204,23.8,37.965779445495244,1650.0,49.0,48.67633286976513,0.45082372176592334,0.0030765184860944996,0.0,0
IMC PI,451.0,23.958596932945646,23.946723130894867,23.8,37.96346358954753,1650.0,49.0,48.714747112290965,0.45082372176592334,0.0030765184860944996,0.0,0
IMC PI,452.0,23.96091664807839,23.933452022825897,23.8,37.961072274966284,1650.0,48.0,48.15751084065293,0.45082372176592334,0.0030765184860944996,0.0,0
IMC PI,453.0,23.962195689359998,23.93793560174474,23.8,37.95860554727868,1650.0,48.0,48.402077357021206,0.45082372176592334,0.0030765184860944996,0.0,0
IMC PI,454.0,23.962298953497662,23.937036523680984,23.8,37.95606345344767,1650.0,48.0,48.40370432497259,0.45082372176592334,0.0030765184860944996,0.0,0
IMC PI,455.0,23.961425520109877,23.937229768696646,23.8,37.95344604187105,1650.0,48.0,48.454635260713715,0.45082372176592334,0.0030765184860944996,0.0,0
IMC PI,456.0,23.959431046713195,23.941781373320648,23.8,37.95075336238055,1650.0,49.0,48.70345169597414,0.45082372176592334,0.0030765184860944996,0.0,0
IMC PI,457.0,23.95619670225572,23.931511821092442,23.8,37.94798546624093,1650.0,48.0,48.280935775208306,0.45082372176592334,0.0030765184860944996,0.0,0
IMC PI,458.0,23.95193511186886,23.981536228077456,23.8,37.945142406148925,1650.0,51.0,50.59200466497762,0.45082372176592334,0.0030765184860944996,0.0,0
IMC PI,459.0,23.946823410466976,23.978227724586063,23.8,37.94222423623231,1650.0,50.0,50.497681568173434,0.45082372176592334,0.0030765184860944996,0.0,0
IMC PI,460.0,23.9413193621409,23.974146772848446,23.8,37.93923101204883,1650.0,50.0,50.36727915969968,0.45082372176592334,0.0030765184860944996,0.0,0
IMC PI,461.0,23.935492688504592,23.981053403659836,23.8,37.936162790585165,1650.0,51.0,50.73434787475804,0.45082372176592334,0.0030765184860944996,0.0,0
IMC PI,462.0,23.929401446655575,23.951867064280943,23.8,37.93301963025582,1650.0,49.0,49.46528064347542,0.45082372176592334,0.0030765184860944996,0.0,0
IMC PI,463.0,23.923093973494662,23.93368336333295,23.8,37.92980159090204,1650.0,49.0,48.68664420364783,0.45082372176592334,0.0030765184860944996,0.0,0
IMC PI,464.0,23.916300301910027,23.917935290944737,23.8,37.926508733790655,1650.0,48.0,48.01296675345393,0.45082372176592334,0.0030765184860944996,0.0,0
IMC PI,465.0,23.909417316158386,23.94852876768455,23.8,37.92314112161292,1650.0,49.0,49.43788840796396,0.45082372176592334,0.0030765184860944996,0.0,0
IMC PI,466.0,23.90153339361755,23.9233187257354,23.8,37.91969881848332,1650.0,48.0,48.33929914816547,0.45082372176592334,0.0030765184860944996,0.0,0
IMC PI,467.0,23.893134098754057,23.91033390602346,23.8,37.916181889938336,1650.0,48.0,47.78785710341833,0.45082372176592334,0.0030765184860944996,0.0,0
IMC PI,468.0,23.884312306617804,23.89964461144826,23.8,37.91259040293522,1650.0,47.0,47.336614195989924,0.45082372176592334,0.0030765184860944996,0.0,0
IMC PI,469.0,23.87483515128326,23.87350333490527,23.8,37.908924425850714,1650.0,46.0,46.18071687457018,0.45082372176592334,0.0030765184860944996,0.0,0
IMC PI,470.0,23.865440624879685,23.874054791995068,23.8,37.90518402847973,1650.0,46.0,46.22836096198757,0.45082372176592334,0.0030765184860944996,0.0,0
IMC PI,471.0,23.856120263482147,23.889750203109497,23.8,37.901369282034054,1650.0,47.0,46.96355914321258,0.45082372176592334,0.0030765184860944996,0.0,0
IMC PI,472.0,23.847177168759135,23.871602635095766,23.8,37.89748025914094,1650.0,46.0,46.16745241097005,0.45082372176592334,0.0030765184860944996,0.0,0
IMC PI,473.0,23.838241976156453,23.879350034677167,23.8,37.893517033841796,1650.0,47.0,46.5411357471552,0.45082372176592334,0.0030765184860944996,0.0,0
IMC PI,474.0,23.829628741283933,23.83780355755753,23.8,37.88947968159071,1650.0,45.0,44.67975233738814,0.45082372176592334,0.0030765184860944996,0.0,0
IMC PI,475.0,23.821287432437728,23.845598323120814,23.8,37.88536827925304,1650.0,45.0,45.04518726794294,0.45082372176592334,0.0030765184860944996,0.0,0
IMC PI,476.0,23.81348652010192,23.85498917074863,23.8,37.881182905103984,1650.0,45.0,45.48546647578816,0.45082372176592334,0.0030765184860944996,0.0,0
IMC PI,477.0,23.806448197154037,23.847718358464235,23.8,37.876923638827016,1650.0,45.0,45.17236165155099,0.45082372176592334,0.0030765184860944996,0.0,0
IMC PI,478.0,23.800045895561155,23.811573342243893,23.8,37.87259056151243,1650.0,44.0,43.5464191381125,0.45082372176592334,0.0030765184860944996,0.0,0
IMC PI,479.0,23.793863913237224,23.821129921055288,23.8,37.86818375565577,1650.0,44.0,43.98375304009639,0.45082372176592334,0.0030765184860944996,0.0,0
IMC PI,480.0,23.788177707672617,23.806308330605287,23.8,37.86370330515627,1650.0,43.0,43.31750135275275,0.45082372176592334,0.0030765184860944996,0.0,0
IMC PI,481.0,23.7825948943907,23.807641874655733,23.8,37.85914929531525,1650.0,43.0,43.37997171881353,0.45082372176592334,0.0030765184860944996,0.0,0
IMC PI,482.0,23.77772056662372,23.81933552466049,23.8,37.85452181283449,1650.0,44.0,43.9130978103365,0.45082372176592334,0.0030765184860944996,0.0,0
IMC PI,483.0,23.773435544429493,23.848298257383778,23.8,37.84982094581459,1650.0,45.0,45.233665554387606,0.45082372176592334,0.0030765184860944996,0.0,0
IMC PI,484.0,23.76964049494635,23.819140786905756,23.8,37.845046783753276,1650.0,44.0,43.925066317044795,0.45082372176592334,0.0030765184860944996,0.0,0
IMC PI,485.0,23.766252624645865,23.813508439142623,23.8,37.840199417543715,1650.0,44.0,43.67530261523331,0.45082372176592334,0.0030765184860944996,0.0,0
IMC PI,486.0,23.763513126958316,23.80019683612728,23.8,37.83527893947277,1650.0,43.0,43.075244530827035,0.45082372176592334,0.0030765184860944996,0.0,0
IMC PI,487.0,23.7613112841469,23.78759619489296,23.8,37.83028544321926,1650.0,43.0,42.50336167946666,0.45082372176592334,0.0030765184860944996,0.0,0
IMC PI,488.0,23.759865027290274,23.76621205851489,23.8,37.82521902385214,1650.0,42.0,41.52891916193685,0.45082372176592334,0.0030765184860944996,0.0,0
IMC PI,489.0,23.759044261141394,23.766063474577628,23.8,37.820079777828745,1650.0,42.0,41.51178001079623,0.45082372176592334,0.0030765184860944996,0.0,0
IMC PI,490.0,23.75843036843415,23.778151377216965,23.8,37.81486780299291,1650.0,42.0,42.05000956722845,0.45082372176592334,0.0030765184860944996,0.0,0
IMC PI,491.0,23.757675993224748,23.759249193710247,23.8,37.809583198573115,1650.0,41.0,41.18531723454097,0.45082372176592334,0.0030765184860944996,0.0,0
IMC PI,492.0,23.757113564565874,23.768963576886197,23.8,37.804226065180615,1650.0,42.0,41.61371625939999,0.45082372176592334,0.0030765184860944996,0.0,0
IMC PI,493.0,23.756708394729014,23.74524286031056,23.8,37.798796504807505,1650.0,41.0,40.527483951191726,0.45082372176592334,0.0030765184860944996,0.0,0
IMC PI,494.0,23.75674177345689,23.719119730341667,23.8,37.793294620824796,1650.0,39.0,39.32490831904012,0.45082372176592334,0.0030765184860944996,0.0,0
IMC PI,495.0,23.757136404713876,23.756987419904505,23.8,37.787720517980425,1650.0,41.0,41.01884069359977,0.45082372176592334,0.0030765184860944996,0.0,0
IMC PI,496.0,23.758138079065535,23.7537684192391,23.8,37.78207430239727,1650.0,41.0,40.85949727628013,0.45082372176592334,0.0030765184860944996,0.0,0
IMC PI,497.0,23.75963992553517,23.758776943174283,23.8,37.77635608157114,1650.0,41.0,41.07261106674359,0.45082372176592334,0.0030765184860944996,0.0,0
IMC PI,498.0,23.761552892490382,23.744610837601204,23.8,37.770565964368714,1650.0,40.0,40.416928844800246,0.45082372176592334,0.0030765184860944996,0.0,0
IMC PI,499.0,23.764112981817558,23.782954011690823,23.8,37.76470406102548,1650.0,42.0,42.14028585972561,0.45082372176592334,0.0030765184860944996,0.0,0
IMC PI,500.0,23.766894968839164,23.789128781896938,23.8,37.758770483143635,1650.0,42.0,42.4153145979166,0.45082372176592334,0.0030765184860944996,0.0,0
IMC PI,501.0,23.77016641514644,23.76700049494744,23.8,37.75276534368994,1650.0,41.0,41.407566571296215,0.45082372176592334,0.0030765184860944996,0.0,0
IMC PI,502.0,23.77445900799132,23.756073948888705,23.8,37.74668875699359,1650.0,41.0,40.901458024445205,0.45082372176592334,0.0030765184860944996,0.0,0
IMC PI,503.0,23.778972034308712,23.80376863263082,23.8,37.740540838744046,1650.0,43.0,43.05280693454771,0.45082372176592334,0.0030765184860944996,0.0,0
IMC PI,504.0,23.78366165606148,23.78784595094099,23.8,37.734321705988805,1650.0,42.0,42.3312354568963,0.45082372176592334,0.0030765184860944996,0.0,0
IMC PI,505.0,23.788491356391063,23.78190150152299,23.8,37.728031477131196,1650.0,42.0,42.05767753933563,0.45082372176592334,0.0030765184860944996,0.0,0
IMC PI,506.0,23.793740923451583,23.804971145008004,23.8,37.7216702719281,1650.0,43.0,43.09924117485968,0.45082372176592334,0.0030765184860944996,0.0,0
IMC PI,507.0,23.79871142429543,23.8406756300816,23.8,37.715238211487694,1650.0,45.0,44.72139799210901,0.45082372176592334,0.0030765184860944996,0.0,0
IMC PI,508.0,23.803443829744964,23.82344147346371,23.8,37.70873541826715,1650.0,44.0,43.95165314195692,0.45082372176592334,0.0030765184860944996,0.0,0
IMC PI,509.0,23.808282493209948,23.80137653068399,23.8,37.70216201607027,1650.0,43.0,42.95733667171591,0.45082372176592334,0.0030765184860944996,0.0,0
IMC PI,510.0,23.813202686515236,23.815428632090267,23.8,37.695518130045144,1650.0,44.0,43.59558538436105,0.45082372176592334,0.0030765184860944996,0.0,0
IMC PI,511.0,23.81756340926689,23.819246602528985,23.8,37.688803886681804,1650.0,44.0,43.773629801486045,0.45082372176592334,0.0030765184860944996,0.0,0
IMC PI,512.0,23.821764105720284,23.828138492001266,23.8,37.68201941380976,1650.0,44.0,44.18315413110981,0.45082372176592334,0.0030765184860944996,0.0,0
IMC PI,513.0,23.82582594901224,23.8367255816752,23.8,37.67516484059559,1650.0,45.0,44.58157919679752,0.45082372176592334,0.0030765184860944996,0.0,0
IMC PI,514.0,23.829456386238565,23.848544641056534,23.8,37.66824029754049,1650.0,45.0,45.129345279165214,0.45082372176592334,0.0030765184860944996,0.0,0
IMC PI,515.0,23.83210291835631,23.84242381173707,23.8,37.66124591647779,1650.0,45.0,44.86645553786172,0.45082372176592334,0.0030765184860944996,0.0,0
IMC PI,516.0,23.834238725472428,23.84012927766058,23.8,37.6541818305704,1650.0,45.0,44.77535834510914,0.45082372176592334,0.0030765184860944996,0.0,0
IMC PI,517.0,23.83625661615409,23.82798757133799,23.8,37.64704817430835,1650.0,44.0,44.23659184987541,0.45082372176592334,0.0030765184860944996,0.0,0
IMC PI,518.0,23.837862022257337,23.807893250427313,23.8,37.639845083506174,1650.0,43.0,43.33312056902993,0.45082372176592334,0.0030765184860944996,0.0,0
IMC PI,519.0,23.839121166123967,23.834319746724066,23.8,37.632572695300325,1650.0,45.0,44.53504824392699,0.45082372176592334,0.0030765184860944996,0.0,0
IMC PI,520.0,23.840089224926842,23.82505152279212,23.8,37.6252311481466,1650.0,44.0,44.12492187050842,0.45082372176592334,0.0030765184860944996,0.0,0
IMC PI,521.0,23.840501967522552,23.8441456287603,23.8,37.61782058181747,1650.0,45.0,44.999310946441454,0.45082372176592334,0.0030765184860944996,0.0,0
IMC PI,522.0,23.840450889642256,23.83790473120805,23.8,37.610341137399445,1650.0,45.0,44.729617940902,0.45082372176592334,0.0030765184860944996,0.0,0
IMC PI,523.0,23.840012222211595,23.81527848267797,23.8,37.602792957290355,1650.0,44.0,43.714273437148805,0.45082372176592334,0.0030765184860944996,0.0,0
IMC PI,524.0,23.83924947559694,23.815208245253885,23.8,37.59517618519667,1650.0,44.0,43.715785812221874,0.45082372176592334,0.0030765184860944996,0.0,0
IMC PI,525.0,23.838525763892047,23.856843506450474,23.8,37.58749096613075,1650.0,46.0,45.61029016299707,0.45082372176592334,0.0030765184860944996,0.0,0
IMC PI,526.0,23.838142174758143,23.842135696833065,23.8,37.5797374464081,1650.0,45.0,44.96019034094571,0.45082372176592334,0.0030765184860944996,0.0,0
IMC PI,527.0,23.837417502652794,23.82207269966122,23.8,37.57191577364455,1650.0,44.0,44.06249354232125,0.45082372176592334,0.0030765184860944996,0.0,0
IMC PI,528.0,23.836717673255514,23.830296063353785,23.8,37.56402609675347,1650.0,44.0,44.44254292474932,0.45082372176592334,0.0030765184860944996,0.0,0
IMC PI,529.0,23.835725709269276,23.807780515161998,23.8,37.556068565942944,1650.0,43.0,43.429882291279874,0.45082372176592334,0.0030765184860944996,0.0,0
IMC PI,530.0,23.834489152034028,23.814413577207116,23.8,37.548043332712886,1650.0,44.0,43.733350826741166,0.45082372176592334,0.0030765184860944996,0.0,0
IMC PI,531.0,23.833357808633952,23.80346587648336,23.8,37.539950549852165,1650.0,43.0,43.24086879154208,0.45082372176592334,0.0030765184860944996,0.0,0
IMC PI,532.0,23.83231147398623,23.790664347191264,23.8,37.531790371435704,1650.0,43.0,42.66087335272159,0.45082372176592334,0.0030765184860944996,0.0,0
IMC PI,533.0,23.83071289542409,23.79904975330256,23.8,37.52356295282154,1650.0,43.0,43.038615006729735,0.45082372176592334,0.0030765184860944996,0.0,0
IMC PI,534.0,23.828964618911716,23.757941296642617,23.8,37.51526845064786,1650.0,41.0,41.17240882614293,0.45082372176592334,0.0030765184860944996,0.0,0
IMC PI,535.0,23.8274005851464,23.769954068834014,23.8,37.506907022830035,1650.0,42.0,41.704729406681714,0.45082372176592334,0.0030765184860944996,0.0,0
IMC PI,536.0,23.82598736746184,23.785415030990507,23.8,37.49847882855758,1650.0,42.0,42.39725916415122,0.45082372176592334,0.0030765184860944996,0.0,0
IMC PI,537.0,23.825007307855014,23.787383503738507,23.8,37.48998402829119,1650.0,42.0,42.482121096798245,0.45082372176592334,0.0030765184860944996,0.0,0
IMC PI,538.0,23.824073784466893,23.80169960402655,23.8,37.4814227837596,1650.0,43.0,43.128047744421835,0.45082372176592334,0.0030765184860944996,0.0,0
IMC PI,539.0,23.823486514050806,23.83016680447831,23.8,37.47279525795657,1650.0,44.0,44.42069754317818,0.45082372176592334,0.0030765184860944996,0.0,0
IMC PI,540.0,23.82318355789703,23.82368645342571,23.8,37.46410161513776,1650.0,44.0,44.13583512637339,0.45082372176592334,0.0030765184860944996,0.0,0
IMC PI,541.0,23.82311330175564,23.834607259478176,23.8,37.45534202081758,1650.0,45.0,44.63881795665273,0.45082372176592334,0.0030765184860944996,0.0,0
IMC PI,542.0,23.82385314328924,23.844768264540196,23.8,37.4465166417661,1650.0,45.0,45.1106732078918,0.45082372176592334,0.0030765184860944996,0.0,0
IMC PI,543.0,23.824950651908253,23.878378071285052,23.8,37.43762564600581,1650.0,47.0,46.64999618286803,0.45082372176592334,0.0030765184860944996,0.0,0
IMC PI,544.0,23.826340515125846,23.841256598158118,23.8,37.42866920280845,1650.0,45.0,44.98916478430691,0.45082372176592334,0.0030765184860944996,0.0,0
IMC PI,545.0,23.827968314888853,23.877185688633553,23.8,37.419647482691786,1650.0,47.0,46.632679732881215,0.45082372176592334,0.0030765184860944996,0.0,0
IMC PI,546.0,23.829478507752153,23.862226210670034,23.8,37.41056065741637,1650.0,46.0,45.977414988506936,0.45082372176592334,0.0030765184860944996,0.0,0
IMC PI,547.0,23.830576308756356,23.844208227033313,23.8,37.40140889998225,1650.0,45.0,45.17872228709508,0.45082372176592334,0.0030765184860944996,0.0,0
IMC PI,548.0,23.83132776146742,23.8541148930503,23.8,37.3921923846257,1650.0,46.0,45.641986838386366,0.45082372176592334,0.0030765184860944996,0.0,0
IMC PI,549.0,23.831477691902215,23.861368497223086,23.8,37.38291128681589,1650.0,46.0,45.98787665294262,0.45082372176592334,0.0030765184860944996,0.0,0
IMC PI,550.0,23.831125145259914,23.860024348353754,23.8,37.37356578325154,1650.0,46.0,45.94574583508723,0.45082372176592334,0.0030765184860944996,0.0,0
IMC PI,551.0,23.829732237362418,23.841016876773594,23.8,37.36415605185757,1650.0,45.0,45.10146284513804,0.45082372176592334,0.0030765184860944996,0.0,0
IMC PI,552.0,23.82809451862479,23.827329149858908,23.8,37.3546822717817,1650.0,44.0,44.49279550959363,0.45082372176592334,0.0030765184860944996,0.0,0
IMC PI,553.0,23.825631118228284,23.861303331496917,23.8,37.345144623391036,1650.0,46.0,46.04329229385442,0.45082372176592334,0.0030765184860944996,0.0,0
IMC PI,554.0,23.82279156061075,23.840926926210336,23.8,37.335543288268674,1650.0,45.0,45.13726685161025,0.45082372176592334,0.0030765184860944996,0.0,0
IMC PI,555.0,23.819948928838492,23.850822912308058,23.8,37.32587844921018,1650.0,46.0,45.59903714284539,0.45082372176592334,0.0030765184860944996,0.0,0
IMC PI,556.0,23.816792204485804,23.87601494862445,23.8,37.316150290220165,1650.0,47.0,46.75814003941355,0.45082372176592334,0.0030765184860944996,0.0,0
IMC PI,557.0,23.813373889040456,23.843287129057263,23.8,37.306358996508756,1650.0,45.0,45.29600966243265,0.45082372176592334,0.0030765184860944996,0.0,0
IMC PI,558.0,23.809737713422432,23.806782586454084,23.8,37.29650475448806,1650.0,44.0,43.65238496192081,0.45082372176592334,0.0030765184860944996,0.0,0
IMC PI,559.0,23.80623030397727,23.828783340191002,23.8,37.28658775176866,1650.0,45.0,44.653086377873045,0.45082372176592334,0.0030765184860944996,0.0,0
IMC PI,560.0,23.803139003738135,23.86132646622682,23.8,37.276608177155964,1650.0,46.0,46.139074898312934,0.45082372176592334,0.0030765184860944996,0.0,0
IMC PI,561.0,23.79977114850614,23.83814136355622,23.8,37.266566220646716,1650.0,45.0,45.105569731770885,0.45082372176592334,0.0030765184860944996,0.0,0
IMC PI,562.0,23.796483110318597,23.843265289783364,23.8,37.256462073425276,1650.0,45.0,45.34987912733095,0.45082372176592334,0.0030765184860944996,0.0,0
IMC PI,563.0,23.79294994578586,23.84070790682261,23.8,37.24629592786005,1650.0,45.0,45.24711009968323,0.45082372176592334,0.0030765184860944996,0.0,0
IMC PI,564.0,23.788902349069083,23.826193678983962,23.8,37.236067977499786,1650.0,45.0,44.600832812166686,0.45082372176592334,0.0030765184860944996,0.0,0
IMC PI,565.0,23.785047983686034,23.824133013611686,23.8,37.22577841706993,1650.0,45.0,44.51535769517244,0.45082372176592334,0.0030765184860944996,0.0,0
IMC PI,566.0,23.78166335377731,23.814610283411664,23.8,37.21542744246887,1650.0,44.0,44.09054530885809,0.45082372176592334,0.0030765184860944996,0.0,0
IMC PI,567.0,23.77835696759049,23.80269444952108,23.8,37.20501525076424,1650.0,44.0,43.5541802029845,0.45082372176592334,0.0030765184860944996,0.0,0
IMC PI,568.0,23.774804070494934,23.801920363269,23.8,37.19454204018917,1650.0,44.0,43.519873361781194,0.45082372176592334,0.0030765184860944996,0.0,0
IMC PI,569.0,23.77135592273703,23.804769474825935,23.8,37.18400801013849,1650.0,44.0,43.649785407110606,0.45082372176592334,0.0030765184860944996,0.0,0
IMC PI,570.0,23.7410547505529,23.783834516382676,23.8,37.17341336116494,550.0,43.0,42.701014478151556,0.45082372176592334,0.0030765184860944996,0.0,0
IMC PI,571.0,23.710953075398493,23.786100747160276,23.8,37.162758294975376,550.0,43.0,42.79890540667495,0.45082372176592334,0.0030765184860944996,0.0,0
IMC PI,572.0,23.681037021871038,23.746986501356847,23.8,37.15204301442689,550.0,41.0,41.019232719099236,0.45082372176592334,0.0030765184860944996,0.0,0
IMC PI,573.0,23.651294909366538,23.735291628162134,23.8,37.14126772352298,550.0,40.0,40.47209244296069,0.45082372176592334,0.0030765184860944996,0.0,0
IMC PI,574.0,23.62202709101731,23.682607575710964,23.8,37.130432627409654,550.0,38.0,38.06085438624066,0.45082372176592334,0.0030765184860944996,0.0,0
IMC PI,575.0,23.593172048323325,23.656004948753058,23.8,37.11953793237153,550.0,37.0,36.81724451314254,0.45082372176592334,0.0030765184860944996,0.0,0
IMC PI,576.0,23.564678407681193,23.64238913303143,23.8,37.10858384582789,550.0,36.0,36.154921966708365,0.45082372176592334,0.0030765184860944996,0.0,0
IMC PI,577.0,23.53650325017571,23.61138215049523,23.8,37.09757057632874,550.0,35.0,34.699025009857515,0.45082372176592334,0.0030765184860944996,0.0,0
IMC PI,578.0,23.5089209071517,23.589619275782553,23.8,37.08649833355088,550.0,34.0,33.65317897371071,0.45082372176592334,0.0030765184860944996,0.0,0
IMC PI,579.0,23.48184818537422,23.545975686874428,23.8,37.07536732829384,550.0,32.0,31.60747140590758,0.45082372176592334,0.0030765184860944996,0.0,0
IMC PI,580.0,23.455836067161723,23.54706593358415,23.8,37.064177772475915,550.0,32.0,31.57880668073045,0.45082372176592334,0.0030765184860944996,0.0,0
IMC PI,581.0,23.4310304183025,23.525987363604365,23.8,37.05292987913012,550.0,31.0,30.54423424982196,0.45082372176592334,0.0030765184860944996,0.0,0
IMC PI,582.0,23.40786142367717,23.470839247820617,23.8,37.04162386240012,550.0,28.000000000000004,27.956759455323564,0.45082372176592334,0.0030765184860944996,0.0,0
IMC PI,583.0,23.386374308442615,23.461793143613946,23.8,37.0302599375362,550.0,27.0,27.444889654150607,0.45082372176592334,0.0030765184860944996,0.0,0
IMC PI,584.0,23.366605209983295,23.402893352848483,23.8,37.01883832089109,550.0,25.0,24.667376771647355,0.45082372176592334,0.0030765184860944996,0.0,0
IMC PI,585.0,23.34858270051671,23.38082626956145,23.8,37.007359229915906,550.0,25.0,23.543580736991487,0.45082372176592334,0.0030765184860944996,0.0,0
IMC PI,586.0,23.332329055890792,23.354030570937805,23.8,36.99582288315601,550.0,25.0,22.198363759634276,0.45082372176592334,0.0030765184860944996,0.0,0
IMC PI,587.0,23.318171516956294,23.3385330124307,23.8,36.9842295002468,550.0,25.0,21.357725887390586,0.45082372176592334,0.0030765184860944996,0.0,0
IMC PI,588.0,23.305759365441798,23.326651370608957,23.8,36.972579301909576,550.0,25.0,20.676446707844814,0.45082372176592334,0.0030765184860944996,0.0,0
IMC PI,589.0,23.295110529295684,23.30416031683482,23.8,36.96087250994733,550.0,25.0,19.509950655815782,0.45082372176592334,0.0030765184860944996,0.0,0
IMC PI,590.0,23.286858853609218,23.297527727423105,23.8,36.949109347240494,550.0,25.0,19.056351267929024,0.45082372176592334,0.0030765184860944996,0.0,0
IMC PI,591.0,23.280907654698847,23.28948743791213,23.8,36.93729003774274,550.0,25.0,18.536815810322953,0.45082372176592334,0.0030765184860944996,0.0,0
IMC PI,592.0,23.277485094562106,23.309733481450653,23.8,36.92541480647668,550.0,25.0,19.298724079487155,0.45082372176592334,0.0030765184860944996,0.0,0
IMC PI,593.0,23.276157943030597,23.300395313779767,23.8,36.9134838795296,550.0,25.0,18.724033023811227,0.45082372176592334,0.0030765184860944996,0.0,0
IMC PI,594.0,23.276565217596765,23.281651789115124,23.8,36.90149748404915,550.0,25.0,17.71955968367652,0.45082372176592334,0.0030765184860944996,0.0,0
IMC PI,595.0,23.278406141977726,23.296455593177765,23.8,36.889455848239024,550.0,25.0,18.23203392044204,0.45082372176592334,0.0030765184860944996,0.0,0
IMC PI,596.0,23.28143011158629,23.311139317702697,23.8,36.87735920135461,550.0,25.0,18.74361216179235,0.45082372176592334,0.0030765184860944996,0.0,0
IMC PI,597.0,23.285428331424633,23.303970889165907,23.8,36.865207773698614,550.0,25.0,18.26783812566326,0.45082372176592334,0.0030765184860944996,0.0,0
IMC PI,598.0,23.2902268476635,23.28340759249048,23.8,36.853001796616724,550.0,25.0,17.18186532261608,0.45082372176592334,0.0030765184860944996,0.0,0
IMC PI,599.0,23.295680740626022,23.289228130592317,23.8,36.840741502493145,550.0,25.0,17.287129077750148,0.45082372176592334,0.0030765184860944996,0.0,0
IMC PI,600.0,23.30166928560868,23.305541936410357,23.8,36.82842712474619,550.0,25.0,17.87047320593249,0.45082372176592334,0.0030765184860944996,0.0,0
IMC PI,601.0,23.30809192023325,23.292081739896904,23.8,36.81605889782387,550.0,25.0,17.10739362547973,0.45082372176592334,0.0030765184860944996,0.0,0
IMC PI,602.0,23.31486488390787,23.29850076051619,23.8,36.8036370571994,550.0,25.0,17.242491133944206,0.45082372176592334,0.0030765184860944996,0.0,0
IMC PI,603.0,23.321918417379038,23.304431344569487,23.8,36.79116183936672,550.0,25.0,17.357393318503355,0.45082372176592334,0.0030765184860944996,0.0,0
IMC PI,604.0,23.329194429026057,23.301119533414134,23.8,36.77863348183599,550.0,25.0,17.05460751763887,0.45082372176592334,0.0030765184860944996,0.0,0
IMC PI,605.0,23.336644550107483,23.28846207792026,23.8,36.76605222312908,550.0,25.0,16.32660381089378,0.45082372176592334,0.0030765184860944996,0.0,0
IMC PI,606.0,23.34422851413429,23.343224557049133,23.8,36.75341830277502,550.0,25.0,18.654898466871217,0.45082372176592334,0.0030765184860944996,0.0,0
IMC PI,607.0,23.351912806348555,23.361460801568086,23.8,36.740731961305436,550.0,25.0,19.342114234292698,0.45082372176592334,0.0030765184860944996,0.0,0
IMC PI,608.0,23.359669538290134,23.337678507777593,23.8,36.727993440249996,550.0,25.0,18.127717952682527,0.45082372176592334,0.0030765184860944996,0.0,0
IMC PI,609.0,23.367475509936618,23.345533571315112,23.8,36.715202982131764,550.0,25.0,18.342025413635916,0.45082372176592334,0.0030765184860944996,0.0,0
IMC PI,610.0,23.375311428154355,23.337012153064865,23.8,36.70236083046264,550.0,25.0,17.815420597612576,0.45082372176592334,0.0030765184860944996,0.0,0
IMC PI,611.0,23.38316125540871,23.339643255325182,23.8,36.689467229738675,550.0,25.0,17.792407325427813,0.45082372176592334,0.0030765184860944996,0.0,0
IMC PI,612.0,23.39101166702364,23.38918824612297,23.8,36.67652242543544,550.0,25.0,19.899626044548768,0.45082372176592334,0.0030765184860944996,0.0,0
IMC PI,613.0,23.398851598899082,23.404732233520452,23.8,36.663526664003335,550.0,25.0,20.478781010457155,0.45082372176592334,0.0030765184860944996,0.0,0
IMC PI,614.0,23.40667187060978,23.406042660475627,23.8,36.65048019286295,550.0,25.0,20.416656462382672,0.45082372176592334,0.0030765184860944996,0.0,0
IMC PI,615.0,23.414464871322036,23.409365239168032,23.8,36.63738326040028,550.0,25.0,20.446266685278623,0.45082372176592334,0.0030765184860944996,0.0,0
IMC PI,616.0,23.422224298058673,23.396790824317044,23.8,36.62423611596203,550.0,25.0,19.75533418678835,0.45082372176592334,0.0030765184860944996,0.0,0
IMC PI,617.0,23.42994493758753,23.409596711705717,23.8,36.61103900985089,550.0,25.0,20.21254567474909,0.45082372176592334,0.0030765184860944996,0.0,0
IMC PI,618.0,23.437622484662878,23.401898373136373,23.8,36.597792193320736,550.0,25.0,19.743009608785464,0.45082372176592334,0.0030765184860944996,0.0,0
IMC PI,619.0,23.44525339056096,23.402748059826624,23.8,36.584495918571854,550.0,25.0,19.659100206630864,0.45082372176592334,0.0030765184860944996,0.0,0
IMC PI,620.0,23.452834736860577,23.444287072354737,23.8,36.57115043874616,550.0,25.0,21.422341689507,0.45082372176592334,0.0030765184860944996,0.0,0
IMC PI,621.0,23.460364130261254,23.426773620686586,23.8,36.557756007922336,550.0,25.0,20.51796995776107,0.45082372176592334,0.0030765184860944996,0.0,0
IMC PI,622.0,23.46783961493269,23.442662263932476,23.8,36.544312881111054,550.0,25.0,21.124332070874328,0.45082372176592334,0.0030765184860944996,0.0,0
IMC PI,623.0,23.475259599473617,23.459309013728927,23.8,36.53082131425006,550.0,25.0,21.769992828997648,0.45082372176592334,0.0030765184860944996,0.0,0
IMC PI,624.0,23.482622796045156,23.533071397692567,23.8,36.51728156419935,550.0,25.0,25.013254997532552,0.45082372176592334,0.0030765184860944996,0.0,0
IMC PI,625.0,23.489928169649573,23.528524870466246,23.8,36.50369388873624,550.0,25.0,24.724766939551998,0.45082372176592334,0.0030765184860944996,0.0,0
IMC PI,626.0,23.497174895863537,23.530595235789626,23.8,36.49005854655048,550.0,25.0,24.735221045868617,0.45082372176592334,0.0030765184860944996,0.0,0
IMC PI,627.0,23.5043623256168,23.530772536951183,23.8,36.476375797239335,550.0,25.0,24.660385876117868,0.45082372176592334,0.0030765184860944996,0.0,0
IMC PI,628.0,23.511489955842034,23.535366816999126,23.8,36.462645901302636,550.0,25.0,24.786092031169105,0.45082372176592334,0.0030765184860944996,0.0,0
IMC PI,629.0,23.518557405017308,23.535327839959105,23.8,36.4488691201378,550.0,25.0,24.70290797443252,0.45082372176592334,0.0030765184860944996,0.0,0
IMC PI,630.0,23.525564392785753,23.510497803762874,23.8,36.435045716034885,550.0,25.0,23.494445155626906,0.45082372176592334,0.0030765184860944996,0.0,0
IMC PI,631.0,23.53251072297288,23.51945221948289,23.8,36.42117595217158,550.0,25.0,23.811820414441225,0.45082372176592334,0.0030765184860944996,0.0,0
IMC PI,632.0,23.539396269435265,23.53865243823889,23.8,36.40726009260819,550.0,25.0,24.597007761765894,0.45082372176592334,0.0030765184860944996,0.0,0
IMC PI,633.0,23.546220964268713,23.513602292643434,23.8,36.39329840228264,550.0,25.0,23.37957699084788,0.45082372176592334,0.0030765184860944996,0.0,0
IMC PI,634.0,23.55298478798263,23.504999905602375,23.8,36.37929114700537,550.0,25.0,22.901003652274397,0.45082372176592334,0.0030765184860944996,0.0,0
IMC PI,635.0,23.5596877613129,23.528979724555313,23.8,36.36523859345433,550.0,25.0,23.898690886286854,0.45082372176592334,0.0030765184860944996,0.0,0
IMC PI,636.0,23.566329938400205,23.52183593407762,23.8,36.35114100916989,550.0,25.0,23.491054176122233,0.45082372176592334,0.0030765184860944996,0.0,0
IMC PI,637.0,23.57291140110615,23.567641512702558,23.8,36.33699866254974,550.0,25.0,25.48459280129861,0.45082372176592334,0.0030765184860944996,0.0,0
IMC PI,638.0,23.579432254277624,23.56865628632163,23.8,36.32281182284376,550.0,25.0,25.459167882091293,0.45082372176592334,0.0030765184860944996,0.0,0
IMC PI,639.0,23.585892621801282,23.57669842538947,23.8,36.308580760148935,550.0,26.0,25.75302744641722,0.45082372176592334,0.0030765184860944996,0.0,0
IMC PI,640.0,23.592292643316515,23.571432322975873,23.8,36.29430574540419,550.0,25.0,25.445299789118568,0.45082372176592334,0.0030765184860944996,0.0,0
IMC PI,641.0,23.59863247147712,23.554794655952385,23.8,36.27998705038521,550.0,25.0,24.619796414830287,0.45082372176592334,0.0030765184860944996,0.0,0
IMC PI,642.0,23.604912269670205,23.547649589603385,23.8,36.26562494769933,550.0,25.0,24.220043804202334,0.45082372176592334,0.0030765184860944996,0.0,0
IMC PI,643.0,23.611132210116164,23.53273958992262,23.8,36.251219710780276,550.0,25.0,23.465642490220816,0.45082372176592334,0.0030765184860944996,0.0,0
IMC PI,644.0,23.617292472286145,23.551032175087595,23.8,36.236771613882986,550.0,25.0,24.213720211121654,0.45082372176592334,0.0030765184860944996,0.0,0
IMC PI,645.0,23.623393241584147,23.569574034229877,23.8,36.22228093207841,550.0,25.0,24.978740231483155,0.45082372176592334,0.0030765184860944996,0.0,0
IMC PI,646.0,23.629434708249583,23.60535676406484,23.8,36.20774794124823,550.0,27.0,26.532028224042648,0.45082372176592334,0.0030765184860944996,0.0,0
IMC PI,647.0,23.63510686236197,23.619343112865714,23.8,36.193172918079654,550.0,27.0,27.10698658078437,0.45082372176592334,0.0030765184860944996,0.0,0
IMC PI,648.0,23.640773298240887,23.615328388085217,23.8,36.17855614006011,550.0,27.0,26.86917870125216,0.45082372176592334,0.0030765184860944996,0.0,0
IMC PI,649.0,23.646425342627353,23.602507085419724,23.8,36.163897885471975,550.0,26.0,26.230404902439762,0.45082372176592334,0.0030765184860944996,0.0,0
IMC PI,650.0,23.652055803154536,23.628742659592753,23.8,36.1491984333873,550.0,27.0,27.360479184210618,0.45082372176592334,0.0030765184860944996,0.0,0
IMC PI,651.0,23.65765872142771,23.639367503845524,23.8,36.13445806366245,550.0,28.000000000000004,27.790053482743687,0.45082372176592334,0.0030765184860944996,0.0,0
IMC PI,652.0,23.66322916725833,23.64158209631619,23.8,36.11967705693282,550.0,28.000000000000004,27.84115500380452,0.45082372176592334,0.0030765184860944996,0.0,0
IMC PI,653.0,23.668763067193254,23.64768193636922,23.8,36.10485569460748,550.0,28.000000000000004,28.069289329440394,0.45082372176592334,0.0030765184860944996,0.0,0
IMC PI,654.0,23.673636653459937,23.6669710970549,23.8,36.0899942588638,550.0,28.999999999999996,28.89796386253678,0.45082372176592334,0.0030765184860944996,0.0,0
IMC PI,655.0,23.677953547048787,23.664648439444555,23.8,36.07509303264209,550.0,28.999999999999996,28.751611789891307,0.45082372176592334,0.0030765184860944996,0.0,0
IMC PI,656.0,23.681800118270885,23.650806196074313,23.8,36.060152299640215,550.0,28.000000000000004,28.081670872936293,0.45082372176592334,0.0030765184860944996,0.0,0
IMC PI,657.0,23.68555856593109,23.645161814290294,23.8,36.045172344308206,550.0,28.000000000000004,27.779572498573412,0.45082372176592334,0.0030765184860944996,0.0,0
IMC PI,658.0,23.6889255080774,23.64849160514257,23.8,36.030153451842814,550.0,28.000000000000004,27.883075531288238,0.45082372176592334,0.0030765184860944996,0.0,0
IMC PI,659.0,23.69164964569697,23.666473784968336,23.8,36.015095908182104,550.0,28.999999999999996,28.65267526784746,0.45082372176592334,0.0030765184860944996,0.0,0
IMC PI,660.0,23.693833278624616,23.67383410089273,23.8,36.0,550.0,28.999999999999996,28.94568059759649,0.45082372176592334,0.0030765184860944996,0.0,0
IMC PI,661.0,23.695561668440934,23.698872944006723,23.8,35.984866014700835,550.0,30.0,30.043379116012076,0.45082372176592334,0.0030765184860944996,0.0,0
IMC PI,662.0,23.696595674119052,23.701504588131915,23.8,35.96969424041387,550.0,30.0,30.131717580359535,0.45082372176592334,0.0030765184860944996,0.0,0
IMC PI,663.0,23.697047719544052,23.690742211467384,23.8,35.95448496598782,550.0,30.0,29.61291074944746,0.45082372176592334,0.0030765184860944996,0.0,0
IMC PI,664.0,23.69732169952175,23.674779533705415,23.8,35.939238480985345,550.0,28.999999999999996,28.85475106170809,0.45082372176592334,0.0030765184860944996,0.0,0
IMC PI,665.0,23.697442500952175,23.68446060801944,23.8,35.92395507567755,550.0,28.999999999999996,29.255650949472127,0.45082372176592334,0.0030765184860944996,0.0,0
IMC PI,666.0,23.69743087481325,23.674879060135247,23.8,35.90863504103844,550.0,28.999999999999996,28.785198353279988,0.45082372176592334,0.0030765184860944996,0.0,0
IMC PI,667.0,23.696993921419246,23.691994414456392,23.8,35.89327866873937,550.0,30.0,29.523571008667478,0.45082372176592334,0.0030765184860944996,0.0,0
IMC PI,668.0,23.696199265949875,23.694689849368096,23.8,35.877886251143565,550.0,30.0,29.612688746015454,0.45082372176592334,0.0030765184860944996,0.0,0
IMC PI,669.0,23.694793062970565,23.691689543401235,23.8,35.862458081300446,550.0,28.999999999999996,29.44410592357744,0.45082372176592334,0.0030765184860944996,0.0,0
IMC PI,670.0,23.692875475326048,23.678390955634775,23.8,35.84699445294014,550.0,28.999999999999996,28.807160793160214,0.45082372176592334,0.0030765184860944996,0.0,0
IMC PI,671.0,23.690529968879126,23.68633087915963,23.8,35.83149566046783,550.0,28.999999999999996,29.130140865405064,0.45082372176592334,0.0030765184860944996,0.0,0
IMC PI,672.0,23.688136299520824,23.689645499306273,23.8,35.81596199895819,550.0,28.999999999999996,29.24562103833925,0.45082372176592334,0.0030765184860944996,0.0,0
IMC PI,673.0,23.685699231198313,23.715208146407463,23.8,35.80039376414974,550.0,30.0,30.371959438269197,0.45082372176592334,0.0030765184860944996,0.0,0
IMC PI,674.0,23.683222738610418,23.71532178397997,23.8,35.784791252439234,550.0,30.0,30.35103107991071,0.45082372176592334,0.0030765184860944996,0.0,0
IMC PI,675.0,23.680399934725692,23.679308119128684,23.8,35.769154760876006,550.0,28.999999999999996,28.690318557379772,0.45082372176592334,0.0030765184860944996,0.0,0
IMC PI,676.0,23.677286781527684,23.682948696358274,23.8,35.75348458715631,550.0,28.999999999999996,28.818433365034224,0.45082372176592334,0.0030765184860944996,0.0,0
IMC PI,677.0,23.674240115378392,23.640280982233442,23.8,35.73778102961767,550.0,27.0,26.845733745860134,0.45082372176592334,0.0030765184860944996,0.0,0
IMC PI,678.0,23.671245600987085,23.620991835391955,23.8,35.72204438723318,550.0,26.0,25.921061056225426,0.45082372176592334,0.0030765184860944996,0.0,0
IMC PI,679.0,23.668291297389885,23.6385693064521,23.8,35.706274959605835,550.0,27.0,26.663830697189915,0.45082372176592334,0.0030765184860944996,0.0,0
IMC PI,680.0,23.665367258952873,23.656106137529523,23.8,35.69047304696279,550.0,27.0,27.410163429827676,0.45082372176592334,0.0030765184860944996,0.0,0
IMC PI,681.0,23.662154998792964,23.674592089422895,23.8,35.67463895014971,550.0,28.000000000000004,28.204972017603936,0.45082372176592334,0.0030765184860944996,0.0,0
IMC PI,682.0,23.658700812775507,23.670832430296365,23.8,35.65877297062496,550.0,28.000000000000004,27.995739024004873,0.45082372176592334,0.0030765184860944996,0.0,0
IMC PI,683.0,23.655353482588016,23.633058043452774,23.8,35.64287541045391,550.0,26.0,26.241420056037317,0.45082372176592334,0.0030765184860944996,0.0,0
IMC PI,684.0,23.65209196113421,23.62999824107152,23.8,35.626946572303204,550.0,26.0,26.051175550897543,0.45082372176592334,0.0030765184860944996,0.0,0
IMC PI,685.0,23.649519122864554,23.6396105941648,23.8,35.61098675943495,550.0,26.0,26.43517913333911,0.45082372176592334,0.0030765184860944996,0.0,0
IMC PI,686.0,23.64782418019287,23.636752181318954,23.8,35.594996275700986,550.0,26.0,26.25609160838963,0.45082372176592334,0.0030765184860944996,0.0,0
IMC PI,687.0,23.646542930626573,23.631004664560013,23.8,35.57897542553707,550.0,26.0,25.944988191417373,0.45082372176592334,0.0030765184860944996,0.0,0
IMC PI,688.0,23.645600263568635,23.638823729751564,23.8,35.56292451395709,550.0,26.0,26.24790402096202,0.45082372176592334,0.0030765184860944996,0.0,0
IMC PI,689.0,23.644623403585804,23.62634441133218,23.8,35.54684384654728,550.0,26.0,25.631881280594126,0.45082372176592334,0.0030765184860944996,0.0,0
IMC PI,690.0,23.64361342159253,23.644146668872597,23.8,35.53073372946036,550.0,26.0,26.386500715181466,0.45082372176592334,0.0030765184860944996,0.0,0
IMC PI,691.0,23.64319163132864,23.663289226501565,23.8,35.51459446940973,550.0,27.0,27.20743330043082,0.45082372176592334,0.0030765184860944996,0.0,0
IMC PI,692.0,23.6432524147768,23.671913428392365,23.8,35.49842637366365,550.0,28.000000000000004,27.556826709260818,0.45082372176592334,0.0030765184860944996,0.0,0
IMC PI,693.0,23.643707785355502,23.650141380166755,23.8,35.482229750039345,550.0,27.0,26.52918684668537,0.45082372176592334,0.0030765184860944996,0.0,0
IMC PI,694.0,23.644484449287432,23.6502517382908,23.8,35.46600490689719,550.0,26.0,26.488091723165486,0.45082372176592334,0.0030765184860944996,0.0,0
IMC PI,695.0,23.645521356740268,23.648167184337037,23.8,35.4497521531348,550.0,26.0,26.347403439581395,0.45082372176592334,0.0030765184860944996,0.0,0
IMC PI,696.0,23.646767661111188,23.63880091315227,23.8,35.4334717981812,550.0,26.0,25.875556519059973,0.45082372176592334,0.0030765184860944996,0.0,0
IMC PI,697.0,23.64818101843113,23.647436704375867,23.8,35.41716415199086,550.0,26.0,26.2179420931128,0.45082372176592334,0.0030765184860944996,0.0,0
IMC PI,698.0,23.649726170202154,23.65635372072754,23.8,35.40082952503787,550.0,27.0,26.575749299619687,0.45082372176592334,0.0030765184860944996,0.0,0
IMC PI,699.0,23.651063558347442,23.657106342445914,23.8,35.38446822830997,550.0,27.0,26.56571777413449,0.45082372176592334,0.0030765184860944996,0.0,0
IMC PI,700.0,23.651911738068755,23.644413197468293,23.8,35.36808057330268,550.0,26.0,25.945614120743805,0.45082372176592334,0.0030765184860944996,0.0,0
IMC PI,701.0,23.6526580927842,23.626971881434052,23.8,35.35166687201331,550.0,25.0,25.106085799500377,0.45082372176592334,0.0030765184860944996,0.0,0
IMC PI,702.0,23.653623962485323,23.630570616714646,23.8,35.335227436935085,550.0,25.0,25.216200059808653,0.45082372176592334,0.0030765184860944996,0.0,0
IMC PI,703.0,23.654765454540122,23.624372704283765,23.8,35.318762581051146,550.0,25.0,24.882751402688353,0.45082372176592334,0.0030765184860944996,0.0,0
IMC PI,704.0,23.65604601972187,23.642642782730018,23.8,35.30227261782863,550.0,26.0,25.657998640112726,0.45082372176592334,0.0030765184860944996,0.0,0
IMC PI,705.0,23.657435228253764,23.624330392519397,23.8,35.285757861212645,550.0,25.0,24.77838756970862,0.45082372176592334,0.0030765184860944996,0.0,0
IMC PI,706.0,23.658597545764966,23.61333990748941,23.8,35.26921862562037,550.0,25.0,24.225484110663057,0.45082372176592334,0.0030765184860944996,0.0,0
IMC PI,707.0,23.659565084401375,23.610714205800335,23.8,35.252655225935,550.0,25.0,24.04887712539036,0.45082372176592334,0.0030765184860944996,0.0,0
IMC PI,708.0,23.66067482849418,23.627845042040846,23.8,35.236067977499786,550.0,25.0,24.768212069417935,0.45082372176592334,0.0030765184860944996,0.0,0
IMC PI,709.0,23.66220612619843,23.627042124520266,23.8,35.219457196112046,550.0,25.0,24.67880383280511,0.45082372176592334,0.0030765184860944996,0.0,0
IMC PI,710.0,23.664080099050977,23.6237711535884,23.8,35.20282319801709,550.0,25.0,24.4771235734991,0.45082372176592334,0.0030765184860944996,0.0,0
IMC PI,711.0,23.666231050295213,23.61252815067008,23.8,35.18616629990228,550.0,25.0,23.912586270544296,0.45082372176592334,0.0030765184860944996,0.0,0
IMC PI,712.0,23.668294063757568,23.68347941239563,23.8,35.169486818890945,550.0,27.0,27.075389683876832,0.45082372176592334,0.0030765184860944996,0.0,0
IMC PI,713.0,23.67058697814044,23.65755424146076,23.8,35.15278507253636,550.0,26.0,25.862797778107964,0.45082372176592334,0.0030765184860944996,0.0,0
IMC PI,714.0,23.673062990114186,23.654154243370073,23.8,35.13606137881569,550.0,26.0,25.664648082144936,0.45082372176592334,0.0030765184860944996,0.0,0
IMC PI,715.0,23.67568313187983,23.630581514543294,23.8,35.11931605612397,550.0,25.0,24.549811637718868,0.45082372176592334,0.0030765184860944996,0.0,0
IMC PI,716.0,23.678414965158826,23.634792376554618,23.8,35.102549423267995,550.0,25.0,24.688820855340264,0.45082372176592334,0.0030765184860944996,0.0,0
IMC PI,717.0,23.681231492851797,23.64727147753077,23.8,35.0857617994603,550.0,25.0,25.20442111770333,0.45082372176592334,0.0030765184860944996,0.0,0
IMC PI,718.0,23.684110252088093,23.671038956949513,23.8,35.06895350431303,550.0,26.0,26.236240367265566,0.45082372176592334,0.0030765184860944996,0.0,0
IMC PI,719.0,23.68703255843438,23.67637727056078,23.8,35.0521248578319,550.0,26.0,26.438871447042022,0.45082372176592334,0.0030765184860944996,0.0,0
IMC PI,720.0,23.689362467905795,23.65600094043275,23.8,35.03527618041008,550.0,25.0,25.475956571743158,0.45082372176592334,0.0030765184860944996,0.0,0
FNN Self-tuning PI,0.0,28.526330420675666,28.50054590160386,24.5,32.96472381958992,550.0,30.0,100.0,0.45984019620124184,0.00338417033470395,153.6,0
FNN Self-tuning PI,1.0,28.5525626650239,28.50315598837741,24.5,32.98159220717789,550.0,35.0,100.0,0.45984019620124184,0.00338417033470395,153.6,0
FNN Self-tuning PI,2.0,28.578697285727706,28.541479202913607,24.5,32.99847998378223,550.0,40.0,100.0,0.45984019620124184,0.00338417033470395,153.6,0
FNN Self-tuning PI,3.0,28.60473483208834,28.526406095042564,24.5,33.01538682788403,550.0,45.0,100.0,0.45984019620124184,0.00338417033470395,153.6,0
FNN Self-tuning PI,4.0,28.63067585004166,28.527773548921083,24.5,33.03231241760133,550.0,50.0,100.0,0.45984019620124184,0.00338417033470395,153.6,0
FNN Self-tuning PI,5.0,28.656520882174426,28.566441388939126,24.5,33.04925643069531,550.0,55.00000000000001,100.0,0.4598401962012419,0.0036918221833133996,84.2,0
FNN Self-tuning PI,6.0,28.682270467740548,28.581079560601125,24.5,33.06621854457638,550.0,60.0,100.0,0.4598401962012419,0.0036918221833133996,84.2,0
FNN Self-tuning PI,7.0,28.707925142677215,28.65053783297254,24.5,33.08319843631034,550.0,65.0,100.0,0.4598401962012419,0.0036918221833133996,84.2,0
FNN Self-tuning PI,8.0,28.724179317172005,28.693329207642453,24.5,33.10019578262454,550.0,70.0,100.0,0.4598401962012419,0.0036918221833133996,84.2,0
FNN Self-tuning PI,9.0,28.7310782876382,28.721428695047347,24.5,33.117210259913996,550.0,75.0,100.0,0.4598401962012419,0.0036918221833133996,84.2,0
FNN Self-tuning PI,10.0,28.728667118514835,28.75533281307241,24.5,33.13424154424759,550.0,80.0,100.0,0.45984019620124184,0.0036918221833133996,72.8,0
FNN Self-tuning PI,11.0,28.716990643455325,28.75258729846935,24.5,33.151289311374214,550.0,85.0,100.0,0.45984019620124184,0.0036918221833133996,72.8,0
FNN Self-tuning PI,12.0,28.696093466510035,28.72911881971775,24.5,33.16835323672896,550.0,90.0,100.0,0.45984019620124184,0.0036918221833133996,72.8,0
FNN Self-tuning PI,13.0,28.66601996330277,28.726026211740134,24.5,33.18543299543929,550.0,95.0,100.0,0.45984019620124184,0.0036918221833133996,72.8,0
FNN Self-tuning PI,14.0,28.626814282201238,28.698923965731854,24.5,33.202528262331214,550.0,100.0,100.0,0.45984019620124184,0.0036918221833133996,72.8,0
FNN Self-tuning PI,15.0,28.578520345481547,28.656429873135934,24.5,33.21963871193549,550.0,100.0,100.0,0.45984019620124184,0.003691822183313399,74.7,0
FNN Self-tuning PI,16.0,28.521181850486713,28.615558298601993,24.5,33.23676401849382,550.0,100.0,100.0,0.45984019620124184,0.003691822183313399,74.7,0
FNN Self-tuning PI,17.0,28.45484227077925,28.575789763537486,24.5,33.25390385596506,550.0,100.0,100.0,0.45984019620124184,0.003691822183313399,74.7,0
FNN Self-tuning PI,18.0,28.379544857287858,28.53864603566728,24.5,33.27105789803141,550.0,100.0,100.0,0.45984019620124184,0.003691822183313399,74.7,0
FNN Self-tuning PI,19.0,28.295332639448244,28.48686409105829,24.5,33.288225818104635,550.0,100.0,100.0,0.45984019620124184,0.003691822183313399,74.7,0
FNN Self-tuning PI,20.0,28.20224842633808,28.399648850131552,24.5,33.30540728933228,550.0,100.0,100.0,0.45984019620124184,0.0036918221833133996,75.2,0
FNN Self-tuning PI,21.0,28.100334807806185,28.33741842731461,24.5,33.3226019846039,550.0,100.0,100.0,0.45984019620124184,0.0036918221833133996,75.2,0
FNN Self-tuning PI,22.0,27.9896341555959,28.265822888514737,24.5,33.339809576557286,550.0,100.0,100.0,0.45984019620124184,0.0036918221833133996,75.2,0
FNN Self-tuning PI,23.0,27.87173964487089,28.191727456542587,24.5,33.357029737584696,550.0,100.0,100.0,0.45984019620124184,0.0036918221833133996,75.2,0
FNN Self-tuning PI,24.0,27.747978270340628,28.095657294882024,24.5,33.374262139839075,550.0,100.0,100.0,0.45984019620124184,0.0036918221833133996,75.2,0
FNN Self-tuning PI,25.0,27.619455212913937,27.97572086245006,24.5,33.39150645524033,550.0,100.0,100.0,0.45984019620124184,0.003691822183313399,75.6,0
FNN Self-tuning PI,26.0,27.487090811893484,27.853231439611346,24.5,33.40876235548156,550.0,100.0,100.0,0.45984019620124184,0.003691822183313399,75.6,0
FNN Self-tuning PI,27.0,27.351651375121214,27.738102410829327,24.5,33.426029512035285,550.0,100.0,100.0,0.45984019620124184,0.003691822183313399,75.6,0
FNN Self-tuning PI,28.0,27.213774854082956,27.603916879347604,24.5,33.44330759615974,550.0,100.0,100.0,0.45984019620124184,0.003691822183313399,75.6,0
FNN Self-tuning PI,29.0,27.073992239812448,27.48825059395754,24.5,33.46059627890511,550.0,100.0,100.0,0.45984019620124184,0.003691822183313399,75.6,0
FNN Self-tuning PI,30.0,26.93274539279492,27.347625927969958,24.5,33.477895231119795,550.0,100.0,100.0,0.45984019620124184,0.003691822183313399,90.5,0
FNN Self-tuning PI,31.0,26.790401901203804,27.2392662916573,24.5,33.49520412345668,550.0,100.0,100.0,0.45984019620124184,0.003691822183313399,90.5,0
FNN Self-tuning PI,32.0,26.647267462748374,27.06421104125832,24.5,33.51252262637941,550.0,100.0,100.0,0.45984019620124184,0.003691822183313399,90.5,0
FNN Self-tuning PI,33.0,26.503596202864006,26.937302254985138,24.5,33.52985041016865,550.0,100.0,100.0,0.45984019620124184,0.003691822183313399,90.5,0
FNN Self-tuning PI,34.0,26.35959927318797,26.800548455365103,24.5,33.54718714492837,550.0,100.0,100.0,0.45984019620124184,0.003691822183313399,90.5,0
FNN Self-tuning PI,35.0,26.215452016939953,26.662564943918778,24.5,33.56453250059214,550.0,99.0,99.44342881095383,0.4598401962012419,0.0036918221833133996,82.5,0
FNN Self-tuning PI,36.0,26.071299940056583,26.511522610610758,24.5,33.581886146929385,550.0,94.0,93.24051357225744,0.4598401962012419,0.0036918221833133996,82.5,0
FNN Self-tuning PI,37.0,25.927263687121076,26.345490599717664,24.5,33.599247753551694,550.0,89.0,86.28701663929414,0.4598401962012419,0.0036918221833133996,82.5,0
FNN Self-tuning PI,38.0,25.783443187955523,26.18428943250447,24.5,33.6166169899191,550.0,84.0,79.4961487123798,0.4598401962012419,0.0036918221833133996,82.5,0
FNN Self-tuning PI,39.0,25.63992111309882,26.08004896590535,24.5,33.63399352534639,550.0,79.0,75.2860790333799,0.4598401962012419,0.0036918221833133996,82.5,0
FNN Self-tuning PI,40.0,25.496765753356037,25.908778710020197,24.5,33.65137702900937,550.0,74.0,67.853232766332,0.4592918665818687,0.003691822183313399,82.0,0
FNN Self-tuning PI,41.0,25.354033419407436,25.749813799507173,24.5,33.66876716995118,550.0,69.0,61.013512750280526,0.4592918665818687,0.003691822183313399,82.0,0
FNN Self-tuning PI,42.0,25.21177044146721,25.64148569195132,24.5,33.686163617088624,550.0,64.0,56.45950709796772,0.4592918665818687,0.003691822183313399,82.0,0
FNN Self-tuning PI,43.0,25.070325039732086,25.51712070438729,24.5,33.7035660392184,550.0,59.0,51.123027248352614,0.4592918665818687,0.003691822183313399,82.0,0
FNN Self-tuning PI,44.0,24.9312261323345,25.383761398520942,24.5,33.7209741050235,550.0,54.0,45.32421179019255,0.4592918665818687,0.003691822183313399,82.0,0
FNN Self-tuning PI,45.0,24.795739777634335,25.24205768000262,24.5,33.73838748307943,550.0,49.0,38.79243909938612,0.45528421783344025,0.003691822183313399,79.9,0
FNN Self-tuning PI,46.0,24.66491302516999,25.109245374024518,24.5,33.75580584186057,550.0,44.0,32.97062697348699,0.45528421783344025,0.003691822183313399,79.9,0
FNN Self-tuning PI,47.0,24.53961045790735,24.96841969991426,24.5,33.77322884974649,550.0,39.0,26.73198850859591,0.45528421783344025,0.003691822183313399,79.9,0
FNN Self-tuning PI,48.0,24.420544643904734,24.83026725790714,24.5,33.790656175028225,550.0,34.0,20.56405465741304,0.45528421783344025,0.003691822183313399,79.9,0
FNN Self-tuning PI,49.0,24.30830151249224,24.668315981186943,24.5,33.808087485914626,550.0,28.999999999999996,13.252807889860133,0.45528421783344025,0.003691822183313399,79.9,0
FNN Self-tuning PI,50.0,24.20336150088082,24.531695001490455,24.5,33.82552245053866,550.0,0.0,7.030837836984204,0.4510142398797007,0.003691822183313399,75.9,0
FNN Self-tuning PI,51.0,24.106117176130564,24.43704497041351,24.5,33.842960736963725,550.0,0.0,2.7387447774305023,0.4510142398797007,0.003691822183313399,75.9,0
FNN Self-tuning PI,52.0,24.016887919919295,24.32389983490691,24.5,33.86040201319,550.0,0.0,0.0,0.4510142398797007,0.003691822183313399,75.9,0
FNN Self-tuning PI,53.0,23.93593216564593,24.252575898888132,24.5,33.87784594716071,550.0,0.0,0.0,0.4510142398797007,0.003691822183313399,75.9,0
FNN Self-tuning PI,54.0,23.863457595813742,24.15211393419094,24.5,33.89529220676851,550.0,0.0,0.0,0.4510142398797007,0.003691822183313399,75.9,0
FNN Self-tuning PI,55.0,23.799629639648003,24.060598468342654,24.5,33.91274045986176,550.0,0.0,0.0,0.43761754617582915,0.003691822183313399,75.9,0
FNN Self-tuning PI,56.0,23.74457855424326,23.96594916296993,24.5,33.93019037425087,550.0,0.0,0.0,0.43761754617582915,0.003691822183313399,75.9,0
FNN Self-tuning PI,57.0,23.698405325319715,23.909511349616654,24.5,33.94764161771462,550.0,0.0,0.0,0.43761754617582915,0.003691822183313399,75.9,0
FNN Self-tuning PI,58.0,23.668631482280674,23.83681904315906,24.5,33.965093858006504,550.0,0.0,0.0,0.43761754617582915,0.003691822183313399,75.9,0
FNN Self-tuning PI,59.0,23.652485749294677,23.77923080356193,24.5,33.98254676286101,550.0,0.0,0.0,0.43761754617582915,0.003691822183313399,75.9,0
FNN Self-tuning PI,60.0,23.647658927133964,23.716637512617346,24.5,34.0,550.0,0.0,0.0,0.42828253567762714,0.0036918221833133987,71.7,0
FNN Self-tuning PI,61.0,23.65222687929735,23.702807984791068,24.5,34.01745323713899,550.0,0.0,0.0,0.42828253567762714,0.0036918221833133987,71.7,0
FNN Self-tuning PI,62.0,23.6645863537849,23.65317968975016,24.5,34.034906141993496,550.0,0.0,0.0,0.42828253567762714,0.0036918221833133987,71.7,0
FNN Self-tuning PI,63.0,23.683401501249147,23.66028964835848,24.5,34.05235838228538,550.0,0.0,0.0,0.42828253567762714,0.0036918221833133987,71.7,0
FNN Self-tuning PI,64.0,23.70755930679332,23.674472544621487,24.5,34.06980962574913,550.0,0.0,0.0,0.42828253567762714,0.0036918221833133987,71.7,0
FNN Self-tuning PI,65.0,23.736132449808814,23.67762672273209,24.5,34.08725954013824,550.0,0.0,0.0,0.42828253567762714,0.003691822183313399,72.9,0
FNN Self-tuning PI,66.0,23.768348353845234,23.67281619658017,24.5,34.10470779323149,550.0,0.0,0.0,0.42828253567762714,0.003691822183313399,72.9,0
FNN Self-tuning PI,67.0,23.80356339484099,23.68307627624391,24.5,34.12215405283929,550.0,0.0,0.0,0.42828253567762714,0.003691822183313399,72.9,0
FNN Self-tuning PI,68.0,23.841241407987575,23.768333224912574,24.5,34.13959798681,550.0,0.0,0.0,0.42828253567762714,0.003691822183313399,72.9,0
FNN Self-tuning PI,69.0,23.88093577678861,23.78432851741617,24.5,34.157039263036275,550.0,0.0,0.0,0.42828253567762714,0.003691822183313399,72.9,0
FNN Self-tuning PI,70.0,23.922274507281134,23.81337209142394,24.5,34.17447754946134,550.0,0.0,0.0,0.43018717848508253,0.003691822183313399,70.6,0
FNN Self-tuning PI,71.0,23.964947789892094,23.824938312118768,24.5,34.191912514085374,550.0,0.0,0.0,0.43018717848508253,0.003691822183313399,70.6,0
FNN Self-tuning PI,72.0,24.00869763432412,23.881002641116858,24.5,34.209343824971775,550.0,0.0,0.0,0.43018717848508253,0.003691822183313399,70.6,0
FNN Self-tuning PI,73.0,24.053309231965706,23.958985427695435,24.5,34.22677115025351,550.0,0.0,0.0,0.43018717848508253,0.003691822183313399,70.6,0
FNN Self-tuning PI,74.0,24.098603757905025,23.97526943480642,24.5,34.24419415813943,550.0,0.0,0.0,0.43018717848508253,0.003691822183313399,70.6,0
FNN Self-tuning PI,75.0,24.14443237261339,24.02693562465856,24.5,34.26161251692057,550.0,0.0,0.0,0.4366058122775034,0.0036918221833133996,70.4,0
FNN Self-tuning PI,76.0,24.190671223353444,24.040256689657195,24.5,34.2790258949765,550.0,0.0,0.0,0.4366058122775034,0.0036918221833133996,70.4,0
FNN Self-tuning PI,77.0,24.237217278691208,24.07679845280801,24.5,34.2964339607816,550.0,0.0,0.0,0.4366058122775034,0.0036918221833133996,70.4,0
FNN Self-tuning PI,78.0,24.283984857261384,24.113496930185466,24.5,34.313836382911376,550.0,0.0,0.0,0.4366058122775034,0.0036918221833133996,70.4,0
FNN Self-tuning PI,79.0,24.330902735076943,24.192855093128237,24.5,34.33123283004882,550.0,0.0,0.0,0.4366058122775034,0.0036918221833133996,70.4,0
FNN Self-tuning PI,80.0,24.377911734958982,24.253440721175682,24.5,34.34862297099063,550.0,0.0,0.0,0.44341340365155657,0.003691822183313399,70.4,0
FNN Self-tuning PI,81.0,24.42496271773341,24.287055902707575,24.5,34.36600647465361,550.0,0.0,0.0,0.44341340365155657,0.003691822183313399,70.4,0
FNN Self-tuning PI,82.0,24.472014908233334,24.307865272871812,24.5,34.3833830100809,550.0,0.0,0.0,0.44341340365155657,0.003691822183313399,70.4,0
FNN Self-tuning PI,83.0,24.519034500306123,24.35260107323132,24.5,34.400752246448306,550.0,0.0,0.0,0.44341340365155657,0.003691822183313399,70.4,0
FNN Self-tuning PI,84.0,24.56599349432441,24.425555961940667,24.5,34.418113853070615,550.0,0.0,2.249674414128217,0.44341340365155657,0.003691822183313399,70.4,0
FNN Self-tuning PI,85.0,24.612868728450284,24.459041191151933,24.5,34.43546749940786,550.0,0.0,3.6940234002673975,0.44959270825632436,0.003691822183313399,70.5,0
FNN Self-tuning PI,86.0,24.6596410713605,24.521110984813227,24.5,34.45281285507163,550.0,0.0,6.492429863781152,0.44959270825632436,0.003691822183313399,70.5,0
FNN Self-tuning PI,87.0,24.7062947495225,24.5533590786788,24.5,34.47014958983135,550.0,0.0,7.961979872528587,0.44959270825632436,0.003691822183313399,70.5,0
FNN Self-tuning PI,88.0,24.75281678659605,24.61224070940826,24.5,34.48747737362059,550.0,0.0,10.650692329235651,0.44959270825632436,0.003691822183313399,70.5,0
FNN Self-tuning PI,89.0,24.79919653627294,24.650257511348446,24.5,34.50479587654332,550.0,0.0,12.415372424949553,0.44959270825632436,0.003691822183313399,70.5,0
FNN Self-tuning PI,90.0,24.872364068491855,24.714537543958595,24.5,34.522104768880205,1650.0,25.0,15.438635492847592,0.4521133032862691,0.0036918221833133996,70.5,0
FNN Self-tuning PI,91.0,24.945243929638092,24.754025889026224,24.5,34.53940372109489,1650.0,25.0,17.317737947055228,0.4521133032862691,0.0036918221833133996,70.5,0
FNN Self-tuning PI,92.0,25.017831038505193,24.804539459959546,24.5,34.55669240384026,1650.0,25.0,19.713954241997488,0.4521133032862691,0.0036918221833133996,70.5,0
FNN Self-tuning PI,93.0,25.09012143121136,24.90191219652964,24.5,34.573970487964715,1650.0,25.0,24.264684036359604,0.4521133032862691,0.0036918221833133996,70.5,0
FNN Self-tuning PI,94.0,25.162112073493134,24.933413068301835,24.5,34.59123764451844,1650.0,26.0,25.848888753701505,0.4521133032862691,0.0036918221833133996,70.5,0
FNN Self-tuning PI,95.0,25.233800704291085,25.02870322564881,24.5,34.60849354475967,1650.0,30.0,30.452114037208254,0.4540017478445453,0.003691822183313399,70.7,0
FNN Self-tuning PI,96.0,25.305185705412168,25.079913269912083,24.5,34.625737860160925,1650.0,33.0,32.99115266490652,0.4540017478445453,0.003691822183313399,70.7,0
FNN Self-tuning PI,97.0,25.376265992922555,25.161189311048613,24.5,34.642970262415304,1650.0,37.0,36.92519847488338,0.4540017478445453,0.003691822183313399,70.7,0
FNN Self-tuning PI,98.0,25.439285824608387,25.226157256694016,24.5,34.66019042344271,1650.0,40.0,40.14283890945532,0.4540017478445453,0.003691822183313399,70.7,0
FNN Self-tuning PI,99.0,25.495574751540776,25.292618947135598,24.5,34.6773980153961,1650.0,43.0,43.452832093168404,0.4540017478445453,0.003691822183313399,70.7,0
FNN Self-tuning PI,100.0,25.54624080257478,25.397531767173568,24.5,34.69459271066772,1650.0,48.0,48.74623000312395,0.4562187699216612,0.0036918221833133996,70.8,0
FNN Self-tuning PI,101.0,25.592207404263146,25.463629720913158,24.5,34.711774181895365,1650.0,52.0,52.11749767608212,0.4562187699216612,0.0036918221833133996,70.8,0
FNN Self-tuning PI,102.0,25.633933943371872,25.486345813735245,24.5,34.72894210196859,1650.0,54.0,53.5179898041106,0.4562187699216612,0.0036918221833133996,70.8,0
FNN Self-tuning PI,103.0,25.670874190465895,25.532350115247898,24.5,34.74609614403494,1650.0,56.00000000000001,55.99791769447321,0.4562187699216612,0.0036918221833133996,70.8,0
FNN Self-tuning PI,104.0,25.702889187569905,25.594218234010846,24.5,34.76323598150618,1650.0,59.0,59.22442331338389,0.4562187699216612,0.0036918221833133996,70.8,0
FNN Self-tuning PI,105.0,25.729557438291916,25.634063531516826,24.5,34.78036128806451,1650.0,62.0,61.622156503088874,0.457640558325889,0.003691822183313399,70.0,0
FNN Self-tuning PI,106.0,25.75084387483885,25.652569589599544,24.5,34.797471737668786,1650.0,63.0,62.8945769762971,0.457640558325889,0.003691822183313399,70.0,0
FNN Self-tuning PI,107.0,25.766723726308964,25.67792802801312,24.5,34.81456700456071,1650.0,64.0,64.48995205009982,0.457640558325889,0.003691822183313399,70.0,0
FNN Self-tuning PI,108.0,25.77656037153654,25.736167553181083,24.5,34.83164676327104,1650.0,68.0,67.61160001106255,0.457640558325889,0.003691822183313399,70.0,0
FNN Self-tuning PI,109.0,25.780140888125214,25.73691230659298,24.5,34.848710688625786,1650.0,68.0,68.10232897701547,0.457640558325889,0.003691822183313399,70.0,0
FNN Self-tuning PI,110.0,25.7779141099759,25.759594203047566,24.5,34.86575845575241,1650.0,70.0,69.70040861852425,0.4583951210530258,0.003691822183313399,71.2,0
FNN Self-tuning PI,111.0,25.770256911897473,25.793693449693723,24.5,34.882789740086004,1650.0,72.0,71.74111006554112,0.4583951210530258,0.003691822183313399,71.2,0
FNN Self-tuning PI,112.0,25.757175984069182,25.786268368347198,24.5,34.89980421737546,1650.0,72.0,71.87561536887004,0.4583951210530258,0.003691822183313399,71.2,0
FNN Self-tuning PI,113.0,25.738681211233065,25.771322658457592,24.5,34.91680156368965,1650.0,72.0,71.65986103872741,0.4583951210530258,0.003691822183313399,71.2,0
FNN Self-tuning PI,114.0,25.71540552631844,25.749167999625765,24.5,34.93378145542362,1650.0,71.0,71.1054729001874,0.4583951210530258,0.003691822183313399,71.2,0
FNN Self-tuning PI,115.0,25.687877654445117,25.720466779132053,24.5,34.95074356930469,1650.0,70.0,70.21169290851755,0.45815992677472306,0.003691822183313399,70.7,0
FNN Self-tuning PI,116.0,25.655608862008442,25.71919755107592,24.5,34.967687582398675,1650.0,71.0,70.60364802168199,0.45815992677472306,0.003691822183313399,70.7,0
FNN Self-tuning PI,117.0,25.6194384318067,25.70127581143566,24.5,34.98461317211597,1650.0,70.0,70.22603539844997,0.45815992677472306,0.003691822183313399,70.7,0
FNN Self-tuning PI,118.0,25.579445104101794,25.704007538482255,24.5,35.00152001621777,1650.0,71.0,70.79569035875814,0.45815992677472306,0.003691822183313399,70.7,0
FNN Self-tuning PI,119.0,25.53569722754691,25.65218822092154,24.5,35.01840779282211,1650.0,69.0,68.84690428817991,0.45815992677472306,0.003691822183313399,70.7,0
FNN Self-tuning PI,120.0,25.488874885235646,25.625393206760922,23.8,35.03527618041008,1650.0,74.0,99.99717422950432,0.4598401962012418,0.003691822183313399,70.0,0
FNN Self-tuning PI,121.0,25.43954453235113,25.555739319531053,23.8,35.0521248578319,1650.0,79.0,97.44239624930415,0.4598401962012418,0.003691822183313399,70.0,0
FNN Self-tuning PI,122.0,25.388488139574672,25.505576740876386,23.8,35.06895350431303,1650.0,84.0,95.76538785298298,0.4598401962012418,0.003691822183313399,70.0,0
FNN Self-tuning PI,123.0,25.336355578854228,25.47301479978195,23.8,35.0857617994603,1650.0,89.0,94.88570622991178,0.4598401962012418,0.003691822183313399,70.0,0
FNN Self-tuning PI,124.0,25.283066240648548,25.428327397228667,23.8,35.102549423267995,1650.0,93.0,93.43194935480781,0.4598401962012418,0.003691822183313399,70.0,0
FNN Self-tuning PI,125.0,25.22917459054541,25.38421232974235,23.8,35.11931605612397,1650.0,92.0,91.98822424817608,0.4598401962012418,0.003691822183313399,70.9,0
FNN Self-tuning PI,126.0,25.174520516222884,25.34890594202398,23.8,35.13606137881569,1650.0,91.0,90.93652315428177,0.4598401962012418,0.003691822183313399,70.9,0
FNN Self-tuning PI,127.0,25.11990243753983,25.285369015839787,23.8,35.15278507253636,1650.0,89.0,88.5632117223339,0.4598401962012418,0.003691822183313399,70.9,0
FNN Self-tuning PI,128.0,25.063811027250672,25.240334382969895,23.8,35.169486818890945,1650.0,87.0,87.02408412350339,0.4598401962012418,0.003691822183313399,70.9,0
FNN Self-tuning PI,129.0,25.004995726246023,25.196486023109745,23.8,35.18616629990228,1650.0,86.0,85.52331809126437,0.4598401962012418,0.003691822183313399,70.9,0
FNN Self-tuning PI,130.0,24.94242157858497,25.145026369471978,23.8,35.20282319801709,1650.0,84.0,83.52826108302791,0.4589086523493723,0.0036918221833133996,70.8,0
FNN Self-tuning PI,131.0,24.875233260878154,25.0820611114229,23.8,35.219457196112046,1650.0,81.0,81.11204507656602,0.4589086523493723,0.0036918221833133996,70.8,0
FNN Self-tuning PI,132.0,24.803035311043867,25.023215114388755,23.8,35.236067977499786,1650.0,79.0,78.86314062648307,0.4589086523493723,0.0036918221833133996,70.8,0
FNN Self-tuning PI,133.0,24.727054772468584,24.97309799491898,23.8,35.252655225935,1650.0,77.0,76.99630957101662,0.4589086523493723,0.0036918221833133996,70.8,0
FNN Self-tuning PI,134.0,24.648312266274672,24.929017434174632,23.8,35.26921862562037,1650.0,75.0,75.39022765930063,0.4589086523493723,0.0036918221833133996,70.8,0
FNN Self-tuning PI,135.0,24.567966608807705,24.851183409085834,23.8,35.285757861212645,1650.0,72.0,72.0207661745,0.45714236732249225,0.003691822183313399,70.7,0
FNN Self-tuning PI,136.0,24.48698009242759,24.75414658353565,23.8,35.30227261782863,1650.0,68.0,67.93705571187587,0.45714236732249225,0.003691822183313399,70.7,0
FNN Self-tuning PI,137.0,24.405841052644064,24.676037830255975,23.8,35.318762581051146,1650.0,65.0,64.68979126310403,0.45714236732249225,0.003691822183313399,70.7,0
FNN Self-tuning PI,138.0,24.325264778454994,24.588874120104705,23.8,35.335227436935085,1650.0,61.0,60.99640708043217,0.45714236732249225,0.003691822183313399,70.7,0
FNN Self-tuning PI,139.0,24.24615420394966,24.499037122918608,23.8,35.35166687201331,1650.0,57.00000000000001,57.147649399487555,0.45714236732249225,0.003691822183313399,70.7,0
FNN Self-tuning PI,140.0,24.168946750723556,24.392556784582833,23.8,35.36808057330268,1650.0,52.0,52.33538756754985,0.45438557049903383,0.003691822183313399,70.2,0
FNN Self-tuning PI,141.0,24.094003634142826,24.29378904880289,23.8,35.38446822830997,1650.0,48.0,48.02982230704785,0.45438557049903383,0.003691822183313399,70.2,0
FNN Self-tuning PI,142.0,24.021622581165076,24.223937458643537,23.8,35.40082952503787,1650.0,45.0,45.01237701398143,0.45438557049903383,0.003691822183313399,70.2,0
FNN Self-tuning PI,143.0,23.95235863251906,24.136736991440298,23.8,35.41716415199086,1650.0,41.0,41.17443091968297,0.45438557049903383,0.003691822183313399,70.2,0
FNN Self-tuning PI,144.0,23.8869797814519,24.070766583080676,23.8,35.4334717981812,1650.0,38.0,38.276792963620586,0.45438557049903383,0.003691822183313399,70.2,0
FNN Self-tuning PI,145.0,23.825809605393587,23.990038128929783,23.8,35.4497521531348,1650.0,35.0,34.632786843920826,0.45196603772007743,0.003691822183313399,69.9,0
FNN Self-tuning PI,146.0,23.76942326730785,23.93165208894655,23.8,35.46600490689719,1650.0,32.0,32.04253973922728,0.45196603772007743,0.003691822183313399,69.9,0
FNN Self-tuning PI,147.0,23.718293912316494,23.88639671624909,23.8,35.482229750039345,1650.0,30.0,30.029046722227125,0.45196603772007743,0.003691822183313399,69.9,0
FNN Self-tuning PI,148.0,23.673119906119588,23.80362237950744,23.8,35.49842637366365,1650.0,26.0,26.28926514012622,0.45196603772007743,0.003691822183313399,69.9,0
FNN Self-tuning PI,149.0,23.63416542903797,23.78183103372441,23.8,35.51459446940973,1650.0,25.0,25.297662659837254,0.45196603772007743,0.003691822183313399,69.9,0
FNN Self-tuning PI,150.0,23.6013343711463,23.73718621920236,23.8,35.53073372946036,1650.0,25.0,23.275712635060096,0.4489358589367646,0.003691822183313399,70.5,0
FNN Self-tuning PI,151.0,23.574852311892197,23.693539408953416,23.8,35.54684384654728,1650.0,25.0,21.276947452996676,0.4489358589367646,0.003691822183313399,70.5,0
FNN Self-tuning PI,152.0,23.55459102786664,23.638961623274565,23.8,35.56292451395709,1650.0,25.0,18.7673024385805,0.4489358589367646,0.003691822183313399,70.5,0
FNN Self-tuning PI,153.0,23.540439186833673,23.631206203588935,23.8,35.57897542553707,1650.0,25.0,18.35681817058256,0.4489358589367646,0.003691822183313399,70.5,0
FNN Self-tuning PI,154.0,23.532299555324666,23.58267904899507,23.8,35.594996275700986,1650.0,25.0,16.098029156865383,0.4489358589367646,0.003691822183313399,70.5,0
FNN Self-tuning PI,155.0,23.529776467435138,23.59059117516794,23.8,35.61098675943495,1650.0,25.0,16.468186325041422,0.44452995738049544,0.003691822183313399,69.8,0
FNN Self-tuning PI,156.0,23.53315769060124,23.588957123298204,23.8,35.626946572303204,1650.0,25.0,16.317634546856485,0.44452995738049544,0.003691822183313399,69.8,0
FNN Self-tuning PI,157.0,23.541746529981886,23.558053232215823,23.8,35.64287541045391,1650.0,25.0,14.854541563833573,0.44452995738049544,0.003691822183313399,69.8,0
FNN Self-tuning PI,158.0,23.554650820363378,23.563053296764366,23.8,35.65877297062496,1650.0,25.0,14.989332902373114,0.44452995738049544,0.003691822183313399,69.8,0
FNN Self-tuning PI,159.0,23.571127207836657,23.53290171554148,23.8,35.67463895014971,1650.0,25.0,13.550396853607863,0.44452995738049544,0.003691822183313399,69.8,0
FNN Self-tuning PI,160.0,23.590556347218914,23.5388264394767,23.8,35.69047304696279,1650.0,25.0,13.75798093047979,0.4429741726604585,0.003691822183313399,70.7,0
FNN Self-tuning PI,161.0,23.61242223324195,23.579191898676594,23.8,35.706274959605835,1650.0,25.0,15.464548095120922,0.4429741726604585,0.003691822183313399,70.7,0
FNN Self-tuning PI,162.0,23.63629497654617,23.59165958368133,23.8,35.72204438723318,1650.0,25.0,15.939918763052763,0.4429741726604585,0.003691822183313399,70.7,0
FNN Self-tuning PI,163.0,23.661816450345896,23.610884239668017,23.8,35.73778102961767,1650.0,25.0,16.721703195170424,0.4429741726604585,0.003691822183313399,70.7,0
FNN Self-tuning PI,164.0,23.688688329320776,23.60901025000125,23.8,35.75348458715631,1650.0,25.0,16.56818027336634,0.4429741726604585,0.003691822183313399,70.7,0
FNN Self-tuning PI,165.0,23.716662122028918,23.640507738926654,23.8,35.769154760876006,1650.0,25.0,17.85581477790881,0.44603019545059347,0.003691822183313399,74.4,0
FNN Self-tuning PI,166.0,23.745530864588126,23.6432099028947,23.8,35.784791252439234,1650.0,25.0,17.918455334327778,0.44603019545059347,0.003691822183313399,74.4,0
FNN Self-tuning PI,167.0,23.775122198747177,23.684023957729096,23.8,35.80039376414974,1650.0,25.0,19.6960691272606,0.44603019545059347,0.003691822183313399,74.4,0
FNN Self-tuning PI,168.0,23.805292603615463,23.742223681994126,23.8,35.81596199895819,1650.0,25.0,22.270622576922385,0.44603019545059347,0.003691822183313399,74.4,0
FNN Self-tuning PI,169.0,23.8359225887746,23.77388398198256,23.8,35.83149566046783,1650.0,25.0,23.673125986643313,0.44603019545059347,0.003691822183313399,74.4,0
FNN Self-tuning PI,170.0,23.866912688541642,23.804044455617888,23.8,35.84699445294014,1650.0,25.0,25.021815875766805,0.45084803291971226,0.003691822183313399,70.4,0
FNN Self-tuning PI,171.0,23.898180123858616,23.847962619039464,23.8,35.862458081300446,1650.0,27.0,27.0195645806672,0.45084803291971226,0.003691822183313399,70.4,0
FNN Self-tuning PI,172.0,23.929656020537315,23.85510965097782,23.8,35.877886251143565,1650.0,27.0,27.362132612928857,0.45084803291971226,0.003691822183313399,70.4,0
FNN Self-tuning PI,173.0,23.961283091133463,23.885586672601164,23.8,35.89327866873937,1650.0,28.999999999999996,28.767780215392985,0.45084803291971226,0.003691822183313399,70.4,0
FNN Self-tuning PI,174.0,23.99301370317866,23.907256535605345,23.8,35.90863504103844,1650.0,30.0,29.784358932045773,0.45084803291971226,0.003691822183313399,70.4,0
FNN Self-tuning PI,175.0,24.024808269377136,23.9279361470399,23.8,35.92395507567755,1650.0,31.0,30.773454439921032,0.45159274376534897,0.0036918221833133987,71.3,0
FNN Self-tuning PI,176.0,24.056633906106477,23.966468315205027,23.8,35.939238480985345,1650.0,33.0,32.57499633630203,0.45159274376534897,0.0036918221833133987,71.3,0
FNN Self-tuning PI,177.0,24.08846331550503,23.990119399019015,23.8,35.95448496598782,1650.0,34.0,33.71325082103798,0.45159274376534897,0.0036918221833133987,71.3,0
FNN Self-tuning PI,178.0,24.120273853881464,24.04865121041646,23.8,35.96969424041387,1650.0,36.0,36.44830255714306,0.45159274376534897,0.0036918221833133987,71.3,0
FNN Self-tuning PI,179.0,24.15142634722953,24.080040105846045,23.8,35.984866014700835,1650.0,38.0,37.96918812572209,0.45159274376534897,0.0036918221833133987,71.3,0
FNN Self-tuning PI,180.0,24.182011646454335,24.121374698410225,23.8,36.0,1650.0,40.0,39.991842187240366,0.45275549960083933,0.003691822183313399,71.3,0
FNN Self-tuning PI,181.0,24.21148513988929,24.13015156949721,23.8,36.015095908182104,1650.0,41.0,40.511105941445,0.45275549960083933,0.003691822183313399,71.3,0
FNN Self-tuning PI,182.0,24.239706259901773,24.168576281577224,23.8,36.030153451842814,1650.0,42.0,42.38687772218241,0.45275549960083933,0.003691822183313399,71.3,0
FNN Self-tuning PI,183.0,24.26655943012107,24.20046585224213,23.8,36.045172344308206,1650.0,44.0,43.978540443723645,0.45275549960083933,0.003691822183313399,71.3,0
FNN Self-tuning PI,184.0,24.29163968806834,24.22082427031119,23.8,36.060152299640215,1650.0,45.0,45.05563985575889,0.45275549960083933,0.003691822183313399,71.3,0
FNN Self-tuning PI,185.0,24.31492280853679,24.229641870053612,23.8,36.07509303264209,1650.0,46.0,45.641438426596636,0.4534062917243772,0.003691822183313399,71.2,0
FNN Self-tuning PI,186.0,24.33607993136241,24.26018453925027,23.8,36.0899942588638,1650.0,47.0,47.196154213621014,0.4534062917243772,0.003691822183313399,71.2,0
FNN Self-tuning PI,187.0,24.35484002231903,24.262533275066172,23.8,36.10485569460748,1650.0,47.0,47.47340643381476,0.4534062917243772,0.003691822183313399,71.2,0
FNN Self-tuning PI,188.0,24.37098021996444,24.32722344486946,23.8,36.11967705693282,1650.0,51.0,50.60114095490088,0.4534062917243772,0.003691822183313399,71.2,0
FNN Self-tuning PI,189.0,24.38462799550677,24.322836835073353,23.8,36.13445806366244,1650.0,51.0,50.59527136940911,0.4534062917243772,0.003691822183313399,71.2,0
FNN Self-tuning PI,190.0,24.39589105237375,24.350894417598376,23.8,36.1491984333873,1650.0,52.0,52.11095201148692,0.45413513872114697,0.003691822183313399,70.8,0
FNN Self-tuning PI,191.0,24.404550409124834,24.33964051046194,23.8,36.163897885471975,1650.0,52.0,51.799098224384736,0.45413513872114697,0.003691822183313399,70.8,0
FNN Self-tuning PI,192.0,24.41073673973094,24.369424178071604,23.8,36.17855614006011,1650.0,53.0,53.36190050777061,0.45413513872114697,0.003691822183313399,70.8,0
FNN Self-tuning PI,193.0,24.41456038617417,24.388628284649158,23.8,36.193172918079654,1650.0,54.0,54.45133756413129,0.45413513872114697,0.003691822183313399,70.8,0
FNN Self-tuning PI,194.0,24.416114739632853,24.392587111436264,23.8,36.207747941248236,1650.0,55.00000000000001,54.849894423699396,0.45413513872114697,0.003691822183313399,70.8,0
FNN Self-tuning PI,195.0,24.41578926225591,24.41286368518604,23.8,36.22228093207841,1650.0,56.00000000000001,56.01981220187422,0.45450763493246665,0.003691822183313399,71.2,0
FNN Self-tuning PI,196.0,24.412667621954675,24.431969672635297,23.8,36.236771613882986,1650.0,57.00000000000001,57.12150588439702,0.45450763493246665,0.003691822183313399,71.2,0
FNN Self-tuning PI,197.0,24.40723292662921,24.42385780719271,23.8,36.251219710780276,1650.0,57.00000000000001,56.9831326158597,0.45450763493246665,0.003691822183313399,71.2,0
FNN Self-tuning PI,198.0,24.3995774645841,24.396643208413483,23.8,36.26562494769933,1650.0,56.00000000000001,55.966478386415844,0.45450763493246665,0.003691822183313399,71.2,0
FNN Self-tuning PI,199.0,24.390089741939292,24.430186744259956,23.8,36.279987050385216,1650.0,57.99999999999999,57.72371144111001,0.45450763493246665,0.003691822183313399,71.2,0
FNN Self-tuning PI,200.0,24.37878320538302,24.408474958595477,23.8,36.29430574540419,1650.0,57.00000000000001,56.95992714981076,0.45448125437172837,0.003691822183313399,82.5,0
FNN Self-tuning PI,201.0,24.36567044884233,24.37025169938623,23.8,36.308580760148935,1650.0,55.00000000000001,55.43327845803798,0.45448125437172837,0.003691822183313399,82.5,0
FNN Self-tuning PI,202.0,24.35076334843252,24.37714073433666,23.8,36.32281182284376,1650.0,56.00000000000001,55.95944227919796,0.45448125437172837,0.003691822183313399,82.5,0
FNN Self-tuning PI,203.0,24.334073174952035,24.37351648393001,23.8,36.33699866254974,1650.0,56.00000000000001,56.00645897988774,0.45448125437172837,0.003691822183313399,82.5,0
FNN Self-tuning PI,204.0,24.315610687665046,24.36674141652936,23.8,36.35114100916989,1650.0,56.00000000000001,55.90777572019226,0.45448125437172837,0.003691822183313399,82.5,0
FNN Self-tuning PI,205.0,24.295696416571843,24.379678340237557,23.8,36.36523859345433,1650.0,57.00000000000001,56.69970758805669,0.4543081583895632,0.0036918221833133987,73.3,0
FNN Self-tuning PI,206.0,24.27490753468696,24.375918704203382,23.8,36.37929114700537,1650.0,57.00000000000001,56.741523200562895,0.4543081583895632,0.0036918221833133987,73.3,0
FNN Self-tuning PI,207.0,24.252792776270855,24.33727338135483,23.8,36.39329840228264,1650.0,55.00000000000001,55.18418643397226,0.4543081583895632,0.0036918221833133987,73.3,0
FNN Self-tuning PI,208.0,24.229909552734654,24.33864437474393,23.8,36.40726009260819,1650.0,55.00000000000001,55.44532970730849,0.4543081583895632,0.0036918221833133987,73.3,0
FNN Self-tuning PI,209.0,24.207030940249474,24.309241079690192,23.8,36.42117595217158,1650.0,54.0,54.29751677612917,0.4543081583895632,0.0036918221833133987,73.3,0
FNN Self-tuning PI,210.0,24.18386743534097,24.28122843742102,23.8,36.435045716034885,1650.0,53.0,53.174062396511935,0.45371637770162665,0.0036918221833133996,72.3,0
FNN Self-tuning PI,211.0,24.160489360393974,24.251237537261012,23.8,36.4488691201378,1650.0,52.0,51.979915013051304,0.45371637770162665,0.0036918221833133996,72.3,0
FNN Self-tuning PI,212.0,24.136955189271646,24.207901601881716,23.8,36.462645901302636,1650.0,50.0,50.16428266883428,0.45371637770162665,0.0036918221833133996,72.3,0
FNN Self-tuning PI,213.0,24.11300331856026,24.174871539010358,23.8,36.476375797239335,1650.0,49.0,48.80405052707046,0.45371637770162665,0.0036918221833133996,72.3,0
FNN Self-tuning PI,214.0,24.088727314750727,24.159139818866734,23.8,36.49005854655048,1650.0,48.0,48.22286465423274,0.45371637770162665,0.0036918221833133996,72.3,0
FNN Self-tuning PI,215.0,24.064825424044614,24.141993908314987,23.8,36.50369388873624,1650.0,48.0,47.54256196675595,0.4528794413201612,0.003691822183313399,71.9,0
FNN Self-tuning PI,216.0,24.041255992208868,24.136154596136922,23.8,36.51728156419935,1650.0,47.0,47.40221382257046,0.4528794413201612,0.003691822183313399,71.9,0
FNN Self-tuning PI,217.0,24.01829439387854,24.108703512990438,23.8,36.53082131425006,1650.0,46.0,46.272978550401625,0.4528794413201612,0.003691822183313399,71.9,0
FNN Self-tuning PI,218.0,23.996168498614992,24.07926653426285,23.8,36.544312881111054,1650.0,45.0,45.042938540996126,0.4528794413201612,0.003691822183313399,71.9,0
FNN Self-tuning PI,219.0,23.97506659655913,24.022293626791875,23.8,36.557756007922336,1650.0,43.0,42.54481954467203,0.4528794413201612,0.003691822183313399,71.9,0
FNN Self-tuning PI,220.0,23.955454207182605,23.989164509671397,23.8,36.57115043874616,1650.0,41.0,41.09692842211562,0.4519607864096045,0.0036918221833133996,71.2,0
FNN Self-tuning PI,221.0,23.937405982058873,23.973720390669236,23.8,36.584495918571854,1650.0,40.0,40.46304928435023,0.4519607864096045,0.0036918221833133996,71.2,0
FNN Self-tuning PI,222.0,23.920982561470506,23.92079480875345,23.8,36.597792193320736,1650.0,38.0,38.115615817424235,0.4519607864096045,0.0036918221833133996,71.2,0
FNN Self-tuning PI,223.0,23.905922713479836,23.90385921531249,23.8,36.61103900985089,1650.0,37.0,37.38853637993855,0.4519607864096045,0.0036918221833133996,71.2,0
FNN Self-tuning PI,224.0,23.892318887594296,23.926540275236388,23.8,36.62423611596203,1650.0,38.0,38.46034776743938,0.4519607864096045,0.0036918221833133996,71.2,0
FNN Self-tuning PI,225.0,23.880246571774798,23.907844780392615,23.8,36.63738326040028,1650.0,38.0,37.64992751054945,0.4514719749028517,0.003691822183313399,71.1,0
FNN Self-tuning PI,226.0,23.869767127215603,23.90458010769149,23.8,36.65048019286295,1650.0,38.0,37.541145803521516,0.4514719749028517,0.003691822183313399,71.1,0
FNN Self-tuning PI,227.0,23.861240354702502,23.88195612951974,23.8,36.663526664003335,1650.0,37.0,36.549993338687514,0.4514719749028517,0.003691822183313399,71.1,0
FNN Self-tuning PI,228.0,23.854963066139476,23.862454742834583,23.8,36.67652242543544,1650.0,36.0,35.69261756318331,0.4514719749028517,0.003691822183313399,71.1,0
FNN Self-tuning PI,229.0,23.85086939397353,23.869094680586983,23.8,36.689467229738675,1650.0,36.0,36.017900671668116,0.4514719749028517,0.003691822183313399,71.1,0
FNN Self-tuning PI,230.0,23.849213153450478,23.852514268443933,23.8,36.70236083046264,1650.0,35.0,35.28698228822576,0.4511393841385328,0.003691822183313399,70.9,0
FNN Self-tuning PI,231.0,23.849892669329197,23.85450166067131,23.8,36.71520298213177,1650.0,35.0,35.39676242276521,0.4511393841385328,0.003691822183313399,70.9,0
FNN Self-tuning PI,232.0,23.852201327614118,23.82529550400526,23.8,36.727993440249996,1650.0,34.0,34.08849631991018,0.4511393841385328,0.003691822183313399,70.9,0
FNN Self-tuning PI,233.0,23.855862002859876,23.843596972102002,23.8,36.740731961305436,1650.0,35.0,34.93024285138281,0.4511393841385328,0.003691822183313399,70.9,0
FNN Self-tuning PI,234.0,23.860643772607443,23.8312496326068,23.8,36.75341830277502,1650.0,34.0,34.384742546509074,0.4511393841385328,0.003691822183313399,70.9,0
FNN Self-tuning PI,235.0,23.86666442081012,23.8145300883767,23.8,36.76605222312908,1650.0,34.0,33.635490553803955,0.45091106187951757,0.0036918221833133996,72.0,0
FNN Self-tuning PI,236.0,23.87402062362429,23.84302811092605,23.8,36.77863348183599,1650.0,35.0,34.936383128165616,0.45091106187951757,0.0036918221833133996,72.0,0
FNN Self-tuning PI,237.0,23.882481270761662,23.844500076942456,23.8,36.79116183936672,1650.0,35.0,35.019184341238,0.45091106187951757,0.0036918221833133996,72.0,0
FNN Self-tuning PI,238.0,23.892164004391734,23.866218171657156,23.8,36.8036370571994,1650.0,36.0,36.02292382772477,0.45091106187951757,0.0036918221833133996,72.0,0
FNN Self-tuning PI,239.0,23.90285519310186,23.88193605874715,23.8,36.81605889782387,1650.0,37.0,36.761910079479556,0.45091106187951757,0.0036918221833133996,72.0,0
FNN Self-tuning PI,240.0,23.914687051952917,23.893225188246557,23.8,36.82842712474619,1650.0,37.0,37.30977637510631,0.45138409678362523,0.003691822183313399,71.3,0
FNN Self-tuning PI,241.0,23.927147896652254,23.906802232629936,23.8,36.840741502493145,1650.0,38.0,37.96205205186962,0.45138409678362523,0.003691822183313399,71.3,0
FNN Self-tuning PI,242.0,23.94043326826723,23.945323239056545,23.8,36.853001796616724,1650.0,40.0,39.75447977694675,0.45138409678362523,0.003691822183313399,71.3,0
FNN Self-tuning PI,243.0,23.954394457689045,23.967838895638586,23.8,36.865207773698614,1650.0,41.0,40.83276384373835,0.45138409678362523,0.003691822183313399,71.3,0
FNN Self-tuning PI,244.0,23.968597380258256,24.010825434601838,23.8,36.87735920135461,1650.0,43.0,42.850940851743474,0.45138409678362523,0.003691822183313399,71.3,0
FNN Self-tuning PI,245.0,23.982992038455,23.99599068938625,23.8,36.889455848239024,1650.0,42.0,42.265787091919016,0.452001818459531,0.0036918221833133983,72.1,0
FNN Self-tuning PI,246.0,23.997226599055168,24.00387784320264,23.8,36.90149748404915,1650.0,43.0,42.69755595308905,0.452001818459531,0.0036918221833133983,72.1,0
FNN Self-tuning PI,247.0,24.011009395140636,24.02253248382322,23.8,36.9134838795296,1650.0,44.0,43.622904137438745,0.452001818459531,0.0036918221833133983,72.1,0
FNN Self-tuning PI,248.0,24.02440909458382,24.00551312072423,23.8,36.92541480647668,1650.0,43.0,42.92949762026733,0.452001818459531,0.0036918221833133983,72.1,0
FNN Self-tuning PI,249.0,24.037172736011872,24.033047281026658,23.8,36.93729003774274,1650.0,44.0,44.260083585098144,0.452001818459531,0.0036918221833133983,72.1,0
FNN Self-tuning PI,250.0,24.048780825741545,24.01904355644523,23.8,36.949109347240494,1650.0,44.0,43.71101496870281,0.4521403888505298,0.003691822183313399,105.3,0
FNN Self-tuning PI,251.0,24.059113652432483,24.043450911541086,23.8,36.96087250994733,1650.0,45.0,44.9044478186657,0.4521403888505298,0.003691822183313399,105.3,0
FNN Self-tuning PI,252.0,24.06776274091778,24.037907466284057,23.8,36.972579301909576,1650.0,45.0,44.741637475417576,0.4521403888505298,0.003691822183313399,105.3,0
FNN Self-tuning PI,253.0,24.075321280392643,24.07088258953236,23.8,36.9842295002468,1650.0,46.0,46.33258101551665,0.4521403888505298,0.003691822183313399,105.3,0
FNN Self-tuning PI,254.0,24.08166166797824,24.08460549842205,23.8,36.99582288315601,1650.0,47.0,47.05812044092789,0.4521403888505298,0.003691822183313399,105.3,0
FNN Self-tuning PI,255.0,24.08667904105563,24.070014470623587,23.8,37.007359229915906,1650.0,47.0,46.50635853028369,0.45244677414695245,0.0036918221833133987,81.9,0
FNN Self-tuning PI,256.0,24.090907887787132,24.064023390302076,23.8,37.018838320891085,1650.0,46.0,46.33276677469448,0.45244677414695245,0.0036918221833133987,81.9,0
FNN Self-tuning PI,257.0,24.094171680296174,24.068740662599115,23.8,37.0302599375362,1650.0,47.0,46.64541251202548,0.45244677414695245,0.0036918221833133987,81.9,0
FNN Self-tuning PI,258.0,24.096634981782838,24.065269405311657,23.8,37.04162386240012,1650.0,47.0,46.586289343339416,0.45244677414695245,0.0036918221833133987,81.9,0
FNN Self-tuning PI,259.0,24.098124690052853,24.068860358861578,23.8,37.05292987913012,1650.0,47.0,46.84801934202261,0.45244677414695245,0.0036918221833133987,81.9,0
FNN Self-tuning PI,260.0,24.09880821558492,24.079272181838213,23.8,37.064177772475915,1650.0,47.0,47.42375532979148,0.45250242209128333,0.003691822183313399,78.4,0
FNN Self-tuning PI,261.0,24.09851482149914,24.07481423948414,23.8,37.07536732829384,1650.0,47.0,47.32348888907716,0.45250242209128333,0.003691822183313399,78.4,0
FNN Self-tuning PI,262.0,24.097103677908724,24.066311737825995,23.8,37.08649833355088,1650.0,47.0,47.03706618780081,0.45250242209128333,0.003691822183313399,78.4,0
FNN Self-tuning PI,263.0,24.094769074020427,24.09221943173679,23.8,37.09757057632874,1650.0,48.0,48.317277830392385,0.45250242209128333,0.003691822183313399,78.4,0
FNN Self-tuning PI,264.0,24.09198306527324,24.10411878761782,23.8,37.10858384582789,1650.0,49.0,48.96800181479064,0.45250242209128333,0.003691822183313399,78.4,0
FNN Self-tuning PI,265.0,24.08851707470438,24.128576797322953,23.8,37.11953793237153,1650.0,50.0,50.20577539319594,0.45279879129465744,0.0036918221833133987,82.5,0
FNN Self-tuning PI,266.0,24.084492269572937,24.13448932178931,23.8,37.130432627409654,1650.0,51.0,50.59698129620891,0.45279879129465744,0.0036918221833133987,82.5,0
FNN Self-tuning PI,267.0,24.080009566893274,24.12786897486301,23.8,37.14126772352298,1650.0,50.0,50.418256183052826,0.45279879129465744,0.0036918221833133987,82.5,0
FNN Self-tuning PI,268.0,24.075153008691906,24.12002889054322,23.8,37.15204301442689,1650.0,50.0,50.181407088428855,0.45279879129465744,0.0036918221833133987,82.5,0
FNN Self-tuning PI,269.0,24.069992574720747,24.105668926977906,23.8,37.162758294975376,1650.0,50.0,49.6440372064245,0.45279879129465744,0.0036918221833133987,82.5,0
FNN Self-tuning PI,270.0,24.06458652638402,24.110053920126685,23.8,37.17341336116494,1650.0,50.0,49.95360339819569,0.45268745059551835,0.003691822183313399,72.0,0
FNN Self-tuning PI,271.0,24.058673155928272,24.09544666562897,23.8,37.18400801013849,1650.0,49.0,49.40142497373413,0.45268745059551835,0.003691822183313399,72.0,0
FNN Self-tuning PI,272.0,24.05203581116523,24.076456385463704,23.8,37.19454204018917,1650.0,49.0,48.643821603980605,0.45268745059551835,0.003691822183313399,72.0,0
FNN Self-tuning PI,273.0,24.04449537879954,24.070203666008457,23.8,37.20501525076424,1650.0,48.0,48.46052322985038,0.45268745059551835,0.003691822183313399,72.0,0
FNN Self-tuning PI,274.0,24.035904020573536,24.03924099697921,23.8,37.21542744246887,1650.0,47.0,47.14720558118271,0.45268745059551835,0.003691822183313399,72.0,0
FNN Self-tuning PI,275.0,24.02676036158928,24.031642462475652,23.8,37.22577841706993,1650.0,47.0,46.87782973538018,0.452216120659954,0.003691822183313399,72.6,0
FNN Self-tuning PI,276.0,24.01716814240257,24.03243451947983,23.8,37.236067977499786,1650.0,47.0,46.99945852147553,0.452216120659954,0.003691822183313399,72.6,0
FNN Self-tuning PI,277.0,24.00721373741877,24.017652143062303,23.8,37.24629592786005,1650.0,46.0,46.41132893070901,0.452216120659954,0.003691822183313399,72.6,0
FNN Self-tuning PI,278.0,23.996969049574762,24.023659208479486,23.8,37.256462073425276,1650.0,47.0,46.76554911539662,0.452216120659954,0.003691822183313399,72.6,0
FNN Self-tuning PI,279.0,23.98680412665427,24.002409855138982,23.8,37.266566220646716,1650.0,46.0,45.87934522131139,0.452216120659954,0.003691822183313399,72.6,0
FNN Self-tuning PI,280.0,23.9767155704023,24.019467190111907,23.8,37.276608177155964,1650.0,47.0,46.73012261201845,0.45214293530528005,0.003691822183313399,70.3,0
FNN Self-tuning PI,281.0,23.96701068587334,23.995999490019248,23.8,37.28658775176866,1650.0,46.0,45.74140665805966,0.45214293530528005,0.003691822183313399,70.3,0
FNN Self-tuning PI,282.0,23.957944001508633,23.96579927480902,23.8,37.29650475448806,1650.0,44.0,44.43713540693096,0.45214293530528005,0.003691822183313399,70.3,0
FNN Self-tuning PI,283.0,23.94941586905832,24.0021118376517,23.8,37.306358996508756,1650.0,46.0,46.15359837872099,0.45214293530528005,0.003691822183313399,70.3,0
FNN Self-tuning PI,284.0,23.941343197208383,23.978658753030626,23.8,37.316150290220165,1650.0,45.0,45.15914136123558,0.45214293530528005,0.003691822183313399,70.3,0
FNN Self-tuning PI,285.0,23.933966896370844,23.93395307340349,23.8,37.32587844921018,1650.0,43.0,43.180373224788504,0.4516289114071734,0.0036918221833133996,70.5,0
FNN Self-tuning PI,286.0,23.926865774113036,23.929976982516514,23.8,37.335543288268674,1650.0,43.0,43.04878665563188,0.4516289114071734,0.0036918221833133996,70.5,0
FNN Self-tuning PI,287.0,23.920310694249036,23.92042874647319,23.8,37.345144623391036,1650.0,43.0,42.66202086239511,0.4516289114071734,0.0036918221833133996,70.5,0
FNN Self-tuning PI,288.0,23.913905425867828,23.93685406072935,23.8,37.3546822717817,1650.0,43.0,43.45435962782588,0.4516289114071734,0.0036918221833133996,70.5,0
FNN Self-tuning PI,289.0,23.907941634403663,23.930682734172482,23.8,37.36415605185757,1650.0,43.0,43.22389042004367,0.4516289114071734,0.0036918221833133996,70.5,0
FNN Self-tuning PI,290.0,23.90297103622488,23.95280379867143,23.8,37.37356578325154,1650.0,44.0,44.281085534346026,0.4517422227954837,0.0036918221833133996,70.0,0
FNN Self-tuning PI,291.0,23.898209551985783,23.903717462573635,23.8,37.38291128681589,1650.0,42.0,42.10193911948829,0.4517422227954837,0.0036918221833133996,70.0,0
FNN Self-tuning PI,292.0,23.8939373521601,23.892461975455184,23.8,37.3921923846257,1650.0,42.0,41.62761655974465,0.4517422227954837,0.0036918221833133996,70.0,0
FNN Self-tuning PI,293.0,23.890696582030504,23.877011911038384,23.8,37.40140889998225,1650.0,41.0,40.95810334370186,0.4517422227954837,0.0036918221833133996,70.0,0
FNN Self-tuning PI,294.0,23.888315602517658,23.89434301618325,23.8,37.41056065741637,1650.0,42.0,41.775852303864845,0.4517422227954837,0.0036918221833133996,70.0,0
FNN Self-tuning PI,295.0,23.88665136223606,23.89983618464634,23.8,37.419647482691786,1650.0,42.0,42.0576810025761,0.4514238353703123,0.003691822183313399,70.2,0
FNN Self-tuning PI,296.0,23.88558463291439,23.899569661943026,23.8,37.42866920280845,1650.0,42.0,42.08240888115643,0.4514238353703123,0.003691822183313399,70.2,0
FNN Self-tuning PI,297.0,23.885016038912667,23.888414270019908,23.8,37.43762564600581,1650.0,42.0,41.61146887679521,0.4514238353703123,0.003691822183313399,70.2,0
FNN Self-tuning PI,298.0,23.88455254440501,23.88310718700908,23.8,37.4465166417661,1650.0,41.0,41.40257619571689,0.4514238353703123,0.003691822183313399,70.2,0
FNN Self-tuning PI,299.0,23.884798705342362,23.89296908231713,23.8,37.45534202081758,1650.0,42.0,41.88208818816096,0.4514238353703123,0.003691822183313399,70.2,0
FNN Self-tuning PI,300.0,23.94930836884291,23.89079966612402,23.8,37.46410161513776,4250.0,42.0,41.817183983599,0.4513695170114851,0.003691822183313399,69.8,0
FNN Self-tuning PI,301.0,24.01431227249145,23.91618252618471,23.8,37.47279525795657,4250.0,43.0,43.0057814349435,0.4513695170114851,0.003691822183313399,69.8,0
FNN Self-tuning PI,302.0,24.0793654930416,23.94920067865281,23.8,37.4814227837596,4250.0,45.0,44.55120242567898,0.4513695170114851,0.003691822183313399,69.8,0
FNN Self-tuning PI,303.0,24.14440920689954,23.97634960807649,23.8,37.48998402829119,4250.0,46.0,45.841727481324966,0.4513695170114851,0.003691822183313399,69.8,0
FNN Self-tuning PI,304.0,24.209394634904424,24.0228915922191,23.8,37.49847882855758,4250.0,48.0,48.024778384108444,0.4513695170114851,0.003691822183313399,69.8,0
FNN Self-tuning PI,305.0,24.274281366965603,24.077881910313558,23.8,37.50690702283003,4250.0,51.0,50.64071193574002,0.4524940651928432,0.0036918221833133996,70.0,0
FNN Self-tuning PI,306.0,24.339346170015553,24.125184818129142,23.8,37.51526845064786,4250.0,53.0,52.901192893556235,0.4524940651928432,0.0036918221833133996,70.0,0
FNN Self-tuning PI,307.0,24.40419801941568,24.194730480926665,23.8,37.52356295282154,4250.0,56.00000000000001,56.19382033572594,0.4524940651928432,0.0036918221833133996,70.0,0
FNN Self-tuning PI,308.0,24.468823000620855,24.247279840233453,23.8,37.531790371435704,4250.0,59.0,58.736775420958985,0.4524940651928432,0.0036918221833133996,70.0,0
FNN Self-tuning PI,309.0,24.532899548172942,24.31705851399886,23.8,37.539950549852165,4250.0,62.0,62.08510780575156,0.4524940651928432,0.0036918221833133996,70.0,0
FNN Self-tuning PI,310.0,24.59585121183243,24.417899761900276,23.8,37.548043332712886,4250.0,67.0,67.00252094905554,0.45453790670376554,0.0036918221833133987,70.4,0
FNN Self-tuning PI,311.0,24.657511028901315,24.464769145862913,23.8,37.556068565942944,4250.0,69.0,69.37833306449065,0.45453790670376554,0.0036918221833133987,70.4,0
FNN Self-tuning PI,312.0,24.65375789006282,24.494664807267945,23.8,37.56402609675347,1650.0,71.0,70.9936620944913,0.45453790670376554,0.0036918221833133987,70.4,0
FNN Self-tuning PI,313.0,24.64789151152249,24.550099013583303,23.8,37.57191577364455,1650.0,74.0,73.79028012213088,0.45453790670376554,0.0036918221833133987,70.4,0
FNN Self-tuning PI,314.0,24.63965847990343,24.590170353448315,23.8,37.5797374464081,1650.0,76.0,75.90339126018235,0.45453790670376554,0.0036918221833133987,70.4,0
FNN Self-tuning PI,315.0,24.62854030357687,24.63484883752781,23.8,37.58749096613075,1650.0,78.0,78.35127980193299,0.45584198389987324,0.003691822183313399,69.8,0
FNN Self-tuning PI,316.0,24.614109273870383,24.65028772837242,23.8,37.59517618519667,1650.0,79.0,79.36896037489551,0.45584198389987324,0.003691822183313399,69.8,0
FNN Self-tuning PI,317.0,24.596013312210573,24.64041474902816,23.8,37.602792957290355,1650.0,79.0,79.22917470713116,0.45584198389987324,0.003691822183313399,69.8,0
FNN Self-tuning PI,318.0,24.573342934693738,24.619305606631595,23.8,37.610341137399445,1650.0,79.0,78.56940443363122,0.45584198389987324,0.003691822183313399,69.8,0
FNN Self-tuning PI,319.0,24.546278135718083,24.61706565585564,23.8,37.61782058181747,1650.0,79.0,78.76894418442741,0.45584198389987324,0.003691822183313399,69.8,0
FNN Self-tuning PI,320.0,24.514971682047438,24.576894537759635,23.8,37.6252311481466,1650.0,77.0,77.19752753901213,0.4554936215916889,0.003691822183313399,69.9,0
FNN Self-tuning PI,321.0,24.479243432462443,24.529704759557337,23.8,37.632572695300325,1650.0,75.0,75.31745726332511,0.4554936215916889,0.003691822183313399,69.9,0
FNN Self-tuning PI,322.0,24.43925770869004,24.518416897033035,23.8,37.639845083506174,1650.0,75.0,75.06852906893613,0.4554936215916889,0.003691822183313399,69.9,0
FNN Self-tuning PI,323.0,24.39515416691171,24.48190344559811,23.8,37.64704817430835,1650.0,74.0,73.65711127257923,0.4554936215916889,0.003691822183313399,69.9,0
FNN Self-tuning PI,324.0,24.34736209882072,24.486494494647573,23.8,37.6541818305704,1650.0,74.0,74.11967218882995,0.4554936215916889,0.003691822183313399,69.9,0
FNN Self-tuning PI,325.0,24.296550652924726,24.42543260326801,23.8,37.66124591647779,1650.0,72.0,71.51229900025159,0.45458318648484386,0.003691822183313399,69.7,0
FNN Self-tuning PI,326.0,24.24327715591134,24.38687329400073,23.8,37.66824029754049,1650.0,70.0,69.97612081727267,0.45458318648484386,0.003691822183313399,69.7,0
FNN Self-tuning PI,327.0,24.188005751092053,24.34506120268909,23.8,37.67516484059559,1650.0,68.0,68.27664035100382,0.45458318648484386,0.003691822183313399,69.7,0
FNN Self-tuning PI,328.0,24.1317433385949,24.27004672778773,23.8,37.68201941380976,1650.0,65.0,65.04014134137304,0.45458318648484386,0.003691822183313399,69.7,0
FNN Self-tuning PI,329.0,24.0753257247206,24.217815073743058,23.8,37.68880388668181,1650.0,63.0,62.82002806404968,0.45458318648484386,0.003691822183313399,69.7,0
FNN Self-tuning PI,330.0,24.018825746116654,24.18445044962003,23.8,37.695518130045144,1650.0,61.0,61.3895714481453,0.45313464686635374,0.003691822183313399,70.3,0
FNN Self-tuning PI,331.0,23.96261404471613,24.1297282935848,23.8,37.70216201607027,1650.0,59.0,59.03165078593863,0.45313464686635374,0.003691822183313399,70.3,0
FNN Self-tuning PI,332.0,23.906687534407123,24.04222837189696,23.8,37.70873541826715,1650.0,55.00000000000001,55.15615258213303,0.45313464686635374,0.003691822183313399,70.3,0
FNN Self-tuning PI,333.0,23.851663802420244,23.99379266215393,23.8,37.715238211487694,1650.0,53.0,53.03290756403036,0.45313464686635374,0.003691822183313399,70.3,0
FNN Self-tuning PI,334.0,23.798054272368425,23.955373552379026,23.8,37.7216702719281,1650.0,51.0,51.34936574269064,0.45313464686635374,0.003691822183313399,70.3,0
FNN Self-tuning PI,335.0,23.746281914655235,23.895321227743956,23.8,37.728031477131196,1650.0,49.0,48.64681139266154,0.45139669604132104,0.0036918221833133996,70.5,0
FNN Self-tuning PI,336.0,23.697006209146004,23.84092499500331,23.8,37.734321705988805,1650.0,46.0,46.20649219947979,0.45139669604132104,0.0036918221833133996,70.5,0
FNN Self-tuning PI,337.0,23.65046184282985,23.76728790572403,23.8,37.740540838744046,1650.0,43.0,42.870461595272026,0.45139669604132104,0.0036918221833133996,70.5,0
FNN Self-tuning PI,338.0,23.606841228793957,23.735715279257303,23.8,37.74668875699359,1650.0,41.0,41.42155089222072,0.45139669604132104,0.0036918221833133996,70.5,0
FNN Self-tuning PI,339.0,23.566301567973085,23.723674888823663,23.8,37.75276534368994,1650.0,41.0,40.849873772283,0.45139669604132104,0.0036918221833133996,70.5,0
FNN Self-tuning PI,340.0,23.529591142021893,23.666002880107357,23.8,37.758770483143635,1650.0,38.0,38.2587509748847,0.44679644974619553,0.003691822183313399,70.3,0
FNN Self-tuning PI,341.0,23.496707014999586,23.593261484303085,23.8,37.76470406102548,1650.0,35.0,34.932367051552035,0.44679644974619553,0.003691822183313399,70.3,0
FNN Self-tuning PI,342.0,23.467643660037485,23.574418267709895,23.8,37.770565964368714,1650.0,34.0,34.007178059646556,0.44679644974619553,0.003691822183313399,70.3,0
FNN Self-tuning PI,343.0,23.442393406855146,23.535503617826286,23.8,37.77635608157114,1650.0,32.0,32.170837957423814,0.44679644974619553,0.003691822183313399,70.3,0
FNN Self-tuning PI,344.0,23.42125701869204,23.496091196564432,23.8,37.78207430239727,1650.0,30.0,30.297707241631244,0.44679644974619553,0.003691822183313399,70.3,0
FNN Self-tuning PI,345.0,23.404480605938918,23.49443276220802,23.8,37.787720517980425,1650.0,30.0,30.268365511103568,0.4416399244731824,0.003691822183313399,71.0,0
FNN Self-tuning PI,346.0,23.391954553943613,23.45174058753353,23.8,37.793294620824796,1650.0,28.000000000000004,28.25433744877056,0.4416399244731824,0.003691822183313399,71.0,0
FNN Self-tuning PI,347.0,23.382964121633265,23.43949729194361,23.8,37.798796504807505,1650.0,28.000000000000004,27.5805334453324,0.4416399244731824,0.003691822183313399,71.0,0
FNN Self-tuning PI,348.0,23.377844316017153,23.423117543285326,23.8,37.804226065180615,1650.0,27.0,26.718000047878864,0.4416399244731824,0.003691822183313399,71.0,0
FNN Self-tuning PI,349.0,23.376869845117756,23.407920478548636,23.8,37.809583198573115,1650.0,26.0,25.9020882081346,0.4416399244731824,0.003691822183313399,71.0,0
FNN Self-tuning PI,350.0,23.37964478240586,23.3877756965061,23.8,37.81486780299291,1650.0,25.0,24.992369669032325,0.43843435545235765,0.0036918221833133996,70.1,0
FNN Self-tuning PI,351.0,23.386147958592414,23.41702368900462,23.8,37.820079777828745,1650.0,26.0,26.133314098907036,0.43843435545235765,0.0036918221833133996,70.1,0
FNN Self-tuning PI,352.0,23.396358813059578,23.414136901491815,23.8,37.82521902385214,1650.0,26.0,25.864293621977186,0.43843435545235765,0.0036918221833133996,70.1,0
FNN Self-tuning PI,353.0,23.409636899126916,23.434329121087952,23.8,37.83028544321926,1650.0,27.0,26.614590714099727,0.43843435545235765,0.0036918221833133996,70.1,0
FNN Self-tuning PI,354.0,23.42606901399121,23.446363185233267,23.8,37.83527893947277,1650.0,27.0,27.01164900604286,0.43843435545235765,0.0036918221833133996,70.1,0
FNN Self-tuning PI,355.0,23.44510419009255,23.434379350042292,23.8,37.840199417543715,1650.0,26.0,26.3000445126361,0.43983502428802934,0.003691822183313399,70.8,0
FNN Self-tuning PI,356.0,23.466593600682458,23.44665162488983,23.8,37.845046783753276,1650.0,27.0,26.70937220623285,0.43983502428802934,0.003691822183313399,70.8,0
FNN Self-tuning PI,357.0,23.490411839442515,23.434562271822006,23.8,37.84982094581459,1650.0,26.0,26.042727005060794,0.43983502428802934,0.003691822183313399,70.8,0
FNN Self-tuning PI,358.0,23.51645302411053,23.455989673979918,23.8,37.85452181283449,1650.0,27.0,26.858176704627247,0.43983502428802934,0.003691822183313399,70.8,0
FNN Self-tuning PI,359.0,23.544007141303428,23.471912266397222,23.8,37.859149295315255,1650.0,27.0,27.437383929587817,0.43983502428802934,0.003691822183313399,70.8,0
FNN Self-tuning PI,360.0,23.572794338713106,23.4817800605508,23.8,37.86370330515627,1650.0,28.000000000000004,27.70858854821813,0.44125964860308237,0.003691822183313399,76.9,0
FNN Self-tuning PI,361.0,23.60227132287301,23.503303979792324,23.8,37.86818375565577,1650.0,28.999999999999996,28.54881735741538,0.44125964860308237,0.003691822183313399,76.9,0
FNN Self-tuning PI,362.0,23.632297165760853,23.521654827642347,23.8,37.87259056151243,1650.0,28.999999999999996,29.255806136609543,0.44125964860308237,0.003691822183313399,76.9,0
FNN Self-tuning PI,363.0,23.66306474338042,23.549166902224997,23.8,37.876923638827016,1650.0,30.0,30.377199853410204,0.44125964860308237,0.003691822183313399,76.9,0
FNN Self-tuning PI,364.0,23.694112996667876,23.562415422706234,23.8,37.881182905103984,1650.0,31.0,30.874091601329734,0.44125964860308237,0.003691822183313399,76.9,0
FNN Self-tuning PI,365.0,23.725679728484952,23.58124871551276,23.8,37.88536827925304,1650.0,32.0,31.55897355681868,0.44424917055168234,0.0036918221833133987,70.5,0
FNN Self-tuning PI,366.0,23.757341317569416,23.638251755862807,23.8,37.88947968159071,1650.0,34.0,34.03161432068015,0.44424917055168234,0.0036918221833133987,70.5,0
FNN Self-tuning PI,367.0,23.7890565596299,23.687308679274402,23.8,37.893517033841796,1650.0,36.0,36.16936044244981,0.44424917055168234,0.0036918221833133987,70.5,0
FNN Self-tuning PI,368.0,23.820481022527947,23.72299890298375,23.8,37.89748025914094,1650.0,38.0,37.726468234607616,0.44424917055168234,0.0036918221833133987,70.5,0
FNN Self-tuning PI,369.0,23.85132927997834,23.74466957638284,23.8,37.901369282034054,1650.0,39.0,38.668759094359615,0.44424917055168234,0.0036918221833133987,70.5,0
FNN Self-tuning PI,370.0,23.881675273110552,23.766707488527913,23.8,37.90518402847973,1650.0,40.0,39.61694343872951,0.4498231181706712,0.003691822183313399,70.3,0
FNN Self-tuning PI,371.0,23.91127050733221,23.790124797478715,23.8,37.908924425850714,1650.0,41.0,40.66666238269776,0.4498231181706712,0.003691822183313399,70.3,0
FNN Self-tuning PI,372.0,23.939909487430107,23.817053614897567,23.8,37.91259040293522,1650.0,42.0,41.8842787360759,0.4498231181706712,0.003691822183313399,70.3,0
FNN Self-tuning PI,373.0,23.967422542883526,23.846671465643904,23.8,37.916181889938336,1650.0,43.0,43.23378840891819,0.4498231181706712,0.003691822183313399,70.3,0
FNN Self-tuning PI,374.0,23.993359644919078,23.8961559398913,23.8,37.91969881848332,1650.0,45.0,45.49521352281302,0.4498231181706712,0.003691822183313399,70.3,0
FNN Self-tuning PI,375.0,24.017348821163576,23.920920855714606,23.8,37.92314112161292,1650.0,47.0,46.67472707367899,0.45155057496875506,0.003691822183313399,70.0,0
FNN Self-tuning PI,376.0,24.039083130622547,23.97435706252814,23.8,37.926508733790655,1650.0,49.0,49.15201159188488,0.45155057496875506,0.003691822183313399,70.0,0
FNN Self-tuning PI,377.0,24.058620013657787,23.997628203401906,23.8,37.92980159090204,1650.0,50.0,50.27578211459447,0.45155057496875506,0.003691822183313399,70.0,0
FNN Self-tuning PI,378.0,24.076008849983463,24.008367071256103,23.8,37.93301963025582,1650.0,51.0,50.83762172759564,0.45155057496875506,0.003691822183313399,70.0,0
FNN Self-tuning PI,379.0,24.09129229434975,24.031951440168108,23.8,37.936162790585165,1650.0,52.0,51.98820760907113,0.45155057496875506,0.003691822183313399,70.0,0
FNN Self-tuning PI,380.0,24.10450738965272,24.054931492265556,23.8,37.93923101204883,1650.0,53.0,53.14052499724235,0.45235611062110337,0.003691822183313399,69.8,0
FNN Self-tuning PI,381.0,24.11568649456591,24.060146719667845,23.8,37.94222423623231,1650.0,53.0,53.47248053867135,0.45235611062110337,0.003691822183313399,69.8,0
FNN Self-tuning PI,382.0,24.124547852524756,24.047359779337246,23.8,37.945142406148925,1650.0,53.0,52.98537631126362,0.45235611062110337,0.003691822183313399,69.8,0
FNN Self-tuning PI,383.0,24.130859632985207,24.110372224145745,23.8,37.94798546624093,1650.0,56.00000000000001,55.950366662912174,0.45235611062110337,0.003691822183313399,69.8,0
FNN Self-tuning PI,384.0,24.134431595238066,24.112162351274232,23.8,37.95075336238055,1650.0,56.00000000000001,56.14658894677109,0.45235611062110337,0.003691822183313399,69.8,0
FNN Self-tuning PI,385.0,24.135418345747503,24.15699897747206,23.8,37.95344604187105,1650.0,57.99999999999999,58.328501617634466,0.4529696365351311,0.003691822183313399,70.2,0
FNN Self-tuning PI,386.0,24.133950152279056,24.100759697886183,23.8,37.95606345344767,1650.0,56.00000000000001,55.89206814678348,0.4529696365351311,0.003691822183313399,70.2,0
FNN Self-tuning PI,387.0,24.130136993024273,24.108238725385494,23.8,37.95860554727868,1650.0,56.00000000000001,56.34464163999685,0.4529696365351311,0.003691822183313399,70.2,0
FNN Self-tuning PI,388.0,24.12407193090925,24.114301597308025,23.8,37.961072274966284,1650.0,57.00000000000001,56.735305890026886,0.4529696365351311,0.003691822183313399,70.2,0
FNN Self-tuning PI,389.0,24.1161441296378,24.149572991090565,23.8,37.96346358954753,1650.0,57.99999999999999,58.46204906452292,0.4529696365351311,0.003691822183313399,70.2,0
FNN Self-tuning PI,390.0,24.106677800033072,24.10119424613336,23.8,37.965779445495244,1650.0,56.00000000000001,56.371731073914034,0.452634195246141,0.0036918221833133987,70.2,0
FNN Self-tuning PI,391.0,24.095012413721903,24.112864824979283,23.8,37.968019798718856,1650.0,57.00000000000001,57.01548551043582,0.452634195246141,0.0036918221833133987,70.2,0
FNN Self-tuning PI,392.0,24.08153252797741,24.12311666467033,23.8,37.97018460656529,1650.0,57.99999999999999,57.59880775831363,0.452634195246141,0.0036918221833133987,70.2,0
FNN Self-tuning PI,393.0,24.06593808523846,24.112940885447873,23.8,37.972273827819706,1650.0,57.00000000000001,57.25374940467389,0.452634195246141,0.0036918221833133987,70.2,0
FNN Self-tuning PI,394.0,24.04922272510342,24.085567849268443,23.8,37.97428742270635,1650.0,56.00000000000001,56.12017875649895,0.452634195246141,0.0036918221833133987,70.2,0
FNN Self-tuning PI,395.0,24.03159096001689,24.055983323406952,23.8,37.97622535288928,1650.0,55.00000000000001,54.868629785990365,0.45236243316016783,0.003691822183313399,70.2,0
FNN Self-tuning PI,396.0,24.012902900895515,24.0861560232019,23.8,37.97808758147309,1650.0,56.00000000000001,56.339173090850366,0.45236243316016783,0.003691822183313399,70.2,0
FNN Self-tuning PI,397.0,23.993043354252723,24.050789192734626,23.8,37.97987407300365,1650.0,55.00000000000001,54.83189745302369,0.45236243316016783,0.003691822183313399,70.2,0
FNN Self-tuning PI,398.0,23.972848311437954,24.024007088413835,23.8,37.98158479346871,1650.0,54.0,53.703075099276006,0.45236243316016783,0.003691822183313399,70.2,0
FNN Self-tuning PI,399.0,23.95208070959855,24.04210782141204,23.8,37.98321971029865,1650.0,55.00000000000001,54.61126616396523,0.45236243316016783,0.003691822183313399,70.2,0
FNN Self-tuning PI,400.0,23.930544378868696,24.028022903123958,23.8,37.98477879236698,1650.0,54.0,54.054467002369975,0.4521943635503795,0.003691822183313399,70.4,0
FNN Self-tuning PI,401.0,23.908697627954215,24.020873447810708,23.8,37.986262009991044,1650.0,54.0,53.81271521229252,0.4521943635503795,0.003691822183313399,70.4,0
FNN Self-tuning PI,402.0,23.886920764692718,23.98688201567075,23.8,37.98766933493251,1650.0,52.0,52.34463532713474,0.4521943635503795,0.003691822183313399,70.4,0
FNN Self-tuning PI,403.0,23.865529104437968,23.95705901346465,23.8,37.98900074039794,1650.0,51.0,51.054039371959625,0.4521943635503795,0.003691822183313399,70.4,0
FNN Self-tuning PI,404.0,23.8441634021751,23.956992467884003,23.8,37.990256201039294,1650.0,51.0,51.10898904586555,0.4521943635503795,0.003691822183313399,70.4,0
FNN Self-tuning PI,405.0,23.823146088202222,23.928420619698766,23.8,37.99143569295441,1650.0,50.0,49.85670814410494,0.45159565592224443,0.0036918221833133996,69.5,0
FNN Self-tuning PI,406.0,23.802744255812048,23.87870537640069,23.8,37.99253919368747,1650.0,48.0,47.64064597890622,0.45159565592224443,0.0036918221833133996,69.5,0
FNN Self-tuning PI,407.0,23.782558484114656,23.867199301377795,23.8,37.99356668222939,1650.0,47.0,47.14584541635378,0.45159565592224443,0.0036918221833133996,69.5,0
FNN Self-tuning PI,408.0,23.762877732642337,23.846373367454397,23.8,37.9945181390183,1650.0,46.0,46.22247550998908,0.45159565592224443,0.0036918221833133996,69.5,0
FNN Self-tuning PI,409.0,23.743631007385815,23.825384638849535,23.8,37.995393545939805,1650.0,45.0,45.2840052011424,0.45159565592224443,0.0036918221833133996,69.5,0
FNN Self-tuning PI,410.0,23.72537946563795,23.755505376828424,23.8,37.99619288632743,1650.0,42.0,42.12124633896338,0.44948643965813784,0.003691822183313399,72.0,0
FNN Self-tuning PI,411.0,23.708277461169576,23.765447158606886,23.8,37.99691614496289,1650.0,43.0,42.55535965387413,0.44948643965813784,0.003691822183313399,72.0,0
FNN Self-tuning PI,412.0,23.69214185273893,23.749336640812285,23.8,37.99756330807638,1650.0,42.0,41.812509714086644,0.44948643965813784,0.003691822183313399,72.0,0
FNN Self-tuning PI,413.0,23.677130161642566,23.721263795698373,23.8,37.99813436334685,1650.0,41.0,40.52160538738695,0.44948643965813784,0.003691822183313399,72.0,0
FNN Self-tuning PI,414.0,23.663682302709724,23.692652588990022,23.8,37.99862929990223,1650.0,39.0,39.19593968829216,0.44948643965813784,0.003691822183313399,72.0,0
FNN Self-tuning PI,415.0,23.651851626256697,23.70208037311099,23.8,37.999048108319634,1650.0,40.0,39.59927841223183,0.4478807557240544,0.003691822183313399,69.9,0
FNN Self-tuning PI,416.0,23.641681057347668,23.67728876512615,23.8,37.99939078062557,1650.0,38.0,38.44360719434039,0.4478807557240544,0.003691822183313399,69.9,0
FNN Self-tuning PI,417.0,23.633204841159028,23.670475294113796,23.8,37.99965731029603,1650.0,38.0,38.09062672148091,0.4478807557240544,0.003691822183313399,69.9,0
FNN Self-tuning PI,418.0,23.627070405573214,23.661490287638067,23.8,37.99984769225669,1650.0,38.0,37.637070249557176,0.4478807557240544,0.003691822183313399,69.9,0
FNN Self-tuning PI,419.0,23.622571962843626,23.67252095541016,23.8,37.99996192288294,1650.0,38.0,38.08404963487536,0.4478807557240544,0.003691822183313399,69.9,0
FNN Self-tuning PI,420.0,23.619743261914994,23.63854346853586,23.8,38.0,1650.0,37.0,36.53348818328411,0.4459711594713846,0.003691822183313399,69.7,0
FNN Self-tuning PI,421.0,23.618610932013695,23.63428541478255,23.8,37.99996192288294,1650.0,36.0,36.2824123881581,0.4459711594713846,0.003691822183313399,69.7,0
FNN Self-tuning PI,422.0,23.619505880975414,23.615904787737577,23.8,37.99984769225669,1650.0,35.0,35.39472475380512,0.4459711594713846,0.003691822183313399,69.7,0
FNN Self-tuning PI,423.0,23.6217702811693,23.630647153387372,23.8,37.99965731029603,1650.0,36.0,35.989669684430964,0.4459711594713846,0.003691822183313399,69.7,0
FNN Self-tuning PI,424.0,23.625788075111004,23.61453746557288,23.8,37.99939078062557,1650.0,35.0,35.202754599218714,0.4459711594713846,0.003691822183313399,69.7,0
FNN Self-tuning PI,425.0,23.631255842215335,23.62868008003865,23.8,37.999048108319634,1650.0,36.0,35.775304812504686,0.44567471617061555,0.003691822183313399,70.2,0
FNN Self-tuning PI,426.0,23.637920767082697,23.636495886630666,23.8,37.99862929990223,1650.0,36.0,36.06327273967885,0.44567471617061555,0.003691822183313399,70.2,0
FNN Self-tuning PI,427.0,23.645572205112853,23.645120035327537,23.8,37.99813436334685,1650.0,36.0,36.39045031301511,0.44567471617061555,0.003691822183313399,70.2,0
FNN Self-tuning PI,428.0,23.65434485793275,23.625878886023713,23.8,37.99756330807638,1650.0,35.0,35.46863851842122,0.44567471617061555,0.003691822183313399,70.2,0
FNN Self-tuning PI,429.0,23.66434951918914,23.625142336052164,23.8,37.99691614496289,1650.0,35.0,35.37125800820117,0.44567471617061555,0.003691822183313399,70.2,0
FNN Self-tuning PI,430.0,23.675677066651,23.61046385501354,23.8,37.99619288632743,1650.0,35.0,34.657478705933,0.44512722907979246,0.003691822183313399,70.6,0
FNN Self-tuning PI,431.0,23.687781380760562,23.641288188063804,23.8,37.995393545939805,1650.0,36.0,35.97096012301675,0.44512722907979246,0.003691822183313399,70.6,0
FNN Self-tuning PI,432.0,23.70082931901553,23.652294479404667,23.8,37.9945181390183,1650.0,36.0,36.40634986796388,0.44512722907979246,0.003691822183313399,70.6,0
FNN Self-tuning PI,433.0,23.714338077742003,23.699093180349095,23.8,37.99356668222939,1650.0,38.0,38.45223447203314,0.44512722907979246,0.003691822183313399,70.6,0
FNN Self-tuning PI,434.0,23.728217073039595,23.692071883588742,23.8,37.99253919368747,1650.0,38.0,38.099852293447825,0.44512722907979246,0.003691822183313399,70.6,0
FNN Self-tuning PI,435.0,23.7423908665853,23.70205515317493,23.8,37.99143569295441,1650.0,38.0,38.48111335994146,0.44787999774102516,0.003691822183313399,69.8,0
FNN Self-tuning PI,436.0,23.757106845199925,23.716283517399805,23.8,37.990256201039294,1650.0,39.0,39.08746669687386,0.44787999774102516,0.003691822183313399,69.8,0
FNN Self-tuning PI,437.0,23.77225951600822,23.743270946710926,23.8,37.98900074039794,1650.0,40.0,40.27523631702682,0.44787999774102516,0.003691822183313399,69.8,0
FNN Self-tuning PI,438.0,23.787761023413204,23.765288164417658,23.8,37.98766933493251,1650.0,41.0,41.248528466239684,0.44787999774102516,0.003691822183313399,69.8,0
FNN Self-tuning PI,439.0,23.803228005181907,23.7810571580936,23.8,37.986262009991044,1650.0,42.0,41.947796791039046,0.44787999774102516,0.003691822183313399,69.8,0
FNN Self-tuning PI,440.0,23.818652743665645,23.785560846284152,23.8,37.98477879236698,1650.0,42.0,42.14055342192509,0.4503897542314347,0.003691822183313399,69.5,0
FNN Self-tuning PI,441.0,23.833408445983036,23.78198839868885,23.8,37.98321971029865,1650.0,42.0,41.97300447955202,0.4503897542314347,0.003691822183313399,69.5,0
FNN Self-tuning PI,442.0,23.847596223781238,23.819147068982296,23.8,37.98158479346871,1650.0,44.0,43.653661675056696,0.4503897542314347,0.003691822183313399,69.5,0
FNN Self-tuning PI,443.0,23.86130036769364,23.835933896816467,23.8,37.97987407300365,1650.0,44.0,44.42298935705246,0.4503897542314347,0.003691822183313399,69.5,0
FNN Self-tuning PI,444.0,23.87428094660054,23.859959444954598,23.8,37.97808758147309,1650.0,46.0,45.52721139007151,0.4503897542314347,0.003691822183313399,69.5,0
FNN Self-tuning PI,445.0,23.886339540746256,23.859746346770482,23.8,37.97622535288928,1650.0,46.0,45.54440944858886,0.4511828560380965,0.0036918221833133996,70.6,0
FNN Self-tuning PI,446.0,23.897312315397464,23.869419346827105,23.8,37.97428742270635,1650.0,46.0,46.006467016245956,0.4511828560380965,0.0036918221833133996,70.6,0
FNN Self-tuning PI,447.0,23.90706424893212,23.88203800838103,23.8,37.972273827819706,1650.0,47.0,46.6060863660954,0.4511828560380965,0.0036918221833133996,70.6,0
FNN Self-tuning PI,448.0,23.915794527035324,23.892055768901095,23.8,37.97018460656529,1650.0,47.0,47.092055899323334,0.4511828560380965,0.0036918221833133996,70.6,0
FNN Self-tuning PI,449.0,23.92366913750382,23.921611320871182,23.8,37.968019798718856,1650.0,48.0,48.47044847150141,0.4511828560380965,0.0036918221833133996,70.6,0
FNN Self-tuning PI,450.0,23.93020599506671,23.91673774205625,23.8,37.965779445495244,1650.0,48.0,48.297657584285865,0.45152543034384796,0.003691822183313399,69.8,0
FNN Self-tuning PI,451.0,23.935626754363714,23.91835995449368,23.8,37.96346358954753,1650.0,48.0,48.41460099173951,0.45152543034384796,0.003691822183313399,69.8,0
FNN Self-tuning PI,452.0,23.93949570391915,23.906886512364462,23.8,37.961072274966284,1650.0,48.0,47.936006501991834,0.45152543034384796,0.003691822183313399,69.8,0
FNN Self-tuning PI,453.0,23.942073128040487,23.91308494671737,23.8,37.95860554727868,1650.0,48.0,48.257630527346265,0.45152543034384796,0.003691822183313399,69.8,0
FNN Self-tuning PI,454.0,23.94357589972214,23.913761899889565,23.8,37.95606345344767,1650.0,48.0,48.33019555514892,0.45152543034384796,0.003691822183313399,69.8,0
FNN Self-tuning PI,455.0,23.943874511942898,23.915472334910525,23.8,37.95344604187105,1650.0,48.0,48.44996854660546,0.4515178240030615,0.003691822183313399,69.1,0
FNN Self-tuning PI,456.0,23.943172708227006,23.921426081407574,23.8,37.95075336238055,1650.0,49.0,48.76361916300413,0.4515178240030615,0.003691822183313399,69.1,0
FNN Self-tuning PI,457.0,23.941330033023892,23.912522180321663,23.8,37.94798546624093,1650.0,48.0,48.403133346801816,0.4515178240030615,0.003691822183313399,69.1,0
FNN Self-tuning PI,458.0,23.93854109881742,23.963920911152993,23.8,37.945142406148925,1650.0,51.0,50.784394342560326,0.4515178240030615,0.003691822183313399,69.1,0
FNN Self-tuning PI,459.0,23.93496803771053,23.962019508952608,23.8,37.94222423623231,1650.0,51.0,50.758357365881146,0.4515178240030615,0.003691822183313399,69.1,0
FNN Self-tuning PI,460.0,23.93074591505812,23.95938950484066,23.8,37.93923101204883,1650.0,51.0,50.70265941306344,0.4517818093630259,0.003691822183313399,69.7,0
FNN Self-tuning PI,461.0,23.92598724082704,23.967690742627052,23.8,37.936162790585165,1650.0,51.0,51.13960267612896,0.4517818093630259,0.003691822183313399,69.7,0
FNN Self-tuning PI,462.0,23.920785729061926,23.93979014103324,23.8,37.93301963025582,1650.0,50.0,49.930712283459464,0.4517818093630259,0.003691822183313399,69.7,0
FNN Self-tuning PI,463.0,23.915219430772655,23.922760175303264,23.8,37.92980159090204,1650.0,49.0,49.20665028421281,0.4517818093630259,0.003691822183313399,69.7,0
FNN Self-tuning PI,464.0,23.90904314059149,23.90802831801761,23.8,37.926508733790655,1650.0,49.0,48.580973904322114,0.4517818093630259,0.003691822183313399,69.7,0
FNN Self-tuning PI,465.0,23.90267437754849,23.93950506529362,23.8,37.92314112161292,1650.0,50.0,50.05287144284479,0.4516622843358016,0.003691822183313399,70.1,0
FNN Self-tuning PI,466.0,23.89521871465259,23.915055277938144,23.8,37.91969881848332,1650.0,49.0,48.99104312473485,0.4516622843358016,0.003691822183313399,70.1,0
FNN Self-tuning PI,467.0,23.88686584196803,23.90272004783697,23.8,37.916181889938336,1650.0,48.0,48.47182971933193,0.4516622843358016,0.003691822183313399,70.1,0
FNN Self-tuning PI,468.0,23.877773768846627,23.89247928706192,23.8,37.91259040293522,1650.0,48.0,48.043434887179686,0.4516622843358016,0.003691822183313399,70.1,0
FNN Self-tuning PI,469.0,23.868074104392754,23.866546939390652,23.8,37.908924425850714,1650.0,47.0,46.89673649514755,0.4516622843358016,0.003691822183313399,70.1,0
FNN Self-tuning PI,470.0,23.858186661931143,23.867163512688485,23.8,37.90518402847973,1650.0,47.0,46.9464597961937,0.451227440496018,0.003691822183313399,70.2,0
FNN Self-tuning PI,471.0,23.84845972899672,23.88273802925559,23.8,37.901369282034054,1650.0,48.0,47.67977013012847,0.451227440496018,0.003691822183313399,70.2,0
FNN Self-tuning PI,472.0,23.838871792183692,23.86437434103135,23.8,37.89748025914094,1650.0,47.0,46.874915988604926,0.451227440496018,0.003691822183313399,70.2,0
FNN Self-tuning PI,473.0,23.82909467079639,23.871762713109074,23.8,37.893517033841796,1650.0,47.0,47.234793128430375,0.451227440496018,0.003691822183313399,70.2,0
FNN Self-tuning PI,474.0,23.81947673280613,23.829696241392117,23.8,37.88947968159071,1650.0,45.0,45.347601816349545,0.451227440496018,0.003691822183313399,70.2,0
FNN Self-tuning PI,475.0,23.810306736743197,23.83680944285127,23.8,37.88536827925304,1650.0,46.0,45.681486759948314,0.4510449826995545,0.003691822183313399,70.3,0
FNN Self-tuning PI,476.0,23.801513570444452,23.845469685337424,23.8,37.881182905103984,1650.0,46.0,46.088889251482165,0.4510449826995545,0.003691822183313399,70.3,0
FNN Self-tuning PI,477.0,23.793348137783067,23.837381051637607,23.8,37.876923638827016,1650.0,46.0,45.7378559063296,0.4510449826995545,0.003691822183313399,70.3,0
FNN Self-tuning PI,478.0,23.785707789149185,23.800315117902482,23.8,37.87259056151243,1650.0,44.0,44.06613189822565,0.4510449826995545,0.003691822183313399,70.3,0
FNN Self-tuning PI,479.0,23.77819674710732,23.808845069357023,23.8,37.86818375565577,1650.0,44.0,44.45413652117633,0.4510449826995545,0.003691822183313399,70.3,0
FNN Self-tuning PI,480.0,23.77110706569242,23.792896040763143,23.8,37.86370330515627,1650.0,44.0,43.73244979183629,0.4506102128764278,0.003691822183313399,69.6,0
FNN Self-tuning PI,481.0,23.76437038767003,23.793010134100907,23.8,37.85914929531525,1650.0,44.0,43.73501041995959,0.4506102128764278,0.003691822183313399,69.6,0
FNN Self-tuning PI,482.0,23.7585501254013,23.80350619538372,23.8,37.85452181283449,1650.0,44.0,44.20926808585043,0.4506102128764278,0.003691822183313399,69.6,0
FNN Self-tuning PI,483.0,23.753182161208006,23.831355224125122,23.8,37.84982094581459,1650.0,45.0,45.47574955400579,0.4506102128764278,0.003691822183313399,69.6,0
FNN Self-tuning PI,484.0,23.74819141083489,23.80109430365949,23.8,37.845046783753276,1650.0,44.0,44.11256557017278,0.4506102128764278,0.003691822183313399,69.6,0
FNN Self-tuning PI,485.0,23.743515280702713,23.79432775560796,23.8,37.840199417543715,1650.0,44.0,43.80553950490535,0.45065324294408426,0.003691822183313399,69.8,0
FNN Self-tuning PI,486.0,23.73972199442858,23.779830599123123,23.8,37.83527893947277,1650.0,43.0,43.14477426241128,0.45065324294408426,0.003691822183313399,69.8,0
FNN Self-tuning PI,487.0,23.736661655965438,23.76608832604694,23.8,37.83028544321926,1650.0,43.0,42.512954682673474,0.45065324294408426,0.003691822183313399,69.8,0
FNN Self-tuning PI,488.0,23.734209344229676,23.743656936557056,23.8,37.82521902385214,1650.0,41.0,41.48127598378817,0.45065324294408426,0.003691822183313399,69.8,0
FNN Self-tuning PI,489.0,23.732260950664642,23.742474832252206,23.8,37.820079777828745,1650.0,41.0,41.40676680090131,0.45065324294408426,0.003691822183313399,69.8,0
FNN Self-tuning PI,490.0,23.730729710543688,23.753497845507766,23.8,37.81486780299291,1650.0,42.0,41.89206116232783,0.4494261034753685,0.0036918221833133987,70.0,0
FNN Self-tuning PI,491.0,23.729233108307874,23.73357995327396,23.8,37.809583198573115,1650.0,41.0,40.97237799252765,0.4494261034753685,0.0036918221833133987,70.0,0
FNN Self-tuning PI,492.0,23.72807427390942,23.742369788289714,23.8,37.804226065180615,1650.0,41.0,41.34614007325773,0.4494261034753685,0.0036918221833133987,70.0,0
FNN Self-tuning PI,493.0,23.7271941042786,23.717833904360756,23.8,37.798796504807505,1650.0,40.0,40.213099140846424,0.4494261034753685,0.0036918221833133987,70.0,0
FNN Self-tuning PI,494.0,23.726853543613352,23.69100899622499,23.8,37.793294620824796,1650.0,39.0,38.96728020634044,0.4494261034753685,0.0036918221833133987,70.0,0
FNN Self-tuning PI,495.0,23.726958341827345,23.728284187212207,23.8,37.787720517980425,1650.0,41.0,40.6214829714387,0.4486683091238926,0.003691822183313399,73.0,0
FNN Self-tuning PI,496.0,23.728050365759238,23.72457357648206,23.8,37.78207430239727,1650.0,40.0,40.427153532872424,0.4486683091238926,0.003691822183313399,73.0,0
FNN Self-tuning PI,497.0,23.72995777890701,23.729284476900823,23.8,37.77635608157114,1650.0,41.0,40.612409791717866,0.4486683091238926,0.003691822183313399,73.0,0
FNN Self-tuning PI,498.0,23.73222719580362,23.715055144542845,23.8,37.770565964368714,1650.0,40.0,39.942624612642774,0.4486683091238926,0.003691822183313399,73.0,0
FNN Self-tuning PI,499.0,23.735102711266368,23.753474984089664,23.8,37.76470406102548,1650.0,42.0,41.64922484868935,0.4486683091238926,0.003691822183313399,73.0,0
FNN Self-tuning PI,500.0,23.738476049285953,23.759806006645768,23.8,37.758770483143635,1650.0,42.0,41.914630938547816,0.4496156947208173,0.0036918221833133996,72.4,0
FNN Self-tuning PI,501.0,23.74256719950186,23.737979004928924,23.8,37.75276534368994,1650.0,41.0,40.910357635945246,0.4496156947208173,0.0036918221833133996,72.4,0
FNN Self-tuning PI,502.0,23.74755800988739,23.727526550328168,23.8,37.74668875699359,1650.0,40.0,40.413642963339605,0.4496156947208173,0.0036918221833133996,72.4,0
FNN Self-tuning PI,503.0,23.752667939016888,23.775770034222482,23.8,37.740540838744046,1650.0,43.0,42.57380044351322,0.4496156947208173,0.0036918221833133996,72.4,0
FNN Self-tuning PI,504.0,23.758180163024193,23.760412186904826,23.8,37.734321705988805,1650.0,42.0,41.86867240774146,0.4496156947208173,0.0036918221833133996,72.4,0
FNN Self-tuning PI,505.0,23.763708776849036,23.755118494486453,23.8,37.728031477131196,1650.0,42.0,41.614722537661386,0.4494748119423183,0.003691822183313399,68.4,0
FNN Self-tuning PI,506.0,23.769554116137126,23.778854947136303,23.8,37.7216702719281,1650.0,43.0,42.67380991923532,0.4494748119423183,0.003691822183313399,68.4,0
FNN Self-tuning PI,507.0,23.775034371195243,23.815202562395644,23.8,37.715238211487694,1650.0,44.0,44.31315618826928,0.4494748119423183,0.003691822183313399,68.4,0
FNN Self-tuning PI,508.0,23.780204782567388,23.798567077306345,23.8,37.70873541826715,1650.0,44.0,43.564904025482335,0.4494748119423183,0.003691822183313399,68.4,0
FNN Self-tuning PI,509.0,23.785421595439228,23.77704725085322,23.8,37.70216201607027,1650.0,43.0,42.58916828383051,0.4494748119423183,0.003691822183313399,68.4,0
FNN Self-tuning PI,510.0,23.79098019586997,23.79158881294618,23.8,37.695518130045144,1650.0,43.0,43.238747651273286,0.45057092425578515,0.003691822183313399,60.6,0
FNN Self-tuning PI,511.0,23.795884445266715,23.795945892884504,23.8,37.688803886681804,1650.0,43.0,43.4335683005017,0.45057092425578515,0.003691822183313399,60.6,0
FNN Self-tuning PI,512.0,23.800549543662225,23.805378364238223,23.8,37.68201941380976,1650.0,44.0,43.8605536305283,0.45057092425578515,0.003691822183313399,60.6,0
FNN Self-tuning PI,513.0,23.80500979430298,23.814480642480486,23.8,37.67516484059559,1650.0,44.0,44.276021818287106,0.45057092425578515,0.003691822183313399,60.6,0
FNN Self-tuning PI,514.0,23.8089835863365,23.82677596335697,23.8,37.66824029754049,1650.0,45.0,44.83989843697101,0.45057092425578515,0.003691822183313399,60.6,0
FNN Self-tuning PI,515.0,23.812237743470043,23.821087093303337,23.8,37.66124591647779,1650.0,45.0,44.592159837196206,0.4509504759243798,0.003691822183313399,60.9,0
FNN Self-tuning PI,516.0,23.814889647994427,23.819283073742668,23.8,37.6541818305704,1650.0,45.0,44.51792645719069,0.4509504759243798,0.003691822183313399,60.9,0
FNN Self-tuning PI,517.0,23.817347314526398,23.807640409566712,23.8,37.64704817430835,1650.0,44.0,43.99572066542602,0.4509504759243798,0.003691822183313399,60.9,0
FNN Self-tuning PI,518.0,23.8196390509602,23.788025375370566,23.8,37.639845083506174,1650.0,43.0,43.10675894633913,0.4509504759243798,0.003691822183313399,60.9,0
FNN Self-tuning PI,519.0,23.8217884469331,23.815000172920524,23.8,37.632572695300325,1650.0,44.0,44.328726522764995,0.4509504759243798,0.003691822183313399,60.9,0
FNN Self-tuning PI,520.0,23.82350495615212,23.806394233859468,23.8,37.6252311481466,1650.0,44.0,43.94294545573781,0.45086215739667485,0.003691822183313399,60.2,0
FNN Self-tuning PI,521.0,23.82485815281351,23.82617934654696,23.8,37.61782058181747,1650.0,45.0,44.844646264032455,0.45086215739667485,0.003691822183313399,60.2,0
FNN Self-tuning PI,522.0,23.8255958035317,23.820712604829474,23.8,37.610341137399445,1650.0,45.0,44.60581829296313,0.45086215739667485,0.003691822183313399,60.2,0
FNN Self-tuning PI,523.0,23.825819402406967,23.798865369722073,23.8,37.602792957290355,1650.0,44.0,43.620390252272614,0.45086215739667485,0.003691822183313399,60.2,0
FNN Self-tuning PI,524.0,23.825613512575956,23.799535230015078,23.8,37.59517618519667,1650.0,44.0,43.65042013314443,0.45086215739667485,0.003691822183313399,60.2,0
FNN Self-tuning PI,525.0,23.82535879223178,23.84184950861761,23.8,37.58749096613075,1650.0,46.0,45.57455282264562,0.4510752784489776,0.003691822183313399,68.6,0
FNN Self-tuning PI,526.0,23.825370949241943,23.8277507077244,23.8,37.5797374464081,1650.0,45.0,44.94883583661352,0.4510752784489776,0.003691822183313399,68.6,0
FNN Self-tuning PI,527.0,23.825291165773724,23.808225631750044,23.8,37.57191577364455,1650.0,44.0,44.071144685403105,0.4510752784489776,0.003691822183313399,68.6,0
FNN Self-tuning PI,528.0,23.82513212365497,23.81702257245331,23.8,37.56402609675347,1650.0,44.0,44.47423736418564,0.4510752784489776,0.003691822183313399,68.6,0
FNN Self-tuning PI,529.0,23.824594179774397,23.7950696713615,23.8,37.556068565942944,1650.0,43.0,43.4821760772466,0.4510752784489776,0.003691822183313399,68.6,0
FNN Self-tuning PI,530.0,23.823739320708608,23.802229171508493,23.8,37.548043332712886,1650.0,44.0,43.80589331064718,0.45083712127786885,0.003691822183313399,67.4,0
FNN Self-tuning PI,531.0,23.822929391320457,23.791759662242473,23.8,37.539950549852165,1650.0,43.0,43.330846782605605,0.45083712127786885,0.003691822183313399,67.4,0
FNN Self-tuning PI,532.0,23.822154218090397,23.779384065259507,23.8,37.531790371435704,1650.0,43.0,42.765297894295564,0.45083712127786885,0.003691822183313399,67.4,0
FNN Self-tuning PI,533.0,23.82078490806833,23.788143813382774,23.8,37.52356295282154,1650.0,43.0,43.155842763720585,0.45083712127786885,0.003691822183313399,67.4,0
FNN Self-tuning PI,534.0,23.819230973729216,23.74736134091084,23.8,37.51526845064786,1650.0,41.0,41.29778425800393,0.45083712127786885,0.003691822183313399,67.4,0
FNN Self-tuning PI,535.0,23.817832161275795,23.759656216618662,23.8,37.506907022830035,1650.0,42.0,41.8421345469359,0.4496111927943171,0.003691822183313399,71.5,0
FNN Self-tuning PI,536.0,23.81655988204236,23.775360321556736,23.8,37.49847882855758,1650.0,43.0,42.53911215108669,0.4496111927943171,0.003691822183313399,71.5,0
FNN Self-tuning PI,537.0,23.815700509772032,23.777537868976168,23.8,37.48998402829119,1650.0,43.0,42.628724500988575,0.4496111927943171,0.003691822183313399,71.5,0
FNN Self-tuning PI,538.0,23.814870782472816,23.792033581490664,23.8,37.4814227837596,1650.0,43.0,43.27752690033572,0.4496111927943171,0.003691822183313399,71.5,0
FNN Self-tuning PI,539.0,23.81437321686541,23.82065512212303,23.8,37.47279525795657,1650.0,45.0,44.57200890647386,0.4496111927943171,0.003691822183313399,71.5,0
FNN Self-tuning PI,540.0,23.814148207624005,23.814307566127056,23.8,37.46410161513776,1650.0,44.0,44.29375566574929,0.45090972430206744,0.0036918221833133987,70.5,0
FNN Self-tuning PI,541.0,23.814146085062653,23.825342884521397,23.8,37.45534202081758,1650.0,45.0,44.80070504555363,0.45090972430206744,0.0036918221833133987,70.5,0
FNN Self-tuning PI,542.0,23.81494586739091,23.835602942338014,23.8,37.4465166417661,1650.0,45.0,45.276485002926464,0.45090972430206744,0.0036918221833133987,70.5,0
FNN Self-tuning PI,543.0,23.816096474551575,23.869298764517485,23.8,37.43762564600581,1650.0,47.0,46.821446263446326,0.45090972430206744,0.0036918221833133987,70.5,0
FNN Self-tuning PI,544.0,23.817223515496025,23.832252334527514,23.8,37.42866920280845,1650.0,45.0,45.1628936985382,0.45090972430206744,0.0036918221833133987,70.5,0
FNN Self-tuning PI,545.0,23.81832670309575,23.868143846336544,23.8,37.419647482691786,1650.0,47.0,46.808639560297195,0.45123333326486853,0.0036918221833133987,72.1,0
FNN Self-tuning PI,546.0,23.819405799543024,23.85298444520766,23.8,37.41056065741637,1650.0,46.0,46.144157765147476,0.45123333326486853,0.0036918221833133987,72.1,0
FNN Self-tuning PI,547.0,23.819840200001586,23.834689480655353,23.8,37.40140889998225,1650.0,45.0,45.33143472087855,0.45123333326486853,0.0036918221833133987,72.1,0
FNN Self-tuning PI,548.0,23.8200463320246,23.844190359213403,23.8,37.3921923846257,1650.0,46.0,45.77646032579119,0.45123333326486853,0.0036918221833133987,72.1,0
FNN Self-tuning PI,549.0,23.819749304496245,23.85099166485088,23.8,37.38291128681589,1650.0,46.0,46.10218312307246,0.45123333326486853,0.0036918221833133987,72.1,0
FNN Self-tuning PI,550.0,23.819031731861955,23.849196997636962,23.8,37.37356578325154,1650.0,46.0,46.0388041122969,0.45111944408024873,0.0036918221833133996,70.9,0
FNN Self-tuning PI,551.0,23.817342037838017,23.82976750516308,23.8,37.36415605185757,1650.0,45.0,45.17329156152927,0.45111944408024873,0.0036918221833133996,70.9,0
FNN Self-tuning PI,552.0,23.815464362939707,23.8156995022771,23.8,37.3546822717817,1650.0,45.0,44.54445257448231,0.45111944408024873,0.0036918221833133996,70.9,0
FNN Self-tuning PI,553.0,23.812808328285684,23.849340181214014,23.8,37.345144623391036,1650.0,46.0,46.080264530086126,0.45111944408024873,0.0036918221833133996,70.9,0
FNN Self-tuning PI,554.0,23.8098155351146,23.828677229374204,23.8,37.335543288268674,1650.0,45.0,45.15870571853887,0.45111944408024873,0.0036918221833133996,70.9,0
FNN Self-tuning PI,555.0,23.806852464012085,23.838331105918588,23.8,37.32587844921018,1650.0,46.0,45.60811166481538,0.45105412939031825,0.0036918221833133987,73.8,0
FNN Self-tuning PI,556.0,23.803602594669584,23.863321589422668,23.8,37.316150290220165,1650.0,47.0,46.75869494766431,0.45105412939031825,0.0036918221833133987,73.8,0
FNN Self-tuning PI,557.0,23.800113843855932,23.830428352984,23.8,37.306358996508756,1650.0,45.0,45.286265542051815,0.45105412939031825,0.0036918221833133987,73.8,0
FNN Self-tuning PI,558.0,23.796426122074486,23.7937900540104,23.8,37.29650475448806,1650.0,44.0,43.63138733582774,0.45105412939031825,0.0036918221833133987,73.8,0
FNN Self-tuning PI,559.0,23.79288287217182,23.81568445477923,23.8,37.28658775176866,1650.0,45.0,44.62473374536716,0.45105412939031825,0.0036918221833133987,73.8,0
FNN Self-tuning PI,560.0,23.789458580364297,23.848144732017158,23.8,37.276608177155964,1650.0,46.0,46.10692613682215,0.4511131189295419,0.0036918221833133987,70.6,0
FNN Self-tuning PI,561.0,23.785821769017357,23.824793399625165,23.8,37.266566220646716,1650.0,45.0,45.062670180444506,0.4511131189295419,0.0036918221833133987,70.6,0
FNN Self-tuning PI,562.0,23.78231809521018,23.829716853999734,23.8,37.256462073425276,1650.0,45.0,45.29574460040791,0.4511131189295419,0.0036918221833133987,70.6,0
FNN Self-tuning PI,563.0,23.778613686638288,23.826953944597385,23.8,37.24629592786005,1650.0,45.0,45.181057049685776,0.4511131189295419,0.0036918221833133987,70.6,0
FNN Self-tuning PI,564.0,23.77443179691632,23.81224561778462,23.8,37.236067977499786,1650.0,45.0,44.522065995750154,0.4511131189295419,0.0036918221833133987,70.6,0
FNN Self-tuning PI,565.0,23.77047388932135,23.810010788761204,23.8,37.22577841706993,1650.0,44.0,44.42471626206392,0.4508838964465518,0.0036918221833133987,69.6,0
FNN Self-tuning PI,566.0,23.76701130134036,23.800337435389782,23.8,37.21542744246887,1650.0,44.0,43.98868491122854,0.4508838964465518,0.0036918221833133987,69.6,0
FNN Self-tuning PI,567.0,23.76364823588879,23.78829520002751,23.8,37.20501525076424,1650.0,43.0,43.44139870700276,0.4508838964465518,0.0036918221833133987,69.6,0
FNN Self-tuning PI,568.0,23.76005635077066,23.787417953039387,23.8,37.19454204018917,1650.0,43.0,43.39719998497967,0.4508838964465518,0.0036918221833133987,69.6,0
FNN Self-tuning PI,569.0,23.756583916804942,23.79018529476477,23.8,37.18400801013849,1650.0,44.0,43.51835155232254,0.4508838964465518,0.0036918221833133987,69.6,0
FNN Self-tuning PI,570.0,23.726270669247526,23.76918772769787,23.8,37.17341336116494,550.0,43.0,42.563268537606206,0.44989766154756916,0.003691822183313399,69.5,0
FNN Self-tuning PI,571.0,23.69616705394571,23.771408194268613,23.8,37.162758294975376,550.0,43.0,42.65261122311243,0.44989766154756916,0.003691822183313399,69.5,0
FNN Self-tuning PI,572.0,23.666257466029997,23.732262792278146,23.8,37.15204301442689,550.0,41.0,40.86646136891704,0.44989766154756916,0.003691822183313399,69.5,0
FNN Self-tuning PI,573.0,23.636838987961823,23.720549303495986,23.8,37.14126772352298,550.0,40.0,40.31014246336797,0.44989766154756916,0.003691822183313399,69.5,0
FNN Self-tuning PI,574.0,23.607847375234417,23.66796071879863,23.8,37.130432627409654,550.0,38.0,37.89544778068344,0.44989766154756916,0.003691822183313399,69.5,0
FNN Self-tuning PI,575.0,23.57953918620798,23.641513805550534,23.8,37.11953793237153,550.0,37.0,36.70791183306682,0.4460604326972416,0.003691822183313399,74.1,0
FNN Self-tuning PI,576.0,23.551816415176134,23.628184083524634,23.8,37.10858384582789,550.0,36.0,36.04989429441707,0.4460604326972416,0.003691822183313399,74.1,0
FNN Self-tuning PI,577.0,23.52428708684273,23.597624786655683,23.8,37.09757057632874,550.0,35.0,34.612051645790565,0.4460604326972416,0.003691822183313399,74.1,0
FNN Self-tuning PI,578.0,23.49724635629874,23.576375645445196,23.8,37.08649833355088,550.0,34.0,33.58165339822369,0.4460604326972416,0.003691822183313399,74.1,0
FNN Self-tuning PI,579.0,23.470628383514335,23.533255083031868,23.8,37.07536732829384,550.0,32.0,31.559738245225017,0.4460604326972416,0.003691822183313399,74.1,0
FNN Self-tuning PI,580.0,23.444998611895166,23.53484559706915,23.8,37.064177772475915,550.0,32.0,31.61780044639184,0.4428545287811295,0.003691822183313399,72.4,0
FNN Self-tuning PI,581.0,23.420514958217996,23.514227987505514,23.8,37.05292987913012,550.0,31.0,30.599238324092358,0.4428545287811295,0.003691822183313399,72.4,0
FNN Self-tuning PI,582.0,23.39761764993591,23.459494510393217,23.8,37.04162386240012,550.0,28.000000000000004,28.04963293057342,0.4428545287811295,0.003691822183313399,72.4,0
FNN Self-tuning PI,583.0,23.376360281097828,23.45081539408193,23.8,37.0302599375362,550.0,28.000000000000004,27.53636158672621,0.4428545287811295,0.003691822183313399,72.4,0
FNN Self-tuning PI,584.0,23.356785963246125,23.39223684404554,23.8,37.01883832089109,550.0,25.0,24.79164506295256,0.4428545287811295,0.003691822183313399,72.4,0
FNN Self-tuning PI,585.0,23.338929080477385,23.370448848113764,23.8,37.007359229915906,550.0,25.0,23.880409378012978,0.43791359850044376,0.0036918221833133987,72.8,0
FNN Self-tuning PI,586.0,23.322816751952494,23.343894416626238,23.8,36.99582288315601,550.0,25.0,22.549168642066153,0.43791359850044376,0.0036918221833133987,72.8,0
FNN Self-tuning PI,587.0,23.30878025469633,23.328604808243558,23.8,36.9842295002468,550.0,25.0,21.705585176810573,0.43791359850044376,0.0036918221833133987,72.8,0
FNN Self-tuning PI,588.0,23.296472233995473,23.31690214706421,23.8,36.972579301909576,550.0,25.0,21.014758592884604,0.43791359850044376,0.0036918221833133987,72.8,0
FNN Self-tuning PI,589.0,23.28591342084248,23.294565123989546,23.8,36.96087250994733,550.0,25.0,19.84999240869575,0.43791359850044376,0.0036918221833133987,72.8,0
FNN Self-tuning PI,590.0,23.277739996277518,23.28806522937519,23.8,36.949109347240494,550.0,25.0,19.503112690594513,0.43543756585962584,0.003691822183313399,73.2,0
FNN Self-tuning PI,591.0,23.271547019237836,23.28013948676962,23.8,36.93729003774274,550.0,25.0,18.96607282631739,0.43543756585962584,0.003691822183313399,73.2,0
FNN Self-tuning PI,592.0,23.267927671048245,23.300381302201977,23.8,36.92541480647668,550.0,25.0,19.663027171189018,0.43543756585962584,0.003691822183313399,73.2,0
FNN Self-tuning PI,593.0,23.266441200450096,23.29097471977603,23.8,36.9134838795296,550.0,25.0,19.065506153588014,0.43543756585962584,0.003691822183313399,73.2,0
FNN Self-tuning PI,594.0,23.266720357476878,23.272132478919133,23.8,36.90149748404915,550.0,25.0,18.050164901763466,0.43543756585962584,0.003691822183313399,73.2,0
FNN Self-tuning PI,595.0,23.26845914307889,23.286827766340476,23.8,36.889455848239024,550.0,25.0,18.50250743886223,0.4354003740135687,0.003691822183313399,73.1,0
FNN Self-tuning PI,596.0,23.271402600478325,23.301405100178226,23.8,36.87735920135461,550.0,25.0,18.953132728205013,0.4354003740135687,0.003691822183313399,73.1,0
FNN Self-tuning PI,597.0,23.27533830796632,23.294138907113606,23.8,36.865207773698614,550.0,25.0,18.450007489966673,0.4354003740135687,0.003691822183313399,73.1,0
FNN Self-tuning PI,598.0,23.280089289568295,23.273489596636175,23.8,36.853001796616724,550.0,25.0,17.356557460778706,0.4354003740135687,0.003691822183313399,73.1,0
FNN Self-tuning PI,599.0,23.285508107266242,23.279236947324378,23.8,36.840741502493145,550.0,25.0,17.41454086569001,0.4354003740135687,0.003691822183313399,73.1,0
FNN Self-tuning PI,600.0,23.291471937851753,23.29549026977847,23.8,36.82842712474619,550.0,25.0,17.92282016054379,0.43566072481621704,0.0036918221833133983,71.4,0
FNN Self-tuning PI,601.0,23.297878470304664,23.281981512890003,23.8,36.81605889782387,550.0,25.0,17.14305346459634,0.43566072481621704,0.0036918221833133983,71.4,0
FNN Self-tuning PI,602.0,23.304642486943063,23.288362792535395,23.8,36.8036370571994,550.0,25.0,17.23217339692037,0.43566072481621704,0.0036918221833133983,71.4,0
FNN Self-tuning PI,603.0,23.311693014382733,23.29426523359402,23.8,36.79116183936672,550.0,25.0,17.30261128894997,0.43566072481621704,0.0036918221833133983,71.4,0
FNN Self-tuning PI,604.0,23.318970949337796,23.290933658431722,23.8,36.77863348183599,550.0,25.0,16.96952940269327,0.43566072481621704,0.0036918221833133983,71.4,0
FNN Self-tuning PI,605.0,23.326427080122365,23.278263668035898,23.8,36.76605222312908,550.0,25.0,16.2519444943673,0.4351429807688194,0.0036918221833133987,74.1,0
FNN Self-tuning PI,606.0,23.33402043790299,23.33301979379785,23.8,36.75341830277502,550.0,25.0,18.462218083865555,0.4351429807688194,0.0036918221833133987,74.1,0
FNN Self-tuning PI,607.0,23.341716922743466,23.351254933990127,23.8,36.740731961305436,550.0,25.0,19.0900387107313,0.4351429807688194,0.0036918221833133987,74.1,0
FNN Self-tuning PI,608.0,23.34948815864326,23.32747596819059,23.8,36.727993440249996,550.0,25.0,17.880866234692018,0.4351429807688194,0.0036918221833133987,74.1,0
FNN Self-tuning PI,609.0,23.357310539403926,23.335338085041485,23.8,36.715202982131764,550.0,25.0,18.051435814318655,0.4351429807688194,0.0036918221833133987,74.1,0
FNN Self-tuning PI,610.0,23.36516443351885,23.326826838704882,23.8,36.70236083046264,550.0,25.0,17.437325232391988,0.4366025427249358,0.003691822183313399,73.4,0
FNN Self-tuning PI,611.0,23.373033521582443,23.329470714206693,23.8,36.689467229738675,550.0,25.0,17.379046463546814,0.4366025427249358,0.003691822183313399,73.4,0
FNN Self-tuning PI,612.0,23.380904244132182,23.379030640768555,23.8,36.67652242543544,550.0,25.0,19.387431057073247,0.4366025427249358,0.003691822183313399,73.4,0
FNN Self-tuning PI,613.0,23.388765341518035,23.394591355653688,23.8,36.663526664003335,550.0,25.0,19.917146162969456,0.4366025427249358,0.003691822183313399,73.4,0
FNN Self-tuning PI,614.0,23.396607470461323,23.395919989437434,23.8,36.65048019286295,550.0,25.0,19.82597549712001,0.4366025427249358,0.003691822183313399,73.4,0
FNN Self-tuning PI,615.0,23.40442288452152,23.39926199175975,23.8,36.63738326040028,550.0,25.0,19.73670086055991,0.4387795750773944,0.003691822183313399,73.5,0
FNN Self-tuning PI,616.0,23.412205167819568,23.38670799711135,23.8,36.62423611596203,550.0,25.0,19.033277158380006,0.4387795750773944,0.003691822183313399,73.5,0
FNN Self-tuning PI,617.0,23.4199490131417,23.399535116822218,23.8,36.61103900985089,550.0,25.0,19.448260458064723,0.4387795750773944,0.003691822183313399,73.5,0
FNN Self-tuning PI,618.0,23.427650037026932,23.39185866839876,23.8,36.597792193320736,550.0,25.0,18.960755058136687,0.4387795750773944,0.003691822183313399,73.5,0
FNN Self-tuning PI,619.0,23.435304625674355,23.392730774122903,23.8,36.584495918571854,550.0,25.0,18.848664719775435,0.4387795750773944,0.003691822183313399,73.5,0
FNN Self-tuning PI,620.0,23.442909806533518,23.434292626923387,23.8,36.57115043874616,550.0,25.0,20.49879803583754,0.4398324178320808,0.0036918221833133996,72.7,0
FNN Self-tuning PI,621.0,23.450463141297412,23.416802346956665,23.8,36.557756007922336,550.0,25.0,19.588049063595296,0.4398324178320808,0.0036918221833133996,72.7,0
FNN Self-tuning PI,622.0,23.45796263673096,23.432714418457916,23.8,36.544312881111054,550.0,25.0,20.152318245951697,0.4398324178320808,0.0036918221833133996,72.7,0
FNN Self-tuning PI,623.0,23.465406670362395,23.449384790678646,23.8,36.53082131425006,550.0,25.0,20.75609435719419,0.4398324178320808,0.0036918221833133996,72.7,0
FNN Self-tuning PI,624.0,23.472793928560385,23.52317093928864,23.8,36.51728156419935,550.0,25.0,23.899248005027268,0.4398324178320808,0.0036918221833133996,72.7,0
FNN Self-tuning PI,625.0,23.48012335493261,23.518648275702038,23.8,36.50369388873624,550.0,25.0,23.525125390979074,0.44236771966770544,0.003691822183313399,70.5,0
FNN Self-tuning PI,626.0,23.48739410732553,23.52074256770783,23.8,36.49005854655048,550.0,25.0,23.514673230532047,0.44236771966770544,0.003691822183313399,70.5,0
FNN Self-tuning PI,627.0,23.49460552199184,23.520943828717318,23.8,36.476375797239335,550.0,25.0,23.420553791561318,0.44236771966770544,0.003691822183313399,70.5,0
FNN Self-tuning PI,628.0,23.50175708373093,23.525562076968228,23.8,36.462645901302636,550.0,25.0,23.523532585103656,0.44236771966770544,0.003691822183313399,70.5,0
FNN Self-tuning PI,629.0,23.508848401006905,23.525547055901473,23.8,36.4488691201378,550.0,25.0,23.421544954869063,0.44236771966770544,0.003691822183313399,70.5,0
FNN Self-tuning PI,630.0,23.515879185214537,23.50074094638765,23.8,36.435045716034885,550.0,25.0,22.229827843375965,0.4418295164111455,0.003691822183313399,69.7,0
FNN Self-tuning PI,631.0,23.522849233401814,23.509719245375667,23.8,36.42117595217158,550.0,25.0,22.519349100451816,0.4418295164111455,0.003691822183313399,69.7,0
FNN Self-tuning PI,632.0,23.529758413873,23.528943292310387,23.8,36.40726009260819,550.0,25.0,23.268654919876653,0.4418295164111455,0.003691822183313399,69.7,0
FNN Self-tuning PI,633.0,23.5366066541921,23.503916910170343,23.8,36.39329840228264,550.0,25.0,22.053606876117296,0.4418295164111455,0.003691822183313399,69.7,0
FNN Self-tuning PI,634.0,23.543393931186653,23.49533821392811,23.8,36.37929114700537,550.0,25.0,21.56209904088015,0.4418295164111455,0.003691822183313399,69.7,0
FNN Self-tuning PI,635.0,23.550120262618492,23.519341644507147,23.8,36.36523859345433,550.0,25.0,22.503337387123672,0.44238855880805716,0.0036918221833133996,69.9,0
FNN Self-tuning PI,636.0,23.55678570024358,23.512221381147373,23.8,36.35114100916989,550.0,25.0,22.08210233362092,0.44238855880805716,0.0036918221833133996,69.9,0
FNN Self-tuning PI,637.0,23.563390324029463,23.558050398030183,23.8,36.33699866254974,550.0,25.0,24.02020211587893,0.44238855880805716,0.0036918221833133996,69.9,0
FNN Self-tuning PI,638.0,23.56993423733735,23.559088517514482,23.8,36.32281182284376,550.0,25.0,23.977187098606407,0.44238855880805716,0.0036918221833133996,69.9,0
FNN Self-tuning PI,639.0,23.57641756290808,23.567153907204613,23.8,36.308580760148935,550.0,25.0,24.248028073662663,0.44238855880805716,0.0036918221833133996,69.9,0
FNN Self-tuning PI,640.0,23.58284043951796,23.561910957888237,23.8,36.29430574540419,550.0,25.0,23.89772623488887,0.4436679758941561,0.003691822183313399,72.1,0
FNN Self-tuning PI,641.0,23.589203019192837,23.545296344627776,23.8,36.27998705038521,550.0,25.0,23.066556990828126,0.4436679758941561,0.003691822183313399,72.1,0
FNN Self-tuning PI,642.0,23.595505464887367,23.538174231292217,23.8,36.26562494769933,550.0,25.0,22.653910211952677,0.4436679758941561,0.003691822183313399,72.1,0
FNN Self-tuning PI,643.0,23.60174794855192,23.52328708278756,23.8,36.251219710780276,550.0,25.0,21.89125761894563,0.4436679758941561,0.003691822183313399,72.1,0
FNN Self-tuning PI,644.0,23.607930649522537,23.54160241647614,23.8,36.236771613882986,550.0,25.0,22.608454528392674,0.4436679758941561,0.003691822183313399,72.1,0
FNN Self-tuning PI,645.0,23.61405375318005,23.56016692090104,23.8,36.22228093207841,550.0,25.0,23.34481716063435,0.44361555901112504,0.003691822183313399,70.6,0
FNN Self-tuning PI,646.0,23.620117449833547,23.595972192377584,23.8,36.20774794124823,550.0,25.0,24.85787127417625,0.44361555901112504,0.003691822183313399,70.6,0
FNN Self-tuning PI,647.0,23.62612193379077,23.609980978935532,23.8,36.193172918079654,550.0,25.0,25.409171198451684,0.44361555901112504,0.003691822183313399,70.6,0
FNN Self-tuning PI,648.0,23.632067402584248,23.606091989274695,23.8,36.17855614006011,550.0,25.0,25.165062176661845,0.44361555901112504,0.003691822183313399,70.6,0
FNN Self-tuning PI,649.0,23.637954056327256,23.593447520993827,23.8,36.163897885471975,550.0,25.0,24.527878387778927,0.44361555901112504,0.003691822183313399,70.6,0
FNN Self-tuning PI,650.0,23.64378209717793,23.619879187875455,23.8,36.1491984333873,550.0,26.0,25.601605525488235,0.4454102061066241,0.003691822183313399,69.5,0
FNN Self-tuning PI,651.0,23.649551728893506,23.630700620708456,23.8,36.13445806366245,550.0,26.0,26.02110086793088,0.4454102061066241,0.003691822183313399,69.5,0
FNN Self-tuning PI,652.0,23.655263156459668,23.633101843380075,23.8,36.11967705693282,550.0,26.0,26.06643794474189,0.4454102061066241,0.003691822183313399,69.5,0
FNN Self-tuning PI,653.0,23.660916585782463,23.639373097478927,23.8,36.10485569460748,550.0,26.0,26.286465406617143,0.4454102061066241,0.003691822183313399,69.5,0
FNN Self-tuning PI,654.0,23.66651222343237,23.65881637732444,23.8,36.0899942588638,550.0,27.0,27.10036645194367,0.4454102061066241,0.003691822183313399,69.5,0
FNN Self-tuning PI,655.0,23.672050276431815,23.65683714961506,23.8,36.07509303264209,550.0,27.0,26.943454374166347,0.44652097449731293,0.003691822183313399,69.8,0
FNN Self-tuning PI,656.0,23.677530952078882,23.643630912648995,23.8,36.060152299640215,550.0,26.0,26.296039507666606,0.44652097449731293,0.003691822183313399,69.8,0
FNN Self-tuning PI,657.0,23.68295445780119,23.638955236609416,23.8,36.045172344308206,550.0,26.0,26.027805902504785,0.44652097449731293,0.003691822183313399,69.8,0
FNN Self-tuning PI,658.0,23.688010796953268,23.643485850645355,23.8,36.030153451842814,550.0,26.0,26.172325081085678,0.44652097449731293,0.003691822183313399,69.8,0
FNN Self-tuning PI,659.0,23.69275336979541,23.662831711595484,23.8,36.015095908182104,550.0,27.0,26.985518256481868,0.44652097449731293,0.003691822183313399,69.8,0
FNN Self-tuning PI,660.0,23.6972267033043,23.671773960010306,23.8,36.0,550.0,27.0,27.331713248324785,0.4469698990608927,0.003691822183313399,70.5,0
FNN Self-tuning PI,661.0,23.701467929995612,23.698630658311668,23.8,35.984866014700835,550.0,28.000000000000004,28.494703062776374,0.4469698990608927,0.003691822183313399,70.5,0
FNN Self-tuning PI,662.0,23.705197816195074,23.703311818186773,23.8,35.96969424041387,550.0,28.999999999999996,28.668241261014487,0.4469698990608927,0.003691822183313399,70.5,0
FNN Self-tuning PI,663.0,23.7084953900785,23.694814412195964,23.8,35.95448496598782,550.0,28.000000000000004,28.249600142573367,0.4469698990608927,0.003691822183313399,70.5,0
FNN Self-tuning PI,664.0,23.71173673144819,23.681310224369284,23.8,35.939238480985345,550.0,28.000000000000004,27.602185440933734,0.4469698990608927,0.003691822183313399,70.5,0
FNN Self-tuning PI,665.0,23.71492356271312,23.6936194124375,23.8,35.92395507567755,550.0,28.000000000000004,28.106110716450043,0.4476264622720185,0.003691822183313399,69.8,0
FNN Self-tuning PI,666.0,23.718057345711955,23.686811950334267,23.8,35.90863504103844,550.0,28.000000000000004,27.759603683353777,0.4476264622720185,0.003691822183313399,69.8,0
FNN Self-tuning PI,667.0,23.720829121004627,23.706825164888638,23.8,35.89327866873937,550.0,28.999999999999996,28.621049634001118,0.4476264622720185,0.003691822183313399,69.8,0
FNN Self-tuning PI,668.0,23.723293145096136,23.712522082851386,23.8,35.877886251143565,550.0,28.999999999999996,28.843763465845058,0.4476264622720185,0.003691822183313399,69.8,0
FNN Self-tuning PI,669.0,23.725184446369425,23.712608992105515,23.8,35.862458081300446,550.0,28.999999999999996,28.815390547884824,0.4476264622720185,0.003691822183313399,69.8,0
FNN Self-tuning PI,670.0,23.7262837260749,23.702467715903914,23.8,35.84699445294014,550.0,28.000000000000004,28.322839279116536,0.44789239727868807,0.003691822183313399,69.9,0
FNN Self-tuning PI,671.0,23.727030146711414,23.713518136255338,23.8,35.83149566046783,550.0,28.999999999999996,28.78585163902749,0.44789239727868807,0.003691822183313399,69.9,0
FNN Self-tuning PI,672.0,23.727477984170907,23.719937063314173,23.8,35.81596199895819,550.0,28.999999999999996,29.043792689289567,0.44789239727868807,0.003691822183313399,69.9,0
FNN Self-tuning PI,673.0,23.727672479511178,23.74851641729609,23.8,35.80039376414974,550.0,30.0,30.30483340278305,0.44789239727868807,0.003691822183313399,69.9,0
FNN Self-tuning PI,674.0,23.7276513447868,23.75151838067668,23.8,35.784791252439234,550.0,30.0,30.421390508520368,0.44789239727868807,0.003691822183313399,69.9,0
FNN Self-tuning PI,675.0,23.727135813826717,23.718248718985283,23.8,35.769154760876006,550.0,28.999999999999996,28.897209099779225,0.44836669398151086,0.003691822183313399,70.1,0
FNN Self-tuning PI,676.0,23.726205289029252,23.72448772262968,23.8,35.75348458715631,550.0,28.999999999999996,29.149067453486033,0.44836669398151086,0.003691822183313399,70.1,0
FNN Self-tuning PI,677.0,23.724925942685577,23.684279835581567,23.8,35.73778102961767,550.0,27.0,27.303557887705978,0.44836669398151086,0.003691822183313399,70.1,0
FNN Self-tuning PI,678.0,23.723663126143933,23.667219680059766,23.8,35.72204438723318,550.0,26.0,26.489617201627674,0.44836669398151086,0.003691822183313399,70.1,0
FNN Self-tuning PI,679.0,23.722099402217815,23.686860377949593,23.8,35.706274959605835,550.0,27.0,27.328471543013055,0.44836669398151086,0.003691822183313399,70.1,0
FNN Self-tuning PI,680.0,23.720281947678796,23.70623622013716,23.8,35.69047304696279,550.0,28.000000000000004,28.165989050388664,0.4480056593522829,0.003691822183313399,69.9,0
FNN Self-tuning PI,681.0,23.71793987626669,23.726317040736625,23.8,35.67463895014971,550.0,28.999999999999996,29.038418739334375,0.4480056593522829,0.003691822183313399,69.9,0
FNN Self-tuning PI,682.0,23.715159149658014,23.723910690330094,23.8,35.65877297062496,550.0,28.999999999999996,28.90252205914808,0.4480056593522829,0.003691822183313399,69.9,0
FNN Self-tuning PI,683.0,23.712321603015372,23.68726299576943,23.8,35.64287541045391,550.0,27.0,27.219064105299097,0.4480056593522829,0.003691822183313399,69.9,0
FNN Self-tuning PI,684.0,23.709433732444538,23.685124249425073,23.8,35.626946572303204,550.0,27.0,27.080836974250253,0.4480056593522829,0.003691822183313399,69.9,0
FNN Self-tuning PI,685.0,23.707121363710797,23.69547519017061,23.8,35.61098675943495,550.0,28.000000000000004,27.50935683706677,0.447682237513646,0.003691822183313399,69.4,0
FNN Self-tuning PI,686.0,23.70559283397706,23.693195992271576,23.8,35.594996275700986,550.0,27.0,27.367891055049242,0.447682237513646,0.003691822183313399,69.4,0
FNN Self-tuning PI,687.0,23.70439987670194,23.687890089789825,23.8,35.57897542553707,550.0,27.0,27.088966240194956,0.447682237513646,0.003691822183313399,69.4,0
FNN Self-tuning PI,688.0,23.70317045583329,23.696032995263227,23.8,35.56292451395709,550.0,27.0,27.41512688497245,0.447682237513646,0.003691822183313399,69.4,0
FNN Self-tuning PI,689.0,23.701596053049606,23.68367398576151,23.8,35.54684384654728,550.0,27.0,26.81889048626807,0.447682237513646,0.003691822183313399,69.4,0
FNN Self-tuning PI,690.0,23.69973127791575,23.701357268313416,23.8,35.53073372946036,550.0,28.000000000000004,27.572378634647137,0.44785902287098306,0.003691822183313399,69.7,0
FNN Self-tuning PI,691.0,23.698242050816717,23.720135578236516,23.8,35.51459446940973,550.0,28.000000000000004,28.383897663587543,0.44785902287098306,0.003691822183313399,69.7,0
FNN Self-tuning PI,692.0,23.697059917088243,23.728161136045024,23.8,35.49842637366365,550.0,28.999999999999996,28.716807880241564,0.44785902287098306,0.003691822183313399,69.7,0
FNN Self-tuning PI,693.0,23.695817646722247,23.70557568603901,23.8,35.482229750039345,550.0,28.000000000000004,27.67043834546946,0.44785902287098306,0.003691822183313399,69.7,0
FNN Self-tuning PI,694.0,23.6948311347239,23.704577895994554,23.8,35.46600490689719,550.0,28.000000000000004,27.5905232740009,0.44785902287098306,0.003691822183313399,69.7,0
FNN Self-tuning PI,695.0,23.69405194258999,23.701166851285027,23.8,35.4497521531348,550.0,27.0,27.401325679746268,0.4478532999034213,0.003691822183313399,70.1,0
FNN Self-tuning PI,696.0,23.69343972452667,23.690310886400837,23.8,35.4334717981812,550.0,27.0,26.874642439758933,0.4478532999034213,0.003691822183313399,70.1,0
FNN Self-tuning PI,697.0,23.6929608786513,23.697334041013406,23.8,35.41716415199086,550.0,27.0,27.151274290170207,0.4478532999034213,0.003691822183313399,70.1,0
FNN Self-tuning PI,698.0,23.69227721891267,23.704545231892624,23.8,35.40082952503787,550.0,27.0,27.438989650279154,0.4478532999034213,0.003691822183313399,70.1,0
FNN Self-tuning PI,699.0,23.691418639505017,23.703417699459475,23.8,35.38446822830997,550.0,27.0,27.35283627022069,0.4478532999034213,0.003691822183313399,70.1,0
FNN Self-tuning PI,700.0,23.690099860125866,23.688739129196527,23.8,35.36808057330268,550.0,27.0,26.658531872829023,0.4474797857750874,0.0036918221833133996,69.5,0
FNN Self-tuning PI,701.0,23.68870505956597,23.669251876605248,23.8,35.35166687201331,550.0,26.0,25.738246829102422,0.4474797857750874,0.0036918221833133996,69.5,0
FNN Self-tuning PI,702.0,23.687242694881576,23.670772935756034,23.8,35.335227436935085,550.0,26.0,25.758602817150884,0.4474797857750874,0.0036918221833133996,69.5,0
FNN Self-tuning PI,703.0,23.686030029771768,23.66238049444344,23.8,35.318762581051146,550.0,25.0,25.332251358734887,0.4474797857750874,0.0036918221833133996,69.5,0
FNN Self-tuning PI,704.0,23.685019766432877,23.67840283458035,23.8,35.30227261782863,550.0,26.0,26.004327180670465,0.4474797857750874,0.0036918221833133996,69.5,0
FNN Self-tuning PI,705.0,23.684172509776374,23.657828342656618,23.8,35.285757861212645,550.0,25.0,25.044381055297272,0.4465507647197118,0.003691822183313399,69.9,0
FNN Self-tuning PI,706.0,23.68345545029754,23.644584301421762,23.8,35.26921862562037,550.0,25.0,24.395590668792224,0.4465507647197118,0.003691822183313399,69.9,0
FNN Self-tuning PI,707.0,23.682841266466276,23.63982976993276,23.8,35.252655225935,550.0,25.0,24.124144700715565,0.4465507647197118,0.003691822183313399,69.9,0
FNN Self-tuning PI,708.0,23.68230721005301,23.6550141454841,23.8,35.236067977499786,550.0,25.0,24.74867795274289,0.4465507647197118,0.003691822183313399,69.9,0
FNN Self-tuning PI,709.0,23.68214454798217,23.652365654002047,23.8,35.219457196112046,550.0,25.0,24.575905387719065,0.4465507647197118,0.003691822183313399,69.9,0
FNN Self-tuning PI,710.0,23.682284326063343,23.647299647170833,23.8,35.20282319801709,550.0,25.0,24.298140245657677,0.44623432567409566,0.003691822183313399,72.2,0
FNN Self-tuning PI,711.0,23.682979313854997,23.634281888729156,23.8,35.18616629990228,550.0,25.0,23.656062999720017,0.44623432567409566,0.003691822183313399,72.2,0
FNN Self-tuning PI,712.0,23.683818279509563,23.703564658954942,23.8,35.169486818890945,550.0,27.0,26.71209581184118,0.44623432567409566,0.003691822183313399,72.2,0
FNN Self-tuning PI,713.0,23.685080465045885,23.676119144417633,23.8,35.15278507253636,550.0,25.0,25.441648135535033,0.44623432567409566,0.003691822183313399,72.2,0
FNN Self-tuning PI,714.0,23.686686902944256,23.671362007643136,23.8,35.13606137881569,550.0,25.0,25.181877504084316,0.44623432567409566,0.003691822183313399,72.2,0
FNN Self-tuning PI,715.0,23.688571821628376,23.646594661668694,23.8,35.11931605612397,550.0,25.0,24.02036402752485,0.4462131373949046,0.003691822183313399,69.8,0
FNN Self-tuning PI,716.0,23.690680446054444,23.64976403788773,23.8,35.102549423267995,550.0,25.0,24.106321312387266,0.4462131373949046,0.003691822183313399,69.8,0
FNN Self-tuning PI,717.0,23.692967164869344,23.66134107871805,23.8,35.0857617994603,550.0,25.0,24.571713675301467,0.4462131373949046,0.003691822183313399,69.8,0
FNN Self-tuning PI,718.0,23.695394003043074,23.68433058174688,23.8,35.06895350431303,550.0,26.0,25.554832410242156,0.4462131373949046,0.003691822183313399,69.8,0
FNN Self-tuning PI,719.0,23.69792934906303,23.688999604077353,23.8,35.0521248578319,550.0,26.0,25.722190948104434,0.4462131373949046,0.003691822183313399,69.8,0
FNN Self-tuning PI,720.0,23.69992648609993,23.66804809298668,23.8,35.03527618041008,550.0,25.0,24.7300846917503,0.44685791844499956,0.003691822183313399,69.9,0
RL Self-tuning PI,0.0,28.526330420675666,28.50054590160386,24.5,32.96472381958992,550.0,30.0,100.0,0.405741349589331,0.00338417033470395,102.6,0
RL Self-tuning PI,1.0,28.5525626650239,28.50315598837741,24.5,32.98159220717789,550.0,35.0,100.0,0.405741349589331,0.00338417033470395,102.6,0
RL Self-tuning PI,2.0,28.578697285727706,28.541479202913607,24.5,32.99847998378223,550.0,40.0,100.0,0.405741349589331,0.00338417033470395,102.6,0
RL Self-tuning PI,3.0,28.60473483208834,28.526406095042564,24.5,33.01538682788403,550.0,45.0,100.0,0.405741349589331,0.00338417033470395,102.6,0
RL Self-tuning PI,4.0,28.63067585004166,28.527773548921083,24.5,33.03231241760133,550.0,50.0,100.0,0.405741349589331,0.00338417033470395,102.6,0
RL Self-tuning PI,5.0,28.656520882174426,28.566441388939126,24.5,33.04925643069531,550.0,55.00000000000001,100.0,0.3651672146303979,0.0037225873681743455,60.2,0
RL Self-tuning PI,6.0,28.682270467740548,28.581079560601125,24.5,33.06621854457638,550.0,60.0,100.0,0.3651672146303979,0.0037225873681743455,60.2,0
RL Self-tuning PI,7.0,28.707925142677215,28.65053783297254,24.5,33.08319843631034,550.0,65.0,100.0,0.3651672146303979,0.0037225873681743455,60.2,0
RL Self-tuning PI,8.0,28.724179317172005,28.693329207642453,24.5,33.10019578262454,550.0,70.0,100.0,0.3651672146303979,0.0037225873681743455,60.2,0
RL Self-tuning PI,9.0,28.7310782876382,28.721428695047347,24.5,33.117210259913996,550.0,75.0,100.0,0.3651672146303979,0.0037225873681743455,60.2,0
RL Self-tuning PI,10.0,28.728667118514835,28.75533281307241,24.5,33.13424154424759,550.0,80.0,100.0,0.33811779132444253,0.00399947403192285,54.5,0
RL Self-tuning PI,11.0,28.716990643455325,28.75258729846935,24.5,33.151289311374214,550.0,85.0,100.0,0.33811779132444253,0.00399947403192285,54.5,0
RL Self-tuning PI,12.0,28.696093466510035,28.72911881971775,24.5,33.16835323672896,550.0,90.0,100.0,0.33811779132444253,0.00399947403192285,54.5,0
RL Self-tuning PI,13.0,28.66601996330277,28.726026211740134,24.5,33.18543299543929,550.0,95.0,100.0,0.33811779132444253,0.00399947403192285,54.5,0
RL Self-tuning PI,14.0,28.626814282201238,28.698923965731854,24.5,33.202528262331214,550.0,100.0,100.0,0.33811779132444253,0.00399947403192285,54.5,0
RL Self-tuning PI,15.0,28.578520345481547,28.656429873135934,24.5,33.21963871193549,550.0,100.0,100.0,0.33811779132444253,0.00399947403192285,52.9,0
RL Self-tuning PI,16.0,28.521181850486713,28.615558298601993,24.5,33.23676401849382,550.0,100.0,100.0,0.33811779132444253,0.00399947403192285,52.9,0
RL Self-tuning PI,17.0,28.45484227077925,28.575789763537486,24.5,33.25390385596506,550.0,100.0,100.0,0.33811779132444253,0.00399947403192285,52.9,0
RL Self-tuning PI,18.0,28.379544857287858,28.53864603566728,24.5,33.27105789803141,550.0,100.0,100.0,0.33811779132444253,0.00399947403192285,52.9,0
RL Self-tuning PI,19.0,28.295332639448244,28.48686409105829,24.5,33.288225818104635,550.0,100.0,100.0,0.33811779132444253,0.00399947403192285,52.9,0
RL Self-tuning PI,20.0,28.20224842633808,28.399648850131552,24.5,33.30540728933228,550.0,100.0,100.0,0.33811779132444253,0.00399947403192285,45.5,0
RL Self-tuning PI,21.0,28.100334807806185,28.33741842731461,24.5,33.3226019846039,550.0,100.0,100.0,0.33811779132444253,0.00399947403192285,45.5,0
RL Self-tuning PI,22.0,27.9896341555959,28.265822888514737,24.5,33.339809576557286,550.0,100.0,100.0,0.33811779132444253,0.00399947403192285,45.5,0
RL Self-tuning PI,23.0,27.87173964487089,28.191727456542587,24.5,33.357029737584696,550.0,100.0,100.0,0.33811779132444253,0.00399947403192285,45.5,0
RL Self-tuning PI,24.0,27.747978270340628,28.095657294882024,24.5,33.374262139839075,550.0,100.0,100.0,0.33811779132444253,0.00399947403192285,45.5,0
RL Self-tuning PI,25.0,27.619455212913937,27.97572086245006,24.5,33.39150645524033,550.0,100.0,100.0,0.33811779132444253,0.00399947403192285,45.4,0
RL Self-tuning PI,26.0,27.487090811893484,27.853231439611346,24.5,33.40876235548156,550.0,100.0,100.0,0.33811779132444253,0.00399947403192285,45.4,0
RL Self-tuning PI,27.0,27.351651375121214,27.738102410829327,24.5,33.426029512035285,550.0,100.0,100.0,0.33811779132444253,0.00399947403192285,45.4,0
RL Self-tuning PI,28.0,27.213774854082956,27.603916879347604,24.5,33.44330759615974,550.0,100.0,100.0,0.33811779132444253,0.00399947403192285,45.4,0
RL Self-tuning PI,29.0,27.073992239812448,27.48825059395754,24.5,33.46059627890511,550.0,100.0,100.0,0.33811779132444253,0.00399947403192285,45.4,0
RL Self-tuning PI,30.0,26.93274539279492,27.347625927969958,24.5,33.477895231119795,550.0,97.0,97.42219952349642,0.33811779132444253,0.00399947403192285,45.5,0
RL Self-tuning PI,31.0,26.790401901203804,27.2392662916573,24.5,33.49520412345668,550.0,95.0,94.8539298736214,0.33811779132444253,0.00399947403192285,45.5,0
RL Self-tuning PI,32.0,26.647267462748374,27.06421104125832,24.5,33.51252262637941,550.0,90.0,89.96054995834461,0.33811779132444253,0.00399947403192285,45.5,0
RL Self-tuning PI,33.0,26.503596202864006,26.937302254985138,24.5,33.52985041016865,550.0,87.0,86.64433081458517,0.33811779132444253,0.00399947403192285,45.5,0
RL Self-tuning PI,34.0,26.35959927318797,26.800548455365103,24.5,33.54718714492837,550.0,83.0,82.9405399269513,0.33811779132444253,0.00399947403192285,45.5,0
RL Self-tuning PI,35.0,26.215452016939953,26.662564943918778,24.5,33.56453250059214,550.0,79.0,79.13998414756404,0.33811779132444253,0.00399947403192285,45.4,0
RL Self-tuning PI,36.0,26.071299940056583,26.511522610610758,24.5,33.581886146929385,550.0,75.0,74.83747737868059,0.33811779132444253,0.00399947403192285,45.4,0
RL Self-tuning PI,37.0,25.927263687121076,26.345490599717664,24.5,33.599247753551694,550.0,70.0,69.96173887042056,0.33811779132444253,0.00399947403192285,45.4,0
RL Self-tuning PI,38.0,25.78437380020042,26.18428943250447,24.5,33.6166169899191,550.0,65.0,65.18486779347026,0.33811779132444253,0.00399947403192285,45.4,0
RL Self-tuning PI,39.0,25.643173779249825,26.08035916998698,24.5,33.63399352534639,550.0,62.0,62.30286125819933,0.33811779132444253,0.00399947403192285,45.4,0
RL Self-tuning PI,40.0,25.50504359023266,25.910069734791623,24.5,33.65137702900937,550.0,57.00000000000001,57.10902621553517,0.33811779132444253,0.00399947403192285,80.1,0
RL Self-tuning PI,41.0,25.370504775121255,25.753433761647,24.5,33.66876716995118,550.0,52.0,52.31419286541791,0.33811779132444253,0.00399947403192285,80.1,0
RL Self-tuning PI,42.0,25.240297160171743,25.649389451949144,24.5,33.686163617088624,550.0,49.0,49.25596497249008,0.33811779132444253,0.00399947403192285,80.1,0
RL Self-tuning PI,43.0,25.11503080433028,25.531898783954016,24.5,33.7035660392184,550.0,46.0,45.69610169511517,0.33811779132444253,0.00399947403192285,80.1,0
RL Self-tuning PI,44.0,24.995207660048244,25.408515373098158,24.5,33.7209741050235,550.0,42.0,41.88764742288015,0.33811779132444253,0.00399947403192285,80.1,0
RL Self-tuning PI,45.0,24.881549827874238,25.279887505625343,24.5,33.73838748307943,550.0,38.0,37.85042436026897,0.33811779132444253,0.00399947403192285,155.9,0
RL Self-tuning PI,46.0,24.774651201380728,25.163068607852967,24.5,33.75580584186057,550.0,34.0,34.16576215814293,0.33811779132444253,0.00399947403192285,155.9,0
RL Self-tuning PI,47.0,24.674378466879606,25.04088124787014,24.5,33.77322884974649,550.0,30.0,30.250714180148165,0.33811779132444253,0.00399947403192285,155.9,0
RL Self-tuning PI,48.0,24.581236145273625,24.923497626201808,24.5,33.790656175028225,550.0,26.0,26.451141866389662,0.33811779132444253,0.00399947403192285,155.9,0
RL Self-tuning PI,49.0,24.49563691804983,24.784033393839685,24.5,33.808087485914626,550.0,25.0,21.849206463171758,0.33811779132444253,0.00399947403192285,155.9,0
RL Self-tuning PI,50.0,24.417296565200083,24.67128507844481,24.5,33.82552245053866,550.0,25.0,17.453231961245084,0.3719295704568868,0.003599526628730565,85.2,0
RL Self-tuning PI,51.0,24.34597354741608,24.601416709822836,24.5,33.842960736963725,550.0,25.0,14.891125942996169,0.3719295704568868,0.003599526628730565,85.2,0
RL Self-tuning PI,52.0,24.281772120584126,24.513433118274968,24.5,33.86040201319,550.0,0.0,11.623591288524663,0.3719295704568868,0.003599526628730565,85.2,0
RL Self-tuning PI,53.0,24.22477303067636,24.467226154688447,24.5,33.87784594716071,550.0,0.0,9.893220643747021,0.3719295704568868,0.003599526628730565,85.2,0
RL Self-tuning PI,54.0,24.17503746331218,24.39149439306796,24.5,33.89529220676851,550.0,0.0,7.037475604650006,0.3719295704568868,0.003599526628730565,85.2,0
RL Self-tuning PI,55.0,24.132610334899155,24.324045396760148,24.5,33.91274045986176,550.0,0.0,2.7101069887378633,0.4091225275025755,0.0032395739658575085,74.6,0
RL Self-tuning PI,56.0,24.097523035091015,24.25257401366531,24.5,33.93019037425087,550.0,0.0,0.0,0.4091225275025755,0.0032395739658575085,74.6,0
RL Self-tuning PI,57.0,24.068865099765777,24.21824274369616,24.5,33.94764161771462,550.0,0.0,0.0,0.4091225275025755,0.0032395739658575085,74.6,0
RL Self-tuning PI,58.0,24.04556610213068,24.16612656402742,24.5,33.965093858006504,550.0,0.0,0.0,0.4091225275025755,0.0032395739658575085,74.6,0
RL Self-tuning PI,59.0,24.02673401706302,24.12441402409084,24.5,33.98254676286101,550.0,0.0,0.0,0.4091225275025755,0.0032395739658575085,74.6,0
RL Self-tuning PI,60.0,24.019380589455537,24.071509082226065,24.5,34.0,550.0,0.0,0.0,0.45003478025283306,0.0030765184860944996,64.1,0
RL Self-tuning PI,61.0,24.0215565291644,24.063296251970737,24.5,34.01745323713899,550.0,0.0,0.0,0.45003478025283306,0.0030765184860944996,64.1,0
RL Self-tuning PI,62.0,24.0316376152789,24.01661508449229,24.5,34.034906141993496,550.0,0.0,0.0,0.45003478025283306,0.0030765184860944996,64.1,0
RL Self-tuning PI,63.0,24.04827051685601,24.024930332017895,24.5,34.05235838228538,550.0,0.0,0.0,0.45003478025283306,0.0030765184860944996,64.1,0
RL Self-tuning PI,64.0,24.070327643537922,24.039189338930054,24.5,34.06980962574913,550.0,0.0,0.0,0.45003478025283306,0.0030765184860944996,64.1,0
RL Self-tuning PI,65.0,24.09686952107202,24.041694031186,24.5,34.08725954013824,550.0,0.0,0.0,0.45082372176592334,0.0030765184860944996,54.9,0
RL Self-tuning PI,66.0,24.12711343758287,24.03577342597051,24.5,34.10470779323149,550.0,0.0,0.0,0.45082372176592334,0.0030765184860944996,54.9,0
RL Self-tuning PI,67.0,24.160407315470874,24.044636123750017,24.5,34.12215405283929,550.0,0.0,0.0,0.45082372176592334,0.0030765184860944996,54.9,0
RL Self-tuning PI,68.0,24.19620793799973,24.128321096793275,24.5,34.13959798681,550.0,0.0,0.0,0.45082372176592334,0.0030765184860944996,54.9,0
RL Self-tuning PI,69.0,24.234062804791296,24.142642608674024,24.5,34.157039263036275,550.0,0.0,0.0,0.45082372176592334,0.0030765184860944996,54.9,0
RL Self-tuning PI,70.0,24.273595011409856,24.169957161596738,24.5,34.17447754946134,550.0,0.0,0.0,0.45082372176592334,0.0030765184860944996,59.5,0
RL Self-tuning PI,71.0,24.31449064902089,24.17976852694354,24.5,34.191912514085374,550.0,0.0,0.0,0.45082372176592334,0.0030765184860944996,59.5,0
RL Self-tuning PI,72.0,24.35648830411191,24.23407040404297,24.5,34.209343824971775,550.0,0.0,0.0,0.45082372176592334,0.0030765184860944996,59.5,0
RL Self-tuning PI,73.0,24.39937030826499,24.310294159575438,24.5,34.22677115025351,550.0,0.0,0.799319699689105,0.45082372176592334,0.0030765184860944996,59.5,0
RL Self-tuning PI,74.0,24.44295544630568,24.324828948159517,24.5,34.24419415813943,550.0,0.0,1.4006907502230632,0.45082372176592334,0.0030765184860944996,59.5,0
RL Self-tuning PI,75.0,24.48709287976555,24.374759196360845,24.5,34.26161251692057,550.0,0.0,3.613134217744031,0.45082372176592334,0.0030765184860944996,57.5,0
RL Self-tuning PI,76.0,24.531657083106065,24.386359239842772,24.5,34.2790258949765,550.0,0.0,4.101129905321164,0.45082372176592334,0.0030765184860944996,57.5,0
RL Self-tuning PI,77.0,24.57654362391021,24.421195439515934,24.5,34.2964339607816,550.0,0.0,5.647384055492953,0.45082372176592334,0.0030765184860944996,57.5,0
RL Self-tuning PI,78.0,24.62166564638058,24.45620370306375,24.5,34.313836382911376,550.0,0.0,7.212165610297136,0.45082372176592334,0.0030765184860944996,57.5,0
RL Self-tuning PI,79.0,24.666950940926103,24.533886538086826,24.5,34.33123283004882,550.0,0.0,10.724717346625651,0.45082372176592334,0.0030765184860944996,57.5,0
RL Self-tuning PI,80.0,24.712339502156002,24.59281108643113,24.5,34.34862297099063,550.0,25.0,13.409729267733175,0.45082372176592334,0.0030765184860944996,55.4,0
RL Self-tuning PI,81.0,24.757781493879715,24.62477873527688,24.5,34.36600647465361,550.0,25.0,14.889295119182986,0.45082372176592334,0.0030765184860944996,55.4,0
RL Self-tuning PI,82.0,24.803235553278455,24.643953419966785,24.5,34.3833830100809,550.0,25.0,15.798022926508493,0.45082372176592334,0.0030765184860944996,55.4,0
RL Self-tuning PI,83.0,24.848667377719764,24.687066719643006,24.5,34.400752246448306,550.0,25.0,17.79922417038435,0.45082372176592334,0.0030765184860944996,55.4,0
RL Self-tuning PI,84.0,24.89404854710787,24.758410685353006,24.5,34.418113853070615,550.0,25.0,21.095079910125886,0.45082372176592334,0.0030765184860944996,55.4,0
RL Self-tuning PI,85.0,24.939355542513876,24.790296024354646,24.5,34.43546749940786,550.0,25.0,22.621856738511315,0.45082372176592334,0.0030765184860944996,61.0,0
RL Self-tuning PI,86.0,24.984568928372422,24.8507764783029,24.5,34.45281285507163,550.0,25.0,25.456376104814403,0.45082372176592334,0.0030765184860944996,61.0,0
RL Self-tuning PI,87.0,25.029672670983743,24.881445360009224,24.5,34.47014958983135,550.0,27.0,26.956354414289052,0.45082372176592334,0.0030765184860944996,61.0,0
RL Self-tuning PI,88.0,25.066898468562712,24.938757537448954,24.5,34.48747737362059,550.0,30.0,29.675107895365365,0.45082372176592334,0.0030765184860944996,61.0,0
RL Self-tuning PI,89.0,25.097565304958067,24.972629290697796,24.5,34.50479587654332,550.0,31.0,31.347532156593527,0.45082372176592334,0.0030765184860944996,61.0,0
RL Self-tuning PI,90.0,25.14971107812073,25.028908319753203,24.5,34.522104768880205,1650.0,33.0,32.68329996009399,0.405741349589331,0.00338417033470395,58.7,0
RL Self-tuning PI,91.0,25.19718332833847,25.056055409432254,24.5,34.53940372109489,1650.0,34.0,33.9729482625793,0.405741349589331,0.00338417033470395,58.7,0
RL Self-tuning PI,92.0,25.24074594088809,25.089872273130357,24.5,34.55669240384026,1650.0,36.0,35.5446610789532,0.405741349589331,0.00338417033470395,58.7,0
RL Self-tuning PI,93.0,25.281035563188862,25.166439039437815,24.5,34.573970487964715,1650.0,39.0,38.8768257111965,0.405741349589331,0.00338417033470395,58.7,0
RL Self-tuning PI,94.0,25.31858281062189,25.173402340899788,24.5,34.59123764451844,1650.0,39.0,39.38724646701364,0.405741349589331,0.00338417033470395,58.7,0
RL Self-tuning PI,95.0,25.353209529885525,25.240852986423693,24.5,34.60849354475967,1650.0,41.0,40.6002930534413,0.3651672146303979,0.0037225873681743455,53.2,0
RL Self-tuning PI,96.0,25.384460115176367,25.26114938562682,24.5,34.625737860160925,1650.0,42.0,41.62479551866731,0.3651672146303979,0.0037225873681743455,53.2,0
RL Self-tuning PI,97.0,25.412579839023472,25.308438191446506,24.5,34.642970262415304,1650.0,44.0,43.65257584904742,0.3651672146303979,0.0037225873681743455,53.2,0
RL Self-tuning PI,98.0,25.437464419244748,25.33642779232625,24.5,34.66019042344271,1650.0,45.0,44.986031861645124,0.3651672146303979,0.0037225873681743455,53.2,0
RL Self-tuning PI,99.0,25.45934017055798,25.365525502435876,24.5,34.6773980153961,1650.0,46.0,46.37078426715062,0.3651672146303979,0.0037225873681743455,53.2,0
RL Self-tuning PI,100.0,25.478086989209775,25.434057943712823,24.5,34.69459271066772,1650.0,48.0,47.81856117692788,0.33811779132444253,0.00399947403192285,52.3,0
RL Self-tuning PI,101.0,25.493297573836685,25.465262567484327,24.5,34.711774181895365,1650.0,49.0,49.259699281065075,0.33811779132444253,0.00399947403192285,52.3,0
RL Self-tuning PI,102.0,25.50556758492576,25.45446443464054,24.5,34.72894210196859,1650.0,49.0,49.27633077038198,0.33811779132444253,0.00399947403192285,52.3,0
RL Self-tuning PI,103.0,25.51477296447748,25.46830707636939,24.5,34.74609614403494,1650.0,50.0,50.13164701581406,0.33811779132444253,0.00399947403192285,52.3,0
RL Self-tuning PI,104.0,25.521123485876213,25.499489132762367,24.5,34.76323598150618,1650.0,52.0,51.58571090263608,0.33811779132444253,0.00399947403192285,52.3,0
RL Self-tuning PI,105.0,25.524485199753943,25.510322230119943,24.5,34.78036128806451,1650.0,52.0,52.356072950134624,0.33811779132444253,0.00399947403192285,51.7,0
RL Self-tuning PI,106.0,25.52505961404201,25.5017179758223,24.5,34.797471737668786,1650.0,52.0,52.46578230738446,0.33811779132444253,0.00399947403192285,51.7,0
RL Self-tuning PI,107.0,25.52301607304674,25.502098865229346,24.5,34.81456700456071,1650.0,53.0,52.879447694779834,0.33811779132444253,0.00399947403192285,51.7,0
RL Self-tuning PI,108.0,25.518186906615295,25.537712226904492,24.5,34.83164676327104,1650.0,54.0,54.498629124315066,0.33811779132444253,0.00399947403192285,51.7,0
RL Self-tuning PI,109.0,25.510745492291907,25.518484267434836,24.5,34.848710688625786,1650.0,54.0,54.25583774351222,0.33811779132444253,0.00399947403192285,51.7,0
RL Self-tuning PI,110.0,25.501147906894783,25.5241770449977,24.5,34.86575845575241,1650.0,55.00000000000001,54.85793763067388,0.33811779132444253,0.00399947403192285,53.1,0
RL Self-tuning PI,111.0,25.48946390236692,25.54449327663344,24.5,34.882789740086004,1650.0,56.00000000000001,55.96260794118641,0.33811779132444253,0.00399947403192285,53.1,0
RL Self-tuning PI,112.0,25.475442785946317,25.526537249796824,24.5,34.89980421737546,1650.0,56.00000000000001,55.76604363502695,0.33811779132444253,0.00399947403192285,53.1,0
RL Self-tuning PI,113.0,25.45949892492688,25.504257513383052,24.5,34.91680156368965,1650.0,55.00000000000001,55.41437629288931,0.33811779132444253,0.00399947403192285,53.1,0
RL Self-tuning PI,114.0,25.4419774959249,25.478063807474012,24.5,34.93378145542362,1650.0,55.00000000000001,54.919894573988216,0.33811779132444253,0.00399947403192285,53.1,0
RL Self-tuning PI,115.0,25.42285581314287,25.448587974233035,24.5,34.95074356930469,1650.0,54.0,54.3026495076935,0.33811779132444253,0.00399947403192285,52.3,0
RL Self-tuning PI,116.0,25.402116335651847,25.44960440070916,24.5,34.967687582398675,1650.0,55.00000000000001,54.71680850933216,0.33811779132444253,0.00399947403192285,52.3,0
RL Self-tuning PI,117.0,25.380056006931657,25.437049535738957,24.5,34.98461317211597,1650.0,55.00000000000001,54.667076716403365,0.33811779132444253,0.00399947403192285,52.3,0
RL Self-tuning PI,118.0,25.35661193337708,25.448062546392773,24.5,35.00152001621777,1650.0,55.00000000000001,55.41862135370709,0.33811779132444253,0.00399947403192285,52.3,0
RL Self-tuning PI,119.0,25.331733054094933,25.407280502620317,24.5,35.01840779282211,1650.0,54.0,54.40257237809312,0.33811779132444253,0.00399947403192285,52.3,0
RL Self-tuning PI,120.0,25.30568836587289,25.39413333674278,23.8,35.03527618041008,1650.0,59.0,78.2638581903077,0.33811779132444253,0.00399947403192285,52.3,0
RL Self-tuning PI,121.0,25.27901208103908,25.340503899731374,23.8,35.0521248578319,1650.0,64.0,77.06667204538587,0.33811779132444253,0.00399947403192285,52.3,0
RL Self-tuning PI,122.0,25.25183752517444,25.308575643905918,23.8,35.06895350431303,1650.0,69.0,76.59047182263069,0.33811779132444253,0.00399947403192285,52.3,0
RL Self-tuning PI,123.0,25.22458586029024,25.296130530334892,23.8,35.0857617994603,1650.0,74.0,76.76805391173312,0.33811779132444253,0.00399947403192285,52.3,0
RL Self-tuning PI,124.0,25.196986008264354,25.273147978075965,23.8,35.102549423267995,1650.0,77.0,76.58015463920384,0.33811779132444253,0.00399947403192285,52.3,0
RL Self-tuning PI,125.0,25.16912362918763,25.252065972845816,23.8,35.11931605612397,1650.0,76.0,76.44808454979659,0.33811779132444253,0.00399947403192285,52.1,0
RL Self-tuning PI,126.0,25.141069961663806,25.240791383640364,23.8,35.13606137881569,1650.0,77.0,76.64311140220157,0.33811779132444253,0.00399947403192285,52.1,0
RL Self-tuning PI,127.0,25.11319443111763,25.202142458731018,23.8,35.15278507253636,1650.0,76.0,75.89710572473547,0.33811779132444253,0.00399947403192285,52.1,0
RL Self-tuning PI,128.0,25.083942031826634,25.182614009423315,23.8,35.169486818890945,1650.0,76.0,75.7897869926304,0.33811779132444253,0.00399947403192285,52.1,0
RL Self-tuning PI,129.0,25.052024251610117,25.16471610893735,23.8,35.18616629990228,1650.0,76.0,75.7304417983286,0.33811779132444253,0.00399947403192285,52.1,0
RL Self-tuning PI,130.0,25.016374618717826,25.139522601811745,23.8,35.20282319801709,1650.0,75.0,75.41434308593801,0.33811779132444253,0.00399947403192285,52.9,0
RL Self-tuning PI,131.0,24.976111657763013,25.10304294636036,23.8,35.219457196112046,1650.0,75.0,74.702049675633,0.33811779132444253,0.00399947403192285,52.9,0
RL Self-tuning PI,132.0,24.931128428021402,25.070829136642015,23.8,35.236067977499786,1650.0,74.0,74.12110826952278,0.33811779132444253,0.00399947403192285,52.9,0
RL Self-tuning PI,133.0,24.88258082106677,25.047538382080333,23.8,35.252655225935,1650.0,74.0,73.83255615675095,0.33811779132444253,0.00399947403192285,52.9,0
RL Self-tuning PI,134.0,24.830809873780023,25.03048637514826,23.8,35.26921862562037,1650.0,74.0,73.74812729500285,0.33811779132444253,0.00399947403192285,52.9,0
RL Self-tuning PI,135.0,24.776721387356467,24.979661905570037,23.8,35.285757861212645,1650.0,73.0,72.50146427087792,0.33811779132444253,0.00399947403192285,58.0,0
RL Self-tuning PI,136.0,24.72075819700537,24.90938384070804,23.8,35.30227261782863,1650.0,71.0,70.56893305014309,0.33811779132444253,0.00399947403192285,58.0,0
RL Self-tuning PI,137.0,24.663289038344494,24.857455369896826,23.8,35.318762581051146,1650.0,69.0,69.23606559357077,0.33811779132444253,0.00399947403192285,58.0,0
RL Self-tuning PI,138.0,24.604931102823503,24.795635141765416,23.8,35.335227436935085,1650.0,68.0,67.54401538355029,0.33811779132444253,0.00399947403192285,58.0,0
RL Self-tuning PI,139.0,24.54588672942274,24.730099912148585,23.8,35.35166687201331,1650.0,66.0,65.70014371892519,0.33811779132444253,0.00399947403192285,58.0,0
RL Self-tuning PI,140.0,24.48663445614924,24.646509485893844,23.8,35.36808057330268,1650.0,63.0,63.21236195947388,0.33811779132444253,0.00399947403192285,52.6,0
RL Self-tuning PI,141.0,24.427261087816454,24.568986751485458,23.8,35.38446822830997,1650.0,61.0,60.898734640260265,0.33811779132444253,0.00399947403192285,52.6,0
RL Self-tuning PI,142.0,24.367838690193032,24.51848841165646,23.8,35.40082952503787,1650.0,59.0,59.47865350187283,0.33811779132444253,0.00399947403192285,52.6,0
RL Self-tuning PI,143.0,24.308737251888715,24.4485096631249,23.8,35.41716415199086,1650.0,57.00000000000001,57.371917268270735,0.33811779132444253,0.00399947403192285,52.6,0
RL Self-tuning PI,144.0,24.25057353960235,24.397407903993628,23.8,35.4334717981812,1650.0,56.00000000000001,55.883007615093625,0.33811779132444253,0.00399947403192285,52.6,0
RL Self-tuning PI,145.0,24.1938582810306,24.3289969289219,23.8,35.4497521531348,1650.0,54.0,53.78148178375221,0.33811779132444253,0.00399947403192285,52.5,0
RL Self-tuning PI,146.0,24.138703650438554,24.280307514153634,23.8,35.46600490689719,1650.0,52.0,52.32730378853914,0.33811779132444253,0.00399947403192285,52.5,0
RL Self-tuning PI,147.0,24.085511611031063,24.241927127430717,23.8,35.482229750039345,1650.0,51.0,51.206342236662216,0.33811779132444253,0.00399947403192285,52.5,0
RL Self-tuning PI,148.0,24.034924133254002,24.163048553200046,23.8,35.49842637366365,1650.0,49.0,48.684517632577716,0.33811779132444253,0.00399947403192285,52.5,0
RL Self-tuning PI,149.0,23.987161309461115,24.142049891897614,23.8,35.51459446940973,1650.0,48.0,48.111317500569534,0.33811779132444253,0.00399947403192285,52.5,0
RL Self-tuning PI,150.0,23.942403387058885,24.094997418125548,23.8,35.53073372946036,1650.0,44.0,43.96941330023342,0.3719295704568868,0.003599526628730565,51.1,0
RL Self-tuning PI,151.0,23.900797425398085,24.045769880206404,23.8,35.54684384654728,1650.0,42.0,42.226961119775964,0.3719295704568868,0.003599526628730565,51.1,0
RL Self-tuning PI,152.0,23.862152639019488,23.982430308611853,23.8,35.56292451395709,1650.0,40.0,39.93684142954112,0.3719295704568868,0.003599526628730565,51.1,0
RL Self-tuning PI,153.0,23.82661862142373,23.962705864198075,23.8,35.57897542553707,1650.0,39.0,39.26179742479253,0.3719295704568868,0.003599526628730565,51.1,0
RL Self-tuning PI,154.0,23.794316927125596,23.899071967597852,23.8,35.594996275700986,1650.0,37.0,36.93072586044357,0.3719295704568868,0.003599526628730565,51.1,0
RL Self-tuning PI,155.0,23.765035556516235,23.888858911503437,23.8,35.61098675943495,1650.0,34.0,33.5855565308058,0.4091225275025755,0.0032395739658575085,52.2,0
RL Self-tuning PI,156.0,23.73890646431451,23.86622197721557,23.8,35.626946572303204,1650.0,33.0,32.68088165306514,0.4091225275025755,0.0032395739658575085,52.2,0
RL Self-tuning PI,157.0,23.71572634144192,23.811479392731822,23.8,35.64287541045391,1650.0,30.0,30.444958034647513,0.4091225275025755,0.0032395739658575085,52.2,0
RL Self-tuning PI,158.0,23.696254816461582,23.789997340928377,23.8,35.65877297062496,1650.0,30.0,29.56283846627903,0.4091225275025755,0.0032395739658575085,52.2,0
RL Self-tuning PI,159.0,23.680498476731273,23.731399077016892,23.8,35.67463895014971,1650.0,27.0,27.14322770599309,0.4091225275025755,0.0032395739658575085,52.2,0
RL Self-tuning PI,160.0,23.668459798609533,23.70761510342518,23.8,35.69047304696279,1650.0,25.0,24.25633481898905,0.45003478025283306,0.0030765184860944996,50.1,0
RL Self-tuning PI,161.0,23.65982764384081,23.717685491772453,23.8,35.706274959605835,1650.0,25.0,24.684213109058053,0.45003478025283306,0.0030765184860944996,50.1,0
RL Self-tuning PI,162.0,23.65465144427833,23.69979044927819,23.8,35.72204438723318,1650.0,25.0,23.84804430387807,0.45003478025283306,0.0030765184860944996,50.1,0
RL Self-tuning PI,163.0,23.653279622151043,23.689090305976645,23.8,35.73778102961767,1650.0,25.0,23.332379067544622,0.45003478025283306,0.0030765184860944996,50.1,0
RL Self-tuning PI,164.0,23.65537766895962,23.658302018142052,23.8,35.75348458715631,1650.0,25.0,21.903205386481602,0.45003478025283306,0.0030765184860944996,50.1,0
RL Self-tuning PI,165.0,23.66128579071353,23.66226536423347,23.8,35.769154760876006,1650.0,25.0,22.028328972707516,0.45082372176592334,0.0030765184860944996,50.5,0
RL Self-tuning PI,166.0,23.670352457922704,23.63925620932745,23.8,35.784791252439234,1650.0,25.0,20.94156856341253,0.45082372176592334,0.0030765184860944996,50.5,0
RL Self-tuning PI,167.0,23.682965418541887,23.656328693129122,23.8,35.80039376414974,1650.0,25.0,21.66703588898745,0.45082372176592334,0.0030765184860944996,50.5,0
RL Self-tuning PI,168.0,23.699133191543265,23.693041245525713,23.8,35.81596199895819,1650.0,25.0,23.289218781144196,0.45082372176592334,0.0030765184860944996,50.5,0
RL Self-tuning PI,169.0,23.718239582286557,23.705709220312887,23.8,35.83149566046783,1650.0,25.0,23.831312402545702,0.45082372176592334,0.0030765184860944996,50.5,0
RL Self-tuning PI,170.0,23.739771208736244,23.719366945675425,23.8,35.84699445294014,1650.0,25.0,24.422228152203356,0.45082372176592334,0.0030765184860944996,52.1,0
RL Self-tuning PI,171.0,23.76330036535323,23.74913045247602,23.8,35.862458081300446,1650.0,26.0,25.74838753273465,0.45082372176592334,0.0030765184860944996,52.1,0
RL Self-tuning PI,172.0,23.78847074300818,23.74426162043373,23.8,35.877886251143565,1650.0,26.0,25.511741019026708,0.45082372176592334,0.0030765184860944996,52.1,0
RL Self-tuning PI,173.0,23.814985528912874,23.764626226395393,23.8,35.89327866873937,1650.0,26.0,26.418942957378334,0.45082372176592334,0.0030765184860944996,52.1,0
RL Self-tuning PI,174.0,23.84259748989995,23.777850384061303,23.8,35.90863504103844,1650.0,27.0,27.008304984705283,0.45082372176592334,0.0030765184860944996,52.1,0
RL Self-tuning PI,175.0,23.871100708492897,23.791526641584305,23.8,35.92395507567755,1650.0,28.000000000000004,27.62225627195967,0.45082372176592334,0.0030765184860944996,50.3,0
RL Self-tuning PI,176.0,23.900323696301268,23.824292791273216,23.8,35.939238480985345,1650.0,28.999999999999996,29.106905749172164,0.45082372176592334,0.0030765184860944996,50.3,0
RL Self-tuning PI,177.0,23.930123655186883,23.843232313129402,23.8,35.95448496598782,1650.0,30.0,29.974044823393385,0.45082372176592334,0.0030765184860944996,50.3,0
RL Self-tuning PI,178.0,23.960381694905863,23.897946599717336,23.8,35.96969424041387,1650.0,32.0,32.47082810719542,0.45082372176592334,0.0030765184860944996,50.3,0
RL Self-tuning PI,179.0,23.990688643732167,23.92627297905476,23.8,35.984866014700835,1650.0,34.0,33.786696598336185,0.45082372176592334,0.0030765184860944996,50.3,0
RL Self-tuning PI,180.0,24.021015328460972,23.965284046050247,23.8,36.0,1650.0,36.0,35.596257981945634,0.45082372176592334,0.0030765184860944996,50.0,0
RL Self-tuning PI,181.0,24.05133753674246,23.97242569525944,23.8,36.015095908182104,1650.0,36.0,35.97126755344343,0.45082372176592334,0.0030765184860944996,50.0,0
RL Self-tuning PI,182.0,24.081324985594723,24.010043164369765,23.8,36.030153451842814,1650.0,38.0,37.731772464022775,0.45082372176592334,0.0030765184860944996,50.0,0
RL Self-tuning PI,183.0,24.11070402889975,24.041983349334807,23.8,36.045172344308206,1650.0,39.0,39.246158394761515,0.45082372176592334,0.0030765184860944996,50.0,0
RL Self-tuning PI,184.0,24.139248209712758,24.06321746796587,23.8,36.060152299640215,1650.0,40.0,40.28442217433504,0.45082372176592334,0.0030765184860944996,50.0,0
RL Self-tuning PI,185.0,24.166770387228922,24.073773509038205,23.8,36.07509303264209,1650.0,41.0,40.84454047282531,0.45082372176592334,0.0030765184860944996,50.2,0
RL Self-tuning PI,186.0,24.192805971882787,24.106888158137377,23.8,36.0899942588638,1650.0,42.0,42.43184211717875,0.45082372176592334,0.0030765184860944996,50.2,0
RL Self-tuning PI,187.0,24.216970855038273,24.11257770116437,23.8,36.10485569460748,1650.0,43.0,42.784505321033684,0.45082372176592334,0.0030765184860944996,50.2,0
RL Self-tuning PI,188.0,24.23894797983146,24.18129667317467,23.8,36.11967705693282,1650.0,46.0,45.999826219165776,0.45082372176592334,0.0030765184860944996,50.2,0
RL Self-tuning PI,189.0,24.259096558450068,24.181541573899167,23.8,36.13445806366244,1650.0,46.0,46.12824889530527,0.45082372176592334,0.0030765184860944996,50.2,0
RL Self-tuning PI,190.0,24.277095544319227,24.214853764463353,23.8,36.1491984333873,1650.0,48.0,47.75767199587718,0.45082372176592334,0.0030765184860944996,50.5,0
RL Self-tuning PI,191.0,24.292990605096012,24.209348239020418,23.8,36.163897885471975,1650.0,48.0,47.635406591290746,0.45082372176592334,0.0030765184860944996,50.5,0
RL Self-tuning PI,192.0,24.306821291886276,24.245376062434318,23.8,36.17855614006011,1650.0,49.0,49.39664710408304,0.45082372176592334,0.0030765184860944996,50.5,0
RL Self-tuning PI,193.0,24.31862205094519,24.271291058276077,23.8,36.193172918079654,1650.0,51.0,50.709950156887814,0.45082372176592334,0.0030765184860944996,50.5,0
RL Self-tuning PI,194.0,24.328423066800834,24.282382848777882,23.8,36.207747941248236,1650.0,51.0,51.35840035955898,0.45082372176592334,0.0030765184860944996,50.5,0
RL Self-tuning PI,195.0,24.33625096489678,24.310163619136446,23.8,36.22228093207841,1650.0,53.0,53.44467655583722,0.405741349589331,0.00338417033470395,51.8,0
RL Self-tuning PI,196.0,24.341508989003728,24.33699019614919,23.8,36.236771613882986,1650.0,55.00000000000001,54.714868341222044,0.405741349589331,0.00338417033470395,51.8,0
RL Self-tuning PI,197.0,24.34463489547723,24.33681861188499,23.8,36.251219710780276,1650.0,55.00000000000001,54.889575020275316,0.405741349589331,0.00338417033470395,51.8,0
RL Self-tuning PI,198.0,24.345373014604572,24.317751067824343,23.8,36.26562494769933,1650.0,54.0,54.291141694672476,0.405741349589331,0.00338417033470395,51.8,0
RL Self-tuning PI,199.0,24.34413362262627,24.359523833874018,23.8,36.279987050385216,1650.0,56.00000000000001,56.17538793799556,0.405741349589331,0.00338417033470395,51.8,0
RL Self-tuning PI,200.0,24.340948338993137,24.346047645233845,23.8,36.29430574540419,1650.0,57.00000000000001,56.963652401826636,0.3651672146303979,0.0037225873681743455,51.7,0
RL Self-tuning PI,201.0,24.335534728355874,24.316021868348514,23.8,36.308580760148935,1650.0,56.00000000000001,56.0593031194752,0.3651672146303979,0.0037225873681743455,51.7,0
RL Self-tuning PI,202.0,24.328280740176492,24.330942273482698,23.8,36.32281182284376,1650.0,57.00000000000001,56.80179529792555,0.3651672146303979,0.0037225873681743455,51.7,0
RL Self-tuning PI,203.0,24.31888916220791,24.33522330727536,23.8,36.33699866254974,1650.0,57.00000000000001,57.15736616878762,0.3651672146303979,0.0037225873681743455,51.7,0
RL Self-tuning PI,204.0,24.30711520714869,24.336151294511552,23.8,36.35114100916989,1650.0,57.00000000000001,57.3908402238508,0.3651672146303979,0.0037225873681743455,51.7,0
RL Self-tuning PI,205.0,24.293378168468998,24.35645309872023,23.8,36.36523859345433,1650.0,60.0,59.66206303023442,0.33811779132444253,0.00399947403192285,51.9,0
RL Self-tuning PI,206.0,24.278337536959594,24.35966246049088,23.8,36.37929114700537,1650.0,60.0,59.99441280931731,0.33811779132444253,0.00399947403192285,51.9,0
RL Self-tuning PI,207.0,24.261610659836133,24.32757921963737,23.8,36.39329840228264,1650.0,59.0,59.12062529459761,0.33811779132444253,0.00399947403192285,51.9,0
RL Self-tuning PI,208.0,24.243191732541547,24.33512089478738,23.8,36.40726009260819,1650.0,60.0,59.58964296132249,0.33811779132444253,0.00399947403192285,51.9,0
RL Self-tuning PI,209.0,24.22369768781604,24.311319486321455,23.8,36.42117595217158,1650.0,59.0,58.98937589598743,0.33811779132444253,0.00399947403192285,51.9,0
RL Self-tuning PI,210.0,24.20302059831118,24.288169624364052,23.8,36.435045716034885,1650.0,56.00000000000001,55.86286874874011,0.3719295704568868,0.003599526628730565,50.0,0
RL Self-tuning PI,211.0,24.181382091564622,24.26224938287977,23.8,36.4488691201378,1650.0,55.00000000000001,55.06520621688031,0.3719295704568868,0.003599526628730565,50.0,0
RL Self-tuning PI,212.0,24.158966720823926,24.22220707601777,23.8,36.462645901302636,1650.0,54.0,53.72788897904817,0.3719295704568868,0.003599526628730565,50.0,0
RL Self-tuning PI,213.0,24.13499753246508,24.19174569895182,23.8,36.476375797239335,1650.0,53.0,52.735950197788505,0.3719295704568868,0.003599526628730565,50.0,0
RL Self-tuning PI,214.0,24.10976201894581,24.177720663462647,23.8,36.49005854655048,1650.0,52.0,52.35027921391101,0.3719295704568868,0.003599526628730565,50.0,0
RL Self-tuning PI,215.0,24.083809803994566,24.161392706110625,23.8,36.50369388873624,1650.0,49.0,49.37402329694228,0.4091225275025755,0.0032395739658575085,50.3,0
RL Self-tuning PI,216.0,24.056976850308722,24.155415254650663,23.8,36.51728156419935,1650.0,49.0,49.2446116926134,0.4091225275025755,0.0032395739658575085,50.3,0
RL Self-tuning PI,217.0,24.029748212200676,24.126784238032883,23.8,36.53082131425006,1650.0,48.0,48.17911647524835,0.4091225275025755,0.0032395739658575085,50.3,0
RL Self-tuning PI,218.0,24.003146862245302,24.095138290398523,23.8,36.544312881111054,1650.0,47.0,46.980021699300295,0.4091225275025755,0.0032395739658575085,50.3,0
RL Self-tuning PI,219.0,23.977400245775854,24.035200918759095,23.8,36.557756007922336,1650.0,45.0,44.60404387891766,0.4091225275025755,0.0032395739658575085,50.3,0
RL Self-tuning PI,220.0,23.95269628493305,23.99854725405512,23.8,36.57115043874616,1650.0,42.0,42.21714537523515,0.45003478025283306,0.0030765184860944996,50.2,0
RL Self-tuning PI,221.0,23.929189974037765,23.9790562461752,23.8,36.584495918571854,1650.0,41.0,41.395069215561534,0.45003478025283306,0.0030765184860944996,50.2,0
RL Self-tuning PI,222.0,23.907008875693258,23.921613376417056,23.8,36.597792193320736,1650.0,39.0,38.847354868762004,0.45003478025283306,0.0030765184860944996,50.2,0
RL Self-tuning PI,223.0,23.886878108992182,23.899747031829147,23.8,36.61103900985089,1650.0,38.0,37.893980669342284,0.45003478025283306,0.0030765184860944996,50.2,0
RL Self-tuning PI,224.0,23.86846675993898,23.917450618084942,23.8,36.62423611596203,1650.0,39.0,38.726837524147825,0.45003478025283306,0.0030765184860944996,50.2,0
RL Self-tuning PI,225.0,23.851809203252795,23.89383429973988,23.8,36.63738326040028,1650.0,38.0,37.700292333687294,0.45082372176592334,0.0030765184860944996,55.8,0
RL Self-tuning PI,226.0,23.836932524864025,23.885760664415667,23.8,36.65048019286295,1650.0,37.0,37.36269812812852,0.45082372176592334,0.0030765184860944996,55.8,0
RL Self-tuning PI,227.0,23.824167948682444,23.858464966552,23.8,36.663526664003335,1650.0,36.0,36.150130173257445,0.45082372176592334,0.0030765184860944996,55.8,0
RL Self-tuning PI,228.0,23.8140986625468,23.834436498849403,23.8,36.67652242543544,1650.0,35.0,35.07746430198643,0.45082372176592334,0.0030765184860944996,55.8,0
RL Self-tuning PI,229.0,23.806585735188083,23.836794383399305,23.8,36.689467229738675,1650.0,35.0,35.19508319088578,0.45082372176592334,0.0030765184860944996,55.8,0
RL Self-tuning PI,230.0,23.801822089106153,23.816219517390333,23.8,36.70236083046264,1650.0,34.0,34.27250938849452,0.45082372176592334,0.0030765184860944996,43.4,0
RL Self-tuning PI,231.0,23.799655298821367,23.8145081385208,23.8,36.71520298213177,1650.0,34.0,34.19981982499887,0.45082372176592334,0.0030765184860944996,43.4,0
RL Self-tuning PI,232.0,23.799336452221393,23.781887365735642,23.8,36.727993440249996,1650.0,33.0,32.7236256201957,0.45082372176592334,0.0030765184860944996,43.4,0
RL Self-tuning PI,233.0,23.800863373292568,23.79703658812468,23.8,36.740731961305436,1650.0,33.0,33.40567680298264,0.45082372176592334,0.0030765184860944996,43.4,0
RL Self-tuning PI,234.0,23.80423276567952,23.781876500099482,23.8,36.75341830277502,1650.0,33.0,32.71664834415311,0.45082372176592334,0.0030765184860944996,43.4,0
RL Self-tuning PI,235.0,23.8094404069061,23.76281099772918,23.8,36.76605222312908,1650.0,32.0,31.845689005264838,0.45082372176592334,0.0030765184860944996,43.3,0
RL Self-tuning PI,236.0,23.816481310187992,23.789474045859695,23.8,36.77863348183599,1650.0,33.0,33.04448413519749,0.45082372176592334,0.0030765184860944996,43.3,0
RL Self-tuning PI,237.0,23.82503965515692,23.789617595752787,23.8,36.79116183936672,1650.0,33.0,33.04776153904413,0.45082372176592334,0.0030765184860944996,43.3,0
RL Self-tuning PI,238.0,23.835162501239974,23.810482645662464,23.8,36.8036370571994,1650.0,34.0,33.99163248987173,0.45082372176592334,0.0030765184860944996,43.3,0
RL Self-tuning PI,239.0,23.846577407017318,23.82577854036677,23.8,36.81605889782387,1650.0,35.0,34.6891385233035,0.45082372176592334,0.0030765184860944996,43.3,0
RL Self-tuning PI,240.0,23.859367588109432,23.837027580631457,23.8,36.82842712474619,1650.0,35.0,35.20766354677639,0.45082372176592334,0.0030765184860944996,42.9,0
RL Self-tuning PI,241.0,23.87329074029162,23.850897339605375,23.8,36.840741502493145,1650.0,36.0,35.84860384345709,0.45082372176592334,0.0030765184860944996,42.9,0
RL Self-tuning PI,242.0,23.88814499643046,23.89010092491996,23.8,36.853001796616724,1650.0,38.0,37.64371418337904,0.45082372176592334,0.0030765184860944996,42.9,0
RL Self-tuning PI,243.0,23.904072390701398,23.913594595601936,23.8,36.865207773698614,1650.0,39.0,38.737812176187155,0.45082372176592334,0.0030765184860944996,42.9,0
RL Self-tuning PI,244.0,23.92056943687691,23.957888545581522,23.8,36.87735920135461,1650.0,41.0,40.78326321726065,0.45082372176592334,0.0030765184860944996,42.9,0
RL Self-tuning PI,245.0,23.937528319054785,23.944690115578922,23.8,36.889455848239024,1650.0,40.0,40.23276086527011,0.45082372176592334,0.0030765184860944996,52.7,0
RL Self-tuning PI,246.0,23.954549038199982,23.954522887531017,23.8,36.90149748404915,1650.0,41.0,40.72358480194338,0.45082372176592334,0.0030765184860944996,52.7,0
RL Self-tuning PI,247.0,23.971299805310014,23.97540332642374,23.8,36.9134838795296,1650.0,42.0,41.71888767694231,0.45082372176592334,0.0030765184860944996,52.7,0
RL Self-tuning PI,248.0,23.987815869195895,23.96085715251437,23.8,36.92541480647668,1650.0,41.0,41.11259965134776,0.45082372176592334,0.0030765184860944996,52.7,0
RL Self-tuning PI,249.0,24.003816435193755,23.991078893757443,23.8,36.93729003774274,1650.0,43.0,42.5338532127873,0.45082372176592334,0.0030765184860944996,52.7,0
RL Self-tuning PI,250.0,24.018758831056292,23.979945864659715,23.8,36.949109347240494,1650.0,42.0,42.08731052946289,0.45082372176592334,0.0030765184860944996,43.3,0
RL Self-tuning PI,251.0,24.032504045736992,24.007378452122325,23.8,36.96087250994733,1650.0,43.0,43.38783701137637,0.45082372176592334,0.0030765184860944996,43.3,0
RL Self-tuning PI,252.0,24.04462753666353,24.004989291106387,23.8,36.972579301909576,1650.0,43.0,43.34319329962009,0.45082372176592334,0.0030765184860944996,43.3,0
RL Self-tuning PI,253.0,24.055709119129226,24.041225404662494,23.8,36.9842295002468,1650.0,45.0,45.05101669886576,0.45082372176592334,0.0030765184860944996,43.3,0
RL Self-tuning PI,254.0,24.065610060859626,24.058296654754336,23.8,36.99582288315601,1650.0,46.0,45.90009459235067,0.45082372176592334,0.0030765184860944996,43.3,0
RL Self-tuning PI,255.0,24.07421624018246,24.047124705805572,23.8,37.007359229915906,1650.0,45.0,45.47246500448276,0.45082372176592334,0.0030765184860944996,43.0,0
RL Self-tuning PI,256.0,24.082054444746102,24.04460928013234,23.8,37.018838320891085,1650.0,45.0,45.43431814531935,0.45082372176592334,0.0030765184860944996,43.0,0
RL Self-tuning PI,257.0,24.088631540782437,24.052846774805616,23.8,37.0302599375362,1650.0,46.0,45.883472723666486,0.45082372176592334,0.0030765184860944996,43.0,0
RL Self-tuning PI,258.0,24.094470168853906,24.052826766944744,23.8,37.04162386240012,1650.0,46.0,45.960353344064686,0.45082372176592334,0.0030765184860944996,43.0,0
RL Self-tuning PI,259.0,24.099383935756357,24.059843662307323,23.8,37.05292987913012,1650.0,46.0,46.35663301538296,0.45082372176592334,0.0030765184860944996,43.0,0
RL Self-tuning PI,260.0,24.103529191217138,24.07368079936988,23.8,37.064177772475915,1650.0,47.0,47.06464238215067,0.45082372176592334,0.0030765184860944996,44.9,0
RL Self-tuning PI,261.0,24.10641579199474,24.072660309715992,23.8,37.07536732829384,1650.0,47.0,47.10252073609838,0.45082372176592334,0.0030765184860944996,44.9,0
RL Self-tuning PI,262.0,24.10794844748721,24.067509441479096,23.8,37.08649833355088,1650.0,47.0,46.95260715140156,0.45082372176592334,0.0030765184860944996,44.9,0
RL Self-tuning PI,263.0,24.108669607622705,24.096632824031687,23.8,37.09757057632874,1650.0,48.0,48.356817959350316,0.45082372176592334,0.0030765184860944996,44.9,0
RL Self-tuning PI,264.0,24.1087195685747,24.11169456034851,23.8,37.10858384582789,1650.0,49.0,49.1317301693038,0.45082372176592334,0.0030765184860944996,44.9,0
RL Self-tuning PI,265.0,24.107904998428058,24.139206146910567,23.8,37.11953793237153,1650.0,50.0,50.476375152019685,0.45082372176592334,0.0030765184860944996,50.6,0
RL Self-tuning PI,266.0,24.106376442400805,24.148038196088944,23.8,37.130432627409654,1650.0,51.0,50.98161947457469,0.45082372176592334,0.0030765184860944996,50.6,0
RL Self-tuning PI,267.0,24.10425930618932,24.144196282005385,23.8,37.14126772352298,1650.0,51.0,50.91430949643267,0.45082372176592334,0.0030765184860944996,50.6,0
RL Self-tuning PI,268.0,24.101347841986907,24.138997008403486,23.8,37.15204301442689,1650.0,51.0,50.78420696517231,0.45082372176592334,0.0030765184860944996,50.6,0
RL Self-tuning PI,269.0,24.097782241312267,24.127045949983085,23.8,37.162758294975376,1650.0,50.0,50.34604119265214,0.45082372176592334,0.0030765184860944996,50.6,0
RL Self-tuning PI,270.0,24.09367927469344,24.133568490993976,23.8,37.17341336116494,1650.0,51.0,50.74271577693439,0.45082372176592334,0.0030765184860944996,49.5,0
RL Self-tuning PI,271.0,24.0888259913018,24.120820628976972,23.8,37.18400801013849,1650.0,50.0,50.266712976604765,0.45082372176592334,0.0030765184860944996,49.5,0
RL Self-tuning PI,272.0,24.08304636904489,24.103423306153548,23.8,37.19454204018917,1650.0,50.0,49.57574913525218,0.45082372176592334,0.0030765184860944996,49.5,0
RL Self-tuning PI,273.0,24.076195152369134,24.098518465761572,23.8,37.20501525076424,1650.0,49.0,49.446467053069924,0.45082372176592334,0.0030765184860944996,49.5,0
RL Self-tuning PI,274.0,24.068152717133714,24.06868412133782,23.8,37.21542744246887,1650.0,48.0,48.18412520073532,0.45082372176592334,0.0030765184860944996,49.5,0
RL Self-tuning PI,275.0,24.059130995458556,24.06202077756812,23.8,37.22577841706993,1650.0,48.0,47.964337033561954,0.45082372176592334,0.0030765184860944996,49.6,0
RL Self-tuning PI,276.0,24.0493065127369,24.063476940831233,23.8,37.236067977499786,1650.0,48.0,48.11104349565225,0.45082372176592334,0.0030765184860944996,49.6,0
RL Self-tuning PI,277.0,24.039136493205678,24.04905988074135,23.8,37.24629592786005,1650.0,48.0,47.53771195971236,0.45082372176592334,0.0030765184860944996,49.6,0
RL Self-tuning PI,278.0,24.02837997269065,24.055238618861154,23.8,37.256462073425276,1650.0,48.0,47.89478876414021,0.45082372176592334,0.0030765184860944996,49.6,0
RL Self-tuning PI,279.0,24.017457972126916,24.03393310309872,23.8,37.266566220646716,1650.0,47.0,47.00625552474327,0.45082372176592334,0.0030765184860944996,49.6,0
RL Self-tuning PI,280.0,24.006409562692028,24.050700637242613,23.8,37.276608177155964,1650.0,48.0,47.83930425399716,0.45082372176592334,0.0030765184860944996,51.8,0
RL Self-tuning PI,281.0,23.995577432482673,24.026719785536294,23.8,37.28658775176866,1650.0,47.0,46.827941333397774,0.45082372176592334,0.0030765184860944996,51.8,0
RL Self-tuning PI,282.0,23.985245587698802,23.99580172069016,23.8,37.29650475448806,1650.0,45.0,45.494320388355604,0.45082372176592334,0.0030765184860944996,51.8,0
RL Self-tuning PI,283.0,23.97533893682128,24.031213996969182,23.8,37.306358996508756,1650.0,47.0,47.161923220778725,0.45082372176592334,0.0030765184860944996,51.8,0
RL Self-tuning PI,284.0,23.965794844451526,24.006701215163268,23.8,37.316150290220165,1650.0,46.0,46.12042087927571,0.45082372176592334,0.0030765184860944996,51.8,0
RL Self-tuning PI,285.0,23.956561055530464,23.960798597239634,23.8,37.32587844921018,1650.0,44.0,44.100491959857116,0.45082372176592334,0.0030765184860944996,49.6,0
RL Self-tuning PI,286.0,23.9475939655201,23.955405384793817,23.8,37.335543288268674,1650.0,44.0,43.905163903063034,0.45082372176592334,0.0030765184860944996,49.6,0
RL Self-tuning PI,287.0,23.939167382968897,23.944290411793745,23.8,37.345144623391036,1650.0,43.0,43.44846576546595,0.45082372176592334,0.0030765184860944996,49.6,0
RL Self-tuning PI,288.0,23.93088752308681,23.95904740051634,23.8,37.3546822717817,1650.0,44.0,44.16267705004916,0.45082372176592334,0.0030765184860944996,49.6,0
RL Self-tuning PI,289.0,23.92304808195799,23.95113899310347,23.8,37.36415605185757,1650.0,44.0,43.85264547436328,0.45082372176592334,0.0030765184860944996,49.6,0
RL Self-tuning PI,290.0,23.916202460414723,23.97147678714353,23.8,37.37356578325154,1650.0,45.0,44.82227662508647,0.45082372176592334,0.0030765184860944996,49.6,0
RL Self-tuning PI,291.0,23.909567975126652,23.920576596284985,23.8,37.38291128681589,1650.0,43.0,42.56467088968805,0.45082372176592334,0.0030765184860944996,49.6,0
RL Self-tuning PI,292.0,23.903425952248533,23.907487538976373,23.8,37.3921923846257,1650.0,42.0,42.00765387672902,0.45082372176592334,0.0030765184860944996,49.6,0
RL Self-tuning PI,293.0,23.89831949250476,23.890191820081988,23.8,37.40140889998225,1650.0,41.0,41.255669520648325,0.45082372176592334,0.0030765184860944996,49.6,0
RL Self-tuning PI,294.0,23.894077745430756,23.905670592370402,23.8,37.41056065741637,1650.0,42.0,41.98599904687775,0.45082372176592334,0.0030765184860944996,49.6,0
RL Self-tuning PI,295.0,23.890868513353826,23.909308616408808,23.8,37.419647482691786,1650.0,42.0,42.18363879847165,0.45082372176592334,0.0030765184860944996,49.9,0
RL Self-tuning PI,296.0,23.888209704855612,23.907290333490593,23.8,37.42866920280845,1650.0,42.0,42.125657886231345,0.45082372176592334,0.0030765184860944996,49.9,0
RL Self-tuning PI,297.0,23.886011254810203,23.894436408365358,23.8,37.43762564600581,1650.0,42.0,41.575225985415095,0.45082372176592334,0.0030765184860944996,49.9,0
RL Self-tuning PI,298.0,23.883887878682106,23.88745368453856,23.8,37.4465166417661,1650.0,41.0,41.28733351876501,0.45082372176592334,0.0030765184860944996,49.9,0
RL Self-tuning PI,299.0,23.88245058439786,23.895645192095813,23.8,37.45534202081758,1650.0,42.0,41.68605153130735,0.45082372176592334,0.0030765184860944996,49.9,0
RL Self-tuning PI,300.0,23.945568792408682,23.891801032328306,23.8,37.46410161513776,4250.0,42.0,41.54099044726238,0.45082372176592334,0.0030765184860944996,49.5,0
RL Self-tuning PI,301.0,24.00942451440288,23.915603578176157,23.8,37.47279525795657,4250.0,43.0,42.64963133245734,0.45082372176592334,0.0030765184860944996,49.5,0
RL Self-tuning PI,302.0,24.073532222524562,23.947185460617586,23.8,37.4814227837596,4250.0,44.0,44.118699389766675,0.45082372176592334,0.0030765184860944996,49.5,0
RL Self-tuning PI,303.0,24.137799256307982,23.97306170588066,23.8,37.48998402829119,4250.0,45.0,45.33850466298705,0.45082372176592334,0.0030765184860944996,49.5,0
RL Self-tuning PI,304.0,24.202148639500148,24.018496340558027,23.8,37.49847882855758,4250.0,47.0,47.45402657630669,0.45082372176592334,0.0030765184860944996,49.5,0
RL Self-tuning PI,305.0,24.266516464733193,24.072536410738085,23.8,37.50690702283003,4250.0,50.0,49.97412746319018,0.45082372176592334,0.0030765184860944996,49.6,0
RL Self-tuning PI,306.0,24.331159918173288,24.119032851001357,23.8,37.51526845064786,4250.0,52.0,52.16844833440343,0.45082372176592334,0.0030765184860944996,49.6,0
RL Self-tuning PI,307.0,24.395671658173093,24.187900418894053,23.8,37.52356295282154,4250.0,55.00000000000001,55.39249994198781,0.45082372176592334,0.0030765184860944996,49.6,0
RL Self-tuning PI,308.0,24.460024172975174,24.239884345130847,23.8,37.531790371435704,4250.0,57.99999999999999,57.87138988374934,0.45082372176592334,0.0030765184860944996,49.6,0
RL Self-tuning PI,309.0,24.523884566404625,24.309195241381893,23.8,37.539950549852165,4250.0,61.0,61.15274436174646,0.45082372176592334,0.0030765184860944996,49.6,0
RL Self-tuning PI,310.0,24.586977150331556,24.40965258623286,23.8,37.548043332712886,4250.0,66.0,66.95915960869512,0.405741349589331,0.00338417033470395,51.7,0
RL Self-tuning PI,311.0,24.649073901122783,24.45631300825101,23.8,37.556068565942944,4250.0,69.0,69.07447337018063,0.405741349589331,0.00338417033470395,51.7,0
RL Self-tuning PI,312.0,24.64600283326137,24.486215006267166,23.8,37.56402609675347,1650.0,71.0,70.51994791997375,0.405741349589331,0.00338417033470395,51.7,0
RL Self-tuning PI,313.0,24.641021273991335,24.5418807939823,23.8,37.57191577364455,1650.0,73.0,73.02960420081112,0.405741349589331,0.00338417033470395,51.7,0
RL Self-tuning PI,314.0,24.63384049363273,24.58240146120393,23.8,37.5797374464081,1650.0,75.0,74.93847320277101,0.405741349589331,0.00338417033470395,51.7,0
RL Self-tuning PI,315.0,24.623912578095638,24.62773024727465,23.8,37.58749096613075,1650.0,78.0,78.0466564987354,0.3651672146303979,0.0037225873681743455,51.4,0
RL Self-tuning PI,316.0,24.61078530774147,24.64399942637657,23.8,37.59517618519667,1650.0,79.0,78.95493974077017,0.3651672146303979,0.0037225873681743455,51.4,0
RL Self-tuning PI,317.0,24.594086185903382,24.635114558987958,23.8,37.602792957290355,1650.0,79.0,78.94137220393087,0.3651672146303979,0.0037225873681743455,51.4,0
RL Self-tuning PI,318.0,24.572888721271962,24.615129771169066,23.8,37.610341137399445,1650.0,79.0,78.51503245260812,0.3651672146303979,0.0037225873681743455,51.4,0
RL Self-tuning PI,319.0,24.547048538958496,24.61413036107336,23.8,37.61782058181747,1650.0,79.0,78.78160441233379,0.3651672146303979,0.0037225873681743455,51.4,0
RL Self-tuning PI,320.0,24.516759801898395,24.57519447565159,23.8,37.6252311481466,1650.0,79.0,79.22148737750518,0.33811779132444253,0.00399947403192285,48.4,0
RL Self-tuning PI,321.0,24.482187069694803,24.529167424768957,23.8,37.632572695300325,1650.0,78.0,77.95685951697261,0.33811779132444253,0.00399947403192285,48.4,0
RL Self-tuning PI,322.0,24.443470218374635,24.519039886251566,23.8,37.639845083506174,1650.0,78.0,77.90200755676524,0.33811779132444253,0.00399947403192285,48.4,0
RL Self-tuning PI,323.0,24.400418336176482,24.483722941638664,23.8,37.64704817430835,1650.0,77.0,76.98133204089241,0.33811779132444253,0.00399947403192285,48.4,0
RL Self-tuning PI,324.0,24.353496945341583,24.4894622150962,23.8,37.6541818305704,1650.0,77.0,77.45113570994626,0.33811779132444253,0.00399947403192285,48.4,0
RL Self-tuning PI,325.0,24.30340538635552,24.429456032407384,23.8,37.66124591647779,1650.0,76.0,75.67396921987594,0.33811779132444253,0.00399947403192285,49.4,0
RL Self-tuning PI,326.0,24.2507261457429,24.391840491237243,23.8,37.66824029754049,1650.0,75.0,74.63882591745816,0.33811779132444253,0.00399947403192285,49.4,0
RL Self-tuning PI,327.0,24.195944333202146,24.35085566412395,23.8,37.67516484059559,1650.0,73.0,73.47336928772226,0.33811779132444253,0.00399947403192285,49.4,0
RL Self-tuning PI,328.0,24.139463912544006,24.276555896114335,23.8,37.68201941380976,1650.0,71.0,71.15175923531618,0.33811779132444253,0.00399947403192285,49.4,0
RL Self-tuning PI,329.0,24.08193143154809,24.22472804394383,23.8,37.68880388668181,1650.0,70.0,69.5692362230564,0.33811779132444253,0.00399947403192285,49.4,0
RL Self-tuning PI,330.0,24.023573692355946,24.191260998696375,23.8,37.695518130045144,1650.0,65.0,64.38057182541192,0.3719295704568868,0.003599526628730565,50.4,0
RL Self-tuning PI,331.0,23.964889618545676,24.135851308382126,23.8,37.70216201607027,1650.0,62.0,62.440612166420685,0.3719295704568868,0.003599526628730565,50.4,0
RL Self-tuning PI,332.0,23.905983002560525,24.047068906371695,23.8,37.70873541826715,1650.0,59.0,59.2274652127953,0.3719295704568868,0.003599526628730565,50.4,0
RL Self-tuning PI,333.0,23.847250270313353,23.99678484118822,23.8,37.715238211487694,1650.0,57.00000000000001,57.42808536394244,0.3719295704568868,0.003599526628730565,50.4,0
RL Self-tuning PI,334.0,23.789020013972014,23.955897161032922,23.8,37.7216702719281,1650.0,56.00000000000001,55.96346723047676,0.3719295704568868,0.003599526628730565,50.4,0
RL Self-tuning PI,335.0,23.731874510629464,23.892658880714414,23.8,37.728031477131196,1650.0,51.0,48.969572812081886,0.4091225275025755,0.0032395739658575085,49.8,0
RL Self-tuning PI,336.0,23.676295754084617,23.834347628975024,23.8,37.734321705988805,1650.0,47.0,46.59505531119771,0.4091225275025755,0.0032395739658575085,49.8,0
RL Self-tuning PI,337.0,23.622371981139942,23.755999510018043,23.8,37.740540838744046,1650.0,43.0,43.3754029817394,0.4091225275025755,0.0032395739658575085,49.8,0
RL Self-tuning PI,338.0,23.571415826823742,23.71882639489001,23.8,37.74668875699359,1650.0,42.0,41.828270310323916,0.4091225275025755,0.0032395739658575085,49.8,0
RL Self-tuning PI,339.0,23.523893073293248,23.700607165255395,23.8,37.75276534368994,1650.0,41.0,41.05068153861448,0.4091225275025755,0.0032395739658575085,49.8,0
RL Self-tuning PI,340.0,23.48018722376901,23.636488232835234,23.8,37.758770483143635,1650.0,36.0,35.43731390568711,0.45003478025283306,0.0030765184860944996,49.5,0
RL Self-tuning PI,341.0,23.44030303531714,23.557117080037376,23.8,37.76470406102548,1650.0,32.0,31.790612595585145,0.45003478025283306,0.0030765184860944996,49.5,0
RL Self-tuning PI,342.0,23.403931159030307,23.531520671638607,23.8,37.770565964368714,1650.0,31.0,30.556087031001155,0.45003478025283306,0.0030765184860944996,49.5,0
RL Self-tuning PI,343.0,23.37205301950937,23.4856677201097,23.8,37.77635608157114,1650.0,28.000000000000004,28.395839827489723,0.45003478025283306,0.0030765184860944996,49.5,0
RL Self-tuning PI,344.0,23.34516870473376,23.43942046897145,23.8,37.78207430239727,1650.0,26.0,26.203619717868033,0.45003478025283306,0.0030765184860944996,49.5,0
RL Self-tuning PI,345.0,23.323688923739592,23.431289505826605,23.8,37.787720517980425,1650.0,26.0,25.69517453000399,0.45082372176592334,0.0030765184860944996,50.0,0
RL Self-tuning PI,346.0,23.307019321635142,23.382714522546145,23.8,37.793294620824796,1650.0,25.0,23.37692040674599,0.45082372176592334,0.0030765184860944996,50.0,0
RL Self-tuning PI,347.0,23.29466310981896,23.365168171182532,23.8,37.798796504807505,1650.0,25.0,22.452112448260404,0.45082372176592334,0.0030765184860944996,50.0,0
RL Self-tuning PI,348.0,23.287445628843304,23.344131125506504,23.8,37.804226065180615,1650.0,25.0,21.363463623636303,0.45082372176592334,0.0030765184860944996,50.0,0
RL Self-tuning PI,349.0,23.28573701175231,23.32512997097147,23.8,37.809583198573115,1650.0,25.0,20.36075186082315,0.45082372176592334,0.0030765184860944996,50.0,0
RL Self-tuning PI,350.0,23.288909174074675,23.302204413666175,23.8,37.81486780299291,1650.0,25.0,19.174065621664766,0.45082372176592334,0.0030765184860944996,55.2,0
RL Self-tuning PI,351.0,23.29705771070842,23.32973096433427,23.8,37.820079777828745,1650.0,25.0,20.270348685455353,0.45082372176592334,0.0030765184860944996,55.2,0
RL Self-tuning PI,352.0,23.30994769313663,23.32624500241692,23.8,37.82521902385214,1650.0,25.0,19.967441652109443,0.45082372176592334,0.0030765184860944996,55.2,0
RL Self-tuning PI,353.0,23.32676006718735,23.346930815063704,23.8,37.83028544321926,1650.0,25.0,20.760619584333465,0.45082372176592334,0.0030765184860944996,55.2,0
RL Self-tuning PI,354.0,23.34712261865759,23.360472037237248,23.8,37.83527893947277,1650.0,25.0,21.23586841182758,0.45082372176592334,0.0030765184860944996,55.2,0
RL Self-tuning PI,355.0,23.370413598897322,23.350803119600403,23.8,37.840199417543715,1650.0,25.0,20.661774417734012,0.45082372176592334,0.0030765184860944996,51.0,0
RL Self-tuning PI,356.0,23.396115017139294,23.36603727419683,23.8,37.845046783753276,1650.0,25.0,21.21505681022496,0.45082372176592334,0.0030765184860944996,51.0,0
RL Self-tuning PI,357.0,23.423795346798123,23.35732651017895,23.8,37.84982094581459,1650.0,25.0,20.686165587354544,0.45082372176592334,0.0030765184860944996,51.0,0
RL Self-tuning PI,358.0,23.45309511405699,23.38229366866975,23.8,37.85452181283449,1650.0,25.0,21.683236193619106,0.45082372176592334,0.0030765184860944996,51.0,0
RL Self-tuning PI,359.0,23.483714888360623,23.401662292839266,23.8,37.859149295315255,1650.0,25.0,22.43387038499892,0.45082372176592334,0.0030765184860944996,51.0,0
RL Self-tuning PI,360.0,23.515405274496832,23.414849327197892,23.8,37.86370330515627,1650.0,25.0,22.909880859379296,0.45082372176592334,0.0030765184860944996,51.6,0
RL Self-tuning PI,361.0,23.54795857266848,23.439553802818292,23.8,37.86818375565577,1650.0,25.0,23.91272528483851,0.45082372176592334,0.0030765184860944996,51.6,0
RL Self-tuning PI,362.0,23.58120182855749,23.461050459591483,23.8,37.87259056151243,1650.0,25.0,24.777567113347978,0.45082372176592334,0.0030765184860944996,51.6,0
RL Self-tuning PI,363.0,23.614991041715488,23.4917322111233,23.8,37.876923638827016,1650.0,26.0,26.06593409982037,0.45082372176592334,0.0030765184860944996,51.6,0
RL Self-tuning PI,364.0,23.649206339226666,23.50810106141679,23.8,37.881182905103984,1650.0,27.0,26.714077452792257,0.45082372176592334,0.0030765184860944996,51.6,0
RL Self-tuning PI,365.0,23.683747953764104,23.53007025550606,23.8,37.88536827925304,1650.0,28.000000000000004,27.621456452256254,0.45082372176592334,0.0030765184860944996,55.0,0
RL Self-tuning PI,366.0,23.718532871973988,23.590155524284725,23.8,37.88947968159071,1650.0,30.0,30.265683860792294,0.45082372176592334,0.0030765184860944996,55.0,0
RL Self-tuning PI,367.0,23.75349204146636,23.642308376357203,23.8,37.893517033841796,1650.0,33.0,32.56834402847058,0.45082372176592334,0.0030765184860944996,55.0,0
RL Self-tuning PI,368.0,23.7885680433113,23.681143861651105,23.8,37.89748025914094,1650.0,34.0,34.28257351946721,0.45082372176592334,0.0030765184860944996,55.0,0
RL Self-tuning PI,369.0,23.82371315245631,23.706128555755527,23.8,37.901369282034054,1650.0,35.0,35.38006307444761,0.45082372176592334,0.0030765184860944996,55.0,0
RL Self-tuning PI,370.0,23.858887721411296,23.731808098935694,23.8,37.90518402847973,1650.0,37.0,36.51677843299819,0.45082372176592334,0.0030765184860944996,53.9,0
RL Self-tuning PI,371.0,23.89374862924161,23.759262687184147,23.8,37.908924425850714,1650.0,38.0,37.74196348877488,0.45082372176592334,0.0030765184860944996,53.9,0
RL Self-tuning PI,372.0,23.928011556131366,23.79063824867099,23.8,37.91259040293522,1650.0,39.0,39.153568068871714,0.45082372176592334,0.0030765184860944996,53.9,0
RL Self-tuning PI,373.0,23.961441174916153,23.825095244393275,23.8,37.916181889938336,1650.0,41.0,40.714691772439856,0.45082372176592334,0.0030765184860944996,53.9,0
RL Self-tuning PI,374.0,23.99353277332152,23.879778003068424,23.8,37.91969881848332,1650.0,43.0,43.20446410079808,0.45082372176592334,0.0030765184860944996,53.9,0
RL Self-tuning PI,375.0,24.023558635521386,23.910059940633502,23.8,37.92314112161292,1650.0,45.0,44.60350582452902,0.45082372176592334,0.0030765184860944996,55.2,0
RL Self-tuning PI,376.0,24.051537298100538,23.96918639059334,23.8,37.926508733790655,1650.0,47.0,47.32111695292467,0.45082372176592334,0.0030765184860944996,55.2,0
RL Self-tuning PI,377.0,24.07748575870019,23.99833247793804,23.8,37.92980159090204,1650.0,49.0,48.69610906356681,0.45082372176592334,0.0030765184860944996,55.2,0
RL Self-tuning PI,378.0,24.10110952047536,24.015125169294326,23.8,37.93301963025582,1650.0,50.0,49.51934708115338,0.45082372176592334,0.0030765184860944996,55.2,0
RL Self-tuning PI,379.0,24.122476400330847,24.044823729024223,23.8,37.936162790585165,1650.0,51.0,50.93354907682315,0.45082372176592334,0.0030765184860944996,55.2,0
RL Self-tuning PI,380.0,24.141644431486288,24.073907720163334,23.8,37.93923101204883,1650.0,52.0,52.32899260619388,0.45082372176592334,0.0030765184860944996,55.9,0
RL Self-tuning PI,381.0,24.15835328221919,24.085176552210886,23.8,37.94222423623231,1650.0,53.0,52.92475338002488,0.45082372176592334,0.0030765184860944996,55.9,0
RL Self-tuning PI,382.0,24.172389005256417,24.07826859691703,23.8,37.945142406148925,1650.0,53.0,52.69893621673955,0.45082372176592334,0.0030765184860944996,55.9,0
RL Self-tuning PI,383.0,24.183576291700067,24.146925153442822,23.8,37.94798546624093,1650.0,56.00000000000001,55.900868815184324,0.45082372176592334,0.0030765184860944996,55.9,0
RL Self-tuning PI,384.0,24.191772016044734,24.15410319037724,23.8,37.95075336238055,1650.0,56.00000000000001,56.33341224887706,0.45082372176592334,0.0030765184860944996,55.9,0
RL Self-tuning PI,385.0,24.196859857103863,24.204073010476286,23.8,37.95344604187105,1650.0,59.0,58.710484084825886,0.45082372176592334,0.0030765184860944996,56.8,0
RL Self-tuning PI,386.0,24.199056019608236,24.152622890341117,23.8,37.95606345344767,1650.0,56.00000000000001,56.49947570443727,0.45082372176592334,0.0030765184860944996,56.8,0
RL Self-tuning PI,387.0,24.198542101883902,24.16451614279851,23.8,37.95860554727868,1650.0,57.00000000000001,57.14779580329164,0.45082372176592334,0.0030765184860944996,56.8,0
RL Self-tuning PI,388.0,24.19547085626841,24.17462157853658,23.8,37.961072274966284,1650.0,57.99999999999999,57.718625839407686,0.45082372176592334,0.0030765184860944996,56.8,0
RL Self-tuning PI,389.0,24.189970989495617,24.21358595369599,23.8,37.96346358954753,1650.0,60.0,59.60247278518601,0.45082372176592334,0.0030765184860944996,56.8,0
RL Self-tuning PI,390.0,24.18246136713572,24.168478507822915,23.8,37.965779445495244,1650.0,57.99999999999999,57.68228521650512,0.45082372176592334,0.0030765184860944996,57.1,0
RL Self-tuning PI,391.0,24.172360338022663,24.1829821884732,23.8,37.968019798718856,1650.0,57.99999999999999,58.453970723780024,0.45082372176592334,0.0030765184860944996,57.1,0
RL Self-tuning PI,392.0,24.160118188695666,24.19564421509986,23.8,37.97018460656529,1650.0,59.0,59.14652559484016,0.45082372176592334,0.0030765184860944996,57.1,0
RL Self-tuning PI,393.0,24.145179430169502,24.187487805973646,23.8,37.972273827819706,1650.0,59.0,58.89802666280899,0.45082372176592334,0.0030765184860944996,57.1,0
RL Self-tuning PI,394.0,24.128946741199094,24.161679577929306,23.8,37.97428742270635,1650.0,57.99999999999999,57.8458019116499,0.45082372176592334,0.0030765184860944996,57.1,0
RL Self-tuning PI,395.0,24.111343590457494,24.13329914787942,23.8,37.97622535288928,1650.0,57.00000000000001,56.668884900594264,0.45082372176592334,0.0030765184860944996,55.0,0
RL Self-tuning PI,396.0,24.09230758037011,24.164284116330414,23.8,37.97808758147309,1650.0,57.99999999999999,58.17783346199006,0.45082372176592334,0.0030765184860944996,55.0,0
RL Self-tuning PI,397.0,24.07147788034576,24.129342814645167,23.8,37.97987407300365,1650.0,57.00000000000001,56.70391962083298,0.45082372176592334,0.0030765184860944996,55.0,0
RL Self-tuning PI,398.0,24.049797471231035,24.102521011718544,23.8,37.98158479346871,1650.0,56.00000000000001,55.587800267346154,0.45082372176592334,0.0030765184860944996,55.0,0
RL Self-tuning PI,399.0,24.027428635360344,24.120100156879538,23.8,37.98321971029865,1650.0,56.00000000000001,56.478789237044595,0.45082372176592334,0.0030765184860944996,55.0,0
RL Self-tuning PI,400.0,24.004196277484088,24.105133768689555,23.8,37.98477879236698,1650.0,56.00000000000001,55.89794392253496,0.45082372176592334,0.0030765184860944996,56.9,0
RL Self-tuning PI,401.0,23.980266055393244,24.096831324392905,23.8,37.986262009991044,1650.0,56.00000000000001,55.61497074445263,0.45082372176592334,0.0030765184860944996,56.9,0
RL Self-tuning PI,402.0,23.956086088512897,24.06137674253856,23.8,37.98766933493251,1650.0,54.0,54.09700712795507,0.45082372176592334,0.0030765184860944996,56.9,0
RL Self-tuning PI,403.0,23.93202818530833,24.029777272649916,23.8,37.98900074039794,1650.0,53.0,52.743119468551406,0.45082372176592334,0.0030765184860944996,56.9,0
RL Self-tuning PI,404.0,23.90778016189774,24.02763766763097,23.8,37.990256201039294,1650.0,53.0,52.71669414803616,0.45082372176592334,0.0030765184860944996,56.9,0
RL Self-tuning PI,405.0,23.883703649814677,23.99672300610429,23.8,37.99143569295441,1650.0,51.0,51.38351006786899,0.45082372176592334,0.0030765184860944996,54.1,0
RL Self-tuning PI,406.0,23.86009839375655,23.94442615454186,23.8,37.99253919368747,1650.0,49.0,49.07027691549982,0.45082372176592334,0.0030765184860944996,54.1,0
RL Self-tuning PI,407.0,23.836902370211053,23.93013119945341,23.8,37.99356668222939,1650.0,48.0,48.465861534028306,0.45082372176592334,0.0030765184860944996,54.1,0
RL Self-tuning PI,408.0,23.814063786668342,23.90644259487027,23.8,37.9945181390183,1650.0,47.0,47.43067030694972,0.45082372176592334,0.0030765184860944996,54.1,0
RL Self-tuning PI,409.0,23.79153937698241,23.882492808468786,23.8,37.995393545939805,1650.0,46.0,46.376336187870514,0.45082372176592334,0.0030765184860944996,54.1,0
RL Self-tuning PI,410.0,23.769913388999868,23.809546946440125,23.8,37.99619288632743,1650.0,43.0,43.090700822872954,0.45082372176592334,0.0030765184860944996,53.9,0
RL Self-tuning PI,411.0,23.749359402702748,23.816319512801993,23.8,37.99691614496289,1650.0,43.0,43.40104490847128,0.45082372176592334,0.0030765184860944996,53.9,0
RL Self-tuning PI,412.0,23.729710282856637,23.79694552412008,23.8,37.99756330807638,1650.0,43.0,42.52667982501719,0.45082372176592334,0.0030765184860944996,53.9,0
RL Self-tuning PI,413.0,23.71144707742506,23.76552586127614,23.8,37.99813436334685,1650.0,41.0,41.09960085851597,0.45082372176592334,0.0030765184860944996,53.9,0
RL Self-tuning PI,414.0,23.694967594802744,23.73359960463603,23.8,37.99862929990223,1650.0,40.0,39.63986127007907,0.45082372176592334,0.0030765184860944996,53.9,0
RL Self-tuning PI,415.0,23.68029008864111,23.739806814239337,23.8,37.999048108319634,1650.0,40.0,39.901178458720516,0.45082372176592334,0.0030765184860944996,54.3,0
RL Self-tuning PI,416.0,23.667428228855055,23.71191921333985,23.8,37.99939078062557,1650.0,39.0,38.61684103901462,0.45082372176592334,0.0030765184860944996,54.3,0
RL Self-tuning PI,417.0,23.65639187344197,23.70214465009206,23.8,37.99965731029603,1650.0,38.0,38.14607516151853,0.45082372176592334,0.0030765184860944996,54.3,0
RL Self-tuning PI,418.0,23.647808119787676,23.690332202384553,23.8,37.99984769225669,1650.0,38.0,37.57980249698291,0.45082372176592334,0.0030765184860944996,54.3,0
RL Self-tuning PI,419.0,23.641264434339465,23.698661469979307,23.8,37.99996192288294,1650.0,38.0,37.92412865255177,0.45082372176592334,0.0030765184860944996,54.3,0
RL Self-tuning PI,420.0,23.636417036371146,23.66220130208057,23.8,38.0,1650.0,36.0,36.238023769569075,0.45082372176592334,0.0030765184860944996,54.4,0
RL Self-tuning PI,421.0,23.633599847344797,23.655615228631074,23.8,37.99996192288294,1650.0,36.0,35.89668771331376,0.45082372176592334,0.0030765184860944996,54.4,0
RL Self-tuning PI,422.0,23.63277794383372,23.63512096874696,23.8,37.99984769225669,1650.0,35.0,34.922032522972415,0.45082372176592334,0.0030765184860944996,54.4,0
RL Self-tuning PI,423.0,23.633610539156702,23.64788196167973,23.8,37.99965731029603,1650.0,35.0,35.45052896001429,0.45082372176592334,0.0030765184860944996,54.4,0
RL Self-tuning PI,424.0,23.636123868535233,23.629974090430252,23.8,37.99939078062557,1650.0,35.0,34.59089085806423,0.45082372176592334,0.0030765184860944996,54.4,0
RL Self-tuning PI,425.0,23.64033832234703,23.64241642775164,23.8,37.999048108319634,1650.0,35.0,35.103340062621086,0.45082372176592334,0.0030765184860944996,54.3,0
RL Self-tuning PI,426.0,23.64595922369724,23.64868094514989,23.8,37.99862929990223,1650.0,35.0,35.33920578052127,0.45082372176592334,0.0030765184860944996,54.3,0
RL Self-tuning PI,427.0,23.65274104342163,23.65592289321187,23.8,37.99813436334685,1650.0,36.0,35.62136439008924,0.45082372176592334,0.0030765184860944996,54.3,0
RL Self-tuning PI,428.0,23.661099616774116,23.635470404049528,23.8,37.99756330807638,1650.0,35.0,34.648699827389706,0.45082372176592334,0.0030765184860944996,54.3,0
RL Self-tuning PI,429.0,23.670758115040503,23.633788267683162,23.8,37.99691614496289,1650.0,35.0,34.521729782961565,0.45082372176592334,0.0030765184860944996,54.3,0
RL Self-tuning PI,430.0,23.681796101311342,23.618364008051323,23.8,37.99619288632743,1650.0,34.0,33.770486920993584,0.45082372176592334,0.0030765184860944996,54.5,0
RL Self-tuning PI,431.0,23.693968231187792,23.648594634975776,23.8,37.995393545939805,1650.0,35.0,35.08677515469441,0.45082372176592334,0.0030765184860944996,54.5,0
RL Self-tuning PI,432.0,23.707070107710813,23.659227727488393,23.8,37.9945181390183,1650.0,36.0,35.52283133886517,0.45082372176592334,0.0030765184860944996,54.5,0
RL Self-tuning PI,433.0,23.720931456490938,23.705795608636674,23.8,37.99356668222939,1650.0,38.0,37.59323973311724,0.45082372176592334,0.0030765184860944996,54.5,0
RL Self-tuning PI,434.0,23.735410438318393,23.69873796203011,23.8,37.99253919368747,1650.0,37.0,37.2439108289338,0.45082372176592334,0.0030765184860944996,54.5,0
RL Self-tuning PI,435.0,23.75007870559183,23.70889699389544,23.8,37.99143569295441,1650.0,38.0,37.673876076198596,0.45082372176592334,0.0030765184860944996,54.0,0
RL Self-tuning PI,436.0,23.765201257906106,23.72340735754899,23.8,37.990256201039294,1650.0,38.0,38.304473822805676,0.45082372176592334,0.0030765184860944996,54.0,0
RL Self-tuning PI,437.0,23.780687279557924,23.750718311045777,23.8,37.98900074039794,1650.0,40.0,39.52055479013609,0.45082372176592334,0.0030765184860944996,54.0,0
RL Self-tuning PI,438.0,23.796771349869523,23.773062328490795,23.8,37.98766933493251,1650.0,41.0,40.51958867607563,0.45082372176592334,0.0030765184860944996,54.0,0
RL Self-tuning PI,439.0,23.813027105918604,23.789243376294465,23.8,37.986262009991044,1650.0,41.0,41.24575940020011,0.45082372176592334,0.0030765184860944996,54.0,0
RL Self-tuning PI,440.0,23.829100799552972,23.79428469199696,23.8,37.98477879236698,1650.0,41.0,41.4712755458872,0.45082372176592334,0.0030765184860944996,53.9,0
RL Self-tuning PI,441.0,23.844388982902846,23.791286981126497,23.8,37.98321971029865,1650.0,41.0,41.33345105238375,0.45082372176592334,0.0030765184860944996,53.9,0
RL Self-tuning PI,442.0,23.85932242565916,23.829006302913996,23.8,37.98158479346871,1650.0,43.0,43.04285139816923,0.45082372176592334,0.0030765184860944996,53.9,0
RL Self-tuning PI,443.0,23.87363823288003,23.846415453396908,23.8,37.97987407300365,1650.0,44.0,43.8419769995598,0.45082372176592334,0.0030765184860944996,53.9,0
RL Self-tuning PI,444.0,23.887429059943184,23.871059771070353,23.8,37.97808758147309,1650.0,45.0,44.974862970883784,0.45082372176592334,0.0030765184860944996,53.9,0
RL Self-tuning PI,445.0,23.90015174185882,23.871529268628535,23.8,37.97622535288928,1650.0,45.0,45.018035146261,0.45082372176592334,0.0030765184860944996,53.6,0
RL Self-tuning PI,446.0,23.911666859890314,23.881878695103328,23.8,37.97428742270635,1650.0,46.0,45.50980197432216,0.45082372176592334,0.0030765184860944996,53.6,0
RL Self-tuning PI,447.0,23.922169942874614,23.895129088729462,23.8,37.972273827819706,1650.0,46.0,46.13642779126602,0.45082372176592334,0.0030765184860944996,53.6,0
RL Self-tuning PI,448.0,23.931823938610574,23.905818387114216,23.8,37.97018460656529,1650.0,47.0,46.650881941766734,0.45082372176592334,0.0030765184860944996,53.6,0
RL Self-tuning PI,449.0,23.9407646439963,23.936129536871682,23.8,37.968019798718856,1650.0,48.0,48.05926097990217,0.45082372176592334,0.0030765184860944996,53.6,0
RL Self-tuning PI,450.0,23.948484821980966,23.932115054887408,23.8,37.965779445495244,1650.0,48.0,47.91892404985613,0.45082372176592334,0.0030765184860944996,53.5,0
RL Self-tuning PI,451.0,23.954874970570867,23.93470443868587,23.8,37.96346358954753,1650.0,48.0,48.077101683544036,0.45082372176592334,0.0030765184860944996,53.5,0
RL Self-tuning PI,452.0,23.959845322055354,23.924198907228305,23.8,37.961072274966284,1650.0,48.0,47.64169742786528,0.45082372176592334,0.0030765184860944996,53.5,0
RL Self-tuning PI,453.0,23.963632750462743,23.931409749338666,23.8,37.95860554727868,1650.0,48.0,48.00720774790056,0.45082372176592334,0.0030765184860944996,53.5,0
RL Self-tuning PI,454.0,23.96612442333257,23.93316497577785,23.8,37.95606345344767,1650.0,48.0,48.127305970454096,0.45082372176592334,0.0030765184860944996,53.5,0
RL Self-tuning PI,455.0,23.967537986652385,23.93592389337286,23.8,37.95344604187105,1650.0,48.0,48.29350175734322,0.45082372176592334,0.0030765184860944996,54.1,0
RL Self-tuning PI,456.0,23.9677445772174,23.94294827861896,23.8,37.95075336238055,1650.0,49.0,48.65415600949238,0.45082372176592334,0.0030765184860944996,54.1,0
RL Self-tuning PI,457.0,23.96663827064159,23.93506093479272,23.8,37.94798546624093,1650.0,48.0,48.34012758589695,0.45082372176592334,0.0030765184860944996,54.1,0
RL Self-tuning PI,458.0,23.96444245484098,23.987382826672928,23.8,37.945142406148925,1650.0,51.0,50.7565712616475,0.45082372176592334,0.0030765184860944996,54.1,0
RL Self-tuning PI,459.0,23.961343240909773,23.986294571307084,23.8,37.94222423623231,1650.0,51.0,50.76482399746991,0.45082372176592334,0.0030765184860944996,54.1,0
RL Self-tuning PI,460.0,23.9574956761628,23.98436461414339,23.8,37.93923101204883,1650.0,51.0,50.73453706469081,0.45082372176592334,0.0030765184860944996,54.0,0
RL Self-tuning PI,461.0,23.953028921670118,23.993257402530432,23.8,37.936162790585165,1650.0,51.0,51.19490105758899,0.45082372176592334,0.0030765184860944996,54.0,0
RL Self-tuning PI,462.0,23.94805056686837,23.965848474583183,23.8,37.93301963025582,1650.0,50.0,50.01026515670428,0.45082372176592334,0.0030765184860944996,54.0,0
RL Self-tuning PI,463.0,23.94265022506948,23.949220676938708,23.8,37.92980159090204,1650.0,49.0,49.30655261192996,0.45082372176592334,0.0030765184860944996,54.0,0
RL Self-tuning PI,464.0,23.93659232563546,23.934812250540183,23.8,37.926508733790655,1650.0,49.0,48.69846180864651,0.45082372176592334,0.0030765184860944996,54.0,0
RL Self-tuning PI,465.0,23.93030241601856,23.96654408198999,23.8,37.92314112161292,1650.0,50.0,50.18024563861081,0.45082372176592334,0.0030765184860944996,56.6,0
RL Self-tuning PI,466.0,23.922892759062943,23.94229063522575,23.8,37.91969881848332,1650.0,49.0,49.130618701987125,0.45082372176592334,0.0030765184860944996,56.6,0
RL Self-tuning PI,467.0,23.914558619181587,23.93010163416549,23.8,37.916181889938336,1650.0,49.0,48.6211356279857,0.45082372176592334,0.0030765184860944996,56.6,0
RL Self-tuning PI,468.0,23.905462650505594,23.919964603685454,23.8,37.91259040293522,1650.0,48.0,48.201041579210845,0.45082372176592334,0.0030765184860944996,56.6,0
RL Self-tuning PI,469.0,23.895740332280056,23.894100111025995,23.8,37.908924425850714,1650.0,47.0,47.0639589680899,0.45082372176592334,0.0030765184860944996,56.6,0
RL Self-tuning PI,470.0,23.885814702440882,23.89475436974115,23.8,37.90518402847973,1650.0,47.0,47.122605860000974,0.45082372176592334,0.0030765184860944996,54.0,0
RL Self-tuning PI,471.0,23.876036735195484,23.91034128079395,23.8,37.901369282034054,1650.0,48.0,47.859247484180955,0.45082372176592334,0.0030765184860944996,54.0,0
RL Self-tuning PI,472.0,23.8663871555309,23.89196884412318,23.8,37.89748025914094,1650.0,47.0,47.0592688413074,0.45082372176592334,0.0030765184860944996,54.0,0
RL Self-tuning PI,473.0,23.856539647580483,23.899330836286033,23.8,37.893517033841796,1650.0,47.0,47.42172422736161,0.45082372176592334,0.0030765184860944996,54.0,0
RL Self-tuning PI,474.0,23.846844132843945,23.857223315771453,23.8,37.88947968159071,1650.0,46.0,45.54102217497045,0.45082372176592334,0.0030765184860944996,54.0,0
RL Self-tuning PI,475.0,23.8372804598837,23.8642832924501,23.8,37.88536827925304,1650.0,46.0,45.87907954491226,0.45082372176592334,0.0030765184860944996,54.4,0
RL Self-tuning PI,476.0,23.82814199147131,23.872776826116812,23.8,37.881182905103984,1650.0,46.0,46.284378115860164,0.45082372176592334,0.0030765184860944996,54.4,0
RL Self-tuning PI,477.0,23.81967165616348,23.864461952499486,23.8,37.876923638827016,1650.0,46.0,45.92935572769397,0.45082372176592334,0.0030765184860944996,54.4,0
RL Self-tuning PI,478.0,23.81176015780669,23.827143557937205,23.8,37.87259056151243,1650.0,44.0,44.255304740781526,0.45082372176592334,0.0030765184860944996,54.4,0
RL Self-tuning PI,479.0,23.80400617973477,23.835414818932676,23.8,37.86818375565577,1650.0,45.0,44.6390882418619,0.45082372176592334,0.0030765184860944996,54.4,0
RL Self-tuning PI,480.0,23.796697159515066,23.81921235135606,23.8,37.86370330515627,1650.0,44.0,43.91455328380457,0.45082372176592334,0.0030765184860944996,54.1,0
RL Self-tuning PI,481.0,23.789760892417025,23.819084372437068,23.8,37.85914929531525,1650.0,44.0,43.91465503300759,0.45082372176592334,0.0030765184860944996,54.1,0
RL Self-tuning PI,482.0,23.783447380035902,23.82935252252349,23.8,37.85452181283449,1650.0,44.0,44.38659795458445,0.45082372176592334,0.0030765184860944996,54.1,0
RL Self-tuning PI,483.0,23.777653229018625,23.85688519376317,23.8,37.84982094581459,1650.0,46.0,45.64533692144721,0.45082372176592334,0.0030765184860944996,54.1,0
RL Self-tuning PI,484.0,23.77229225434066,23.826271306021727,23.8,37.845046783753276,1650.0,44.0,44.27327265637807,0.45082372176592334,0.0030765184860944996,54.1,0
RL Self-tuning PI,485.0,23.767292611389976,23.819146038351374,23.8,37.840199417543715,1650.0,44.0,43.95793900149769,0.45082372176592334,0.0030765184860944996,54.6,0
RL Self-tuning PI,486.0,23.763214814200005,23.804301897847818,23.8,37.83527893947277,1650.0,43.0,43.29005342150019,0.45082372176592334,0.0030765184860944996,54.6,0
RL Self-tuning PI,487.0,23.759592337601266,23.790233465120547,23.8,37.83028544321926,1650.0,43.0,42.65281040883784,0.45082372176592334,0.0030765184860944996,54.6,0
RL Self-tuning PI,488.0,23.756658302921057,23.767397256484735,23.8,37.82521902385214,1650.0,42.0,41.61326965770362,0.45082372176592334,0.0030765184860944996,54.6,0
RL Self-tuning PI,489.0,23.754295265954216,23.76578469843445,23.8,37.820079777828745,1650.0,42.0,41.53004531474702,0.45082372176592334,0.0030765184860944996,54.6,0
RL Self-tuning PI,490.0,23.75240534859098,23.776382528059123,23.8,37.81486780299291,1650.0,42.0,42.00055465524851,0.45082372176592334,0.0030765184860944996,54.5,0
RL Self-tuning PI,491.0,23.750286569697263,23.75606162099063,23.8,37.809583198573115,1650.0,41.0,41.07092223629354,0.45082372176592334,0.0030765184860944996,54.5,0
RL Self-tuning PI,492.0,23.748597737972126,23.764375387230626,23.8,37.804226065180615,1650.0,41.0,41.43476656213978,0.45082372176592334,0.0030765184860944996,54.5,0
RL Self-tuning PI,493.0,23.74726444502358,23.739345458342267,23.8,37.798796504807505,1650.0,40.0,40.287697510573615,0.45082372176592334,0.0030765184860944996,54.5,0
RL Self-tuning PI,494.0,23.746534880317732,23.712040145794326,23.8,37.793294620824796,1650.0,39.0,39.029648236139344,0.45082372176592334,0.0030765184860944996,54.5,0
RL Self-tuning PI,495.0,23.74630416452997,23.74886539915989,23.8,37.787720517980425,1650.0,41.0,40.674086359386635,0.45082372176592334,0.0030765184860944996,54.4,0
RL Self-tuning PI,496.0,23.74679510242516,23.744742992014725,23.8,37.78207430239727,1650.0,40.0,40.47123854554958,0.45082372176592334,0.0030765184860944996,54.4,0
RL Self-tuning PI,497.0,23.747881668464743,23.748978999477906,23.8,37.77635608157114,1650.0,41.0,40.646511105419,0.45082372176592334,0.0030765184860944996,54.4,0
RL Self-tuning PI,498.0,23.74945884915209,23.734159456113478,23.8,37.770565964368714,1650.0,40.0,39.95815497093656,0.45082372176592334,0.0030765184860944996,54.4,0
RL Self-tuning PI,499.0,23.751749345089326,23.771955076252908,23.8,37.76470406102548,1650.0,42.0,41.653443112072566,0.45082372176592334,0.0030765184860944996,54.4,0
RL Self-tuning PI,500.0,23.75462705154489,23.777674946028917,23.8,37.758770483143635,1650.0,42.0,41.90444006599171,0.45082372176592334,0.0030765184860944996,56.1,0
RL Self-tuning PI,501.0,23.75829710068117,23.755275298604,23.8,37.75276534368994,1650.0,41.0,40.88085118709424,0.45082372176592334,0.0030765184860944996,56.1,0
RL Self-tuning PI,502.0,23.762928959033076,23.744300713171324,23.8,37.74668875699359,1650.0,40.0,40.36895485357539,0.45082372176592334,0.0030765184860944996,56.1,0
RL Self-tuning PI,503.0,23.76773176710323,23.792076459166484,23.8,37.740540838744046,1650.0,43.0,42.5203611235586,0.45082372176592334,0.0030765184860944996,56.1,0
RL Self-tuning PI,504.0,23.772980102427006,23.776304412896273,23.8,37.734321705988805,1650.0,42.0,41.80202987244216,0.45082372176592334,0.0030765184860944996,56.1,0
RL Self-tuning PI,505.0,23.778280894241124,23.770646624948355,23.8,37.728031477131196,1650.0,42.0,41.53793275038032,0.45082372176592334,0.0030765184860944996,55.2,0
RL Self-tuning PI,506.0,23.783928506568863,23.794064406574932,23.8,37.7216702719281,1650.0,43.0,42.59183580093001,0.45082372176592334,0.0030765184860944996,55.2,0
RL Self-tuning PI,507.0,23.78923615316278,23.830133665498643,23.8,37.715238211487694,1650.0,44.0,44.227194233758645,0.45082372176592334,0.0030765184860944996,55.2,0
RL Self-tuning PI,508.0,23.79425492723717,23.81325507336419,23.8,37.70873541826715,1650.0,43.0,43.47034520916024,0.45082372176592334,0.0030765184860944996,55.2,0
RL Self-tuning PI,509.0,23.79933761766949,23.79152262978171,23.8,37.70216201607027,1650.0,42.0,42.48798702064912,0.45082372176592334,0.0030765184860944996,55.2,0
RL Self-tuning PI,510.0,23.804776730062986,23.80587773964193,23.8,37.695518130045144,1650.0,43.0,43.13695772346986,0.45082372176592334,0.0030765184860944996,53.8,0
RL Self-tuning PI,511.0,23.8095737252467,23.81007068874601,23.8,37.688803886681804,1650.0,43.0,43.329084081507,0.45082372176592334,0.0030765184860944996,53.8,0
RL Self-tuning PI,512.0,23.814141802574603,23.81935798813922,23.8,37.68201941380976,1650.0,44.0,43.75373309010357,0.45082372176592334,0.0030765184860944996,53.8,0
RL Self-tuning PI,513.0,23.818513597864786,23.82833114471861,23.8,37.67516484059559,1650.0,44.0,44.166980403660396,0.45082372176592334,0.0030765184860944996,53.8,0
RL Self-tuning PI,514.0,23.822406110546055,23.840510899369654,23.8,37.66824029754049,1650.0,45.0,44.72853588893823,0.45082372176592334,0.0030765184860944996,53.8,0
RL Self-tuning PI,515.0,23.825585006032682,23.834717892048314,23.8,37.66124591647779,1650.0,44.0,44.47805440052432,0.45082372176592334,0.0030765184860944996,54.5,0
RL Self-tuning PI,516.0,23.828476905259894,23.832819360426868,23.8,37.6541818305704,1650.0,44.0,44.402561028282754,0.45082372176592334,0.0030765184860944996,54.5,0
RL Self-tuning PI,517.0,23.831435825205695,23.82119368644467,23.8,37.64704817430835,1650.0,44.0,43.884968343827104,0.45082372176592334,0.0030765184860944996,54.5,0
RL Self-tuning PI,518.0,23.834134879082846,23.801757063515637,23.8,37.639845083506174,1650.0,43.0,43.00925983892313,0.45082372176592334,0.0030765184860944996,54.5,0
RL Self-tuning PI,519.0,23.83661336467204,23.828986574391454,23.8,37.632572695300325,1650.0,44.0,44.245748555609644,0.45082372176592334,0.0030765184860944996,54.5,0
RL Self-tuning PI,520.0,23.838593825532705,23.82066014075307,23.8,37.6252311481466,1650.0,44.0,43.876729305915525,0.45082372176592334,0.0030765184860944996,54.4,0
RL Self-tuning PI,521.0,23.84015674380567,23.840719574269556,23.8,37.61782058181747,1650.0,45.0,44.793583605656,0.45082372176592334,0.0030765184860944996,54.4,0
RL Self-tuning PI,522.0,23.841058975794823,23.83550562030859,23.8,37.610341137399445,1650.0,45.0,44.56944956240013,0.45082372176592334,0.0030765184860944996,54.4,0
RL Self-tuning PI,523.0,23.84171979416023,23.813881770795856,23.8,37.602792957290355,1650.0,44.0,43.59886588322367,0.45082372176592334,0.0030765184860944996,54.4,0
RL Self-tuning PI,524.0,23.842176880926356,23.814846294648685,23.8,37.59517618519667,1650.0,44.0,43.646916396523785,0.45082372176592334,0.0030765184860944996,54.4,0
RL Self-tuning PI,525.0,23.84246162997437,23.85757800782348,23.8,37.58749096613075,1650.0,46.0,45.59107737415946,0.45082372176592334,0.0030765184860944996,54.0,0
RL Self-tuning PI,526.0,23.84291039922093,23.843937319775844,23.8,37.5797374464081,1650.0,45.0,44.98964019650307,0.45082372176592334,0.0030765184860944996,54.0,0
RL Self-tuning PI,527.0,23.84318157887195,23.824863189777336,23.8,37.57191577364455,1650.0,44.0,44.13738237526296,0.45082372176592334,0.0030765184860944996,54.0,0
RL Self-tuning PI,528.0,23.84330219045354,23.834077748837583,23.8,37.56402609675347,1650.0,45.0,44.563280638686535,0.45082372176592334,0.0030765184860944996,54.0,0
RL Self-tuning PI,529.0,23.842984540270734,23.812496477883872,23.8,37.556068565942944,1650.0,44.0,43.59419031402956,0.45082372176592334,0.0030765184860944996,54.0,0
RL Self-tuning PI,530.0,23.84230057241656,23.819977162688854,23.8,37.548043332712886,1650.0,44.0,43.93758334157473,0.45082372176592334,0.0030765184860944996,56.3,0
RL Self-tuning PI,531.0,23.84162042935539,23.809778740265365,23.8,37.539950549852165,1650.0,43.0,43.480822713784605,0.45082372176592334,0.0030765184860944996,56.3,0
RL Self-tuning PI,532.0,23.840940851908478,23.797627129953078,23.8,37.531790371435704,1650.0,43.0,42.93226927728471,0.45082372176592334,0.0030765184860944996,56.3,0
RL Self-tuning PI,533.0,23.839638708750925,23.806568067784514,23.8,37.52356295282154,1650.0,43.0,43.33736864240501,0.45082372176592334,0.0030765184860944996,56.3,0
RL Self-tuning PI,534.0,23.838128313388243,23.7659287774062,23.8,37.51526845064786,1650.0,41.0,41.494770953961805,0.45082372176592334,0.0030765184860944996,56.3,0
RL Self-tuning PI,535.0,23.836753412559826,23.778333620835244,23.8,37.506907022830035,1650.0,42.0,42.04734502061969,0.45082372176592334,0.0030765184860944996,53.7,0
RL Self-tuning PI,536.0,23.835178546978405,23.794119008129137,23.8,37.49847882855758,1650.0,43.0,42.75717842753385,0.45082372176592334,0.0030765184860944996,53.7,0
RL Self-tuning PI,537.0,23.833746060867306,23.796249881669784,23.8,37.48998402829119,1650.0,43.0,42.85208953071776,0.45082372176592334,0.0030765184860944996,53.7,0
RL Self-tuning PI,538.0,23.832429530442287,23.810523440318164,23.8,37.4814227837596,1650.0,43.0,43.49881296985607,0.45082372176592334,0.0030765184860944996,53.7,0
RL Self-tuning PI,539.0,23.831517133380164,23.838834610664517,23.8,37.47279525795657,1650.0,45.0,44.78709522792621,0.45082372176592334,0.0030765184860944996,53.7,0
RL Self-tuning PI,540.0,23.830937314915918,23.832141863992966,23.8,37.46410161513776,1650.0,44.0,44.495258835470906,0.45082372176592334,0.0030765184860944996,53.9,0
RL Self-tuning PI,541.0,23.83063044726284,23.842828785529306,23.8,37.45534202081758,1650.0,45.0,44.99022696463603,0.45082372176592334,0.0030765184860944996,53.9,0
RL Self-tuning PI,542.0,23.831167249979625,23.852754997076683,23.8,37.4465166417661,1650.0,45.0,45.4539543002925,0.45082372176592334,0.0030765184860944996,53.9,0
RL Self-tuning PI,543.0,23.83208972723433,23.88614059520617,23.8,37.43762564600581,1650.0,47.0,46.98555757385972,0.45082372176592334,0.0030765184860944996,53.9,0
RL Self-tuning PI,544.0,23.833017724601547,23.84881130588089,23.8,37.42866920280845,1650.0,45.0,45.31768154789697,0.45082372176592334,0.0030765184860944996,53.9,0
RL Self-tuning PI,545.0,23.833946151908794,23.884447896940635,23.8,37.419647482691786,1650.0,47.0,46.9502441607624,0.45082372176592334,0.0030765184860944996,54.2,0
RL Self-tuning PI,546.0,23.83487076858291,23.869060295214734,23.8,37.41056065741637,1650.0,46.0,46.27778110033846,0.45082372176592334,0.0030765184860944996,54.2,0
RL Self-tuning PI,547.0,23.835167633922136,23.850561703673364,23.8,37.40140889998225,1650.0,45.0,45.45937611333162,0.45082372176592334,0.0030765184860944996,54.2,0
RL Self-tuning PI,548.0,23.83525039536526,23.859880985865594,23.8,37.3921923846257,1650.0,46.0,45.897933957538534,0.45082372176592334,0.0030765184860944996,54.2,0
RL Self-tuning PI,549.0,23.83484184480919,23.86652010373256,23.8,37.38291128681589,1650.0,46.0,46.217706173024446,0.45082372176592334,0.0030765184860944996,54.2,0
RL Self-tuning PI,550.0,23.83402266565248,23.86458013699573,23.8,37.37356578325154,1650.0,46.0,46.1501160691146,0.45082372176592334,0.0030765184860944996,54.0,0
RL Self-tuning PI,551.0,23.832239672182695,23.845019909332432,23.8,37.36415605185757,1650.0,45.0,45.28214506406927,0.45082372176592334,0.0030765184860944996,54.0,0
RL Self-tuning PI,552.0,23.830275663502658,23.830833649838226,23.8,37.3546822717817,1650.0,45.0,44.652080863129854,0.45082372176592334,0.0030765184860944996,54.0,0
RL Self-tuning PI,553.0,23.827539142666602,23.864366713109085,23.8,37.345144623391036,1650.0,46.0,46.18363344000486,0.45082372176592334,0.0030765184860944996,54.0,0
RL Self-tuning PI,554.0,23.824470778973247,23.843605188764556,23.8,37.335543288268674,1650.0,45.0,45.26106988948381,0.45082372176592334,0.0030765184860944996,54.0,0
RL Self-tuning PI,555.0,23.82143627617316,23.853168160131705,23.8,37.32587844921018,1650.0,46.0,45.7085486065234,0.45082372176592334,0.0030765184860944996,54.2,0
RL Self-tuning PI,556.0,23.818118466377893,23.878074229618438,23.8,37.316150290220165,1650.0,47.0,46.855392981651214,0.45082372176592334,0.0030765184860944996,54.2,0
RL Self-tuning PI,557.0,23.814564726490154,23.845102070350617,23.8,37.306358996508756,1650.0,45.0,45.38280556139291,0.45082372176592334,0.0030765184860944996,54.2,0
RL Self-tuning PI,558.0,23.81081451690975,23.808389493132886,23.8,37.29650475448806,1650.0,44.0,43.7302965347725,0.45082372176592334,0.0030765184860944996,54.2,0
RL Self-tuning PI,559.0,23.80721090518296,23.830213545805975,23.8,37.28658775176866,1650.0,45.0,44.72347185300252,0.45082372176592334,0.0030765184860944996,54.2,0
RL Self-tuning PI,560.0,23.80372806456298,23.862606803705365,23.8,37.276608177155964,1650.0,46.0,46.20309786053063,0.45082372176592334,0.0030765184860944996,54.2,0
RL Self-tuning PI,561.0,23.8000342564008,23.83919127548353,23.8,37.266566220646716,1650.0,45.0,45.15952757087419,0.45082372176592334,0.0030765184860944996,54.2,0
RL Self-tuning PI,562.0,23.79647492005283,23.84405293369979,23.8,37.256462073425276,1650.0,45.0,45.392255622464425,0.45082372176592334,0.0030765184860944996,54.2,0
RL Self-tuning PI,563.0,23.792716001569296,23.841230272678306,23.8,37.24629592786005,1650.0,45.0,45.27768793737372,0.45082372176592334,0.0030765184860944996,54.2,0
RL Self-tuning PI,564.0,23.788480602985178,23.826463941482235,23.8,37.236067977499786,1650.0,45.0,44.62012837922811,0.45082372176592334,0.0030765184860944996,54.2,0
RL Self-tuning PI,565.0,23.784470061053664,23.824172606582565,23.8,37.22577841706993,1650.0,45.0,44.5242663136008,0.45082372176592334,0.0030765184860944996,70.6,0
RL Self-tuning PI,566.0,23.780955607618722,23.814444037848126,23.8,37.21542744246887,1650.0,44.0,44.09012309211466,0.45082372176592334,0.0030765184860944996,70.6,0
RL Self-tuning PI,567.0,23.777541357354565,23.802347703759192,23.8,37.20501525076424,1650.0,44.0,43.54551393214645,0.45082372176592334,0.0030765184860944996,70.6,0
RL Self-tuning PI,568.0,23.77389889432653,23.801417329349103,23.8,37.19454204018917,1650.0,44.0,43.50400649072157,0.45082372176592334,0.0030765184860944996,70.6,0
RL Self-tuning PI,569.0,23.770376427701397,23.80413239348987,23.8,37.18400801013849,1650.0,44.0,43.627679361295236,0.45082372176592334,0.0030765184860944996,70.6,0
RL Self-tuning PI,570.0,23.740013641156,23.783083297146753,23.8,37.17341336116494,550.0,43.0,42.67353171106873,0.45082372176592334,0.0030765184860944996,104.2,0
RL Self-tuning PI,571.0,23.70986093735388,23.785252897870695,23.8,37.162758294975376,550.0,43.0,42.76680548514839,0.45082372176592334,0.0030765184860944996,104.2,0
RL Self-tuning PI,572.0,23.679902675238903,23.746057222482257,23.8,37.15204301442689,550.0,41.0,40.98317586435147,0.45082372176592334,0.0030765184860944996,104.2,0
RL Self-tuning PI,573.0,23.65012570283621,23.734293993368365,23.8,37.14126772352298,550.0,40.0,40.43264701703548,0.45082372176592334,0.0030765184860944996,104.2,0
RL Self-tuning PI,574.0,23.620829147142633,23.681552750338344,23.8,37.130432627409654,550.0,38.0,38.01850615437888,0.45082372176592334,0.0030765184860944996,104.2,0
RL Self-tuning PI,575.0,23.591950467885436,23.654902417213084,23.8,37.11953793237153,550.0,37.0,36.772406378222556,0.45082372176592334,0.0030765184860944996,90.0,0
RL Self-tuning PI,576.0,23.5634374399908,23.641246918525482,23.8,37.10858384582789,550.0,36.0,36.107943425143056,0.45082372176592334,0.0030765184860944996,90.0,0
RL Self-tuning PI,577.0,23.53524643499163,23.610207018261136,23.8,37.09757057632874,550.0,35.0,34.65020092741643,0.45082372176592334,0.0030765184860944996,90.0,0
RL Self-tuning PI,578.0,23.50765119294628,23.588416915898463,23.8,37.08649833355088,550.0,34.0,33.60275749597806,0.45082372176592334,0.0030765184860944996,90.0,0
RL Self-tuning PI,579.0,23.480568027887784,23.544750875549894,23.8,37.07536732829384,550.0,32.0,31.555660948512767,0.45082372176592334,0.0030765184860944996,90.0,0
RL Self-tuning PI,580.0,23.45454751153129,23.545822673538982,23.8,37.064177772475915,550.0,32.0,31.525782019994598,0.45082372176592334,0.0030765184860944996,51.5,0
RL Self-tuning PI,581.0,23.429735167502308,23.524729005030775,23.8,37.05292987913012,550.0,30.0,30.490141775267084,0.45082372176592334,0.0030765184860944996,51.5,0
RL Self-tuning PI,582.0,23.40656089555244,23.46956859183816,23.8,37.04162386240012,550.0,28.000000000000004,27.901721664743462,0.45082372176592334,0.0030765184860944996,51.5,0
RL Self-tuning PI,583.0,23.385069683237642,23.460512530250732,23.8,37.0302599375362,550.0,27.0,27.389008978156713,0.45082372176592334,0.0030765184860944996,51.5,0
RL Self-tuning PI,584.0,23.365297469948157,23.401604735538015,23.8,37.01883832089109,550.0,25.0,24.610738813226753,0.45082372176592334,0.0030765184860944996,51.5,0
RL Self-tuning PI,585.0,23.34727266291283,23.379531278009424,23.8,37.007359229915906,550.0,25.0,23.48625700609572,0.45082372176592334,0.0030765184860944996,46.1,0
RL Self-tuning PI,586.0,23.33101740049552,23.35273056403516,23.8,36.99582288315601,550.0,25.0,22.140413975308444,0.45082372176592334,0.0030765184860944996,46.1,0
RL Self-tuning PI,587.0,23.316858808983394,23.33722912269718,23.8,36.9842295002468,550.0,25.0,21.29919991175127,0.45082372176592334,0.0030765184860944996,46.1,0
RL Self-tuning PI,588.0,23.304446074641792,23.32534454146231,23.8,36.972579301909576,550.0,25.0,20.617386168086224,0.45082372176592334,0.0030765184860944996,46.1,0
RL Self-tuning PI,589.0,23.29410724995442,23.30285133380372,23.8,36.96087250994733,550.0,25.0,19.450390302787206,0.45082372176592334,0.0030765184860944996,46.1,0
RL Self-tuning PI,590.0,23.28611271673302,23.29632064562195,23.8,36.949109347240494,550.0,25.0,19.0010135031266,0.45082372176592334,0.0030765184860944996,55.5,0
RL Self-tuning PI,591.0,23.280374609174626,23.288434004419294,23.8,36.93729003774274,550.0,25.0,18.488080784979065,0.45082372176592334,0.0030765184860944996,55.5,0
RL Self-tuning PI,592.0,23.2771284374778,23.30885351061402,23.8,36.92541480647668,550.0,25.0,19.257538437514363,0.45082372176592334,0.0030765184860944996,55.5,0
RL Self-tuning PI,593.0,23.27594709494236,23.29968978086058,23.8,36.9134838795296,550.0,25.0,18.6904943984475,0.45082372176592334,0.0030765184860944996,55.5,0
RL Self-tuning PI,594.0,23.276474701918474,23.281111151139587,23.8,36.90149748404915,550.0,25.0,17.693288585259932,0.45082372176592334,0.0030765184860944996,55.5,0
RL Self-tuning PI,595.0,23.278414734472385,23.296064995967978,23.8,36.889455848239024,550.0,25.0,18.21240684771498,0.45082372176592334,0.0030765184860944996,51.3,0
RL Self-tuning PI,596.0,23.28152013160905,23.310881783727726,23.8,36.87735920135461,550.0,25.0,18.72990466453682,0.45082372176592334,0.0030765184860944996,51.3,0
RL Self-tuning PI,597.0,23.28558505129213,23.303829206523513,23.8,36.865207773698614,550.0,25.0,18.259309892373267,0.45082372176592334,0.0030765184860944996,51.3,0
RL Self-tuning PI,598.0,23.29043800046181,23.283365377351384,23.8,36.853001796616724,550.0,25.0,17.17780833276363,0.45082372176592334,0.0030765184860944996,51.3,0
RL Self-tuning PI,599.0,23.29593611005076,23.289270371432355,23.8,36.840741502493145,550.0,25.0,17.28689255925411,0.45082372176592334,0.0030765184860944996,51.3,0
RL Self-tuning PI,600.0,23.30196036416529,23.305655220111962,23.8,36.82842712474619,550.0,25.0,17.873474320102307,0.45082372176592334,0.0030765184860944996,50.8,0
RL Self-tuning PI,601.0,23.308411624404034,23.292254288550176,23.8,36.81605889782387,550.0,25.0,17.113119629169738,0.45082372176592334,0.0030765184860944996,50.8,0
RL Self-tuning PI,602.0,23.315207316791362,23.298722361008632,23.8,36.8036370571994,550.0,25.0,17.250496686704793,0.45082372176592334,0.0030765184860944996,50.8,0
RL Self-tuning PI,603.0,23.322278670889634,23.30469322252561,23.8,36.79116183936672,550.0,25.0,17.36729524210931,0.45082372176592334,0.0030765184860944996,50.8,0
RL Self-tuning PI,604.0,23.32956841906053,23.30141420322175,23.8,36.77863348183599,550.0,25.0,17.066078431409185,0.45082372176592334,0.0030765184860944996,50.8,0
RL Self-tuning PI,605.0,23.33702887918391,23.288783187803496,23.8,36.76605222312908,550.0,25.0,16.339365496042696,0.45082372176592334,0.0030765184860944996,54.5,0
RL Self-tuning PI,606.0,23.344620356924647,23.343566739996763,23.8,36.75341830277502,550.0,25.0,18.668715448968527,0.45082372176592334,0.0030765184860944996,54.5,0
RL Self-tuning PI,607.0,23.352309814289367,23.361819537796624,23.8,36.740731961305436,550.0,25.0,19.356787843424502,0.45082372176592334,0.0030765184860944996,54.5,0
RL Self-tuning PI,608.0,23.36006976009151,23.338050001243555,23.8,36.727993440249996,550.0,25.0,18.143080978991406,0.45082372176592334,0.0030765184860944996,54.5,0
RL Self-tuning PI,609.0,23.367877325339922,23.34591464089288,23.8,36.715202982131764,550.0,25.0,18.35793739054119,0.45082372176592334,0.0030765184860944996,54.5,0
RL Self-tuning PI,610.0,23.375713492730444,23.33740013791781,23.8,36.70236083046264,550.0,25.0,17.831763695784424,0.45082372176592334,0.0030765184860944996,50.4,0
RL Self-tuning PI,611.0,23.383562454556593,23.340035933419177,23.8,36.689467229738675,550.0,25.0,17.809082814180876,0.45082372176592334,0.0030765184860944996,50.4,0
RL Self-tuning PI,612.0,23.3914110776362,23.38958376456826,23.8,36.67652242543544,550.0,25.0,19.916551265056942,0.45082372176592334,0.0030765184860944996,50.4,0
RL Self-tuning PI,613.0,23.39924845741798,23.405129049354834,23.8,36.663526664003335,550.0,25.0,20.49588680146816,0.45082372176592334,0.0030765184860944996,50.4,0
RL Self-tuning PI,614.0,23.407065546404706,23.40643949053818,23.8,36.65048019286295,550.0,25.0,20.43388498033569,0.45082372176592334,0.0030765184860944996,50.4,0
RL Self-tuning PI,615.0,23.41485484450689,23.409761017808044,23.8,36.63738326040028,550.0,25.0,20.463569564639613,0.45082372176592334,0.0030765184860944996,50.6,0
RL Self-tuning PI,616.0,23.42261014100521,23.397184667805337,23.8,36.62423611596203,550.0,25.0,19.772670991596573,0.45082372176592334,0.0030765184860944996,50.6,0
RL Self-tuning PI,617.0,23.430326299520207,23.40998788834676,23.8,36.61103900985089,550.0,25.0,20.229882597973724,0.45082372176592334,0.0030765184860944996,50.6,0
RL Self-tuning PI,618.0,23.437999078821374,23.40228627820796,23.8,36.597792193320736,550.0,25.0,19.760318381610706,0.45082372176592334,0.0030765184860944996,50.6,0
RL Self-tuning PI,619.0,23.445624983502423,23.403132194593848,23.8,36.584495918571854,550.0,25.0,19.676357184962807,0.45082372176592334,0.0030765184860944996,50.6,0
RL Self-tuning PI,620.0,23.453201139544976,23.444667026513375,23.8,36.57115043874616,550.0,25.0,21.4395270896861,0.45082372176592334,0.0030765184860944996,50.6,0
RL Self-tuning PI,621.0,23.460725190622657,23.427149057687142,23.8,36.557756007922336,550.0,25.0,20.535067217625585,0.45082372176592334,0.0030765184860944996,50.6,0
RL Self-tuning PI,622.0,23.4681952116888,23.44303290871998,23.8,36.544312881111054,550.0,25.0,21.141327315960563,0.45082372176592334,0.0030765184860944996,50.6,0
RL Self-tuning PI,623.0,23.475609636967206,23.45967464250597,23.8,36.53082131425006,550.0,25.0,21.786874426802548,0.45082372176592334,0.0030765184860944996,50.6,0
RL Self-tuning PI,624.0,23.482967199945385,23.533431829375125,23.8,36.51728156419935,550.0,25.0,25.030013185463098,0.45082372176592334,0.0030765184860944996,50.6,0
RL Self-tuning PI,625.0,23.49026688336992,23.528879959554693,23.8,36.50369388873624,550.0,25.0,24.74139351448092,0.45082372176592334,0.0030765184860944996,50.9,0
RL Self-tuning PI,626.0,23.497507877576872,23.53094486642204,23.8,36.49005854655048,550.0,25.0,24.751709105161506,0.45082372176592334,0.0030765184860944996,50.9,0
RL Self-tuning PI,627.0,23.504689545768088,23.531116617943905,23.8,36.476375797239335,550.0,25.0,24.676729601642204,0.45082372176592334,0.0030765184860944996,50.9,0
RL Self-tuning PI,628.0,23.51181139507573,23.53570527771137,23.8,36.462645901302636,550.0,25.0,24.80228650918094,0.45082372176592334,0.0030765184860944996,50.9,0
RL Self-tuning PI,629.0,23.518873052450324,23.535660626845168,23.8,36.4488691201378,550.0,25.0,24.718949045401523,0.45082372176592334,0.0030765184860944996,50.9,0
RL Self-tuning PI,630.0,23.525874244568406,23.51082487749792,23.8,36.435045716034885,550.0,25.0,23.510329289034747,0.45082372176592334,0.0030765184860944996,49.8,0
RL Self-tuning PI,631.0,23.532814781089815,23.519773552567138,23.8,36.42117595217158,550.0,25.0,23.82754460441059,0.45082372176592334,0.0030765184860944996,49.8,0
RL Self-tuning PI,632.0,23.539694540706368,23.5389680130007,23.8,36.40726009260819,550.0,25.0,24.612569440058856,0.45082372176592334,0.0030765184860944996,49.8,0
RL Self-tuning PI,633.0,23.54651345951667,23.51391209957501,23.8,36.39329840228264,550.0,25.0,23.39497395434677,0.45082372176592334,0.0030765184860944996,49.8,0
RL Self-tuning PI,634.0,23.55327152133937,23.505303941972745,23.8,36.37929114700537,550.0,25.0,22.916234002536726,0.45082372176592334,0.0030765184860944996,49.8,0
RL Self-tuning PI,635.0,23.559968749641754,23.529277993254475,23.8,36.36523859345433,550.0,25.0,23.91375297916586,0.45082372176592334,0.0030765184860944996,49.9,0
RL Self-tuning PI,636.0,23.566605200814518,23.522128442653347,23.8,36.35114100916989,550.0,25.0,23.50594657977677,0.45082372176592334,0.0030765184860944996,49.9,0
RL Self-tuning PI,637.0,23.573180958568255,23.56792827255781,23.8,36.33699866254974,550.0,25.0,25.499314261196858,0.45082372176592334,0.0030765184860944996,49.9,0
RL Self-tuning PI,638.0,23.579696129264786,23.568937312045833,23.8,36.32281182284376,550.0,25.0,25.473717291842956,0.45082372176592334,0.0030765184860944996,49.9,0
RL Self-tuning PI,639.0,23.586150838027454,23.576973734201328,23.8,36.308580760148935,550.0,26.0,25.767403823463773,0.45082372176592334,0.0030765184860944996,49.9,0
RL Self-tuning PI,640.0,23.592545225500597,23.57170193425917,23.8,36.29430574540419,550.0,25.0,25.459502254471765,0.45082372176592334,0.0030765184860944996,52.4,0
RL Self-tuning PI,641.0,23.59887944514997,23.55505859086928,23.8,36.27998705038521,550.0,25.0,24.633824176185808,0.45082372176592334,0.0030765184860944996,52.4,0
RL Self-tuning PI,642.0,23.605153661013954,23.547907870772264,23.8,36.26562494769933,550.0,25.0,24.23389614186469,0.45082372176592334,0.0030765184860944996,52.4,0
RL Self-tuning PI,643.0,23.611368045830435,23.53299224114979,23.8,36.251219710780276,550.0,25.0,23.47931874537272,0.45082372176592334,0.0030765184860944996,52.4,0
RL Self-tuning PI,644.0,23.6175227794767,23.551279221143798,23.8,36.236771613882986,550.0,25.0,24.227219776045857,0.45082372176592334,0.0030765184860944996,52.4,0
RL Self-tuning PI,645.0,23.623618047670227,23.5698155006642,23.8,36.22228093207841,550.0,25.0,24.992062541412007,0.45082372176592334,0.0030765184860944996,50.1,0
RL Self-tuning PI,646.0,23.62965404088681,23.60559267704975,23.8,36.20774794124823,550.0,27.0,26.54517275036415,0.45082372176592334,0.0030765184860944996,50.1,0
RL Self-tuning PI,647.0,23.635320749378224,23.61957349906806,23.8,36.193172918079654,550.0,27.0,27.11995282537851,0.45082372176592334,0.0030765184860944996,50.1,0
RL Self-tuning PI,648.0,23.640981767583025,23.615553274558867,23.8,36.17855614006011,550.0,27.0,26.881966191769635,0.45082372176592334,0.0030765184860944996,50.1,0
RL Self-tuning PI,649.0,23.64662842231689,23.6027264995162,23.8,36.163897885471975,550.0,26.0,26.243013188365282,0.45082372176592334,0.0030765184860944996,50.1,0
RL Self-tuning PI,650.0,23.652253521250877,23.628956628886918,23.8,36.1491984333873,550.0,27.0,27.37290783358077,0.45082372176592334,0.0030765184860944996,50.1,0
RL Self-tuning PI,651.0,23.657851105997608,23.639576056073746,23.8,36.13445806366245,550.0,28.000000000000004,27.80230207940945,0.45082372176592334,0.0030765184860944996,50.1,0
RL Self-tuning PI,652.0,23.66341624635058,23.64178525932497,23.8,36.11967705693282,550.0,28.000000000000004,27.85322314514887,0.45082372176592334,0.0030765184860944996,50.1,0
RL Self-tuning PI,653.0,23.668944868817704,23.647879738072493,23.8,36.10485569460748,550.0,28.000000000000004,28.081176624474143,0.45082372176592334,0.0030765184860944996,50.1,0
RL Self-tuning PI,654.0,23.673813205570152,23.667163565398564,23.8,36.0899942588638,550.0,28.999999999999996,28.909669930309374,0.45082372176592334,0.0030765184860944996,50.1,0
RL Self-tuning PI,655.0,23.67812487752769,23.66483560237707,23.8,36.07509303264209,550.0,28.999999999999996,28.76313625816621,0.45082372176592334,0.0030765184860944996,49.2,0
RL Self-tuning PI,656.0,23.68196625491894,23.650988081522293,23.8,36.060152299640215,550.0,28.000000000000004,28.09301337708347,0.45082372176592334,0.0030765184860944996,49.2,0
RL Self-tuning PI,657.0,23.685719536456556,23.6453384501383,23.8,36.045172344308206,550.0,28.000000000000004,27.790732680646023,0.45082372176592334,0.0030765184860944996,49.2,0
RL Self-tuning PI,658.0,23.689081340088347,23.6486630192164,23.8,36.030153451842814,550.0,28.000000000000004,27.89405303925064,0.45082372176592334,0.0030765184860944996,49.2,0
RL Self-tuning PI,659.0,23.691800366694736,23.666640005021204,23.8,36.015095908182104,550.0,28.999999999999996,28.66346975493036,0.45082372176592334,0.0030765184860944996,49.2,0
RL Self-tuning PI,660.0,23.693978915998475,23.673995154593896,23.8,36.0,550.0,28.999999999999996,28.95629172175805,0.45082372176592334,0.0030765184860944996,49.6,0
RL Self-tuning PI,661.0,23.695702249463764,23.69902885893212,23.8,35.984866014700835,550.0,30.0,30.053806539486892,0.45082372176592334,0.0030765184860944996,49.6,0
RL Self-tuning PI,662.0,23.69673122594386,23.701655391756457,23.8,35.96969424041387,550.0,30.0,30.141960969280788,0.45082372176592334,0.0030765184860944996,49.6,0
RL Self-tuning PI,663.0,23.69717826920118,23.690887931158684,23.8,35.95448496598782,550.0,30.0,29.62296977353057,0.45082372176592334,0.0030765184860944996,49.6,0
RL Self-tuning PI,664.0,23.697447273916673,23.674920196718656,23.8,35.939238480985345,550.0,28.999999999999996,28.864625393984994,0.45082372176592334,0.0030765184860944996,49.6,0
RL Self-tuning PI,665.0,23.69756312686377,23.684596241493242,23.8,35.92395507567755,550.0,28.999999999999996,29.265340266069195,0.45082372176592334,0.0030765184860944996,49.6,0
RL Self-tuning PI,666.0,23.697546578892496,23.675009691088313,23.8,35.90863504103844,550.0,28.999999999999996,28.79470233322956,0.45082372176592334,0.0030765184860944996,49.6,0
RL Self-tuning PI,667.0,23.697104730188215,23.69212006978485,23.8,35.89327866873937,550.0,30.0,29.53288933375069,0.45082372176592334,0.0030765184860944996,49.6,0
RL Self-tuning PI,668.0,23.696305205801046,23.69481055584339,23.8,35.877886251143565,550.0,30.0,29.621821100628758,0.45082372176592334,0.0030765184860944996,49.6,0
RL Self-tuning PI,669.0,23.694894160166335,23.69180532766849,23.8,35.862458081300446,550.0,28.999999999999996,29.453051994619884,0.45082372176592334,0.0030765184860944996,49.6,0
RL Self-tuning PI,670.0,23.69297175599846,23.678501844211535,23.8,35.84699445294014,550.0,28.999999999999996,28.815920269937344,0.45082372176592334,0.0030765184860944996,50.0,0
RL Self-tuning PI,671.0,23.690621459029742,23.68643689843494,23.8,35.83149566046783,550.0,28.999999999999996,29.13871343954806,0.45082372176592334,0.0030765184860944996,50.0,0
RL Self-tuning PI,672.0,23.688223025020733,23.689746675540018,23.8,35.81596199895819,550.0,28.999999999999996,29.254006403735243,0.45082372176592334,0.0030765184860944996,50.0,0
RL Self-tuning PI,673.0,23.685781217788254,23.71530450572993,23.8,35.80039376414974,550.0,30.0,30.380157291001865,0.45082372176592334,0.0030765184860944996,50.0,0
RL Self-tuning PI,674.0,23.68330001190099,23.715413352391593,23.8,35.784791252439234,550.0,30.0,30.359041118208797,0.45082372176592334,0.0030765184860944996,50.0,0
RL Self-tuning PI,675.0,23.680472520197636,23.679394922499956,23.8,35.769154760876006,550.0,28.999999999999996,28.69814048157293,0.45082372176592334,0.0030765184860944996,51.5,0
RL Self-tuning PI,676.0,23.67735470453224,23.68303076042977,23.8,35.75348458715631,550.0,28.999999999999996,28.826066877514332,0.45082372176592334,0.0030765184860944996,51.5,0
RL Self-tuning PI,677.0,23.674303401137696,23.640358332615957,23.8,35.73778102961767,550.0,27.0,26.853178551047474,0.45082372176592334,0.0030765184860944996,51.5,0
RL Self-tuning PI,678.0,23.6713042745946,23.62106449756673,23.8,35.72204438723318,550.0,26.0,25.928316860539052,0.45082372176592334,0.0030765184860944996,51.5,0
RL Self-tuning PI,679.0,23.668345383810895,23.638637305771123,23.8,35.706274959605835,550.0,27.0,26.670897209021206,0.45082372176592334,0.0030765184860944996,51.5,0
RL Self-tuning PI,680.0,23.66541678302497,23.656169499215874,23.8,35.69047304696279,550.0,27.0,27.417040359516818,0.45082372176592334,0.0030765184860944996,50.0,0
RL Self-tuning PI,681.0,23.66219998522658,23.67465083857116,23.8,35.67463895014971,550.0,28.000000000000004,28.21165907741852,0.45082372176592334,0.0030765184860944996,50.0,0
RL Self-tuning PI,682.0,23.658741286154466,23.67088659187308,23.8,35.65877297062496,550.0,28.000000000000004,28.002235928120694,0.45082372176592334,0.0030765184860944996,50.0,0
RL Self-tuning PI,683.0,23.655389467370092,23.633107642296906,23.8,35.64287541045391,550.0,26.0,26.247726520520697,0.45082372176592334,0.0030765184860944996,50.0,0
RL Self-tuning PI,684.0,23.6521234816517,23.630043301894965,23.8,35.626946572303204,550.0,26.0,26.057291293689026,0.45082372176592334,0.0030765184860944996,50.0,0
RL Self-tuning PI,685.0,23.649546203324853,23.63965114155293,23.8,35.61098675943495,550.0,26.0,26.441103874238713,0.45082372176592334,0.0030765184860944996,49.9,0
RL Self-tuning PI,686.0,23.647846844679073,23.63678823973114,23.8,35.594996275700986,550.0,26.0,26.26182506904225,0.45082372176592334,0.0030765184860944996,49.9,0
RL Self-tuning PI,687.0,23.64656120309806,23.6310362583302,23.8,35.57897542553707,550.0,26.0,25.95053009529967,0.45082372176592334,0.0030765184860944996,49.9,0
RL Self-tuning PI,688.0,23.645614167861673,23.63885088308885,23.8,35.56292451395709,550.0,26.0,26.25325409336996,0.45082372176592334,0.0030765184860944996,49.9,0
RL Self-tuning PI,689.0,23.64463296341415,23.626367148321382,23.8,35.54684384654728,550.0,26.0,25.637039248630856,0.45082372176592334,0.0030765184860944996,49.9,0
RL Self-tuning PI,690.0,23.64361866054803,23.644165013474847,23.8,35.53073372946036,550.0,26.0,26.39146630774568,0.45082372176592334,0.0030765184860944996,49.4,0
RL Self-tuning PI,691.0,23.64319257288184,23.663303202554896,23.8,35.51459446940973,550.0,27.0,27.21220624820548,0.45082372176592334,0.0030765184860944996,49.4,0
RL Self-tuning PI,692.0,23.64324908227755,23.67192305961232,23.8,35.49842637366365,550.0,28.000000000000004,27.561406744702683,0.45082372176592334,0.0030765184860944996,49.4,0
RL Self-tuning PI,693.0,23.643700202033557,23.650146690146972,23.8,35.482229750039345,550.0,27.0,26.53357370401443,0.45082372176592334,0.0030765184860944996,49.4,0
RL Self-tuning PI,694.0,23.64447263825306,23.650252750503633,23.8,35.46600490689719,550.0,26.0,26.49228513835485,0.45082372176592334,0.0030765184860944996,49.4,0
RL Self-tuning PI,695.0,23.645505340984847,23.64816392213413,23.8,35.4497521531348,550.0,26.0,26.351403150346915,0.45082372176592334,0.0030765184860944996,49.8,0
RL Self-tuning PI,696.0,23.646747463507822,23.63879339976519,23.8,35.4334717981812,550.0,26.0,25.879362264851007,0.45082372176592334,0.0030765184860944996,49.8,0
RL Self-tuning PI,697.0,23.648156661735232,23.647424962916695,23.8,35.41716415199086,550.0,26.0,26.22155361510251,0.45082372176592334,0.0030765184860944996,49.8,0
RL Self-tuning PI,698.0,23.64969767705205,23.65633777418946,23.8,35.40082952503787,550.0,27.0,26.57916634069507,0.45082372176592334,0.0030765184860944996,49.8,0
RL Self-tuning PI,699.0,23.65103095126497,23.657086213703828,23.8,35.38446822830997,550.0,27.0,26.56894007888767,0.45082372176592334,0.0030765184860944996,49.8,0
RL Self-tuning PI,700.0,23.65187503945986,23.644388909279414,23.8,35.36808057330268,550.0,26.0,25.948641435462434,0.45082372176592334,0.0030765184860944996,49.9,0
RL Self-tuning PI,701.0,23.652617324939516,23.626943456438504,23.8,35.35166687201331,550.0,25.0,25.10891787215868,0.45082372176592334,0.0030765184860944996,49.9,0
RL Self-tuning PI,702.0,23.653579147580768,23.630538077436054,23.8,35.335227436935085,550.0,25.0,25.218836640058313,0.45082372176592334,0.0030765184860944996,49.9,0
RL Self-tuning PI,703.0,23.654716614637486,23.62433607312985,23.8,35.318762581051146,550.0,25.0,24.88519224184962,0.45082372176592334,0.0030765184860944996,49.9,0
RL Self-tuning PI,704.0,23.655993176769396,23.642602081993196,23.8,35.30227261782863,550.0,26.0,25.66024349116585,0.45082372176592334,0.0030765184860944996,49.9,0
RL Self-tuning PI,705.0,23.65737840408673,23.624285644377355,23.8,35.285757861212645,550.0,25.0,24.78043618728465,0.45082372176592334,0.0030765184860944996,50.2,0
RL Self-tuning PI,706.0,23.658536762106262,23.613291134005706,23.8,35.26921862562037,550.0,25.0,24.22733625103565,0.45082372176592334,0.0030765184860944996,50.2,0
RL Self-tuning PI,707.0,23.65950036286208,23.610661428924963,23.8,35.252655225935,550.0,25.0,24.050532546466606,0.45082372176592334,0.0030765184860944996,50.2,0
RL Self-tuning PI,708.0,23.660606190574132,23.627788283610833,23.8,35.236067977499786,550.0,25.0,24.769670530730075,0.45082372176592334,0.0030765184860944996,50.2,0
RL Self-tuning PI,709.0,23.662133593286796,23.626981406260242,23.8,35.219457196112046,550.0,25.0,24.680065095502016,0.45082372176592334,0.0030765184860944996,50.2,0
RL Self-tuning PI,710.0,23.66400369242682,23.623706497111172,23.8,35.20282319801709,550.0,25.0,24.478187400337532,0.45082372176592334,0.0030765184860944996,50.7,0
RL Self-tuning PI,711.0,23.666150791128064,23.612459577477207,23.8,35.18616629990228,550.0,25.0,23.913452425880756,0.45082372176592334,0.0030765184860944996,50.7,0
RL Self-tuning PI,712.0,23.668209973107977,23.683406943877998,23.8,35.169486818890945,550.0,27.0,27.076057933659314,0.45082372176592334,0.0030765184860944996,50.7,0
RL Self-tuning PI,713.0,23.670499076960542,23.657477898899142,23.8,35.15278507253636,550.0,26.0,25.863267889867554,0.45082372176592334,0.0030765184860944996,50.7,0
RL Self-tuning PI,714.0,23.67297129924825,23.654074047935694,23.8,35.13606137881569,550.0,26.0,25.66491982498707,0.45082372176592334,0.0030765184860944996,50.7,0
RL Self-tuning PI,715.0,23.675587672064815,23.630497487298395,23.8,35.11931605612397,550.0,25.0,24.54988478231578,0.45082372176592334,0.0030765184860944996,50.2,0
RL Self-tuning PI,716.0,23.678315757024937,23.634704538453015,23.8,35.102549423267995,550.0,25.0,24.688695173922603,0.45082372176592334,0.0030765184860944996,50.2,0
RL Self-tuning PI,717.0,23.681128556923024,23.647179849418404,23.8,35.0857617994603,550.0,25.0,25.204096384051784,0.45082372176592334,0.0030765184860944996,50.2,0
RL Self-tuning PI,718.0,23.684003608782767,23.67094355956501,23.8,35.06895350431303,550.0,26.0,26.235716356703005,0.45082372176592334,0.0030765184860944996,50.2,0
RL Self-tuning PI,719.0,23.6869222280657,23.676278124536005,23.8,35.0521248578319,550.0,26.0,26.438147936425636,0.45082372176592334,0.0030765184860944996,50.2,0
RL Self-tuning PI,720.0,23.689248470682376,23.65589806629334,23.8,35.03527618041008,550.0,25.0,25.47503333945612,0.45082372176592334,0.0030765184860944996,49.6,0
