time,temperature,next_temperature,setpoint,disturbance,command,kp,ki
0.0,28.0,28.009975041614634,24.0,0.0,1.0,0.2884615384615404,0.028846153846153973
0.1,28.009975041614634,28.019900332501663,24.0,0.0,1.0,0.2884615384615404,0.028846153846153973
0.2,28.019900332501663,28.029776120793873,24.0,0.0,1.0,0.2884615384615404,0.028846153846153973
0.30000000000000004,28.029776120793873,28.03960265338649,24.0,0.0,1.0,0.2884615384615404,0.028846153846153973
0.4,28.03960265338649,28.049380175943334,24.0,0.0,1.0,0.2884615384615404,0.028846153846153973
0.5,28.049380175943334,28.059108932902983,24.0,0.0,1.0,0.2884615384615404,0.028846153846153973
0.6000000000000001,28.059108932902983,28.068789167484866,24.0,0.0,1.0,0.2884615384615404,0.028846153846153973
0.7000000000000001,28.068789167484866,28.078421121695353,24.0,0.0,1.0,0.2884615384615404,0.028846153846153973
0.8,28.078421121695353,28.0880050363338,24.0,0.0,1.0,0.2884615384615404,0.028846153846153973
0.9,28.0880050363338,28.097541150998573,24.0,0.0,1.0,0.2884615384615404,0.028846153846153973
1.0,28.097541150998573,28.107029704093033,24.0,0.0,1.0,0.2884615384615404,0.028846153846153973
1.1,28.107029704093033,28.116470932831504,24.0,0.0,1.0,0.2884615384615404,0.028846153846153973
1.2000000000000002,28.116470932831504,28.125865073245194,24.0,0.0,1.0,0.2884615384615404,0.028846153846153973
1.3,28.125865073245194,28.135212360188106,24.0,0.0,1.0,0.2884615384615404,0.028846153846153973
1.4000000000000001,28.135212360188106,28.144513027342896,24.0,0.0,1.0,0.2884615384615404,0.028846153846153973
1.5,28.144513027342896,28.15376730722673,24.0,0.0,1.0,0.2884615384615404,0.028846153846153973
1.6,28.15376730722673,28.162975431197086,24.0,0.0,1.0,0.2884615384615404,0.028846153846153973
1.7000000000000002,28.162975431197086,28.172137629457545,24.0,0.0,1.0,0.2884615384615404,0.028846153846153973
1.8,28.172137629457545,28.18125413106354,24.0,0.0,1.0,0.2884615384615404,0.028846153846153973
1.9000000000000001,28.18125413106354,28.190325163928083,24.0,0.0,1.0,0.2884615384615404,0.028846153846153973
2.0,28.190325163928083,28.15945078836893,24.0,0.0,1.0,0.2884615384615404,0.028846153846153973
2.1,28.15945078836893,28.12873039940029,24.0,0.0,1.0,0.2884615384615404,0.028846153846153973
2.2,28.12873039940029,28.09816322901084,24.0,0.0,1.0,0.2884615384615404,0.028846153846153973
2.3000000000000003,28.09816322901084,28.06774851301973,24.0,0.0,1.0,0.2884615384615404,0.028846153846153973
2.4000000000000004,28.06774851301973,28.037485491057474,24.0,0.0,1.0,0.2884615384615404,0.028846153846153973
2.5,28.037485491057474,28.007373406546947,24.0,0.0,1.0,0.2884615384615404,0.028846153846153973
2.6,28.007373406546947,27.97741150668447,24.0,0.0,1.0,0.2884615384615404,0.028846153846153973
2.7,27.97741150668447,27.94759904242098,24.0,0.0,1.0,0.2884615384615404,0.028846153846153973
2.8000000000000003,27.94759904242098,27.917935268443323,24.0,0.0,1.0,0.2884615384615404,0.028846153846153973
2.9000000000000004,27.917935268443323,27.888419443155602,24.0,0.0,1.0,0.2884615384615404,0.028846153846153973
3.0,27.888419443155602,27.85905082866065,24.0,0.0,1.0,0.2884615384615404,0.028846153846153973
3.1,27.85905082866065,27.82982869074157,24.0,0.0,1.0,0.2884615384615404,0.028846153846153973
3.2,27.82982869074157,27.8007522988434,24.0,0.0,1.0,0.2884615384615404,0.028846153846153973
3.3000000000000003,27.8007522988434,27.771820926054822,24.0,0.0,1.0,0.2884615384615404,0.028846153846153973
3.4000000000000004,27.771820926054822,27.74303384909001,24.0,0.0,1.0,0.2884615384615404,0.028846153846153973
3.5,27.74303384909001,27.714390348270545,24.0,0.0,1.0,0.2884615384615404,0.028846153846153973
3.6,27.714390348270545,27.68588970750741,24.0,0.0,1.0,0.2884615384615404,0.028846153846153973
3.7,27.68588970750741,27.657531214283104,24.0,0.0,1.0,0.2884615384615404,0.028846153846153973
3.8000000000000003,27.657531214283104,27.629314159633818,24.0,0.0,1.0,0.2884615384615404,0.028846153846153973
3.9000000000000004,27.629314159633818,27.601237838131716,24.0,0.0,1.0,0.2884615384615404,0.028846153846153973
4.0,27.601237838131716,27.5733015478673,24.0,0.0,1.0,0.5769230769230808,0.014423076923076986
4.1000000000000005,27.5733015478673,27.545504590431854,24.0,0.0,1.0,0.5769230769230808,0.014423076923076986
4.2,27.545504590431854,27.517846270899998,24.0,0.0,1.0,0.5769230769230808,0.014423076923076986
4.3,27.517846270899998,27.490325897812305,24.0,0.0,1.0,0.5769230769230808,0.014423076923076986
4.4,27.490325897812305,27.46294278315801,24.0,0.0,1.0,0.5769230769230808,0.014423076923076986
4.5,27.46294278315801,27.43569624235782,24.0,0.0,1.0,0.5769230769230808,0.014423076923076986
4.6000000000000005,27.43569624235782,27.4085855942468,24.0,0.0,1.0,0.5769230769230808,0.014423076923076986
4.7,27.4085855942468,27.38161016105734,24.0,0.0,1.0,0.5769230769230808,0.014423076923076986
4.800000000000001,27.38161016105734,27.354769268402194,24.0,0.0,1.0,0.5769230769230808,0.014423076923076986
4.9,27.354769268402194,27.32806224525765,24.0,0.0,1.0,0.5769230769230808,0.014423076923076986
5.0,27.32806224525765,27.301488423946743,24.0,0.0,1.0,0.5769230769230808,0.014423076923076986
5.1000000000000005,27.301488423946743,27.275047140122556,24.0,0.0,1.0,0.5769230769230808,0.014423076923076986
5.2,27.275047140122556,27.248737732751614,24.0,0.0,1.0,0.5769230769230808,0.014423076923076986
5.300000000000001,27.248737732751614,27.22255954409736,24.0,0.0,1.0,0.5769230769230808,0.014423076923076986
5.4,27.22255954409736,27.19651191970372,24.0,0.0,1.0,0.5769230769230808,0.014423076923076986
5.5,27.19651191970372,27.170594208378724,24.0,0.0,1.0,0.5769230769230808,0.014423076923076986
5.6000000000000005,27.170594208378724,27.144805762178237,24.0,0.0,1.0,0.5769230769230808,0.014423076923076986
5.7,27.144805762178237,27.119145936389764,24.0,0.0,1.0,0.5769230769230808,0.014423076923076986
5.800000000000001,27.119145936389764,27.093614089516322,24.0,0.0,1.0,0.5769230769230808,0.014423076923076986
5.9,27.093614089516322,27.068209583260412,24.0,0.0,1.0,0.5769230769230808,0.014423076923076986
6.0,27.068209583260412,27.042931782508056,24.0,0.0,1.0,0.5769230769230808,0.014423076923076986
6.1000000000000005,27.042931782508056,27.01778005531291,24.0,0.0,1.0,0.5769230769230808,0.014423076923076986
6.2,27.01778005531291,26.992753772880494,24.0,0.0,1.0,0.5769230769230808,0.014423076923076986
6.300000000000001,26.992753772880494,26.96785230955244,24.0,0.0,1.0,0.5769230769230808,0.014423076923076986
6.4,26.96785230955244,26.943075042790866,24.0,0.0,1.0,0.5769230769230808,0.014423076923076986
6.5,26.943075042790866,26.918421353162813,24.0,0.0,1.0,0.5769230769230808,0.014423076923076986
6.6000000000000005,26.918421353162813,26.893890624324758,24.0,0.0,1.0,0.5769230769230808,0.014423076923076986
6.7,26.893890624324758,26.8694822430072,24.0,0.0,1.0,0.5769230769230808,0.014423076923076986
6.800000000000001,26.8694822430072,26.84519559899934,24.0,0.0,1.0,0.5769230769230808,0.014423076923076986
6.9,26.84519559899934,26.821030085133806,24.0,0.0,1.0,0.5769230769230808,0.014423076923076986
7.0,26.821030085133806,26.796985097271495,24.0,0.0,1.0,0.5769230769230808,0.014423076923076986
7.1000000000000005,26.796985097271495,26.77306003428646,24.0,0.0,1.0,0.5769230769230808,0.014423076923076986
7.2,26.77306003428646,26.74925429805088,24.0,0.0,1.0,0.5769230769230808,0.014423076923076986
7.300000000000001,26.74925429805088,26.725567293420106,24.0,0.0,1.0,0.5769230769230808,0.014423076923076986
7.4,26.725567293420106,26.70199842821779,24.0,0.0,1.0,0.5769230769230808,0.014423076923076986
7.5,26.70199842821779,26.67854711322108,24.0,0.0,1.0,0.5769230769230808,0.014423076923076986
7.6000000000000005,26.67854711322108,26.655212762145872,24.0,0.0,1.0,0.5769230769230808,0.014423076923076986
7.7,26.655212762145872,26.63199479163218,24.0,0.0,1.0,0.5769230769230808,0.014423076923076986
7.800000000000001,26.63199479163218,26.60889262122953,24.0,0.0,1.0,0.5769230769230808,0.014423076923076986
7.9,26.60889262122953,26.585905673382456,24.0,0.0,1.0,0.5769230769230808,0.014423076923076986
8.0,26.585905673382456,26.563033373416065,24.0,0.0,1.0,0.5769230769230808,0.014423076923076986
8.1,26.563033373416065,26.54027514952167,24.0,0.0,1.0,0.5769230769230808,0.014423076923076986
8.200000000000001,26.54027514952167,26.517630432742482,24.0,0.0,1.0,0.5769230769230808,0.014423076923076986
8.3,26.517630432742482,26.495098656959406,24.0,0.0,1.0,0.5769230769230808,0.014423076923076986
8.4,26.495098656959406,26.472679258876877,24.0,0.0,1.0,0.5769230769230808,0.014423076923076986
8.5,26.472679258876877,26.45037167800877,24.0,0.0,1.0,0.5769230769230808,0.014423076923076986
8.6,26.45037167800877,26.428175356664404,24.0,0.0,1.0,0.5769230769230808,0.014423076923076986
8.700000000000001,26.428175356664404,26.40608973993459,24.0,0.0,1.0,0.5769230769230808,0.014423076923076986
8.8,26.40608973993459,26.384114275677756,24.0,0.0,1.0,0.5769230769230808,0.014423076923076986
8.9,26.384114275677756,26.362248414506155,24.0,0.0,1.0,0.5769230769230808,0.014423076923076986
9.0,26.362248414506155,26.340491609772116,24.0,0.0,1.0,0.5769230769230808,0.014423076923076986
9.1,26.340491609772116,26.31884331755439,24.0,0.0,1.0,0.5769230769230808,0.014423076923076986
9.200000000000001,26.31884331755439,26.297302996644543,24.0,0.0,1.0,0.5769230769230808,0.014423076923076986
9.3,26.297302996644543,26.27587010853343,24.0,0.0,1.0,0.5769230769230808,0.014423076923076986
9.4,26.27587010853343,26.25454411739773,24.0,0.0,1.0,0.5769230769230808,0.014423076923076986
9.5,26.25454411739773,26.23332449008656,24.0,0.0,1.0,0.5769230769230808,0.014423076923076986
9.600000000000001,26.23332449008656,26.212210696108126,24.0,0.0,1.0,0.5769230769230808,0.014423076923076986
9.700000000000001,26.212210696108126,26.19120220761648,24.0,0.0,1.0,0.5769230769230808,0.014423076923076986
9.8,26.19120220761648,26.170298499398317,24.0,0.0,1.0,0.5769230769230808,0.014423076923076986
9.9,26.170298499398317,26.14949904885984,24.0,0.0,1.0,0.5769230769230808,0.014423076923076986
10.0,26.14949904885984,26.128803336013707,24.0,0.0,1.0,0.5769230769230808,0.014423076923076986
10.100000000000001,26.128803336013707,26.108210843466015,24.0,0.0,1.0,0.5769230769230808,0.014423076923076986
10.200000000000001,26.108210843466015,26.08772105640338,24.0,0.0,1.0,0.5769230769230808,0.014423076923076986
10.3,26.08772105640338,26.06733346258006,24.0,0.0,1.0,0.5769230769230808,0.014423076923076986
10.4,26.06733346258006,26.04704755230514,24.0,0.0,1.0,0.5769230769230808,0.014423076923076986
10.5,26.04704755230514,26.026862818429816,24.0,0.0,1.0,0.5769230769230808,0.014423076923076986
10.600000000000001,26.026862818429816,26.006778756334683,24.0,0.0,1.0,0.5769230769230808,0.014423076923076986
10.700000000000001,26.006778756334683,25.986794863917144,24.0,0.0,1.0,0.5769230769230808,0.014423076923076986
10.8,25.986794863917144,25.96691064157885,24.0,0.0,1.0,0.5769230769230808,0.014423076923076986
10.9,25.96691064157885,25.947125592213204,24.0,0.0,1.0,0.5769230769230808,0.014423076923076986
11.0,25.947125592213204,25.927439221192945,24.0,0.0,1.0,0.5769230769230808,0.014423076923076986
11.100000000000001,25.927439221192945,25.90785103635777,24.0,0.0,1.0,0.5769230769230808,0.014423076923076986
11.200000000000001,25.90785103635777,25.888360548002037,24.0,0.0,1.0,0.5769230769230808,0.014423076923076986
11.3,25.888360548002037,25.868967268862523,24.0,0.0,1.0,0.5769230769230808,0.014423076923076986
11.4,25.868967268862523,25.84967071410624,24.0,0.0,1.0,0.5769230769230808,0.014423076923076986
11.5,25.84967071410624,25.830470401318312,24.0,0.0,1.0,0.5769230769230808,0.014423076923076986
11.600000000000001,25.830470401318312,25.81136585048992,24.0,0.0,1.0,0.5769230769230808,0.014423076923076986
11.700000000000001,25.81136585048992,25.792356584006303,24.0,0.0,1.0,0.5769230769230808,0.014423076923076986
11.8,25.792356584006303,25.773442126634805,24.0,0.0,1.0,0.5769230769230808,0.014423076923076986
11.9,25.773442126634805,25.754622005513006,24.0,0.0,1.0,0.5769230769230808,0.014423076923076986
12.0,25.754622005513006,25.735895750136898,24.0,0.0,1.0,0.5769230769230808,0.028846153846153973
12.100000000000001,25.735895750136898,25.71726289234912,24.0,0.0,1.0,0.5769230769230808,0.028846153846153973
12.200000000000001,25.71726289234912,25.698722966327257,24.0,0.0,0.9956822346985822,0.5769230769230808,0.028846153846153973
12.3,25.698722966327257,25.680275508572194,24.0,0.0,0.9898862859349903,0.5769230769230808,0.028846153846153973
12.4,25.680275508572194,25.66192005789653,24.0,0.0,0.9840904704279508,0.5769230769230808,0.028846153846153973
12.5,25.66192005789653,25.643656155413037,24.0,0.0,0.9782947875128465,0.5769230769230808,0.028846153846153973
12.600000000000001,25.643656155413037,25.625483344523204,24.0,0.0,0.9724992365283686,0.5769230769230808,0.028846153846153973
12.700000000000001,25.625483344523204,25.60740117090581,24.0,0.0,0.9667038168165124,0.5769230769230808,0.028846153846153973
12.8,25.60740117090581,25.589409182505577,24.0,0.0,0.9609085277225519,0.5769230769230808,0.028846153846153973
12.9,25.589409182505577,25.571506929521853,24.0,0.0,0.9551133685950296,0.5769230769230808,0.028846153846153973
13.0,25.571506929521853,25.553693964397382,24.0,0.0,0.9493183387857326,0.5769230769230808,0.028846153846153973
13.100000000000001,25.553693964397382,25.535969841807113,24.0,0.0,0.9435234376496844,0.5769230769230808,0.028846153846153973
13.200000000000001,25.535969841807113,25.51833411864705,24.0,0.0,0.9377286645451262,0.5769230769230808,0.028846153846153973
13.3,25.51833411864705,25.5007863540232,24.0,0.0,0.9319340188334954,0.5769230769230808,0.028846153846153973
13.4,25.5007863540232,25.483326109240537,24.0,0.0,0.9261394998794185,0.5769230769230808,0.028846153846153973
13.5,25.483326109240537,25.465952947792026,24.0,0.0,0.9203451070506902,0.5769230769230808,0.028846153846153973
13.600000000000001,25.465952947792026,25.44866643534773,24.0,0.0,0.914550839718257,0.5769230769230808,0.028846153846153973
13.700000000000001,25.44866643534773,25.431466139743932,24.0,0.0,0.908756697256204,0.5769230769230808,0.028846153846153973
13.8,25.431466139743932,25.414351630972355,24.0,0.0,0.9029626790417367,0.5769230769230808,0.028846153846153973
13.9,25.414351630972355,25.397322481169383,24.0,0.0,0.89716878445517,0.5769230769230808,0.028846153846153973
14.0,25.397322481169383,25.380378264605383,24.0,0.0,0.8913750128799052,0.5769230769230808,0.028846153846153973
14.100000000000001,25.380378264605383,25.36351855767406,24.0,0.0,0.885581363702421,0.5769230769230808,0.028846153846153973
14.200000000000001,25.36351855767406,25.346915218436116,24.0,0.0,0.8797878363122552,0.5769230769230808,0.028846153846153973
14.3,25.346915218436116,25.330625948018547,24.0,0.0,0.8740943191127771,0.5769230769230808,0.028846153846153973
14.4,25.330625948018547,25.314649174679616,24.0,0.0,0.8685350071834634,0.5769230769230808,0.028846153846153973
14.5,25.314649174679616,25.2989833345432,24.0,0.0,0.8631098951841176,0.5769230769230808,0.028846153846153973
14.600000000000001,25.2989833345432,25.283626871559424,24.0,0.0,0.8578189778012127,0.5769230769230808,0.028846153846153973
14.700000000000001,25.283626871559424,25.26857823746551,24.0,0.0,0.8526622497477642,0.5769230769230808,0.028846153846153973
14.8,25.26857823746551,25.253835891746782,24.0,0.0,0.8476397057631943,0.5769230769230808,0.028846153846153973
14.9,25.253835891746782,25.23939830159792,24.0,0.0,0.8427513406131985,0.5769230769230808,0.028846153846153973
15.0,25.23939830159792,25.225263941884354,24.0,0.0,0.837997149089618,0.5769230769230808,0.028846153846153973
15.100000000000001,25.225263941884354,25.2114312951039,24.0,0.0,0.833377126010304,0.5769230769230808,0.028846153846153973
15.200000000000001,25.2114312951039,25.197898851348544,24.0,0.0,0.8288912662189958,0.5769230769230808,0.028846153846153973
15.3,25.197898851348544,25.184665108266454,24.0,0.0,0.8245395645851805,0.5769230769230808,0.028846153846153973
15.4,25.184665108266454,25.171728571024158,24.0,0.0,0.8203220160039743,0.5769230769230808,0.028846153846153973
15.5,25.171728571024158,25.159087752268924,24.0,0.0,0.8162386153959882,0.5769230769230808,0.028846153846153973
15.600000000000001,25.159087752268924,25.146741172091325,24.0,0.0,0.812289357707206,0.5769230769230808,0.028846153846153973
15.700000000000001,25.146741172091325,25.134687357987982,24.0,0.0,0.8084742379088544,0.5769230769230808,0.028846153846153973
15.8,25.134687357987982,25.122924844824507,24.0,0.0,0.8047932509972758,0.5769230769230808,0.028846153846153973
15.9,25.122924844824507,25.11145217479863,24.0,0.0,0.8012463919938029,0.5769230769230808,0.028846153846153973
16.0,25.11145217479863,25.100267897403494,24.0,0.0,0.7978336559446387,0.5769230769230808,0.028846153846153973
16.1,25.100267897403494,25.089370569391168,24.0,0.0,0.794555037920725,0.5769230769230808,0.028846153846153973
16.2,25.089370569391168,25.078758754736295,24.0,0.0,0.7914105330176265,0.5769230769230808,0.028846153846153973
16.3,25.078758754736295,25.068427039011812,24.0,0.0,0.788400136355401,0.5769230769230808,0.028846153846153973
16.400000000000002,25.068427039011812,25.058368670405855,24.0,0.0,0.78552153220381,0.5769230769230808,0.028846153846153973
16.5,25.058368670405855,25.04857693099444,24.0,0.0,0.7827716137880825,0.5769230769230808,0.028846153846153973
16.6,25.04857693099444,25.039045136571374,24.0,0.0,0.7801472745055189,0.5769230769230808,0.028846153846153973
16.7,25.039045136571374,25.02976663647904,24.0,0.0,0.7776454079246296,0.5769230769230808,0.028846153846153973
16.8,25.02976663647904,25.020734813440004,24.0,0.0,0.7752629077842793,0.5769230769230808,0.028846153846153973
16.900000000000002,25.020734813440004,25.0119430833895,24.0,0.0,0.7729966679928364,0.5769230769230808,0.028846153846153973
17.0,25.0119430833895,25.00338489530872,24.0,0.0,0.7708435826273229,0.5769230769230808,0.028846153846153973
17.1,25.00338489530872,24.995053731058974,24.0,0.0,0.7688005459325711,0.5769230769230808,0.028846153846153973
17.2,24.995053731058974,24.986943105216653,24.0,0.0,0.7668644523203876,0.5769230769230808,0.028846153846153973
17.3,24.986943105216653,24.97904656490905,24.0,0.0,0.7650321963687121,0.5769230769230808,0.028846153846153973
17.400000000000002,24.97904656490905,24.971357689650976,24.0,0.0,0.7633006728207948,0.5769230769230808,0.028846153846153973
17.5,24.971357689650976,24.96387009118221,24.0,0.0,0.7616667765843598,0.5769230769230808,0.028846153846153973
17.6,24.96387009118221,24.956577413305773,24.0,0.0,0.7601274027307888,0.5769230769230808,0.028846153846153973
17.7,24.956577413305773,24.949473331727,24.0,0.0,0.7586794464943042,0.5769230769230808,0.028846153846153973
17.8,24.949473331727,24.94255155389342,24.0,0.0,0.7573198032711471,0.5769230769230808,0.028846153846153973
17.900000000000002,24.94255155389342,24.935805818835455,24.0,0.0,0.7560453686187749,0.5769230769230808,0.028846153846153973
18.0,24.935805818835455,24.929229897007893,24.0,0.0,0.7548530382550511,0.5769230769230808,0.028846153846153973
18.1,24.929229897007893,24.92281759013218,24.0,0.0,0.7537397080574421,0.5769230769230808,0.028846153846153973
18.2,24.92281759013218,24.916562731039498,24.0,0.0,0.7527022740622196,0.5769230769230808,0.028846153846153973
18.3,24.916562731039498,24.910459183514615,24.0,0.0,0.7517376324636709,0.5769230769230808,0.028846153846153973
18.400000000000002,24.910459183514615,24.904500934344828,24.0,0.0,0.7508426796132994,0.5769230769230808,0.028846153846153973
18.5,24.904500934344828,24.898682124269286,24.0,0.0,0.7500143654798017,0.5769230769230808,0.028846153846153973
18.6,24.898682124269286,24.892997047204286,24.0,0.0,0.749249711948535,0.5769230769230808,0.028846153846153973
18.7,24.892997047204286,24.887440149472475,24.0,0.0,0.7485458128164323,0.5769230769230808,0.028846153846153973
18.8,24.887440149472475,24.882006029035914,24.0,0.0,0.7478998337869427,0.5769230769230808,0.028846153846153973
18.900000000000002,24.882006029035914,24.876689434733013,24.0,0.0,0.7473090124649916,0.5769230769230808,0.028846153846153973
19.0,24.876689434733013,24.871485265519304,24.0,0.0,0.7467706583519711,0.5769230769230808,0.028846153846153973
19.1,24.871485265519304,24.866388569712036,24.0,0.0,0.7462821528407524,0.5769230769230808,0.028846153846153973
19.200000000000003,24.866388569712036,24.86139454423856,24.0,0.0,0.7458409492107287,0.5769230769230808,0.028846153846153973
19.3,24.86139454423856,24.856498533888512,24.0,0.0,0.7454445726228732,0.5769230769230808,0.028846153846153973
19.400000000000002,24.856498533888512,24.851696030569745,24.0,0.0,0.7450906201148315,0.5769230769230808,0.028846153846153973
19.5,24.851696030569745,24.846982672568018,24.0,0.0,0.744776760596032,0.5769230769230808,0.028846153846153973
19.6,24.846982672568018,24.842354243810398,24.0,0.0,0.7445007348428282,0.5769230769230808,0.028846153846153973
19.700000000000003,24.842354243810398,24.83780667313237,24.0,0.0,0.7442603554936544,0.5769230769230808,0.028846153846153973
19.8,24.83780667313237,24.83333603354865,24.0,0.0,0.7440535070442125,0.5769230769230808,0.028846153846153973
19.900000000000002,24.83333603354865,24.82893854152765,24.0,0.0,0.743878145842688,0.5769230769230808,0.028846153846153973
20.0,24.82893854152765,24.824610556269587,24.0,0.0,0.7437323000849778,0.5769230769230808,0.028846153846153973
20.1,24.824610556269587,24.82034857898826,24.0,0.0,0.7436140698099505,0.5769230769230808,0.028846153846153973
20.200000000000003,24.82034857898826,24.816149252196404,24.0,0.0,0.7435216268947278,0.5769230769230808,0.028846153846153973
20.3,24.816149252196404,24.812009358994654,24.0,0.0,0.743453215049993,0.5769230769230808,0.028846153846153973
20.400000000000002,24.812009358994654,24.80792582236409,24.0,0.0,0.7434071498153144,0.5769230769230808,0.028846153846153973
20.5,24.80792582236409,24.803895702329246,24.0,0.0,0.7433818185545011,0.5769230769230808,0.028846153846153973
20.6,24.803895702329246,24.79991619240511,24.0,0.0,0.7433756792141943,0.5769230769230808,0.028846153846153973
20.700000000000003,24.79991619240511,24.795984616062064,24.0,0.0,0.7433872586591307,0.5769230769230808,0.028846153846153973
20.8,24.795984616062064,24.792098423208643,24.0,0.0,0.7434151510075525,0.5769230769230808,0.028846153846153973
20.900000000000002,24.792098423208643,24.78825518669203,24.0,0.0,0.7434580159667572,0.5769230769230808,0.028846153846153973
21.0,24.78825518669203,24.784452598816234,24.0,0.0,0.7435145771687848,0.5769230769230808,0.028846153846153973
21.1,24.784452598816234,24.780688467877805,24.0,0.0,0.7435836205062567,0.5769230769230808,0.028846153846153973
21.200000000000003,24.780688467877805,24.776960714719035,24.0,0.0,0.7436639924683495,0.5769230769230808,0.028846153846153973
21.3,24.776960714719035,24.77326736929854,24.0,0.0,0.7437545984769021,0.5769230769230808,0.028846153846153973
21.400000000000002,24.77326736929854,24.769606567279173,24.0,0.0,0.7438544012226704,0.5769230769230808,0.028846153846153973
21.5,24.769606567279173,24.76597654663309,24.0,0.0,0.7439624190017249,0.5769230769230808,0.028846153846153973
21.6,24.76597654663309,24.76237564426401,24.0,0.0,0.7440777240519656,0.5769230769230808,0.028846153846153973
21.700000000000003,24.76237564426401,24.758802292646468,24.0,0.0,0.7441994408897967,0.5769230769230808,0.028846153846153973
21.8,24.758802292646468,24.755255016482035,24.0,0.0,0.7443267446469249,0.5769230769230808,0.028846153846153973
21.900000000000002,24.755255016482035,24.75173242937241,24.0,0.0,0.7444588594072965,0.5769230769230808,0.028846153846153973
22.0,24.75173242937241,24.7482332305093,24.0,0.0,0.7445950565441639,0.5769230769230808,0.028846153846153973
22.1,24.7482332305093,24.744756201380984,24.0,0.0,0.7447346530573,0.5769230769230808,0.028846153846153973
22.200000000000003,24.744756201380984,24.7413002024955,24.0,0.0,0.7448770099103321,0.5769230769230808,0.028846153846153973
22.3,24.7413002024955,24.737864170120357,24.0,0.0,0.7450215303682124,0.5769230769230808,0.028846153846153973
22.400000000000002,24.737864170120357,24.734447113038712,24.0,0.0,0.745167658334824,0.5769230769230808,0.028846153846153973
22.5,24.734447113038712,24.731048109321886,24.0,0.0,0.7453148766907174,0.5769230769230808,0.028846153846153973
22.6,24.731048109321886,24.72766630316752,24.0,0.0,0.7454627056309772,0.5769230769230808,0.028846153846153973
22.700000000000003,24.72766630316752,24.724300901819937,24.0,0.0,0.7456107010318265,0.5769230769230808,0.028846153846153973
22.8,24.724300901819937,24.720951172572253,24.0,0.0,0.7457584528557781,0.5769230769230808,0.028846153846153973
22.900000000000002,24.720951172572253,24.717616439849884,24.0,0.0,0.7459055835953032,0.5769230769230808,0.028846153846153973
23.0,24.717616439849884,24.71429608237498,24.0,0.0,0.746051746755042,0.5769230769230808,0.028846153846153973
23.1,24.71429608237498,24.71098953041141,24.0,0.0,0.7461966253725246,0.5769230769230808,0.028846153846153973
23.200000000000003,24.71098953041141,24.707696263089893,24.0,0.0,0.7463399305774219,0.5769230769230808,0.028846153846153973
23.3,24.707696263089893,24.704415805812843,24.0,0.0,0.7464814001893059,0.5769230769230808,0.028846153846153973
23.400000000000002,24.704415805812843,24.70114772773855,24.0,0.0,0.7466207973539294,0.5769230769230808,0.028846153846153973
23.5,24.70114772773855,24.697891639344288,24.0,0.0,0.7467579092180067,0.5769230769230808,0.028846153846153973
23.6,24.697891639344288,24.694647190067947,24.0,0.0,0.746892545642502,0.5769230769230808,0.028846153846153973
23.700000000000003,24.694647190067947,24.69141406602779,24.0,0.0,0.7470245379544243,0.5769230769230808,0.028846153846153973
23.8,24.69141406602779,24.688191987819952,24.0,0.0,0.7471537377371058,0.5769230769230808,0.028846153846153973
23.900000000000002,24.688191987819952,24.68498070839329,24.0,0.0,0.7472800156589878,0.5769230769230808,0.028846153846153973
24.0,24.68498070839329,24.681780011001155,24.0,0.0,0.7474032603408944,0.5769230769230808,0.028846153846153973
24.1,24.681780011001155,24.67858970722975,24.0,0.0,0.7475233772617815,0.5769230769230808,0.028846153846153973
24.200000000000003,24.67858970722975,24.675409635102653,24.0,0.0,0.7476402877029802,0.5769230769230808,0.028846153846153973
24.3,24.675409635102653,24.672239657261134,24.0,0.0,0.7477539277309122,0.5769230769230808,0.028846153846153973
24.400000000000002,24.672239657261134,24.669079659219864,24.0,0.0,0.7478642472182888,0.5769230769230808,0.028846153846153973
24.5,24.669079659219864,24.665929547697672,24.0,0.0,0.7479712089037677,0.5769230769230808,0.028846153846153973
24.6,24.665929547697672,24.662789249022918,24.0,0.0,0.7480747874900924,0.5769230769230808,0.028846153846153973
24.700000000000003,24.662789249022918,24.659658707612017,24.0,0.0,0.7481749687806849,0.5769230769230808,0.028846153846153973
24.8,24.659658707612017,24.65653788451917,24.0,0.0,0.748271748854046,0.5769230769230808,0.028846153846153973
24.900000000000002,24.65653788451917,24.65342675605544,24.0,0.0,0.7483651332750554,0.5769230769230808,0.028846153846153973
25.0,24.65342675605544,24.65032531247525,24.0,0.0,0.7484551363422927,0.5769230769230808,0.028846153846153973
25.1,24.65032531247525,24.647233556728494,24.0,0.0,0.7485417803704779,0.5769230769230808,0.028846153846153973
25.200000000000003,24.647233556728494,24.644151503276326,24.0,0.0,0.7486250950071435,0.5769230769230808,0.028846153846153973
25.3,24.644151503276326,24.64107917696882,24.0,0.0,0.7487051165826513,0.5769230769230808,0.028846153846153973
25.400000000000002,24.64107917696882,24.638016611982625,24.0,0.0,0.7487818874926536,0.5769230769230808,0.028846153846153973
25.5,24.638016611982625,24.634963850816824,24.0,0.0,0.7488554556121065,0.5769230769230808,0.028846153846153973
25.6,24.634963850816824,24.631920943345108,24.0,0.0,0.7489258737399622,0.5769230769230808,0.028846153846153973
25.700000000000003,24.631920943345108,24.628887945922504,24.0,0.0,0.7489931990736215,0.5769230769230808,0.028846153846153973
25.8,24.628887945922504,24.625864920544817,24.0,0.0,0.7490574927122802,0.5769230769230808,0.028846153846153973
25.900000000000002,24.625864920544817,24.622851934059,24.0,0.0,0.7491188191882634,0.5769230769230808,0.028846153846153973
26.0,24.622851934059,24.619849057422652,24.0,0.0,0.749177246025462,0.5769230769230808,0.028846153846153973
26.1,24.619849057422652,24.61685636501087,24.0,0.0,0.7492328433239804,0.5769230769230808,0.028846153846153973
26.200000000000003,24.61685636501087,24.613873933968698,24.0,0.0,0.7492856833701002,0.5769230769230808,0.028846153846153973
26.3,24.613873933968698,24.610901843607373,24.0,0.0,0.7493358402706789,0.5769230769230808,0.028846153846153973
26.400000000000002,24.610901843607373,24.607940174842657,24.0,0.0,0.7493833896110893,0.5769230769230808,0.028846153846153973
26.5,24.607940174842657,24.604989009673474,24.0,0.0,0.7494284081357996,0.5769230769230808,0.028846153846153973
26.6,24.604989009673474,24.602048430699142,24.0,0.0,0.7494709734507138,0.5769230769230808,0.028846153846153973
26.700000000000003,24.602048430699142,24.59911852067346,24.0,0.0,0.749511163746385,0.5769230769230808,0.028846153846153973
26.8,24.59911852067346,24.59619936209396,24.0,0.0,0.7495490575412038,0.5769230769230808,0.028846153846153973
26.900000000000002,24.59619936209396,24.593291036824667,24.0,0.0,0.7495847334436854,0.5769230769230808,0.028846153846153973
27.0,24.593291036824667,24.590393625750806,24.0,0.0,0.7496182699330111,0.5769230769230808,0.028846153846153973
27.1,24.590393625750806,24.58750720846382,24.0,0.0,0.7496497451569883,0.5769230769230808,0.028846153846153973
27.200000000000003,24.58750720846382,24.584631862975236,24.0,0.0,0.7496792367466028,0.5769230769230808,0.028846153846153973
27.3,24.584631862975236,24.581767665457924,24.0,0.0,0.7497068216463871,0.5769230769230808,0.028846153846153973
27.400000000000002,24.581767665457924,24.578914690013235,24.0,0.0,0.7497325759598361,0.5769230769230808,0.028846153846153973
27.5,24.578914690013235,24.57607300846273,24.0,0.0,0.749756574809092,0.5769230769230808,0.028846153846153973
27.6,24.57607300846273,24.57324269016306,24.0,0.0,0.7497788922082113,0.5769230769230808,0.028846153846153973
27.700000000000003,24.57324269016306,24.570423801842782,24.0,0.0,0.7497996009492573,0.5769230769230808,0.028846153846153973
27.8,24.570423801842782,24.56761640745977,24.0,0.0,0.7498187725005669,0.5769230769230808,0.028846153846153973
27.900000000000002,24.56761640745977,24.56482056807806,24.0,0.0,0.7498364769165016,0.5769230769230808,0.028846153846153973
28.0,24.56482056807806,24.562036341762905,24.0,0.0,0.7498527827580469,0.5769230769230808,0.028846153846153973
28.1,24.562036341762905,24.559263783492966,24.0,0.0,0.7498677570236206,0.5769230769230808,0.028846153846153973
28.200000000000003,24.559263783492966,24.556502945088454,24.0,0.0,0.7498814650895009,0.5769230769230808,0.028846153846153973
28.3,24.556502945088454,24.553753875154246,24.0,0.0,0.7498939706592681,0.5769230769230808,0.028846153846153973
28.400000000000002,24.553753875154246,24.55101661903694,24.0,0.0,0.7499053357217088,0.5769230769230808,0.028846153846153973
28.5,24.55101661903694,24.548291218794844,24.0,0.0,0.7499156205166384,0.5769230769230808,0.028846153846153973
28.6,24.548291218794844,24.545577713180013,24.0,0.0,0.749924883508107,0.5769230769230808,0.028846153846153973
28.700000000000003,24.545577713180013,24.54287613763141,24.0,0.0,0.7499331813644925,0.5769230769230808,0.028846153846153973
28.8,24.54287613763141,24.540186524278347,24.0,0.0,0.7499405689450047,0.5769230769230808,0.028846153846153973
28.900000000000002,24.540186524278347,24.537508901953398,24.0,0.0,0.7499470992921176,0.5769230769230808,0.028846153846153973
29.0,24.537508901953398,24.534843296214003,24.0,0.0,0.7499528236295125,0.5769230769230808,0.028846153846153973
29.1,24.534843296214003,24.53218972937202,24.0,0.0,0.7499577913650943,0.5769230769230808,0.028846153846153973
29.200000000000003,24.53218972937202,24.529548220530543,24.0,0.0,0.7499620500986779,0.5769230769230808,0.028846153846153973
29.3,24.529548220530543,24.52691878562728,24.0,0.0,0.749965645633971,0.5769230769230808,0.028846153846153973
29.400000000000002,24.52691878562728,24.524301437483917,24.0,0.0,0.7499686219944752,0.5769230769230808,0.028846153846153973
29.5,24.524301437483917,24.521696185860797,24.0,0.0,0.7499710214429689,0.5769230769230808,0.028846153846153973
29.6,24.521696185860797,24.519103037516416,24.0,0.0,0.749972884504229,0.5769230769230808,0.028846153846153973
29.700000000000003,24.519103037516416,24.516521996271145,24.0,0.0,0.7499742499906911,0.5769230769230808,0.028846153846153973
29.8,24.516521996271145,24.5139530630747,24.0,0.0,0.7499751550307397,0.5769230769230808,0.028846153846153973
29.900000000000002,24.5139530630747,24.51139623607688,24.0,0.0,0.7499756350993515,0.5769230769230808,0.028846153846153973
30.0,24.51139623607688,24.508851510701124,24.0,0.0,0.7499757240508321,0.5769230769230808,0.028846153846153973
30.1,24.508851510701124,24.50631887972044,24.0,0.0,0.7499754541533799,0.5769230769230808,0.028846153846153973
30.200000000000003,24.50631887972044,24.503798333335357,24.0,0.0,0.749974856125255,0.5769230769230808,0.028846153846153973
30.3,24.503798333335357,24.5012898592535,24.0,0.0,0.7499739591723291,0.5769230769230808,0.028846153846153973
30.400000000000002,24.5012898592535,24.498793442770438,24.0,0.0,0.7499727910267968,0.5769230769230808,0.028846153846153973
30.5,24.498793442770438,24.4963090668515,24.0,0.0,0.749971377986868,0.5769230769230808,0.028846153846153973
30.6,24.4963090668515,24.493836712214247,24.0,0.0,0.7499697449572438,0.5769230769230808,0.028846153846153973
30.700000000000003,24.493836712214247,24.49137635741134,24.0,0.0,0.7499679154902164,0.5769230769230808,0.028846153846153973
30.8,24.49137635741134,24.488927978913516,24.0,0.0,0.7499659118272262,0.5769230769230808,0.028846153846153973
30.900000000000002,24.488927978913516,24.486491551192454,24.0,0.0,0.7499637549407319,0.5769230769230808,0.028846153846153973
31.0,24.486491551192454,24.484067046803332,24.0,0.0,0.7499614645762515,0.5769230769230808,0.028846153846153973
31.1,24.484067046803332,24.481654436466822,24.0,0.0,0.7499590592944599,0.5769230769230808,0.028846153846153973
31.200000000000003,24.481654436466822,24.479253689150386,24.0,0.0,0.7499565565132047,0.5769230769230808,0.028846153846153973
31.3,24.479253689150386,24.476864772148687,24.0,0.0,0.7499539725493485,0.5769230769230808,0.028846153846153973
31.400000000000002,24.476864772148687,24.474487651162963,24.0,0.0,0.7499513226603356,0.5769230769230808,0.028846153846153973
31.5,24.474487651162963,24.47212229037922,24.0,0.0,0.7499486210853881,0.5769230769230808,0.028846153846153973
31.6,24.47212229037922,24.469768652545152,24.0,0.0,0.7499458810862464,0.5769230769230808,0.028846153846153973
31.700000000000003,24.469768652545152,24.467426699045614,24.0,0.0,0.7499431149873943,0.5769230769230808,0.028846153846153973
31.8,24.467426699045614,24.465096389976637,24.0,0.0,0.7499403342156767,0.5769230769230808,0.028846153846153973
31.900000000000002,24.465096389976637,24.462777684217812,24.0,0.0,0.7499375493392764,0.5769230769230808,0.028846153846153973
32.0,24.462777684217812,24.460470539503028,24.0,0.0,0.7499347701059674,0.5769230769230808,0.028846153846153973
32.1,24.460470539503028,24.458174912489465,24.0,0.0,0.7499320054806198,0.5769230769230808,0.028846153846153973
32.2,24.458174912489465,24.45589075882482,24.0,0.0,0.7499292636818993,0.5769230769230808,0.028846153846153973
32.300000000000004,24.45589075882482,24.453618033212678,24.0,0.0,0.7499265522181382,0.5769230769230808,0.028846153846153973
32.4,24.453618033212678,24.451356689476015,24.0,0.0,0.7499238779223225,0.5769230769230808,0.028846153846153973
32.5,24.451356689476015,24.44910668061882,24.0,0.0,0.7499212469861977,0.5769230769230808,0.028846153846153973
32.6,24.44910668061882,24.44686795888577,24.0,0.0,0.7499186649934466,0.5769230769230808,0.028846153846153973
32.7,24.44686795888577,24.444640475819984,24.0,0.0,0.7499161369519342,0.5769230769230808,0.028846153846153973
32.800000000000004,24.444640475819984,24.442424182318824,24.0,0.0,0.7499136673250009,0.5769230769230808,0.028846153846153973
32.9,24.442424182318824,24.440219028687746,24.0,0.0,0.7499112600617898,0.5769230769230808,0.028846153846153973
33.0,24.440219028687746,24.43802496469221,24.0,0.0,0.7499089186266135,0.5769230769230808,0.028846153846153973
33.1,24.43802496469221,24.43584193960765,24.0,0.0,0.7499066460273398,0.5769230769230808,0.028846153846153973
33.2,24.43584193960765,24.433669902267507,24.0,0.0,0.7499044448428067,0.5769230769230808,0.028846153846153973
33.300000000000004,24.433669902267507,24.431508801109384,24.0,0.0,0.7499023172492659,0.5769230769230808,0.028846153846153973
33.4,24.431508801109384,24.429358584219266,24.0,0.0,0.7499002650458567,0.5769230769230808,0.028846153846153973
33.5,24.429358584219266,24.427219199373916,24.0,0.0,0.7498982896791131,0.5769230769230808,0.028846153846153973
33.6,24.427219199373916,24.42509059408142,24.0,0.0,0.7498963922665283,0.5769230769230808,0.028846153846153973
33.7,24.42509059408142,24.422972715619917,24.0,0.0,0.7498945736191703,0.5769230769230808,0.028846153846153973
33.800000000000004,24.422972715619917,24.42086551107456,24.0,0.0,0.7498928342633597,0.5769230769230808,0.028846153846153973
33.9,24.42086551107456,24.418768927372753,24.0,0.0,0.7498911744614457,0.5769230769230808,0.028846153846153973
34.0,24.418768927372753,24.416682911317654,24.0,0.0,0.7498895942316709,0.5769230769230808,0.028846153846153973
34.1,24.416682911317654,24.414607409620046,24.0,0.0,0.7498880933671456,0.5769230769230808,0.028846153846153973
34.2,24.414607409620046,24.412542368928566,24.0,0.0,0.7498866714539684,0.5769230769230808,0.028846153846153973
34.300000000000004,24.412542368928566,24.410487735858357,24.0,0.0,0.7498853278884852,0.5769230769230808,0.028846153846153973
34.4,24.410487735858357,24.408443457018187,24.0,0.0,0.7498840618937253,0.5769230769230808,0.028846153846153973
34.5,24.408443457018187,24.406409479036057,24.0,0.0,0.7498828725350257,0.5769230769230808,0.028846153846153973
34.6,24.406409479036057,24.404385748583373,24.0,0.0,0.7498817587348624,0.5769230769230808,0.028846153846153973
34.7,24.404385748583373,24.402372212397708,24.0,0.0,0.7498807192869197,0.5769230769230808,0.028846153846153973
34.800000000000004,24.402372212397708,24.40036881730419,24.0,0.0,0.7498797528694142,0.5769230769230808,0.028846153846153973
34.9,24.40036881730419,24.398375510235592,24.0,0.0,0.7498788580576856,0.5769230769230808,0.028846153846153973
35.0,24.398375510235592,24.396392238251124,24.0,0.0,0.7498780333360967,0.5769230769230808,0.028846153846153973
35.1,24.396392238251124,24.394418948554037,24.0,0.0,0.7498772771092435,0.5769230769230808,0.028846153846153973
35.2,24.394418948554037,24.392455588508,24.0,0.0,0.7498765877125221,0.5769230769230808,0.028846153846153973
35.300000000000004,24.392455588508,24.39050210565238,24.0,0.0,0.7498759634220429,0.5769230769230808,0.028846153846153973
35.4,24.39050210565238,24.38855844771641,24.0,0.0,0.7498754024639522,0.5769230769230808,0.028846153846153973
35.5,24.38855844771641,24.3866245626323,24.0,0.0,0.7498749030231507,0.5769230769230808,0.028846153846153973
35.6,24.3866245626323,24.384700398547363,24.0,0.0,0.7498744632514495,0.5769230769230808,0.028846153846153973
35.7,24.384700398547363,24.382785903835167,24.0,0.0,0.7498740812751804,0.5769230769230808,0.028846153846153973
35.800000000000004,24.382785903835167,24.380881027105772,24.0,0.0,0.7498737552022843,0.5769230769230808,0.028846153846153973
35.9,24.380881027105772,24.378985717215073,24.0,0.0,0.7498734831289002,0.5769230769230808,0.028846153846153973
36.0,24.378985717215073,24.37709992327332,24.0,0.0,0.7498732631454635,0.5769230769230808,0.028846153846153973
36.1,24.37709992327332,24.375223594652834,24.0,0.0,0.749873093342356,0.5769230769230808,0.028846153846153973
36.2,24.375223594652834,24.373356680994956,24.0,0.0,0.7498729718151123,0.5769230769230808,0.028846153846153973
36.300000000000004,24.373356680994956,24.37149913221628,24.0,0.0,0.7498728966692065,0.5769230769230808,0.028846153846153973
36.4,24.37149913221628,24.369650898514188,24.0,0.0,0.7498728660244399,0.5769230769230808,0.028846153846153973
36.5,24.369650898514188,24.367811930371754,24.0,0.0,0.7498728780189473,0.5769230769230808,0.028846153846153973
36.6,24.367811930371754,24.365982178562007,24.0,0.0,0.7498729308128468,0.5769230769230808,0.028846153846153973
36.7,24.365982178562007,24.36416159415163,24.0,0.0,0.7498730225915365,0.5769230769230808,0.028846153846153973
36.800000000000004,24.36416159415163,24.362350128504097,24.0,0.0,0.7498731515686788,0.5769230769230808,0.028846153846153973
36.9,24.362350128504097,24.360547733282313,24.0,0.0,0.7498733159888651,0.5769230769230808,0.028846153846153973
37.0,24.360547733282313,24.358754360450728,24.0,0.0,0.7498735141299964,0.5769230769230808,0.028846153846153973
37.1,24.358754360450728,24.356969962277034,24.0,0.0,0.749873744305382,0.5769230769230808,0.028846153846153973
37.2,24.356969962277034,24.355194491333403,24.0,0.0,0.7498740048655886,0.5769230769230808,0.028846153846153973
37.300000000000004,24.355194491333403,24.35342790049734,24.0,0.0,0.7498742942000324,0.5769230769230808,0.028846153846153973
37.4,24.35342790049734,24.351670142952152,24.0,0.0,0.7498746107383539,0.5769230769230808,0.028846153846153973
37.5,24.351670142952152,24.349921172187067,24.0,0.0,0.7498749529515685,0.5769230769230808,0.028846153846153973
37.6,24.349921172187067,24.348180941997025,24.0,0.0,0.7498753193530204,0.5769230769230808,0.028846153846153973
37.7,24.348180941997025,24.346449406482183,24.0,0.0,0.7498757084991421,0.5769230769230808,0.028846153846153973
37.800000000000004,24.346449406482183,24.344726520047114,24.0,0.0,0.7498761189900469,0.5769230769230808,0.028846153846153973
37.9,24.344726520047114,24.343012237399762,24.0,0.0,0.749876549469951,0.5769230769230808,0.028846153846153973
38.0,24.343012237399762,24.34130651355016,24.0,0.0,0.7498769986274394,0.5769230769230808,0.028846153846153973
38.1,24.34130651355016,24.339609303808917,24.0,0.0,0.7498774651956012,0.5769230769230808,0.028846153846153973
38.2,24.339609303808917,24.337920563785534,24.0,0.0,0.7498779479520261,0.5769230769230808,0.028846153846153973
38.300000000000004,24.337920563785534,24.33624024938649,24.0,0.0,0.7498784457186867,0.5769230769230808,0.028846153846153973
38.400000000000006,24.33624024938649,24.334568316813204,24.0,0.0,0.7498789573616982,0.5769230769230808,0.028846153846153973
38.5,24.334568316813204,24.332904722559835,24.0,0.0,0.7498794817909953,0.5769230769230808,0.028846153846153973
38.6,24.332904722559835,24.331249423410934,24.0,0.0,0.7498800179598974,0.5769230769230808,0.028846153846153973
38.7,24.331249423410934,24.329602376438995,24.0,0.0,0.7498805648646015,0.5769230769230808,0.028846153846153973
38.800000000000004,24.329602376438995,24.32796353900189,24.0,0.0,0.7498811215435951,0.5769230769230808,0.028846153846153973
38.900000000000006,24.32796353900189,24.326332868740206,24.0,0.0,0.7498816870770009,0.5769230769230808,0.028846153846153973
39.0,24.326332868740206,24.32471032357452,24.0,0.0,0.7498822605858574,0.5769230769230808,0.028846153846153973
39.1,24.32471032357452,24.323095861702573,24.0,0.0,0.7498828412313505,0.5769230769230808,0.028846153846153973
39.2,24.323095861702573,24.32148944159641,24.0,0.0,0.7498834282139838,0.5769230769230808,0.028846153846153973
39.300000000000004,24.32148944159641,24.319891021999457,24.0,0.0,0.7498840207727251,0.5769230769230808,0.028846153846153973
39.400000000000006,24.319891021999457,24.31830056192357,24.0,0.0,0.7498846181840972,0.5769230769230808,0.028846153846153973
39.5,24.31830056192357,24.316718020646043,24.0,0.0,0.7498852197612507,0.5769230769230808,0.028846153846153973
39.6,24.316718020646043,24.31514335770659,24.0,0.0,0.7498858248530016,0.5769230769230808,0.028846153846153973
39.7,24.31514335770659,24.313576532904314,24.0,0.0,0.7498864328428547,0.5769230769230808,0.028846153846153973
39.800000000000004,24.313576532904314,24.312017506294687,24.0,0.0,0.7498870431479971,0.5769230769230808,0.028846153846153973
39.900000000000006,24.312017506294687,24.310466238186493,24.0,0.0,0.7498876552182931,0.5769230769230808,0.028846153846153973
40.0,24.310466238186493,24.308922689138807,24.0,0.0,0.6603306998276148,0.2884615384615404,0.028846153846153973
40.1,24.308922689138807,24.307386819957966,24.0,0.0,0.6607765684363751,0.2884615384615404,0.028846153846153973
40.2,24.307386819957966,24.305858591694562,24.0,0.0,0.6612202219994727,0.2884615384615404,0.028846153846153973
40.300000000000004,24.305858591694562,24.304337965640446,24.0,0.0,0.6616616713226099,0.2884615384615404,0.028846153846153973
40.400000000000006,24.304337965640446,24.302824903325774,24.0,0.0,0.6621009271694238,0.2884615384615404,0.028846153846153973
40.5,24.302824903325774,24.301319366516065,24.0,0.0,0.6625380002613237,0.2884615384615404,0.028846153846153973
40.6,24.301319366516065,24.29982131720929,24.0,0.0,0.6629729012773192,0.2884615384615404,0.028846153846153973
40.7,24.29982131720929,24.298330717633014,24.0,0.0,0.6634056408538531,0.2884615384615404,0.028846153846153973
40.800000000000004,24.298330717633014,24.296847530241557,24.0,0.0,0.6638362295846382,0.2884615384615404,0.028846153846153973
40.900000000000006,24.296847530241557,24.2953717177132,24.0,0.0,0.6642646780204915,0.2884615384615404,0.028846153846153973
41.0,24.2953717177132,24.293903242947433,24.0,0.0,0.6646909966691762,0.2884615384615404,0.028846153846153973
41.1,24.293903242947433,24.292442069062265,24.0,0.0,0.665115195995246,0.2884615384615404,0.028846153846153973
41.2,24.292442069062265,24.29098815939155,24.0,0.0,0.6655372864198963,0.2884615384615404,0.028846153846153973
41.300000000000004,24.29098815939155,24.289541477482373,24.0,0.0,0.6659572783208193,0.2884615384615404,0.028846153846153973
41.400000000000006,24.289541477482373,24.28810198709251,24.0,0.0,0.6663751820320639,0.2884615384615404,0.028846153846153973
41.5,24.28810198709251,24.28666965218789,24.0,0.0,0.6667910078439085,0.2884615384615404,0.028846153846153973
41.6,24.28666965218789,24.285244436940147,24.0,0.0,0.667204766002733,0.2884615384615404,0.028846153846153973
41.7,24.285244436940147,24.28382630572421,24.0,0.0,0.6676164667109039,0.2884615384615404,0.028846153846153973
41.800000000000004,24.28382630572421,24.282415223115947,24.0,0.0,0.6680261201266655,0.2884615384615404,0.028846153846153973
41.900000000000006,24.282415223115947,24.281011153889843,24.0,0.0,0.6684337363640391,0.2884615384615404,0.028846153846153973
42.0,24.281011153889843,24.283187424915827,24.0,0.0,0.7499002352686464,0.5769230769230808,0.028846153846153973
42.1,24.283187424915827,24.28533505151308,24.0,0.0,0.7519726630478175,0.5769230769230808,0.028846153846153973
42.2,24.28533505151308,24.287454264926975,24.0,0.0,0.7540347602717512,0.5769230769230808,0.028846153846153973
42.300000000000004,24.287454264926975,24.289545294818396,24.0,0.0,0.7560865783901339,0.5769230769230808,0.028846153846153973
42.400000000000006,24.289545294818396,24.29160836927332,24.0,0.0,0.7581281686010067,0.5769230769230808,0.028846153846153973
42.5,24.29160836927332,24.29364371481235,24.0,0.0,0.7601595818517511,0.5769230769230808,0.028846153846153973
42.6,24.29364371481235,24.295651556400227,24.0,0.0,0.7621808688400742,0.5769230769230808,0.028846153846153973
42.7,24.295651556400227,24.297632117455265,24.0,0.0,0.7641920800150032,0.5769230769230808,0.028846153846153973
42.800000000000004,24.297632117455265,24.2995856198588,24.0,0.0,0.7661932655778771,0.5769230769230808,0.028846153846153973
42.900000000000006,24.2995856198588,24.301512283964538,24.0,0.0,0.7681844754833549,0.5769230769230808,0.028846153846153973
43.0,24.301512283964538,24.303412328607916,24.0,0.0,0.7701657594404094,0.5769230769230808,0.028846153846153973
43.1,24.303412328607916,24.305285971115378,24.0,0.0,0.7721371669133426,0.5769230769230808,0.028846153846153973
43.2,24.305285971115378,24.307133427313644,24.0,0.0,0.7740987471227881,0.5769230769230808,0.028846153846153973
43.300000000000004,24.307133427313644,24.308954911538923,24.0,0.0,0.7760505490467312,0.5769230769230808,0.028846153846153973
43.400000000000006,24.308954911538923,24.310750636646084,24.0,0.0,0.7779926214215231,0.5769230769230808,0.028846153846153973
43.5,24.310750636646084,24.312520814017798,24.0,0.0,0.7799250127429032,0.5769230769230808,0.028846153846153973
43.6,24.312520814017798,24.314265653573628,24.0,0.0,0.7818477712670204,0.5769230769230808,0.028846153846153973
43.7,24.314265653573628,24.31598536377908,24.0,0.0,0.7837609450114614,0.5769230769230808,0.028846153846153973
43.800000000000004,24.31598536377908,24.317680151654624,24.0,0.0,0.7856645817562778,0.5769230769230808,0.028846153846153973
43.900000000000006,24.317680151654624,24.31935022278465,24.0,0.0,0.787558729045018,0.5769230769230808,0.028846153846153973
44.0,24.31935022278465,24.317761437533076,24.0,0.0,0.6973231776132619,0.2884615384615404,0.028846153846153973
44.1,24.317761437533076,24.31609788616764,24.0,0.0,0.6977814937066532,0.2884615384615404,0.028846153846153973
44.2,24.31609788616764,24.314360353776767,24.0,0.0,0.6982134439459534,0.2884615384615404,0.028846153846153973
44.300000000000004,24.314360353776767,24.31254961948038,24.0,0.0,0.698619041392173,0.2884615384615404,0.028846153846153973
44.400000000000006,24.31254961948038,24.31066645646972,24.0,0.0,0.6989982996321006,0.2884615384615404,0.028846153846153973
44.5,24.31066645646972,24.308711632046904,24.0,0.0,0.6993512327726881,0.2884615384615404,0.028846153846153973
44.6,24.308711632046904,24.30668590766428,24.0,0.0,0.6996778554354732,0.2884615384615404,0.028846153846153973
44.7,24.30668590766428,24.304590038963504,24.0,0.0,0.6999781827510558,0.2884615384615404,0.028846153846153973
44.800000000000004,24.304590038963504,24.30242477581441,24.0,0.0,0.7002522303536107,0.2884615384615404,0.028846153846153973
44.900000000000006,24.30242477581441,24.300190862353638,24.0,0.0,0.7005000143754518,0.2884615384615404,0.028846153846153973
45.0,24.300190862353638,24.297889037023047,24.0,0.0,0.7007215514416343,0.2884615384615404,0.028846153846153973
45.1,24.297889037023047,24.29552003260786,24.0,0.0,0.7009168586646073,0.2884615384615404,0.028846153846153973
45.2,24.29552003260786,24.29308457627461,24.0,0.0,0.7010859536389032,0.2884615384615404,0.028846153846153973
45.300000000000004,24.29308457627461,24.290583389608834,24.0,0.0,0.7012288544358727,0.2884615384615404,0.028846153846153973
45.400000000000006,24.290583389608834,24.28801718865257,24.0,0.0,0.701345579598463,0.2884615384615404,0.028846153846153973
45.5,24.28801718865257,24.285386683941585,24.0,0.0,0.7014361481360387,0.2884615384615404,0.028846153846153973
45.6,24.285386683941585,24.282692580542406,24.0,0.0,0.7015005795192397,0.2884615384615404,0.028846153846153973
45.7,24.282692580542406,24.279935578089123,24.0,0.0,0.7015388936748873,0.2884615384615404,0.028846153846153973
45.800000000000004,24.279935578089123,24.277116370819947,24.0,0.0,0.7015511109809281,0.2884615384615404,0.028846153846153973
45.900000000000006,24.277116370819947,24.274235647613565,24.0,0.0,0.7015372522614156,0.2884615384615404,0.028846153846153973
46.0,24.274235647613565,24.27496970559672,24.0,0.0,0.780208243409085,0.5769230769230808,0.014423076923076986
46.1,24.27496970559672,24.275681815561995,24.0,0.0,0.7810283293209008,0.5769230769230808,0.014423076923076986
46.2,24.275681815561995,24.27637313897755,24.0,0.0,0.781836779996389,0.5769230769230808,0.014423076923076986
46.300000000000004,24.27637313897755,24.277044830997568,24.0,0.0,0.7826342355327347,0.5769230769230808,0.014423076923076986
46.400000000000006,24.277044830997568,24.277698040472757,24.0,0.0,0.7834213340505294,0.5769230769230808,0.014423076923076986
46.5,24.277698040472757,24.278333909961038,24.0,0.0,0.7841987116907434,0.5769230769230808,0.014423076923076986
46.6,24.278333909961038,24.278953575738402,24.0,0.0,0.784967002611811,0.5769230769230808,0.014423076923076986
46.7,24.278953575738402,24.279558167809924,24.0,0.0,0.7857268389868362,0.5769230769230808,0.014423076923076986
46.800000000000004,24.279558167809924,24.28014880992095,24.0,0.0,0.7864788510009014,0.5769230769230808,0.014423076923076986
46.900000000000006,24.28014880992095,24.280726619568437,24.0,0.0,0.787223666848494,0.5769230769230808,0.014423076923076986
47.0,24.280726619568437,24.28129270801247,24.0,0.0,0.7879619127310379,0.5769230769230808,0.014423076923076986
47.1,24.28129270801247,24.2818481802879,24.0,0.0,0.7886942128545358,0.5769230769230808,0.014423076923076986
47.2,24.2818481802879,24.282394135216176,24.0,0.0,0.7894211894273143,0.5769230769230808,0.014423076923076986
47.300000000000004,24.282394135216176,24.282931665417305,24.0,0.0,0.7901434626578825,0.5769230769230808,0.014423076923076986
47.400000000000006,24.282931665417305,24.283461857321953,24.0,0.0,0.7908616507528856,0.5769230769230808,0.014423076923076986
47.5,24.283461857321953,24.283985791183717,24.0,0.0,0.7915763699151662,0.5769230769230808,0.014423076923076986
47.6,24.283985791183717,24.284504541091533,24.0,0.0,0.7922882343419297,0.5769230769230808,0.014423076923076986
47.7,24.284504541091533,24.2850191749822,24.0,0.0,0.792997856223013,0.5769230769230808,0.014423076923076986
47.800000000000004,24.2850191749822,24.285530754653085,24.0,0.0,0.7937058457392375,0.5769230769230808,0.014423076923076986
47.900000000000006,24.285530754653085,24.28604033577493,24.0,0.0,0.7944128110608825,0.5769230769230808,0.014423076923076986
48.0,24.28604033577493,24.28340838970808,24.0,0.0,0.7130202812031449,0.2884615384615404,0.028846153846153973
48.1,24.28340838970808,24.280756848962607,24.0,0.0,0.7130785901926339,0.2884615384615404,0.028846153846153973
48.2,24.280756848962607,24.27808627551525,24.0,0.0,0.7131235981957552,0.2884615384615404,0.028846153846153973
48.300000000000004,24.27808627551525,24.275397202999883,24.0,0.0,0.7131554124191577,0.2884615384615404,0.028846153846153973
48.400000000000006,24.275397202999883,24.27269013692776,24.0,0.0,0.713174133432994,0.2884615384615404,0.028846153846153973
48.5,24.27269013692776,24.269965554906754,24.0,0.0,0.713179855153327,0.2884615384615404,0.028846153846153973
48.6,24.269965554906754,24.26722390685963,24.0,0.0,0.7131726648248832,0.2884615384615404,0.028846153846153973
48.7,24.26722390685963,24.264465615241342,24.0,0.0,0.713152643004154,0.2884615384615404,0.028846153846153973
48.800000000000004,24.264465615241342,24.261691075255353,24.0,0.0,0.713119863542844,0.2884615384615404,0.028846153846153973
48.900000000000006,24.261691075255353,24.258900655068974,24.0,0.0,0.7130743935716607,0.2884615384615404,0.028846153846153973
49.0,24.258900655068974,24.256094696027738,24.0,0.0,0.7130162934844426,0.2884615384615404,0.028846153846153973
49.1,24.256094696027738,24.253273512868777,24.0,0.0,0.7129456169226275,0.2884615384615404,0.028846153846153973
49.2,24.253273512868777,24.250437393933257,24.0,0.0,0.7128624107600487,0.2884615384615404,0.028846153846153973
49.300000000000004,24.250437393933257,24.24758660137781,24.0,0.0,0.7127667150880717,0.2884615384615404,0.028846153846153973
49.400000000000006,24.24758660137781,24.244721371385015,24.0,0.0,0.7126585632010523,0.2884615384615404,0.028846153846153973
49.5,24.244721371385015,24.24184191437288,24.0,0.0,0.7125379815821256,0.2884615384615404,0.028846153846153973
49.6,24.24184191437288,24.23894841520338,24.0,0.0,0.7124049898893161,0.2884615384615404,0.028846153846153973
49.7,24.23894841520338,24.23604103339002,24.0,0.0,0.7122596009419704,0.2884615384615404,0.028846153846153973
49.800000000000004,24.23604103339002,24.2331199033044,24.0,0.0,0.7121018207075103,0.2884615384615404,0.028846153846153973
49.900000000000006,24.2331199033044,24.23018513438185,24.0,0.0,0.7119316482884976,0.2884615384615404,0.028846153846153973
50.0,24.23018513438185,24.230512578170167,24.0,0.0,0.6785492969126352,0.1442307692307702,0.028846153846153973
50.1,24.230512578170167,24.23083606228739,24.0,0.0,0.6792614645114412,0.1442307692307702,0.028846153846153973
50.2,24.23083606228739,24.231156137194034,24.0,0.0,0.6799739941311007,0.1442307692307702,0.028846153846153973
50.300000000000004,24.231156137194034,24.23147334632761,24.0,0.0,0.6806869553306956,0.1442307692307702,0.028846153846153973
50.400000000000006,24.23147334632761,24.231788226402468,24.0,0.0,0.6814004182239835,0.1442307692307702,0.028846153846153973
50.5,24.231788226402468,24.232101307708806,24.0,0.0,0.6821144535032487,0.1442307692307702,0.028846153846153973
50.6,24.232101307708806,24.232413114410914,24.0,0.0,0.6828291324638998,0.1442307692307702,0.028846153846153973
50.7,24.232413114410914,24.232724164844587,24.0,0.0,0.6835445270298122,0.1442307692307702,0.028846153846153973
50.800000000000004,24.232724164844587,24.233034971813712,24.0,0.0,0.6842607097794129,0.1442307692307702,0.028846153846153973
50.900000000000006,24.233034971813712,24.233346042886033,24.0,0.0,0.6849777539724994,0.1442307692307702,0.028846153846153973
51.0,24.233346042886033,24.23365788068806,24.0,0.0,0.6856957335777938,0.1442307692307702,0.028846153846153973
51.1,24.23365788068806,24.23397098319914,24.0,0.0,0.6864147233012248,0.1442307692307702,0.028846153846153973
51.2,24.23397098319914,24.234285844044667,24.0,0.0,0.6871347986149355,0.1442307692307702,0.028846153846153973
51.300000000000004,24.234285844044667,24.234602952788418,24.0,0.0,0.6878560357870155,0.1442307692307702,0.028846153846153973
51.400000000000006,24.234602952788418,24.234922795224005,24.0,0.0,0.6885785119119462,0.1442307692307702,0.028846153846153973
51.5,24.234922795224005,24.235245853665457,24.0,0.0,0.6893023049417635,0.1442307692307702,0.028846153846153973
51.6,24.235245853665457,24.235572607236893,24.0,0.0,0.690027493717931,0.1442307692307702,0.028846153846153973
51.7,24.235572607236893,24.23590353216129,24.0,0.0,0.6907541580039176,0.1442307692307702,0.028846153846153973
51.800000000000004,24.23590353216129,24.236239102048362,24.0,0.0,0.6914823785184788,0.1442307692307702,0.028846153846153973
51.900000000000006,24.236239102048362,24.236579788181484,24.0,0.0,0.6922122369696382,0.1442307692307702,0.028846153846153973
52.0,24.236579788181484,24.238250736512104,24.0,0.0,0.7949688497426273,0.5769230769230808,0.014423076923076986
52.1,24.238250736512104,24.23988493534742,24.0,0.0,0.7962764892648775,0.5769230769230808,0.014423076923076986
52.2,24.23988493534742,24.241482553531608,24.0,0.0,0.7975652841727721,0.5769230769230808,0.014423076923076986
52.300000000000004,24.241482553531608,24.243043756291318,24.0,0.0,0.7988352791158592,0.5769230769230808,0.014423076923076986
52.400000000000006,24.243043756291318,24.244568705231575,24.0,0.0,0.8000865168949582,0.5769230769230808,0.014423076923076986
52.5,24.244568705231575,24.246057558330765,24.0,0.0,0.8013190384545756,0.5769230769230808,0.014423076923076986
52.6,24.246057558330765,24.247510469934646,24.0,0.0,0.8025328828747774,0.5769230769230808,0.014423076923076986
52.7,24.247510469934646,24.24892759074941,24.0,0.0,0.803728087362499,0.5769230769230808,0.014423076923076986
52.800000000000004,24.24892759074941,24.2503090678337,24.0,0.0,0.8049046872422903,0.5769230769230808,0.014423076923076986
52.900000000000006,24.2503090678337,24.251655044589626,24.0,0.0,0.8060627159464488,0.5769230769230808,0.014423076923076986
53.0,24.251655044589626,24.252965660752707,24.0,0.0,0.8072022050045635,0.5769230769230808,0.014423076923076986
53.1,24.252965660752707,24.25424105238076,24.0,0.0,0.808323184032427,0.5769230769230808,0.014423076923076986
53.2,24.25424105238076,24.25548135184165,24.0,0.0,0.8094256807203141,0.5769230769230808,0.014423076923076986
53.300000000000004,24.25548135184165,24.25668668779995,24.0,0.0,0.8105097208205986,0.5769230769230808,0.014423076923076986
53.400000000000006,24.25668668779995,24.25785718520243,24.0,0.0,0.8115753281347139,0.5769230769230808,0.014423076923076986
53.5,24.25785718520243,24.25899296526239,24.0,0.0,0.8126225244994175,0.5769230769230808,0.014423076923076986
53.6,24.25899296526239,24.260094145442785,24.0,0.0,0.8136513297723698,0.5769230769230808,0.014423076923076986
53.7,24.260094145442785,24.261160839438148,24.0,0.0,0.8146617618169865,0.5769230769230808,0.014423076923076986
53.800000000000004,24.261160839438148,24.262193157155263,24.0,0.0,0.8156538364865775,0.5769230769230808,0.014423076923076986
53.900000000000006,24.262193157155263,24.263191204692593,24.0,0.0,0.8166275676077333,0.5769230769230808,0.014423076923076986
54.0,24.263191204692593,24.260084268492704,24.0,0.0,0.7420420298468652,0.2884615384615404,0.028846153846153973
54.1,24.260084268492704,24.256940653167156,24.0,0.0,0.7418960413329341,0.2884615384615404,0.028846153846153973
54.2,24.256940653167156,24.253761293557098,24.0,0.0,0.7417304041808542,0.2884615384615404,0.028846153846153973
54.300000000000004,24.253761293557098,24.250547118059618,24.0,0.0,0.741545284947829,0.2884615384615404,0.028846153846153973
54.400000000000006,24.250547118059618,24.247299048733645,24.0,0.0,0.7413408510102665,0.2884615384615404,0.028846153846153973
54.5,24.247299048733645,24.244018001405625,24.0,0.0,0.7411172705760443,0.2884615384615404,0.028846153846153973
54.6,24.244018001405625,24.240704885775003,24.0,0.0,0.7408747126970163,0.2884615384615404,0.028846153846153973
54.7,24.240704885775003,24.237360605519513,24.0,0.0,0.7406133472817648,0.2884615384615404,0.028846153846153973
54.800000000000004,24.237360605519513,24.233986058400326,24.0,0.0,0.7403333451086027,0.2884615384615404,0.028846153846153973
54.900000000000006,24.233986058400326,24.23058213636705,24.0,0.0,0.7400348778388384,0.2884615384615404,0.028846153846153973
55.0,24.23058213636705,24.227149725662645,24.0,0.0,0.7397181180302985,0.2884615384615404,0.028846153846153973
55.1,24.227149725662645,24.22368970692824,24.0,0.0,0.7393832391511315,0.2884615384615404,0.028846153846153973
55.2,24.22368970692824,24.2202029553079,24.0,0.0,0.7390304155938847,0.2884615384615404,0.028846153846153973
55.300000000000004,24.2202029553079,24.216690340553367,24.0,0.0,0.7386598226898671,0.2884615384615404,0.028846153846153973
55.400000000000006,24.216690340553367,24.213152727128797,24.0,0.0,0.7382716367238094,0.2884615384615404,0.028846153846153973
55.5,24.213152727128797,24.209590974315525,24.0,0.0,0.7378660349488242,0.2884615384615404,0.028846153846153973
55.6,24.209590974315525,24.206005936316874,24.0,0.0,0.737443195601675,0.2884615384615404,0.028846153846153973
55.7,24.206005936316874,24.202398462363064,24.0,0.0,0.7370032979183629,0.2884615384615404,0.028846153846153973
55.800000000000004,24.202398462363064,24.198769396816203,24.0,0.0,0.7365465221500419,0.2884615384615404,0.028846153846153973
55.900000000000006,24.198769396816203,24.19511957927545,24.0,0.0,0.7360730495792634,0.2884615384615404,0.028846153846153973
56.0,24.19511957927545,24.19446394064768,24.0,0.0,0.7915861340882269,0.5769230769230808,0.014423076923076986
56.1,24.19446394064768,24.193817396997215,24.0,0.0,0.7914883578712171,0.5769230769230808,0.014423076923076986
56.2,24.193817396997215,24.1931806869466,24.0,0.0,0.791394896241618,0.5769230769230808,0.014423076923076986
56.300000000000004,24.1931806869466,24.192554538788823,24.0,0.0,0.7913061895108983,0.5769230769230808,0.014423076923076986
56.400000000000006,24.192554538788823,24.191939670506148,24.0,0.0,0.7912226730815871,0.5769230769230808,0.014423076923076986
56.5,24.191939670506148,24.19133678978837,24.0,0.0,0.7911447774432739,0.5769230769230808,0.014423076923076986
56.6,24.19133678978837,24.190746594050466,24.0,0.0,0.7910729281682888,0.5769230769230808,0.014423076923076986
56.7,24.190746594050466,24.19016977044966,24.0,0.0,0.7910075459070713,0.5769230769230808,0.014423076923076986
56.800000000000004,24.19016977044966,24.189606995901883,24.0,0.0,0.7909490463832164,0.5769230769230808,0.014423076923076986
56.900000000000006,24.189606995901883,24.18905893709762,24.0,0.0,0.7908978403882033,0.5769230769230808,0.014423076923076986
57.0,24.18905893709762,24.188526250517135,24.0,0.0,0.7908543337757885,0.5769230769230808,0.014423076923076986
57.1,24.188526250517135,24.188009582445076,24.0,0.0,0.7908189274560624,0.5769230769230808,0.014423076923076986
57.2,24.188009582445076,24.187509568984442,24.0,0.0,0.7907920173891702,0.5769230769230808,0.014423076923076986
57.300000000000004,24.187509568984442,24.187026836069904,24.0,0.0,0.7907739945786858,0.5769230769230808,0.014423076923076986
57.400000000000006,24.187026836069904,24.186561999480485,24.0,0.0,0.7907652450646302,0.5769230769230808,0.014423076923076986
57.5,24.186561999480485,24.186115664851567,24.0,0.0,0.7907661499161391,0.5769230769230808,0.014423076923076986
57.6,24.186115664851567,24.185688427686234,24.0,0.0,0.7907770852237606,0.5769230769230808,0.014423076923076986
57.7,24.185688427686234,24.18528087336594,24.0,0.0,0.7907984220913852,0.5769230769230808,0.014423076923076986
57.800000000000004,24.18528087336594,24.18489357716049,24.0,0.0,0.7908305266278012,0.5769230769230808,0.014423076923076986
57.900000000000006,24.18489357716049,24.18452710423731,24.0,0.0,0.7908737599378696,0.5769230769230808,0.014423076923076986
58.0,24.18452710423731,24.181947477792924,24.0,0.0,0.7379656505990336,0.2884615384615404,0.028846153846153973
58.1,24.181947477792924,24.17938461857644,24.0,0.0,0.7377463760798632,0.2884615384615404,0.028846153846153973
58.2,24.17938461857644,24.1768382708082,24.0,0.0,0.7375245453979243,0.2884615384615404,0.028846153846153973
58.300000000000004,24.1768382708082,24.174308162415763,24.0,0.0,0.7373001323998024,0.2884615384615404,0.028846153846153973
58.400000000000006,24.174308162415763,24.171794005311007,24.0,0.0,0.7370731054474138,0.2884615384615404,0.028846153846153973
58.5,24.171794005311007,24.16929549566606,24.0,0.0,0.7368434274517468,0.2884615384615404,0.028846153846153973
58.6,24.16929549566606,24.166812314187986,24.0,0.0,0.7366110559070486,0.2884615384615404,0.028846153846153973
58.7,24.166812314187986,24.164344126392308,24.0,0.0,0.7363759429254542,0.2884615384615404,0.028846153846153973
58.800000000000004,24.164344126392308,24.16189058287536,24.0,0.0,0.7361380352720633,0.2884615384615404,0.028846153846153973
58.900000000000006,24.16189058287536,24.159451319585475,24.0,0.0,0.7358972744004684,0.2884615384615404,0.028846153846153973
59.0,24.159451319585475,24.157025958093083,24.0,0.0,0.7356535964887294,0.2884615384615404,0.028846153846153973
59.1,24.157025958093083,24.15461410585965,24.0,0.0,0.7354069324758079,0.2884615384615404,0.028846153846153973
59.2,24.15461410585965,24.152215356505565,24.0,0.0,0.7351572080984513,0.2884615384615404,0.028846153846153973
59.300000000000004,24.152215356505565,24.14982929007693,24.0,0.0,0.7349043439285388,0.2884615384615404,0.028846153846153973
59.400000000000006,24.14982929007693,24.147455473311325,24.0,0.0,0.7346482554108853,0.2884615384615404,0.028846153846153973
59.5,24.147455473311325,24.145093459902505,24.0,0.0,0.7343888529015128,0.2884615384615404,0.028846153846153973
59.6,24.145093459902505,24.142742790764114,24.0,0.0,0.7341260417063795,0.2884615384615404,0.028846153846153973
59.7,24.142742790764114,24.14040299429239,24.0,0.0,0.7338597221205864,0.2884615384615404,0.028846153846153973
59.800000000000004,24.14040299429239,24.138073586627907,24.0,0.0,0.7335897894680481,0.2884615384615404,0.028846153846153973
59.900000000000006,24.138073586627907,24.135754071916352,24.0,0.0,0.7333161341416431,0.2884615384615404,0.028846153846153973
60.0,24.135754071916352,24.140544689009626,24.0,1.0,0.7330386416438378,0.2884615384615404,0.028846153846153973
60.1,24.140544689009626,24.145320161890286,24.0,1.0,0.734825967792887,0.2884615384615404,0.028846153846153973
60.2,24.145320161890286,24.15008066808172,24.0,1.0,0.7366227008216069,0.2884615384615404,0.028846153846153973
60.300000000000004,24.15008066808172,24.154826385265455,24.0,1.0,0.7384288487655256,0.2884615384615404,0.028846153846153973
60.400000000000006,24.154826385265455,24.15955749149918,24.0,1.0,0.7402444202183301,0.2884615384615404,0.028846153846153973
60.5,24.15955749149918,24.16427416543238,24.0,1.0,0.7420694243958442,0.2884615384615404,0.028846153846153973
60.6,24.16427416543238,24.168976586519513,24.0,1.0,0.7439038711999384,0.2884615384615404,0.028846153846153973
60.7,24.168976586519513,24.17366493523073,24.0,1.0,0.7457477712823403,0.2884615384615404,0.028846153846153973
60.800000000000004,24.17366493523073,24.17833939326017,24.0,1.0,0.7476011361083567,0.2884615384615404,0.028846153846153973
60.900000000000006,24.17833939326017,24.18300014373178,24.0,1.0,0.7494639780204845,0.2884615384615404,0.028846153846153973
61.0,24.18300014373178,24.187647371402672,24.0,1.0,0.7513363103019054,0.2884615384615404,0.028846153846153973
61.1,24.187647371402672,24.192281262864036,24.0,1.0,0.7532181472398634,0.2884615384615404,0.028846153846153973
61.2,24.192281262864036,24.196902006739542,24.0,1.0,0.7551095041889029,0.2884615384615404,0.028846153846153973
61.300000000000004,24.196902006739542,24.201509793881296,24.0,1.0,0.7570103976339707,0.2884615384615404,0.028846153846153973
61.400000000000006,24.201509793881296,24.206104817563286,24.0,1.0,0.7589208452533652,0.2884615384615404,0.028846153846153973
61.5,24.206104817563286,24.210687273672356,24.0,1.0,0.7608408659815256,0.2884615384615404,0.028846153846153973
61.6,24.210687273672356,24.21525736089667,24.0,1.0,0.7627704800716583,0.2884615384615404,0.028846153846153973
61.7,24.21525736089667,24.21981528091166,24.0,1.0,0.764709709158181,0.2884615384615404,0.028846153846153973
61.800000000000004,24.21981528091166,24.22436123856351,24.0,1.0,0.7666585763189817,0.2884615384615404,0.028846153846153973
61.900000000000006,24.22436123856351,24.228895442050057,24.0,1.0,0.7686171061374869,0.2884615384615404,0.028846153846153973
62.0,24.228895442050057,24.233418103099222,24.0,1.0,0.7705853247645197,0.2884615384615404,0.028846153846153973
62.1,24.233418103099222,24.23784689267144,24.0,1.0,0.7725632599799498,0.2884615384615404,0.028846153846153973
62.2,24.23784689267144,24.242181903616586,24.0,1.0,0.7745268922392567,0.2884615384615404,0.028846153846153973
62.300000000000004,24.242181903616586,24.246423228000832,24.0,1.0,0.7764759778107897,0.2884615384615404,0.028846153846153973
62.400000000000006,24.246423228000832,24.25057095708828,24.0,1.0,0.7784102730024015,0.2884615384615404,0.028846153846153973
62.5,24.25057095708828,24.254625181320126,24.0,1.0,0.7803295341538425,0.2884615384615404,0.028846153846153973
62.6,24.254625181320126,24.25858599029142,24.0,1.0,0.7822335176283758,0.2884615384615404,0.028846153846153973
62.7,24.25858599029142,24.26245347272533,24.0,1.0,0.7841219798036279,0.2884615384615404,0.028846153846153973
62.800000000000004,24.26245347272533,24.266227716445066,24.0,1.0,0.785994677061656,0.2884615384615404,0.028846153846153973
62.900000000000006,24.266227716445066,24.269908808343338,24.0,1.0,0.7878513657782484,0.2884615384615404,0.028846153846153973
63.0,24.269908808343338,24.27349683434948,24.0,1.0,0.7896918023114328,0.2884615384615404,0.028846153846153973
63.1,24.27349683434948,24.276991879394185,24.0,1.0,0.7915157429892127,0.2884615384615404,0.028846153846153973
63.2,24.276991879394185,24.28039402737191,24.0,1.0,0.7933229440965146,0.2884615384615404,0.028846153846153973
63.300000000000004,24.28039402737191,24.283703361100926,24.0,1.0,0.7951131618613538,0.2884615384615404,0.028846153846153973
63.400000000000006,24.283703361100926,24.286919962281086,24.0,1.0,0.7968861524402078,0.2884615384615404,0.028846153846153973
63.5,24.286919962281086,24.290043911449274,24.0,1.0,0.7986416719026032,0.2884615384615404,0.028846153846153973
63.6,24.290043911449274,24.293075287932588,24.0,1.0,0.8003794762149149,0.2884615384615404,0.028846153846153973
63.7,24.293075287932588,24.296014169799264,24.0,1.0,0.8020993212233687,0.2884615384615404,0.028846153846153973
63.800000000000004,24.296014169799264,24.298860633807358,24.0,1.0,0.8038009626362539,0.2884615384615404,0.028846153846153973
63.900000000000006,24.298860633807358,24.30161475535121,24.0,1.0,0.8054841560053408,0.2884615384615404,0.028846153846153973
64.0,24.30161475535121,24.30427660840571,24.0,1.0,0.8071486567065035,0.2884615384615404,0.028846153846153973
64.10000000000001,24.30427660840571,24.30684626546838,24.0,1.0,0.8087942199195493,0.2884615384615404,0.028846153846153973
64.2,24.30684626546838,24.30932475705897,24.0,1.0,0.810420600607247,0.2884615384615404,0.028846153846153973
64.3,24.30932475705897,24.311713118282434,24.0,1.0,0.8120278330575875,0.2884615384615404,0.028846153846153973
64.4,24.311713118282434,24.314012388804475,24.0,1.0,0.8136159558670937,0.2884615384615404,0.028846153846153973
64.5,24.314012388804475,24.316223612827525,24.0,1.0,0.815185011946926,0.2884615384615404,0.028846153846153973
64.60000000000001,24.316223612827525,24.318347839067183,24.0,1.0,0.8167350485290391,0.2884615384615404,0.028846153846153973
64.7,24.318347839067183,24.32038612072913,24.0,1.0,0.8182661171724035,0.2884615384615404,0.028846153846153973
64.8,24.32038612072913,24.322339515486554,24.0,1.0,0.8197782737692989,0.2884615384615404,0.028846153846153973
64.9,24.322339515486554,24.324209085458126,24.0,1.0,0.8212715785516905,0.2884615384615404,0.028846153846153973
65.0,24.324209085458126,24.325995897186534,24.0,1.0,0.8227460960976961,0.2884615384615404,0.028846153846153973
65.10000000000001,24.325995897186534,24.327701021617614,24.0,1.0,0.8242018953381596,0.2884615384615404,0.028846153846153973
65.2,24.327701021617614,24.32932553408011,24.0,1.0,0.8256390495633297,0.2884615384615404,0.028846153846153973
65.3,24.32932553408011,24.33087051426608,24.0,1.0,0.8270576364296652,0.2884615384615404,0.028846153846153973
65.4,24.33087051426608,24.332337046212004,24.0,1.0,0.828457737966771,0.2884615384615404,0.028846153846153973
65.5,24.332337046212004,24.33372621828056,24.0,1.0,0.8298394405844757,0.2884615384615404,0.028846153846153973
65.60000000000001,24.33372621828056,24.335039123143186,24.0,1.0,0.8312028350800609,0.2884615384615404,0.028846153846153973
65.7,24.335039123143186,24.336276857763373,24.0,1.0,0.8325480166456545,0.2884615384615404,0.028846153846153973
65.8,24.336276857763373,24.33744052338076,24.0,1.0,0.833875084875795,0.2884615384615404,0.028846153846153973
65.9,24.33744052338076,24.33853122549606,24.0,1.0,0.8351841437751781,0.2884615384615404,0.028846153846153973
66.0,24.33853122549606,24.339550073856817,24.0,1.0,0.9336402736998436,0.5769230769230808,0.014423076923076986
66.10000000000001,24.339550073856817,24.34049818244406,24.0,1.0,0.9347178065144974,0.5769230769230808,0.014423076923076986
66.2,24.34049818244406,24.341376669459827,24.0,1.0,0.9357558953856617,0.5769230769230808,0.014423076923076986
66.3,24.341376669459827,24.34218664616102,24.0,1.0,0.9367550850141722,0.5769230769230808,0.014423076923076986
66.4,24.34218664616102,24.34292921672211,24.0,1.0,0.9377159176968244,0.5769230769230808,0.014423076923076986
66.5,24.34292921672211,24.343605478098304,24.0,1.0,0.9386389332369547,0.5769230769230808,0.014423076923076986
66.60000000000001,24.343605478098304,24.34421651988917,24.0,1.0,0.939524668855094,0.5769230769230808,0.014423076923076986
66.7,24.34421651988917,24.34476342420266,24.0,1.0,0.940373659099664,0.5769230769230808,0.014423076923076986
66.8,24.34476342420266,24.345247265519582,24.0,1.0,0.9411864357577399,0.5769230769230808,0.014423076923076986
66.9,24.345247265519582,24.345669110558475,24.0,1.0,0.9419635277658476,0.5769230769230808,0.014423076923076986
67.0,24.345669110558475,24.34603001814093,24.0,1.0,0.9427054611208223,0.5769230769230808,0.014423076923076986
67.10000000000001,24.34603001814093,24.34633103905728,24.0,1.0,0.9434127587907106,0.5769230769230808,0.014423076923076986
67.2,24.34633103905728,24.346573215932736,24.0,1.0,0.9440859406257067,0.5769230769230808,0.014423076923076986
67.3,24.346573215932736,24.346757583093886,24.0,1.0,0.9447255232691423,0.5769230769230808,0.014423076923076986
67.4,24.346757583093886,24.346885166435595,24.0,1.0,0.945332020068499,0.5769230769230808,0.014423076923076986
67.5,24.346885166435595,24.346956983288287,24.0,1.0,0.945905940986459,0.5769230769230808,0.014423076923076986
67.60000000000001,24.346956983288287,24.34697404228561,24.0,1.0,0.9464477925119857,0.5769230769230808,0.014423076923076986
67.7,24.34697404228561,24.346937343232444,24.0,1.0,0.9469580775714297,0.5769230769230808,0.014423076923076986
67.8,24.346937343232444,24.346847876973285,24.0,1.0,0.9474372954396504,0.5769230769230808,0.014423076923076986
67.9,24.346847876973285,24.346706625260968,24.0,1.0,0.9478859416511551,0.5769230769230808,0.014423076923076986
68.0,24.346706625260968,24.342637662071645,24.0,1.0,0.8487930390262525,0.2884615384615404,0.028846153846153973
68.10000000000001,24.342637662071645,24.338545999182227,24.0,1.0,0.8486076775160777,0.2884615384615404,0.028846153846153973
68.2,24.338545999182227,24.334433323627845,24.0,1.0,0.848403965141771,0.2884615384615404,0.028846153846153973
68.3,24.334433323627845,24.330301292295864,24.0,1.0,0.8481823279346259,0.2884615384615404,0.028846153846153973
68.4,24.330301292295864,24.32615153217215,24.0,1.0,0.8479431880089464,0.2884615384615404,0.028846153846153973
68.5,24.32615153217215,24.321985640589705,24.0,1.0,0.8476869635468335,0.2884615384615404,0.028846153846153973
68.60000000000001,24.321985640589705,24.317805185479607,24.0,1.0,0.8474140687843675,0.2884615384615404,0.028846153846153973
68.7,24.317805185479607,24.31361170562427,24.0,1.0,0.847124913999184,0.2884615384615404,0.028846153846153973
68.8,24.31361170562427,24.30940671091302,24.0,1.0,0.8468199054994459,0.2884615384615404,0.028846153846153973
68.9,24.30940671091302,24.305191682599908,24.0,1.0,0.8464994456142185,0.2884615384615404,0.028846153846153973
69.0,24.305191682599908,24.300968073563848,24.0,1.0,0.8461639326852435,0.2884615384615404,0.028846153846153973
69.10000000000001,24.300968073563848,24.29673730857097,24.0,1.0,0.8458137610601218,0.2884615384615404,0.028846153846153973
69.2,24.29673730857097,24.292500784539257,24.0,1.0,0.8454493210869009,0.2884615384615404,0.028846153846153973
69.3,24.292500784539257,24.288259870805362,24.0,1.0,0.8450709991100771,0.2884615384615404,0.028846153846153973
69.4,24.288259870805362,24.284015909393705,24.0,1.0,0.8446791774680075,0.2884615384615404,0.028846153846153973
69.5,24.284015909393705,24.279770215287737,24.0,1.0,0.8442742344917422,0.2884615384615404,0.028846153846153973
69.60000000000001,24.279770215287737,24.275524076703398,24.0,1.0,0.8438565445052737,0.2884615384615404,0.028846153846153973
69.7,24.275524076703398,24.271278755364786,24.0,1.0,0.8434264778272049,0.2884615384615404,0.028846153846153973
69.8,24.271278755364786,24.26703548678197,24.0,1.0,0.84298440077385,0.2884615384615404,0.028846153846153973
69.9,24.26703548678197,24.262795480530986,24.0,1.0,0.8425306756637551,0.2884615384615404,0.028846153846153973
70.0,24.262795480530986,24.262530444708993,24.0,1.0,0.917493017495291,0.5769230769230808,0.014423076923076986
70.10000000000001,24.262530444708993,24.262274126713788,24.0,1.0,0.9177187618932408,0.5769230769230808,0.014423076923076986
70.2,24.262274126713788,24.262027215267562,24.0,1.0,0.9179491661172285,0.5769230769230808,0.014423076923076986
70.3,24.262027215267562,24.26179037865877,24.0,1.0,0.9181846410741188,0.5769230769230808,0.014423076923076986
70.4,24.26179037865877,24.261564265000334,24.0,1.0,0.9184255868459581,0.5769230769230808,0.014423076923076986
70.5,24.261564265000334,24.261349502487164,24.0,1.0,0.9186723928098421,0.5769230769230808,0.014423076923076986
70.60000000000001,24.261349502487164,24.261146699652944,24.0,1.0,0.918925437757754,0.5769230769230808,0.014423076923076986
70.7,24.261146699652944,24.260956445626142,24.0,1.0,0.9191850900163572,0.5769230769230808,0.014423076923076986
70.8,24.260956445626142,24.260779310385168,24.0,1.0,0.9194517075667019,0.5769230769230808,0.014423076923076986
70.9,24.260779310385168,24.26061584501266,24.0,1.0,0.9197256381638105,0.5769230769230808,0.014423076923076986
71.0,24.26061584501266,24.26046658194881,24.0,1.0,0.9200072194561313,0.5769230769230808,0.014423076923076986
71.10000000000001,24.26046658194881,24.260332035243728,24.0,1.0,0.9202967791047976,0.5769230769230808,0.014423076923076986
71.2,24.260332035243728,24.260212700808733,24.0,1.0,0.920594634902699,0.5769230769230808,0.014423076923076986
71.3,24.260212700808733,24.26010905666657,24.0,1.0,0.9209010948932914,0.5769230769230808,0.014423076923076986
71.4,24.26010905666657,24.260021563200457,24.0,1.0,0.9212164574891578,0.5769230769230808,0.014423076923076986
71.5,24.260021563200457,24.259950663401987,24.0,1.0,0.921541011590248,0.5769230769230808,0.014423076923076986
71.60000000000001,24.259950663401987,24.25989678311773,24.0,1.0,0.921875036701807,0.5769230769230808,0.014423076923076986
71.7,24.25989678311773,24.25986033129455,24.0,1.0,0.9222188030519235,0.5769230769230808,0.014423076923076986
71.8,24.25986033129455,24.259841700223618,24.0,1.0,0.9225725717086881,0.5769230769230808,0.014423076923076986
71.9,24.259841700223618,24.259841265782956,24.0,1.0,0.9229365946969338,0.5769230769230808,0.014423076923076986
72.0,24.259841265782956,24.256849823591875,24.0,1.0,0.8487316748873807,0.2884615384615404,0.028846153846153973
72.10000000000001,24.256849823591875,24.25386429404191,24.0,1.0,0.8486096718233913,0.2884615384615404,0.028846153846153973
72.2,24.25386429404191,24.25088446171581,24.0,1.0,0.8484807622244842,0.2884615384615404,0.028846153846153973
72.3,24.25088446171581,24.24791009587546,24.0,1.0,0.848344900385366,0.2884615384615404,0.028846153846153973
72.4,24.24791009587546,24.244940950970225,24.0,1.0,0.8482020355156755,0.2884615384615404,0.028846153846153973
72.5,24.244940950970225,24.241976767137942,24.0,1.0,0.8480521118438867,0.2884615384615404,0.028846153846153973
72.60000000000001,24.241976767137942,24.239017270698657,24.0,1.0,0.8478950687205491,0.2884615384615404,0.028846153846153973
72.7,24.239017270698657,24.236062174641102,24.0,1.0,0.8477308407208477,0.2884615384615404,0.028846153846153973
72.8,24.236062174641102,24.233111179101982,24.0,1.0,0.8475593577464792,0.2884615384615404,0.028846153846153973
72.9,24.233111179101982,24.230163971838092,24.0,1.0,0.8473805451268349,0.2884615384615404,0.028846153846153973
73.0,24.230163971838092,24.22722022869132,24.0,1.0,0.8471943237194764,0.2884615384615404,0.028846153846153973
73.10000000000001,24.22722022869132,24.224279614046562,24.0,1.0,0.8470006100099017,0.2884615384615404,0.028846153846153973
73.2,24.224279614046562,24.221341781282614,24.0,1.0,0.8467993162105869,0.2884615384615404,0.028846153846153973
73.3,24.221341781282614,24.218406373216066,24.0,1.0,0.8465903503593017,0.2884615384615404,0.028846153846153973
73.4,24.218406373216066,24.21547302253826,24.0,1.0,0.84637361641669,0.2884615384615404,0.028846153846153973
73.5,24.21547302253826,24.212541352245335,24.0,1.0,0.8461490143631059,0.2884615384615404,0.028846153846153973
73.60000000000001,24.212541352245335,24.209610976061445,24.0,1.0,0.8459164402947009,0.2884615384615404,0.028846153846153973
73.7,24.209610976061445,24.20668149885515,24.0,1.0,0.845675786518756,0.2884615384615404,0.028846153846153973
73.8,24.20668149885515,24.203752517049086,24.0,1.0,0.8454269416482534,0.2884615384615404,0.028846153846153973
73.9,24.203752517049086,24.2008236190229,24.0,1.0,0.845169790695684,0.2884615384615404,0.028846153846153973
74.0,24.2008236190229,24.200870117589,24.0,1.0,0.9025444558183263,0.5769230769230808,0.014423076923076986
74.10000000000001,24.200870117589,24.2009212521851,24.0,1.0,0.9028609984299085,0.5769230769230808,0.014423076923076986
74.2,24.2009212521851,24.20097727526079,24.0,1.0,0.9031802894260017,0.5769230769230808,0.014423076923076986
74.3,24.20097727526079,24.20103843983022,24.0,1.0,0.903502481501295,0.5769230769230808,0.014423076923076986
74.4,24.20103843983022,24.20110499967217,24.0,1.0,0.9038277280411062,0.5769230769230808,0.014423076923076986
74.5,24.20110499967217,24.201177209524985,24.0,1.0,0.9041561832379128,0.5769230769230808,0.014423076923076986
74.60000000000001,24.201177209524985,24.201255325276417,24.0,1.0,0.9044880022051971,0.5769230769230808,0.014423076923076986
74.7,24.201255325276417,24.20133960414844,24.0,1.0,0.9048233410886334,0.5769230769230808,0.014423076923076986
74.8,24.20133960414844,24.201430304877057,24.0,1.0,0.9051623571746302,0.5769230769230808,0.014423076923076986
74.9,24.201430304877057,24.201527687887193,24.0,1.0,0.905505208996251,0.5769230769230808,0.014423076923076986
75.0,24.201527687887193,24.20163201546269,24.0,1.0,0.9058520564365513,0.5769230769230808,0.014423076923076986
75.10000000000001,24.20163201546269,24.20174355191149,24.0,1.0,0.9062030608293318,0.5769230769230808,0.014423076923076986
75.2,24.20174355191149,24.20186256372603,24.0,1.0,0.9065583850573592,0.5769230769230808,0.014423076923076986
75.3,24.20186256372603,24.20198931973892,24.0,1.0,0.9069181936480449,0.5769230769230808,0.014423076923076986
75.4,24.20198931973892,24.202124091273948,24.0,1.0,0.907282652866643,0.5769230769230808,0.014423076923076986
75.5,24.202124091273948,24.202267152292464,24.0,1.0,0.9076519308069576,0.5769230769230808,0.014423076923076986
75.60000000000001,24.202267152292464,24.20241877953522,24.0,1.0,0.9080261974796001,0.5769230769230808,0.014423076923076986
75.7,24.20241877953522,24.20257925265966,24.0,1.0,0.9084056248978265,0.5769230769230808,0.014423076923076986
75.8,24.20257925265966,24.202748854372814,24.0,1.0,0.9087903871609561,0.5769230769230808,0.014423076923076986
75.9,24.202748854372814,24.202927870559705,24.0,1.0,0.9091806605354286,0.5769230769230808,0.014423076923076986
76.0,24.202927870559705,24.200816735210744,24.0,1.0,0.8513324222237958,0.2884615384615404,0.028846153846153973
76.10000000000001,24.200816735210744,24.198703499090367,24.0,1.0,0.8513027199170109,0.2884615384615404,0.028846153846153973
76.2,24.198703499090367,24.19658806301522,24.0,1.0,0.8512663157450476,0.2884615384615404,0.028846153846153973
76.3,24.19658806301522,24.19447032220408,24.0,1.0,0.851223174751299,0.2884615384615404,0.028846153846153973
76.4,24.19447032220408,24.192350166278217,24.0,1.0,0.8511732600621356,0.2884615384615404,0.028846153846153973
76.5,24.192350166278217,24.190227479257125,24.0,1.0,0.8511165328708625,0.2884615384615404,0.028846153846153973
76.60000000000001,24.190227479257125,24.188102139549688,24.0,1.0,0.8510529524203275,0.2884615384615404,0.028846153846153973
76.7,24.188102139549688,24.185974019940996,24.0,1.0,0.8509824759841911,0.2884615384615404,0.028846153846153973
76.80000000000001,24.185974019940996,24.18384298757487,24.0,1.0,0.8509050588468982,0.2884615384615404,0.028846153846153973
76.9,24.18384298757487,24.181708903932257,24.0,1.0,0.8508206542823662,0.2884615384615404,0.028846153846153973
77.0,24.181708903932257,24.179571624805615,24.0,1.0,0.8507292135314172,0.2884615384615404,0.028846153846153973
77.10000000000001,24.179571624805615,24.177431000269387,24.0,1.0,0.8506306857779787,0.2884615384615404,0.028846153846153973
77.2,24.177431000269387,24.17528687464673,24.0,1.0,0.8505250181240747,0.2884615384615404,0.028846153846153973
77.30000000000001,24.17528687464673,24.173139086472567,24.0,1.0,0.8504121555636355,0.2884615384615404,0.028846153846153973
77.4,24.173139086472567,24.170987468453124,24.0,1.0,0.8502920409551438,0.2884615384615404,0.028846153846153973
77.5,24.170987468453124,24.168831847422034,24.0,1.0,0.8501646149931499,0.2884615384615404,0.028846153846153973
77.60000000000001,24.168831847422034,24.16667204429315,24.0,1.0,0.8500298161786684,0.2884615384615404,0.028846153846153973
77.7,24.16667204429315,24.164507874010166,24.0,1.0,0.8498875807884899,0.2884615384615404,0.028846153846153973
77.80000000000001,24.164507874010166,24.162339145493153,24.0,1.0,0.8497378428434276,0.2884615384615404,0.028846153846153973
77.9,24.162339145493153,24.160165661582138,24.0,1.0,0.8495805340755194,0.2884615384615404,0.028846153846153973
78.0,24.160165661582138,24.16031117230532,24.0,1.0,0.8953862088771639,0.5769230769230808,0.014423076923076986
78.10000000000001,24.16031117230532,24.160457142417727,24.0,1.0,0.8957013754082865,0.5769230769230808,0.014423076923076986
78.2,24.160457142417727,24.160603837033683,24.0,1.0,0.8960170175054696,0.5769230769230808,0.014423076923076986
78.30000000000001,24.160603837033683,24.16075152134002,24.0,1.0,0.8963332891642433,0.5769230769230808,0.014423076923076986
78.4,24.16075152134002,24.160900460672217,24.0,1.0,0.8966503448044478,0.5769230769230808,0.014423076923076986
78.5,24.160900460672217,24.161050920590768,24.0,1.0,0.8969683393143763,0.5769230769230808,0.014423076923076986
78.60000000000001,24.161050920590768,24.161203166957904,24.0,1.0,0.8972874280951615,0.5769230769230808,0.014423076923076986
78.7,24.161203166957904,24.16135746601465,24.0,1.0,0.897607767105468,0.5769230769230808,0.014423076923076986
78.80000000000001,24.16135746601465,24.161514084458304,24.0,1.0,0.8979295129064963,0.5769230769230808,0.014423076923076986
78.9,24.161514084458304,24.161673289520387,24.0,1.0,0.8982528227073423,0.5769230769230808,0.014423076923076986
79.0,24.161673289520387,24.16183534904509,24.0,1.0,0.8985778544107369,0.5769230769230808,0.014423076923076986
79.10000000000001,24.16183534904509,24.16200053156831,24.0,1.0,0.8989047666591893,0.5769230769230808,0.014423076923076986
79.2,24.16200053156831,24.162169106397236,24.0,1.0,0.8992337188815774,0.5769230769230808,0.014423076923076986
79.30000000000001,24.162169106397236,24.162341343690645,24.0,1.0,0.8995648713401847,0.5769230769230808,0.014423076923076986
79.4,24.162341343690645,24.16251751453984,24.0,1.0,0.8998983851782436,0.5769230769230808,0.014423076923076986
79.5,24.16251751453984,24.162697891050353,24.0,1.0,0.9002344224679804,0.5769230769230808,0.014423076923076986
79.60000000000001,24.162697891050353,24.162882746424405,24.0,1.0,0.9005731462592148,0.5769230769230808,0.014423076923076986
79.7,24.162882746424405,24.163072355044175,24.0,1.0,0.9009147206285105,0.5769230769230808,0.014423076923076986
79.80000000000001,24.163072355044175,24.163266992555943,24.0,1.0,0.9012593107289225,0.5769230769230808,0.014423076923076986
79.9,24.163266992555943,24.163466935955096,24.0,1.0,0.90160708284036,0.5769230769230808,0.014423076923076986
80.0,24.163466935955096,24.161838228083056,24.0,1.0,0.8550400502065405,0.2884615384615404,0.028846153846153973
80.10000000000001,24.161838228083056,24.16020506822836,24.0,1.0,0.8550370716706146,0.2884615384615404,0.028846153846153973
80.2,24.16020506822836,24.158567459620205,24.0,1.0,0.8550280978708805,0.2884615384615404,0.028846153846153973
80.30000000000001,24.158567459620205,24.156925399327225,24.0,1.0,0.8550131169058938,0.2884615384615404,0.028846153846153973
80.4,24.156925399327225,24.1552788782713,24.0,1.0,0.8549921150886703,0.2884615384615404,0.028846153846153973
80.5,24.1552788782713,24.153627881239522,24.0,1.0,0.8549650769329362,0.2884615384615404,0.028846153846153973
80.60000000000001,24.153627881239522,24.151972386894325,24.0,1.0,0.8549319851388837,0.2884615384615404,0.028846153846153973
80.7,24.151972386894325,24.150312367781787,24.0,1.0,0.8548928205784259,0.2884615384615404,0.028846153846153973
80.80000000000001,24.150312367781787,24.148647790338096,24.0,1.0,0.8548475622799486,0.2884615384615404,0.028846153846153973
80.9,24.148647790338096,24.14697861489417,24.0,1.0,0.8547961874125516,0.2884615384615404,0.028846153846153973
81.0,24.14697861489417,24.14530479567843,24.0,1.0,0.8547386712697677,0.2884615384615404,0.028846153846153973
81.10000000000001,24.14530479567843,24.143626280817728,24.0,1.0,0.8546749872527615,0.2884615384615404,0.028846153846153973
81.2,24.143626280817728,24.141943012336387,24.0,1.0,0.8546051068529943,0.2884615384615404,0.028846153846153973
81.30000000000001,24.141943012336387,24.1402549261534,24.0,1.0,0.8545289996343473,0.2884615384615404,0.028846153846153973
81.4,24.1402549261534,24.13856195207772,24.0,1.0,0.8544466332146973,0.2884615384615404,0.028846153846153973
81.5,24.13856195207772,24.13686401380167,24.0,1.0,0.8543579732469366,0.2884615384615404,0.028846153846153973
81.60000000000001,24.13686401380167,24.13516102889245,24.0,1.0,0.8542629833994274,0.2884615384615404,0.028846153846153973
81.7,24.13516102889245,24.133452908781706,24.0,1.0,0.8541616253358809,0.2884615384615404,0.028846153846153973
81.80000000000001,24.133452908781706,24.13173955875319,24.0,1.0,0.8540538586946517,0.2884615384615404,0.028846153846153973
81.9,24.13173955875319,24.130020877928455,24.0,1.0,0.8539396410674444,0.2884615384615404,0.028846153846153973
82.0,24.130020877928455,24.130168801413664,24.0,1.0,0.8911374203443765,0.5769230769230808,0.014423076923076986
82.10000000000001,24.130168801413664,24.13031610597149,24.0,1.0,0.8914105042801895,0.5769230769230808,0.014423076923076986
82.2,24.13031610597149,24.130463033900877,24.0,1.0,0.8916834436010107,0.5769230769230808,0.014423076923076986
82.30000000000001,24.130463033900877,24.130609826767152,24.0,1.0,0.891956377551475,0.5769230769230808,0.014423076923076986
82.4,24.130609826767152,24.130756725476957,24.0,1.0,0.8922294453013939,0.5769230769230808,0.014423076923076986
82.5,24.130756725476957,24.1309039703533,24.0,1.0,0.8925027859880266,0.5769230769230808,0.014423076923076986
82.60000000000001,24.1309039703533,24.131051801210855,24.0,1.0,0.8927765387585429,0.5769230769230808,0.014423076923076986
82.7,24.131051801210855,24.13120045743141,24.0,1.0,0.8930508428127241,0.5769230769230808,0.014423076923076986
82.80000000000001,24.13120045743141,24.131350178039618,24.0,1.0,0.8933258374458788,0.5769230769230808,0.014423076923076986
82.9,24.131350178039618,24.13150120177894,24.0,1.0,0.8936016620920166,0.5769230769230808,0.014423076923076986
83.0,24.13150120177894,24.131653767187885,24.0,1.0,0.8938784563672674,0.5769230769230808,0.014423076923076986
83.10000000000001,24.131653767187885,24.13180811267656,24.0,1.0,0.894156360113565,0.5769230769230808,0.014423076923076986
83.2,24.13180811267656,24.131964476603482,24.0,1.0,0.8944355134426222,0.5769230769230808,0.014423076923076986
83.30000000000001,24.131964476603482,24.132123097352757,24.0,1.0,0.8947160567801788,0.5769230769230808,0.014423076923076986
83.4,24.132123097352757,24.1322842134116,24.0,1.0,0.8949981309105578,0.5769230769230808,0.014423076923076986
83.5,24.1322842134116,24.13244806344822,24.0,1.0,0.8952818770215426,0.5769230769230808,0.014423076923076986
83.60000000000001,24.13244806344822,24.132614886390098,24.0,1.0,0.8955674367495647,0.5769230769230808,0.014423076923076986
83.7,24.132614886390098,24.13278492150269,24.0,1.0,0.8958549522252494,0.5769230769230808,0.014423076923076986
83.80000000000001,24.13278492150269,24.132958408468546,24.0,1.0,0.896144566119297,0.5769230769230808,0.014423076923076986
83.9,24.132958408468546,24.13313558746689,24.0,1.0,0.8964364216887362,0.5769230769230808,0.014423076923076986
84.0,24.13313558746689,24.13182768519625,24.0,1.0,0.858518188920793,0.2884615384615404,0.028846153846153973
84.10000000000001,24.13182768519625,24.130515410020905,24.0,1.0,0.8585211815884823,0.2884615384615404,0.028846153846153973
84.2,24.130515410020905,24.12919878952097,24.0,1.0,0.8585191274321934,0.2884615384615404,0.028846153846153973
84.30000000000001,24.12919878952097,24.127877845583118,24.0,1.0,0.858512021873138,0.2884615384615404,0.028846153846153973
84.4,24.127877845583118,24.126552594431963,24.0,1.0,0.8584998587533242,0.2884615384615404,0.028846153846153973
84.5,24.126552594431963,24.125223046659602,24.0,1.0,0.8584826303282758,0.2884615384615404,0.028846153846153973
84.60000000000001,24.125223046659602,24.12388920725331,24.0,1.0,0.858460327259305,0.2884615384615404,0.028846153846153973
84.7,24.12388920725331,24.122551075621388,24.0,1.0,0.8584329386053359,0.2884615384615404,0.028846153846153973
84.80000000000001,24.122551075621388,24.121208645617184,24.0,1.0,0.8584004518142663,0.2884615384615404,0.028846153846153973
84.9,24.121208645617184,24.119861905561265,24.0,1.0,0.8583628527138725,0.2884615384615404,0.028846153846153973
85.0,24.119861905561265,24.118510838261738,24.0,1.0,0.8583201255022457,0.2884615384615404,0.028846153846153973
85.10000000000001,24.118510838261738,24.117155421032745,24.0,1.0,0.8582722527377524,0.2884615384615404,0.028846153846153973
85.2,24.117155421032745,24.115795625711087,24.0,1.0,0.8582192153285221,0.2884615384615404,0.028846153846153973
85.30000000000001,24.115795625711087,24.11443141867102,24.0,1.0,0.8581609925214411,0.2884615384615404,0.028846153846153973
85.4,24.11443141867102,24.1130627608372,24.0,1.0,0.8580975618906655,0.2884615384615404,0.028846153846153973
85.5,24.1130627608372,24.11168960769574,24.0,1.0,0.8580288993256318,0.2884615384615404,0.028846153846153973
85.60000000000001,24.11168960769574,24.110311909303466,24.0,1.0,0.8579549790185643,0.2884615384615404,0.028846153846153973
85.7,24.110311909303466,24.10892961029525,24.0,1.0,0.8578757734514757,0.2884615384615404,0.028846153846153973
85.80000000000001,24.10892961029525,24.107542649889513,24.0,1.0,0.8577912533826494,0.2884615384615404,0.028846153846153973
85.9,24.107542649889513,24.10615096189186,24.0,1.0,0.8577013878325993,0.2884615384615404,0.028846153846153973
86.0,24.10615096189186,24.106279158766306,24.0,1.0,0.8576061440695028,0.2884615384615404,0.028846153846153973
86.10000000000001,24.106279158766306,24.106406596848235,24.0,1.0,0.8579496984335726,0.2884615384615404,0.028846153846153973
86.2,24.106406596848235,24.106533481291255,24.0,1.0,0.8582934015250374,0.2884615384615404,0.028846153846153973
86.30000000000001,24.106533481291255,24.106660016408465,24.0,1.0,0.8586373109257872,0.2884615384615404,0.028846153846153973
86.4,24.106660016408465,24.10678640573965,24.0,1.0,0.8589814845646224,0.2884615384615404,0.028846153846153973
86.5,24.10678640573965,24.106912852118445,24.0,1.0,0.8593259807344057,0.2884615384615404,0.028846153846153973
86.60000000000001,24.106912852118445,24.10703955773946,24.0,1.0,0.8596708581093994,0.2884615384615404,0.028846153846153973
86.7,24.10703955773946,24.107166724225404,24.0,1.0,0.8600161757627863,0.2884615384615404,0.028846153846153973
86.80000000000001,24.107166724225404,24.107294552694224,24.0,1.0,0.8603619931843826,0.2884615384615404,0.028846153846153973
86.9,24.107294552694224,24.10742324382626,24.0,1.0,0.8607083702985447,0.2884615384615404,0.028846153846153973
87.0,24.10742324382626,24.107552997931457,24.0,1.0,0.8610553674822851,0.2884615384615404,0.028846153846153973
87.10000000000001,24.107552997931457,24.107684015016623,24.0,1.0,0.8614030455835859,0.2884615384615404,0.028846153846153973
87.2,24.107684015016623,24.10781649485281,24.0,1.0,0.8617514659399319,0.2884615384615404,0.028846153846153973
87.30000000000001,24.10781649485281,24.107950637042748,24.0,1.0,0.8621006903970608,0.2884615384615404,0.028846153846153973
87.4,24.107950637042748,24.108086641088452,24.0,1.0,0.8624507813279358,0.2884615384615404,0.028846153846153973
87.5,24.108086641088452,24.108224706458923,24.0,1.0,0.8628018016519517,0.2884615384615404,0.028846153846153973
87.60000000000001,24.108224706458923,24.108365032658043,24.0,1.0,0.8631538148543731,0.2884615384615404,0.028846153846153973
87.7,24.108365032658043,24.108507819292633,24.0,1.0,0.8635068850060172,0.2884615384615404,0.028846153846153973
87.80000000000001,24.108507819292633,24.10865326614073,24.0,1.0,0.8638610767831857,0.2884615384615404,0.028846153846153973
87.9,24.10865326614073,24.108801573220052,24.0,1.0,0.8642164554878506,0.2884615384615404,0.028846153846153973
88.0,24.108801573220052,24.10895294085673,24.0,1.0,0.8645730870680973,0.2884615384615404,0.028846153846153973
88.10000000000001,24.10895294085673,24.10908984566786,24.0,1.0,0.8649310381388415,0.2884615384615404,0.028846153846153973
88.2,24.10908984566786,24.109212353852833,24.0,1.0,0.8652852121584013,0.2884615384615404,0.028846153846153973
88.30000000000001,24.109212353852833,24.109320528983346,24.0,1.0,0.8656355866940265,0.2884615384615404,0.028846153846153973
88.4,24.109320528983346,24.109414432002666,24.0,1.0,0.8659821387383573,0.2884615384615404,0.028846153846153973
88.5,24.109414432002666,24.109494121224202,24.0,1.0,0.8663248447016303,0.2884615384615404,0.028846153846153973
88.60000000000001,24.109494121224202,24.10955965232942,24.0,1.0,0.8666636804036817,0.2884615384615404,0.028846153846153973
88.7,24.10955965232942,24.109611078365035,24.0,1.0,0.8669986210657524,0.2884615384615404,0.028846153846153973
88.80000000000001,24.109611078365035,24.10964844973954,24.0,1.0,0.8673296413020789,0.2884615384615404,0.028846153846153973
88.9,24.10964844973954,24.109671814219027,24.0,1.0,0.8676567151112815,0.2884615384615404,0.028846153846153973
89.0,24.109671814219027,24.109681216922294,24.0,1.0,0.8679798158675341,0.2884615384615404,0.028846153846153973
89.10000000000001,24.109681216922294,24.109676700315266,24.0,1.0,0.8682989163115216,0.2884615384615404,0.028846153846153973
89.2,24.109676700315266,24.109658304204693,24.0,1.0,0.8686139885411729,0.2884615384615404,0.028846153846153973
89.30000000000001,24.109658304204693,24.109626065731135,24.0,1.0,0.8689250040021751,0.2884615384615404,0.028846153846153973
89.4,24.109626065731135,24.109580019361218,24.0,1.0,0.8692319334782577,0.2884615384615404,0.028846153846153973
89.5,24.109580019361218,24.10952019687917,24.0,1.0,0.8695347470812467,0.2884615384615404,0.028846153846153973
89.60000000000001,24.10952019687917,24.109446627377622,24.0,1.0,0.8698334142408846,0.2884615384615404,0.028846153846153973
89.7,24.109446627377622,24.10935933724767,24.0,1.0,0.8701279036944118,0.2884615384615404,0.028846153846153973
89.80000000000001,24.10935933724767,24.109258350168194,24.0,1.0,0.8704181834759097,0.2884615384615404,0.028846153846153973
89.9,24.109258350168194,24.109143687094406,24.0,1.0,0.8707042209053918,0.2884615384615404,0.028846153846153973
90.0,24.109143687094406,24.109015366245668,24.0,1.0,0.9023123196908025,0.5769230769230808,0.014423076923076986
90.10000000000001,24.109015366245668,24.108873403092524,24.0,1.0,0.902395522133231,0.5769230769230808,0.014423076923076986
90.2,24.108873403092524,24.108718016381225,24.0,1.0,0.9024706492608775,0.5769230769230808,0.014423076923076986
90.30000000000001,24.108718016381225,24.108549424662087,24.0,1.0,0.9025378079126011,0.5769230769230808,0.014423076923076986
90.4,24.108549424662087,24.108367846313403,24.0,1.0,0.9025971051294379,0.5769230769230808,0.014423076923076986
90.5,24.108367846313403,24.108173499565527,24.0,1.0,0.9026486481681492,0.5769230769230808,0.014423076923076986
90.60000000000001,24.108173499565527,24.107966602525188,24.0,1.0,0.9026925445149022,0.5769230769230808,0.014423076923076986
90.7,24.107966602525188,24.107747373199974,24.0,1.0,0.9027289018991178,0.5769230769230808,0.014423076923076986
90.80000000000001,24.107747373199974,24.107516029523048,24.0,1.0,0.9027578283074557,0.5769230769230808,0.014423076923076986
90.9,24.107516029523048,24.107272789378094,24.0,1.0,0.9027794319979641,0.5769230769230808,0.014423076923076986
91.0,24.107272789378094,24.107017870624468,24.0,1.0,0.9027938215144014,0.5769230769230808,0.014423076923076986
91.10000000000001,24.107017870624468,24.106751491122598,24.0,1.0,0.9028011057007101,0.5769230769230808,0.014423076923076986
91.2,24.106751491122598,24.106473868759625,24.0,1.0,0.9028013937156737,0.5769230769230808,0.014423076923076986
91.30000000000001,24.106473868759625,24.1061852214753,24.0,1.0,0.9027947950477467,0.5769230769230808,0.014423076923076986
91.4,24.1061852214753,24.105885767288125,24.0,1.0,0.9027814195300716,0.5769230769230808,0.014423076923076986
91.5,24.105885767288125,24.105575724321774,24.0,1.0,0.9027613773556746,0.5769230769230808,0.014423076923076986
91.60000000000001,24.105575724321774,24.105255310831783,24.0,1.0,0.9027347790928593,0.5769230769230808,0.014423076923076986
91.7,24.105255310831783,24.104924745232523,24.0,1.0,0.9027017357007948,0.5769230769230808,0.014423076923076986
91.80000000000001,24.104924745232523,24.104584246124467,24.0,1.0,0.9026623585453072,0.5769230769230808,0.014423076923076986
91.9,24.104584246124467,24.10423403232175,24.0,1.0,0.9026167594148776,0.5769230769230808,0.014423076923076986
92.0,24.10423403232175,24.102624396814683,24.0,1.0,0.8726478787598865,0.2884615384615404,0.028846153846153973
92.10000000000001,24.102624396814683,24.101019469606896,24.0,1.0,0.8724795927390444,0.2884615384615404,0.028846153846153973
92.2,24.101019469606896,24.099419549422056,24.0,1.0,0.8723080352837413,0.2884615384615404,0.028846153846153973
92.30000000000001,24.099419549422056,24.09782492923104,24.0,1.0,0.8721333070076008,0.2884615384615404,0.028846153846153973
92.4,24.09782492923104,24.09623589627259,24.0,1.0,0.8719555077098979,0.2884615384615404,0.028846153846153973
92.5,24.09623589627259,24.094652732073257,24.0,1.0,0.8717747363649767,0.2884615384615404,0.028846153846153973
92.60000000000001,24.094652732073257,24.093075712466767,24.0,1.0,0.8715910911115347,0.2884615384615404,0.028846153846153973
92.7,24.093075712466767,24.091505107612697,24.0,1.0,0.8714046692417782,0.2884615384615404,0.028846153846153973
92.80000000000001,24.091505107612697,24.089941182014506,24.0,1.0,0.8712155671904485,0.2884615384615404,0.028846153846153973
92.9,24.089941182014506,24.088384194536932,24.0,1.0,0.8710238805237045,0.2884615384615404,0.028846153846153973
93.0,24.088384194536932,24.0868343984227,24.0,1.0,0.8708297039278761,0.2884615384615404,0.028846153846153973
93.10000000000001,24.0868343984227,24.085292041308584,24.0,1.0,0.8706331311980667,0.2884615384615404,0.028846153846153973
93.2,24.085292041308584,24.083757365240825,24.0,1.0,0.870434255226616,0.2884615384615404,0.028846153846153973
93.30000000000001,24.083757365240825,24.082230606689834,24.0,1.0,0.8702331679914186,0.2884615384615404,0.028846153846153973
93.4,24.082230606689834,24.080711996564265,24.0,1.0,0.8700299605440841,0.2884615384615404,0.028846153846153973
93.5,24.080711996564265,24.07920176022439,24.0,1.0,0.8698247229979517,0.2884615384615404,0.028846153846153973
93.60000000000001,24.07920176022439,24.0777001174948,24.0,1.0,0.8696175445159426,0.2884615384615404,0.028846153846153973
93.7,24.0777001174948,24.07620728267641,24.0,1.0,0.8694085132982575,0.2884615384615404,0.028846153846153973
93.80000000000001,24.07620728267641,24.0747234645578,24.0,1.0,0.8691977165699041,0.2884615384615404,0.028846153846153973
93.9,24.0747234645578,24.07324886642582,24.0,1.0,0.8689852405680676,0.2884615384615404,0.028846153846153973
94.0,24.07324886642582,24.07297738620942,24.0,1.0,0.8687711705293023,0.2884615384615404,0.028846153846153973
94.10000000000001,24.07297738620942,24.072713974646494,24.0,1.0,0.868903370619406,0.2884615384615404,0.028846153846153973
94.2,24.072713974646494,24.07245872202524,24.0,1.0,0.8690371383646575,0.2884615384615404,0.028846153846153973
94.30000000000001,24.07245872202524,24.072211714169047,24.0,1.0,0.8691725233451375,0.2884615384615404,0.028846153846153973
94.4,24.072211714169047,24.071973032491254,24.0,1.0,0.8693095741005697,0.2884615384615404,0.028846153846153973
94.5,24.071973032491254,24.07174275405005,24.0,1.0,0.8694483381333927,0.2884615384615404,0.028846153846153973
94.60000000000001,24.07174275405005,24.071520951603542,24.0,1.0,0.8695888619120358,0.2884615384615404,0.028846153846153973
94.7,24.071520951603542,24.071307693664988,24.0,1.0,0.8697311908743997,0.2884615384615404,0.028846153846153973
94.80000000000001,24.071307693664988,24.071103044558164,24.0,1.0,0.8698753694315425,0.2884615384615404,0.028846153846153973
94.9,24.071103044558164,24.07090706447293,24.0,1.0,0.870021440971569,0.2884615384615404,0.028846153846153973
95.0,24.07090706447293,24.070719809520945,24.0,1.0,0.8701694478637311,0.2884615384615404,0.028846153846153973
95.10000000000001,24.070719809520945,24.07054133179157,24.0,1.0,0.870319431462738,0.2884615384615404,0.028846153846153973
95.2,24.07054133179157,24.07037167940795,24.0,1.0,0.8704714321132788,0.2884615384615404,0.028846153846153973
95.30000000000001,24.07037167940795,24.070210896583276,24.0,1.0,0.8706254891547569,0.2884615384615404,0.028846153846153973
95.4,24.070210896583276,24.070059023677263,24.0,1.0,0.8707816409262455,0.2884615384615404,0.028846153846153973
95.5,24.070059023677263,24.069916097252783,24.0,1.0,0.8709399247716569,0.2884615384615404,0.028846153846153973
95.60000000000001,24.069916097252783,24.06978215013274,24.0,1.0,0.8711003770451321,0.2884615384615404,0.028846153846153973
95.7,24.06978215013274,24.069657211457123,24.0,1.0,0.8712630331166561,0.2884615384615404,0.028846153846153973
95.80000000000001,24.069657211457123,24.0695413067403,24.0,1.0,0.8714279273778934,0.2884615384615404,0.028846153846153973
95.9,24.0695413067403,24.06943445792851,24.0,1.0,0.8715950932482535,0.2884615384615404,0.028846153846153973
96.0,24.06943445792851,24.069336683457568,24.0,1.0,0.8717645631811839,0.2884615384615404,0.028846153846153973
96.10000000000001,24.069336683457568,24.069234121833233,24.0,1.0,0.8719363686706939,0.2884615384615404,0.028846153846153973
96.2,24.069234121833233,24.069126734381832,24.0,1.0,0.8721064973997317,0.2884615384615404,0.028846153846153973
96.30000000000001,24.069126734381832,24.069014480644324,24.0,1.0,0.8722749242917753,0.2884615384615404,0.028846153846153973
96.4,24.069014480644324,24.06889731842671,24.0,1.0,0.8724416236385832,0.2884615384615404,0.028846153846153973
96.5,24.06889731842671,24.068775203850088,24.0,1.0,0.8726065691097334,0.2884615384615404,0.028846153846153973
96.60000000000001,24.068775203850088,24.0686480914003,24.0,1.0,0.8727697337621982,0.2884615384615404,0.028846153846153973
96.7,24.0686480914003,24.068515933977206,24.0,1.0,0.8729310900499523,0.2884615384615404,0.028846153846153973
96.80000000000001,24.068515933977206,24.06837868294358,24.0,1.0,0.87309060983361,0.2884615384615404,0.028846153846153973
96.9,24.06837868294358,24.068236288173583,24.0,1.0,0.873248264390094,0.2884615384615404,0.028846153846153973
97.0,24.068236288173583,24.068088698100826,24.0,1.0,0.8734040244223259,0.2884615384615404,0.028846153846153973
97.10000000000001,24.068088698100826,24.067935859766063,24.0,1.0,0.8735578600689369,0.2884615384615404,0.028846153846153973
97.2,24.067935859766063,24.067777718864416,24.0,1.0,0.8737097409140034,0.2884615384615404,0.028846153846153973
97.30000000000001,24.067777718864416,24.06761421979221,24.0,1.0,0.8738596359967911,0.2884615384615404,0.028846153846153973
97.4,24.06761421979221,24.067445305693347,24.0,1.0,0.8740075138215162,0.2884615384615404,0.028846153846153973
97.5,24.067445305693347,24.06727091850529,24.0,1.0,0.8741533423671141,0.2884615384615404,0.028846153846153973
97.60000000000001,24.06727091850529,24.06709099900454,24.0,1.0,0.8742970890970168,0.2884615384615404,0.028846153846153973
97.7,24.06709099900454,24.066905486851716,24.0,1.0,0.8744387209689293,0.2884615384615404,0.028846153846153973
97.80000000000001,24.066905486851716,24.066714320636144,24.0,1.0,0.8745782044446095,0.2884615384615404,0.028846153846153973
97.9,24.066714320636144,24.066517437919995,24.0,1.0,0.8747155054996449,0.2884615384615404,0.028846153846153973
98.0,24.066517437919995,24.066314775281956,24.0,1.0,0.8748505896332172,0.2884615384615404,0.028846153846153973
98.10000000000001,24.066314775281956,24.06610626836041,24.0,1.0,0.8749834218778655,0.2884615384615404,0.028846153846153973
98.2,24.06610626836041,24.065892013206867,24.0,1.0,0.8751139668092286,0.2884615384615404,0.028846153846153973
98.30000000000001,24.065892013206867,24.06567210639433,24.0,1.0,0.8752422355530337,0.2884615384615404,0.028846153846153973
98.4,24.06567210639433,24.065446645039913,24.0,1.0,0.8753682396640167,0.2884615384615404,0.028846153846153973
98.5,24.065446645039913,24.065215726826935,24.0,1.0,0.8754919911340112,0.2884615384615404,0.028846153846153973
98.60000000000001,24.065215726826935,24.064979450026556,24.0,1.0,0.8756135023999607,0.2884615384615404,0.028846153846153973
98.7,24.064979450026556,24.064737913518893,24.0,1.0,0.875732786351851,0.2884615384615404,0.028846153846153973
98.80000000000001,24.064737913518893,24.064491216813668,24.0,1.0,0.8758498563405606,0.2884615384615404,0.028846153846153973
98.9,24.064491216813668,24.064239460070347,24.0,1.0,0.8759647261856311,0.2884615384615404,0.028846153846153973
99.0,24.064239460070347,24.06398274411781,24.0,1.0,0.8760774101829529,0.2884615384615404,0.028846153846153973
99.10000000000001,24.06398274411781,24.063721170473517,24.0,1.0,0.8761879231123683,0.2884615384615404,0.028846153846153973
99.2,24.063721170473517,24.06345484136222,24.0,1.0,0.8762962802451886,0.2884615384615404,0.028846153846153973
99.30000000000001,24.06345484136222,24.063183859734153,24.0,1.0,0.8764024973516282,0.2884615384615404,0.028846153846153973
99.4,24.063183859734153,24.06290832928277,24.0,1.0,0.87650659070815,0.2884615384615404,0.028846153846153973
99.5,24.06290832928277,24.062628354462003,24.0,1.0,0.8766085771047206,0.2884615384615404,0.028846153846153973
99.60000000000001,24.062628354462003,24.06234404050303,24.0,1.0,0.8767084738519859,0.2884615384615404,0.028846153846153973
99.7,24.06234404050303,24.06205549343058,24.0,1.0,0.876806298788349,0.2884615384615404,0.028846153846153973
99.80000000000001,24.06205549343058,24.06176282007876,24.0,1.0,0.876902070286961,0.2884615384615404,0.028846153846153973
99.9,24.06176282007876,24.061466128106417,24.0,1.0,0.876995807262624,0.2884615384615404,0.028846153846153973
100.0,24.061466128106417,24.061165526012047,24.0,1.0,0.8770875291786019,0.2884615384615404,0.028846153846153973
100.10000000000001,24.061165526012047,24.060861123148204,24.0,1.0,0.8771772560533375,0.2884615384615404,0.028846153846153973
100.2,24.060861123148204,24.060553029735487,24.0,1.0,0.8772650084670794,0.2884615384615404,0.028846153846153973
100.30000000000001,24.060553029735487,24.060241355000848,24.0,1.0,0.8773508075684175,0.2884615384615404,0.028846153846153973
100.4,24.060241355000848,24.05992620716543,24.0,1.0,0.8774346745343894,0.2884615384615404,0.028846153846153973
100.5,24.05992620716543,24.059607693432145,24.0,1.0,0.8775166305640727,0.2884615384615404,0.028846153846153973
100.60000000000001,24.059607693432145,24.059285919972996,24.0,1.0,0.8775966968720643,0.2884615384615404,0.028846153846153973
100.7,24.059285919972996,24.058960991916134,24.0,1.0,0.8776748946818475,0.2884615384615404,0.028846153846153973
100.80000000000001,24.058960991916134,24.058633013332678,24.0,1.0,0.877751245219049,0.2884615384615404,0.028846153846153973
100.9,24.058633013332678,24.058302087223293,24.0,1.0,0.8778257697045885,0.2884615384615404,0.028846153846153973
101.0,24.058302087223293,24.057968315504514,24.0,1.0,0.8778984893477177,0.2884615384615404,0.028846153846153973
101.10000000000001,24.057968315504514,24.057631798994848,24.0,1.0,0.8779694253389484,0.2884615384615404,0.028846153846153973
101.2,24.057631798994848,24.05729263740064,24.0,1.0,0.8780385988428759,0.2884615384615404,0.028846153846153973
101.30000000000001,24.05729263740064,24.05695092930171,24.0,1.0,0.8781060309908946,0.2884615384615404,0.028846153846153973
101.4,24.05695092930171,24.05660677213678,24.0,1.0,0.8781717428738045,0.2884615384615404,0.028846153846153973
101.5,24.05660677213678,24.056260262188676,24.0,1.0,0.8782357555343159,0.2884615384615404,0.028846153846153973
101.60000000000001,24.056260262188676,24.0559114945693,24.0,1.0,0.8782980899594451,0.2884615384615404,0.028846153846153973
101.7,24.0559114945693,24.05556056320444,24.0,1.0,0.8783587670728062,0.2884615384615404,0.028846153846153973
101.80000000000001,24.05556056320444,24.055207560818328,24.0,1.0,0.8784178077268017,0.2884615384615404,0.028846153846153973
101.9,24.055207560818328,24.054852578918027,24.0,1.0,0.8784752326947065,0.2884615384615404,0.028846153846153973
102.0,24.054852578918027,24.054495707777626,24.0,1.0,0.8785310626626524,0.2884615384615404,0.028846153846153973
102.10000000000001,24.054495707777626,24.054137036422226,24.0,1.0,0.8785853182215106,0.2884615384615404,0.028846153846153973
102.2,24.054137036422226,24.053776652611756,24.0,1.0,0.8786380198586708,0.2884615384615404,0.028846153846153973
102.30000000000001,24.053776652611756,24.053414642824613,24.0,1.0,0.8786891879497231,0.2884615384615404,0.028846153846153973
102.4,24.053414642824613,24.053051092262915,24.0,1.0,0.8787388427500413,0.2884615384615404,0.028846153846153973
102.5,24.053051092262915,24.05268608485798,24.0,1.0,0.8787870043926178,0.2884615384615404,0.028846153846153973
102.60000000000001,24.05268608485798,24.05231970327606,24.0,1.0,0.8788336928859771,0.2884615384615404,0.028846153846153973
102.7,24.05231970327606,24.051952028924273,24.0,1.0,0.8788789281121804,0.2884615384615404,0.028846153846153973
102.80000000000001,24.051952028924273,24.051583141956822,24.0,1.0,0.8789227298249083,0.2884615384615404,0.028846153846153973
102.9,24.051583141956822,24.051213121281418,24.0,1.0,0.8789651176476345,0.2884615384615404,0.028846153846153973
103.0,24.051213121281418,24.050842044565968,24.0,1.0,0.8790061110718872,0.2884615384615404,0.028846153846153973
103.10000000000001,24.050842044565968,24.0504699882455,24.0,1.0,0.8790457294556018,0.2884615384615404,0.028846153846153973
103.2,24.0504699882455,24.050097027529347,24.0,1.0,0.8790839920215593,0.2884615384615404,0.028846153846153973
103.30000000000001,24.050097027529347,24.049723236408596,24.0,1.0,0.8791209178559269,0.2884615384615404,0.028846153846153973
103.4,24.049723236408596,24.049348687663773,24.0,1.0,0.879156525906889,0.2884615384615404,0.028846153846153973
103.5,24.049348687663773,24.048973452872797,24.0,1.0,0.879190834983374,0.2884615384615404,0.028846153846153973
103.60000000000001,24.048973452872797,24.04859760241921,24.0,1.0,0.8792238637538794,0.2884615384615404,0.028846153846153973
103.7,24.04859760241921,24.04822120550066,24.0,1.0,0.8792556307454003,0.2884615384615404,0.028846153846153973
103.80000000000001,24.04822120550066,24.04784433013765,24.0,1.0,0.8792861543424548,0.2884615384615404,0.028846153846153973
103.9,24.04784433013765,24.047467043182575,24.0,1.0,0.8793154527862145,0.2884615384615404,0.028846153846153973
104.0,24.047467043182575,24.047089410329026,24.0,1.0,0.8793435441737387,0.2884615384615404,0.028846153846153973
104.10000000000001,24.047089410329026,24.04671149612136,24.0,1.0,0.8793704464573179,0.2884615384615404,0.028846153846153973
104.2,24.04671149612136,24.046333363964575,24.0,1.0,0.8793961774439186,0.2884615384615404,0.028846153846153973
104.30000000000001,24.046333363964575,24.045955076134437,24.0,1.0,0.8794207547947434,0.2884615384615404,0.028846153846153973
104.4,24.045955076134437,24.045576693787925,24.0,1.0,0.8794441960248991,0.2884615384615404,0.028846153846153973
104.5,24.045576693787925,24.045198276973686,24.0,1.0,0.8794665185031783,0.2884615384615404,0.028846153846153973
104.60000000000001,24.045198276973686,24.044819884642525,24.0,1.0,0.8794877394518794,0.2884615384615404,0.028846153846153973
104.7,24.044819884642525,24.04444157465793,24.0,1.0,0.8795078759466672,0.2884615384615404,0.028846153846153973
104.80000000000001,24.04444157465793,24.04406340380663,24.0,1.0,0.8795269449164708,0.2884615384615404,0.028846153846153973
104.9,24.04406340380663,24.043685427809134,24.0,1.0,0.8795449631434218,0.2884615384615404,0.028846153846153973
105.0,24.043685427809134,24.04330770133034,24.0,1.0,0.8795619472628248,0.2884615384615404,0.028846153846153973
105.10000000000001,24.04330770133034,24.042930277990113,24.0,1.0,0.8795779137631635,0.2884615384615404,0.028846153846153973
105.2,24.042930277990113,24.042553210373896,24.0,1.0,0.8795928789861469,0.2884615384615404,0.028846153846153973
105.30000000000001,24.042553210373896,24.042176550043326,24.0,1.0,0.8796068591267783,0.2884615384615404,0.028846153846153973
105.4,24.042176550043326,24.04180034754683,24.0,1.0,0.8796198702334697,0.2884615384615404,0.028846153846153973
105.5,24.04180034754683,24.041424652430248,24.0,1.0,0.8796319282081728,0.2884615384615404,0.028846153846153973
105.60000000000001,24.041424652430248,24.041049513247437,24.0,1.0,0.8796430488065539,0.2884615384615404,0.028846153846153973
105.7,24.041049513247437,24.04067497757086,24.0,1.0,0.8796532476381875,0.2884615384615404,0.028846153846153973
105.80000000000001,24.04067497757086,24.040301092002156,24.0,1.0,0.879662540166783,0.2884615384615404,0.028846153846153973
105.9,24.040301092002156,24.039927902182725,24.0,1.0,0.8796709417104327,0.2884615384615404,0.028846153846153973
106.0,24.039927902182725,24.039555452804244,24.0,1.0,0.8796784674418932,0.2884615384615404,0.028846153846153973
106.10000000000001,24.039555452804244,24.039183787619194,24.0,1.0,0.8796851323888819,0.2884615384615404,0.028846153846153973
106.2,24.039183787619194,24.03881294945134,24.0,1.0,0.8796909514344038,0.2884615384615404,0.028846153846153973
106.30000000000001,24.03881294945134,24.038442980206177,24.0,1.0,0.8796959393170941,0.2884615384615404,0.028846153846153973
106.4,24.038442980206177,24.038073920881335,24.0,1.0,0.879700110631584,0.2884615384615404,0.028846153846153973
106.5,24.038073920881335,24.037705811576956,24.0,1.0,0.8797034798288832,0.2884615384615404,0.028846153846153973
106.60000000000001,24.037705811576956,24.037338691506005,24.0,1.0,0.8797060612167844,0.2884615384615404,0.028846153846153973
106.7,24.037338691506005,24.036972599004553,24.0,1.0,0.8797078689602773,0.2884615384615404,0.028846153846153973
106.80000000000001,24.036972599004553,24.036607571542003,24.0,1.0,0.8797089170819871,0.2884615384615404,0.028846153846153973
106.9,24.036607571542003,24.03624364573126,24.0,1.0,0.8797092194626227,0.2884615384615404,0.028846153846153973
107.0,24.03624364573126,24.03588085733888,24.0,1.0,0.8797087898414412,0.2884615384615404,0.028846153846153973
107.10000000000001,24.03588085733888,24.035519241295138,24.0,1.0,0.8797076418167322,0.2884615384615404,0.028846153846153973
107.2,24.035519241295138,24.035158831704045,24.0,1.0,0.8797057888463113,0.2884615384615404,0.028846153846153973
107.30000000000001,24.035158831704045,24.034799661853352,24.0,1.0,0.8797032442480271,0.2884615384615404,0.028846153846153973
107.4,24.034799661853352,24.03444176422444,24.0,1.0,0.8797000212002888,0.2884615384615404,0.028846153846153973
107.5,24.03444176422444,24.0340851705022,24.0,1.0,0.8796961327425961,0.2884615384615404,0.028846153846153973
107.60000000000001,24.0340851705022,24.033729911584842,24.0,1.0,0.8796915917760905,0.2884615384615404,0.028846153846153973
107.7,24.033729911584842,24.033376017593646,24.0,1.0,0.8796864110641173,0.2884615384615404,0.028846153846153973
107.80000000000001,24.033376017593646,24.033023517882658,24.0,1.0,0.8796806032327923,0.2884615384615404,0.028846153846153973
107.9,24.033023517882658,24.032672441048323,24.0,1.0,0.8796741807715918,0.2884615384615404,0.028846153846153973
108.0,24.032672441048323,24.032322814939068,24.0,1.0,0.8796671560339423,0.2884615384615404,0.028846153846153973
108.10000000000001,24.032322814939068,24.031974666664812,24.0,1.0,0.8796595412378276,0.2884615384615404,0.028846153846153973
108.2,24.031974666664812,24.031628022606434,24.0,1.0,0.8796513484664022,0.2884615384615404,0.028846153846153973
108.30000000000001,24.031628022606434,24.03128290842516,24.0,1.0,0.8796425896686193,0.2884615384615404,0.028846153846153973
108.4,24.03128290842516,24.0309393490719,24.0,1.0,0.8796332766598625,0.2884615384615404,0.028846153846153973
108.5,24.0309393490719,24.03059736879653,24.0,1.0,0.8796234211225916,0.2884615384615404,0.028846153846153973
108.60000000000001,24.03059736879653,24.030256991157096,24.0,1.0,0.8796130346069944,0.2884615384615404,0.028846153846153973
108.7,24.030256991157096,24.02991823902895,24.0,1.0,0.8796021285316488,0.2884615384615404,0.028846153846153973
108.80000000000001,24.02991823902895,24.029581134613867,24.0,1.0,0.8795907141841908,0.2884615384615404,0.028846153846153973
108.9,24.029581134613867,24.029245699449028,24.0,1.0,0.8795788027219947,0.2884615384615404,0.028846153846153973
109.0,24.029245699449028,24.02891195441601,24.0,1.0,0.8795664051728557,0.2884615384615404,0.028846153846153973
109.10000000000001,24.02891195441601,24.028579919749664,24.0,1.0,0.8795535324356851,0.2884615384615404,0.028846153846153973
109.2,24.028579919749664,24.028249615046953,24.0,1.0,0.8795401952812093,0.2884615384615404,0.028846153846153973
109.30000000000001,24.028249615046953,24.027921059275716,24.0,1.0,0.8795264043526781,0.2884615384615404,0.028846153846153973
109.4,24.027921059275716,24.027594270783364,24.0,1.0,0.8795121701665783,0.2884615384615404,0.028846153846153973
109.5,24.027594270783364,24.027269267305527,24.0,1.0,0.879497503113352,0.2884615384615404,0.028846153846153973
109.60000000000001,24.027269267305527,24.02694606597462,24.0,1.0,0.8794824134581265,0.2884615384615404,0.028846153846153973
109.7,24.02694606597462,24.026624683328343,24.0,1.0,0.8794669113414454,0.2884615384615404,0.028846153846153973
109.80000000000001,24.026624683328343,24.02630513531814,24.0,1.0,0.879451006780005,0.2884615384615404,0.028846153846153973
109.9,24.02630513531814,24.025987437317557,24.0,1.0,0.8794347096674024,0.2884615384615404,0.028846153846153973
110.0,24.025987437317557,24.025671604130565,24.0,1.0,0.8794180297748811,0.2884615384615404,0.028846153846153973
110.10000000000001,24.025671604130565,24.025357649999798,24.0,1.0,0.8794009767520871,0.2884615384615404,0.028846153846153973
110.2,24.025357649999798,24.025045588614734,24.0,1.0,0.8793835601278266,0.2884615384615404,0.028846153846153973
110.30000000000001,24.025045588614734,24.02473543311981,24.0,1.0,0.8793657893108315,0.2884615384615404,0.028846153846153973
110.4,24.02473543311981,24.02442719612247,24.0,1.0,0.8793476735905265,0.2884615384615404,0.028846153846153973
110.5,24.02442719612247,24.024120889701145,24.0,1.0,0.8793292221378005,0.2884615384615404,0.028846153846153973
110.60000000000001,24.024120889701145,24.02381652541317,24.0,1.0,0.8793104440057868,0.2884615384615404,0.028846153846153973
110.7,24.02381652541317,24.02351411430264,24.0,1.0,0.87929134813064,0.2884615384615404,0.028846153846153973
110.80000000000001,24.02351411430264,24.023213666908177,24.0,1.0,0.8792719433323212,0.2884615384615404,0.028846153846153973
110.9,24.023213666908177,24.02291519327067,24.0,1.0,0.8792522383153846,0.2884615384615404,0.028846153846153973
111.0,24.02291519327067,24.022618702940914,24.0,1.0,0.8792322416697691,0.2884615384615404,0.028846153846153973
111.10000000000001,24.022618702940914,24.022324204987203,24.0,1.0,0.879211961871592,0.2884615384615404,0.028846153846153973
111.2,24.022324204987203,24.02203170800285,24.0,1.0,0.8791914072839463,0.2884615384615404,0.028846153846153973
111.30000000000001,24.02203170800285,24.021741220113633,24.0,1.0,0.8791705861576986,0.2884615384615404,0.028846153846153973
111.4,24.021741220113633,24.021452748985205,24.0,1.0,0.8791495066322907,0.2884615384615404,0.028846153846153973
111.5,24.021452748985205,24.021166301830394,24.0,1.0,0.8791281767365478,0.2884615384615404,0.028846153846153973
111.60000000000001,24.021166301830394,24.020881885416486,24.0,1.0,0.8791066043894787,0.2884615384615404,0.028846153846153973
111.7,24.020881885416486,24.020599506072397,24.0,1.0,0.8790847974010911,0.2884615384615404,0.028846153846153973
111.80000000000001,24.020599506072397,24.02031916969581,24.0,1.0,0.8790627634731975,0.2884615384615404,0.028846153846153973
111.9,24.02031916969581,24.02004088176024,24.0,1.0,0.8790405102002276,0.2884615384615404,0.028846153846153973
112.0,24.02004088176024,24.019764647322027,24.0,1.0,0.879018045070045,0.2884615384615404,0.028846153846153973
112.10000000000001,24.019764647322027,24.01949047102727,24.0,1.0,0.8789953754647583,0.2884615384615404,0.028846153846153973
112.2,24.01949047102727,24.019218357118696,24.0,1.0,0.878972508661542,0.2884615384615404,0.028846153846153973
112.30000000000001,24.019218357118696,24.018948309442457,24.0,1.0,0.878949451833449,0.2884615384615404,0.028846153846153973
112.4,24.018948309442457,24.01868033145488,24.0,1.0,0.8789262120502335,0.2884615384615404,0.028846153846153973
112.5,24.01868033145488,24.01841442622913,24.0,1.0,0.8789027962791678,0.2884615384615404,0.028846153846153973
112.60000000000001,24.01841442622913,24.018150596461815,24.0,1.0,0.8788792113858616,0.2884615384615404,0.028846153846153973
112.7,24.018150596461815,24.017888844479554,24.0,1.0,0.8788554641350842,0.2884615384615404,0.028846153846153973
112.80000000000001,24.017888844479554,24.01762917224543,24.0,1.0,0.8788315611915843,0.2884615384615404,0.028846153846153973
112.9,24.01762917224543,24.01737158136544,24.0,1.0,0.878807509120911,0.2884615384615404,0.028846153846153973
113.0,24.01737158136544,24.017116073094805,24.0,1.0,0.8787833143902363,0.2884615384615404,0.028846153846153973
113.10000000000001,24.017116073094805,24.01686264834431,24.0,1.0,0.8787589833691731,0.2884615384615404,0.028846153846153973
113.2,24.01686264834431,24.016611307686503,24.0,1.0,0.8787345223306009,0.2884615384615404,0.028846153846153973
113.30000000000001,24.016611307686503,24.01636205136186,24.0,1.0,0.8787099374514827,0.2884615384615404,0.028846153846153973
113.4,24.01636205136186,24.016114879284892,24.0,1.0,0.8786852348136871,0.2884615384615404,0.028846153846153973
113.5,24.016114879284892,24.015869791050193,24.0,1.0,0.8786604204048067,0.2884615384615404,0.028846153846153973
113.60000000000001,24.015869791050193,24.0156267859384,24.0,1.0,0.8786355001189806,0.2884615384615404,0.028846153846153973
113.7,24.0156267859384,24.01538586292213,24.0,1.0,0.8786104797577092,0.2884615384615404,0.028846153846153973
113.80000000000001,24.01538586292213,24.015147020671805,24.0,1.0,0.8785853650306756,0.2884615384615404,0.028846153846153973
113.9,24.015147020671805,24.014910257561468,24.0,1.0,0.878560161556558,0.2884615384615404,0.028846153846153973
114.0,24.014910257561468,24.014675571674506,24.0,1.0,0.8785348748638497,0.2884615384615404,0.028846153846153973
114.10000000000001,24.014675571674506,24.014442960809312,24.0,1.0,0.8785095103916717,0.2884615384615404,0.028846153846153973
114.2,24.014442960809312,24.014212422484903,24.0,1.0,0.878484073490585,0.2884615384615404,0.028846153846153973
114.30000000000001,24.014212422484903,24.01398395394646,24.0,1.0,0.8784585694234042,0.2884615384615404,0.028846153846153973
114.4,24.01398395394646,24.01375755217083,24.0,1.0,0.8784330033660069,0.2884615384615404,0.028846153846153973
114.5,24.01375755217083,24.013533213871927,24.0,1.0,0.8784073804081446,0.2884615384615404,0.028846153846153973
114.60000000000001,24.013533213871927,24.013310935506126,24.0,1.0,0.8783817055542456,0.2884615384615404,0.028846153846153973
114.7,24.013310935506126,24.01309071327756,24.0,1.0,0.8783559837242246,0.2884615384615404,0.028846153846153973
114.80000000000001,24.01309071327756,24.012872543143366,24.0,1.0,0.8783302197542848,0.2884615384615404,0.028846153846153973
114.9,24.012872543143366,24.012656420818878,24.0,1.0,0.8783044183977196,0.2884615384615404,0.028846153846153973
115.0,24.012656420818878,24.012442341782762,24.0,1.0,0.87827858432571,0.2884615384615404,0.028846153846153973
115.10000000000001,24.012442341782762,24.012230301282084,24.0,1.0,0.8782527221281269,0.2884615384615404,0.028846153846153973
115.2,24.012230301282084,24.012020294337326,24.0,1.0,0.878226836314322,0.2884615384615404,0.028846153846153973
115.30000000000001,24.012020294337326,24.011812315747342,24.0,1.0,0.8782009313139223,0.2884615384615404,0.028846153846153973
115.4,24.011812315747342,24.011606360094266,24.0,1.0,0.8781750114776212,0.2884615384615404,0.028846153846153973
115.5,24.011606360094266,24.01140242174834,24.0,1.0,0.8781490810779674,0.2884615384615404,0.028846153846153973
115.60000000000001,24.01140242174834,24.01120049487271,24.0,1.0,0.8781231443101473,0.2884615384615404,0.028846153846153973
115.7,24.01120049487271,24.011000573428152,24.0,1.0,0.8780972052927717,0.2884615384615404,0.028846153846153973
115.80000000000001,24.011000573428152,24.010802651177748,24.0,1.0,0.8780712680686533,0.2884615384615404,0.028846153846153973
115.9,24.010802651177748,24.0106067216915,24.0,1.0,0.878045336605588,0.2884615384615404,0.028846153846153973
116.0,24.0106067216915,24.010412778350886,24.0,1.0,0.8780194147971262,0.2884615384615404,0.028846153846153973
116.10000000000001,24.010412778350886,24.010220814353385,24.0,1.0,0.8779935064633463,0.2884615384615404,0.028846153846153973
116.2,24.010220814353385,24.010030822716903,24.0,1.0,0.8779676153516249,0.2884615384615404,0.028846153846153973
116.30000000000001,24.010030822716903,24.009842796284186,24.0,1.0,0.8779417451374,0.2884615384615404,0.028846153846153973
116.4,24.009842796284186,24.00965672772716,24.0,1.0,0.877915899424936,0.2884615384615404,0.028846153846153973
116.5,24.00965672772716,24.00947260955122,24.0,1.0,0.8778900817480843,0.2884615384615404,0.028846153846153973
116.60000000000001,24.00947260955122,24.009290434099455,24.0,1.0,0.8778642955710375,0.2884615384615404,0.028846153846153973
116.7,24.009290434099455,24.009110193556847,24.0,1.0,0.8778385442890844,0.2884615384615404,0.028846153846153973
116.80000000000001,24.009110193556847,24.008931879954385,24.0,1.0,0.8778128312293614,0.2884615384615404,0.028846153846153973
116.9,24.008931879954385,24.008755485173147,24.0,1.0,0.8777871596515967,0.2884615384615404,0.028846153846153973
117.0,24.008755485173147,24.008581000948322,24.0,1.0,0.8777615327488543,0.2884615384615404,0.028846153846153973
117.10000000000001,24.008581000948322,24.008408418873188,24.0,1.0,0.877735953648275,0.2884615384615404,0.028846153846153973
117.2,24.008408418873188,24.008237730403025,24.0,1.0,0.8777104254118129,0.2884615384615404,0.028846153846153973
117.30000000000001,24.008237730403025,24.008068926858986,24.0,1.0,0.8776849510369668,0.2884615384615404,0.028846153846153973
117.4,24.008068926858986,24.00790199943192,24.0,1.0,0.8776595334575102,0.2884615384615404,0.028846153846153973
117.5,24.00790199943192,24.00773693918613,24.0,1.0,0.8776341755442177,0.2884615384615404,0.028846153846153973
117.60000000000001,24.00773693918613,24.007573737063105,24.0,1.0,0.877608880105585,0.2884615384615404,0.028846153846153973
117.7,24.007573737063105,24.007412383885175,24.0,1.0,0.8775836498885479,0.2884615384615404,0.028846153846153973
117.80000000000001,24.007412383885175,24.00725287035914,24.0,1.0,0.8775584875791984,0.2884615384615404,0.028846153846153973
117.9,24.00725287035914,24.007095187079823,24.0,1.0,0.8775333958034932,0.2884615384615404,0.028846153846153973
118.0,24.007095187079823,24.00693932453362,24.0,1.0,0.8775083771279593,0.2884615384615404,0.028846153846153973
118.10000000000001,24.00693932453362,24.006785273101936,24.0,1.0,0.8774834340604011,0.2884615384615404,0.028846153846153973
118.2,24.006785273101936,24.00663302306464,24.0,1.0,0.8774585690505945,0.2884615384615404,0.028846153846153973
118.30000000000001,24.00663302306464,24.00648256460343,24.0,1.0,0.8774337844909841,0.2884615384615404,0.028846153846153973
118.4,24.00648256460343,24.006333887805155,24.0,1.0,0.8774090827173757,0.2884615384615404,0.028846153846153973
118.5,24.006333887805155,24.00618698266511,24.0,1.0,0.8773844660096188,0.2884615384615404,0.028846153846153973
118.60000000000001,24.00618698266511,24.006041839090262,24.0,1.0,0.8773599365922935,0.2884615384615404,0.028846153846153973
118.7,24.006041839090262,24.00589844690245,24.0,1.0,0.8773354966353862,0.2884615384615404,0.028846153846153973
118.80000000000001,24.00589844690245,24.00575679584152,24.0,1.0,0.8773111482549667,0.2884615384615404,0.028846153846153973
118.9,24.00575679584152,24.005616875568432,24.0,1.0,0.8772868935138569,0.2884615384615404,0.028846153846153973
119.0,24.005616875568432,24.005478675668304,24.0,1.0,0.8772627344222979,0.2884615384615404,0.028846153846153973
119.10000000000001,24.005478675668304,24.005342185653422,24.0,1.0,0.8772386729386118,0.2884615384615404,0.028846153846153973
119.2,24.005342185653422,24.005207394966213,24.0,1.0,0.8772147109698577,0.2884615384615404,0.028846153846153973
119.30000000000001,24.005207394966213,24.005074292982158,24.0,1.0,0.8771908503724885,0.2884615384615404,0.028846153846153973
119.4,24.005074292982158,24.00494286901267,24.0,1.0,0.8771670929529981,0.2884615384615404,0.028846153846153973
119.5,24.00494286901267,24.004813112307925,24.0,1.0,0.8771434404685668,0.2884615384615404,0.028846153846153973
119.60000000000001,24.004813112307925,24.004685012059657,24.0,1.0,0.8771198946277019,0.2884615384615404,0.028846153846153973
119.7,24.004685012059657,24.004558557403904,24.0,1.0,0.8770964570908734,0.2884615384615404,0.028846153846153973
119.80000000000001,24.004558557403904,24.004433737423707,24.0,1.0,0.8770731294711481,0.2884615384615404,0.028846153846153973
119.9,24.004433737423707,24.00431054115179,24.0,1.0,0.8770499133348135,0.2884615384615404,0.028846153846153973
